# https://github.com/mikedh/trimesh
v -1.35161400 0.89710420 -65.20767975 0.65098039 0.74117647 0.85882353
v -1.36104143 0.88629776 -65.19950104 0.65098039 0.74117647 0.85882353
v -1.35082293 0.87863344 -65.20647430 0.65098039 0.74117647 0.85882353
v -1.34242344 0.88554507 -65.21643066 0.65098039 0.74117647 0.85882353
v -1.35665870 0.87191778 -65.19966125 0.65098039 0.74117647 0.85882353
v -1.36668527 0.87646872 -65.19454193 0.65098039 0.74117647 0.85882353
v -1.34473228 0.86911768 -65.21442413 0.65098039 0.74117647 0.85882353
v -1.33733463 0.87272924 -65.22518921 0.65098039 0.74117647 0.85882353
v -1.34690535 0.83113229 -65.21853638 0.65098039 0.74117647 0.85882353
v -1.34303868 0.82379788 -65.22634888 0.65098039 0.74117647 0.85882353
v -1.34089255 0.83608240 -65.22729492 0.65098039 0.74117647 0.85882353
v -1.34611952 0.84012347 -65.21947479 0.65098039 0.74117647 0.85882353
v -1.35268450 0.80556589 -65.21617889 0.65098039 0.74117647 0.85882353
v -1.36119080 0.79962850 -65.20709991 0.65098039 0.74117647 0.85882353
v -1.36060166 0.78857064 -65.21413422 0.65098039 0.74117647 0.85882353
v -1.35334420 0.79401171 -65.22428131 0.65098039 0.74117647 0.85882353
v -1.39010799 0.82414621 -65.19023895 0.65098039 0.74117647 0.85882353
v -1.38665128 0.81656438 -65.18991852 0.65098039 0.74117647 0.85882353
v -1.38131309 0.82205933 -65.19183350 0.65098039 0.74117647 0.85882353
v -1.38586938 0.82887757 -65.19257355 0.65098039 0.74117647 0.85882353
v -1.39724040 0.83661276 -65.18688202 0.65098039 0.74117647 0.85882353
v -1.39493763 0.84089154 -65.19127655 0.65098039 0.74117647 0.85882353
v -1.39879835 0.84668642 -65.18731689 0.65098039 0.74117647 0.85882353
v -1.40063858 0.84175670 -65.18184662 0.65098039 0.74117647 0.85882353
v -1.39654970 0.82010037 -65.18933105 0.65098039 0.74117647 0.85882353
v -1.39277565 0.81226778 -65.18930054 0.65098039 0.74117647 0.85882353
v -1.39343488 0.83080786 -65.19020844 0.65098039 0.74117647 0.85882353
v -1.39651155 0.82739621 -65.18721771 0.65098039 0.74117647 0.85882353
v -1.40118265 0.82440007 -65.17595673 0.65098039 0.74117647 0.85882353
v -1.39852011 0.82835084 -65.17829895 0.65098039 0.74117647 0.85882353
v -1.40189016 0.83159584 -65.17206573 0.65098039 0.74117647 0.85882353
v -1.40432143 0.82631725 -65.17151642 0.65098039 0.74117647 0.85882353
v -1.39818835 0.82103187 -65.18459320 0.65098039 0.74117647 0.85882353
v -1.39714122 0.82443714 -65.18250275 0.65098039 0.74117647 0.85882353
v -1.40055490 0.82186455 -65.17964935 0.65098039 0.74117647 0.85882353
v -1.40235579 0.81937063 -65.18242645 0.65098039 0.74117647 0.85882353
v -1.39896262 0.83320445 -65.18329620 0.65098039 0.74117647 0.85882353
v -1.40149379 0.83721095 -65.17700195 0.65098039 0.74117647 0.85882353
v -1.40539861 0.84094232 -65.17079163 0.65098039 0.74117647 0.85882353
v -1.40669549 0.83344728 -65.16566467 0.65098039 0.74117647 0.85882353
v -1.37924552 0.80030650 -65.19259644 0.65098039 0.74117647 0.85882353
v -1.38259709 0.80870795 -65.19039917 0.65098039 0.74117647 0.85882353
v -1.38867104 0.80504018 -65.18936920 0.65098039 0.74117647 0.85882353
v -1.38533509 0.79818791 -65.19062805 0.65098039 0.74117647 0.85882353
v -1.40180397 0.81543773 -65.18498230 0.65098039 0.74117647 0.85882353
v -1.40238917 0.79948550 -65.18170929 0.65098039 0.74117647 0.85882353
v -1.40117919 0.80314320 -65.18231201 0.65098039 0.74117647 0.85882353
v -1.40691340 0.80604225 -65.17900085 0.65098039 0.74117647 0.85882353
v -1.40751266 0.80242676 -65.17867279 0.65098039 0.74117647 0.85882353
v -1.37751007 0.78369242 -65.19789886 0.65098039 0.74117647 0.85882353
v -1.38339901 0.78463489 -65.19397736 0.65098039 0.74117647 0.85882353
v -1.38469553 0.77738911 -65.19511414 0.65098039 0.74117647 0.85882353
v -1.37978637 0.77506608 -65.19991302 0.65098039 0.74117647 0.85882353
v -1.38869262 0.77200800 -65.19525909 0.65098039 0.74117647 0.85882353
v -1.38341856 0.76701033 -65.20170593 0.65098039 0.74117647 0.85882353
v -1.39630449 0.75478417 -65.20001221 0.65098039 0.74117647 0.85882353
v -1.38999307 0.75994915 -65.20081329 0.65098039 0.74117647 0.85882353
v -1.39398074 0.76734680 -65.19425964 0.65098039 0.74117647 0.85882353
v -1.40061116 0.76375061 -65.19075012 0.65098039 0.74117647 0.85882353
v -1.41089189 0.77248651 -65.18377686 0.65098039 0.74117647 0.85882353
v -1.41689515 0.77289683 -65.18133545 0.65098039 0.74117647 0.85882353
v -1.41576266 0.75957292 -65.18132019 0.65098039 0.74117647 0.85882353
v -1.40850973 0.76107466 -65.18537140 0.65098039 0.74117647 0.85882353
v -1.40384936 0.79301149 -65.18481445 0.65098039 0.74117647 0.85882353
v -1.39998567 0.79172343 -65.18733978 0.65098039 0.74117647 0.85882353
v -1.39934623 0.79351318 -65.18522644 0.65098039 0.74117647 0.85882353
v -1.40316653 0.79607874 -65.18252563 0.65098039 0.74117647 0.85882353
v -1.39653432 0.79050702 -65.18898010 0.65098039 0.74117647 0.85882353
v -1.39497137 0.78981209 -65.18957520 0.65098039 0.74117647 0.85882353
v -1.39483666 0.79129833 -65.18856812 0.65098039 0.74117647 0.85882353
v -1.39647675 0.79135287 -65.18850708 0.65098039 0.74117647 0.85882353
v -1.39845693 0.79150259 -65.18798828 0.65098039 0.74117647 0.85882353
v -1.39996147 0.78996271 -65.18740845 0.65098039 0.74117647 0.85882353
v -1.39761341 0.79002762 -65.18843079 0.65098039 0.74117647 0.85882353
v -1.40360940 0.79039782 -65.18465424 0.65098039 0.74117647 0.85882353
v -1.41665995 0.79219967 -65.17749023 0.65098039 0.74117647 0.85882353
v -1.41263413 0.79173517 -65.17845917 0.65098039 0.74117647 0.85882353
v -1.41293859 0.79609036 -65.18040466 0.65098039 0.74117647 0.85882353
v -1.41630101 0.79679692 -65.17955780 0.65098039 0.74117647 0.85882353
v -1.39623511 0.79370886 -65.18718719 0.65098039 0.74117647 0.85882353
v -1.39318538 0.79468369 -65.18788147 0.65098039 0.74117647 0.85882353
v -1.39624894 0.79871482 -65.18530273 0.65098039 0.74117647 0.85882353
v -1.39806545 0.79616034 -65.18532562 0.65098039 0.74117647 0.85882353
v -1.39012134 0.79596776 -65.18847656 0.65098039 0.74117647 0.85882353
v -1.39236283 0.79194015 -65.18937683 0.65098039 0.74117647 0.85882353
v -1.38931167 0.79188865 -65.19010162 0.65098039 0.74117647 0.85882353
v -1.39599705 0.78829700 -65.18938446 0.65098039 0.74117647 0.85882353
v -1.39380026 0.78593451 -65.19054413 0.65098039 0.74117647 0.85882353
v -1.39249063 0.78849363 -65.18986511 0.65098039 0.74117647 0.85882353
v -1.39662540 0.78331786 -65.18971252 0.65098039 0.74117647 0.85882353
v -1.39891613 0.78715819 -65.18829346 0.65098039 0.74117647 0.85882353
v -1.40281010 0.78656381 -65.18546295 0.65098039 0.74117647 0.85882353
v -1.40768301 0.78653044 -65.18188477 0.65098039 0.74117647 0.85882353
v -1.40649164 0.78080851 -65.18405151 0.65098039 0.74117647 0.85882353
v -1.40103567 0.78157657 -65.18730164 0.65098039 0.74117647 0.85882353
v -1.39346015 0.80189580 -65.18685913 0.65098039 0.74117647 0.85882353
v -1.38862514 0.78680223 -65.19169617 0.65098039 0.74117647 0.85882353
v -1.38377023 0.79217988 -65.19268799 0.65098039 0.74117647 0.85882353
v -1.38999605 0.78203779 -65.19203949 0.65098039 0.74117647 0.85882353
v -1.39321995 0.77806872 -65.19172668 0.65098039 0.74117647 0.85882353
v -1.39835858 0.77500588 -65.19022369 0.65098039 0.74117647 0.85882353
v -1.40443623 0.77342111 -65.18682861 0.65098039 0.74117647 0.85882353
v -1.41585827 0.74852628 -65.19158936 0.65098039 0.74117647 0.85882353
v -1.40659583 0.75111073 -65.19506073 0.65098039 0.74117647 0.85882353
v -1.36994827 0.86910325 -65.19589233 0.65098039 0.74117647 0.85882353
v -1.36173761 0.86607343 -65.19771576 0.65098039 0.74117647 0.85882353
v -1.36286819 0.85736281 -65.20095825 0.65098039 0.74117647 0.85882353
v -1.36044121 0.85944146 -65.20149231 0.65098039 0.74117647 0.85882353
v -1.36540675 0.86241347 -65.19898224 0.65098039 0.74117647 0.85882353
v -1.36664808 0.85962564 -65.19929504 0.65098039 0.74117647 0.85882353
v -1.35141027 0.84446245 -65.21437836 0.65098039 0.74117647 0.85882353
v -1.35559464 0.84812194 -65.21025848 0.65098039 0.74117647 0.85882353
v -1.35630524 0.84406263 -65.21121216 0.65098039 0.74117647 0.85882353
v -1.35141635 0.83765113 -65.21385193 0.65098039 0.74117647 0.85882353
v -1.36531413 0.83943731 -65.20363617 0.65098039 0.74117647 0.85882353
v -1.36092710 0.83921999 -65.20690918 0.65098039 0.74117647 0.85882353
v -1.36288536 0.84699017 -65.20527649 0.65098039 0.74117647 0.85882353
v -1.36608768 0.84720141 -65.20294952 0.65098039 0.74117647 0.85882353
v -1.36981952 0.84789336 -65.20122528 0.65098039 0.74117647 0.85882353
v -1.37387586 0.84902281 -65.20025635 0.65098039 0.74117647 0.85882353
v -1.37487173 0.84355158 -65.19998169 0.65098039 0.74117647 0.85882353
v -1.37016368 0.84126949 -65.20134735 0.65098039 0.74117647 0.85882353
v -1.37155151 0.86499250 -65.19876099 0.65098039 0.74117647 0.85882353
v -1.37865484 0.86567253 -65.19898224 0.65098039 0.74117647 0.85882353
v -1.37802768 0.86226088 -65.19932556 0.65098039 0.74117647 0.85882353
v -1.37205112 0.86172193 -65.19846344 0.65098039 0.74117647 0.85882353
v -1.38895583 0.85689807 -65.20330811 0.65098039 0.74117647 0.85882353
v -1.38730645 0.85923839 -65.20262909 0.65098039 0.74117647 0.85882353
v -1.39039111 0.86148137 -65.20176697 0.65098039 0.74117647 0.85882353
v -1.39207304 0.85721844 -65.20194244 0.65098039 0.74117647 0.85882353
v -1.39070690 0.85392338 -65.20102692 0.65098039 0.74117647 0.85882353
v -1.38823223 0.85522544 -65.20236206 0.65098039 0.74117647 0.85882353
v -1.35617852 0.91876382 -65.21475983 0.65098039 0.74117647 0.85882353
v -1.36430287 0.90588421 -65.20368195 0.65098039 0.74117647 0.85882353
v -1.34221780 0.90692174 -65.22401428 0.65098039 0.74117647 0.85882353
v -1.33460319 0.89268100 -65.23218536 0.65098039 0.74117647 0.85882353
v -1.33025753 0.87609887 -65.23831940 0.65098039 0.74117647 0.85882353
v -1.36934149 0.78514248 -65.20493317 0.65098039 0.74117647 0.85882353
v -1.37036836 0.77515894 -65.20913696 0.65098039 0.74117647 0.85882353
v -1.36096668 0.77810478 -65.22149658 0.65098039 0.74117647 0.85882353
v -1.36556399 0.76766557 -65.22399902 0.65098039 0.74117647 0.85882353
v -1.37527990 0.76474071 -65.21109009 0.65098039 0.74117647 0.85882353
v -1.39389706 0.74883670 -65.21152496 0.65098039 0.74117647 0.85882353
v -1.38326252 0.75536865 -65.21139526 0.65098039 0.74117647 0.85882353
v -1.37285507 0.75774413 -65.22707367 0.65098039 0.74117647 0.85882353
v -1.36099350 0.76532811 -65.24298859 0.65098039 0.74117647 0.85882353
v -1.35690928 0.77326697 -65.23737335 0.65098039 0.74117647 0.85882353
v -1.35345888 0.77715468 -65.25717163 0.65098039 0.74117647 0.85882353
v -1.36769044 0.75713432 -65.25125885 0.65098039 0.74117647 0.85882353
v -1.35658884 0.77566367 -65.26507568 0.65098039 0.74117647 0.85882353
v -1.39570439 0.72854394 -65.24327850 0.65098039 0.74117647 0.85882353
v -1.39780831 0.71685487 -65.24408722 0.65098039 0.74117647 0.85882353
v -1.38051224 0.72003967 -65.25074005 0.65098039 0.74117647 0.85882353
v -1.37891436 0.73124862 -65.25173187 0.65098039 0.74117647 0.85882353
v -1.35402489 0.78279239 -65.23177338 0.65098039 0.74117647 0.85882353
v -1.33598328 0.84428316 -65.23487091 0.65098039 0.74117647 0.85882353
v -1.34037089 0.84701210 -65.22537994 0.65098039 0.74117647 0.85882353
v -1.33788764 0.83065087 -65.23705292 0.65098039 0.74117647 0.85882353
v -1.32020569 0.89733928 -65.26535034 0.65098039 0.74117647 0.85882353
v -1.32742846 0.89707613 -65.24816132 0.65098039 0.74117647 0.85882353
v -1.32318687 0.87988776 -65.25109100 0.65098039 0.74117647 0.85882353
v -1.31779003 0.88214546 -65.26683044 0.65098039 0.74117647 0.85882353
v -1.33955884 0.93792176 -65.26531219 0.65098039 0.74117647 0.85882353
v -1.34580684 0.93070775 -65.23819733 0.65098039 0.74117647 0.85882353
v -1.33622587 0.91645080 -65.24272919 0.65098039 0.74117647 0.85882353
v -1.32913828 0.92097372 -65.26453400 0.65098039 0.74117647 0.85882353
v -1.31499410 0.88036698 -65.28052521 0.65098039 0.74117647 0.85882353
v -1.31346965 0.87796360 -65.29879761 0.65098039 0.74117647 0.85882353
v -1.31390154 0.89178032 -65.30859375 0.65098039 0.74117647 0.85882353
v -1.31640673 0.89747304 -65.28667450 0.65098039 0.74117647 0.85882353
v -1.32147098 0.91250223 -65.31988525 0.65098039 0.74117647 0.85882353
v -1.32388580 0.91972709 -65.29384613 0.65098039 0.74117647 0.85882353
v -1.36000836 0.76188666 -65.27050018 0.65098039 0.74117647 0.85882353
v -1.35461879 0.77816910 -65.27764130 0.65098039 0.74117647 0.85882353
v -1.37714720 0.74421930 -65.25095367 0.65098039 0.74117647 0.85882353
v -1.36453271 0.74747038 -65.26502228 0.65098039 0.74117647 0.85882353
v -1.33453214 0.92978472 -65.32915497 0.65098039 0.74117647 0.85882353
v -1.33680999 0.93908840 -65.29855347 0.65098039 0.74117647 0.85882353
v -1.32716823 0.85020214 -65.34274292 0.65098039 0.74117647 0.85882353
v -1.32126832 0.86809117 -65.33862305 0.65098039 0.74117647 0.85882353
v -1.31878448 0.85764760 -65.32002258 0.65098039 0.74117647 0.85882353
v -1.32405543 0.84232920 -65.32633972 0.65098039 0.74117647 0.85882353
v -1.33540010 0.85757631 -65.36045837 0.65098039 0.74117647 0.85882353
v -1.32874870 0.87861979 -65.35505676 0.65098039 0.74117647 0.85882353
v -1.34893358 0.79910773 -65.33213043 0.65098039 0.74117647 0.85882353
v -1.35641158 0.78522593 -65.32312012 0.65098039 0.74117647 0.85882353
v -1.36238456 0.78643239 -65.33648682 0.65098039 0.74117647 0.85882353
v -1.35621142 0.80042386 -65.34731293 0.65098039 0.74117647 0.85882353
v -1.35009813 0.86556602 -65.20556641 0.65098039 0.74117647 0.85882353
v -1.35589850 0.86168301 -65.20136261 0.65098039 0.74117647 0.85882353
v -1.35254157 0.85660177 -65.20599365 0.65098039 0.74117647 0.85882353
v -1.34706664 0.85813266 -65.21170044 0.65098039 0.74117647 0.85882353
v -1.34173238 0.85851866 -65.22071838 0.65098039 0.74117647 0.85882353
v -1.33586586 0.85918218 -65.23220062 0.65098039 0.74117647 0.85882353
v -1.32443786 0.86483401 -65.25482941 0.65098039 0.74117647 0.85882353
v -1.31840599 0.86882037 -65.26949310 0.65098039 0.74117647 0.85882353
v -1.31501639 0.86482614 -65.29360199 0.65098039 0.74117647 0.85882353
v -1.31630659 0.86754459 -65.27975464 0.65098039 0.74117647 0.85882353
v -1.31968927 0.84634477 -65.31004333 0.65098039 0.74117647 0.85882353
v -1.32350230 0.83679038 -65.31399536 0.65098039 0.74117647 0.85882353
v -1.34880948 0.78494614 -65.29394531 0.65098039 0.74117647 0.85882353
v -1.35597491 0.76578826 -65.28738403 0.65098039 0.74117647 0.85882353
v -1.35785592 0.76743275 -65.30141449 0.65098039 0.74117647 0.85882353
v -1.35235512 0.78621835 -65.31003571 0.65098039 0.74117647 0.85882353
v -1.36730969 0.77053666 -65.32601166 0.65098039 0.74117647 0.85882353
v -1.36203170 0.76960546 -65.31393433 0.65098039 0.74117647 0.85882353
v -1.36362433 0.73682022 -65.27673340 0.65098039 0.74117647 0.85882353
v -1.36446691 0.72420561 -65.27502441 0.65098039 0.74117647 0.85882353
v -1.36158931 0.72710574 -65.28957367 0.65098039 0.74117647 0.85882353
v -1.36340797 0.73884624 -65.29135132 0.65098039 0.74117647 0.85882353
v -1.36215591 0.72689468 -65.30226898 0.65098039 0.74117647 0.85882353
v -1.36678576 0.72735047 -65.31321716 0.65098039 0.74117647 0.85882353
v -1.36861551 0.74093372 -65.31600952 0.65098039 0.74117647 0.85882353
v -1.36498809 0.74037802 -65.30501556 0.65098039 0.74117647 0.85882353
v -1.42471278 0.71316737 -65.23969269 0.65098039 0.74117647 0.85882353
v -1.42702436 0.70275611 -65.24338531 0.65098039 0.74117647 0.85882353
v -1.41364419 0.70409745 -65.24311829 0.65098039 0.74117647 0.85882353
v -1.41283143 0.71470016 -65.24106598 0.65098039 0.74117647 0.85882353
v -1.36298883 0.71359181 -65.27397919 0.65098039 0.74117647 0.85882353
v -1.35849023 0.71755916 -65.28778839 0.65098039 0.74117647 0.85882353
v -1.34404922 0.79925543 -65.31636810 0.65098039 0.74117647 0.85882353
v -1.34185827 0.80172068 -65.30554962 0.65098039 0.74117647 0.85882353
v -1.35795057 0.71662027 -65.30043793 0.65098039 0.74117647 0.85882353
v -1.36474872 0.75360447 -65.30714417 0.65098039 0.74117647 0.85882353
v -1.36199117 0.75174731 -65.29515839 0.65098039 0.74117647 0.85882353
v -1.37592757 0.77316314 -65.33696747 0.65098039 0.74117647 0.85882353
v -1.37199831 0.78865570 -65.34783936 0.65098039 0.74117647 0.85882353
v -1.39053571 0.83486396 -65.19287109 0.65098039 0.74117647 0.85882353
v -1.38389015 0.84862286 -65.19972992 0.65098039 0.74117647 0.85882353
v -1.38240397 0.85236865 -65.20046234 0.65098039 0.74117647 0.85882353
v -1.38590109 0.85399336 -65.20138550 0.65098039 0.74117647 0.85882353
v -1.38783360 0.85115820 -65.20042419 0.65098039 0.74117647 0.85882353
v -1.38667655 0.89300853 -65.19242859 0.65098039 0.74117647 0.85882353
v -1.39176238 0.87680584 -65.19055939 0.65098039 0.74117647 0.85882353
v -1.37794340 0.87832767 -65.19122314 0.65098039 0.74117647 0.85882353
v -1.37320399 0.89081579 -65.19499207 0.65098039 0.74117647 0.85882353
v -1.36343694 0.81380701 -65.20038605 0.65098039 0.74117647 0.85882353
v -1.37158895 0.82216984 -65.19578552 0.65098039 0.74117647 0.85882353
v -1.37647653 0.81422061 -65.19262695 0.65098039 0.74117647 0.85882353
v -1.37218678 0.80518728 -65.19561005 0.65098039 0.74117647 0.85882353
v -1.35820389 0.85031986 -65.20755768 0.65098039 0.74117647 0.85882353
v -1.35587597 0.85214275 -65.20753479 0.65098039 0.74117647 0.85882353
v -1.35881627 0.85263544 -65.20540619 0.65098039 0.74117647 0.85882353
v -1.37807143 0.79258281 -65.19497681 0.65098039 0.74117647 0.85882353
v -1.37010312 0.79509312 -65.19993591 0.65098039 0.74117647 0.85882353
v -1.34131336 0.81685537 -65.23622131 0.65098039 0.74117647 0.85882353
v -1.34615111 0.84959525 -65.21680450 0.65098039 0.74117647 0.85882353
v -1.35853016 0.95339137 -65.26544952 0.65098039 0.74117647 0.85882353
v -1.36458087 0.94337296 -65.23486328 0.65098039 0.74117647 0.85882353
v -1.35091829 0.94484597 -65.33495331 0.65098039 0.74117647 0.85882353
v -1.35370779 0.95343244 -65.30098724 0.65098039 0.74117647 0.85882353
v -1.34059429 0.88867289 -65.37067413 0.65098039 0.74117647 0.85882353
v -1.34903240 0.86651093 -65.37670135 0.65098039 0.74117647 0.85882353
v -1.36238277 0.87299454 -65.38828278 0.65098039 0.74117647 0.85882353
v -1.35860229 0.90198463 -65.37996674 0.65098039 0.74117647 0.85882353
v -1.36574781 0.80176401 -65.36075592 0.65098039 0.74117647 0.85882353
v -1.37406957 0.72820121 -65.32299042 0.65098039 0.74117647 0.85882353
v -1.37596416 0.74302232 -65.32627869 0.65098039 0.74117647 0.85882353
v -1.37118101 0.92654961 -65.21209717 0.65098039 0.74117647 0.85882353
v -1.37958515 0.90976602 -65.19990540 0.65098039 0.74117647 0.85882353
v -1.32991850 0.86075455 -65.24422455 0.65098039 0.74117647 0.85882353
v -1.34940648 0.82265192 -65.21376038 0.65098039 0.74117647 0.85882353
v -1.35277915 0.83150488 -65.21038818 0.65098039 0.74117647 0.85882353
v -1.35602593 0.82847697 -65.20599365 0.65098039 0.74117647 0.85882353
v -1.35355389 0.81718355 -65.20870209 0.65098039 0.74117647 0.85882353
v -1.34767950 0.81268799 -65.22123718 0.65098039 0.74117647 0.85882353
v -1.34714699 0.80350852 -65.23207855 0.65098039 0.74117647 0.85882353
v -1.34629023 0.79422075 -65.24491882 0.65098039 0.74117647 0.85882353
v -1.34997284 0.78254312 -65.25114441 0.65098039 0.74117647 0.85882353
v -1.31485391 0.87074429 -65.31371307 0.65098039 0.74117647 0.85882353
v -1.31665599 0.88308030 -65.32886505 0.65098039 0.74117647 0.85882353
v -1.32313943 0.89811224 -65.34235382 0.65098039 0.74117647 0.85882353
v -1.33623970 0.91225433 -65.35376740 0.65098039 0.74117647 0.85882353
v -1.31621242 0.86079311 -65.30641174 0.65098039 0.74117647 0.85882353
v -1.35391009 0.92521691 -65.36114502 0.65098039 0.74117647 0.85882353
v -1.40635645 0.81060666 -65.18048859 0.65098039 0.74117647 0.85882353
v -1.39943147 0.80837834 -65.18495178 0.65098039 0.74117647 0.85882353
v -1.40704131 0.81491578 -65.18109131 0.65098039 0.74117647 0.85882353
v -1.41263378 0.78671163 -65.17941284 0.65098039 0.74117647 0.85882353
v -1.41702580 0.78721118 -65.17819214 0.65098039 0.74117647 0.85882353
v -1.41740429 0.78131139 -65.18105316 0.65098039 0.74117647 0.85882353
v -1.41229308 0.78080618 -65.18209076 0.65098039 0.74117647 0.85882353
v -1.41637838 0.74326450 -65.20749664 0.65098039 0.74117647 0.85882353
v -1.40582442 0.74521375 -65.21002197 0.65098039 0.74117647 0.85882353
v -1.42182207 0.72332108 -65.23526764 0.65098039 0.74117647 0.85882353
v -1.41075027 0.72530830 -65.23796844 0.65098039 0.74117647 0.85882353
v -1.40551150 0.82369101 -65.17743683 0.65098039 0.74117647 0.85882353
v -1.40710771 0.82427078 -65.17719269 0.65098039 0.74117647 0.85882353
v -1.40739202 0.82306534 -65.17940521 0.65098039 0.74117647 0.85882353
v -1.40534997 0.82270235 -65.17956543 0.65098039 0.74117647 0.85882353
v -1.39781988 0.79238641 -65.18705750 0.65098039 0.74117647 0.85882353
v -1.41243351 0.80367208 -65.17703247 0.65098039 0.74117647 0.85882353
v -1.41555130 0.80415797 -65.17658997 0.65098039 0.74117647 0.85882353
v -1.41599929 0.80048162 -65.17779541 0.65098039 0.74117647 0.85882353
v -1.41287780 0.79991311 -65.17815399 0.65098039 0.74117647 0.85882353
v -1.38636124 0.74764037 -65.23065186 0.65098039 0.74117647 0.85882353
v -1.39241576 0.73944712 -65.23946381 0.65098039 0.74117647 0.85882353
v -1.37073100 0.72017992 -65.25983429 0.65098039 0.74117647 0.85882353
v -1.36812150 0.73329848 -65.26222229 0.65098039 0.74117647 0.85882353
v -1.36072719 0.75041473 -65.28109741 0.65098039 0.74117647 0.85882353
v -1.36905813 0.75686437 -65.32019806 0.65098039 0.74117647 0.85882353
v -1.37614691 0.75664008 -65.33064270 0.65098039 0.74117647 0.85882353
v -1.39806914 0.76371449 -65.34408569 0.65098039 0.74117647 0.85882353
v -1.40024281 0.77949339 -65.35106659 0.65098039 0.74117647 0.85882353
v -1.38683891 0.77538836 -65.34664917 0.65098039 0.74117647 0.85882353
v -1.38698542 0.76133782 -65.33896637 0.65098039 0.74117647 0.85882353
v -1.40484905 0.74058640 -65.22369385 0.65098039 0.74117647 0.85882353
v -1.41631150 0.73864877 -65.22080994 0.65098039 0.74117647 0.85882353
v -1.41813958 0.73271257 -65.22935486 0.65098039 0.74117647 0.85882353
v -1.40736699 0.73493618 -65.23255920 0.65098039 0.74117647 0.85882353
v -1.41147959 0.82178944 -65.17636108 0.65098039 0.74117647 0.85882353
v -1.41318274 0.82131118 -65.17483521 0.65098039 0.74117647 0.85882353
v -1.41306043 0.81891578 -65.17753601 0.65098039 0.74117647 0.85882353
v -1.41066718 0.82044536 -65.17816925 0.65098039 0.74117647 0.85882353
v -1.40463948 0.82070071 -65.18115234 0.65098039 0.74117647 0.85882353
v -1.40727472 0.81994712 -65.18108368 0.65098039 0.74117647 0.85882353
v -1.40727139 0.81801838 -65.18113708 0.65098039 0.74117647 0.85882353
v -1.40415835 0.82327062 -65.17667389 0.65098039 0.74117647 0.85882353
v -1.40378213 0.82171625 -65.17932892 0.65098039 0.74117647 0.85882353
v -1.40900624 0.82521993 -65.17232513 0.65098039 0.74117647 0.85882353
v -1.40593112 0.82457834 -65.17372894 0.65098039 0.74117647 0.85882353
v -1.40909481 0.82606381 -65.16738892 0.65098039 0.74117647 0.85882353
v -1.40942001 0.82255477 -65.17769623 0.65098039 0.74117647 0.85882353
v -1.40895128 0.82114369 -65.17919922 0.65098039 0.74117647 0.85882353
v -1.40555394 0.82183415 -65.18082428 0.65098039 0.74117647 0.85882353
v -1.40731943 0.82175571 -65.18070984 0.65098039 0.74117647 0.85882353
v -1.40832245 0.82518584 -65.17435455 0.65098039 0.74117647 0.85882353
v -1.40649855 0.82452619 -65.17548370 0.65098039 0.74117647 0.85882353
v -1.40421557 0.84659892 -65.17670441 0.65098039 0.74117647 0.85882353
v -1.41019022 0.84912699 -65.17481995 0.65098039 0.74117647 0.85882353
v -1.41201115 0.84300989 -65.16885376 0.65098039 0.74117647 0.85882353
v -1.41421199 0.83550578 -65.16362762 0.65098039 0.74117647 0.85882353
v -1.41569471 0.82754123 -65.16512299 0.65098039 0.74117647 0.85882353
v -1.42753673 0.73146397 -65.22853088 0.65098039 0.74117647 0.85882353
v -1.43115294 0.72213072 -65.23484039 0.65098039 0.74117647 0.85882353
v -1.39607513 0.91253406 -65.19960022 0.65098039 0.74117647 0.85882353
v -1.39988053 0.89389497 -65.19283295 0.65098039 0.74117647 0.85882353
v -1.39729047 0.79098868 -65.18865204 0.65098039 0.74117647 0.85882353
v -1.37894154 0.86958063 -65.19622803 0.65098039 0.74117647 0.85882353
v -1.36265826 0.82847399 -65.20113373 0.65098039 0.74117647 0.85882353
v -1.38324594 0.83436340 -65.19557953 0.65098039 0.74117647 0.85882353
v -1.37776530 0.82888764 -65.19520569 0.65098039 0.74117647 0.85882353
v -1.37614822 0.83629739 -65.19799805 0.65098039 0.74117647 0.85882353
v -1.38133287 0.84034359 -65.19792938 0.65098039 0.74117647 0.85882353
v -1.38818526 0.86866224 -65.19638824 0.65098039 0.74117647 0.85882353
v -1.39804590 0.86699814 -65.19169617 0.65098039 0.74117647 0.85882353
v -1.39420366 0.86410779 -65.19777679 0.65098039 0.74117647 0.85882353
v -1.39653885 0.85758895 -65.19781494 0.65098039 0.74117647 0.85882353
v -1.39994311 0.85819453 -65.18978882 0.65098039 0.74117647 0.85882353
v -1.39708745 0.85014778 -65.19300079 0.65098039 0.74117647 0.85882353
v -1.39456534 0.85189903 -65.19848633 0.65098039 0.74117647 0.85882353
v -1.36046922 0.85525423 -65.20339203 0.65098039 0.74117647 0.85882353
v -1.35770285 0.85594106 -65.20434570 0.65098039 0.74117647 0.85882353
v -1.39298260 0.84434849 -65.19535065 0.65098039 0.74117647 0.85882353
v -1.38829756 0.83928132 -65.19605255 0.65098039 0.74117647 0.85882353
v -1.38621688 0.84393901 -65.19848633 0.65098039 0.74117647 0.85882353
v -1.39066279 0.84759122 -65.19879150 0.65098039 0.74117647 0.85882353
v -1.37006938 0.83194155 -65.19887543 0.65098039 0.74117647 0.85882353
v -1.35143661 0.85103899 -65.21090698 0.65098039 0.74117647 0.85882353
v -1.35797060 0.84088033 -65.20968628 0.65098039 0.74117647 0.85882353
v -1.33931684 0.80619407 -65.29856110 0.65098039 0.74117647 0.85882353
v -1.34577906 0.79565543 -65.29108429 0.65098039 0.74117647 0.85882353
v -1.34311962 0.78614676 -65.27123260 0.65098039 0.74117647 0.85882353
v -1.34598970 0.78373367 -65.26662445 0.65098039 0.74117647 0.85882353
v -1.35075235 0.78707033 -65.27199554 0.65098039 0.74117647 0.85882353
v -1.34488320 0.78799528 -65.27687073 0.65098039 0.74117647 0.85882353
v -1.32223630 0.83610505 -65.29161835 0.65098039 0.74117647 0.85882353
v -1.32067621 0.84328085 -65.29570007 0.65098039 0.74117647 0.85882353
v -1.32074797 0.84459013 -65.28829193 0.65098039 0.74117647 0.85882353
v -1.32272255 0.83693260 -65.28895569 0.65098039 0.74117647 0.85882353
v -1.32269526 0.84050953 -65.28316498 0.65098039 0.74117647 0.85882353
v -1.32236600 0.84388208 -65.28069305 0.65098039 0.74117647 0.85882353
v -1.32451141 0.83586019 -65.27886963 0.65098039 0.74117647 0.85882353
v -1.32419229 0.83596164 -65.28250122 0.65098039 0.74117647 0.85882353
v -1.31931090 0.85511690 -65.28028870 0.65098039 0.74117647 0.85882353
v -1.32224929 0.85407776 -65.27050018 0.65098039 0.74117647 0.85882353
v -1.32456112 0.84182590 -65.27304840 0.65098039 0.74117647 0.85882353
v -1.33177781 0.84151113 -65.24948120 0.65098039 0.74117647 0.85882353
v -1.33274961 0.82978278 -65.26073456 0.65098039 0.74117647 0.85882353
v -1.32857609 0.83694214 -65.26647186 0.65098039 0.74117647 0.85882353
v -1.32682884 0.84979206 -65.26023102 0.65098039 0.74117647 0.85882353
v -1.34498203 0.78869861 -65.26355743 0.65098039 0.74117647 0.85882353
v -1.34358156 0.79774398 -65.26067352 0.65098039 0.74117647 0.85882353
v -1.35023725 0.78947753 -65.28103638 0.65098039 0.74117647 0.85882353
v -1.38279665 0.88391918 -65.39176941 0.65098039 0.74117647 0.85882353
v -1.37903810 0.91182846 -65.38205719 0.65098039 0.74117647 0.85882353
v -1.33393109 0.83227855 -65.34304047 0.65098039 0.74117647 0.85882353
v -1.34227836 0.83764589 -65.35929108 0.65098039 0.74117647 0.85882353
v -1.32990682 0.82806778 -65.32717896 0.65098039 0.74117647 0.85882353
v -1.32887888 0.82557732 -65.31398773 0.65098039 0.74117647 0.85882353
v -1.35283124 0.84378690 -65.37503815 0.65098039 0.74117647 0.85882353
v -1.36604917 0.84703618 -65.38801575 0.65098039 0.74117647 0.85882353
v -1.33548915 0.82475877 -65.24815369 0.65098039 0.74117647 0.85882353
v -1.33729136 0.81936461 -65.25910950 0.65098039 0.74117647 0.85882353
v -1.34136319 0.81525278 -65.33970642 0.65098039 0.74117647 0.85882353
v -1.34848905 0.81818271 -65.35516357 0.65098039 0.74117647 0.85882353
v -1.33676171 0.81304532 -65.32352448 0.65098039 0.74117647 0.85882353
v -1.33455813 0.81358999 -65.31134033 0.65098039 0.74117647 0.85882353
v -1.36012650 0.82344747 -65.37009430 0.65098039 0.74117647 0.85882353
v -1.38193417 0.80594105 -65.36920166 0.65098039 0.74117647 0.85882353
v -1.37669277 0.82504421 -65.37899017 0.65098039 0.74117647 0.85882353
v -1.33975673 0.79772270 -65.27256775 0.65098039 0.74117647 0.85882353
v -1.34216201 0.79725689 -65.26776123 0.65098039 0.74117647 0.85882353
v -1.34379482 0.79074228 -65.26871490 0.65098039 0.74117647 0.85882353
v -1.33995700 0.79153681 -65.27088165 0.65098039 0.74117647 0.85882353
v -1.34039247 0.81112212 -65.24742126 0.65098039 0.74117647 0.85882353
v -1.34037876 0.80826110 -65.25973511 0.65098039 0.74117647 0.85882353
v -1.40232241 0.85201210 -65.18247223 0.65098039 0.74117647 0.85882353
v -1.40674639 0.86170727 -65.18607330 0.65098039 0.74117647 0.85882353
v -1.40850616 0.85521078 -65.18048096 0.65098039 0.74117647 0.85882353
v -1.40496659 0.86928934 -65.18993378 0.65098039 0.74117647 0.85882353
v -1.37564504 0.96155995 -65.30004120 0.65098039 0.74117647 0.85882353
v -1.38015521 0.96079975 -65.26667786 0.65098039 0.74117647 0.85882353
v -1.37595487 0.93654102 -65.36222076 0.65098039 0.74117647 0.85882353
v -1.37415171 0.95364231 -65.33383179 0.65098039 0.74117647 0.85882353
v -1.42215955 0.77355415 -65.18034363 0.65098039 0.74117647 0.85882353
v -1.42282045 0.75989318 -65.17978668 0.65098039 0.74117647 0.85882353
v -1.41136885 0.81168044 -65.17829895 0.65098039 0.74117647 0.85882353
v -1.41454184 0.81164652 -65.17795563 0.65098039 0.74117647 0.85882353
v -1.41505158 0.80779123 -65.17699432 0.65098039 0.74117647 0.85882353
v -1.41184759 0.80764097 -65.17740631 0.65098039 0.74117647 0.85882353
v -1.38553250 0.86423284 -65.20031738 0.65098039 0.74117647 0.85882353
v -1.38546765 0.79191619 -65.35613251 0.65098039 0.74117647 0.85882353
v -1.38582706 0.74599493 -65.33411407 0.65098039 0.74117647 0.85882353
v -1.38370764 0.73033947 -65.33153534 0.65098039 0.74117647 0.85882353
v -1.36218512 0.71527380 -65.31209564 0.65098039 0.74117647 0.85882353
v -1.36978340 0.71541899 -65.32286835 0.65098039 0.74117647 0.85882353
v -1.41391790 0.81547517 -65.17831421 0.65098039 0.74117647 0.85882353
v -1.41100967 0.81545699 -65.17900085 0.65098039 0.74117647 0.85882353
v -1.40913844 0.82456833 -65.17581177 0.65098039 0.74117647 0.85882353
v -1.40808952 0.79859495 -65.17964172 0.65098039 0.74117647 0.85882353
v -1.41035962 0.81826442 -65.17919922 0.65098039 0.74117647 0.85882353
v -1.40911686 0.82007426 -65.17950439 0.65098039 0.74117647 0.85882353
v -1.41513371 0.81896967 -65.17706299 0.65098039 0.74117647 0.85882353
v -1.41558790 0.81547403 -65.17825317 0.65098039 0.74117647 0.85882353
v -1.37947655 0.84609306 -65.19954681 0.65098039 0.74117647 0.85882353
v -1.37797594 0.85079485 -65.20010376 0.65098039 0.74117647 0.85882353
v -1.41209614 0.82325202 -65.17109680 0.65098039 0.74117647 0.85882353
v -1.41086030 0.82385707 -65.17369843 0.65098039 0.74117647 0.85882353
v -1.41571748 0.82333869 -65.17082214 0.65098039 0.74117647 0.85882353
v -1.39795685 0.70534343 -65.24462891 0.65098039 0.74117647 0.85882353
v -1.38175201 0.70794803 -65.24994659 0.65098039 0.74117647 0.85882353
v -1.41764975 0.80444175 -65.17671204 0.65098039 0.74117647 0.85882353
v -1.41822946 0.80061477 -65.17773438 0.65098039 0.74117647 0.85882353
v -1.38546371 0.95058721 -65.23437500 0.65098039 0.74117647 0.85882353
v -1.39911640 0.80688339 -65.37120056 0.65098039 0.74117647 0.85882353
v -1.39479005 0.82464260 -65.38333893 0.65098039 0.74117647 0.85882353
v -1.33332610 0.82260495 -65.26760864 0.65098039 0.74117647 0.85882353
v -1.33229339 0.81802964 -65.27243042 0.65098039 0.74117647 0.85882353
v -1.32920122 0.82446593 -65.27484894 0.65098039 0.74117647 0.85882353
v -1.33012962 0.82903796 -65.27017975 0.65098039 0.74117647 0.85882353
v -1.43394327 0.71215409 -65.24005127 0.65098039 0.74117647 0.85882353
v -1.37031651 0.70988500 -65.26026917 0.65098039 0.74117647 0.85882353
v -1.37846887 0.71711975 -65.33386993 0.65098039 0.74117647 0.85882353
v -1.35887218 0.84856695 -65.20798492 0.65098039 0.74117647 0.85882353
v -1.36054635 0.84741086 -65.20705414 0.65098039 0.74117647 0.85882353
v -1.38334632 0.86132973 -65.20095825 0.65098039 0.74117647 0.85882353
v -1.38916337 0.85025036 -65.39146423 0.65098039 0.74117647 0.85882353
v -1.40823042 0.79079145 -65.18112183 0.65098039 0.74117647 0.85882353
v -1.40902519 0.79461962 -65.18221283 0.65098039 0.74117647 0.85882353
v -1.39655375 0.74912435 -65.33963013 0.65098039 0.74117647 0.85882353
v -1.42496037 0.73767072 -65.21986389 0.65098039 0.74117647 0.85882353
v -1.41474366 0.82138062 -65.17412567 0.65098039 0.74117647 0.85882353
v -1.39974105 0.79385990 -65.35895538 0.65098039 0.74117647 0.85882353
v -1.32492125 0.82977909 -65.28388214 0.65098039 0.74117647 0.85882353
v -1.32437003 0.82802445 -65.28011322 0.65098039 0.74117647 0.85882353
v -1.32558501 0.82483119 -65.28005219 0.65098039 0.74117647 0.85882353
v -1.32665241 0.82575065 -65.28192139 0.65098039 0.74117647 0.85882353
v -1.32280624 0.83067018 -65.27587891 0.65098039 0.74117647 0.85882353
v -1.32266212 0.82739943 -65.27741241 0.65098039 0.74117647 0.85882353
v -1.32026660 0.82985371 -65.27902222 0.65098039 0.74117647 0.85882353
v -1.32062268 0.83351332 -65.27826691 0.65098039 0.74117647 0.85882353
v -1.32671833 0.83347028 -65.27397919 0.65098039 0.74117647 0.85882353
v -1.32551634 0.82743889 -65.27454376 0.65098039 0.74117647 0.85882353
v -1.31862569 0.83115315 -65.28108215 0.65098039 0.74117647 0.85882353
v -1.31812930 0.83374876 -65.28006744 0.65098039 0.74117647 0.85882353
v -1.32016015 0.83587772 -65.28171539 0.65098039 0.74117647 0.85882353
v -1.32331312 0.83667541 -65.28575134 0.65098039 0.74117647 0.85882353
v -1.31531310 0.83426505 -65.28334045 0.65098039 0.74117647 0.85882353
v -1.31817293 0.83673310 -65.28591919 0.65098039 0.74117647 0.85882353
v -1.31289005 0.83298165 -65.28814697 0.65098039 0.74117647 0.85882353
v -1.31656504 0.83611757 -65.29102325 0.65098039 0.74117647 0.85882353
v -1.31212461 0.82965434 -65.29340363 0.65098039 0.74117647 0.85882353
v -1.31684005 0.83230370 -65.29615784 0.65098039 0.74117647 0.85882353
v -1.33950162 0.80479276 -65.26722717 0.65098039 0.74117647 0.85882353
v -1.33751988 0.80399668 -65.27423096 0.65098039 0.74117647 0.85882353
v -1.31259143 0.82428277 -65.29645538 0.65098039 0.74117647 0.85882353
v -1.31882524 0.82615250 -65.29917145 0.65098039 0.74117647 0.85882353
v -1.31449938 0.81762731 -65.29800415 0.65098039 0.74117647 0.85882353
v -1.32046640 0.81933880 -65.30045319 0.65098039 0.74117647 0.85882353
v -1.31769586 0.81136280 -65.29706573 0.65098039 0.74117647 0.85882353
v -1.32240295 0.81248266 -65.29907227 0.65098039 0.74117647 0.85882353
v -1.32076335 0.80453765 -65.29507446 0.65098039 0.74117647 0.85882353
v -1.32581818 0.80374879 -65.29728699 0.65098039 0.74117647 0.85882353
v -1.32471979 0.79832274 -65.29116058 0.65098039 0.74117647 0.85882353
v -1.33031452 0.79554009 -65.29217529 0.65098039 0.74117647 0.85882353
v -1.31645072 0.83156425 -65.28932190 0.65098039 0.74117647 0.85882353
v -1.31567812 0.82820624 -65.29290771 0.65098039 0.74117647 0.85882353
v -1.32529962 0.83283550 -65.29349518 0.65098039 0.74117647 0.85882353
v -1.31748724 0.83284962 -65.28488922 0.65098039 0.74117647 0.85882353
v -1.32754529 0.82001835 -65.28750610 0.65098039 0.74117647 0.85882353
v -1.32884204 0.82346606 -65.28873444 0.65098039 0.74117647 0.85882353
v -1.32896376 0.82193166 -65.28805542 0.65098039 0.74117647 0.85882353
v -1.32952595 0.82026982 -65.29037476 0.65098039 0.74117647 0.85882353
v -1.33486485 0.81118864 -65.27297211 0.65098039 0.74117647 0.85882353
v -1.33332908 0.81041700 -65.27665710 0.65098039 0.74117647 0.85882353
v -1.33199978 0.81565541 -65.27622223 0.65098039 0.74117647 0.85882353
v -1.33547461 0.80674404 -65.27720642 0.65098039 0.74117647 0.85882353
v -1.33591783 0.80827320 -65.27853394 0.65098039 0.74117647 0.85882353
v -1.33558130 0.81188548 -65.27830505 0.65098039 0.74117647 0.85882353
v -1.33489776 0.81622320 -65.27828979 0.65098039 0.74117647 0.85882353
v -1.33483100 0.80671710 -65.28085327 0.65098039 0.74117647 0.85882353
v -1.33494198 0.80451518 -65.27954865 0.65098039 0.74117647 0.85882353
v -1.33641613 0.80810648 -65.28057861 0.65098039 0.74117647 0.85882353
v -1.33675933 0.80904752 -65.27951813 0.65098039 0.74117647 0.85882353
v -1.33692503 0.81153828 -65.28048706 0.65098039 0.74117647 0.85882353
v -1.33531630 0.81438249 -65.28294373 0.65098039 0.74117647 0.85882353
v -1.33616495 0.81398803 -65.26684570 0.65098039 0.74117647 0.85882353
v -1.33558106 0.80884796 -65.29292297 0.65098039 0.74117647 0.85882353
v -1.34043169 0.80043375 -65.28878784 0.65098039 0.74117647 0.85882353
v -1.32915199 0.79415351 -65.28573608 0.65098039 0.74117647 0.85882353
v -1.33410430 0.78821903 -65.28587341 0.65098039 0.74117647 0.85882353
v -1.33736563 0.78676146 -65.27335358 0.65098039 0.74117647 0.85882353
v -1.33558083 0.78412390 -65.27890778 0.65098039 0.74117647 0.85882353
v -1.32758749 0.82795817 -65.29520416 0.65098039 0.74117647 0.85882353
v -1.32895327 0.82205242 -65.29674530 0.65098039 0.74117647 0.85882353
v -1.34349954 0.79402906 -65.28267670 0.65098039 0.74117647 0.85882353
v -1.33135533 0.81539649 -65.29644775 0.65098039 0.74117647 0.85882353
v -1.32549977 0.80276167 -65.29068756 0.65098039 0.74117647 0.85882353
v -1.32947087 0.80022115 -65.28700256 0.65098039 0.74117647 0.85882353
v -1.32230616 0.80690688 -65.29365540 0.65098039 0.74117647 0.85882353
v -1.33494210 0.80088896 -65.27813721 0.65098039 0.74117647 0.85882353
v -1.33603239 0.79450768 -65.27616882 0.65098039 0.74117647 0.85882353
v -1.33220184 0.79320675 -65.28060150 0.65098039 0.74117647 0.85882353
v -1.33282948 0.79972625 -65.28296661 0.65098039 0.74117647 0.85882353
v -1.32618928 0.80593437 -65.28913879 0.65098039 0.74117647 0.85882353
v -1.33018661 0.80452329 -65.28707886 0.65098039 0.74117647 0.85882353
v -1.32845235 0.80907989 -65.28945923 0.65098039 0.74117647 0.85882353
v -1.33213139 0.80824268 -65.28720856 0.65098039 0.74117647 0.85882353
v -1.33452058 0.80697256 -65.28338623 0.65098039 0.74117647 0.85882353
v -1.33328462 0.80402166 -65.28354645 0.65098039 0.74117647 0.85882353
v -1.33505666 0.81156951 -65.28767395 0.65098039 0.74117647 0.85882353
v -1.33089781 0.81355375 -65.28907776 0.65098039 0.74117647 0.85882353
v -1.33633542 0.80921525 -65.28327179 0.65098039 0.74117647 0.85882353
v -1.32536960 0.81153208 -65.28981018 0.65098039 0.74117647 0.85882353
v -1.32254219 0.81496596 -65.29062653 0.65098039 0.74117647 0.85882353
v -1.32434940 0.81796598 -65.28809357 0.65098039 0.74117647 0.85882353
v -1.32737482 0.81558615 -65.28907776 0.65098039 0.74117647 0.85882353
v -1.32004821 0.81248027 -65.29580688 0.65098039 0.74117647 0.85882353
v -1.32023406 0.81310183 -65.29273224 0.65098039 0.74117647 0.85882353
v -1.32317293 0.80908650 -65.29139709 0.65098039 0.74117647 0.85882353
v -1.31838322 0.81802148 -65.29355621 0.65098039 0.74117647 0.85882353
v -1.31797731 0.81857640 -65.29688263 0.65098039 0.74117647 0.85882353
v -1.32040226 0.81861436 -65.29148865 0.65098039 0.74117647 0.85882353
v -1.32171106 0.82008708 -65.28968811 0.65098039 0.74117647 0.85882353
v -1.31679380 0.82673359 -65.29106903 0.65098039 0.74117647 0.85882353
v -1.31712127 0.82285553 -65.29291534 0.65098039 0.74117647 0.85882353
v -1.31597507 0.82407826 -65.29539490 0.65098039 0.74117647 0.85882353
v -1.31885219 0.82206577 -65.29051971 0.65098039 0.74117647 0.85882353
v -1.31893170 0.82514995 -65.28950500 0.65098039 0.74117647 0.85882353
v -1.32057738 0.82409018 -65.28916168 0.65098039 0.74117647 0.85882353
v -1.32023716 0.82219929 -65.29006958 0.65098039 0.74117647 0.85882353
v -1.32036448 0.83153880 -65.28274536 0.65098039 0.74117647 0.85882353
v -1.32222819 0.83047086 -65.28099060 0.65098039 0.74117647 0.85882353
v -1.31924415 0.83112246 -65.28542328 0.65098039 0.74117647 0.85882353
v -1.32093239 0.83280760 -65.28525543 0.65098039 0.74117647 0.85882353
v -1.32107520 0.82959205 -65.28572083 0.65098039 0.74117647 0.85882353
v -1.32273912 0.83229095 -65.28497314 0.65098039 0.74117647 0.85882353
v -1.32257128 0.82815289 -65.28520203 0.65098039 0.74117647 0.85882353
v -1.32519698 0.82577914 -65.28472900 0.65098039 0.74117647 0.85882353
v -1.43143702 0.67994279 -65.24887085 0.65098039 0.74117647 0.85882353
v -1.42889977 0.69167536 -65.24675751 0.65098039 0.74117647 0.85882353
v -1.44107997 0.69052082 -65.25075531 0.65098039 0.74117647 0.85882353
v -1.44354796 0.67946869 -65.25554657 0.65098039 0.74117647 0.85882353
v -1.32156098 0.82583117 -65.28692627 0.65098039 0.74117647 0.85882353
v -1.32001257 0.82752043 -65.28768921 0.65098039 0.74117647 0.85882353
v -1.31802166 0.82970923 -65.28878784 0.65098039 0.74117647 0.85882353
v -1.32484686 0.82200050 -65.28678131 0.65098039 0.74117647 0.85882353
v -1.32370043 0.82078642 -65.28752136 0.65098039 0.74117647 0.85882353
v -1.32245493 0.82221204 -65.28813934 0.65098039 0.74117647 0.85882353
v -1.32377183 0.82385486 -65.28663635 0.65098039 0.74117647 0.85882353
v -1.33086121 0.81924754 -65.27695465 0.65098039 0.74117647 0.85882353
v -1.33208799 0.81814343 -65.28088379 0.65098039 0.74117647 0.85882353
v -1.33199632 0.81583458 -65.28482056 0.65098039 0.74117647 0.85882353
v -1.40359354 0.66314191 -65.23619080 0.65098039 0.74117647 0.85882353
v -1.38411140 0.66840130 -65.23351288 0.65098039 0.74117647 0.85882353
v -1.38234043 0.67699403 -65.24109650 0.65098039 0.74117647 0.85882353
v -1.39977789 0.67292953 -65.24172211 0.65098039 0.74117647 0.85882353
v -1.42075717 0.64047569 -65.21944427 0.65098039 0.74117647 0.85882353
v -1.43254364 0.62297773 -65.21382904 0.65098039 0.74117647 0.85882353
v -1.41604435 0.62563908 -65.20246124 0.65098039 0.74117647 0.85882353
v -1.39465284 0.64471179 -65.20996094 0.65098039 0.74117647 0.85882353
v -1.43090820 0.60734653 -65.19773865 0.65098039 0.74117647 0.85882353
v -1.44434381 0.60521162 -65.20942688 0.65098039 0.74117647 0.85882353
v -1.46516359 0.55711818 -65.18575287 0.65098039 0.74117647 0.85882353
v -1.45442832 0.57287675 -65.18986511 0.65098039 0.74117647 0.85882353
v -1.46655631 0.57307994 -65.20040894 0.65098039 0.74117647 0.85882353
v -1.47766459 0.55763644 -65.19611359 0.65098039 0.74117647 0.85882353
v -1.47636545 0.47252780 -65.15660858 0.65098039 0.74117647 0.85882353
v -1.48748779 0.47541052 -65.16249847 0.65098039 0.74117647 0.85882353
v -1.49116755 0.45942885 -65.17021942 0.65098039 0.74117647 0.85882353
v -1.47770798 0.45397508 -65.16452026 0.65098039 0.74117647 0.85882353
v -1.40076709 0.57206249 -65.15656281 0.65098039 0.74117647 0.85882353
v -1.39565384 0.56154984 -65.15294647 0.65098039 0.74117647 0.85882353
v -1.38979435 0.57848555 -65.15106201 0.65098039 0.74117647 0.85882353
v -1.39389324 0.58909309 -65.15531158 0.65098039 0.74117647 0.85882353
v -1.34342229 0.67349368 -65.22088623 0.65098039 0.74117647 0.85882353
v -1.34500360 0.67941564 -65.23217010 0.65098039 0.74117647 0.85882353
v -1.36556649 0.66792506 -65.22615814 0.65098039 0.74117647 0.85882353
v -1.36680555 0.66134739 -65.21335602 0.65098039 0.74117647 0.85882353
v -1.41440845 0.48461688 -65.15488434 0.65098039 0.74117647 0.85882353
v -1.42538917 0.49504107 -65.15211487 0.65098039 0.74117647 0.85882353
v -1.43235111 0.48264509 -65.15109253 0.65098039 0.74117647 0.85882353
v -1.42270923 0.47195452 -65.15389252 0.65098039 0.74117647 0.85882353
v -1.42729664 0.39051533 -65.18400574 0.65098039 0.74117647 0.85882353
v -1.44832873 0.39035386 -65.18392181 0.65098039 0.74117647 0.85882353
v -1.44788587 0.36894560 -65.18528748 0.65098039 0.74117647 0.85882353
v -1.42582512 0.36949098 -65.18674469 0.65098039 0.74117647 0.85882353
v -1.35913610 0.41315526 -65.19904327 0.65098039 0.74117647 0.85882353
v -1.35848868 0.39541662 -65.20497131 0.65098039 0.74117647 0.85882353
v -1.33955061 0.39740109 -65.22279358 0.65098039 0.74117647 0.85882353
v -1.33969557 0.41319531 -65.21723175 0.65098039 0.74117647 0.85882353
v -1.44219398 0.55378979 -65.16966248 0.65098039 0.74117647 0.85882353
v -1.43154526 0.56955427 -65.17299652 0.65098039 0.74117647 0.85882353
v -1.44272053 0.57169235 -65.18052673 0.65098039 0.74117647 0.85882353
v -1.45323944 0.55584329 -65.17694092 0.65098039 0.74117647 0.85882353
v -1.37032521 0.48559320 -65.04584503 0.65098039 0.74117647 0.85882353
v -1.36940300 0.50504488 -65.06106567 0.65098039 0.74117647 0.85882353
v -1.37970722 0.49548805 -65.07172394 0.65098039 0.74117647 0.85882353
v -1.38049912 0.47603673 -65.05612183 0.65098039 0.74117647 0.85882353
v -1.35653269 0.30317545 -65.21525574 0.65098039 0.74117647 0.85882353
v -1.35554647 0.28535813 -65.21557617 0.65098039 0.74117647 0.85882353
v -1.33695054 0.29129773 -65.23475647 0.65098039 0.74117647 0.85882353
v -1.33946860 0.30912018 -65.23345947 0.65098039 0.74117647 0.85882353
v -1.34697795 0.59940547 -65.11315918 0.65098039 0.74117647 0.85882353
v -1.32474661 0.60447043 -65.11219025 0.65098039 0.74117647 0.85882353
v -1.32413340 0.61810476 -65.12192535 0.65098039 0.74117647 0.85882353
v -1.34774697 0.61192471 -65.12037659 0.65098039 0.74117647 0.85882353
v -1.40588641 0.53491002 -65.15615082 0.65098039 0.74117647 0.85882353
v -1.40047884 0.54748768 -65.15498352 0.65098039 0.74117647 0.85882353
v -1.40725231 0.55713063 -65.15700531 0.65098039 0.74117647 0.85882353
v -1.41400671 0.54269546 -65.15714264 0.65098039 0.74117647 0.85882353
v -1.33230591 0.44298899 -65.20619202 0.65098039 0.74117647 0.85882353
v -1.32863319 0.45927227 -65.20179749 0.65098039 0.74117647 0.85882353
v -1.34471750 0.46099216 -65.18929291 0.65098039 0.74117647 0.85882353
v -1.34938312 0.44438875 -65.19141388 0.65098039 0.74117647 0.85882353
v -1.35463130 0.42875051 -65.19456482 0.65098039 0.74117647 0.85882353
v -1.33645344 0.42769420 -65.21136475 0.65098039 0.74117647 0.85882353
v -1.42265058 0.54704434 -65.16001892 0.65098039 0.74117647 0.85882353
v -1.41369832 0.56374413 -65.16117096 0.65098039 0.74117647 0.85882353
v -1.42182708 0.56655806 -65.16670990 0.65098039 0.74117647 0.85882353
v -1.43199158 0.55075437 -65.16402435 0.65098039 0.74117647 0.85882353
v -1.49276435 0.44547820 -65.18092346 0.65098039 0.74117647 0.85882353
v -1.47598779 0.43907410 -65.17466736 0.65098039 0.74117647 0.85882353
v -1.37860489 0.27890128 -65.20150757 0.65098039 0.74117647 0.85882353
v -1.37885153 0.29715186 -65.20133972 0.65098039 0.74117647 0.85882353
v -1.40312397 0.29144996 -65.19382477 0.65098039 0.74117647 0.85882353
v -1.40335798 0.27309370 -65.19411469 0.65098039 0.74117647 0.85882353
v -1.46838272 0.41110212 -65.18738556 0.65098039 0.74117647 0.85882353
v -1.44992447 0.41008931 -65.18367004 0.65098039 0.74117647 0.85882353
v -1.45552802 0.42448014 -65.17753601 0.65098039 0.74117647 0.85882353
v -1.47207296 0.42648959 -65.18286133 0.65098039 0.74117647 0.85882353
v -1.42870367 0.26944685 -65.19125366 0.65098039 0.74117647 0.85882353
v -1.42774785 0.28748071 -65.19132996 0.65098039 0.74117647 0.85882353
v -1.45201564 0.28509521 -65.19090271 0.65098039 0.74117647 0.85882353
v -1.45313525 0.26519167 -65.19022369 0.65098039 0.74117647 0.85882353
v -1.44287360 0.58940548 -65.19369507 0.65098039 0.74117647 0.85882353
v -1.45546341 0.58902979 -65.20450592 0.65098039 0.74117647 0.85882353
v -1.45346355 0.47141492 -65.15131378 0.65098039 0.74117647 0.85882353
v -1.46468151 0.47133857 -65.15293884 0.65098039 0.74117647 0.85882353
v -1.46449196 0.45221436 -65.16014862 0.65098039 0.74117647 0.85882353
v -1.45209801 0.45312017 -65.15703583 0.65098039 0.74117647 0.85882353
v -1.37772512 0.53172380 -65.16080475 0.65098039 0.74117647 0.85882353
v -1.37348926 0.54239315 -65.15905762 0.65098039 0.74117647 0.85882353
v -1.38341606 0.56318152 -65.14981842 0.65098039 0.74117647 0.85882353
v -1.38823712 0.54750675 -65.15350342 0.65098039 0.74117647 0.85882353
v -1.33435309 0.27335185 -65.23497772 0.65098039 0.74117647 0.85882353
v -1.35376740 0.26767302 -65.21543121 0.65098039 0.74117647 0.85882353
v -1.42812574 0.25056189 -65.19218445 0.65098039 0.74117647 0.85882353
v -1.45281756 0.24589114 -65.19129944 0.65098039 0.74117647 0.85882353
v -1.32918274 0.52153265 -65.17778778 0.65098039 0.74117647 0.85882353
v -1.33778739 0.52761936 -65.17217255 0.65098039 0.74117647 0.85882353
v -1.33697426 0.52196640 -65.17830658 0.65098039 0.74117647 0.85882353
v -1.32716739 0.51723373 -65.18280029 0.65098039 0.74117647 0.85882353
v -1.51615262 0.48254442 -65.18991089 0.65098039 0.74117647 0.85882353
v -1.50824988 0.45971990 -65.18640900 0.65098039 0.74117647 0.85882353
v -1.50227976 0.47173196 -65.17474365 0.65098039 0.74117647 0.85882353
v -1.50641251 0.49032581 -65.17837524 0.65098039 0.74117647 0.85882353
v -1.44701540 0.43767256 -65.16638947 0.65098039 0.74117647 0.85882353
v -1.46089530 0.43701148 -65.16992188 0.65098039 0.74117647 0.85882353
v -1.44019032 0.42489207 -65.17395782 0.65098039 0.74117647 0.85882353
v -1.52332973 0.47365850 -65.20436096 0.65098039 0.74117647 0.85882353
v -1.51189947 0.44575739 -65.20183563 0.65098039 0.74117647 0.85882353
v -1.46825862 0.58765596 -65.21665192 0.65098039 0.74117647 0.85882353
v -1.47942853 0.57267934 -65.21231079 0.65098039 0.74117647 0.85882353
v -1.45800805 0.60320807 -65.22089386 0.65098039 0.74117647 0.85882353
v -1.44894874 0.61998403 -65.22531128 0.65098039 0.74117647 0.85882353
v -1.46302283 0.61817765 -65.23668671 0.65098039 0.74117647 0.85882353
v -1.47145474 0.60146540 -65.23311615 0.65098039 0.74117647 0.85882353
v -1.43950915 0.63683778 -65.22976685 0.65098039 0.74117647 0.85882353
v -1.45519829 0.63444090 -65.24049377 0.65098039 0.74117647 0.85882353
v -1.42270291 0.65974629 -65.24192810 0.65098039 0.74117647 0.85882353
v -1.41798389 0.67029613 -65.24507141 0.65098039 0.74117647 0.85882353
v -1.39203990 0.53533542 -65.15650940 0.65098039 0.74117647 0.85882353
v -1.39642549 0.52400899 -65.15758514 0.65098039 0.74117647 0.85882353
v -1.40248346 0.25544381 -65.19490051 0.65098039 0.74117647 0.85882353
v -1.27301431 0.59953922 -65.26852417 0.65098039 0.74117647 0.85882353
v -1.27177382 0.59952670 -65.24771118 0.65098039 0.74117647 0.85882353
v -1.27181220 0.58387643 -65.25591278 0.65098039 0.74117647 0.85882353
v -1.27225411 0.58284014 -65.27613831 0.65098039 0.74117647 0.85882353
v -1.36377382 0.65882576 -65.19979858 0.65098039 0.74117647 0.85882353
v -1.33999097 0.67078233 -65.21052551 0.65098039 0.74117647 0.85882353
v -1.29021752 0.52467269 -65.20903015 0.65098039 0.74117647 0.85882353
v -1.29464161 0.51894194 -65.20898438 0.65098039 0.74117647 0.85882353
v -1.29099727 0.51612252 -65.21922302 0.65098039 0.74117647 0.85882353
v -1.28633404 0.52426481 -65.21932983 0.65098039 0.74117647 0.85882353
v -1.31368506 0.51494288 -65.18618774 0.65098039 0.74117647 0.85882353
v -1.30831325 0.51486784 -65.18791199 0.65098039 0.74117647 0.85882353
v -1.31301188 0.50617045 -65.18148804 0.65098039 0.74117647 0.85882353
v -1.31781495 0.50595909 -65.17960358 0.65098039 0.74117647 0.85882353
v -1.32522011 0.29750550 -65.25623322 0.65098039 0.74117647 0.85882353
v -1.32804036 0.31546468 -65.25569916 0.65098039 0.74117647 0.85882353
v -1.30844700 0.42990136 -65.27375793 0.65098039 0.74117647 0.85882353
v -1.30365753 0.44501370 -65.26219940 0.65098039 0.74117647 0.85882353
v -1.31105018 0.43625796 -65.24537659 0.65098039 0.74117647 0.85882353
v -1.31457317 0.42124546 -65.25465393 0.65098039 0.74117647 0.85882353
v -1.33816051 0.58722371 -65.36074066 0.65098039 0.74117647 0.85882353
v -1.32197809 0.58863455 -65.34672546 0.65098039 0.74117647 0.85882353
v -1.32262933 0.57320291 -65.35064697 0.65098039 0.74117647 0.85882353
v -1.33927166 0.57230955 -65.36433411 0.65098039 0.74117647 0.85882353
v -1.28751624 0.61110240 -65.30563354 0.65098039 0.74117647 0.85882353
v -1.30317450 0.60739940 -65.32522583 0.65098039 0.74117647 0.85882353
v -1.30401897 0.62181336 -65.32157898 0.65098039 0.74117647 0.85882353
v -1.28920531 0.62694633 -65.29985809 0.65098039 0.74117647 0.85882353
v -1.27761829 0.59794551 -65.29066467 0.65098039 0.74117647 0.85882353
v -1.27791572 0.58036751 -65.29732513 0.65098039 0.74117647 0.85882353
v -1.31839871 0.44613576 -65.22144318 0.65098039 0.74117647 0.85882353
v -1.31558871 0.46109903 -65.21449280 0.65098039 0.74117647 0.85882353
v -1.31408536 0.48287553 -65.20635986 0.65098039 0.74117647 0.85882353
v -1.31415093 0.49148411 -65.20323944 0.65098039 0.74117647 0.85882353
v -1.32544804 0.49189681 -65.19507599 0.65098039 0.74117647 0.85882353
v -1.32589793 0.48298496 -65.19675446 0.65098039 0.74117647 0.85882353
v -1.34689474 0.68590844 -65.24311829 0.65098039 0.74117647 0.85882353
v -1.32649171 0.68486875 -65.24485016 0.65098039 0.74117647 0.85882353
v -1.33092713 0.69073099 -65.25814819 0.65098039 0.74117647 0.85882353
v -1.32429719 0.66917604 -65.31284332 0.65098039 0.74117647 0.85882353
v -1.32073402 0.67282957 -65.30139923 0.65098039 0.74117647 0.85882353
v -1.31414163 0.66666901 -65.29957581 0.65098039 0.74117647 0.85882353
v -1.32056332 0.66291428 -65.31502533 0.65098039 0.74117647 0.85882353
v -1.32890379 0.50306785 -65.36134338 0.65098039 0.74117647 0.85882353
v -1.33251178 0.48161656 -65.36120605 0.65098039 0.74117647 0.85882353
v -1.34855282 0.48444003 -65.37786865 0.65098039 0.74117647 0.85882353
v -1.34389281 0.50512552 -65.37693787 0.65098039 0.74117647 0.85882353
v -1.30630636 0.50038689 -65.20682526 0.65098039 0.74117647 0.85882353
v -1.30035913 0.50380957 -65.21266937 0.65098039 0.74117647 0.85882353
v -1.30359805 0.50965941 -65.20569611 0.65098039 0.74117647 0.85882353
v -1.30953383 0.50641704 -65.20112610 0.65098039 0.74117647 0.85882353
v -1.29811251 0.49700171 -65.21865082 0.65098039 0.74117647 0.85882353
v -1.30540109 0.49329925 -65.21099854 0.65098039 0.74117647 0.85882353
v -1.30478287 0.48522341 -65.21546936 0.65098039 0.74117647 0.85882353
v -1.29746449 0.48981375 -65.22435760 0.65098039 0.74117647 0.85882353
v -1.30023909 0.45902508 -65.25104523 0.65098039 0.74117647 0.85882353
v -1.29810643 0.47208869 -65.24013519 0.65098039 0.74117647 0.85882353
v -1.30627632 0.46605313 -65.22737885 0.65098039 0.74117647 0.85882353
v -1.30764139 0.45153207 -65.23574066 0.65098039 0.74117647 0.85882353
v -1.36670280 0.41907173 -65.37734985 0.65098039 0.74117647 0.85882353
v -1.36024868 0.44007337 -65.37854767 0.65098039 0.74117647 0.85882353
v -1.34481800 0.43662512 -65.36499786 0.65098039 0.74117647 0.85882353
v -1.35063863 0.41465414 -65.36639404 0.65098039 0.74117647 0.85882353
v -1.35447979 0.53623015 -65.15583801 0.65098039 0.74117647 0.85882353
v -1.35894215 0.52630568 -65.15004730 0.65098039 0.74117647 0.85882353
v -1.36814439 0.53693718 -65.14239502 0.65098039 0.74117647 0.85882353
v -1.36494434 0.54454851 -65.14762878 0.65098039 0.74117647 0.85882353
v -1.29898810 0.50752795 -65.17392731 0.65098039 0.74117647 0.85882353
v -1.29459584 0.51171488 -65.17160797 0.65098039 0.74117647 0.85882353
v -1.29536569 0.50445205 -65.16287994 0.65098039 0.74117647 0.85882353
v -1.29911506 0.50066483 -65.16585541 0.65098039 0.74117647 0.85882353
v -1.35859394 0.49922293 -65.14778900 0.65098039 0.74117647 0.85882353
v -1.36528456 0.48046947 -65.13813019 0.65098039 0.74117647 0.85882353
v -1.37245083 0.49356681 -65.13099670 0.65098039 0.74117647 0.85882353
v -1.36585951 0.51149285 -65.14191437 0.65098039 0.74117647 0.85882353
v -1.31154895 0.66941309 -65.21404266 0.65098039 0.74117647 0.85882353
v -1.31638384 0.67428070 -65.22312164 0.65098039 0.74117647 0.85882353
v -1.33578610 0.66807842 -65.19972229 0.65098039 0.74117647 0.85882353
v -1.33768833 0.49971741 -65.16641998 0.65098039 0.74117647 0.85882353
v -1.33029354 0.49533927 -65.17108917 0.65098039 0.74117647 0.85882353
v -1.33440280 0.47879738 -65.16368866 0.65098039 0.74117647 0.85882353
v -1.34383237 0.48247010 -65.15974426 0.65098039 0.74117647 0.85882353
v -1.35485315 0.49019784 -65.03870392 0.65098039 0.74117647 0.85882353
v -1.35309517 0.50943929 -65.05414581 0.65098039 0.74117647 0.85882353
v -1.36237752 0.45177662 -65.13214111 0.65098039 0.74117647 0.85882353
v -1.35850608 0.46982187 -65.14459229 0.65098039 0.74117647 0.85882353
v -1.34857190 0.46299875 -65.14952850 0.65098039 0.74117647 0.85882353
v -1.35055566 0.44465536 -65.13572693 0.65098039 0.74117647 0.85882353
v -1.31663299 0.40642476 -65.26296234 0.65098039 0.74117647 0.85882353
v -1.31284285 0.41479290 -65.28386688 0.65098039 0.74117647 0.85882353
v -1.32051086 0.30773729 -65.30175018 0.65098039 0.74117647 0.85882353
v -1.32304370 0.32740134 -65.30107117 0.65098039 0.74117647 0.85882353
v -1.32273412 0.32180059 -65.27891541 0.65098039 0.74117647 0.85882353
v -1.31979227 0.30322403 -65.27938843 0.65098039 0.74117647 0.85882353
v -1.32251000 0.27907199 -65.25789642 0.65098039 0.74117647 0.85882353
v -1.31818902 0.28759849 -65.30367279 0.65098039 0.74117647 0.85882353
v -1.31724572 0.28383160 -65.28109741 0.65098039 0.74117647 0.85882353
v -1.34502482 0.70153862 -65.27620697 0.65098039 0.74117647 0.85882353
v -1.33758104 0.69586104 -65.26798248 0.65098039 0.74117647 0.85882353
v -1.33445477 0.69340485 -65.28752136 0.65098039 0.74117647 0.85882353
v -1.34311700 0.70047373 -65.29294586 0.65098039 0.74117647 0.85882353
v -1.30448246 0.16482355 -65.26636505 0.65098039 0.74117647 0.85882353
v -1.31979144 0.16105102 -65.23890686 0.65098039 0.74117647 0.85882353
v -1.31778431 0.13346379 -65.24336243 0.65098039 0.74117647 0.85882353
v -1.30378103 0.13656856 -65.27364349 0.65098039 0.74117647 0.85882353
v -1.34498405 0.68547380 -65.32371521 0.65098039 0.74117647 0.85882353
v -1.35418606 0.69477797 -65.32375336 0.65098039 0.74117647 0.85882353
v -1.34774852 0.69710845 -65.30895996 0.65098039 0.74117647 0.85882353
v -1.33800173 0.68862492 -65.30632019 0.65098039 0.74117647 0.85882353
v -1.30547452 0.19029209 -65.26133728 0.65098039 0.74117647 0.85882353
v -1.32101405 0.18482621 -65.23632812 0.65098039 0.74117647 0.85882353
v -1.35554624 0.69773132 -65.26233673 0.65098039 0.74117647 0.85882353
v -1.35051620 0.69175929 -65.25273895 0.65098039 0.74117647 0.85882353
v -1.36778224 0.69084507 -65.25278473 0.65098039 0.74117647 0.85882353
v -1.36546314 0.68379194 -65.24502563 0.65098039 0.74117647 0.85882353
v -1.38202012 0.68649656 -65.24649048 0.65098039 0.74117647 0.85882353
v -1.33832407 0.15298189 -65.21782684 0.65098039 0.74117647 0.85882353
v -1.33478189 0.12621249 -65.21907043 0.65098039 0.74117647 0.85882353
v -1.35180998 0.70823961 -65.29772949 0.65098039 0.74117647 0.85882353
v -1.35617340 0.70550895 -65.31173706 0.65098039 0.74117647 0.85882353
v -1.36218154 0.70469344 -65.32392883 0.65098039 0.74117647 0.85882353
v -1.37178481 0.70643425 -65.33580017 0.65098039 0.74117647 0.85882353
v -1.38334942 0.70774472 -65.34665680 0.65098039 0.74117647 0.85882353
v -1.38990164 0.71868414 -65.34278870 0.65098039 0.74117647 0.85882353
v -1.33186078 0.25609308 -65.23495483 0.65098039 0.74117647 0.85882353
v -1.31859565 0.26098853 -65.25840759 0.65098039 0.74117647 0.85882353
v -1.31600022 0.03789191 -65.36566162 0.65098039 0.74117647 0.85882353
v -1.32137787 0.01948012 -65.35588074 0.65098039 0.74117647 0.85882353
v -1.34307241 0.02095328 -65.38044739 0.65098039 0.74117647 0.85882353
v -1.33396041 0.03780754 -65.38908386 0.65098039 0.74117647 0.85882353
v -1.38587618 0.05263500 -65.42945099 0.65098039 0.74117647 0.85882353
v -1.35782504 0.04241858 -65.41001892 0.65098039 0.74117647 0.85882353
v -1.37005854 0.02816771 -65.40037537 0.65098039 0.74117647 0.85882353
v -1.39922011 0.03801574 -65.41823578 0.65098039 0.74117647 0.85882353
v -1.35269594 0.17861944 -65.43212128 0.65098039 0.74117647 0.85882353
v -1.35435164 0.19961332 -65.42394257 0.65098039 0.74117647 0.85882353
v -1.33177388 0.19687535 -65.40641022 0.65098039 0.74117647 0.85882353
v -1.32927954 0.17578872 -65.41506958 0.65098039 0.74117647 0.85882353
v -1.31368208 0.26532173 -65.28286743 0.65098039 0.74117647 0.85882353
v -1.31453657 0.26821482 -65.30603027 0.65098039 0.74117647 0.85882353
v -1.35212886 0.25073683 -65.21581268 0.65098039 0.74117647 0.85882353
v -1.33907759 -0.00402282 -65.21584320 0.65098039 0.74117647 0.85882353
v -1.33789897 -0.03608374 -65.22140503 0.65098039 0.74117647 0.85882353
v -1.31599569 -0.03186114 -65.25318146 0.65098039 0.74117647 0.85882353
v -1.31502581 0.00058131 -65.24658203 0.65098039 0.74117647 0.85882353
v -1.31465912 -0.02670540 -65.32168579 0.65098039 0.74117647 0.85882353
v -1.33296382 -0.02505873 -65.35104370 0.65098039 0.74117647 0.85882353
v -1.32788992 -0.00162072 -65.35214233 0.65098039 0.74117647 0.85882353
v -1.30960083 0.00027798 -65.32064056 0.65098039 0.74117647 0.85882353
v -1.47728050 0.24256055 -65.19206238 0.65098039 0.74117647 0.85882353
v -1.47656119 0.22285216 -65.19477081 0.65098039 0.74117647 0.85882353
v -1.45211136 0.22739635 -65.19338226 0.65098039 0.74117647 0.85882353
v -1.53726578 0.23784076 -65.21362305 0.65098039 0.74117647 0.85882353
v -1.53762543 0.21760802 -65.21604156 0.65098039 0.74117647 0.85882353
v -1.51962256 0.21828820 -65.20637512 0.65098039 0.74117647 0.85882353
v -1.51898861 0.23819111 -65.20247650 0.65098039 0.74117647 0.85882353
v -1.52355397 0.10822462 -65.23500061 0.65098039 0.74117647 0.85882353
v -1.52089965 0.13154511 -65.22764587 0.65098039 0.74117647 0.85882353
v -1.53533268 0.13215314 -65.23673248 0.65098039 0.74117647 0.85882353
v -1.53554809 0.11069520 -65.24257660 0.65098039 0.74117647 0.85882353
v -1.36100745 0.14474933 -65.20318604 0.65098039 0.74117647 0.85882353
v -1.36490560 0.16861852 -65.20327759 0.65098039 0.74117647 0.85882353
v -1.39232600 0.15978231 -65.19706726 0.65098039 0.74117647 0.85882353
v -1.38989091 0.13707156 -65.19515228 0.65098039 0.74117647 0.85882353
v -1.38320327 0.01549087 -65.39250946 0.65098039 0.74117647 0.85882353
v -1.41345596 0.02688573 -65.40454102 0.65098039 0.74117647 0.85882353
v -1.37198758 -0.00386162 -65.19400787 0.65098039 0.74117647 0.85882353
v -1.36912417 -0.03803094 -65.19757843 0.65098039 0.74117647 0.85882353
v -1.40536606 -0.03841816 -65.18875122 0.65098039 0.74117647 0.85882353
v -1.40710115 -0.00388958 -65.18709564 0.65098039 0.74117647 0.85882353
v -1.43931413 -0.00461616 -65.19580078 0.65098039 0.74117647 0.85882353
v -1.43889546 -0.03734799 -65.19808197 0.65098039 0.74117647 0.85882353
v -1.51044142 0.02921422 -65.28019714 0.65098039 0.74117647 0.85882353
v -1.50484061 0.02367328 -65.28280640 0.65098039 0.74117647 0.85882353
v -1.50390387 0.03766410 -65.25444794 0.65098039 0.74117647 0.85882353
v -1.51351702 0.04899727 -65.25263214 0.65098039 0.74117647 0.85882353
v -1.36575711 0.09111930 -65.44212341 0.65098039 0.74117647 0.85882353
v -1.34016538 0.08328803 -65.42506409 0.65098039 0.74117647 0.85882353
v -1.34779859 0.06180941 -65.41962433 0.65098039 0.74117647 0.85882353
v -1.37399936 0.07119291 -65.43747711 0.65098039 0.74117647 0.85882353
v -1.32024837 0.27016103 -65.32778168 0.65098039 0.74117647 0.85882353
v -1.32404971 0.29040903 -65.32450867 0.65098039 0.74117647 0.85882353
v -1.33371532 0.29312164 -65.34281921 0.65098039 0.74117647 0.85882353
v -1.33570957 0.31588066 -65.33961487 0.65098039 0.74117647 0.85882353
v -1.32634079 0.31158745 -65.32209015 0.65098039 0.74117647 0.85882353
v -1.31824768 0.43839008 -65.32371521 0.65098039 0.74117647 0.85882353
v -1.30916381 0.45443892 -65.31414795 0.65098039 0.74117647 0.85882353
v -1.30667257 0.44009107 -65.29385376 0.65098039 0.74117647 0.85882353
v -1.31357408 0.42575443 -65.30361176 0.65098039 0.74117647 0.85882353
v -1.30409741 0.59111059 -65.32942200 0.65098039 0.74117647 0.85882353
v -1.30582249 0.57495058 -65.33441925 0.65098039 0.74117647 0.85882353
v -1.36042142 -0.01773687 -65.37541199 0.65098039 0.74117647 0.85882353
v -1.35990119 -0.04677458 -65.37009430 0.65098039 0.74117647 0.85882353
v -1.39299738 -0.04127558 -65.38227081 0.65098039 0.74117647 0.85882353
v -1.40194392 -0.00534718 -65.38853455 0.65098039 0.74117647 0.85882353
v -1.31823838 -0.05582936 -65.32289886 0.65098039 0.74117647 0.85882353
v -1.30791104 -0.02751605 -65.28771973 0.65098039 0.74117647 0.85882353
v -1.31171656 -0.05832554 -65.29280090 0.65098039 0.74117647 0.85882353
v -1.33956182 -0.06854163 -65.22522736 0.65098039 0.74117647 0.85882353
v -1.31907058 -0.06321897 -65.25825500 0.65098039 0.74117647 0.85882353
v -1.40574002 -0.07284151 -65.19155884 0.65098039 0.74117647 0.85882353
v -1.43868971 -0.07066469 -65.20208740 0.65098039 0.74117647 0.85882353
v -1.48998880 -0.03410034 -65.27822113 0.65098039 0.74117647 0.85882353
v -1.48432410 -0.05969508 -65.28572083 0.65098039 0.74117647 0.85882353
v -1.47724247 -0.06350811 -65.25600433 0.65098039 0.74117647 0.85882353
v -1.48072791 -0.03599830 -65.24903870 0.65098039 0.74117647 0.85882353
v -1.48459601 0.09769301 -65.21681213 0.65098039 0.74117647 0.85882353
v -1.47286129 0.07768489 -65.21453094 0.65098039 0.74117647 0.85882353
v -1.44594598 0.09419988 -65.20244598 0.65098039 0.74117647 0.85882353
v -1.44933379 0.11545615 -65.20318604 0.65098039 0.74117647 0.85882353
v -1.51885390 0.25874215 -65.19967651 0.65098039 0.74117647 0.85882353
v -1.53416252 0.25688654 -65.20903778 0.65098039 0.74117647 0.85882353
v -1.47750294 0.26250827 -65.19038391 0.65098039 0.74117647 0.85882353
v -1.50015068 0.26066130 -65.19313812 0.65098039 0.74117647 0.85882353
v -1.49979496 0.23975979 -65.19569397 0.65098039 0.74117647 0.85882353
v -1.51666451 0.35003829 -65.19727325 0.65098039 0.74117647 0.85882353
v -1.51865017 0.32675761 -65.19766998 0.65098039 0.74117647 0.85882353
v -1.49709618 0.32641494 -65.19106293 0.65098039 0.74117647 0.85882353
v -1.49482131 0.34855485 -65.18989563 0.65098039 0.74117647 0.85882353
v -1.49224973 0.37202525 -65.18935394 0.65098039 0.74117647 0.85882353
v -1.51370573 0.37398183 -65.19781494 0.65098039 0.74117647 0.85882353
v -1.50702202 0.42136502 -65.20550537 0.65098039 0.74117647 0.85882353
v -1.48743761 0.41510177 -65.19424438 0.65098039 0.74117647 0.85882353
v -1.49146271 0.43198395 -65.19068909 0.65098039 0.74117647 0.85882353
v -1.48116529 0.58543366 -65.22919464 0.65098039 0.74117647 0.85882353
v -1.49148571 0.57047296 -65.22490692 0.65098039 0.74117647 0.85882353
v -1.35806990 0.11779238 -65.20088959 0.65098039 0.74117647 0.85882353
v -1.44081819 -0.01129921 -65.38016510 0.65098039 0.74117647 0.85882353
v -1.42913854 -0.04185627 -65.38002014 0.65098039 0.74117647 0.85882353
v -1.45631123 -0.04546426 -65.36373901 0.65098039 0.74117647 0.85882353
v -1.46492791 -0.01910360 -65.35895538 0.65098039 0.74117647 0.85882353
v -1.34075880 0.17647775 -65.21775055 0.65098039 0.74117647 0.85882353
v -1.37724090 0.26142722 -65.20172119 0.65098039 0.74117647 0.85882353
v -1.37590396 0.24424903 -65.20272064 0.65098039 0.74117647 0.85882353
v -1.38683748 0.41780329 -65.18281555 0.65098039 0.74117647 0.85882353
v -1.38275158 0.39556473 -65.19201660 0.65098039 0.74117647 0.85882353
v -1.49624801 0.48095965 -65.16806793 0.65098039 0.74117647 0.85882353
v -1.49610353 0.49431586 -65.16915894 0.65098039 0.74117647 0.85882353
v -1.30382681 0.00259246 -65.28385925 0.65098039 0.74117647 0.85882353
v -1.40644228 -0.10440694 -65.19665527 0.65098039 0.74117647 0.85882353
v -1.43754923 -0.10288213 -65.20802307 0.65098039 0.74117647 0.85882353
v -1.43728197 -0.13391076 -65.21501160 0.65098039 0.74117647 0.85882353
v -1.40753162 -0.13476695 -65.20271301 0.65098039 0.74117647 0.85882353
v -1.47406995 -0.08348508 -65.31932831 0.65098039 0.74117647 0.85882353
v -1.46450818 -0.11349760 -65.32368469 0.65098039 0.74117647 0.85882353
v -1.47007287 -0.11656372 -65.29801178 0.65098039 0.74117647 0.85882353
v -1.47739351 -0.08762656 -65.29235077 0.65098039 0.74117647 0.85882353
v -1.45646870 -0.14388002 -65.32602692 0.65098039 0.74117647 0.85882353
v -1.44928694 -0.17347853 -65.32929993 0.65098039 0.74117647 0.85882353
v -1.45739686 -0.17822368 -65.30640411 0.65098039 0.74117647 0.85882353
v -1.46357167 -0.14804097 -65.30106354 0.65098039 0.74117647 0.85882353
v -1.36972475 -0.07156827 -65.20032501 0.65098039 0.74117647 0.85882353
v -1.34733355 -0.12900503 -65.22944641 0.65098039 0.74117647 0.85882353
v -1.34369957 -0.09894715 -65.22693634 0.65098039 0.74117647 0.85882353
v -1.37195706 -0.10320921 -65.20452881 0.65098039 0.74117647 0.85882353
v -1.37423873 -0.13365109 -65.20870209 0.65098039 0.74117647 0.85882353
v -1.33498085 -0.05224587 -65.34973907 0.65098039 0.74117647 0.85882353
v -1.49042046 -0.03138806 -65.30589294 0.65098039 0.74117647 0.85882353
v -1.48294759 -0.05572294 -65.31302643 0.65098039 0.74117647 0.85882353
v -1.43469691 -0.10890488 -65.36297607 0.65098039 0.74117647 0.85882353
v -1.44521582 -0.07677244 -65.36435699 0.65098039 0.74117647 0.85882353
v -1.41847563 -0.07493372 -65.37776947 0.65098039 0.74117647 0.85882353
v -1.40890980 -0.10729523 -65.37440491 0.65098039 0.74117647 0.85882353
v -1.32119250 -0.11217980 -65.31996155 0.65098039 0.74117647 0.85882353
v -1.32018209 -0.08429353 -65.32199097 0.65098039 0.74117647 0.85882353
v -1.31610858 -0.08754502 -65.29138947 0.65098039 0.74117647 0.85882353
v -1.31863558 -0.11594404 -65.29029083 0.65098039 0.74117647 0.85882353
v -1.32469141 -0.09308042 -65.25818634 0.65098039 0.74117647 0.85882353
v -1.32864404 -0.12237515 -65.25911713 0.65098039 0.74117647 0.85882353
v -1.35339463 -0.18783094 -65.23466492 0.65098039 0.74117647 0.85882353
v -1.35051680 -0.15866534 -65.23227692 0.65098039 0.74117647 0.85882353
v -1.37709105 -0.16382007 -65.21348572 0.65098039 0.74117647 0.85882353
v -1.38013017 -0.19293980 -65.21824646 0.65098039 0.74117647 0.85882353
v -1.33425307 -0.18019025 -65.26103210 0.65098039 0.74117647 0.85882353
v -1.33153450 -0.15120293 -65.26002502 0.65098039 0.74117647 0.85882353
v -1.32345605 -0.17241223 -65.28795624 0.65098039 0.74117647 0.85882353
v -1.32133603 -0.14417432 -65.28885651 0.65098039 0.74117647 0.85882353
v -1.32482433 -0.16704248 -65.31365204 0.65098039 0.74117647 0.85882353
v -1.32278371 -0.13971658 -65.31665039 0.65098039 0.74117647 0.85882353
v -1.33395505 -0.16382225 -65.33573914 0.65098039 0.74117647 0.85882353
v -1.33356786 -0.13729589 -65.34054565 0.65098039 0.74117647 0.85882353
v -1.35236311 -0.13606264 -65.35887146 0.65098039 0.74117647 0.85882353
v -1.35095894 -0.16286169 -65.35257721 0.65098039 0.74117647 0.85882353
v -1.37204981 -0.16295578 -65.36267090 0.65098039 0.74117647 0.85882353
v -1.37616932 -0.13539945 -65.36881256 0.65098039 0.74117647 0.85882353
v -1.41751409 -0.16683866 -65.36029816 0.65098039 0.74117647 0.85882353
v -1.42547989 -0.13894148 -65.36135101 0.65098039 0.74117647 0.85882353
v -1.40172231 -0.13681786 -65.37061310 0.65098039 0.74117647 0.85882353
v -1.39540172 -0.16424377 -65.36628723 0.65098039 0.74117647 0.85882353
v -1.38563836 -0.26897192 -65.36016083 0.65098039 0.74117647 0.85882353
v -1.39463246 -0.24324061 -65.36159515 0.65098039 0.74117647 0.85882353
v -1.37571490 -0.23992558 -65.35710907 0.65098039 0.74117647 0.85882353
v -1.36877680 -0.26536429 -65.35478973 0.65098039 0.74117647 0.85882353
v -1.35244358 -0.26236558 -65.34907532 0.65098039 0.74117647 0.85882353
v -1.35912514 -0.23803224 -65.34949493 0.65098039 0.74117647 0.85882353
v -1.34363472 -0.23743860 -65.34023285 0.65098039 0.74117647 0.85882353
v -1.33751059 -0.26126611 -65.33947754 0.65098039 0.74117647 0.85882353
v -1.32753658 -0.24396615 -65.30685425 0.65098039 0.74117647 0.85882353
v -1.32241344 -0.26882255 -65.30648804 0.65098039 0.74117647 0.85882353
v -1.32677066 -0.26343369 -65.32527161 0.65098039 0.74117647 0.85882353
v -1.33258748 -0.23919313 -65.32592010 0.65098039 0.74117647 0.85882353
v -1.32556689 -0.25070262 -65.28439331 0.65098039 0.74117647 0.85882353
v -1.32251072 -0.27606082 -65.28460693 0.65098039 0.74117647 0.85882353
v -1.33683789 -0.26013136 -65.26186371 0.65098039 0.74117647 0.85882353
v -1.33698046 -0.28622770 -65.26451111 0.65098039 0.74117647 0.85882353
v -1.36060750 -0.26965147 -65.24544525 0.65098039 0.74117647 0.85882353
v -1.35980451 -0.29578626 -65.24890137 0.65098039 0.74117647 0.85882353
v -1.43766069 -0.26048249 -65.32858276 0.65098039 0.74117647 0.85882353
v -1.42890835 -0.25402248 -65.34654999 0.65098039 0.74117647 0.85882353
v -1.41837311 -0.27889436 -65.35112762 0.65098039 0.74117647 0.85882353
v -1.42887485 -0.28573745 -65.33529663 0.65098039 0.74117647 0.85882353
v -1.43663621 -0.27252775 -65.28120422 0.65098039 0.74117647 0.85882353
v -1.42711103 -0.29807669 -65.29103851 0.65098039 0.74117647 0.85882353
v -1.42481124 -0.30143100 -65.26447296 0.65098039 0.74117647 0.85882353
v -1.43116462 -0.27660102 -65.25376129 0.65098039 0.74117647 0.85882353
v -1.35646713 -0.21610962 -65.23729706 0.65098039 0.74117647 0.85882353
v -1.33695400 -0.20763727 -65.26181793 0.65098039 0.74117647 0.85882353
v -1.32592368 -0.19936566 -65.28717041 0.65098039 0.74117647 0.85882353
v -1.32755709 -0.19326063 -65.31100464 0.65098039 0.74117647 0.85882353
v -1.40983963 -0.19285502 -65.36080933 0.65098039 0.74117647 0.85882353
v -1.38827908 -0.18990149 -65.36312866 0.65098039 0.74117647 0.85882353
v -1.45166004 -0.20731153 -65.31290436 0.65098039 0.74117647 0.85882353
v -1.44325769 -0.20152025 -65.33383942 0.65098039 0.74117647 0.85882353
v -1.41388357 -0.25196534 -65.22772217 0.65098039 0.74117647 0.85882353
v -1.38561904 -0.24917643 -65.22663116 0.65098039 0.74117647 0.85882353
v -1.38348579 -0.22135340 -65.22288513 0.65098039 0.74117647 0.85882353
v -1.41237688 -0.22298960 -65.22315216 0.65098039 0.74117647 0.85882353
v -1.33712673 -0.23388778 -65.26157379 0.65098039 0.74117647 0.85882353
v -1.32713735 -0.22522511 -65.28572845 0.65098039 0.74117647 0.85882353
v -1.32933760 -0.21880303 -65.30825806 0.65098039 0.74117647 0.85882353
v -1.34744751 -0.21305434 -65.34275818 0.65098039 0.74117647 0.85882353
v -1.33509874 -0.21443458 -65.32777405 0.65098039 0.74117647 0.85882353
v -1.36373281 -0.21355928 -65.35251617 0.65098039 0.74117647 0.85882353
v -1.40236866 -0.21797101 -65.36104584 0.65098039 0.74117647 0.85882353
v -1.38198245 -0.21489887 -65.36038208 0.65098039 0.74117647 0.85882353
v -1.44466758 -0.23475005 -65.32072449 0.65098039 0.74117647 0.85882353
v -1.43679857 -0.22841831 -65.33995056 0.65098039 0.74117647 0.85882353
v -1.40804672 -0.30322617 -65.24284363 0.65098039 0.74117647 0.85882353
v -1.38240933 -0.30197519 -65.23747253 0.65098039 0.74117647 0.85882353
v -1.38477135 -0.27662629 -65.23171234 0.65098039 0.74117647 0.85882353
v -1.41271734 -0.27970916 -65.23315430 0.65098039 0.74117647 0.85882353
v -1.40027726 -0.32486433 -65.25624847 0.65098039 0.74117647 0.85882353
v -1.41393411 -0.32330471 -65.27451324 0.65098039 0.74117647 0.85882353
v -1.32943010 -0.28520924 -65.34149933 0.65098039 0.74117647 0.85882353
v -1.34319329 -0.28589362 -65.35169220 0.65098039 0.74117647 0.85882353
v -1.31930590 -0.28874123 -65.32646942 0.65098039 0.74117647 0.85882353
v -1.33598554 -0.31376189 -65.26692200 0.65098039 0.74117647 0.85882353
v -1.31869590 -0.30221289 -65.28623962 0.65098039 0.74117647 0.85882353
v -1.35931373 -0.32283443 -65.25399780 0.65098039 0.74117647 0.85882353
v -1.38078415 -0.32425994 -65.24819946 0.65098039 0.74117647 0.85882353
v -1.39599621 -0.32992870 -65.35693359 0.65098039 0.74117647 0.85882353
v -1.40644312 -0.33653492 -65.34273529 0.65098039 0.74117647 0.85882353
v -1.41765404 -0.30890661 -65.33856201 0.65098039 0.74117647 0.85882353
v -1.40649104 -0.30336779 -65.35212708 0.65098039 0.74117647 0.85882353
v -1.36620724 -0.31882244 -65.36974335 0.65098039 0.74117647 0.85882353
v -1.37666273 -0.29392660 -65.35871887 0.65098039 0.74117647 0.85882353
v -1.36024451 -0.28950161 -65.35643768 0.65098039 0.74117647 0.85882353
v -1.34812307 -0.31335545 -65.36927795 0.65098039 0.74117647 0.85882353
v -1.31619251 -0.31141418 -65.34927368 0.65098039 0.74117647 0.85882353
v -1.33035529 -0.31075871 -65.36189270 0.65098039 0.74117647 0.85882353
v -1.30595458 -0.31407148 -65.33251953 0.65098039 0.74117647 0.85882353
v -1.31363428 -0.33088970 -65.28967285 0.65098039 0.74117647 0.85882353
v -1.30305362 -0.32034427 -65.31092072 0.65098039 0.74117647 0.85882353
v -1.31396127 -0.29339653 -65.30796051 0.65098039 0.74117647 0.85882353
v -1.33335757 -0.34284991 -65.26895142 0.65098039 0.74117647 0.85882353
v -1.35546517 -0.38252169 -65.27170563 0.65098039 0.74117647 0.85882353
v -1.32723987 -0.37349987 -65.27381134 0.65098039 0.74117647 0.85882353
v -1.36203289 -0.35280961 -65.26364136 0.65098039 0.74117647 0.85882353
v -1.35724473 -0.47617191 -65.31798553 0.65098039 0.74117647 0.85882353
v -1.35049129 -0.50892156 -65.33013153 0.65098039 0.74117647 0.85882353
v -1.33262753 -0.50693959 -65.31799316 0.65098039 0.74117647 0.85882353
v -1.33722317 -0.47483486 -65.30393982 0.65098039 0.74117647 0.85882353
v -1.38932514 -0.35787904 -65.36801910 0.65098039 0.74117647 0.85882353
v -1.39887822 -0.36437255 -65.35071564 0.65098039 0.74117647 0.85882353
v -1.33706987 -0.34049201 -65.38232422 0.65098039 0.74117647 0.85882353
v -1.35732913 -0.34575981 -65.38378143 0.65098039 0.74117647 0.85882353
v -1.29597104 -0.39093274 -65.30127716 0.65098039 0.74117647 0.85882353
v -1.28384459 -0.37990493 -65.32410431 0.65098039 0.74117647 0.85882353
v -1.29250753 -0.34953511 -65.31581879 0.65098039 0.74117647 0.85882353
v -1.30463004 -0.36062318 -65.29347229 0.65098039 0.74117647 0.85882353
v -1.38205123 -0.45713818 -65.38306427 0.65098039 0.74117647 0.85882353
v -1.38961840 -0.42547858 -65.37392426 0.65098039 0.74117647 0.85882353
v -1.37806273 -0.41861528 -65.39199829 0.65098039 0.74117647 0.85882353
v -1.37132263 -0.45097834 -65.39980316 0.65098039 0.74117647 0.85882353
v -1.32995176 -0.37039632 -65.39530182 0.65098039 0.74117647 0.85882353
v -1.32370496 -0.40229338 -65.40556335 0.65098039 0.74117647 0.85882353
v -1.34430504 -0.40698737 -65.40728760 0.65098039 0.74117647 0.85882353
v -1.35119379 -0.37538171 -65.39688110 0.65098039 0.74117647 0.85882353
v -1.28883874 -0.45719242 -65.32276154 0.65098039 0.74117647 0.85882353
v -1.27699709 -0.44825906 -65.34384918 0.65098039 0.74117647 0.85882353
v -1.27841210 -0.41279441 -65.33370209 0.65098039 0.74117647 0.85882353
v -1.29084265 -0.42304444 -65.31120300 0.65098039 0.74117647 0.85882353
v -1.34855604 -0.41217959 -65.28042603 0.65098039 0.74117647 0.85882353
v -1.34168780 -0.44297063 -65.29122925 0.65098039 0.74117647 0.85882353
v -1.31405044 -0.43409693 -65.29368591 0.65098039 0.74117647 0.85882353
v -1.31982839 -0.40329057 -65.28269958 0.65098039 0.74117647 0.85882353
v -1.37034762 -0.41338104 -65.29548645 0.65098039 0.74117647 0.85882353
v -1.36333573 -0.44397622 -65.30567932 0.65098039 0.74117647 0.85882353
v -1.35210776 -0.52182400 -65.40680695 0.65098039 0.74117647 0.85882353
v -1.36061096 -0.52939403 -65.39401245 0.65098039 0.74117647 0.85882353
v -1.37115216 -0.49244314 -65.38859558 0.65098039 0.74117647 0.85882353
v -1.36144805 -0.48538584 -65.40303802 0.65098039 0.74117647 0.85882353
v -1.31824839 -0.43667042 -65.41121674 0.65098039 0.74117647 0.85882353
v -1.31459093 -0.47377658 -65.41352844 0.65098039 0.74117647 0.85882353
v -1.33254445 -0.47656369 -65.41546631 0.65098039 0.74117647 0.85882353
v -1.33845043 -0.44046146 -65.41394806 0.65098039 0.74117647 0.85882353
v -1.28761208 -0.53010112 -65.34835815 0.65098039 0.74117647 0.85882353
v -1.27934718 -0.52319050 -65.36634064 0.65098039 0.74117647 0.85882353
v -1.27767587 -0.48556101 -65.35477448 0.65098039 0.74117647 0.85882353
v -1.28781104 -0.49289787 -65.33567810 0.65098039 0.74117647 0.85882353
v -1.32760251 -0.54200506 -65.33287048 0.65098039 0.74117647 0.85882353
v -1.30477583 -0.53711277 -65.33386993 0.65098039 0.74117647 0.85882353
v -1.30764198 -0.50112242 -65.31880951 0.65098039 0.74117647 0.85882353
v -1.34385467 -0.54358387 -65.34320831 0.65098039 0.74117647 0.85882353
v -1.33812320 -0.57830352 -65.35404205 0.65098039 0.74117647 0.85882353
v -1.32422972 -0.57694465 -65.34556580 0.65098039 0.74117647 0.85882353
v -1.34478390 -0.55729085 -65.41104126 0.65098039 0.74117647 0.85882353
v -1.35149348 -0.56370467 -65.39813232 0.65098039 0.74117647 0.85882353
v -1.32434773 -0.54942423 -65.42235565 0.65098039 0.74117647 0.85882353
v -1.32744133 -0.51368195 -65.41766357 0.65098039 0.74117647 0.85882353
v -1.31176209 -0.51074857 -65.41648865 0.65098039 0.74117647 0.85882353
v -1.31003451 -0.54605019 -65.42185974 0.65098039 0.74117647 0.85882353
v -1.28417718 -0.51475596 -65.39735413 0.65098039 0.74117647 0.85882353
v -1.28471470 -0.55010861 -65.40391541 0.65098039 0.74117647 0.85882353
v -1.29567361 -0.54632473 -65.41524506 0.65098039 0.74117647 0.85882353
v -1.29632246 -0.51102006 -65.40922546 0.65098039 0.74117647 0.85882353
v -1.28174818 -0.55761021 -65.37675476 0.65098039 0.74117647 0.85882353
v -1.28090334 -0.55325943 -65.39149475 0.65098039 0.74117647 0.85882353
v -1.27821267 -0.51798087 -65.38298035 0.65098039 0.74117647 0.85882353
v -1.28831625 -0.56402105 -65.35951996 0.65098039 0.74117647 0.85882353
v -1.30454135 -0.57199591 -65.34674072 0.65098039 0.74117647 0.85882353
v -1.46348119 0.01487829 -65.36472321 0.65098039 0.74117647 0.85882353
v -1.45216453 0.00862549 -65.37310791 0.65098039 0.74117647 0.85882353
v -1.47197437 -0.00161894 -65.34969330 0.65098039 0.74117647 0.85882353
v -1.48041403 0.00710554 -65.34056091 0.65098039 0.74117647 0.85882353
v -1.46766818 -0.12367029 -65.26697540 0.65098039 0.74117647 0.85882353
v -1.47260225 -0.09285389 -65.26142883 0.65098039 0.74117647 0.85882353
v -1.45901072 -0.18474285 -65.28044128 0.65098039 0.74117647 0.85882353
v -1.46334732 -0.15504061 -65.27251434 0.65098039 0.74117647 0.85882353
v -1.45294976 -0.21344511 -65.28798676 0.65098039 0.74117647 0.85882353
v -1.43916535 -0.26736850 -65.30700684 0.65098039 0.74117647 0.85882353
v -1.44594073 -0.24105985 -65.29679108 0.65098039 0.74117647 0.85882353
v -1.43039525 -0.29259390 -65.31465149 0.65098039 0.74117647 0.85882353
v -1.42004645 -0.31769216 -65.31909943 0.65098039 0.74117647 0.85882353
v -1.40928841 -0.34463727 -65.32289124 0.65098039 0.74117647 0.85882353
v -1.39511466 -0.40044922 -65.33864594 0.65098039 0.74117647 0.85882353
v -1.39997339 -0.37155282 -65.32923889 0.65098039 0.74117647 0.85882353
v -1.39433444 -0.39451450 -65.36219788 0.65098039 0.74117647 0.85882353
v -1.38284743 -0.46486652 -65.35933685 0.65098039 0.74117647 0.85882353
v -1.39001453 -0.43185192 -65.34922791 0.65098039 0.74117647 0.85882353
v -1.36173356 -0.53665107 -65.37638092 0.65098039 0.74117647 0.85882353
v -1.37246525 -0.50043190 -65.36827850 0.65098039 0.74117647 0.85882353
v -1.35151112 -0.57039106 -65.38207245 0.65098039 0.74117647 0.85882353
v -1.46498978 0.01890309 -65.21505737 0.65098039 0.74117647 0.85882353
v -1.46638763 0.04081391 -65.21337891 0.65098039 0.74117647 0.85882353
v -1.48659623 0.02832006 -65.23339844 0.65098039 0.74117647 0.85882353
v -1.48458874 0.01082720 -65.23775482 0.65098039 0.74117647 0.85882353
v -1.49876297 0.02101986 -65.31350708 0.65098039 0.74117647 0.85882353
v -1.49512100 0.01927488 -65.31692505 0.65098039 0.74117647 0.85882353
v -1.50084043 0.01923947 -65.30159760 0.65098039 0.74117647 0.85882353
v -1.50501060 0.02213950 -65.29946136 0.65098039 0.74117647 0.85882353
v -1.35869777 -0.24334122 -65.24128723 0.65098039 0.74117647 0.85882353
v -1.33473802 -0.18945880 -65.33164215 0.65098039 0.74117647 0.85882353
v -1.36770701 -0.18840607 -65.35726166 0.65098039 0.74117647 0.85882353
v -1.34959447 -0.18825330 -65.34664154 0.65098039 0.74117647 0.85882353
v -1.44592023 -0.24715684 -65.27049255 0.65098039 0.74117647 0.85882353
v -1.43528616 -0.25022858 -65.24472809 0.65098039 0.74117647 0.85882353
v -1.43640327 -0.22228427 -65.23744965 0.65098039 0.74117647 0.85882353
v -1.44888437 -0.21918596 -65.26151276 0.65098039 0.74117647 0.85882353
v -1.37744212 -0.38652092 -65.28674316 0.65098039 0.74117647 0.85882353
v -1.39244711 -0.37986058 -65.30708313 0.65098039 0.74117647 0.85882353
v -1.38473296 -0.40777558 -65.31671906 0.65098039 0.74117647 0.85882353
v -1.38424385 -0.36235517 -65.27723694 0.65098039 0.74117647 0.85882353
v -1.29293418 -0.34152049 -65.33918762 0.65098039 0.74117647 0.85882353
v -1.30256772 -0.33810014 -65.35852814 0.65098039 0.74117647 0.85882353
v -1.30911410 -0.36718321 -65.38562775 0.65098039 0.74117647 0.85882353
v -1.31795573 -0.33801603 -65.37289429 0.65098039 0.74117647 0.85882353
v -1.29233623 -0.36755431 -65.36968231 0.65098039 0.74117647 0.85882353
v -1.45534039 -0.16225366 -65.24563599 0.65098039 0.74117647 0.85882353
v -1.45256710 -0.19122581 -65.25395203 0.65098039 0.74117647 0.85882353
v -1.43618548 -0.19376884 -65.23054504 0.65098039 0.74117647 0.85882353
v -1.43698156 -0.16430520 -65.22286224 0.65098039 0.74117647 0.85882353
v -1.32593441 0.34647977 -65.30084229 0.65098039 0.74117647 0.85882353
v -1.32618856 0.34032190 -65.27951813 0.65098039 0.74117647 0.85882353
v -1.42117918 0.44822270 -65.16147614 0.65098039 0.74117647 0.85882353
v -1.43389940 0.44132036 -65.16351318 0.65098039 0.74117647 0.85882353
v -1.42369568 0.42801774 -65.17179108 0.65098039 0.74117647 0.85882353
v -1.40710783 0.43507087 -65.17071533 0.65098039 0.74117647 0.85882353
v -1.39578390 0.44600487 -65.16869354 0.65098039 0.74117647 0.85882353
v -1.41076767 0.45837492 -65.15997314 0.65098039 0.74117647 0.85882353
v -1.38721943 0.45937282 -65.16801453 0.65098039 0.74117647 0.85882353
v -1.40214038 0.47165889 -65.16017914 0.65098039 0.74117647 0.85882353
v -1.36597788 0.52144557 -65.17051697 0.65098039 0.74117647 0.85882353
v -1.36347187 0.53031057 -65.16865540 0.65098039 0.74117647 0.85882353
v -1.52536464 0.42207724 -65.21878052 0.65098039 0.74117647 0.85882353
v -1.52938807 0.39891338 -65.21385193 0.65098039 0.74117647 0.85882353
v -1.51077580 0.39743245 -65.20004272 0.65098039 0.74117647 0.85882353
v -1.49937212 0.21970050 -65.19889832 0.65098039 0.74117647 0.85882353
v -1.47928178 0.13309498 -65.21070099 0.65098039 0.74117647 0.85882353
v -1.50264251 0.13133912 -65.21883392 0.65098039 0.74117647 0.85882353
v -1.50754499 0.10474007 -65.22723389 0.65098039 0.74117647 0.85882353
v -1.52468824 0.04802062 -65.26672363 0.65098039 0.74117647 0.85882353
v -1.52439189 0.03754498 -65.28392792 0.65098039 0.74117647 0.85882353
v -1.51283884 0.02556013 -65.30229950 0.65098039 0.74117647 0.85882353
v -1.50332606 0.02243249 -65.31580353 0.65098039 0.74117647 0.85882353
v -1.33819354 0.40814084 -65.35169220 0.65098039 0.74117647 0.85882353
v -1.33290482 0.43002385 -65.34850311 0.65098039 0.74117647 0.85882353
v -1.33785391 0.60197324 -65.35757446 0.65098039 0.74117647 0.85882353
v -1.32122743 0.60357767 -65.34245300 0.65098039 0.74117647 0.85882353
v -1.32221079 0.63083881 -65.33628082 0.65098039 0.74117647 0.85882353
v -1.33839417 0.62864691 -65.35178375 0.65098039 0.74117647 0.85882353
v -1.34059525 0.64043325 -65.34918213 0.65098039 0.74117647 0.85882353
v -1.32489896 0.64209765 -65.33419800 0.65098039 0.74117647 0.85882353
v -1.36476028 0.69547683 -65.33771515 0.65098039 0.74117647 0.85882353
v -1.35719395 0.68306690 -65.33843231 0.65098039 0.74117647 0.85882353
v -1.48684072 0.02252464 -65.33343506 0.65098039 0.74117647 0.85882353
v -1.48107624 0.02090080 -65.34197235 0.65098039 0.74117647 0.85882353
v -1.49170458 0.01701926 -65.32247925 0.65098039 0.74117647 0.85882353
v -1.49401021 -0.01224448 -65.27118683 0.65098039 0.74117647 0.85882353
v -1.49653625 0.00427394 -65.26403046 0.65098039 0.74117647 0.85882353
v -1.49860942 0.00172172 -65.29119873 0.65098039 0.74117647 0.85882353
v -1.49538863 -0.01210897 -65.29801178 0.65098039 0.74117647 0.85882353
v -1.31653357 0.03299545 -65.23844910 0.65098039 0.74117647 0.85882353
v -1.34296608 0.02883987 -65.20839691 0.65098039 0.74117647 0.85882353
v -1.35303497 0.00357802 -65.37658691 0.65098039 0.74117647 0.85882353
v -1.35234332 0.40946025 -65.09665680 0.65098039 0.74117647 0.85882353
v -1.35124326 0.42676747 -65.11734009 0.65098039 0.74117647 0.85882353
v -1.33678973 0.42347085 -65.11534119 0.65098039 0.74117647 0.85882353
v -1.33868992 0.40707070 -65.09371185 0.65098039 0.74117647 0.85882353
v -1.31320381 0.50137192 -65.34122467 0.65098039 0.74117647 0.85882353
v -1.31548214 0.47542173 -65.33650208 0.65098039 0.74117647 0.85882353
v -1.36481214 0.67609841 -65.23654938 0.65098039 0.74117647 0.85882353
v -1.32895648 0.66067892 -65.17448425 0.65098039 0.74117647 0.85882353
v -1.33232892 0.66489416 -65.18789673 0.65098039 0.74117647 0.85882353
v -1.35536265 0.65492922 -65.17604065 0.65098039 0.74117647 0.85882353
v -1.35272038 0.65206134 -65.16505432 0.65098039 0.74117647 0.85882353
v -1.27348387 0.61362344 -65.22277069 0.65098039 0.74117647 0.85882353
v -1.27337432 0.61622816 -65.23893738 0.65098039 0.74117647 0.85882353
v -1.27899778 0.63350940 -65.22860718 0.65098039 0.74117647 0.85882353
v -1.27891541 0.62964433 -65.21368408 0.65098039 0.74117647 0.85882353
v -1.32898653 0.15321569 -65.42292786 0.65098039 0.74117647 0.85882353
v -1.35296321 0.15689193 -65.43916321 0.65098039 0.74117647 0.85882353
v -1.36201930 0.34741616 -65.37001038 0.65098039 0.74117647 0.85882353
v -1.35940576 0.37106210 -65.36901093 0.65098039 0.74117647 0.85882353
v -1.34640980 0.36466771 -65.35504150 0.65098039 0.74117647 0.85882353
v -1.34753180 0.34220541 -65.35564423 0.65098039 0.74117647 0.85882353
v -1.30040705 0.48420042 -65.31337738 0.65098039 0.74117647 0.85882353
v -1.30000758 0.46699888 -65.29814148 0.65098039 0.74117647 0.85882353
v -1.52396059 0.50080901 -65.20724487 0.65098039 0.74117647 0.85882353
v -1.51499522 0.50589770 -65.19400787 0.65098039 0.74117647 0.85882353
v -1.50820696 0.52518487 -65.19876099 0.65098039 0.74117647 0.85882353
v -1.51839685 0.52205813 -65.21149445 0.65098039 0.74117647 0.85882353
v -1.30797708 0.45741230 -65.12797546 0.65098039 0.74117647 0.85882353
v -1.32154584 0.44429004 -65.13122559 0.65098039 0.74117647 0.85882353
v -1.32349992 0.46192205 -65.15000153 0.65098039 0.74117647 0.85882353
v -1.31226182 0.46977943 -65.14948273 0.65098039 0.74117647 0.85882353
v -1.30518425 0.02550428 -65.32363129 0.65098039 0.74117647 0.85882353
v -1.30111587 0.03804655 -65.28082275 0.65098039 0.74117647 0.85882353
v -1.32945716 0.36775792 -65.25382233 0.65098039 0.74117647 0.85882353
v -1.33150935 0.35095978 -65.25643921 0.65098039 0.74117647 0.85882353
v -1.32573378 0.35805559 -65.27923584 0.65098039 0.74117647 0.85882353
v -1.32226419 0.37440884 -65.27632904 0.65098039 0.74117647 0.85882353
v -1.32481349 0.41609710 -65.23590088 0.65098039 0.74117647 0.85882353
v -1.32585692 0.40088624 -65.24241638 0.65098039 0.74117647 0.85882353
v -1.32177711 0.43060565 -65.22820282 0.65098039 0.74117647 0.85882353
v -1.32033825 0.51690149 -65.18391418 0.65098039 0.74117647 0.85882353
v -1.31833220 0.51494426 -65.18866730 0.65098039 0.74117647 0.85882353
v -1.31164134 0.51506764 -65.19306946 0.65098039 0.74117647 0.85882353
v -1.48259950 -0.01004408 -65.24294281 0.65098039 0.74117647 0.85882353
v -1.49225736 0.05774854 -65.23075104 0.65098039 0.74117647 0.85882353
v -1.50297201 0.07029124 -65.23210144 0.65098039 0.74117647 0.85882353
v -1.49173260 0.02309291 -65.32689667 0.65098039 0.74117647 0.85882353
v -1.49496043 0.02308361 -65.32657623 0.65098039 0.74117647 0.85882353
v -1.38178539 0.69698280 -65.24915314 0.65098039 0.74117647 0.85882353
v -1.36947143 0.69945544 -65.25820923 0.65098039 0.74117647 0.85882353
v -1.35167074 0.48925728 -65.15354919 0.65098039 0.74117647 0.85882353
v -1.34441197 0.50673479 -65.16095734 0.65098039 0.74117647 0.85882353
v -1.32531512 0.49978644 -65.19251251 0.65098039 0.74117647 0.85882353
v -1.32590783 0.50769597 -65.18889618 0.65098039 0.74117647 0.85882353
v -1.33742976 0.51249456 -65.18279266 0.65098039 0.74117647 0.85882353
v -1.33850384 0.50444126 -65.18578339 0.65098039 0.74117647 0.85882353
v -1.31476188 0.49868250 -65.19963837 0.65098039 0.74117647 0.85882353
v -1.31666708 0.50575191 -65.19521332 0.65098039 0.74117647 0.85882353
v -1.40619397 0.57966882 -65.16199493 0.65098039 0.74117647 0.85882353
v -1.39825320 0.59640813 -65.16109467 0.65098039 0.74117647 0.85882353
v -1.40366042 0.60158145 -65.16914368 0.65098039 0.74117647 0.85882353
v -1.41225040 0.58441263 -65.16831970 0.65098039 0.74117647 0.85882353
v -1.42083716 0.58706570 -65.17563629 0.65098039 0.74117647 0.85882353
v -1.40988326 0.60513091 -65.17795563 0.65098039 0.74117647 0.85882353
v -1.41871548 0.60708404 -65.18709564 0.65098039 0.74117647 0.85882353
v -1.43107057 0.58886474 -65.18394470 0.65098039 0.74117647 0.85882353
v -1.38850546 0.65958732 -65.22372437 0.65098039 0.74117647 0.85882353
v -1.41098034 0.65433192 -65.22724152 0.65098039 0.74117647 0.85882353
v -1.43072236 0.65036517 -65.23545074 0.65098039 0.74117647 0.85882353
v -1.44740951 0.64768249 -65.24423218 0.65098039 0.74117647 0.85882353
v -1.34943616 0.67243081 -65.34064484 0.65098039 0.74117647 0.85882353
v -1.33418655 0.67379844 -65.32257843 0.65098039 0.74117647 0.85882353
v -1.33161092 0.66255784 -65.32961273 0.65098039 0.74117647 0.85882353
v -1.34500349 0.66200280 -65.34403992 0.65098039 0.74117647 0.85882353
v -1.35850132 0.66269284 -65.35679626 0.65098039 0.74117647 0.85882353
v -1.36275935 0.67416912 -65.35391998 0.65098039 0.74117647 0.85882353
v -1.39751291 0.68415880 -65.24446869 0.65098039 0.74117647 0.85882353
v -1.41556489 0.68180346 -65.24508667 0.65098039 0.74117647 0.85882353
v -1.43447363 0.66878623 -65.25010681 0.65098039 0.74117647 0.85882353
v -1.33668005 0.48773611 -65.03652954 0.65098039 0.74117647 0.85882353
v -1.33450496 0.50627184 -65.05183411 0.65098039 0.74117647 0.85882353
v -1.35294139 0.70849103 -65.28356171 0.65098039 0.74117647 0.85882353
v -1.35948443 0.70466787 -65.26976776 0.65098039 0.74117647 0.85882353
v -1.31985056 0.47925508 -65.04022217 0.65098039 0.74117647 0.85882353
v -1.31749606 0.49809092 -65.05596924 0.65098039 0.74117647 0.85882353
v -1.37969017 0.64023989 -65.18133545 0.65098039 0.74117647 0.85882353
v -1.37488711 0.63858920 -65.17042542 0.65098039 0.74117647 0.85882353
v -1.35940278 0.65687442 -65.18765259 0.65098039 0.74117647 0.85882353
v -1.39690840 0.69467098 -65.24500275 0.65098039 0.74117647 0.85882353
v -1.41396272 0.69297796 -65.24420929 0.65098039 0.74117647 0.85882353
v -1.32215118 0.06550311 -65.22897339 0.65098039 0.74117647 0.85882353
v -1.34886217 0.06007396 -65.20335388 0.65098039 0.74117647 0.85882353
v -1.35810399 0.32129925 -65.21566010 0.65098039 0.74117647 0.85882353
v -1.37914944 0.31559211 -65.20163727 0.65098039 0.74117647 0.85882353
v -1.55116808 0.35238481 -65.22341919 0.65098039 0.74117647 0.85882353
v -1.55311596 0.33044028 -65.22277069 0.65098039 0.74117647 0.85882353
v -1.53678870 0.32781297 -65.20864105 0.65098039 0.74117647 0.85882353
v -1.53523052 0.35138714 -65.20860291 0.65098039 0.74117647 0.85882353
v -1.54145503 0.42147106 -65.23506165 0.65098039 0.74117647 0.85882353
v -1.54493809 0.39902765 -65.23062134 0.65098039 0.74117647 0.85882353
v -1.43747127 0.70149344 -65.24519348 0.65098039 0.74117647 0.85882353
v -1.51950145 0.28118634 -65.19942474 0.65098039 0.74117647 0.85882353
v -1.51923144 0.30431736 -65.19929504 0.65098039 0.74117647 0.85882353
v -1.53710556 0.30438477 -65.21065521 0.65098039 0.74117647 0.85882353
v -1.53849030 0.27909160 -65.21153259 0.65098039 0.74117647 0.85882353
v -1.54447770 0.25565153 -65.21866608 0.65098039 0.74117647 0.85882353
v -1.54551399 0.24573748 -65.21987915 0.65098039 0.74117647 0.85882353
v -1.52580547 0.08947502 -65.24117279 0.65098039 0.74117647 0.85882353
v -1.53481627 0.09151138 -65.24728394 0.65098039 0.74117647 0.85882353
v -1.36410999 0.55513984 -65.09838867 0.65098039 0.74117647 0.85882353
v -1.34733343 0.56104720 -65.09056854 0.65098039 0.74117647 0.85882353
v -1.34715855 0.57550389 -65.09946442 0.65098039 0.74117647 0.85882353
v -1.36279714 0.56764776 -65.10624695 0.65098039 0.74117647 0.85882353
v -1.47628701 0.28383172 -65.19046783 0.65098039 0.74117647 0.85882353
v -1.49952316 0.28285867 -65.19279480 0.65098039 0.74117647 0.85882353
v -1.38145328 0.52165723 -65.16334534 0.65098039 0.74117647 0.85882353
v -1.36833382 0.51162571 -65.17185211 0.65098039 0.74117647 0.85882353
v -1.52595794 0.44530851 -65.21997833 0.65098039 0.74117647 0.85882353
v -1.50343764 0.50923675 -65.18213654 0.65098039 0.74117647 0.85882353
v -1.49659264 0.52620530 -65.18682098 0.65098039 0.74117647 0.85882353
v -1.49159253 0.51045984 -65.17244720 0.65098039 0.74117647 0.85882353
v -1.48446107 0.52632332 -65.17686462 0.65098039 0.74117647 0.85882353
v -1.48610318 0.02636348 -65.33824158 0.65098039 0.74117647 0.85882353
v -1.48555946 0.02648182 -65.33676147 0.65098039 0.74117647 0.85882353
v -1.28094745 0.53068745 -65.14189911 0.65098039 0.74117647 0.85882353
v -1.28374815 0.52246827 -65.14694977 0.65098039 0.74117647 0.85882353
v -1.28121948 0.53098029 -65.15748596 0.65098039 0.74117647 0.85882353
v -1.27792704 0.53975642 -65.15209961 0.65098039 0.74117647 0.85882353
v -1.48132348 -0.02626450 -65.33219147 0.65098039 0.74117647 0.85882353
v -1.48730588 -0.00895225 -65.32432556 0.65098039 0.74117647 0.85882353
v -1.43167210 0.02025850 -65.38813019 0.65098039 0.74117647 0.85882353
v -1.45111620 0.02278952 -65.38092041 0.65098039 0.74117647 0.85882353
v -1.44829237 0.03356336 -65.38837433 0.65098039 0.74117647 0.85882353
v -1.44255984 0.03713618 -65.39835358 0.65098039 0.74117647 0.85882353
v -1.46193779 -0.06911416 -65.22647858 0.65098039 0.74117647 0.85882353
v -1.46285868 -0.03742047 -65.22167206 0.65098039 0.74117647 0.85882353
v -1.45965564 -0.10095949 -65.23268127 0.65098039 0.74117647 0.85882353
v -1.45761216 -0.13213347 -65.23871613 0.65098039 0.74117647 0.85882353
v -1.41635132 -0.32283843 -65.29705811 0.65098039 0.74117647 0.85882353
v -1.40291357 -0.35127908 -65.29676056 0.65098039 0.74117647 0.85882353
v -1.37777698 -0.43884283 -65.32702637 0.65098039 0.74117647 0.85882353
v -1.37101173 -0.47161120 -65.33756256 0.65098039 0.74117647 0.85882353
v -1.36277449 -0.50613809 -65.34841919 0.65098039 0.74117647 0.85882353
v -1.34670877 -0.57542956 -65.36672974 0.65098039 0.74117647 0.85882353
v -1.35430479 -0.54202735 -65.35905457 0.65098039 0.74117647 0.85882353
v -1.30898464 0.46610409 -65.04615021 0.65098039 0.74117647 0.85882353
v -1.30281687 0.45117003 -65.05317688 0.65098039 0.74117647 0.85882353
v -1.30015957 0.47020715 -65.07238770 0.65098039 0.74117647 0.85882353
v -1.30582190 0.48617417 -65.06391144 0.65098039 0.74117647 0.85882353
v -1.37062371 0.46228313 -65.12500763 0.65098039 0.74117647 0.85882353
v -1.37242556 0.44523758 -65.10951996 0.65098039 0.74117647 0.85882353
v -1.37915623 0.45769364 -65.10157776 0.65098039 0.74117647 0.85882353
v -1.37710607 0.47547460 -65.11688995 0.65098039 0.74117647 0.85882353
v -1.37349904 0.42771339 -65.09226227 0.65098039 0.74117647 0.85882353
v -1.36303711 0.43447208 -65.11504364 0.65098039 0.74117647 0.85882353
v -1.36392248 0.41686237 -65.09582520 0.65098039 0.74117647 0.85882353
v -1.32466984 0.41049957 -65.08718109 0.65098039 0.74117647 0.85882353
v -1.32279730 0.42631459 -65.10935974 0.65098039 0.74117647 0.85882353
v -1.31054056 0.43547451 -65.10176849 0.65098039 0.74117647 0.85882353
v -1.31357336 0.41767502 -65.07920837 0.65098039 0.74117647 0.85882353
v -1.30191290 0.43731898 -65.06137085 0.65098039 0.74117647 0.85882353
v -1.30581653 0.42597586 -65.07034302 0.65098039 0.74117647 0.85882353
v -1.30279303 0.44422197 -65.09076691 0.65098039 0.74117647 0.85882353
v -1.29978192 0.45562762 -65.08031464 0.65098039 0.74117647 0.85882353
v -1.38517666 0.46478480 -65.06723785 0.65098039 0.74117647 0.85882353
v -1.38413525 0.48367208 -65.08296204 0.65098039 0.74117647 0.85882353
v -1.38363886 0.47075158 -65.09286499 0.65098039 0.74117647 0.85882353
v -1.38501942 0.45259643 -65.07693481 0.65098039 0.74117647 0.85882353
v -1.32835293 0.56147194 -65.08913422 0.65098039 0.74117647 0.85882353
v -1.32712471 0.57752901 -65.09645844 0.65098039 0.74117647 0.85882353
v -1.36966765 0.54882550 -65.15572357 0.65098039 0.74117647 0.85882353
v -1.36505067 0.55023521 -65.15291595 0.65098039 0.74117647 0.85882353
v -1.37370360 0.56053829 -65.13977051 0.65098039 0.74117647 0.85882353
v -1.37688446 0.56247211 -65.14439392 0.65098039 0.74117647 0.85882353
v -1.35155237 0.52842838 -65.06923676 0.65098039 0.74117647 0.85882353
v -1.33222008 0.52500069 -65.06665802 0.65098039 0.74117647 0.85882353
v -1.33002853 0.54393458 -65.07921600 0.65098039 0.74117647 0.85882353
v -1.34941208 0.54575968 -65.08144379 0.65098039 0.74117647 0.85882353
v -1.38272524 0.50209326 -65.09806061 0.65098039 0.74117647 0.85882353
v -1.38134801 0.51969963 -65.11226654 0.65098039 0.74117647 0.85882353
v -1.37870061 0.50689000 -65.12209320 0.65098039 0.74117647 0.85882353
v -1.38161194 0.48898214 -65.10818481 0.65098039 0.74117647 0.85882353
v -1.33600032 0.46041083 -65.15102386 0.65098039 0.74117647 0.85882353
v -1.33657396 0.44168699 -65.13497925 0.65098039 0.74117647 0.85882353
v -1.37265325 0.55725431 -65.11842346 0.65098039 0.74117647 0.85882353
v -1.37536037 0.54562807 -65.10997009 0.65098039 0.74117647 0.85882353
v -1.38561952 0.51115263 -65.16413116 0.65098039 0.74117647 0.85882353
v -1.33963025 0.49604422 -65.18683624 0.65098039 0.74117647 0.85882353
v -1.34062588 0.48653364 -65.18785095 0.65098039 0.74117647 0.85882353
v -1.44140637 0.45603573 -65.15557098 0.65098039 0.74117647 0.85882353
v -1.44419575 0.47201604 -65.15096283 0.65098039 0.74117647 0.85882353
v -1.36257958 0.46583360 -65.17817688 0.65098039 0.74117647 0.85882353
v -1.36849070 0.44976795 -65.17816162 0.65098039 0.74117647 0.85882353
v -1.43695164 0.47290015 -65.15145111 0.65098039 0.74117647 0.85882353
v -1.43167746 0.46186674 -65.15447998 0.65098039 0.74117647 0.85882353
v -1.46876776 0.39141262 -65.18578339 0.65098039 0.74117647 0.85882353
v -1.43996108 0.65794688 -65.24838257 0.65098039 0.74117647 0.85882353
v -1.37766397 0.53191310 -65.10106659 0.65098039 0.74117647 0.85882353
v -1.36662018 0.54114789 -65.08972168 0.65098039 0.74117647 0.85882353
v -1.31461704 0.48224455 -65.16338348 0.65098039 0.74117647 0.85882353
v -1.32413757 0.47848243 -65.16420746 0.65098039 0.74117647 0.85882353
v -1.32231390 0.49399459 -65.17356873 0.65098039 0.74117647 0.85882353
v -1.31547964 0.49469292 -65.17412567 0.65098039 0.74117647 0.85882353
v -1.28475952 0.50205654 -65.27378082 0.65098039 0.74117647 0.85882353
v -1.28845847 0.49048555 -65.26374817 0.65098039 0.74117647 0.85882353
v -1.29269052 0.47814447 -65.28120422 0.65098039 0.74117647 0.85882353
v -1.29023397 0.49205798 -65.29338074 0.65098039 0.74117647 0.85882353
v -1.28098023 0.54214382 -65.12844086 0.65098039 0.74117647 0.85882353
v -1.27809286 0.55410898 -65.13781738 0.65098039 0.74117647 0.85882353
v -1.28288305 0.56199396 -65.12673187 0.65098039 0.74117647 0.85882353
v -1.28619540 0.54688942 -65.11759949 0.65098039 0.74117647 0.85882353
v -1.29215622 0.56890219 -65.11434937 0.65098039 0.74117647 0.85882353
v -1.30671966 0.57486540 -65.10282898 0.65098039 0.74117647 0.85882353
v -1.30884075 0.55685061 -65.09362030 0.65098039 0.74117647 0.85882353
v -1.29461432 0.55126888 -65.10501862 0.65098039 0.74117647 0.85882353
v -1.31253302 0.10275246 -65.24973297 0.65098039 0.74117647 0.85882353
v -1.30248845 0.10894175 -65.28043365 0.65098039 0.74117647 0.85882353
v -1.42713201 0.23222427 -65.19408417 0.65098039 0.74117647 0.85882353
v -1.40136480 0.23739074 -65.19647217 0.65098039 0.74117647 0.85882353
v -1.45017052 0.14018314 -65.20213318 0.65098039 0.74117647 0.85882353
v -1.50357056 0.01708426 -65.28429413 0.65098039 0.74117647 0.85882353
v -1.50210285 0.02665620 -65.25531769 0.65098039 0.74117647 0.85882353
v -1.47361016 -0.05105285 -65.33954620 0.65098039 0.74117647 0.85882353
v -1.32858467 0.09608875 -65.22415924 0.65098039 0.74117647 0.85882353
v -1.45291960 -0.11094822 -65.34516144 0.65098039 0.74117647 0.85882353
v -1.46338093 -0.07998742 -65.34349060 0.65098039 0.74117647 0.85882353
v -1.38029516 -0.10666536 -65.37415314 0.65098039 0.74117647 0.85882353
v -1.38581300 -0.07559489 -65.37858582 0.65098039 0.74117647 0.85882353
v -1.35724664 -0.07817341 -65.36698914 0.65098039 0.74117647 0.85882353
v -1.35459697 -0.10794301 -65.36396790 0.65098039 0.74117647 0.85882353
v -1.33436298 -0.08147611 -65.34816742 0.65098039 0.74117647 0.85882353
v -1.33346748 -0.11003019 -65.34528351 0.65098039 0.74117647 0.85882353
v -1.41022706 -0.19356413 -65.21717072 0.65098039 0.74117647 0.85882353
v -1.30309546 -0.40006518 -65.39586639 0.65098039 0.74117647 0.85882353
v -1.28413200 -0.43726277 -65.38675690 0.65098039 0.74117647 0.85882353
v -1.29918230 -0.43573904 -65.40218353 0.65098039 0.74117647 0.85882353
v -1.28638637 -0.40058941 -65.37944794 0.65098039 0.74117647 0.85882353
v -1.28343260 -0.37162489 -65.34842682 0.65098039 0.74117647 0.85882353
v -1.27791548 -0.40482324 -65.35762024 0.65098039 0.74117647 0.85882353
v -1.31109524 -0.46688330 -65.30541992 0.65098039 0.74117647 0.85882353
v -1.29717577 -0.47330642 -65.40531921 0.65098039 0.74117647 0.85882353
v -1.28375840 -0.47622621 -65.39171600 0.65098039 0.74117647 0.85882353
v -1.27606964 -0.44126230 -65.36585999 0.65098039 0.74117647 0.85882353
v -1.27657580 -0.47962767 -65.37410736 0.65098039 0.74117647 0.85882353
v -1.49220288 0.00259076 -65.31633759 0.65098039 0.74117647 0.85882353
v -1.43268502 0.04034556 -65.41064453 0.65098039 0.74117647 0.85882353
v -1.38065660 0.05721654 -65.18995667 0.65098039 0.74117647 0.85882353
v -1.37615824 0.02771477 -65.19087219 0.65098039 0.74117647 0.85882353
v -1.46775830 0.05998878 -65.21379089 0.65098039 0.74117647 0.85882353
v -1.44272351 0.07281430 -65.20064545 0.65098039 0.74117647 0.85882353
v -1.42645216 0.30587232 -65.19085693 0.65098039 0.74117647 0.85882353
v -1.45049298 0.30445570 -65.19068146 0.65098039 0.74117647 0.85882353
v -1.42530799 0.34780443 -65.18920898 0.65098039 0.74117647 0.85882353
v -1.42543304 0.32617956 -65.19042206 0.65098039 0.74117647 0.85882353
v -1.40235078 0.33018208 -65.19328308 0.65098039 0.74117647 0.85882353
v -1.40258646 0.35047847 -65.19307709 0.65098039 0.74117647 0.85882353
v -1.35969031 0.35736579 -65.21404266 0.65098039 0.74117647 0.85882353
v -1.35931897 0.33946872 -65.21566772 0.65098039 0.74117647 0.85882353
v -1.34313834 0.34432900 -65.23447418 0.65098039 0.74117647 0.85882353
v -1.34191263 0.36192787 -65.23227692 0.65098039 0.74117647 0.85882353
v -1.33100820 0.33333832 -65.25650787 0.65098039 0.74117647 0.85882353
v -1.34130585 0.32700723 -65.23421478 0.65098039 0.74117647 0.85882353
v -1.33458734 0.37956089 -65.33696747 0.65098039 0.74117647 0.85882353
v -1.32937551 0.40010238 -65.33470917 0.65098039 0.74117647 0.85882353
v -1.32354474 0.39146596 -65.31676483 0.65098039 0.74117647 0.85882353
v -1.32830310 0.37240881 -65.31924438 0.65098039 0.74117647 0.85882353
v -1.51432860 0.08187373 -65.23598480 0.65098039 0.74117647 0.85882353
v -1.49860573 0.01567675 -65.30543518 0.65098039 0.74117647 0.85882353
v -1.46440423 -0.00710292 -65.21664429 0.65098039 0.74117647 0.85882353
v -1.43933427 0.02387454 -65.19784546 0.65098039 0.74117647 0.85882353
v -1.40891385 0.02670594 -65.18759155 0.65098039 0.74117647 0.85882353
v -1.35092378 0.51588905 -65.15529633 0.65098039 0.74117647 0.85882353
v -1.28824914 0.51121181 -65.22891998 0.65098039 0.74117647 0.85882353
v -1.28438091 0.52126580 -65.23123169 0.65098039 0.74117647 0.85882353
v -1.31194472 0.53857630 -65.08371735 0.65098039 0.74117647 0.85882353
v -1.29828966 0.53243434 -65.09518433 0.65098039 0.74117647 0.85882353
v -1.37913048 0.53516454 -65.12306213 0.65098039 0.74117647 0.85882353
v -1.34733200 0.58768249 -65.10673523 0.65098039 0.74117647 0.85882353
v -1.36368632 0.58856082 -65.11957550 0.65098039 0.74117647 0.85882353
v -1.36256897 0.57850194 -65.11364746 0.65098039 0.74117647 0.85882353
v -1.41943681 0.12798865 -65.19677734 0.65098039 0.74117647 0.85882353
v -1.41743135 0.10423540 -65.19464111 0.65098039 0.74117647 0.85882353
v -1.38744926 0.11128230 -65.19281006 0.65098039 0.74117647 0.85882353
v -1.46188843 0.02412973 -65.36936951 0.65098039 0.74117647 0.85882353
v -1.45677912 0.03029855 -65.37532043 0.65098039 0.74117647 0.85882353
v -1.48919654 0.04313008 -65.23014069 0.65098039 0.74117647 0.85882353
v -1.43597388 -0.16991477 -65.34766388 0.65098039 0.74117647 0.85882353
v -1.44426584 -0.14104678 -65.34612274 0.65098039 0.74117647 0.85882353
v -1.42900753 -0.19667806 -65.35061646 0.65098039 0.74117647 0.85882353
v -1.42164803 -0.22257362 -65.35430908 0.65098039 0.74117647 0.85882353
v -1.41316020 -0.24795990 -65.35796356 0.65098039 0.74117647 0.85882353
v -1.40318584 -0.27293301 -65.35971832 0.65098039 0.74117647 0.85882353
v -1.39213669 -0.29781580 -65.35855103 0.65098039 0.74117647 0.85882353
v -1.38211131 -0.32396930 -65.36590576 0.65098039 0.74117647 0.85882353
v -1.38392293 -0.38780808 -65.38079071 0.65098039 0.74117647 0.85882353
v -1.37527466 -0.35156602 -65.37880707 0.65098039 0.74117647 0.85882353
v -1.36889243 -0.38121402 -65.39188385 0.65098039 0.74117647 0.85882353
v -1.36267483 -0.41262692 -65.40257263 0.65098039 0.74117647 0.85882353
v -1.34816992 -0.48045474 -65.41172791 0.65098039 0.74117647 0.85882353
v -1.35635388 -0.44505292 -65.40982056 0.65098039 0.74117647 0.85882353
v -1.34074223 -0.51646721 -65.41423035 0.65098039 0.74117647 0.85882353
v -1.33521473 -0.55331028 -65.41927338 0.65098039 0.74117647 0.85882353
v -1.47953439 0.02551378 -65.34579468 0.65098039 0.74117647 0.85882353
v -1.47093570 0.02524884 -65.35730743 0.65098039 0.74117647 0.85882353
v -1.38473046 0.64148420 -65.19407654 0.65098039 0.74117647 0.85882353
v -1.35265529 0.51273912 -65.17896271 0.65098039 0.74117647 0.85882353
v -1.35084856 0.52039427 -65.17662048 0.65098039 0.74117647 0.85882353
v -1.37595940 0.54717571 -65.13034821 0.65098039 0.74117647 0.85882353
v -1.42223024 0.05026214 -65.42369843 0.65098039 0.74117647 0.85882353
v -1.41214931 0.06388251 -65.43560791 0.65098039 0.74117647 0.85882353
v -1.29822206 0.47244728 -65.10022736 0.65098039 0.74117647 0.85882353
v -1.29673457 0.48735029 -65.09225464 0.65098039 0.74117647 0.85882353
v -1.37354410 0.52389687 -65.13380432 0.65098039 0.74117647 0.85882353
v -1.35893321 0.53811127 -65.16712952 0.65098039 0.74117647 0.85882353
v -1.35490942 0.54175943 -65.16385651 0.65098039 0.74117647 0.85882353
v -1.33672762 0.46092349 -64.90792084 0.65098039 0.74117647 0.85882353
v -1.34366763 0.46844822 -64.89206696 0.65098039 0.74117647 0.85882353
v -1.33689284 0.45986789 -64.88703156 0.65098039 0.74117647 0.85882353
v -1.32975876 0.45124745 -64.90298462 0.65098039 0.74117647 0.85882353
v -1.34736061 0.46639562 -64.91265106 0.65098039 0.74117647 0.85882353
v -1.35401165 0.47263551 -64.89654541 0.65098039 0.74117647 0.85882353
v -1.39992273 0.43371761 -64.91573334 0.65098039 0.74117647 0.85882353
v -1.40141749 0.43934065 -64.89555359 0.65098039 0.74117647 0.85882353
v -1.39586771 0.45107919 -64.89991760 0.65098039 0.74117647 0.85882353
v -1.39350510 0.44562703 -64.91958618 0.65098039 0.74117647 0.85882353
v -1.37139976 0.47847205 -64.88370514 0.65098039 0.74117647 0.85882353
v -1.36566699 0.47247565 -64.90021515 0.65098039 0.74117647 0.85882353
v -1.37713456 0.46770585 -64.90218353 0.65098039 0.74117647 0.85882353
v -1.38189828 0.47364938 -64.88471222 0.65098039 0.74117647 0.85882353
v -1.39416456 0.40745515 -64.90327454 0.65098039 0.74117647 0.85882353
v -1.39411509 0.40062195 -64.92341614 0.65098039 0.74117647 0.85882353
v -1.38298440 0.39178604 -64.91818237 0.65098039 0.74117647 0.85882353
v -1.38307405 0.39984107 -64.89841461 0.65098039 0.74117647 0.85882353
v -1.38678658 0.41696465 -64.99161530 0.65098039 0.74117647 0.85882353
v -1.38479626 0.41749156 -65.00351715 0.65098039 0.74117647 0.85882353
v -1.38955963 0.40432990 -65.00463867 0.65098039 0.74117647 0.85882353
v -1.39184105 0.40417236 -64.99066925 0.65098039 0.74117647 0.85882353
v -1.32218742 0.44780421 -64.93986511 0.65098039 0.74117647 0.85882353
v -1.32961452 0.45397937 -64.92406464 0.65098039 0.74117647 0.85882353
v -1.32258546 0.44291681 -64.91952515 0.65098039 0.74117647 0.85882353
v -1.31611049 0.43433797 -64.93649292 0.65098039 0.74117647 0.85882353
v -1.36337352 0.45358330 -64.95577240 0.65098039 0.74117647 0.85882353
v -1.35884118 0.44808656 -64.97230530 0.65098039 0.74117647 0.85882353
v -1.37227499 0.44006538 -64.97558594 0.65098039 0.74117647 0.85882353
v -1.37687647 0.44520748 -64.95845032 0.65098039 0.74117647 0.85882353
v -1.31137502 0.42585576 -64.95284271 0.65098039 0.74117647 0.85882353
v -1.31507659 0.44051945 -64.95569611 0.65098039 0.74117647 0.85882353
v -1.37249267 0.46268946 -64.92031097 0.65098039 0.74117647 0.85882353
v -1.36798525 0.45829052 -64.93821716 0.65098039 0.74117647 0.85882353
v -1.38058221 0.45042819 -64.94028473 0.65098039 0.74117647 0.85882353
v -1.38385046 0.45506191 -64.92115784 0.65098039 0.74117647 0.85882353
v -1.39456689 0.42446750 -64.86556244 0.65098039 0.74117647 0.85882353
v -1.39417529 0.41540474 -64.88394165 0.65098039 0.74117647 0.85882353
v -1.38318110 0.40910363 -64.87977600 0.65098039 0.74117647 0.85882353
v -1.38396001 0.41954947 -64.86199188 0.65098039 0.74117647 0.85882353
v -1.39077723 0.46624100 -64.88383484 0.65098039 0.74117647 0.85882353
v -1.38715231 0.46040088 -64.90220642 0.65098039 0.74117647 0.85882353
v -1.39838815 0.45691586 -64.88099670 0.65098039 0.74117647 0.85882353
v -1.34422624 0.44577438 -64.86228180 0.65098039 0.74117647 0.85882353
v -1.33844411 0.43434405 -64.87870026 0.65098039 0.74117647 0.85882353
v -1.33543253 0.44776481 -64.88247681 0.65098039 0.74117647 0.85882353
v -1.34169328 0.45800412 -64.86634827 0.65098039 0.74117647 0.85882353
v -1.39518833 0.42377204 -64.95627594 0.65098039 0.74117647 0.85882353
v -1.39791822 0.42857724 -64.93617249 0.65098039 0.74117647 0.85882353
v -1.39084733 0.44029933 -64.93943787 0.65098039 0.74117647 0.85882353
v -1.38764310 0.43532592 -64.95874023 0.65098039 0.74117647 0.85882353
v -1.33389282 0.45538706 -64.94581604 0.65098039 0.74117647 0.85882353
v -1.34061003 0.46064156 -64.92960358 0.65098039 0.74117647 0.85882353
v -1.33293259 0.42283136 -64.89567566 0.65098039 0.74117647 0.85882353
v -1.32802117 0.41153800 -64.91336060 0.65098039 0.74117647 0.85882353
v -1.32292068 0.42810780 -64.91630554 0.65098039 0.74117647 0.85882353
v -1.32893288 0.43785840 -64.89932251 0.65098039 0.74117647 0.85882353
v -1.33685696 0.38765985 -64.93144226 0.65098039 0.74117647 0.85882353
v -1.33874416 0.39835250 -64.91238403 0.65098039 0.74117647 0.85882353
v -1.35358167 0.39084947 -64.91331482 0.65098039 0.74117647 0.85882353
v -1.35267365 0.38071436 -64.93295288 0.65098039 0.74117647 0.85882353
v -1.39510226 0.40592825 -64.97226715 0.65098039 0.74117647 0.85882353
v -1.39081204 0.41971058 -64.97517395 0.65098039 0.74117647 0.85882353
v -1.39366782 0.39500093 -64.94474030 0.65098039 0.74117647 0.85882353
v -1.39296734 0.39020789 -64.96645355 0.65098039 0.74117647 0.85882353
v -1.38274384 0.37772781 -64.96104431 0.65098039 0.74117647 0.85882353
v -1.38289523 0.38427317 -64.93904877 0.65098039 0.74117647 0.85882353
v -1.33518612 0.44843715 -64.98817444 0.65098039 0.74117647 0.85882353
v -1.33792901 0.44937360 -64.97982788 0.65098039 0.74117647 0.85882353
v -1.32158935 0.44604754 -64.97377777 0.65098039 0.74117647 0.85882353
v -1.31873143 0.44381207 -64.98326874 0.65098039 0.74117647 0.85882353
v -1.31070602 0.43434733 -64.96906281 0.65098039 0.74117647 0.85882353
v -1.30850625 0.43093812 -64.98078918 0.65098039 0.74117647 0.85882353
v -1.30664635 0.41331810 -65.00453949 0.65098039 0.74117647 0.85882353
v -1.30729437 0.41241157 -64.99436188 0.65098039 0.74117647 0.85882353
v -1.31136155 0.39580673 -65.00108337 0.65098039 0.74117647 0.85882353
v -1.31031883 0.39778346 -65.01116180 0.65098039 0.74117647 0.85882353
v -1.33507991 0.36546290 -64.97212982 0.65098039 0.74117647 0.85882353
v -1.33581710 0.37620437 -64.95131683 0.65098039 0.74117647 0.85882353
v -1.35264361 0.37037611 -64.95407104 0.65098039 0.74117647 0.85882353
v -1.35232735 0.36008120 -64.97682190 0.65098039 0.74117647 0.85882353
v -1.36871409 0.35810995 -65.00152588 0.65098039 0.74117647 0.85882353
v -1.36831164 0.36307710 -64.98065186 0.65098039 0.74117647 0.85882353
v -1.38205421 0.37286955 -64.98351288 0.65098039 0.74117647 0.85882353
v -1.38148594 0.37114632 -65.00255585 0.65098039 0.74117647 0.85882353
v -1.36556697 0.38719594 -65.06064606 0.65098039 0.74117647 0.85882353
v -1.36797285 0.37777907 -65.04524231 0.65098039 0.74117647 0.85882353
v -1.37898517 0.38858551 -65.04598999 0.65098039 0.74117647 0.85882353
v -1.37643754 0.39681900 -65.05972290 0.65098039 0.74117647 0.85882353
v -1.38890171 0.41758114 -65.03932953 0.65098039 0.74117647 0.85882353
v -1.38653147 0.43011439 -65.03250122 0.65098039 0.74117647 0.85882353
v -1.38673139 0.43628836 -65.04160309 0.65098039 0.74117647 0.85882353
v -1.38792634 0.42398602 -65.05019379 0.65098039 0.74117647 0.85882353
v -1.33530438 0.45702356 -65.01145172 0.65098039 0.74117647 0.85882353
v -1.33457339 0.45279849 -65.00794220 0.65098039 0.74117647 0.85882353
v -1.31746602 0.44543469 -65.00605774 0.65098039 0.74117647 0.85882353
v -1.31781232 0.44918185 -65.01268005 0.65098039 0.74117647 0.85882353
v -1.33402765 0.35745388 -64.99069977 0.65098039 0.74117647 0.85882353
v -1.35253072 0.35065305 -64.99994659 0.65098039 0.74117647 0.85882353
v -1.38916540 0.41335273 -65.02853394 0.65098039 0.74117647 0.85882353
v -1.38898742 0.40789181 -65.01665497 0.65098039 0.74117647 0.85882353
v -1.38486826 0.42184794 -65.01374054 0.65098039 0.74117647 0.85882353
v -1.38607085 0.42640573 -65.02407074 0.65098039 0.74117647 0.85882353
v -1.36675978 0.44425106 -65.01351166 0.65098039 0.74117647 0.85882353
v -1.36580348 0.44108111 -65.00525665 0.65098039 0.74117647 0.85882353
v -1.35131037 0.44681799 -65.00057983 0.65098039 0.74117647 0.85882353
v -1.35191822 0.44913077 -65.00721741 0.65098039 0.74117647 0.85882353
v -1.33444679 0.45066530 -65.00291443 0.65098039 0.74117647 0.85882353
v -1.33430040 0.44915664 -64.99501038 0.65098039 0.74117647 0.85882353
v -1.31801558 0.44389778 -64.99108124 0.65098039 0.74117647 0.85882353
v -1.31802702 0.44466758 -64.99940491 0.65098039 0.74117647 0.85882353
v -1.33168185 0.35621071 -65.00242615 0.65098039 0.74117647 0.85882353
v -1.33145976 0.35760570 -65.01309204 0.65098039 0.74117647 0.85882353
v -1.32202744 0.36864114 -65.01039886 0.65098039 0.74117647 0.85882353
v -1.32114720 0.36809927 -65.00030518 0.65098039 0.74117647 0.85882353
v -1.38114250 0.37394875 -65.01783752 0.65098039 0.74117647 0.85882353
v -1.36906075 0.36181092 -65.01695251 0.65098039 0.74117647 0.85882353
v -1.36571825 0.43697751 -64.99721527 0.65098039 0.74117647 0.85882353
v -1.37703180 0.43326628 -65.00962067 0.65098039 0.74117647 0.85882353
v -1.37663841 0.42838472 -65.00106812 0.65098039 0.74117647 0.85882353
v -1.30844951 0.43052226 -64.99034119 0.65098039 0.74117647 0.85882353
v -1.35395515 0.38128209 -65.05894470 0.65098039 0.74117647 0.85882353
v -1.35292220 0.39302093 -65.07561493 0.65098039 0.74117647 0.85882353
v -1.34014368 0.39141792 -65.07231903 0.65098039 0.74117647 0.85882353
v -1.34157169 0.37918323 -65.05596924 0.65098039 0.74117647 0.85882353
v -1.36507654 0.39926243 -65.07628632 0.65098039 0.74117647 0.85882353
v -1.37514746 0.40952480 -65.07438660 0.65098039 0.74117647 0.85882353
v -1.38600302 0.44800603 -65.05279541 0.65098039 0.74117647 0.85882353
v -1.38676834 0.43585604 -65.06168365 0.65098039 0.74117647 0.85882353
v -1.38058829 0.45860714 -65.04215240 0.65098039 0.74117647 0.85882353
v -1.38071990 0.44623488 -65.03152466 0.65098039 0.74117647 0.85882353
v -1.37005794 0.45327199 -65.02241516 0.65098039 0.74117647 0.85882353
v -1.37086332 0.46695048 -65.03256989 0.65098039 0.74117647 0.85882353
v -1.33649814 0.47005630 -65.02310181 0.65098039 0.74117647 0.85882353
v -1.31978643 0.46151751 -65.02526093 0.65098039 0.74117647 0.85882353
v -1.30854189 0.43578726 -65.01676178 0.65098039 0.74117647 0.85882353
v -1.30942464 0.44788498 -65.03010559 0.65098039 0.74117647 0.85882353
v -1.38609040 0.40318733 -65.04351044 0.65098039 0.74117647 0.85882353
v -1.38713861 0.39734453 -65.03099823 0.65098039 0.74117647 0.85882353
v -1.34204423 0.40951025 -64.89382935 0.65098039 0.74117647 0.85882353
v -1.34595346 0.42159313 -64.87637329 0.65098039 0.74117647 0.85882353
v -1.35774326 0.41296560 -64.87654114 0.65098039 0.74117647 0.85882353
v -1.35524821 0.40154982 -64.89443970 0.65098039 0.74117647 0.85882353
v -1.37045479 0.40862286 -64.87766266 0.65098039 0.74117647 0.85882353
v -1.37212646 0.42020231 -64.86026001 0.65098039 0.74117647 0.85882353
v -1.35408866 0.46211773 -64.93406677 0.65098039 0.74117647 0.85882353
v -1.35985088 0.46715903 -64.91708374 0.65098039 0.74117647 0.85882353
v -1.36049044 0.47965884 -64.88130188 0.65098039 0.74117647 0.85882353
v -1.35224450 0.44438910 -64.99315643 0.65098039 0.74117647 0.85882353
v -1.35472345 0.44453293 -64.98499298 0.65098039 0.74117647 0.85882353
v -1.31580579 0.38434702 -65.01634216 0.65098039 0.74117647 0.85882353
v -1.31394374 0.38950455 -65.02550507 0.65098039 0.74117647 0.85882353
v -1.30852985 0.40178698 -65.02008057 0.65098039 0.74117647 0.85882353
v -1.32031119 0.37192094 -64.98712158 0.65098039 0.74117647 0.85882353
v -1.31208873 0.39192605 -64.98918915 0.65098039 0.74117647 0.85882353
v -1.31288600 0.39984041 -64.96990967 0.65098039 0.74117647 0.85882353
v -1.31995285 0.38011217 -64.97027588 0.65098039 0.74117647 0.85882353
v -1.33193219 0.36266732 -65.02402496 0.65098039 0.74117647 0.85882353
v -1.33116293 0.37108976 -65.03649902 0.65098039 0.74117647 0.85882353
v -1.32105172 0.37883633 -65.03125000 0.65098039 0.74117647 0.85882353
v -1.32202160 0.37197280 -65.02030945 0.65098039 0.74117647 0.85882353
v -1.35464144 0.45761883 -65.01535034 0.65098039 0.74117647 0.85882353
v -1.35297573 0.45195585 -65.01212311 0.65098039 0.74117647 0.85882353
v -1.30374408 0.42005807 -65.04359436 0.65098039 0.74117647 0.85882353
v -1.30456889 0.43255913 -65.03575897 0.65098039 0.74117647 0.85882353
v -1.30537784 0.42175639 -65.02270508 0.65098039 0.74117647 0.85882353
v -1.30635250 0.40915960 -65.02964020 0.65098039 0.74117647 0.85882353
v -1.30585277 0.41599965 -65.01334381 0.65098039 0.74117647 0.85882353
v -1.30803347 0.40956008 -65.05207825 0.65098039 0.74117647 0.85882353
v -1.31098485 0.39769226 -65.03680420 0.65098039 0.74117647 0.85882353
v -1.35591805 0.47195375 -65.02541351 0.65098039 0.74117647 0.85882353
v -1.32943821 0.38208097 -65.05065155 0.65098039 0.74117647 0.85882353
v -1.32728469 0.39478123 -65.06708527 0.65098039 0.74117647 0.85882353
v -1.31603110 0.40118170 -65.05970001 0.65098039 0.74117647 0.85882353
v -1.31903172 0.38879979 -65.04402161 0.65098039 0.74117647 0.85882353
v -1.36925828 0.39821738 -64.89598846 0.65098039 0.74117647 0.85882353
v -1.36864781 0.38867682 -64.91526031 0.65098039 0.74117647 0.85882353
v -1.38952708 0.38747591 -65.00392151 0.65098039 0.74117647 0.85882353
v -1.39150107 0.38746977 -64.98748779 0.65098039 0.74117647 0.85882353
v -1.38799238 0.39113331 -65.01737213 0.65098039 0.74117647 0.85882353
v -1.40065169 0.41957742 -64.90953827 0.65098039 0.74117647 0.85882353
v -1.40109444 0.42631084 -64.88976288 0.65098039 0.74117647 0.85882353
v -1.39823294 0.40958470 -64.95125580 0.65098039 0.74117647 0.85882353
v -1.39964616 0.41418707 -64.93029022 0.65098039 0.74117647 0.85882353
v -1.32433963 0.40070331 -64.93178558 0.65098039 0.74117647 0.85882353
v -1.35718715 0.36204606 -65.02858734 0.65098039 0.74117647 0.85882353
v -1.35650742 0.35422230 -65.01674652 0.65098039 0.74117647 0.85882353
v -1.36917830 0.36885309 -65.03056335 0.65098039 0.74117647 0.85882353
v -1.38277173 0.42305505 -65.06951904 0.65098039 0.74117647 0.85882353
v -1.38436890 0.41006947 -65.05622864 0.65098039 0.74117647 0.85882353
v -1.34198296 0.35075837 -65.00818634 0.65098039 0.74117647 0.85882353
v -1.38090920 0.44028640 -65.08604431 0.65098039 0.74117647 0.85882353
v -1.30758703 0.41260093 -64.98287201 0.65098039 0.74117647 0.85882353
v -1.30836320 0.43167490 -65.00794983 0.65098039 0.74117647 0.85882353
v -1.30857372 0.43061733 -64.99977112 0.65098039 0.74117647 0.85882353
v -1.34340155 0.46907586 -64.87152100 0.65098039 0.74117647 0.85882353
v -1.34849620 0.45721048 -64.95115662 0.65098039 0.74117647 0.85882353
v -1.36776400 0.43565118 -64.98848724 0.65098039 0.74117647 0.85882353
v -1.37857521 0.42720085 -64.99095917 0.65098039 0.74117647 0.85882353
v -1.35618281 0.37095475 -65.04273987 0.65098039 0.74117647 0.85882353
v -1.34419167 0.36822969 -65.04027557 0.65098039 0.74117647 0.85882353
v -1.34510422 0.35934013 -65.02672577 0.65098039 0.74117647 0.85882353
v -1.37968361 0.44028443 -65.02458954 0.65098039 0.74117647 0.85882353
v -1.36823225 0.44679022 -65.01753235 0.65098039 0.74117647 0.85882353
v -1.40142667 0.43384874 -64.87090302 0.65098039 0.74117647 0.85882353
v -1.37816632 0.43700075 -65.01798248 0.65098039 0.74117647 0.85882353
v -1.30883956 0.41794902 -64.96815491 0.65098039 0.74117647 0.85882353
v -1.33767176 0.61540717 -65.35456848 0.65098039 0.74117647 0.85882353
v -1.35157764 0.60291362 -65.37126160 0.65098039 0.74117647 0.85882353
v -1.35182929 0.61631322 -65.36837006 0.65098039 0.74117647 0.85882353
v -1.37632716 0.43481076 -65.17990112 0.65098039 0.74117647 0.85882353
v -1.43197823 0.41067499 -65.18114471 0.65098039 0.74117647 0.85882353
v -1.41185319 0.41243768 -65.18055725 0.65098039 0.74117647 0.85882353
v -1.35430992 0.50375366 -65.17928314 0.65098039 0.74117647 0.85882353
v -1.35612416 0.49296093 -65.17964172 0.65098039 0.74117647 0.85882353
v -1.34634876 0.53368837 -65.16894531 0.65098039 0.74117647 0.85882353
v -1.34794497 0.52911550 -65.17338562 0.65098039 0.74117647 0.85882353
v -1.37992966 0.47416157 -65.16894531 0.65098039 0.74117647 0.85882353
v -1.32256114 0.83910829 -65.30113220 0.65098039 0.74117647 0.85882353
v -1.32494223 0.83284885 -65.30483246 0.65098039 0.74117647 0.85882353
v -1.31817234 0.85185510 -65.30124664 0.65098039 0.74117647 0.85882353
v -1.54574001 0.26733017 -65.21937561 0.65098039 0.74117647 0.85882353
v -1.55371916 0.24602102 -65.22937775 0.65098039 0.74117647 0.85882353
v -1.55444813 0.23491262 -65.22835541 0.65098039 0.74117647 0.85882353
v -1.32699835 0.82314211 -65.28540039 0.65098039 0.74117647 0.85882353
v -1.32958269 0.81776249 -65.29045105 0.65098039 0.74117647 0.85882353
v -1.32564223 0.81996554 -65.28745270 0.65098039 0.74117647 0.85882353
v -1.32669306 0.82489520 -65.28305817 0.65098039 0.74117647 0.85882353
v -1.32729650 0.82407266 -65.28343201 0.65098039 0.74117647 0.85882353
v -1.31755519 0.85438257 -65.29039764 0.65098039 0.74117647 0.85882353
v -1.32957792 0.82499850 -65.30416107 0.65098039 0.74117647 0.85882353
v -1.33383155 0.81610727 -65.30260468 0.65098039 0.74117647 0.85882353
v -1.32240212 0.84093761 -65.28522491 0.65098039 0.74117647 0.85882353
v -1.35786724 0.27426910 -65.37808228 0.65098039 0.74117647 0.85882353
v -1.35115743 0.25527853 -65.38343048 0.65098039 0.74117647 0.85882353
v -1.37051594 0.25813001 -65.39950562 0.65098039 0.74117647 0.85882353
v -1.37609231 0.27651924 -65.39250183 0.65098039 0.74117647 0.85882353
v -1.38840675 0.24498485 -65.42414856 0.65098039 0.74117647 0.85882353
v -1.39212716 0.26287115 -65.41597748 0.65098039 0.74117647 0.85882353
v -1.36406481 0.23807989 -65.40741730 0.65098039 0.74117647 0.85882353
v -1.29334521 0.19140844 -65.31964111 0.65098039 0.74117647 0.85882353
v -1.29764462 0.21360157 -65.31563568 0.65098039 0.74117647 0.85882353
v -1.29999113 0.21269141 -65.28741455 0.65098039 0.74117647 0.85882353
v -1.29635477 0.19112946 -65.29001617 0.65098039 0.74117647 0.85882353
v -1.31245053 0.22756834 -65.25952911 0.65098039 0.74117647 0.85882353
v -1.30871224 0.21000226 -65.25971222 0.65098039 0.74117647 0.85882353
v -1.30478382 0.23156305 -65.28579712 0.65098039 0.74117647 0.85882353
v -1.32773399 0.22245334 -65.23551178 0.65098039 0.74117647 0.85882353
v -1.32420790 0.20481825 -65.23582458 0.65098039 0.74117647 0.85882353
v -1.34764445 0.21574996 -65.21665192 0.65098039 0.74117647 0.85882353
v -1.34438729 0.19692221 -65.21720886 0.65098039 0.74117647 0.85882353
v -1.36767340 0.18867847 -65.20417023 0.65098039 0.74117647 0.85882353
v -1.39446652 0.18064952 -65.19715881 0.65098039 0.74117647 0.85882353
v -1.42040753 0.15058030 -65.19770050 0.65098039 0.74117647 0.85882353
v -1.42278111 0.17203957 -65.19657898 0.65098039 0.74117647 0.85882353
v -1.45049119 0.16493255 -65.19931030 0.65098039 0.74117647 0.85882353
v -1.47693491 0.15896320 -65.20518494 0.65098039 0.74117647 0.85882353
v -1.50026846 0.15652026 -65.21195221 0.65098039 0.74117647 0.85882353
v -1.51958799 0.15573977 -65.22080231 0.65098039 0.74117647 0.85882353
v -1.53544080 0.15580082 -65.23005676 0.65098039 0.74117647 0.85882353
v -1.54793561 0.15635298 -65.24033356 0.65098039 0.74117647 0.85882353
v -1.54614830 0.13284005 -65.24546814 0.65098039 0.74117647 0.85882353
v -1.40401804 0.62502956 -65.19078064 0.65098039 0.74117647 0.85882353
v -1.31579757 0.68101734 -65.26456451 0.65098039 0.74117647 0.85882353
v -1.32208490 0.67953044 -65.23270416 0.65098039 0.74117647 0.85882353
v -1.30898118 0.67476618 -65.25299835 0.65098039 0.74117647 0.85882353
v -1.27428174 0.61682528 -65.26030731 0.65098039 0.74117647 0.85882353
v -1.27780354 0.61478966 -65.28372955 0.65098039 0.74117647 0.85882353
v -1.28080499 0.63096160 -65.27587128 0.65098039 0.74117647 0.85882353
v -1.27946568 0.63505340 -65.24897766 0.65098039 0.74117647 0.85882353
v -1.31204617 0.67302763 -65.28241730 0.65098039 0.74117647 0.85882353
v -1.31834912 0.67670542 -65.28851318 0.65098039 0.74117647 0.85882353
v -1.30381656 0.66695619 -65.27542114 0.65098039 0.74117647 0.85882353
v -1.30617392 0.65980965 -65.29684448 0.65098039 0.74117647 0.85882353
v -1.31528342 0.65554726 -65.31587982 0.65098039 0.74117647 0.85882353
v -1.30615211 0.65823048 -65.18815613 0.65098039 0.74117647 0.85882353
v -1.30379605 0.65108746 -65.17322540 0.65098039 0.74117647 0.85882353
v -1.28793454 0.64026976 -65.18896484 0.65098039 0.74117647 0.85882353
v -1.28865921 0.64609498 -65.20214844 0.65098039 0.74117647 0.85882353
v -1.27139640 0.59770048 -65.23070526 0.65098039 0.74117647 0.85882353
v -1.27063155 0.59519023 -65.21697235 0.65098039 0.74117647 0.85882353
v -1.27054286 0.58120751 -65.22352600 0.65098039 0.74117647 0.85882353
v -1.27105665 0.58287352 -65.23799133 0.65098039 0.74117647 0.85882353
v -1.30263662 0.61787891 -65.13167572 0.65098039 0.74117647 0.85882353
v -1.30358338 0.60365802 -65.11879730 0.65098039 0.74117647 0.85882353
v -1.28776050 0.59813857 -65.13339996 0.65098039 0.74117647 0.85882353
v -1.28686631 0.61180282 -65.14618683 0.65098039 0.74117647 0.85882353
v -1.27349043 0.60993195 -65.20865631 0.65098039 0.74117647 0.85882353
v -1.29933035 0.50396663 -65.32102966 0.65098039 0.74117647 0.85882353
v -1.28899062 0.50823635 -65.30130768 0.65098039 0.74117647 0.85882353
v -1.28208256 0.51466441 -65.28203583 0.65098039 0.74117647 0.85882353
v -1.28020120 0.53137189 -65.23195648 0.65098039 0.74117647 0.85882353
v -1.28283691 0.51524764 -65.24334717 0.65098039 0.74117647 0.85882353
v -1.27876115 0.52766389 -65.24531555 0.65098039 0.74117647 0.85882353
v -1.28187299 0.53340119 -65.21971130 0.65098039 0.74117647 0.85882353
v -1.28461337 0.53297222 -65.20994568 0.65098039 0.74117647 0.85882353
v -1.36681807 0.59942907 -65.12613678 0.65098039 0.74117647 0.85882353
v -1.37833059 0.58168644 -65.13346863 0.65098039 0.74117647 0.85882353
v -1.37340546 0.57448107 -65.12947845 0.65098039 0.74117647 0.85882353
v -1.29557812 0.52346009 -65.19010162 0.65098039 0.74117647 0.85882353
v -1.29969990 0.51953524 -65.19021606 0.65098039 0.74117647 0.85882353
v -1.29694760 0.52317226 -65.19833374 0.65098039 0.74117647 0.85882353
v -1.29314315 0.52738541 -65.19884491 0.65098039 0.74117647 0.85882353
v -1.30899322 0.66430771 -65.20262146 0.65098039 0.74117647 0.85882353
v -1.27805436 0.58990538 -65.14709473 0.65098039 0.74117647 0.85882353
v -1.27393270 0.57813132 -65.15777588 0.65098039 0.74117647 0.85882353
v -1.27343690 0.58969712 -65.17034912 0.65098039 0.74117647 0.85882353
v -1.27794600 0.60207736 -65.16011047 0.65098039 0.74117647 0.85882353
v -1.27169347 0.56908911 -65.16751099 0.65098039 0.74117647 0.85882353
v -1.27233851 0.56035572 -65.17472076 0.65098039 0.74117647 0.85882353
v -1.27125514 0.56835210 -65.18585205 0.65098039 0.74117647 0.85882353
v -1.27093732 0.57891417 -65.17930603 0.65098039 0.74117647 0.85882353
v -1.29107273 0.52755964 -65.18837738 0.65098039 0.74117647 0.85882353
v -1.28858042 0.53279215 -65.19966125 0.65098039 0.74117647 0.85882353
v -1.32555187 0.59154439 -65.10495758 0.65098039 0.74117647 0.85882353
v -1.32555485 0.64452296 -65.14545441 0.65098039 0.74117647 0.85882353
v -1.32698739 0.65388817 -65.15924072 0.65098039 0.74117647 0.85882353
v -1.35171056 0.64554065 -65.15258026 0.65098039 0.74117647 0.85882353
v -1.34986281 0.63630050 -65.14311981 0.65098039 0.74117647 0.85882353
v -1.34556007 0.52844685 -65.16284180 0.65098039 0.74117647 0.85882353
v -1.33811021 0.52053165 -65.16738129 0.65098039 0.74117647 0.85882353
v -1.33098650 0.51306903 -65.17353821 0.65098039 0.74117647 0.85882353
v -1.30543172 0.51676071 -65.19639587 0.65098039 0.74117647 0.85882353
v -1.32432485 0.50759226 -65.17668915 0.65098039 0.74117647 0.85882353
v -1.37352324 0.55494910 -65.13655853 0.65098039 0.74117647 0.85882353
v -1.37184370 0.56658971 -65.12349701 0.65098039 0.74117647 0.85882353
v -1.37127435 0.62860721 -65.15219879 0.65098039 0.74117647 0.85882353
v -1.36999059 0.62008804 -65.14268494 0.65098039 0.74117647 0.85882353
v -1.30504620 0.58997875 -65.11050415 0.65098039 0.74117647 0.85882353
v -1.28963971 0.58389288 -65.12361908 0.65098039 0.74117647 0.85882353
v -1.30403638 0.50326902 -65.17476654 0.65098039 0.74117647 0.85882353
v -1.30361533 0.51115078 -65.18227386 0.65098039 0.74117647 0.85882353
v -1.29852712 0.51514697 -65.18206787 0.65098039 0.74117647 0.85882353
v -1.29870832 0.51381004 -65.20813751 0.65098039 0.74117647 0.85882353
v -1.30148828 0.51938337 -65.19827271 0.65098039 0.74117647 0.85882353
v -1.30225825 0.64236242 -65.15850830 0.65098039 0.74117647 0.85882353
v -1.27580583 0.56631380 -65.14824677 0.65098039 0.74117647 0.85882353
v -1.28048289 0.57599056 -65.13706970 0.65098039 0.74117647 0.85882353
v -1.27053142 0.58645219 -65.19116211 0.65098039 0.74117647 0.85882353
v -1.27061808 0.59145552 -65.20413208 0.65098039 0.74117647 0.85882353
v -1.27305794 0.60573912 -65.19651794 0.65098039 0.74117647 0.85882353
v -1.27307904 0.59871334 -65.18431854 0.65098039 0.74117647 0.85882353
v -1.27800453 0.54022455 -65.16897583 0.65098039 0.74117647 0.85882353
v -1.27417755 0.54954463 -65.16439056 0.65098039 0.74117647 0.85882353
v -1.27089632 0.57811016 -65.21004486 0.65098039 0.74117647 0.85882353
v -1.27057838 0.57385951 -65.19749451 0.65098039 0.74117647 0.85882353
v -1.29367566 0.51943481 -65.17993164 0.65098039 0.74117647 0.85882353
v -1.37211192 0.63517380 -65.16058350 0.65098039 0.74117647 0.85882353
v -1.39137077 0.61992633 -65.16902924 0.65098039 0.74117647 0.85882353
v -1.38739967 0.61647296 -65.16027832 0.65098039 0.74117647 0.85882353
v -1.38541913 0.60930967 -65.15240479 0.65098039 0.74117647 0.85882353
v -1.38297725 0.60005242 -65.14576721 0.65098039 0.74117647 0.85882353
v -1.38061273 0.58921087 -65.13933563 0.65098039 0.74117647 0.85882353
v -1.39634633 0.62238270 -65.17942810 0.65098039 0.74117647 0.85882353
v -1.34349418 0.35255122 -65.01680756 0.65098039 0.74117647 0.85882353
v -1.30952156 0.49821067 -65.17458344 0.65098039 0.74117647 0.85882353
v -1.30346727 0.49501806 -65.16592407 0.65098039 0.74117647 0.85882353
v -1.30838954 0.48886520 -65.16440582 0.65098039 0.74117647 0.85882353
v -1.30118179 0.46301538 -65.11173248 0.65098039 0.74117647 0.85882353
v -1.42017770 0.78773522 -65.17803955 0.65098039 0.74117647 0.85882353
v -1.42108524 0.78198200 -65.18052673 0.65098039 0.74117647 0.85882353
v -1.41628909 0.81153631 -65.17811584 0.65098039 0.74117647 0.85882353
v -1.41700673 0.80796915 -65.17726898 0.65098039 0.74117647 0.85882353
v -1.31600618 0.38182300 -65.00727844 0.65098039 0.74117647 0.85882353
v -1.31618237 0.37982631 -64.99879456 0.65098039 0.74117647 0.85882353
v -1.32174003 0.39003986 -64.95052338 0.65098039 0.74117647 0.85882353
v -1.31470227 0.40871859 -64.95166016 0.65098039 0.74117647 0.85882353
v -1.31808090 0.41794848 -64.93359375 0.65098039 0.74117647 0.85882353
v -1.32727122 0.45038629 -64.96057892 0.65098039 0.74117647 0.85882353
v -1.34293234 0.45268941 -64.96681213 0.65098039 0.74117647 0.85882353
v -1.38317275 0.43055141 -64.97608948 0.65098039 0.74117647 0.85882353
v -1.36829567 0.37132305 -64.95714569 0.65098039 0.74117647 0.85882353
v -1.36330283 0.49484092 -64.84694672 0.65098039 0.74117647 0.85882353
v -1.36982369 0.50460809 -64.83169556 0.65098039 0.74117647 0.85882353
v -1.36170721 0.49966800 -64.82659912 0.65098039 0.74117647 0.85882353
v -1.35594535 0.48884195 -64.84141541 0.65098039 0.74117647 0.85882353
v -1.37615263 0.51466829 -64.81706238 0.65098039 0.74117647 0.85882353
v -1.37937307 0.50432277 -64.83442688 0.65098039 0.74117647 0.85882353
v -1.38562095 0.51284587 -64.81934357 0.65098039 0.74117647 0.85882353
v -1.38830018 0.49986345 -64.83535004 0.65098039 0.74117647 0.85882353
v -1.39348876 0.50813937 -64.81974792 0.65098039 0.74117647 0.85882353
v -1.40027881 0.50102556 -64.81851959 0.65098039 0.74117647 0.85882353
v -1.39609110 0.49340034 -64.83428955 0.65098039 0.74117647 0.85882353
v -1.40165246 0.48595601 -64.83139038 0.65098039 0.74117647 0.85882353
v -1.40449822 0.49346370 -64.81501770 0.65098039 0.74117647 0.85882353
v -1.40270507 0.46999741 -64.84502411 0.65098039 0.74117647 0.85882353
v -1.40479112 0.46033406 -64.84038544 0.65098039 0.74117647 0.85882353
v -1.40516317 0.46895927 -64.82273102 0.65098039 0.74117647 0.85882353
v -1.40448284 0.47773194 -64.82723999 0.65098039 0.74117647 0.85882353
v -1.39698744 0.46450037 -64.79841614 0.65098039 0.74117647 0.85882353
v -1.39622390 0.45424294 -64.81401825 0.65098039 0.74117647 0.85882353
v -1.38703799 0.45266122 -64.81159973 0.65098039 0.74117647 0.85882353
v -1.38900161 0.46307766 -64.79640198 0.65098039 0.74117647 0.85882353
v -1.36581469 0.44924229 -64.82637787 0.65098039 0.74117647 0.85882353
v -1.36805546 0.46035427 -64.81025696 0.65098039 0.74117647 0.85882353
v -1.37744403 0.45520663 -64.81024170 0.65098039 0.74117647 0.85882353
v -1.37557125 0.44357854 -64.82681274 0.65098039 0.74117647 0.85882353
v -1.36967897 0.46977651 -64.79515839 0.65098039 0.74117647 0.85882353
v -1.36222756 0.46912158 -64.81210327 0.65098039 0.74117647 0.85882353
v -1.36445975 0.47878945 -64.79816437 0.65098039 0.74117647 0.85882353
v -1.36687505 0.48766857 -64.86605072 0.65098039 0.74117647 0.85882353
v -1.35670006 0.48535544 -64.86200714 0.65098039 0.74117647 0.85882353
v -1.35042942 0.47630137 -64.87704468 0.65098039 0.74117647 0.85882353
v -1.39142835 0.48645765 -64.85132599 0.65098039 0.74117647 0.85882353
v -1.38295197 0.49253178 -64.85186005 0.65098039 0.74117647 0.85882353
v -1.37737167 0.48516071 -64.86808777 0.65098039 0.74117647 0.85882353
v -1.38680887 0.47977382 -64.86838531 0.65098039 0.74117647 0.85882353
v -1.40254796 0.44538283 -64.87660980 0.65098039 0.74117647 0.85882353
v -1.40374172 0.45261753 -64.85812378 0.65098039 0.74117647 0.85882353
v -1.40051305 0.46300906 -64.86299133 0.65098039 0.74117647 0.85882353
v -1.39798510 0.47870821 -64.84886169 0.65098039 0.74117647 0.85882353
v -1.39455605 0.47214359 -64.86640930 0.65098039 0.74117647 0.85882353
v -1.40236282 0.45096302 -64.83529663 0.65098039 0.74117647 0.85882353
v -1.40259826 0.46012288 -64.81802368 0.65098039 0.74117647 0.85882353
v -1.35353196 0.47913295 -64.83573151 0.65098039 0.74117647 0.85882353
v -1.35876715 0.49010020 -64.82096100 0.65098039 0.74117647 0.85882353
v -1.35943031 0.47955596 -64.81590271 0.65098039 0.74117647 0.85882353
v -1.35478270 0.46872520 -64.83100128 0.65098039 0.74117647 0.85882353
v -1.40180922 0.44220817 -64.85274506 0.65098039 0.74117647 0.85882353
v -1.34779346 0.46858239 -64.85089874 0.65098039 0.74117647 0.85882353
v -1.34966671 0.45739031 -64.84637451 0.65098039 0.74117647 0.85882353
v -1.35872066 0.45799184 -64.82751465 0.65098039 0.74117647 0.85882353
v -1.35468280 0.44622320 -64.84318542 0.65098039 0.74117647 0.85882353
v -1.36269641 0.50019264 -64.80699158 0.65098039 0.74117647 0.85882353
v -1.36709332 0.50984663 -64.81231689 0.65098039 0.74117647 0.85882353
v -1.34954071 0.47863370 -64.85646057 0.65098039 0.74117647 0.85882353
v -1.39557171 0.44380599 -64.83065033 0.65098039 0.74117647 0.85882353
v -1.39505279 0.43416142 -64.84799194 0.65098039 0.74117647 0.85882353
v -1.38505507 0.43030697 -64.84477997 0.65098039 0.74117647 0.85882353
v -1.38600910 0.44093096 -64.82798767 0.65098039 0.74117647 0.85882353
v -1.36050141 0.42515785 -64.85936737 0.65098039 0.74117647 0.85882353
v -1.36355710 0.43732899 -64.84266663 0.65098039 0.74117647 0.85882353
v -1.37405133 0.43192393 -64.84352875 0.65098039 0.74117647 0.85882353
v -1.37944007 0.46464705 -64.79483032 0.65098039 0.74117647 0.85882353
v -1.35050035 0.43406069 -64.85959625 0.65098039 0.74117647 0.85882353
v -1.41063070 0.53502303 -64.74068451 0.65098039 0.74117647 0.85882353
v -1.41340756 0.54521507 -64.74005890 0.65098039 0.74117647 0.85882353
v -1.41704464 0.54223770 -64.74923706 0.65098039 0.74117647 0.85882353
v -1.41373837 0.53138912 -64.74980927 0.65098039 0.74117647 0.85882353
v -1.42535031 0.53830737 -64.77130890 0.65098039 0.74117647 0.85882353
v -1.42522001 0.55058169 -64.76760101 0.65098039 0.74117647 0.85882353
v -1.42177677 0.55375028 -64.77711487 0.65098039 0.74117647 0.85882353
v -1.42168772 0.54165846 -64.78247833 0.65098039 0.74117647 0.85882353
v -1.41287184 0.55476981 -64.74039459 0.65098039 0.74117647 0.85882353
v -1.41776454 0.55179536 -64.74870300 0.65098039 0.74117647 0.85882353
v -1.40775013 0.56017637 -64.74408722 0.65098039 0.74117647 0.85882353
v -1.40824664 0.55800527 -64.73335266 0.65098039 0.74117647 0.85882353
v -1.40120184 0.56224328 -64.73553467 0.65098039 0.74117647 0.85882353
v -1.39844537 0.56509537 -64.72808075 0.65098039 0.74117647 0.85882353
v -1.38913071 0.56237954 -64.72789001 0.65098039 0.74117647 0.85882353
v -1.38963616 0.56003422 -64.73979950 0.65098039 0.74117647 0.85882353
v -1.37594450 0.53729677 -64.73501587 0.65098039 0.74117647 0.85882353
v -1.37941647 0.54345930 -64.72212982 0.65098039 0.74117647 0.85882353
v -1.37727773 0.53272623 -64.71969604 0.65098039 0.74117647 0.85882353
v -1.37482917 0.52690428 -64.73288727 0.65098039 0.74117647 0.85882353
v -1.38020360 0.51231873 -64.71958160 0.65098039 0.74117647 0.85882353
v -1.37774777 0.50832039 -64.73264313 0.65098039 0.74117647 0.85882353
v -1.37617815 0.51764363 -64.73249054 0.65098039 0.74117647 0.85882353
v -1.37894320 0.52298456 -64.71871185 0.65098039 0.74117647 0.85882353
v -1.40589106 0.51993364 -64.74008179 0.65098039 0.74117647 0.85882353
v -1.40745294 0.52589405 -64.74083710 0.65098039 0.74117647 0.85882353
v -1.40962172 0.52146673 -64.74942780 0.65098039 0.74117647 0.85882353
v -1.40762866 0.51491666 -64.74891663 0.65098039 0.74117647 0.85882353
v -1.40487492 0.56853914 -64.75068665 0.65098039 0.74117647 0.85882353
v -1.40834641 0.56716967 -64.74861145 0.65098039 0.74117647 0.85882353
v -1.40048683 0.56259215 -64.74575043 0.65098039 0.74117647 0.85882353
v -1.39656770 0.56179231 -64.75171661 0.65098039 0.74117647 0.85882353
v -1.41411757 0.49216485 -64.76715088 0.65098039 0.74117647 0.85882353
v -1.41448033 0.49886554 -64.77091217 0.65098039 0.74117647 0.85882353
v -1.41247344 0.49679071 -64.78182220 0.65098039 0.74117647 0.85882353
v -1.41207814 0.48856664 -64.77841949 0.65098039 0.74117647 0.85882353
v -1.41754174 0.52199215 -64.78974152 0.65098039 0.74117647 0.85882353
v -1.40607655 0.52863616 -64.79698944 0.65098039 0.74117647 0.85882353
v -1.40386200 0.52150476 -64.80027008 0.65098039 0.74117647 0.85882353
v -1.41328895 0.51377386 -64.79103851 0.65098039 0.74117647 0.85882353
v -1.42021489 0.53080058 -64.78688812 0.65098039 0.74117647 0.85882353
v -1.41106129 0.54598749 -64.78730011 0.65098039 0.74117647 0.85882353
v -1.40885687 0.53639001 -64.79296875 0.65098039 0.74117647 0.85882353
v -1.41280901 0.55702889 -64.78050232 0.65098039 0.74117647 0.85882353
v -1.40824294 0.47926956 -64.77519226 0.65098039 0.74117647 0.85882353
v -1.40986884 0.47958440 -64.76629639 0.65098039 0.74117647 0.85882353
v -1.41252875 0.58006054 -64.68384552 0.65098039 0.74117647 0.85882353
v -1.41146195 0.57811105 -64.68901825 0.65098039 0.74117647 0.85882353
v -1.41243982 0.57350218 -64.68591309 0.65098039 0.74117647 0.85882353
v -1.41317618 0.57563096 -64.68058014 0.65098039 0.74117647 0.85882353
v -1.39009035 0.47501093 -64.76429749 0.65098039 0.74117647 0.85882353
v -1.39159167 0.47340608 -64.77083588 0.65098039 0.74117647 0.85882353
v -1.38270545 0.47701067 -64.77008057 0.65098039 0.74117647 0.85882353
v -1.38166428 0.48032194 -64.76402283 0.65098039 0.74117647 0.85882353
v -1.38901961 0.47652799 -64.75519562 0.65098039 0.74117647 0.85882353
v -1.38101435 0.48409730 -64.75550079 0.65098039 0.74117647 0.85882353
v -1.39975357 0.58441925 -64.68108368 0.65098039 0.74117647 0.85882353
v -1.39774525 0.58166736 -64.68615723 0.65098039 0.74117647 0.85882353
v -1.40242374 0.58255291 -64.68869781 0.65098039 0.74117647 0.85882353
v -1.40456331 0.58505595 -64.68362427 0.65098039 0.74117647 0.85882353
v -1.40921330 0.53988910 -64.73262024 0.65098039 0.74117647 0.85882353
v -1.41151464 0.54951984 -64.73238373 0.65098039 0.74117647 0.85882353
v -1.41097891 0.55521697 -64.71571350 0.65098039 0.74117647 0.85882353
v -1.40968049 0.56042194 -64.71953583 0.65098039 0.74117647 0.85882353
v -1.41048324 0.55500281 -64.72579956 0.65098039 0.74117647 0.85882353
v -1.40968060 0.54563969 -64.72348785 0.65098039 0.74117647 0.85882353
v -1.40544724 0.52538913 -64.72172546 0.65098039 0.74117647 0.85882353
v -1.40688670 0.53340358 -64.72087097 0.65098039 0.74117647 0.85882353
v -1.40574265 0.52877182 -64.73038483 0.65098039 0.74117647 0.85882353
v -1.40446043 0.52059883 -64.73085785 0.65098039 0.74117647 0.85882353
v -1.40619111 0.50914419 -64.72911835 0.65098039 0.74117647 0.85882353
v -1.40776002 0.50382596 -64.72669983 0.65098039 0.74117647 0.85882353
v -1.40778303 0.50704575 -64.71849823 0.65098039 0.74117647 0.85882353
v -1.40632439 0.51328617 -64.72005463 0.65098039 0.74117647 0.85882353
v -1.40705419 0.52672499 -64.70395660 0.65098039 0.74117647 0.85882353
v -1.40683162 0.52162927 -64.70288086 0.65098039 0.74117647 0.85882353
v -1.40488505 0.52586538 -64.69482422 0.65098039 0.74117647 0.85882353
v -1.40502608 0.53050178 -64.69549561 0.65098039 0.74117647 0.85882353
v -1.39204192 0.47142953 -64.77650452 0.65098039 0.74117647 0.85882353
v -1.38251317 0.47392535 -64.77596283 0.65098039 0.74117647 0.85882353
v -1.38572419 0.49295276 -64.72098541 0.65098039 0.74117647 0.85882353
v -1.38707161 0.49438214 -64.71094513 0.65098039 0.74117647 0.85882353
v -1.39371097 0.48605925 -64.71192932 0.65098039 0.74117647 0.85882353
v -1.39244366 0.48447627 -64.72247314 0.65098039 0.74117647 0.85882353
v -1.37575126 0.48895139 -64.76409149 0.65098039 0.74117647 0.85882353
v -1.37560940 0.48513204 -64.77026367 0.65098039 0.74117647 0.85882353
v -1.39688897 0.58117604 -64.67714691 0.65098039 0.74117647 0.85882353
v -1.39466882 0.57840985 -64.68226624 0.65098039 0.74117647 0.85882353
v -1.40231919 0.55873299 -64.77767944 0.65098039 0.74117647 0.85882353
v -1.39904857 0.54679018 -64.78446960 0.65098039 0.74117647 0.85882353
v -1.39631367 0.53695506 -64.79041290 0.65098039 0.74117647 0.85882353
v -1.39411056 0.53024715 -64.79492950 0.65098039 0.74117647 0.85882353
v -1.39194596 0.52610916 -64.80009460 0.65098039 0.74117647 0.85882353
v -1.40939116 0.54364413 -64.71690369 0.65098039 0.74117647 0.85882353
v -1.40715075 0.53096169 -64.73469543 0.65098039 0.74117647 0.85882353
v -1.40541708 0.51536572 -64.73988342 0.65098039 0.74117647 0.85882353
v -1.41061580 0.48791111 -64.73244476 0.65098039 0.74117647 0.85882353
v -1.41048884 0.49567580 -64.73311615 0.65098039 0.74117647 0.85882353
v -1.41180885 0.49435622 -64.74076080 0.65098039 0.74117647 0.85882353
v -1.41066492 0.48379308 -64.73918152 0.65098039 0.74117647 0.85882353
v -1.40116715 0.48151106 -64.72262573 0.65098039 0.74117647 0.85882353
v -1.40202606 0.48407686 -64.71295929 0.65098039 0.74117647 0.85882353
v -1.40781510 0.48828703 -64.71402740 0.65098039 0.74117647 0.85882353
v -1.40756524 0.48544323 -64.72248077 0.65098039 0.74117647 0.85882353
v -1.40196609 0.57123375 -64.75419617 0.65098039 0.74117647 0.85882353
v -1.39575613 0.56285292 -64.75878906 0.65098039 0.74117647 0.85882353
v -1.40038323 0.47394729 -64.76502228 0.65098039 0.74117647 0.85882353
v -1.40073371 0.47359627 -64.77251434 0.65098039 0.74117647 0.85882353
v -1.40007532 0.47338235 -64.77919006 0.65098039 0.74117647 0.85882353
v -1.41158581 0.50630742 -64.75989532 0.65098039 0.74117647 0.85882353
v -1.41210866 0.51063448 -64.76019287 0.65098039 0.74117647 0.85882353
v -1.41676652 0.50881803 -64.77473450 0.65098039 0.74117647 0.85882353
v -1.41487134 0.50322926 -64.77320099 0.65098039 0.74117647 0.85882353
v -1.41957045 0.52769256 -64.76023865 0.65098039 0.74117647 0.85882353
v -1.42222691 0.53939039 -64.75902557 0.65098039 0.74117647 0.85882353
v -1.42337060 0.52601391 -64.77391815 0.65098039 0.74117647 0.85882353
v -1.41297603 0.50374085 -64.78569794 0.65098039 0.74117647 0.85882353
v -1.40944839 0.50271446 -64.79425049 0.65098039 0.74117647 0.85882353
v -1.40931177 0.49478179 -64.78993988 0.65098039 0.74117647 0.85882353
v -1.40891623 0.48612577 -64.78578949 0.65098039 0.74117647 0.85882353
v -1.40594614 0.47807771 -64.78199005 0.65098039 0.74117647 0.85882353
v -1.40688050 0.49931997 -64.80269623 0.65098039 0.74117647 0.85882353
v -1.40747154 0.49126983 -64.79829407 0.65098039 0.74117647 0.85882353
v -1.40664518 0.48270911 -64.79360962 0.65098039 0.74117647 0.85882353
v -1.40374172 0.47530502 -64.78945160 0.65098039 0.74117647 0.85882353
v -1.37211883 0.47650170 -64.78447723 0.65098039 0.74117647 0.85882353
v -1.37439692 0.48108166 -64.77687073 0.65098039 0.74117647 0.85882353
v -1.38108337 0.47019666 -64.78340912 0.65098039 0.74117647 0.85882353
v -1.39848685 0.51601899 -64.80778503 0.65098039 0.74117647 0.85882353
v -1.40391552 0.50762683 -64.80596924 0.65098039 0.74117647 0.85882353
v -1.40766335 0.51177198 -64.79804230 0.65098039 0.74117647 0.85882353
v -1.38992715 0.52119577 -64.80757904 0.65098039 0.74117647 0.85882353
v -1.42413545 0.55994964 -64.76462555 0.65098039 0.74117647 0.85882353
v -1.42129183 0.55843496 -64.75640869 0.65098039 0.74117647 0.85882353
v -1.42159188 0.56544048 -64.75424194 0.65098039 0.74117647 0.85882353
v -1.42406261 0.56754667 -64.76068115 0.65098039 0.74117647 0.85882353
v -1.40560412 0.56150299 -64.72727966 0.65098039 0.74117647 0.85882353
v -1.40474868 0.56525093 -64.72103119 0.65098039 0.74117647 0.85882353
v -1.39773917 0.56790310 -64.72083282 0.65098039 0.74117647 0.85882353
v -1.41019213 0.47997671 -64.75666046 0.65098039 0.74117647 0.85882353
v -1.41361940 0.49104834 -64.75726318 0.65098039 0.74117647 0.85882353
v -1.41022885 0.55136967 -64.71118164 0.65098039 0.74117647 0.85882353
v -1.39592957 0.57842582 -64.69227600 0.65098039 0.74117647 0.85882353
v -1.39343214 0.57297510 -64.70310974 0.65098039 0.74117647 0.85882353
v -1.39943039 0.57398170 -64.70603180 0.65098039 0.74117647 0.85882353
v -1.40107739 0.57960182 -64.69482422 0.65098039 0.74117647 0.85882353
v -1.40623212 0.55303127 -64.70172119 0.65098039 0.74117647 0.85882353
v -1.40534997 0.55796713 -64.69541931 0.65098039 0.74117647 0.85882353
v -1.40940070 0.56013530 -64.69990540 0.65098039 0.74117647 0.85882353
v -1.40924180 0.55602771 -64.70637512 0.65098039 0.74117647 0.85882353
v -1.40734577 0.51522905 -64.70195007 0.65098039 0.74117647 0.85882353
v -1.40572715 0.51859659 -64.69541931 0.65098039 0.74117647 0.85882353
v -1.38600373 0.54841650 -64.70937347 0.65098039 0.74117647 0.85882353
v -1.38118851 0.55410194 -64.72557831 0.65098039 0.74117647 0.85882353
v -1.38485336 0.55823183 -64.71505737 0.65098039 0.74117647 0.85882353
v -1.40529037 0.51881260 -64.72111511 0.65098039 0.74117647 0.85882353
v -1.40684092 0.51742625 -64.71121216 0.65098039 0.74117647 0.85882353
v -1.40670514 0.52273637 -64.71234894 0.65098039 0.74117647 0.85882353
v -1.40909672 0.54309112 -64.71286011 0.65098039 0.74117647 0.85882353
v -1.40800011 0.53709620 -64.71397400 0.65098039 0.74117647 0.85882353
v -1.40792596 0.54166508 -64.70769501 0.65098039 0.74117647 0.85882353
v -1.40882444 0.54781818 -64.70821381 0.65098039 0.74117647 0.85882353
v -1.40201640 0.47805977 -64.73449707 0.65098039 0.74117647 0.85882353
v -1.39050865 0.48187888 -64.73390961 0.65098039 0.74117647 0.85882353
v -1.40755367 0.58122551 -64.68985748 0.65098039 0.74117647 0.85882353
v -1.40912092 0.58338171 -64.68469238 0.65098039 0.74117647 0.85882353
v -1.39084327 0.46886486 -64.78426361 0.65098039 0.74117647 0.85882353
v -1.39856040 0.47072905 -64.78632355 0.65098039 0.74117647 0.85882353
v -1.40479755 0.51464146 -64.73046112 0.65098039 0.74117647 0.85882353
v -1.37987685 0.54847991 -64.73765564 0.65098039 0.74117647 0.85882353
v -1.40609217 0.51049405 -64.73967743 0.65098039 0.74117647 0.85882353
v -1.38950849 0.51088530 -64.69994354 0.65098039 0.74117647 0.85882353
v -1.38994765 0.51378447 -64.69271088 0.65098039 0.74117647 0.85882353
v -1.39612758 0.51138675 -64.69271851 0.65098039 0.74117647 0.85882353
v -1.39569962 0.50721490 -64.69874573 0.65098039 0.74117647 0.85882353
v -1.40514696 0.56420416 -64.68508148 0.65098039 0.74117647 0.85882353
v -1.40513921 0.56780034 -64.67857361 0.65098039 0.74117647 0.85882353
v -1.40988207 0.56970340 -64.68183899 0.65098039 0.74117647 0.85882353
v -1.40997434 0.56638104 -64.68879700 0.65098039 0.74117647 0.85882353
v -1.41014779 0.55955034 -64.71054840 0.65098039 0.74117647 0.85882353
v -1.41097069 0.56391788 -64.70388794 0.65098039 0.74117647 0.85882353
v -1.40956974 0.56845725 -64.70681000 0.65098039 0.74117647 0.85882353
v -1.40888417 0.56408638 -64.71401978 0.65098039 0.74117647 0.85882353
v -1.40439212 0.56808203 -64.71501923 0.65098039 0.74117647 0.85882353
v -1.40502632 0.57208288 -64.70729065 0.65098039 0.74117647 0.85882353
v -1.39853787 0.56508034 -64.68298340 0.65098039 0.74117647 0.85882353
v -1.39823890 0.55914897 -64.69291687 0.65098039 0.74117647 0.85882353
v -1.39153576 0.56281751 -64.69494629 0.65098039 0.74117647 0.85882353
v -1.39330053 0.56939280 -64.68464661 0.65098039 0.74117647 0.85882353
v -1.37560821 0.50444806 -64.74555969 0.65098039 0.74117647 0.85882353
v -1.38049984 0.49884164 -64.73241425 0.65098039 0.74117647 0.85882353
v -1.37832201 0.49559581 -64.74498749 0.65098039 0.74117647 0.85882353
v -1.38325405 0.51615775 -64.70764160 0.65098039 0.74117647 0.85882353
v -1.38776457 0.50552762 -64.70861816 0.65098039 0.74117647 0.85882353
v -1.38285124 0.50215131 -64.71997070 0.65098039 0.74117647 0.85882353
v -1.38384295 0.49058974 -64.73281097 0.65098039 0.74117647 0.85882353
v -1.39639366 0.54884738 -64.70026398 0.65098039 0.74117647 0.85882353
v -1.39013529 0.54813284 -64.70038605 0.65098039 0.74117647 0.85882353
v -1.39130092 0.55549228 -64.70271301 0.65098039 0.74117647 0.85882353
v -1.40832508 0.50365514 -64.73869324 0.65098039 0.74117647 0.85882353
v -1.40625334 0.57806826 -64.69622040 0.65098039 0.74117647 0.85882353
v -1.37515581 0.52613544 -64.78481293 0.65098039 0.74117647 0.85882353
v -1.37678325 0.53033280 -64.77774811 0.65098039 0.74117647 0.85882353
v -1.37023830 0.52021319 -64.77014160 0.65098039 0.74117647 0.85882353
v -1.36930490 0.51719987 -64.77905273 0.65098039 0.74117647 0.85882353
v -1.41195023 0.57038087 -64.69282532 0.65098039 0.74117647 0.85882353
v -1.41082489 0.57491958 -64.69560242 0.65098039 0.74117647 0.85882353
v -1.40632868 0.50948483 -64.69967651 0.65098039 0.74117647 0.85882353
v -1.40343690 0.50661522 -64.69604492 0.65098039 0.74117647 0.85882353
v -1.40190518 0.51052529 -64.69226837 0.65098039 0.74117647 0.85882353
v -1.40452170 0.51351881 -64.69429016 0.65098039 0.74117647 0.85882353
v -1.38173842 0.48751706 -64.74472809 0.65098039 0.74117647 0.85882353
v -1.38821244 0.49480093 -64.70358276 0.65098039 0.74117647 0.85882353
v -1.39494467 0.48741287 -64.70352173 0.65098039 0.74117647 0.85882353
v -1.37644172 0.49223918 -64.75582123 0.65098039 0.74117647 0.85882353
v -1.37198162 0.49877137 -64.76533508 0.65098039 0.74117647 0.85882353
v -1.37354839 0.50124037 -64.75686646 0.65098039 0.74117647 0.85882353
v -1.38444805 0.52881736 -64.70470428 0.65098039 0.74117647 0.85882353
v -1.37383914 0.51284170 -64.74559021 0.65098039 0.74117647 0.85882353
v -1.37166321 0.50942796 -64.75767517 0.65098039 0.74117647 0.85882353
v -1.36973131 0.50798208 -64.76763153 0.65098039 0.74117647 0.85882353
v -1.36839950 0.50583512 -64.77513885 0.65098039 0.74117647 0.85882353
v -1.37096393 0.49587536 -64.77233124 0.65098039 0.74117647 0.85882353
v -1.39252222 0.57472146 -64.68854523 0.65098039 0.74117647 0.85882353
v -1.39501750 0.57316762 -64.67852783 0.65098039 0.74117647 0.85882353
v -1.36717296 0.48646444 -64.78799438 0.65098039 0.74117647 0.85882353
v -1.36957550 0.49189985 -64.77970886 0.65098039 0.74117647 0.85882353
v -1.36532021 0.49684912 -64.79165649 0.65098039 0.74117647 0.85882353
v -1.36700451 0.50223631 -64.78278351 0.65098039 0.74117647 0.85882353
v -1.37245953 0.52714807 -64.76049042 0.65098039 0.74117647 0.85882353
v -1.37112820 0.51831251 -64.75847626 0.65098039 0.74117647 0.85882353
v -1.37405324 0.53167486 -64.74760437 0.65098039 0.74117647 0.85882353
v -1.37269390 0.52159566 -64.74610901 0.65098039 0.74117647 0.85882353
v -1.38086689 0.53822154 -64.70761108 0.65098039 0.74117647 0.85882353
v -1.40236235 0.57700479 -64.66490936 0.65098039 0.74117647 0.85882353
v -1.40667355 0.57489461 -64.66539001 0.65098039 0.74117647 0.85882353
v -1.40571046 0.57074732 -64.67276001 0.65098039 0.74117647 0.85882353
v -1.40066290 0.57278210 -64.67173004 0.65098039 0.74117647 0.85882353
v -1.39943361 0.56913507 -64.67709351 0.65098039 0.74117647 0.85882353
v -1.39688122 0.57645470 -64.67335510 0.65098039 0.74117647 0.85882353
v -1.37887311 0.54287130 -64.75045013 0.65098039 0.74117647 0.85882353
v -1.40595257 0.54602385 -64.70137787 0.65098039 0.74117647 0.85882353
v -1.38002634 0.53880125 -64.76626587 0.65098039 0.74117647 0.85882353
v -1.38753045 0.55313271 -64.76232910 0.65098039 0.74117647 0.85882353
v -1.38596892 0.55502987 -64.75126648 0.65098039 0.74117647 0.85882353
v -1.38819122 0.54531366 -64.77825165 0.65098039 0.74117647 0.85882353
v -1.38523746 0.53603059 -64.78525543 0.65098039 0.74117647 0.85882353
v -1.38222218 0.52664506 -64.79654694 0.65098039 0.74117647 0.85882353
v -1.38367546 0.53004962 -64.79100800 0.65098039 0.74117647 0.85882353
v -1.38031042 0.52225244 -64.80442810 0.65098039 0.74117647 0.85882353
v -1.39307714 0.55663967 -64.77186584 0.65098039 0.74117647 0.85882353
v -1.41438723 0.57792693 -64.67328644 0.65098039 0.74117647 0.85882353
v -1.41448414 0.58244848 -64.67675018 0.65098039 0.74117647 0.85882353
v -1.37371874 0.52283680 -64.79135895 0.65098039 0.74117647 0.85882353
v -1.37130332 0.51777714 -64.80022430 0.65098039 0.74117647 0.85882353
v -1.42265236 0.55019212 -64.75714874 0.65098039 0.74117647 0.85882353
v -1.40830505 0.50688750 -64.74884033 0.65098039 0.74117647 0.85882353
v -1.41049767 0.50151092 -64.74847412 0.65098039 0.74117647 0.85882353
v -1.41289532 0.49272943 -64.74844360 0.65098039 0.74117647 0.85882353
v -1.41063690 0.48153365 -64.74779510 0.65098039 0.74117647 0.85882353
v -1.36538267 0.50840926 -64.79572296 0.65098039 0.74117647 0.85882353
v -1.40621114 0.48555511 -64.81060791 0.65098039 0.74117647 0.85882353
v -1.40534735 0.47713727 -64.80590057 0.65098039 0.74117647 0.85882353
v -1.36294079 0.48916978 -64.80237579 0.65098039 0.74117647 0.85882353
v -1.41154242 0.58605367 -64.67769623 0.65098039 0.74117647 0.85882353
v -1.39854968 0.52920485 -64.69192505 0.65098039 0.74117647 0.85882353
v -1.39920354 0.53133255 -64.69145966 0.65098039 0.74117647 0.85882353
v -1.42196131 0.56244069 -64.77227783 0.65098039 0.74117647 0.85882353
v -1.42209971 0.57031876 -64.76647949 0.65098039 0.74117647 0.85882353
v -1.40891027 0.57592160 -64.76441956 0.65098039 0.74117647 0.85882353
v -1.40568018 0.56819165 -64.77172852 0.65098039 0.74117647 0.85882353
v -1.41471696 0.56618142 -64.77496338 0.65098039 0.74117647 0.85882353
v -1.41633999 0.57363284 -64.76743317 0.65098039 0.74117647 0.85882353
v -1.41183233 0.50293803 -64.75898743 0.65098039 0.74117647 0.85882353
v -1.41253650 0.49827141 -64.75776672 0.65098039 0.74117647 0.85882353
v -1.38914931 0.47927713 -64.74497986 0.65098039 0.74117647 0.85882353
v -1.40031052 0.47557849 -64.74552917 0.65098039 0.74117647 0.85882353
v -1.39812756 0.57005543 -64.71410370 0.65098039 0.74117647 0.85882353
v -1.39182806 0.56820577 -64.71144104 0.65098039 0.74117647 0.85882353
v -1.39009583 0.56518698 -64.71873474 0.65098039 0.74117647 0.85882353
v -1.38985455 0.56829584 -64.69918823 0.65098039 0.74117647 0.85882353
v -1.39913893 0.55414265 -64.69923401 0.65098039 0.74117647 0.85882353
v -1.40121043 0.54951495 -64.69951630 0.65098039 0.74117647 0.85882353
v -1.41497004 0.51777339 -64.76026917 0.65098039 0.74117647 0.85882353
v -1.41991127 0.51636678 -64.77468872 0.65098039 0.74117647 0.85882353
v -1.41481304 0.56462651 -64.74946594 0.65098039 0.74117647 0.85882353
v -1.41609001 0.55858743 -64.75000000 0.65098039 0.74117647 0.85882353
v -1.40702212 0.52950054 -64.71379089 0.65098039 0.74117647 0.85882353
v -1.38632512 0.53585649 -64.69482422 0.65098039 0.74117647 0.85882353
v -1.38386047 0.54275477 -64.69834137 0.65098039 0.74117647 0.85882353
v -1.40727782 0.53357410 -64.70652008 0.65098039 0.74117647 0.85882353
v -1.40740502 0.58802277 -64.67647552 0.65098039 0.74117647 0.85882353
v -1.40262711 0.58773190 -64.67391205 0.65098039 0.74117647 0.85882353
v -1.38756883 0.56270546 -64.70735168 0.65098039 0.74117647 0.85882353
v -1.40801787 0.51095587 -64.70981598 0.65098039 0.74117647 0.85882353
v -1.39235473 0.53308934 -64.69202423 0.65098039 0.74117647 0.85882353
v -1.38925254 0.52789319 -64.69654083 0.65098039 0.74117647 0.85882353
v -1.40241981 0.48651469 -64.70613098 0.65098039 0.74117647 0.85882353
v -1.36783397 0.51375228 -64.78639221 0.65098039 0.74117647 0.85882353
v -1.41054785 0.57166350 -64.67636871 0.65098039 0.74117647 0.85882353
v -1.41174567 0.57460374 -64.66901398 0.65098039 0.74117647 0.85882353
v -1.39959407 0.58004916 -64.66678619 0.65098039 0.74117647 0.85882353
v -1.39939499 0.58422613 -64.67041779 0.65098039 0.74117647 0.85882353
v -1.39981389 0.47474808 -64.75584412 0.65098039 0.74117647 0.85882353
v -1.40745652 0.51065642 -64.74895477 0.65098039 0.74117647 0.85882353
v -1.40225947 0.46949202 -64.80175781 0.65098039 0.74117647 0.85882353
v -1.39792943 0.56635219 -64.76618195 0.65098039 0.74117647 0.85882353
v -1.40295219 0.57464647 -64.75926208 0.65098039 0.74117647 0.85882353
v -1.40624833 0.53711128 -64.69963074 0.65098039 0.74117647 0.85882353
v -1.39067936 0.50260401 -64.70207214 0.65098039 0.74117647 0.85882353
v -1.38850760 0.52750909 -64.69193268 0.65098039 0.74117647 0.85882353
v -1.38560891 0.52064884 -64.69252777 0.65098039 0.74117647 0.85882353
v -1.38474715 0.51861328 -64.69915771 0.65098039 0.74117647 0.85882353
v -1.39393616 0.52937728 -64.69022369 0.65098039 0.74117647 0.85882353
v -1.40126491 0.58714491 -64.66431427 0.65098039 0.74117647 0.85882353
v -1.40139866 0.58298713 -64.66094971 0.65098039 0.74117647 0.85882353
v -1.40451956 0.59076077 -64.66765594 0.65098039 0.74117647 0.85882353
v -1.40911245 0.59042799 -64.67058563 0.65098039 0.74117647 0.85882353
v -1.41275513 0.58813792 -64.67215729 0.65098039 0.74117647 0.85882353
v -1.40387821 0.57989889 -64.65935516 0.65098039 0.74117647 0.85882353
v -1.40776396 0.57779860 -64.66011047 0.65098039 0.74117647 0.85882353
v -1.41240776 0.57708794 -64.66397858 0.65098039 0.74117647 0.85882353
v -1.40554321 0.58215338 -64.65443420 0.65098039 0.74117647 0.85882353
v -1.40337181 0.58576006 -64.65505219 0.65098039 0.74117647 0.85882353
v -1.40931547 0.59586394 -64.65658569 0.65098039 0.74117647 0.85882353
v -1.40720546 0.59524077 -64.65397644 0.65098039 0.74117647 0.85882353
v -1.40580130 0.59365469 -64.65692139 0.65098039 0.74117647 0.85882353
v -1.40617895 0.59361726 -64.66088867 0.65098039 0.74117647 0.85882353
v -1.41114891 0.59698403 -64.65198517 0.65098039 0.74117647 0.85882353
v -1.40858114 0.59664512 -64.64974213 0.65098039 0.74117647 0.85882353
v -1.40519392 0.59260970 -64.65161133 0.65098039 0.74117647 0.85882353
v -1.40413642 0.59114581 -64.65572357 0.65098039 0.74117647 0.85882353
v -1.40638816 0.59415430 -64.64703369 0.65098039 0.74117647 0.85882353
v -1.40643334 0.59065372 -64.64538574 0.65098039 0.74117647 0.85882353
v -1.40545583 0.58919305 -64.64987946 0.65098039 0.74117647 0.85882353
v -1.40431547 0.58857763 -64.65364075 0.65098039 0.74117647 0.85882353
v -1.40295553 0.58970904 -64.65897369 0.65098039 0.74117647 0.85882353
v -1.41192853 0.59704787 -64.64724731 0.65098039 0.74117647 0.85882353
v -1.41094220 0.59459263 -64.64287567 0.65098039 0.74117647 0.85882353
v -1.40792513 0.59530193 -64.64340210 0.65098039 0.74117647 0.85882353
v -1.40942836 0.59721875 -64.64660645 0.65098039 0.74117647 0.85882353
v -1.41048300 0.59273142 -64.66486359 0.65098039 0.74117647 0.85882353
v -1.41246951 0.59465671 -64.65864563 0.65098039 0.74117647 0.85882353
v -1.41416585 0.59566838 -64.65317535 0.65098039 0.74117647 0.85882353
v -1.41466689 0.59538472 -64.64808655 0.65098039 0.74117647 0.85882353
v -1.41570687 0.59251243 -64.65903473 0.65098039 0.74117647 0.85882353
v -1.41645610 0.59342510 -64.65306854 0.65098039 0.74117647 0.85882353
v -1.41646874 0.59308416 -64.64875793 0.65098039 0.74117647 0.85882353
v -1.41767359 0.58937526 -64.65782928 0.65098039 0.74117647 0.85882353
v -1.41756368 0.59084469 -64.65190125 0.65098039 0.74117647 0.85882353
v -1.41403186 0.59024894 -64.66666412 0.65098039 0.74117647 0.85882353
v -1.41624629 0.58670557 -64.66616821 0.65098039 0.74117647 0.85882353
v -1.41700208 0.59125745 -64.64905548 0.65098039 0.74117647 0.85882353
v -1.41341949 0.59287089 -64.64378357 0.65098039 0.74117647 0.85882353
v -1.40588355 0.58627892 -64.64929962 0.65098039 0.74117647 0.85882353
v -1.40769470 0.58801639 -64.64475250 0.65098039 0.74117647 0.85882353
v -1.40770769 0.58406448 -64.64921570 0.65098039 0.74117647 0.85882353
v -1.40962064 0.58632416 -64.64485168 0.65098039 0.74117647 0.85882353
v -1.40723383 0.59203309 -64.64239502 0.65098039 0.74117647 0.85882353
v -1.40917695 0.59048474 -64.64172363 0.65098039 0.74117647 0.85882353
v -1.41525471 0.58449310 -64.67161560 0.65098039 0.74117647 0.85882353
v -1.41490817 0.57990855 -64.66817474 0.65098039 0.74117647 0.85882353
v -1.41596508 0.58227497 -64.66308594 0.65098039 0.74117647 0.85882353
v -1.41747248 0.58511591 -64.65509033 0.65098039 0.74117647 0.85882353
v -1.41329432 0.57968819 -64.65898132 0.65098039 0.74117647 0.85882353
v -1.40911925 0.58020967 -64.65515137 0.65098039 0.74117647 0.85882353
v -1.41054857 0.58282369 -64.64981842 0.65098039 0.74117647 0.85882353
v -1.41438520 0.58255416 -64.65200043 0.65098039 0.74117647 0.85882353
v -1.41226685 0.58533710 -64.64585876 0.65098039 0.74117647 0.85882353
v -1.41499972 0.58554924 -64.64756775 0.65098039 0.74117647 0.85882353
v -1.41706538 0.58775640 -64.64973450 0.65098039 0.74117647 0.85882353
v -1.41367710 0.58799702 -64.64420319 0.65098039 0.74117647 0.85882353
v -1.41145527 0.58896357 -64.64262390 0.65098039 0.74117647 0.85882353
v -1.41515374 0.59098852 -64.64550018 0.65098039 0.74117647 0.85882353
v -1.41630721 0.58942658 -64.64719391 0.65098039 0.74117647 0.85882353
v -1.41515493 0.58762920 -64.64591217 0.65098039 0.74117647 0.85882353
v -1.40843177 0.55618781 -64.66320801 0.65098039 0.74117647 0.85882353
v -1.40689397 0.55421138 -64.67037201 0.65098039 0.74117647 0.85882353
v -1.40712595 0.54951036 -64.66831207 0.65098039 0.74117647 0.85882353
v -1.40834498 0.55140501 -64.66088104 0.65098039 0.74117647 0.85882353
v -1.39596236 0.56162971 -64.66340637 0.65098039 0.74117647 0.85882353
v -1.39376354 0.55934334 -64.66970825 0.65098039 0.74117647 0.85882353
v -1.39949727 0.55959028 -64.67111206 0.65098039 0.74117647 0.85882353
v -1.40186691 0.56165963 -64.66455841 0.65098039 0.74117647 0.85882353
v -1.39225864 0.55685395 -64.66063690 0.65098039 0.74117647 0.85882353
v -1.38995194 0.55452675 -64.66690826 0.65098039 0.74117647 0.85882353
v -1.39195168 0.55666357 -64.67741394 0.65098039 0.74117647 0.85882353
v -1.39070225 0.55160087 -64.69044495 0.65098039 0.74117647 0.85882353
v -1.39711976 0.55122429 -64.69121552 0.65098039 0.74117647 0.85882353
v -1.39791453 0.55678719 -64.67856598 0.65098039 0.74117647 0.85882353
v -1.39960933 0.53485912 -64.68414307 0.65098039 0.74117647 0.85882353
v -1.40366840 0.53648800 -64.68742371 0.65098039 0.74117647 0.85882353
v -1.40403676 0.55741072 -64.67111206 0.65098039 0.74117647 0.85882353
v -1.40620637 0.55954218 -64.66433716 0.65098039 0.74117647 0.85882353
v -1.40022397 0.54024541 -64.67127991 0.65098039 0.74117647 0.85882353
v -1.40087295 0.54318368 -64.66284943 0.65098039 0.74117647 0.85882353
v -1.40497935 0.54540402 -64.66543579 0.65098039 0.74117647 0.85882353
v -1.40456390 0.54236156 -64.67387390 0.65098039 0.74117647 0.85882353
v -1.40553641 0.54125774 -64.69064331 0.65098039 0.74117647 0.85882353
v -1.40550339 0.54704547 -64.69251251 0.65098039 0.74117647 0.85882353
v -1.40201771 0.55023009 -64.69213867 0.65098039 0.74117647 0.85882353
v -1.39446175 0.54093742 -64.66986847 0.65098039 0.74117647 0.85882353
v -1.39301419 0.53623080 -64.68255615 0.65098039 0.74117647 0.85882353
v -1.38731265 0.54032069 -64.68411255 0.65098039 0.74117647 0.85882353
v -1.38956916 0.54520530 -64.67105865 0.65098039 0.74117647 0.85882353
v -1.40291691 0.55495578 -64.67910767 0.65098039 0.74117647 0.85882353
v -1.40662062 0.54673213 -64.67694855 0.65098039 0.74117647 0.85882353
v -1.40632021 0.55175334 -64.67883301 0.65098039 0.74117647 0.85882353
v -1.38807130 0.55159658 -64.67452240 0.65098039 0.74117647 0.85882353
v -1.39142323 0.54816902 -64.66349030 0.65098039 0.74117647 0.85882353
v -1.39862084 0.55097228 -64.64671326 0.65098039 0.74117647 0.85882353
v -1.40305817 0.54918569 -64.64642334 0.65098039 0.74117647 0.85882353
v -1.40185595 0.54545128 -64.65557098 0.65098039 0.74117647 0.85882353
v -1.39707601 0.54709089 -64.65523529 0.65098039 0.74117647 0.85882353
v -1.39592826 0.54430741 -64.66198730 0.65098039 0.74117647 0.85882353
v -1.39317846 0.55098933 -64.65722656 0.65098039 0.74117647 0.85882353
v -1.41010976 0.55419666 -64.65032196 0.65098039 0.74117647 0.85882353
v -1.41057658 0.55895239 -64.65324402 0.65098039 0.74117647 0.85882353
v -1.40873396 0.56240183 -64.65453339 0.65098039 0.74117647 0.85882353
v -1.38541055 0.54692203 -64.68751526 0.65098039 0.74117647 0.85882353
v -1.40470982 0.56423241 -64.65499878 0.65098039 0.74117647 0.85882353
v -1.39887917 0.56446093 -64.65438080 0.65098039 0.74117647 0.85882353
v -1.40612328 0.54728597 -64.65786743 0.65098039 0.74117647 0.85882353
v -1.40763605 0.55030483 -64.64802551 0.65098039 0.74117647 0.85882353
v -1.39546096 0.55443114 -64.64876556 0.65098039 0.74117647 0.85882353
v -1.39479160 0.55985224 -64.65206909 0.65098039 0.74117647 0.85882353
v -1.39704013 0.56213289 -64.64432526 0.65098039 0.74117647 0.85882353
v -1.39745641 0.55698192 -64.64154053 0.65098039 0.74117647 0.85882353
v -1.40068102 0.56672615 -64.64656067 0.65098039 0.74117647 0.85882353
v -1.40606534 0.56631261 -64.64799500 0.65098039 0.74117647 0.85882353
v -1.40961313 0.56421423 -64.64820099 0.65098039 0.74117647 0.85882353
v -1.39996076 0.55394632 -64.63992310 0.65098039 0.74117647 0.85882353
v -1.40381742 0.55213141 -64.63998413 0.65098039 0.74117647 0.85882353
v -1.40820479 0.55261642 -64.64205933 0.65098039 0.74117647 0.85882353
v -1.40138698 0.55631822 -64.63334656 0.65098039 0.74117647 0.85882353
v -1.39913702 0.55955499 -64.63359070 0.65098039 0.74117647 0.85882353
v -1.40613675 0.57133895 -64.62742615 0.65098039 0.74117647 0.85882353
v -1.40318131 0.57071382 -64.62592316 0.65098039 0.74117647 0.85882353
v -1.40227544 0.56933767 -64.63078308 0.65098039 0.74117647 0.85882353
v -1.40450788 0.57062542 -64.63294983 0.65098039 0.74117647 0.85882353
v -1.40100622 0.56804287 -64.63396454 0.65098039 0.74117647 0.85882353
v -1.40187681 0.56877977 -64.63821411 0.65098039 0.74117647 0.85882353
v -1.39996111 0.56577229 -64.62918091 0.65098039 0.74117647 0.85882353
v -1.39964604 0.56517076 -64.63297272 0.65098039 0.74117647 0.85882353
v -1.40049815 0.56794757 -64.62332153 0.65098039 0.74117647 0.85882353
v -1.40076160 0.56421930 -64.62225342 0.65098039 0.74117647 0.85882353
v -1.40035498 0.56294245 -64.62796021 0.65098039 0.74117647 0.85882353
v -1.39977169 0.56223989 -64.63153839 0.65098039 0.74117647 0.85882353
v -1.40631807 0.57125574 -64.62197876 0.65098039 0.74117647 0.85882353
v -1.40367115 0.57146835 -64.62200928 0.65098039 0.74117647 0.85882353
v -1.39857972 0.56405526 -64.63715363 0.65098039 0.74117647 0.85882353
v -1.40668666 0.56789464 -64.64163208 0.65098039 0.74117647 0.85882353
v -1.40812910 0.56968904 -64.63462830 0.65098039 0.74117647 0.85882353
v -1.40914667 0.57038134 -64.62790680 0.65098039 0.74117647 0.85882353
v -1.40909553 0.56987709 -64.62246704 0.65098039 0.74117647 0.85882353
v -1.41151142 0.56741285 -64.63511658 0.65098039 0.74117647 0.85882353
v -1.41167915 0.56840414 -64.62819672 0.65098039 0.74117647 0.85882353
v -1.41090524 0.56765741 -64.62346649 0.65098039 0.74117647 0.85882353
v -1.41336143 0.56371349 -64.63412476 0.65098039 0.74117647 0.85882353
v -1.41286182 0.56519836 -64.62740326 0.65098039 0.74117647 0.85882353
v -1.41035163 0.56548434 -64.64267731 0.65098039 0.74117647 0.85882353
v -1.41205275 0.56178552 -64.64209747 0.65098039 0.74117647 0.85882353
v -1.41165149 0.56570584 -64.62411499 0.65098039 0.74117647 0.85882353
v -1.40730786 0.56727004 -64.61886597 0.65098039 0.74117647 0.85882353
v -1.40456474 0.56879359 -64.61789703 0.65098039 0.74117647 0.85882353
v -1.40123117 0.56960034 -64.61856842 0.65098039 0.74117647 0.85882353
v -1.40141749 0.56065166 -64.62763977 0.65098039 0.74117647 0.85882353
v -1.40261340 0.56246060 -64.62195587 0.65098039 0.74117647 0.85882353
v -1.40276313 0.55842525 -64.62695312 0.65098039 0.74117647 0.85882353
v -1.40410793 0.56083292 -64.62161255 0.65098039 0.74117647 0.85882353
v -1.40117586 0.56565624 -64.61830139 0.65098039 0.74117647 0.85882353
v -1.40318525 0.56477594 -64.61791992 0.65098039 0.74117647 0.85882353
v -1.41121864 0.56056565 -64.64706421 0.65098039 0.74117647 0.85882353
v -1.41075778 0.55615431 -64.64472198 0.65098039 0.74117647 0.85882353
v -1.41166437 0.55741322 -64.63986206 0.65098039 0.74117647 0.85882353
v -1.41258800 0.55932504 -64.63187408 0.65098039 0.74117647 0.85882353
v -1.40882123 0.55413610 -64.63694000 0.65098039 0.74117647 0.85882353
v -1.40450478 0.55422580 -64.63405609 0.65098039 0.74117647 0.85882353
v -1.40539145 0.55680811 -64.62763977 0.65098039 0.74117647 0.85882353
v -1.40920496 0.55658895 -64.62948608 0.65098039 0.74117647 0.85882353
v -1.40631175 0.55981582 -64.62261200 0.65098039 0.74117647 0.85882353
v -1.40919018 0.55953038 -64.62405396 0.65098039 0.74117647 0.85882353
v -1.41200984 0.56158084 -64.62577820 0.65098039 0.74117647 0.85882353
v -1.40746307 0.56243330 -64.62001038 0.65098039 0.74117647 0.85882353
v -1.40548098 0.56356257 -64.61845398 0.65098039 0.74117647 0.85882353
v -1.40928912 0.56542206 -64.62055969 0.65098039 0.74117647 0.85882353
v -1.41076458 0.56360525 -64.62258148 0.65098039 0.74117647 0.85882353
v -1.40913153 0.56166714 -64.62180328 0.65098039 0.74117647 0.85882353
v -1.40549672 0.53210312 -64.66291046 0.65098039 0.74117647 0.85882353
v -1.40424073 0.53080362 -64.66882324 0.65098039 0.74117647 0.85882353
v -1.40594053 0.52601963 -64.66846466 0.65098039 0.74117647 0.85882353
v -1.40721393 0.52728206 -64.66242981 0.65098039 0.74117647 0.85882353
v -1.39360607 0.53411961 -64.66116333 0.65098039 0.74117647 0.85882353
v -1.39161563 0.53299671 -64.66800690 0.65098039 0.74117647 0.85882353
v -1.39605582 0.53449333 -64.66821289 0.65098039 0.74117647 0.85882353
v -1.39741981 0.53551054 -64.66188049 0.65098039 0.74117647 0.85882353
v -1.39162409 0.52972740 -64.65982056 0.65098039 0.74117647 0.85882353
v -1.38949096 0.52787918 -64.66690063 0.65098039 0.74117647 0.85882353
v -1.39031982 0.53156316 -64.67495728 0.65098039 0.74117647 0.85882353
v -1.38922989 0.52895534 -64.68463898 0.65098039 0.74117647 0.85882353
v -1.39491200 0.53032500 -64.68442535 0.65098039 0.74117647 0.85882353
v -1.39542997 0.53320974 -64.67481995 0.65098039 0.74117647 0.85882353
v -1.40050817 0.53367239 -64.66848755 0.65098039 0.74117647 0.85882353
v -1.40162158 0.53494811 -64.66244507 0.65098039 0.74117647 0.85882353
v -1.40191638 0.51671910 -64.67326355 0.65098039 0.74117647 0.85882353
v -1.40203512 0.51881093 -64.66593933 0.65098039 0.74117647 0.85882353
v -1.40489066 0.52153176 -64.66725159 0.65098039 0.74117647 0.85882353
v -1.40470457 0.51962054 -64.67465210 0.65098039 0.74117647 0.85882353
v -1.40516520 0.52106261 -64.68750763 0.65098039 0.74117647 0.85882353
v -1.40373540 0.52622324 -64.68703461 0.65098039 0.74117647 0.85882353
v -1.39999485 0.52903324 -64.68548584 0.65098039 0.74117647 0.85882353
v -1.39649761 0.51637763 -64.67219543 0.65098039 0.74117647 0.85882353
v -1.39610255 0.51365966 -64.68380737 0.65098039 0.74117647 0.85882353
v -1.38987875 0.51638037 -64.68347931 0.65098039 0.74117647 0.85882353
v -1.39058924 0.51966602 -64.67274475 0.65098039 0.74117647 0.85882353
v -1.40029955 0.53218800 -64.67495728 0.65098039 0.74117647 0.85882353
v -1.40610957 0.52424711 -64.67562866 0.65098039 0.74117647 0.85882353
v -1.40425944 0.52923185 -64.67559814 0.65098039 0.74117647 0.85882353
v -1.38817811 0.52589214 -64.67424011 0.65098039 0.74117647 0.85882353
v -1.39189041 0.52198881 -64.66566467 0.65098039 0.74117647 0.85882353
v -1.39879262 0.52407372 -64.64846039 0.65098039 0.74117647 0.85882353
v -1.40321648 0.52301842 -64.64897919 0.65098039 0.74117647 0.85882353
v -1.40280426 0.51998013 -64.65919495 0.65098039 0.74117647 0.85882353
v -1.39779782 0.52060950 -64.65830994 0.65098039 0.74117647 0.85882353
v -1.39714181 0.51844865 -64.66509247 0.65098039 0.74117647 0.85882353
v -1.39340246 0.52435881 -64.65859222 0.65098039 0.74117647 0.85882353
v -1.40840781 0.52922213 -64.65298462 0.65098039 0.74117647 0.85882353
v -1.40738416 0.53390628 -64.65403748 0.65098039 0.74117647 0.85882353
v -1.40371776 0.53656876 -64.65368652 0.65098039 0.74117647 0.85882353
v -1.38665497 0.52310514 -64.68412781 0.65098039 0.74117647 0.85882353
v -1.40160465 0.51381689 -64.68511200 0.65098039 0.74117647 0.85882353
v -1.40013337 0.53733963 -64.65296173 0.65098039 0.74117647 0.85882353
v -1.39645290 0.53637981 -64.65189362 0.65098039 0.74117647 0.85882353
v -1.40589452 0.52263665 -64.66092682 0.65098039 0.74117647 0.85882353
v -1.40688062 0.52475864 -64.65114594 0.65098039 0.74117647 0.85882353
v -1.39513576 0.52747834 -64.64908600 0.65098039 0.74117647 0.85882353
v -1.39385879 0.53234285 -64.65060425 0.65098039 0.74117647 0.85882353
v -1.39542484 0.53422970 -64.64385986 0.65098039 0.74117647 0.85882353
v -1.39618027 0.52928710 -64.64240265 0.65098039 0.74117647 0.85882353
v -1.39801061 0.53835529 -64.64503479 0.65098039 0.74117647 0.85882353
v -1.40183520 0.53876930 -64.64638519 0.65098039 0.74117647 0.85882353
v -1.40512455 0.53770494 -64.64759827 0.65098039 0.74117647 0.85882353
v -1.39978921 0.52625197 -64.64198303 0.65098039 0.74117647 0.85882353
v -1.40357733 0.52541423 -64.64257050 0.65098039 0.74117647 0.85882353
v -1.40716350 0.52658516 -64.64534760 0.65098039 0.74117647 0.85882353
v -1.40077496 0.52745944 -64.63698578 0.65098039 0.74117647 0.85882353
v -1.39791393 0.53104621 -64.63644409 0.65098039 0.74117647 0.85882353
v -1.40310824 0.54277921 -64.62864685 0.65098039 0.74117647 0.85882353
v -1.40123188 0.54161698 -64.62757111 0.65098039 0.74117647 0.85882353
v -1.40066969 0.54039472 -64.63216400 0.65098039 0.74117647 0.85882353
v -1.40200973 0.54193062 -64.63340759 0.65098039 0.74117647 0.85882353
v -1.39932585 0.53938282 -64.63532257 0.65098039 0.74117647 0.85882353
v -1.39937568 0.53993875 -64.63861847 0.65098039 0.74117647 0.85882353
v -1.39837229 0.53747183 -64.63087463 0.65098039 0.74117647 0.85882353
v -1.39775133 0.53658724 -64.63502502 0.65098039 0.74117647 0.85882353
v -1.39902127 0.53840035 -64.62611389 0.65098039 0.74117647 0.85882353
v -1.39979458 0.53431565 -64.62599945 0.65098039 0.74117647 0.85882353
v -1.39929783 0.53353208 -64.63080597 0.65098039 0.74117647 0.85882353
v -1.39810169 0.53346872 -64.63420105 0.65098039 0.74117647 0.85882353
v -1.40336025 0.54238158 -64.62412262 0.65098039 0.74117647 0.85882353
v -1.40140045 0.54185051 -64.62416077 0.65098039 0.74117647 0.85882353
v -1.39698899 0.53561121 -64.63858032 0.65098039 0.74117647 0.85882353
v -1.40290403 0.54006189 -64.64113617 0.65098039 0.74117647 0.85882353
v -1.40476298 0.54171395 -64.63504028 0.65098039 0.74117647 0.85882353
v -1.40585804 0.54248196 -64.62967682 0.65098039 0.74117647 0.85882353
v -1.40622652 0.54152989 -64.62528992 0.65098039 0.74117647 0.85882353
v -1.40764403 0.54005349 -64.63617706 0.65098039 0.74117647 0.85882353
v -1.40830278 0.54071319 -64.63056183 0.65098039 0.74117647 0.85882353
v -1.40837288 0.53986263 -64.62681580 0.65098039 0.74117647 0.85882353
v -1.41001368 0.53745592 -64.63677979 0.65098039 0.74117647 0.85882353
v -1.41002631 0.53833097 -64.63091278 0.65098039 0.74117647 0.85882353
v -1.40616846 0.53858316 -64.64251709 0.65098039 0.74117647 0.85882353
v -1.40869820 0.53582835 -64.64353943 0.65098039 0.74117647 0.85882353
v -1.40932727 0.53826642 -64.62793732 0.65098039 0.74117647 0.85882353
v -1.40551817 0.53779525 -64.62242889 0.65098039 0.74117647 0.85882353
v -1.40241420 0.53889245 -64.62123871 0.65098039 0.74117647 0.85882353
v -1.39965510 0.53923059 -64.62200928 0.65098039 0.74117647 0.85882353
v -1.40022361 0.53084004 -64.63108063 0.65098039 0.74117647 0.85882353
v -1.40136111 0.53212351 -64.62617493 0.65098039 0.74117647 0.85882353
v -1.40244532 0.52891809 -64.63177490 0.65098039 0.74117647 0.85882353
v -1.40349567 0.53090006 -64.62665558 0.65098039 0.74117647 0.85882353
v -1.40000796 0.53562766 -64.62271118 0.65098039 0.74117647 0.85882353
v -1.40169907 0.53454500 -64.62244415 0.65098039 0.74117647 0.85882353
v -1.40785575 0.53504032 -64.64834595 0.65098039 0.74117647 0.85882353
v -1.40869367 0.53067976 -64.64760590 0.65098039 0.74117647 0.85882353
v -1.40935302 0.53188264 -64.64299011 0.65098039 0.74117647 0.85882353
v -1.41041732 0.53345948 -64.63584900 0.65098039 0.74117647 0.85882353
v -1.40760994 0.52787733 -64.64096069 0.65098039 0.74117647 0.85882353
v -1.40424705 0.52675140 -64.63837433 0.65098039 0.74117647 0.85882353
v -1.40538192 0.52841628 -64.63288116 0.65098039 0.74117647 0.85882353
v -1.40834653 0.52975279 -64.63459778 0.65098039 0.74117647 0.85882353
v -1.40612721 0.53064752 -64.62774658 0.65098039 0.74117647 0.85882353
v -1.40857279 0.53174096 -64.62913513 0.65098039 0.74117647 0.85882353
v -1.41021585 0.53483766 -64.63023376 0.65098039 0.74117647 0.85882353
v -1.40667450 0.53315836 -64.62496185 0.65098039 0.74117647 0.85882353
v -1.40413725 0.53352320 -64.62339783 0.65098039 0.74117647 0.85882353
v -1.40775156 0.53685838 -64.62469482 0.65098039 0.74117647 0.85882353
v -1.40913987 0.53594315 -64.62693787 0.65098039 0.74117647 0.85882353
v -1.40840101 0.53337288 -64.62658691 0.65098039 0.74117647 0.85882353
v -1.40390062 0.51671600 -64.68681335 0.65098039 0.74117647 0.85882353
v -1.40463233 0.50173002 -64.67284393 0.65098039 0.74117647 0.85882353
v -1.40382254 0.50172490 -64.67788696 0.65098039 0.74117647 0.85882353
v -1.40523243 0.49803925 -64.67832947 0.65098039 0.74117647 0.85882353
v -1.40601718 0.49798620 -64.67338562 0.65098039 0.74117647 0.85882353
v -1.39389896 0.50127167 -64.67034912 0.65098039 0.74117647 0.85882353
v -1.39234424 0.50137067 -64.67605591 0.65098039 0.74117647 0.85882353
v -1.39618993 0.50403237 -64.67647552 0.65098039 0.74117647 0.85882353
v -1.39741039 0.50395280 -64.67079163 0.65098039 0.74117647 0.85882353
v -1.39288557 0.49625099 -64.67038727 0.65098039 0.74117647 0.85882353
v -1.39135396 0.49593508 -64.67622375 0.65098039 0.74117647 0.85882353
v -1.39167976 0.50143296 -64.68295288 0.65098039 0.74117647 0.85882353
v -1.39084613 0.50186670 -64.69398499 0.65098039 0.74117647 0.85882353
v -1.39576256 0.50432724 -64.69277954 0.65098039 0.74117647 0.85882353
v -1.39577329 0.50414902 -64.68318176 0.65098039 0.74117647 0.85882353
v -1.40249419 0.48856705 -64.70100403 0.65098039 0.74117647 0.85882353
v -1.40284812 0.48959559 -64.69405365 0.65098039 0.74117647 0.85882353
v -1.40530014 0.49322116 -64.69380951 0.65098039 0.74117647 0.85882353
v -1.40602362 0.49214172 -64.70158386 0.65098039 0.74117647 0.85882353
v -1.40048289 0.50397378 -64.67718506 0.65098039 0.74117647 0.85882353
v -1.40141606 0.50388318 -64.67175293 0.65098039 0.74117647 0.85882353
v -1.40277886 0.49044621 -64.68417358 0.65098039 0.74117647 0.85882353
v -1.40280867 0.49074876 -64.67802429 0.65098039 0.74117647 0.85882353
v -1.40494013 0.49415708 -64.67828369 0.65098039 0.74117647 0.85882353
v -1.40516937 0.49394643 -64.68406677 0.65098039 0.74117647 0.85882353
v -1.40710926 0.49708766 -64.70078278 0.65098039 0.74117647 0.85882353
v -1.40579057 0.49741811 -64.69333649 0.65098039 0.74117647 0.85882353
v -1.40423322 0.50122303 -64.69313812 0.65098039 0.74117647 0.85882353
v -1.40642953 0.50221729 -64.69933319 0.65098039 0.74117647 0.85882353
v -1.40105259 0.50355405 -64.69249725 0.65098039 0.74117647 0.85882353
v -1.39857006 0.48890048 -64.68412018 0.65098039 0.74117647 0.85882353
v -1.39865887 0.48806661 -64.69432068 0.65098039 0.74117647 0.85882353
v -1.39315486 0.48908037 -64.69485474 0.65098039 0.74117647 0.85882353
v -1.39363647 0.49050647 -64.68360138 0.65098039 0.74117647 0.85882353
v -1.40027213 0.50385886 -64.68331909 0.65098039 0.74117647 0.85882353
v -1.40538180 0.49780339 -64.68400574 0.65098039 0.74117647 0.85882353
v -1.40375006 0.50150782 -64.68375397 0.65098039 0.74117647 0.85882353
v -1.39039588 0.49592906 -64.68338776 0.65098039 0.74117647 0.85882353
v -1.39421642 0.49110711 -64.67671967 0.65098039 0.74117647 0.85882353
v -1.40082848 0.48990524 -64.66500854 0.65098039 0.74117647 0.85882353
v -1.40409303 0.49082512 -64.66587067 0.65098039 0.74117647 0.85882353
v -1.40344119 0.49073553 -64.67269897 0.65098039 0.74117647 0.85882353
v -1.39953709 0.48942262 -64.67193604 0.65098039 0.74117647 0.85882353
v -1.39873374 0.48923707 -64.67745972 0.65098039 0.74117647 0.85882353
v -1.39533341 0.49138886 -64.67098999 0.65098039 0.74117647 0.85882353
v -1.40700233 0.49792439 -64.66690063 0.65098039 0.74117647 0.85882353
v -1.40581250 0.50172263 -64.66602325 0.65098039 0.74117647 0.85882353
v -1.40279353 0.50378734 -64.66503906 0.65098039 0.74117647 0.85882353
v -1.38873196 0.49554867 -64.69499207 0.65098039 0.74117647 0.85882353
v -1.39927888 0.50402510 -64.66381073 0.65098039 0.74117647 0.85882353
v -1.39603078 0.50168616 -64.66317749 0.65098039 0.74117647 0.85882353
v -1.40566325 0.49405926 -64.67325592 0.65098039 0.74117647 0.85882353
v -1.40633726 0.49399084 -64.66661072 0.65098039 0.74117647 0.85882353
v -1.39715123 0.49191314 -64.66399384 0.65098039 0.74117647 0.85882353
v -1.39493430 0.49671078 -64.66347504 0.65098039 0.74117647 0.85882353
v -1.39604366 0.49724722 -64.65776825 0.65098039 0.74117647 0.85882353
v -1.39808917 0.49248588 -64.65824890 0.65098039 0.74117647 0.85882353
v -1.39744186 0.50206786 -64.65782928 0.65098039 0.74117647 0.85882353
v -1.40046728 0.50398582 -64.65888977 0.65098039 0.74117647 0.85882353
v -1.40380025 0.50354564 -64.66039276 0.65098039 0.74117647 0.85882353
v -1.40191603 0.49044460 -64.65976715 0.65098039 0.74117647 0.85882353
v -1.40456188 0.49150437 -64.66089630 0.65098039 0.74117647 0.85882353
v -1.40631104 0.49437630 -64.66197968 0.65098039 0.74117647 0.85882353
v -1.40255523 0.49119633 -64.65462494 0.65098039 0.74117647 0.85882353
v -1.39921105 0.49346006 -64.65258789 0.65098039 0.74117647 0.85882353
v -1.40256739 0.50400746 -64.64440155 0.65098039 0.74117647 0.85882353
v -1.40085804 0.50261134 -64.64415741 0.65098039 0.74117647 0.85882353
v -1.40030074 0.50228834 -64.64743042 0.65098039 0.74117647 0.85882353
v -1.40140295 0.50391787 -64.64844513 0.65098039 0.74117647 0.85882353
v -1.39901710 0.50139505 -64.65043640 0.65098039 0.74117647 0.85882353
v -1.39904416 0.50248384 -64.65283203 0.65098039 0.74117647 0.85882353
v -1.39877558 0.49899226 -64.64729309 0.65098039 0.74117647 0.85882353
v -1.39821756 0.49844944 -64.65076447 0.65098039 0.74117647 0.85882353
v -1.39937901 0.49927539 -64.64324188 0.65098039 0.74117647 0.85882353
v -1.40118670 0.49533296 -64.64359283 0.65098039 0.74117647 0.85882353
v -1.40015686 0.49494690 -64.64732361 0.65098039 0.74117647 0.85882353
v -1.39896667 0.49534786 -64.65023041 0.65098039 0.74117647 0.85882353
v -1.40312397 0.50291896 -64.64073181 0.65098039 0.74117647 0.85882353
v -1.40123868 0.50243473 -64.64113617 0.65098039 0.74117647 0.85882353
v -1.39730012 0.49791861 -64.65355682 0.65098039 0.74117647 0.85882353
v -1.40155363 0.50424534 -64.65446472 0.65098039 0.74117647 0.85882353
v -1.40322661 0.50478452 -64.64950562 0.65098039 0.74117647 0.85882353
v -1.40481567 0.50463170 -64.64437866 0.65098039 0.74117647 0.85882353
v -1.40561879 0.50256354 -64.64094543 0.65098039 0.74117647 0.85882353
v -1.40554500 0.50397891 -64.65090942 0.65098039 0.74117647 0.85882353
v -1.40680492 0.50349408 -64.64587402 0.65098039 0.74117647 0.85882353
v -1.40730536 0.50180763 -64.64274597 0.65098039 0.74117647 0.85882353
v -1.40735173 0.50209957 -64.65266418 0.65098039 0.74117647 0.85882353
v -1.40811825 0.50180429 -64.64742279 0.65098039 0.74117647 0.85882353
v -1.40416849 0.50371468 -64.65636444 0.65098039 0.74117647 0.85882353
v -1.40626240 0.50182325 -64.65816498 0.65098039 0.74117647 0.85882353
v -1.40811527 0.50108236 -64.64452362 0.65098039 0.74117647 0.85882353
v -1.40559435 0.49920893 -64.64005280 0.65098039 0.74117647 0.85882353
v -1.40314627 0.49928790 -64.63912964 0.65098039 0.74117647 0.85882353
v -1.40036011 0.49928850 -64.63978577 0.65098039 0.74117647 0.85882353
v -1.40158188 0.49287814 -64.64801788 0.65098039 0.74117647 0.85882353
v -1.40303218 0.49372143 -64.64376068 0.65098039 0.74117647 0.85882353
v -1.40383613 0.49201649 -64.64967346 0.65098039 0.74117647 0.85882353
v -1.40523708 0.49365896 -64.64450836 0.65098039 0.74117647 0.85882353
v -1.40142214 0.49617803 -64.64067841 0.65098039 0.74117647 0.85882353
v -1.40334773 0.49585849 -64.64061737 0.65098039 0.74117647 0.85882353
v -1.40625656 0.50154293 -64.66162109 0.65098039 0.74117647 0.85882353
v -1.40718210 0.49828202 -64.66226196 0.65098039 0.74117647 0.85882353
v -1.40754366 0.49839956 -64.65880585 0.65098039 0.74117647 0.85882353
v -1.40842521 0.49898618 -64.65344238 0.65098039 0.74117647 0.85882353
v -1.40692031 0.49458510 -64.65812683 0.65098039 0.74117647 0.85882353
v -1.40510666 0.49197578 -64.65663910 0.65098039 0.74117647 0.85882353
v -1.40612054 0.49289411 -64.65118408 0.65098039 0.74117647 0.85882353
v -1.40796733 0.49527091 -64.65272522 0.65098039 0.74117647 0.85882353
v -1.40711617 0.49461114 -64.64596558 0.65098039 0.74117647 0.85882353
v -1.40838134 0.49655974 -64.64723969 0.65098039 0.74117647 0.85882353
v -1.40882945 0.49937081 -64.64788818 0.65098039 0.74117647 0.85882353
v -1.40727520 0.49686831 -64.64283752 0.65098039 0.74117647 0.85882353
v -1.40566695 0.49607581 -64.64134979 0.65098039 0.74117647 0.85882353
v -1.40731049 0.49927300 -64.64192200 0.65098039 0.74117647 0.85882353
v -1.40826380 0.49939770 -64.64421082 0.65098039 0.74117647 0.85882353
v -1.40811622 0.49761301 -64.64435577 0.65098039 0.74117647 0.85882353
v -1.39884257 0.48730713 -64.70030212 0.65098039 0.74117647 0.85882353
v -1.40546572 0.57985288 -64.74728394 0.65098039 0.74117647 0.85882353
v -1.40797663 0.57660252 -64.74448395 0.65098039 0.74117647 0.85882353
v -1.41858709 0.57274401 -64.74518585 0.65098039 0.74117647 0.85882353
v -1.42372787 0.57364035 -64.74964905 0.65098039 0.74117647 0.85882353
v -1.42550135 0.57640469 -64.75531006 0.65098039 0.74117647 0.85882353
v -1.42278564 0.57980096 -64.75853729 0.65098039 0.74117647 0.85882353
v -1.41794074 0.58300239 -64.75892639 0.65098039 0.74117647 0.85882353
v -1.41239953 0.57418066 -64.74327087 0.65098039 0.74117647 0.85882353
v -1.40584409 0.58326447 -64.75209808 0.65098039 0.74117647 0.85882353
v -1.41143370 0.58448023 -64.75673676 0.65098039 0.74117647 0.85882353
v -1.41361737 0.59259599 -64.74998474 0.65098039 0.74117647 0.85882353
v -1.40795434 0.59073097 -64.74573517 0.65098039 0.74117647 0.85882353
v -1.42019188 0.59114206 -64.75265503 0.65098039 0.74117647 0.85882353
v -1.42511678 0.58729345 -64.75286865 0.65098039 0.74117647 0.85882353
v -1.42733848 0.58258188 -64.75076294 0.65098039 0.74117647 0.85882353
v -1.40707350 0.58655828 -64.74153900 0.65098039 0.74117647 0.85882353
v -1.40935922 0.58230317 -64.73921204 0.65098039 0.74117647 0.85882353
v -1.41466403 0.57919633 -64.73921967 0.65098039 0.74117647 0.85882353
v -1.40855265 0.59317797 -64.73593903 0.65098039 0.74117647 0.85882353
v -1.41032887 0.59953994 -64.73770905 0.65098039 0.74117647 0.85882353
v -1.42616403 0.60716516 -64.73810577 0.65098039 0.74117647 0.85882353
v -1.42238259 0.60930586 -64.73825073 0.65098039 0.74117647 0.85882353
v -1.42165518 0.60568112 -64.74100494 0.65098039 0.74117647 0.85882353
v -1.42531800 0.60327178 -64.74174500 0.65098039 0.74117647 0.85882353
v -1.42025995 0.60315210 -64.74223328 0.65098039 0.74117647 0.85882353
v -1.42218757 0.59953964 -64.74517822 0.65098039 0.74117647 0.85882353
v -1.41614330 0.60723054 -64.73876190 0.65098039 0.74117647 0.85882353
v -1.41597533 0.60418129 -64.74013519 0.65098039 0.74117647 0.85882353
v -1.41170537 0.60661006 -64.73487854 0.65098039 0.74117647 0.85882353
v -1.41212893 0.60427547 -64.73756409 0.65098039 0.74117647 0.85882353
v -1.41672325 0.61137468 -64.73652649 0.65098039 0.74117647 0.85882353
v -1.42240977 0.61231798 -64.73558044 0.65098039 0.74117647 0.85882353
v -1.41826713 0.61367947 -64.73348236 0.65098039 0.74117647 0.85882353
v -1.42502105 0.61114889 -64.73413086 0.65098039 0.74117647 0.85882353
v -1.41542172 0.60030836 -64.74289703 0.65098039 0.74117647 0.85882353
v -1.42686129 0.59390843 -64.74707031 0.65098039 0.74117647 0.85882353
v -1.42852783 0.59984422 -64.74177551 0.65098039 0.74117647 0.85882353
v -1.42880738 0.60470933 -64.73671722 0.65098039 0.74117647 0.85882353
v -1.42664266 0.60835344 -64.73187256 0.65098039 0.74117647 0.85882353
v -1.43001533 0.59559149 -64.73939514 0.65098039 0.74117647 0.85882353
v -1.42894769 0.60140032 -64.73398590 0.65098039 0.74117647 0.85882353
v -1.42644346 0.60495359 -64.73025513 0.65098039 0.74117647 0.85882353
v -1.42786801 0.59217674 -64.73598480 0.65098039 0.74117647 0.85882353
v -1.42678690 0.59892970 -64.73164368 0.65098039 0.74117647 0.85882353
v -1.42915487 0.58820850 -64.74591827 0.65098039 0.74117647 0.85882353
v -1.42716992 0.58372551 -64.74246979 0.65098039 0.74117647 0.85882353
v -1.42553604 0.60266489 -64.72933960 0.65098039 0.74117647 0.85882353
v -1.42192662 0.61004829 -64.72800446 0.65098039 0.74117647 0.85882353
v -1.42060137 0.61344200 -64.73001862 0.65098039 0.74117647 0.85882353
v -1.41026998 0.60372549 -64.73225403 0.65098039 0.74117647 0.85882353
v -1.41259933 0.61025733 -64.73287201 0.65098039 0.74117647 0.85882353
v -1.41193271 0.60786098 -64.72947693 0.65098039 0.74117647 0.85882353
v -1.41025352 0.59936059 -64.73051453 0.65098039 0.74117647 0.85882353
v -1.41306746 0.60465467 -64.72726440 0.65098039 0.74117647 0.85882353
v -1.41447544 0.61296034 -64.73133850 0.65098039 0.74117647 0.85882353
v -1.41513062 0.61155063 -64.72835541 0.65098039 0.74117647 0.85882353
v -1.42554259 0.57872546 -64.74640656 0.65098039 0.74117647 0.85882353
v -1.42094231 0.57762337 -64.74182129 0.65098039 0.74117647 0.85882353
v -1.42201316 0.58256823 -64.73825836 0.65098039 0.74117647 0.85882353
v -1.42279923 0.59069705 -64.73237610 0.65098039 0.74117647 0.85882353
v -1.41559231 0.58444911 -64.73504639 0.65098039 0.74117647 0.85882353
v -1.41021037 0.58824474 -64.73436737 0.65098039 0.74117647 0.85882353
v -1.41241002 0.59560037 -64.72939301 0.65098039 0.74117647 0.85882353
v -1.41688311 0.59208995 -64.72972870 0.65098039 0.74117647 0.85882353
v -1.41545904 0.60150695 -64.72659302 0.65098039 0.74117647 0.85882353
v -1.41864765 0.59909910 -64.72733307 0.65098039 0.74117647 0.85882353
v -1.42301035 0.59832186 -64.72908020 0.65098039 0.74117647 0.85882353
v -1.41863310 0.60505140 -64.72620392 0.65098039 0.74117647 0.85882353
v -1.41689801 0.60850596 -64.72639465 0.65098039 0.74117647 0.85882353
v -1.42259872 0.60624903 -64.72758484 0.65098039 0.74117647 0.85882353
v -1.42276669 0.60283190 -64.72782898 0.65098039 0.74117647 0.85882353
v -1.41994703 0.60260868 -64.72676086 0.65098039 0.74117647 0.85882353
v -1.40760720 0.49049389 -64.70746613 0.65098039 0.74117647 0.85882353
v -1.40892124 0.49658561 -64.70742798 0.65098039 0.74117647 0.85882353
v -1.40916514 0.49422818 -64.71498871 0.65098039 0.74117647 0.85882353
v -1.40999258 0.49113852 -64.72373199 0.65098039 0.74117647 0.85882353
v -1.40796363 0.48295212 -64.73035431 0.65098039 0.74117647 0.85882353
v -1.40937865 0.49787867 -64.72483063 0.65098039 0.74117647 0.85882353
v -1.40888608 0.50054801 -64.71601105 0.65098039 0.74117647 0.85882353
v -1.40838397 0.50390071 -64.70639038 0.65098039 0.74117647 0.85882353
v -1.40878558 0.50130928 -64.73278809 0.65098039 0.74117647 0.85882353
v -1.36707795 0.85796964 -65.20085907 0.65098039 0.74117647 0.85882353
v -1.36395407 0.85627419 -65.20220947 0.65098039 0.74117647 0.85882353
v -1.36378396 0.84984487 -65.20458221 0.65098039 0.74117647 0.85882353
v -1.36645329 0.85016668 -65.20299530 0.65098039 0.74117647 0.85882353
v -1.36951244 0.85096043 -65.20175934 0.65098039 0.74117647 0.85882353
v -1.37333274 0.85197729 -65.20119476 0.65098039 0.74117647 0.85882353
v -1.37723672 0.86038709 -65.20036316 0.65098039 0.74117647 0.85882353
v -1.37179649 0.85981190 -65.19978333 0.65098039 0.74117647 0.85882353
v -1.38744211 0.85651606 -65.20355988 0.65098039 0.74117647 0.85882353
v -1.38530183 0.85749382 -65.20348358 0.65098039 0.74117647 0.85882353
v -1.38695073 0.85550630 -65.20314026 0.65098039 0.74117647 0.85882353
v -1.38131857 0.85404652 -65.20162964 0.65098039 0.74117647 0.85882353
v -1.38470125 0.85506773 -65.20281982 0.65098039 0.74117647 0.85882353
v -1.36053538 0.85282820 -65.20548248 0.65098039 0.74117647 0.85882353
v -1.35988760 0.85147363 -65.20657349 0.65098039 0.74117647 0.85882353
v -1.36185610 0.85452509 -65.20390320 0.65098039 0.74117647 0.85882353
v -1.37734818 0.85314023 -65.20099640 0.65098039 0.74117647 0.85882353
v -1.36036813 0.85044694 -65.20686340 0.65098039 0.74117647 0.85882353
v -1.36176193 0.84995133 -65.20617676 0.65098039 0.74117647 0.85882353
v -1.38197720 0.85944933 -65.20188904 0.65098039 0.74117647 0.85882353
v -1.36874104 0.85316461 -65.20169067 0.65098039 0.74117647 0.85882353
v -1.37265730 0.85424167 -65.20091248 0.65098039 0.74117647 0.85882353
v -1.37686813 0.85797936 -65.20043945 0.65098039 0.74117647 0.85882353
v -1.37201726 0.85706693 -65.20030975 0.65098039 0.74117647 0.85882353
v -1.38073242 0.85585117 -65.20147705 0.65098039 0.74117647 0.85882353
v -1.38307536 0.85609514 -65.20236206 0.65098039 0.74117647 0.85882353
v -1.36591971 0.85206330 -65.20283508 0.65098039 0.74117647 0.85882353
v -1.37684596 0.85532975 -65.20080566 0.65098039 0.74117647 0.85882353
v -1.36793351 0.85555834 -65.20113373 0.65098039 0.74117647 0.85882353
v -1.38328302 0.85704321 -65.20244598 0.65098039 0.74117647 0.85882353
v -1.38110781 0.85784227 -65.20138550 0.65098039 0.74117647 0.85882353
v -1.36051989 0.85145181 -65.20615387 0.65098039 0.74117647 0.85882353
v -1.36097181 0.85096306 -65.20617676 0.65098039 0.74117647 0.85882353
v -1.47482836 0.61666834 -65.24869537 0.65098039 0.74117647 0.85882353
v -1.48386347 0.59965008 -65.24537659 0.65098039 0.74117647 0.85882353
v -1.36494732 0.85405850 -65.20259857 0.65098039 0.74117647 0.85882353
v -1.36207843 0.85097426 -65.20544434 0.65098039 0.74117647 0.85882353
v -1.36370504 0.85136312 -65.20421600 0.65098039 0.74117647 0.85882353
v -1.36305237 0.85288566 -65.20407867 0.65098039 0.74117647 0.85882353
v -1.36156046 0.85197902 -65.20529175 0.65098039 0.74117647 0.85882353
v -1.36828756 0.52397996 -65.07720947 0.65098039 0.74117647 0.85882353
v -1.37851489 0.51436633 -65.08727264 0.65098039 0.74117647 0.85882353
v -1.31456971 0.51809919 -65.07137299 0.65098039 0.74117647 0.85882353
v -1.29996359 0.50818402 -65.08500671 0.65098039 0.74117647 0.85882353
v -1.49845982 0.30494243 -65.19257355 0.65098039 0.74117647 0.85882353
v -1.32506156 0.36524796 -65.30023193 0.65098039 0.74117647 0.85882353
v -1.32079160 0.38262212 -65.29773712 0.65098039 0.74117647 0.85882353
v -1.35584915 0.39289832 -65.36775208 0.65098039 0.74117647 0.85882353
v -1.34344459 0.38675231 -65.35342407 0.65098039 0.74117647 0.85882353
v -1.38028431 0.35393238 -65.20082855 0.65098039 0.74117647 0.85882353
v -1.37971580 0.33478850 -65.20182037 0.65098039 0.74117647 0.85882353
v -1.44805264 0.34717745 -65.18780518 0.65098039 0.74117647 0.85882353
v -1.44882095 0.32473743 -65.18997955 0.65098039 0.74117647 0.85882353
v -1.40221310 0.31019974 -65.19341278 0.65098039 0.74117647 0.85882353
v -1.33585143 0.33724552 -65.33940125 0.65098039 0.74117647 0.85882353
v -1.33636940 0.35886639 -65.33850098 0.65098039 0.74117647 0.85882353
v -1.32957399 0.35280830 -65.32054901 0.65098039 0.74117647 0.85882353
v -1.32748032 0.33244824 -65.32132721 0.65098039 0.74117647 0.85882353
v -1.37652159 0.37611055 -65.37891388 0.65098039 0.74117647 0.85882353
v -1.37219715 0.39761972 -65.37793732 0.65098039 0.74117647 0.85882353
v -1.35870755 0.37634891 -65.20959473 0.65098039 0.74117647 0.85882353
v -1.34005356 0.38026625 -65.22805023 0.65098039 0.74117647 0.85882353
v -1.31848359 0.39067549 -65.27077484 0.65098039 0.74117647 0.85882353
v -1.31602705 0.39923608 -65.29211426 0.65098039 0.74117647 0.85882353
v -1.32424951 0.42003661 -65.33029938 0.65098039 0.74117647 0.85882353
v -1.31844723 0.40968531 -65.31157684 0.65098039 0.74117647 0.85882353
v -1.46993303 0.37005711 -65.18572998 0.65098039 0.74117647 0.85882353
v -1.48967695 0.39415789 -65.19083405 0.65098039 0.74117647 0.85882353
v -1.38062239 0.37426430 -65.19661713 0.65098039 0.74117647 0.85882353
v -1.53220165 0.37540632 -65.21078491 0.65098039 0.74117647 0.85882353
v -1.33868933 0.45913106 -65.36361694 0.65098039 0.74117647 0.85882353
v -1.32583177 0.45170254 -65.34419250 0.65098039 0.74117647 0.85882353
v -1.32669556 0.38468403 -65.24887848 0.65098039 0.74117647 0.85882353
v -1.50192809 0.55649048 -65.22072601 0.65098039 0.74117647 0.85882353
v -1.51056898 0.54038125 -65.21632385 0.65098039 0.74117647 0.85882353
v -1.49959266 0.54217106 -65.20307159 0.65098039 0.74117647 0.85882353
v -1.48984575 0.55759603 -65.20773315 0.65098039 0.74117647 0.85882353
v -1.48769176 0.54207104 -65.19147491 0.65098039 0.74117647 0.85882353
v -1.47550845 0.54171443 -65.18134308 0.65098039 0.74117647 0.85882353
v -1.46346557 0.54059410 -65.17296600 0.65098039 0.74117647 0.85882353
v -1.43125975 0.53228432 -65.15784454 0.65098039 0.74117647 0.85882353
v -1.44141626 0.53603274 -65.16112518 0.65098039 0.74117647 0.85882353
v -1.41175044 0.52245688 -65.15574646 0.65098039 0.74117647 0.85882353
v -1.42166626 0.52815729 -65.15589142 0.65098039 0.74117647 0.85882353
v -1.40152538 0.51208359 -65.15814972 0.65098039 0.74117647 0.85882353
v -1.38934922 0.49971884 -65.16339111 0.65098039 0.74117647 0.85882353
v -1.37518728 0.48719311 -65.17052460 0.65098039 0.74117647 0.85882353
v -1.37132692 0.50046641 -65.17205811 0.65098039 0.74117647 0.85882353
v -1.39507103 0.48632759 -65.16187286 0.65098039 0.74117647 0.85882353
v -1.40737581 0.49886453 -65.15658569 0.65098039 0.74117647 0.85882353
v -1.41885531 0.50851953 -65.15361023 0.65098039 0.74117647 0.85882353
v -1.53082538 0.49600118 -65.22186279 0.65098039 0.74117647 0.85882353
v -1.53083646 0.47029847 -65.22028351 0.65098039 0.74117647 0.85882353
v -1.46650684 0.63305396 -65.25221252 0.65098039 0.74117647 0.85882353
v -1.36842036 0.37969869 -64.93570709 0.65098039 0.74117647 0.85882353
v -1.37305260 0.49625224 -64.85002899 0.65098039 0.74117647 0.85882353
v -1.32782662 0.65284306 -65.33230591 0.65098039 0.74117647 0.85882353
v -1.34291506 0.65185279 -65.34746552 0.65098039 0.74117647 0.85882353
v -1.35303831 0.64124286 -65.36196136 0.65098039 0.74117647 0.85882353
v -1.35449171 0.65247273 -65.35931396 0.65098039 0.74117647 0.85882353
v -1.30170548 0.66704100 -65.24427795 0.65098039 0.74117647 0.85882353
v -1.29576635 0.65829217 -65.26970673 0.65098039 0.74117647 0.85882353
v -1.29922783 0.65131879 -65.29504395 0.65098039 0.74117647 0.85882353
v -1.31071985 0.64579159 -65.31671906 0.65098039 0.74117647 0.85882353
v -1.40562272 0.39254516 -65.18567657 0.65098039 0.74117647 0.85882353
v -1.32151115 0.61736715 -65.33952332 0.65098039 0.74117647 0.85882353
v -1.30659699 0.63487071 -65.31866455 0.65098039 0.74117647 0.85882353
v -1.29306483 0.64048511 -65.29587555 0.65098039 0.74117647 0.85882353
v -1.28738999 0.64689559 -65.26839447 0.65098039 0.74117647 0.85882353
v -1.29117906 0.65567744 -65.23600006 0.65098039 0.74117647 0.85882353
v -1.29002142 0.65150380 -65.21639252 0.65098039 0.74117647 0.85882353
v -1.27841103 0.62569982 -65.20087433 0.65098039 0.74117647 0.85882353
v -1.27854311 0.61988759 -65.18743134 0.65098039 0.74117647 0.85882353
v -1.28696597 0.63290793 -65.17433929 0.65098039 0.74117647 0.85882353
v -1.28676665 0.62345105 -65.16042328 0.65098039 0.74117647 0.85882353
v -1.27800941 0.61173600 -65.17378998 0.65098039 0.74117647 0.85882353
v -1.28841341 0.53034478 -65.11033630 0.65098039 0.74117647 0.85882353
v -1.29079700 0.51417798 -65.10646820 0.65098039 0.74117647 0.85882353
v -1.29192984 0.49899501 -65.11005402 0.65098039 0.74117647 0.85882353
v -1.29473424 0.48656625 -65.11687469 0.65098039 0.74117647 0.85882353
v -1.29824054 0.47863179 -65.12701416 0.65098039 0.74117647 0.85882353
v -1.30250251 0.47633278 -65.13857269 0.65098039 0.74117647 0.85882353
v -1.30567849 0.48052573 -65.15189362 0.65098039 0.74117647 0.85882353
v -1.30892825 0.50760061 -65.18196869 0.65098039 0.74117647 0.85882353
v -1.30488801 0.51649976 -65.18978882 0.65098039 0.74117647 0.85882353
v -1.29507565 0.50919968 -65.21691132 0.65098039 0.74117647 0.85882353
v -1.29262412 0.50315964 -65.22427368 0.65098039 0.74117647 0.85882353
v -1.29555535 0.46759719 -65.26616669 0.65098039 0.74117647 0.85882353
v -1.29270911 0.48017484 -65.25202179 0.65098039 0.74117647 0.85882353
v -1.30067503 0.45423591 -65.28052521 0.65098039 0.74117647 0.85882353
v -1.31670439 0.23431091 -65.35645294 0.65098039 0.74117647 0.85882353
v -1.32446003 0.25297439 -65.35072327 0.65098039 0.74117647 0.85882353
v -1.31479681 0.25230312 -65.33086395 0.65098039 0.74117647 0.85882353
v -1.30789363 0.23393123 -65.33550262 0.65098039 0.74117647 0.85882353
v -1.38023746 0.29901797 -65.38561249 0.65098039 0.74117647 0.85882353
v -1.36136711 0.29700613 -65.37319946 0.65098039 0.74117647 0.85882353
v -1.33059525 0.23933952 -65.23500824 0.65098039 0.74117647 0.85882353
v -1.31615758 0.24390511 -65.25941467 0.65098039 0.74117647 0.85882353
v -1.30997705 0.24773864 -65.28462219 0.65098039 0.74117647 0.85882353
v -1.31021953 0.25076765 -65.30830383 0.65098039 0.74117647 0.85882353
v -1.35072708 0.23393340 -65.21640015 0.65098039 0.74117647 0.85882353
v -1.47627866 0.20302157 -65.19689178 0.65098039 0.74117647 0.85882353
v -1.45145273 0.20801039 -65.19526672 0.65098039 0.74117647 0.85882353
v -1.53774238 0.19810806 -65.21865082 0.65098039 0.74117647 0.85882353
v -1.52004826 0.19825771 -65.20928955 0.65098039 0.74117647 0.85882353
v -1.37404847 0.22700535 -65.20368195 0.65098039 0.74117647 0.85882353
v -1.49974322 0.19990800 -65.20159912 0.65098039 0.74117647 0.85882353
v -1.42584217 0.21332408 -65.19525146 0.65098039 0.74117647 0.85882353
v -1.39927268 0.21969168 -65.19720459 0.65098039 0.74117647 0.85882353
v -1.32997453 0.27196872 -65.34677124 0.65098039 0.74117647 0.85882353
v -1.34245753 0.27352387 -65.36304474 0.65098039 0.74117647 0.85882353
v -1.34611988 0.29524070 -65.35916901 0.65098039 0.74117647 0.85882353
v -1.32559073 0.52279592 -65.36138153 0.65098039 0.74117647 0.85882353
v -1.31123245 0.52237684 -65.34324646 0.65098039 0.74117647 0.85882353
v -1.29896581 0.52317840 -65.32420349 0.65098039 0.74117647 0.85882353
v -1.28362632 0.54350823 -65.30510712 0.65098039 0.74117647 0.85882353
v -1.27541316 0.54779041 -65.28547668 0.65098039 0.74117647 0.85882353
v -1.27900219 0.53005546 -65.28564453 0.65098039 0.74117647 0.85882353
v -1.28671455 0.52592897 -65.30489349 0.65098039 0.74117647 0.85882353
v -1.27377522 0.55342990 -65.24617004 0.65098039 0.74117647 0.85882353
v -1.27432895 0.55458999 -65.23164368 0.65098039 0.74117647 0.85882353
v -1.27730334 0.54247969 -65.23246002 0.65098039 0.74117647 0.85882353
v -1.27576506 0.54014593 -65.24684143 0.65098039 0.74117647 0.85882353
v -1.27754235 0.54339623 -65.22006226 0.65098039 0.74117647 0.85882353
v -1.28037906 0.54206342 -65.20851135 0.65098039 0.74117647 0.85882353
v -1.28412974 0.53906387 -65.19789886 0.65098039 0.74117647 0.85882353
v -1.28592241 0.53292555 -65.18625641 0.65098039 0.74117647 0.85882353
v -1.27529228 0.55032468 -65.17935944 0.65098039 0.74117647 0.85882353
v -1.27380455 0.55779767 -65.19122314 0.65098039 0.74117647 0.85882353
v -1.27203345 0.56801844 -65.24398041 0.65098039 0.74117647 0.85882353
v -1.27206862 0.56750804 -65.26222992 0.65098039 0.74117647 0.85882353
v -1.32348049 0.55645365 -65.35469818 0.65098039 0.74117647 0.85882353
v -1.33938801 0.55597776 -65.36771393 0.65098039 0.74117647 0.85882353
v -1.35879648 0.47942334 -65.17867279 0.65098039 0.74117647 0.85882353
v -1.34189343 0.47384387 -65.18830872 0.65098039 0.74117647 0.85882353
v -1.32718003 0.47181469 -65.19920349 0.65098039 0.74117647 0.85882353
v -1.31515861 0.47278368 -65.21042633 0.65098039 0.74117647 0.85882353
v -1.30493760 0.47599912 -65.22063446 0.65098039 0.74117647 0.85882353
v -1.29697204 0.48109782 -65.23114014 0.65098039 0.74117647 0.85882353
v -1.29133260 0.48873174 -65.24152374 0.65098039 0.74117647 0.85882353
v -1.29160988 0.49652898 -65.23232269 0.65098039 0.74117647 0.85882353
v -1.28658974 0.49749011 -65.25045013 0.65098039 0.74117647 0.85882353
v -1.28661156 0.50465351 -65.23899841 0.65098039 0.74117647 0.85882353
v -1.28224206 0.50876617 -65.25844574 0.65098039 0.74117647 0.85882353
v -1.27888572 0.52152556 -65.26354218 0.65098039 0.74117647 0.85882353
v -1.27588511 0.53588402 -65.26645660 0.65098039 0.74117647 0.85882353
v -1.27385390 0.55150199 -65.26551056 0.65098039 0.74117647 0.85882353
v -1.28003526 0.56161731 -65.30226135 0.65098039 0.74117647 0.85882353
v -1.27312672 0.56506121 -65.28193665 0.65098039 0.74117647 0.85882353
v -1.28991330 0.57763267 -65.31713867 0.65098039 0.74117647 0.85882353
v -1.28759456 0.59482884 -65.31116486 0.65098039 0.74117647 0.85882353
v -1.29621458 0.54073220 -65.32372284 0.65098039 0.74117647 0.85882353
v -1.29271591 0.55929756 -65.32094574 0.65098039 0.74117647 0.85882353
v -1.32411075 0.68523419 -65.28047180 0.65098039 0.74117647 0.85882353
v -1.32836759 0.68018901 -65.30317688 0.65098039 0.74117647 0.85882353
v -1.29634237 0.49681026 -65.15402222 0.65098039 0.74117647 0.85882353
v -1.29847503 0.48822641 -65.14665222 0.65098039 0.74117647 0.85882353
v -1.30137289 0.48965096 -65.15623474 0.65098039 0.74117647 0.85882353
v -1.29883146 0.49558419 -65.15916443 0.65098039 0.74117647 0.85882353
v -1.29490781 0.49063295 -65.13784027 0.65098039 0.74117647 0.85882353
v -1.28944516 0.50653148 -65.14225006 0.65098039 0.74117647 0.85882353
v -1.29189181 0.49713171 -65.13040924 0.65098039 0.74117647 0.85882353
v -1.29314148 0.50005269 -65.14820099 0.65098039 0.74117647 0.85882353
v -1.28856277 0.50708276 -65.12425232 0.65098039 0.74117647 0.85882353
v -1.28602743 0.51459104 -65.13638306 0.65098039 0.74117647 0.85882353
v -1.28624797 0.51831931 -65.12171936 0.65098039 0.74117647 0.85882353
v -1.28379381 0.52352518 -65.13282776 0.65098039 0.74117647 0.85882353
v -1.28228652 0.53062105 -65.13047028 0.65098039 0.74117647 0.85882353
v -1.28427947 0.53042048 -65.12261200 0.65098039 0.74117647 0.85882353
v -1.27349925 0.55841506 -65.15730286 0.65098039 0.74117647 0.85882353
v -1.27623045 0.54829615 -65.14640808 0.65098039 0.74117647 0.85882353
v -1.27928317 0.53788662 -65.13689423 0.65098039 0.74117647 0.85882353
v -1.28811932 0.52479583 -65.17739868 0.65098039 0.74117647 0.85882353
v -1.28938663 0.51671612 -65.16745758 0.65098039 0.74117647 0.85882353
v -1.29123163 0.50835711 -65.15774536 0.65098039 0.74117647 0.85882353
v -1.28668642 0.51484358 -65.15236664 0.65098039 0.74117647 0.85882353
v -1.28493667 0.52318245 -65.16305542 0.65098039 0.74117647 0.85882353
v -1.28248167 0.53157240 -65.17324829 0.65098039 0.74117647 0.85882353
v -1.32375407 0.54012531 -65.35936737 0.65098039 0.74117647 0.85882353
v -1.30932379 0.53998524 -65.34271240 0.65098039 0.74117647 0.85882353
v -1.27463102 0.55426574 -65.21851349 0.65098039 0.74117647 0.85882353
v -1.27586865 0.55259478 -65.20682526 0.65098039 0.74117647 0.85882353
v -1.27746725 0.54831892 -65.19552612 0.65098039 0.74117647 0.85882353
v -1.28003740 0.54085296 -65.18367004 0.65098039 0.74117647 0.85882353
v -1.27257252 0.56271613 -65.20316315 0.65098039 0.74117647 0.85882353
v -1.27182472 0.56614709 -65.21532440 0.65098039 0.74117647 0.85882353
v -1.27191496 0.56761611 -65.22875214 0.65098039 0.74117647 0.85882353
v -1.30771828 0.55756259 -65.33911896 0.65098039 0.74117647 0.85882353
v -1.33887458 0.54051334 -65.37244415 0.65098039 0.74117647 0.85882353
v -1.36747348 0.60957831 -65.13493347 0.65098039 0.74117647 0.85882353
v -1.34819794 0.62431490 -65.13234711 0.65098039 0.74117647 0.85882353
v -1.32405019 0.63157243 -65.13411713 0.65098039 0.74117647 0.85882353
v -1.30228353 0.63081735 -65.14427185 0.65098039 0.74117647 0.85882353
v -1.36859560 0.68513626 -65.35192108 0.65098039 0.74117647 0.85882353
v -1.38031089 0.38106275 -65.03217316 0.65098039 0.74117647 0.85882353
v -1.36195791 0.48719716 -65.39144897 0.65098039 0.74117647 0.85882353
v -1.35763156 0.50701368 -65.39051056 0.65098039 0.74117647 0.85882353
v -1.38320911 0.42273259 -65.38665009 0.65098039 0.74117647 0.85882353
v -1.37473238 0.44333279 -65.39009094 0.65098039 0.74117647 0.85882353
v -1.36291409 0.32253355 -65.37055969 0.65098039 0.74117647 0.85882353
v -1.38099289 0.32687789 -65.38182068 0.65098039 0.74117647 0.85882353
v -1.37948501 0.35235161 -65.37973785 0.65098039 0.74117647 0.85882353
v -1.39677095 0.28045422 -65.40663147 0.65098039 0.74117647 0.85882353
v -1.40103257 0.30255377 -65.39643860 0.65098039 0.74117647 0.85882353
v -1.39889252 0.35635722 -65.38671875 0.65098039 0.74117647 0.85882353
v -1.39448071 0.37990952 -65.38591003 0.65098039 0.74117647 0.85882353
v -1.35404372 0.46333808 -65.37791443 0.65098039 0.74117647 0.85882353
v -1.33957851 0.52414596 -65.37599182 0.65098039 0.74117647 0.85882353
v -1.35228550 0.54199338 -65.38517761 0.65098039 0.74117647 0.85882353
v -1.35242128 0.55745327 -65.38080597 0.65098039 0.74117647 0.85882353
v -1.35154796 0.57339412 -65.37718201 0.65098039 0.74117647 0.85882353
v -1.46868539 0.50820482 -65.15826416 0.65098039 0.74117647 0.85882353
v -1.46118653 0.52354395 -65.16242981 0.65098039 0.74117647 0.85882353
v -1.47254527 0.52551579 -65.16871643 0.65098039 0.74117647 0.85882353
v -1.48000455 0.50992674 -65.16429901 0.65098039 0.74117647 0.85882353
v -1.44636536 0.50439429 -65.15209961 0.65098039 0.74117647 0.85882353
v -1.43931341 0.51855367 -65.15485382 0.65098039 0.74117647 0.85882353
v -1.45000291 0.52138430 -65.15776062 0.65098039 0.74117647 0.85882353
v -1.45719266 0.50632936 -65.15431213 0.65098039 0.74117647 0.85882353
v -1.42911088 0.51434344 -65.15358734 0.65098039 0.74117647 0.85882353
v -1.43561828 0.50099844 -65.15132904 0.65098039 0.74117647 0.85882353
v -1.47399378 0.49113035 -65.15553284 0.65098039 0.74117647 0.85882353
v -1.46259820 0.48984408 -65.15187836 0.65098039 0.74117647 0.85882353
v -1.48513246 0.49300462 -65.16149139 0.65098039 0.74117647 0.85882353
v -1.44147325 0.48668271 -65.14981079 0.65098039 0.74117647 0.85882353
v -1.45164418 0.48853493 -65.15028381 0.65098039 0.74117647 0.85882353
v -1.42422569 0.74278873 -65.20639038 0.65098039 0.74117647 0.85882353
v -1.42403281 0.74862289 -65.19094849 0.65098039 0.74117647 0.85882353
v -1.41955590 0.79256421 -65.17734528 0.65098039 0.74117647 0.85882353
v -1.41874135 0.79690844 -65.17942047 0.65098039 0.74117647 0.85882353
v -1.43549073 0.73100287 -65.23014069 0.65098039 0.74117647 0.85882353
v -1.43858457 0.72206372 -65.23606110 0.65098039 0.74117647 0.85882353
v -1.42629862 0.77480823 -65.18038940 0.65098039 0.74117647 0.85882353
v -1.42948043 0.76075661 -65.18028259 0.65098039 0.74117647 0.85882353
v -1.41624260 0.81909031 -65.17721558 0.65098039 0.74117647 0.85882353
v -1.41693473 0.81555539 -65.17857361 0.65098039 0.74117647 0.85882353
v -1.41926873 0.80467612 -65.17687225 0.65098039 0.74117647 0.85882353
v -1.41990137 0.80075252 -65.17796326 0.65098039 0.74117647 0.85882353
v -1.44210875 0.71178675 -65.24263000 0.65098039 0.74117647 0.85882353
v -1.43283510 0.73772377 -65.22188568 0.65098039 0.74117647 0.85882353
v -1.45039904 0.68989366 -65.25621796 0.65098039 0.74117647 0.85882353
v -1.45305431 0.67893988 -65.26203918 0.65098039 0.74117647 0.85882353
v -1.44654429 0.66832572 -65.25793457 0.65098039 0.74117647 0.85882353
v -1.45140874 0.65707928 -65.25800323 0.65098039 0.74117647 0.85882353
v -1.52673399 0.51792932 -65.22535706 0.65098039 0.74117647 0.85882353
v -1.50268328 0.56664664 -65.23892975 0.65098039 0.74117647 0.85882353
v -1.51269710 0.55446488 -65.23336792 0.65098039 0.74117647 0.85882353
v -1.49283469 0.58242500 -65.24246216 0.65098039 0.74117647 0.85882353
v -1.45877314 0.64593136 -65.25528717 0.65098039 0.74117647 0.85882353
v -1.44664931 0.70077002 -65.24945831 0.65098039 0.74117647 0.85882353
v -1.42282736 0.78818369 -65.17820740 0.65098039 0.74117647 0.85882353
v -1.42405236 0.78255838 -65.18061066 0.65098039 0.74117647 0.85882353
v -1.41773176 0.81170636 -65.17830658 0.65098039 0.74117647 0.85882353
v -1.41849554 0.80822843 -65.17755127 0.65098039 0.74117647 0.85882353
v -1.48492360 0.61672336 -65.26060486 0.65098039 0.74117647 0.85882353
v -1.49436629 0.59911388 -65.25763702 0.65098039 0.74117647 0.85882353
v -1.52033639 0.53714776 -65.22933197 0.65098039 0.74117647 0.85882353
v -1.53840375 0.49366343 -65.23542023 0.65098039 0.74117647 0.85882353
v -1.54074657 0.46835351 -65.23542023 0.65098039 0.74117647 0.85882353
v -1.47595155 0.63288373 -65.26327515 0.65098039 0.74117647 0.85882353
v -1.54032147 0.44495583 -65.23711395 0.65098039 0.74117647 0.85882353
v -1.29864860 0.05978058 -65.31134033 0.65098039 0.74117647 0.85882353
v -1.30390060 0.04536803 -65.33861542 0.65098039 0.74117647 0.85882353
v -1.30224705 0.06310205 -65.35351562 0.65098039 0.74117647 0.85882353
v -1.29774463 0.07392822 -65.33367920 0.65098039 0.74117647 0.85882353
v -1.29698586 0.11369519 -65.31023407 0.65098039 0.74117647 0.85882353
v -1.29607046 0.13909002 -65.30300140 0.65098039 0.74117647 0.85882353
v -1.29623032 0.16531231 -65.29608154 0.65098039 0.74117647 0.85882353
v -1.31163538 0.05780859 -65.37578583 0.65098039 0.74117647 0.85882353
v -1.32046402 0.07922165 -65.40473938 0.65098039 0.74117647 0.85882353
v -1.32641888 0.05716185 -65.39780426 0.65098039 0.74117647 0.85882353
v -1.29278207 0.16622171 -65.32453918 0.65098039 0.74117647 0.85882353
v -1.29329753 0.14096828 -65.33094025 0.65098039 0.74117647 0.85882353
v -1.29748631 0.08253805 -65.34687042 0.65098039 0.74117647 0.85882353
v -1.29551721 0.09565543 -65.34233093 0.65098039 0.74117647 0.85882353
v -1.29594505 0.09112431 -65.31996155 0.65098039 0.74117647 0.85882353
v -1.30737829 0.07767470 -65.38239288 0.65098039 0.74117647 0.85882353
v -1.30054557 0.07909332 -65.36202240 0.65098039 0.74117647 0.85882353
v -1.34397817 0.23555569 -65.39006805 0.65098039 0.74117647 0.85882353
v -1.33673811 0.21663807 -65.39763641 0.65098039 0.74117647 0.85882353
v -1.35827601 0.21888633 -65.41514587 0.65098039 0.74117647 0.85882353
v -1.30390489 0.23316981 -65.31171417 0.65098039 0.74117647 0.85882353
v -1.30176473 0.21446247 -65.34035492 0.65098039 0.74117647 0.85882353
v -1.40208530 0.08052368 -65.44476318 0.65098039 0.74117647 0.85882353
v -1.29786551 0.09688224 -65.36385345 0.65098039 0.74117647 0.85882353
v -1.31631732 0.10210301 -65.40794373 0.65098039 0.74117647 0.85882353
v -1.30438352 0.09894635 -65.38529968 0.65098039 0.74117647 0.85882353
v -1.31205416 0.17318712 -65.39537811 0.65098039 0.74117647 0.85882353
v -1.30096090 0.17016815 -65.37394714 0.65098039 0.74117647 0.85882353
v -1.30083704 0.14640884 -65.38083649 0.65098039 0.74117647 0.85882353
v -1.31156862 0.15008746 -65.40244293 0.65098039 0.74117647 0.85882353
v -1.29441476 0.16720086 -65.35090637 0.65098039 0.74117647 0.85882353
v -1.29657316 0.19225870 -65.34523010 0.65098039 0.74117647 0.85882353
v -1.31529558 0.19498689 -65.38785553 0.65098039 0.74117647 0.85882353
v -1.30397391 0.19331264 -65.36766052 0.65098039 0.74117647 0.85882353
v -1.30948412 0.21546845 -65.36174011 0.65098039 0.74117647 0.85882353
v -1.29494262 0.14258386 -65.35708618 0.65098039 0.74117647 0.85882353
v -1.31322372 0.12583466 -65.40760803 0.65098039 0.74117647 0.85882353
v -1.33151591 0.12976094 -65.42844391 0.65098039 0.74117647 0.85882353
v -1.35550916 0.13405110 -65.44400787 0.65098039 0.74117647 0.85882353
v -1.38129330 0.13601230 -65.45739746 0.65098039 0.74117647 0.85882353
v -1.37927258 0.15927085 -65.45581818 0.65098039 0.74117647 0.85882353
v -1.32114005 0.21579491 -65.38056946 0.65098039 0.74117647 0.85882353
v -1.33655691 0.25410998 -65.36771393 0.65098039 0.74117647 0.85882353
v -1.32847226 0.23512743 -65.37342834 0.65098039 0.74117647 0.85882353
v -1.34790802 0.31955737 -65.35540009 0.65098039 0.74117647 0.85882353
v -1.40864325 -0.16577090 -65.21157837 0.65098039 0.74117647 0.85882353
v -1.47361958 0.01796283 -65.35272217 0.65098039 0.74117647 0.85882353
v -1.48717153 0.01296507 -65.33036804 0.65098039 0.74117647 0.85882353
v -1.35405290 0.09048410 -65.20183563 0.65098039 0.74117647 0.85882353
v -1.30648029 0.07242842 -65.26079559 0.65098039 0.74117647 0.85882353
v -1.29977417 0.08313693 -65.29158020 0.65098039 0.74117647 0.85882353
v -1.50126565 0.01082452 -65.28636932 0.65098039 0.74117647 0.85882353
v -1.49928176 0.01677553 -65.25862122 0.65098039 0.74117647 0.85882353
v -1.38495088 0.08485274 -65.18994141 0.65098039 0.74117647 0.85882353
v -1.44028306 0.05083163 -65.19797516 0.65098039 0.74117647 0.85882353
v -1.49599767 0.01059134 -65.31008911 0.65098039 0.74117647 0.85882353
v -1.29441118 0.11722566 -65.33695221 0.65098039 0.74117647 0.85882353
v -1.29613817 0.11817284 -65.36154938 0.65098039 0.74117647 0.85882353
v -1.30161238 0.12191288 -65.38502502 0.65098039 0.74117647 0.85882353
v -1.33462012 0.10641278 -65.42869568 0.65098039 0.74117647 0.85882353
v -1.35999453 0.11207308 -65.44477844 0.65098039 0.74117647 0.85882353
v -1.38614178 0.11487786 -65.45623016 0.65098039 0.74117647 0.85882353
v -1.52131653 0.06746797 -65.24652100 0.65098039 0.74117647 0.85882353
v -1.53342044 0.07716350 -65.25111389 0.65098039 0.74117647 0.85882353
v -1.52757728 0.07813190 -65.24626160 0.65098039 0.74117647 0.85882353
v -1.54262877 0.09177135 -65.25424194 0.65098039 0.74117647 0.85882353
v -1.54008484 0.07655998 -65.25829315 0.65098039 0.74117647 0.85882353
v -1.52907205 0.06290583 -65.25598145 0.65098039 0.74117647 0.85882353
v -1.53585505 0.06249045 -65.26459503 0.65098039 0.74117647 0.85882353
v -1.53066194 0.04974411 -65.27323914 0.65098039 0.74117647 0.85882353
v -1.47635734 0.18257691 -65.20089722 0.65098039 0.74117647 0.85882353
v -1.45098031 0.18737602 -65.19784546 0.65098039 0.74117647 0.85882353
v -1.53658676 0.17835070 -65.22386169 0.65098039 0.74117647 0.85882353
v -1.51971436 0.17824423 -65.21449280 0.65098039 0.74117647 0.85882353
v -1.37104166 0.20832504 -65.20385742 0.65098039 0.74117647 0.85882353
v -1.49978328 0.17940058 -65.20661163 0.65098039 0.74117647 0.85882353
v -1.42491806 0.19321388 -65.19664001 0.65098039 0.74117647 0.85882353
v -1.39698946 0.20073897 -65.19768524 0.65098039 0.74117647 0.85882353
v -1.38160014 0.20376532 -65.44389343 0.65098039 0.74117647 0.85882353
v -1.38469887 0.22493748 -65.43437195 0.65098039 0.74117647 0.85882353
v -1.55058599 0.17910467 -65.23534393 0.65098039 0.74117647 0.85882353
v -1.43095958 0.74964035 -65.19115448 0.65098039 0.74117647 0.85882353
v -1.43161464 0.74347955 -65.20774841 0.65098039 0.74117647 0.85882353
v -1.39116395 0.93227488 -65.21232605 0.65098039 0.74117647 0.85882353
v -1.39438152 0.73335308 -65.33889771 0.65098039 0.74117647 0.85882353
v -1.40287971 0.87980473 -65.19042969 0.65098039 0.74117647 0.85882353
v -1.42050493 0.79703438 -65.17971802 0.65098039 0.74117647 0.85882353
v -1.41594458 0.82136291 -65.17442322 0.65098039 0.74117647 0.85882353
v -1.45499098 0.66792184 -65.26651764 0.65098039 0.74117647 0.85882353
v -1.45907557 0.65601796 -65.26815796 0.65098039 0.74117647 0.85882353
v -1.47658622 0.02840628 -65.35034943 0.65098039 0.74117647 0.85882353
v -1.46721971 0.64528936 -65.26596069 0.65098039 0.74117647 0.85882353
v -1.46716571 0.02920218 -65.36164093 0.65098039 0.74117647 0.85882353
v -1.38975251 0.40152925 -65.38583374 0.65098039 0.74117647 0.85882353
v -1.34496009 -0.59478450 -65.40010071 0.65098039 0.74117647 0.85882353
v -1.33926558 -0.58909303 -65.41359711 0.65098039 0.74117647 0.85882353
v -1.33609891 -0.61833829 -65.41415405 0.65098039 0.74117647 0.85882353
v -1.34290648 -0.62282777 -65.40152740 0.65098039 0.74117647 0.85882353
v -1.30930376 -0.57808113 -65.42743683 0.65098039 0.74117647 0.85882353
v -1.32318711 -0.58160508 -65.42683411 0.65098039 0.74117647 0.85882353
v -1.29562199 -0.57775182 -65.42150116 0.65098039 0.74117647 0.85882353
v -1.28645194 -0.58073038 -65.41035461 0.65098039 0.74117647 0.85882353
v -1.28928840 -0.60947138 -65.41741943 0.65098039 0.74117647 0.85882353
v -1.29599273 -0.60675722 -65.42846680 0.65098039 0.74117647 0.85882353
v -1.28378105 -0.58438379 -65.39832306 0.65098039 0.74117647 0.85882353
v -1.28479791 -0.61664218 -65.39350128 0.65098039 0.74117647 0.85882353
v -1.28430676 -0.58847350 -65.38568878 0.65098039 0.74117647 0.85882353
v -1.29085219 -0.59430140 -65.36888885 0.65098039 0.74117647 0.85882353
v -1.29181755 -0.62128288 -65.37734985 0.65098039 0.74117647 0.85882353
v -1.30535018 -0.60254544 -65.35649109 0.65098039 0.74117647 0.85882353
v -1.30534124 -0.62848800 -65.36452484 0.65098039 0.74117647 0.85882353
v -1.32283247 -0.60750681 -65.35408020 0.65098039 0.74117647 0.85882353
v -1.34596384 -0.60104662 -65.38437653 0.65098039 0.74117647 0.85882353
v -1.34589434 -0.62842959 -65.38590240 0.65098039 0.74117647 0.85882353
v -1.30847812 -0.60706526 -65.43338013 0.65098039 0.74117647 0.85882353
v -1.32089400 -0.61093795 -65.43035126 0.65098039 0.74117647 0.85882353
v -1.32930219 -0.61480939 -65.42240906 0.65098039 0.74117647 0.85882353
v -1.33199775 -0.58520055 -65.42182922 0.65098039 0.74117647 0.85882353
v -1.33591557 -0.64611655 -65.41635895 0.65098039 0.74117647 0.85882353
v -1.34661257 -0.64997131 -65.40415192 0.65098039 0.74117647 0.85882353
v -1.30833042 -0.63479084 -65.44109344 0.65098039 0.74117647 0.85882353
v -1.31980813 -0.63939482 -65.43233490 0.65098039 0.74117647 0.85882353
v -1.29084396 -0.63661689 -65.42584991 0.65098039 0.74117647 0.85882353
v -1.29533148 -0.63346392 -65.43777466 0.65098039 0.74117647 0.85882353
v -1.28118157 -0.64296806 -65.40029144 0.65098039 0.74117647 0.85882353
v -1.28545976 -0.63971728 -65.41337585 0.65098039 0.74117647 0.85882353
v -1.28601193 -0.61282712 -65.40600586 0.65098039 0.74117647 0.85882353
v -1.28855217 -0.64736599 -65.38475037 0.65098039 0.74117647 0.85882353
v -1.30351484 -0.65357882 -65.36822510 0.65098039 0.74117647 0.85882353
v -1.34918940 -0.65481538 -65.38618469 0.65098039 0.74117647 0.85882353
v -1.32779443 -0.64314157 -65.42448425 0.65098039 0.74117647 0.85882353
v -1.33151364 -0.78940159 -65.25373077 0.65098039 0.74117647 0.85882353
v -1.33312309 -0.78496087 -65.25305176 0.65098039 0.74117647 0.85882353
v -1.33767962 -0.78513032 -65.25347137 0.65098039 0.74117647 0.85882353
v -1.33841956 -0.79050553 -65.25483704 0.65098039 0.74117647 0.85882353
v -1.37266755 -0.79619545 -65.25407410 0.65098039 0.74117647 0.85882353
v -1.37613750 -0.78677797 -65.24923706 0.65098039 0.74117647 0.85882353
v -1.38353872 -0.78774732 -65.25439453 0.65098039 0.74117647 0.85882353
v -1.38288617 -0.79838163 -65.26008606 0.65098039 0.74117647 0.85882353
v -1.35515082 -0.79449266 -65.25061035 0.65098039 0.74117647 0.85882353
v -1.35288620 -0.79645962 -65.25450897 0.65098039 0.74117647 0.85882353
v -1.34775269 -0.79612488 -65.25376129 0.65098039 0.74117647 0.85882353
v -1.34697402 -0.79406017 -65.24893188 0.65098039 0.74117647 0.85882353
v -1.30409646 -0.77505714 -65.27524567 0.65098039 0.74117647 0.85882353
v -1.30307305 -0.77858174 -65.27906799 0.65098039 0.74117647 0.85882353
v -1.29844761 -0.77758473 -65.27934265 0.65098039 0.74117647 0.85882353
v -1.29800296 -0.77443033 -65.27660370 0.65098039 0.74117647 0.85882353
v -1.32129586 -0.78525180 -65.26249695 0.65098039 0.74117647 0.85882353
v -1.32011604 -0.78823560 -65.26663208 0.65098039 0.74117647 0.85882353
v -1.31583238 -0.78701371 -65.26663971 0.65098039 0.74117647 0.85882353
v -1.31475782 -0.78450638 -65.26347351 0.65098039 0.74117647 0.85882353
v -1.36924577 -0.77411395 -65.26908112 0.65098039 0.74117647 0.85882353
v -1.38234854 -0.77202344 -65.27481079 0.65098039 0.74117647 0.85882353
v -1.38379133 -0.78218585 -65.26318359 0.65098039 0.74117647 0.85882353
v -1.37234879 -0.78057998 -65.25689697 0.65098039 0.74117647 0.85882353
v -1.38834918 -0.78905421 -65.27143860 0.65098039 0.74117647 0.85882353
v -1.38671911 -0.78005332 -65.28475952 0.65098039 0.74117647 0.85882353
v -1.37889135 -0.78735894 -65.28703308 0.65098039 0.74117647 0.85882353
v -1.38059449 -0.79274297 -65.27381897 0.65098039 0.74117647 0.85882353
v -1.36692452 -0.78858846 -65.28057098 0.65098039 0.74117647 0.85882353
v -1.36940479 -0.79343241 -65.26906586 0.65098039 0.74117647 0.85882353
v -1.36166441 -0.78361994 -65.27224731 0.65098039 0.74117647 0.85882353
v -1.36280072 -0.78862834 -65.25878906 0.65098039 0.74117647 0.85882353
v -1.34288287 -0.78172171 -65.26528931 0.65098039 0.74117647 0.85882353
v -1.34860468 -0.77482289 -65.26329803 0.65098039 0.74117647 0.85882353
v -1.34869897 -0.78310138 -65.25279999 0.65098039 0.74117647 0.85882353
v -1.34166348 -0.78864074 -65.25440216 0.65098039 0.74117647 0.85882353
v -1.35969675 -0.77667600 -65.26479340 0.65098039 0.74117647 0.85882353
v -1.35708070 -0.78413808 -65.25411224 0.65098039 0.74117647 0.85882353
v -1.36210990 -0.78633350 -65.27000427 0.65098039 0.74117647 0.85882353
v -1.35574985 -0.78933680 -65.27370453 0.65098039 0.74117647 0.85882353
v -1.35492706 -0.79401839 -65.26144409 0.65098039 0.74117647 0.85882353
v -1.36148787 -0.79120439 -65.25759125 0.65098039 0.74117647 0.85882353
v -1.34620643 -0.78802794 -65.27158356 0.65098039 0.74117647 0.85882353
v -1.34556103 -0.79336494 -65.26020813 0.65098039 0.74117647 0.85882353
v -1.32994664 -0.77202058 -65.26572418 0.65098039 0.74117647 0.85882353
v -1.34068429 -0.77415293 -65.26654816 0.65098039 0.74117647 0.85882353
v -1.33902097 -0.78152871 -65.25854492 0.65098039 0.74117647 0.85882353
v -1.33145761 -0.78057432 -65.25753021 0.65098039 0.74117647 0.85882353
v -1.34254086 -0.78909850 -65.26229095 0.65098039 0.74117647 0.85882353
v -1.34270656 -0.78372377 -65.27099609 0.65098039 0.74117647 0.85882353
v -1.33644187 -0.78666681 -65.27370453 0.65098039 0.74117647 0.85882353
v -1.33662999 -0.79098034 -65.26390839 0.65098039 0.74117647 0.85882353
v -1.32725787 -0.78502899 -65.27207184 0.65098039 0.74117647 0.85882353
v -1.32903492 -0.79064506 -65.26248932 0.65098039 0.74117647 0.85882353
v -1.32423639 -0.77820170 -65.26684570 0.65098039 0.74117647 0.85882353
v -1.32623744 -0.78562647 -65.25833893 0.65098039 0.74117647 0.85882353
v -1.30717647 -0.77299970 -65.27567291 0.65098039 0.74117647 0.85882353
v -1.31162930 -0.76664084 -65.27351379 0.65098039 0.74117647 0.85882353
v -1.31379569 -0.77473396 -65.26632690 0.65098039 0.74117647 0.85882353
v -1.30999899 -0.78036660 -65.26856995 0.65098039 0.74117647 0.85882353
v -1.31980193 -0.76868570 -65.27228546 0.65098039 0.74117647 0.85882353
v -1.31997442 -0.77532774 -65.26585388 0.65098039 0.74117647 0.85882353
v -1.32431269 -0.78015727 -65.26776123 0.65098039 0.74117647 0.85882353
v -1.32252491 -0.77496994 -65.27320099 0.65098039 0.74117647 0.85882353
v -1.31865239 -0.78143185 -65.27890778 0.65098039 0.74117647 0.85882353
v -1.32095420 -0.78624386 -65.27207184 0.65098039 0.74117647 0.85882353
v -1.31012750 -0.77988535 -65.27998352 0.65098039 0.74117647 0.85882353
v -1.31305051 -0.78542274 -65.27192688 0.65098039 0.74117647 0.85882353
v -1.29409969 -0.76020008 -65.28487396 0.65098039 0.74117647 0.85882353
v -1.29642653 -0.76588148 -65.27843475 0.65098039 0.74117647 0.85882353
v -1.29387116 -0.77091914 -65.28142548 0.65098039 0.74117647 0.85882353
v -1.29178607 -0.76571739 -65.28977203 0.65098039 0.74117647 0.85882353
v -1.30161405 -0.76161474 -65.28199768 0.65098039 0.74117647 0.85882353
v -1.30258369 -0.76666147 -65.27733612 0.65098039 0.74117647 0.85882353
v -1.30598164 -0.77149945 -65.27989197 0.65098039 0.74117647 0.85882353
v -1.30403435 -0.76741314 -65.28335571 0.65098039 0.74117647 0.85882353
v -1.30231428 -0.77428669 -65.28955841 0.65098039 0.74117647 0.85882353
v -1.30395353 -0.77755857 -65.28446198 0.65098039 0.74117647 0.85882353
v -1.29544985 -0.77199751 -65.29156494 0.65098039 0.74117647 0.85882353
v -1.29646659 -0.77651972 -65.28459930 0.65098039 0.74117647 0.85882353
v -1.36272180 -0.76736933 -65.28039551 0.65098039 0.74117647 0.85882353
v -1.37954140 -0.76206833 -65.28634644 0.65098039 0.74117647 0.85882353
v -1.38026357 -0.79636371 -65.26428223 0.65098039 0.74117647 0.85882353
v -1.38319111 -0.77177995 -65.29689026 0.65098039 0.74117647 0.85882353
v -1.37371945 -0.79690701 -65.26161194 0.65098039 0.74117647 0.85882353
v -1.36043549 -0.78335249 -65.28992462 0.65098039 0.74117647 0.85882353
v -1.37480164 -0.78016800 -65.29925537 0.65098039 0.74117647 0.85882353
v -1.36183536 -0.78077263 -65.27760315 0.65098039 0.74117647 0.85882353
v -1.34955359 -0.78838307 -65.24807739 0.65098039 0.74117647 0.85882353
v -1.34038973 -0.78205693 -65.28598785 0.65098039 0.74117647 0.85882353
v -1.34264159 -0.77954012 -65.27528381 0.65098039 0.74117647 0.85882353
v -1.35475934 -0.78872478 -65.24900055 0.65098039 0.74117647 0.85882353
v -1.34414148 -0.76640314 -65.27690887 0.65098039 0.74117647 0.85882353
v -1.32475019 -0.76386780 -65.28063965 0.65098039 0.74117647 0.85882353
v -1.33587360 -0.79298812 -65.25799561 0.65098039 0.74117647 0.85882353
v -1.33156514 -0.79303992 -65.25756073 0.65098039 0.74117647 0.85882353
v -1.32082450 -0.77895063 -65.28716278 0.65098039 0.74117647 0.85882353
v -1.32206929 -0.77318364 -65.27459717 0.65098039 0.74117647 0.85882353
v -1.31588936 -0.77973729 -65.26219940 0.65098039 0.74117647 0.85882353
v -1.30406892 -0.77408105 -65.29320526 0.65098039 0.74117647 0.85882353
v -1.30399430 -0.76744980 -65.28303528 0.65098039 0.74117647 0.85882353
v -1.31959140 -0.78017563 -65.26203918 0.65098039 0.74117647 0.85882353
v -1.30621874 -0.75822771 -65.28636932 0.65098039 0.74117647 0.85882353
v -1.29911721 -0.77092892 -65.27610779 0.65098039 0.74117647 0.85882353
v -1.29200864 -0.76920253 -65.30092621 0.65098039 0.74117647 0.85882353
v -1.28713858 -0.76076049 -65.29977417 0.65098039 0.74117647 0.85882353
v -1.30236948 -0.77105707 -65.27497101 0.65098039 0.74117647 0.85882353
v -1.29205811 -0.75388354 -65.29363251 0.65098039 0.74117647 0.85882353
v -1.34245634 -0.63311696 -65.37171173 0.65098039 0.74117647 0.85882353
v -1.34317207 -0.60618097 -65.37053680 0.65098039 0.74117647 0.85882353
v -1.33517265 -0.60901111 -65.35991669 0.65098039 0.74117647 0.85882353
v -1.33367026 -0.63555479 -65.36237335 0.65098039 0.74117647 0.85882353
v -1.32145965 -0.63369352 -65.35961914 0.65098039 0.74117647 0.85882353
v -1.34430432 -0.65830511 -65.36993408 0.65098039 0.74117647 0.85882353
v -1.33329511 -0.65991491 -65.36105347 0.65098039 0.74117647 0.85882353
v -1.32007217 -0.65847963 -65.36111450 0.65098039 0.74117647 0.85882353
v -1.28195918 -0.66840702 -65.39106750 0.65098039 0.74117647 0.85882353
v -1.27645779 -0.66267854 -65.40825653 0.65098039 0.74117647 0.85882353
v -1.28337526 -0.65966338 -65.42203522 0.65098039 0.74117647 0.85882353
v -1.28794730 -0.65656686 -65.43529510 0.65098039 0.74117647 0.85882353
v -1.29359257 -0.65336150 -65.44771576 0.65098039 0.74117647 0.85882353
v -1.34935713 -0.67784280 -65.38603210 0.65098039 0.74117647 0.85882353
v -1.34624672 -0.67996943 -65.36566162 0.65098039 0.74117647 0.85882353
v -1.33502746 -0.68053961 -65.35448456 0.65098039 0.74117647 0.85882353
v -1.31831396 -0.67924470 -65.35617065 0.65098039 0.74117647 0.85882353
v -1.37955189 -0.75020760 -65.30049896 0.65098039 0.74117647 0.85882353
v -1.36239123 -0.74920779 -65.29361725 0.65098039 0.74117647 0.85882353
v -1.36133647 -0.73376924 -65.30914307 0.65098039 0.74117647 0.85882353
v -1.37305188 -0.74189347 -65.31939697 0.65098039 0.74117647 0.85882353
v -1.34430659 -0.75060856 -65.29278564 0.65098039 0.74117647 0.85882353
v -1.34226775 -0.73302346 -65.30728912 0.65098039 0.74117647 0.85882353
v -1.32530260 -0.74969721 -65.29592133 0.65098039 0.74117647 0.85882353
v -1.32361639 -0.73435420 -65.31117249 0.65098039 0.74117647 0.85882353
v -1.30657864 -0.74747628 -65.30110168 0.65098039 0.74117647 0.85882353
v -1.30562294 -0.73572093 -65.31682587 0.65098039 0.74117647 0.85882353
v -1.28984284 -0.74686784 -65.30631256 0.65098039 0.74117647 0.85882353
v -1.28850091 -0.73888564 -65.32305908 0.65098039 0.74117647 0.85882353
v -1.28087831 -0.75492853 -65.31175995 0.65098039 0.74117647 0.85882353
v -1.27741826 -0.74767101 -65.32851410 0.65098039 0.74117647 0.85882353
v -1.38162065 -0.76378208 -65.31250763 0.65098039 0.74117647 0.85882353
v -1.37328434 -0.75489795 -65.33038330 0.65098039 0.74117647 0.85882353
v -1.37066197 -0.77394110 -65.31652069 0.65098039 0.74117647 0.85882353
v -1.36258674 -0.76677388 -65.33419037 0.65098039 0.74117647 0.85882353
v -1.35454309 -0.77427047 -65.31280518 0.65098039 0.74117647 0.85882353
v -1.34726489 -0.76645797 -65.33158112 0.65098039 0.74117647 0.85882353
v -1.28183281 -0.75928843 -65.33242035 0.65098039 0.74117647 0.85882353
v -1.28669679 -0.76570982 -65.31504059 0.65098039 0.74117647 0.85882353
v -1.33531547 -0.77242482 -65.31129456 0.65098039 0.74117647 0.85882353
v -1.32885134 -0.76438111 -65.33043671 0.65098039 0.74117647 0.85882353
v -1.31663382 -0.77104157 -65.31224823 0.65098039 0.74117647 0.85882353
v -1.31073725 -0.76358163 -65.33155060 0.65098039 0.74117647 0.85882353
v -1.30028033 -0.76899475 -65.31417084 0.65098039 0.74117647 0.85882353
v -1.29468215 -0.76265305 -65.33285522 0.65098039 0.74117647 0.85882353
v -1.35772288 -0.71943361 -65.33026123 0.65098039 0.74117647 0.85882353
v -1.34002411 -0.71421736 -65.32356262 0.65098039 0.74117647 0.85882353
v -1.32168758 -0.71653312 -65.32830048 0.65098039 0.74117647 0.85882353
v -1.30340004 -0.72040641 -65.33525848 0.65098039 0.74117647 0.85882353
v -1.28639650 -0.72802788 -65.34333038 0.65098039 0.74117647 0.85882353
v -1.27456534 -0.73836690 -65.34886169 0.65098039 0.74117647 0.85882353
v -1.29571617 -0.70085520 -65.35653687 0.65098039 0.74117647 0.85882353
v -1.28251028 -0.71870667 -65.36720276 0.65098039 0.74117647 0.85882353
v -1.27407467 -0.73115295 -65.37197876 0.65098039 0.74117647 0.85882353
v -1.27276516 -0.72362840 -65.39473724 0.65098039 0.74117647 0.85882353
v -1.27706683 -0.71006024 -65.39054108 0.65098039 0.74117647 0.85882353
v -1.27163446 -0.69848472 -65.43079376 0.65098039 0.74117647 0.85882353
v -1.27366638 -0.70298404 -65.41240692 0.65098039 0.74117647 0.85882353
v -1.26862562 -0.71638185 -65.41654968 0.65098039 0.74117647 0.85882353
v -1.26640356 -0.71282381 -65.43605042 0.65098039 0.74117647 0.85882353
v -1.28429782 -0.69359523 -65.38111877 0.65098039 0.74117647 0.85882353
v -1.27912080 -0.68625587 -65.40275574 0.65098039 0.74117647 0.85882353
v -1.27850401 -0.68073481 -65.42000580 0.65098039 0.74117647 0.85882353
v -1.27459586 -0.70673174 -65.46189117 0.65098039 0.74117647 0.85882353
v -1.27586102 -0.69075364 -65.45710754 0.65098039 0.74117647 0.85882353
v -1.27209973 -0.69488901 -65.44440460 0.65098039 0.74117647 0.85882353
v -1.26797211 -0.70975059 -65.44995880 0.65098039 0.74117647 0.85882353
v -1.28913474 -0.70637369 -65.47213745 0.65098039 0.74117647 0.85882353
v -1.28890240 -0.68927008 -65.46920776 0.65098039 0.74117647 0.85882353
v -1.30825317 -0.69403011 -65.46562958 0.65098039 0.74117647 0.85882353
v -1.30815816 -0.70966190 -65.46971130 0.65098039 0.74117647 0.85882353
v -1.28248835 -0.67323911 -65.44568634 0.65098039 0.74117647 0.85882353
v -1.28017461 -0.67712092 -65.43354034 0.65098039 0.74117647 0.85882353
v -1.29144633 -0.67080265 -65.45764160 0.65098039 0.74117647 0.85882353
v -1.30832827 -0.67433327 -65.45530701 0.65098039 0.74117647 0.85882353
v -1.32079756 -0.69989091 -65.45105743 0.65098039 0.74117647 0.85882353
v -1.31944799 -0.68024665 -65.44259644 0.65098039 0.74117647 0.85882353
v -1.32176757 -0.71492136 -65.45664215 0.65098039 0.74117647 0.85882353
v -1.36406827 -0.73337120 -65.34184265 0.65098039 0.74117647 0.85882353
v -1.36098838 -0.74444216 -65.34980011 0.65098039 0.74117647 0.85882353
v -1.31868863 -0.69673175 -65.34302521 0.65098039 0.74117647 0.85882353
v -1.33779883 -0.69660872 -65.34060669 0.65098039 0.74117647 0.85882353
v -1.35225379 -0.70143485 -65.35552979 0.65098039 0.74117647 0.85882353
v -1.35713255 -0.72270852 -65.36653137 0.65098039 0.74117647 0.85882353
v -1.35021782 -0.73573923 -65.37308502 0.65098039 0.74117647 0.85882353
v -1.34945238 -0.71653479 -65.39085388 0.65098039 0.74117647 0.85882353
v -1.34195948 -0.72885025 -65.39485931 0.65098039 0.74117647 0.85882353
v -1.35161340 -0.75336754 -65.35290527 0.65098039 0.74117647 0.85882353
v -1.34041309 -0.74188763 -65.37458801 0.65098039 0.74117647 0.85882353
v -1.33353937 -0.73521441 -65.39651489 0.65098039 0.74117647 0.85882353
v -1.34232008 -0.71139711 -65.41112518 0.65098039 0.74117647 0.85882353
v -1.33722329 -0.72417998 -65.41503143 0.65098039 0.74117647 0.85882353
v -1.33398652 -0.70649701 -65.42604828 0.65098039 0.74117647 0.85882353
v -1.33236957 -0.72055882 -65.43077087 0.65098039 0.74117647 0.85882353
v -1.32789695 -0.71794039 -65.44353485 0.65098039 0.74117647 0.85882353
v -1.32716691 -0.70326334 -65.43785095 0.65098039 0.74117647 0.85882353
v -1.33410776 -0.68736374 -65.42169952 0.65098039 0.74117647 0.85882353
v -1.32691932 -0.68367118 -65.43176270 0.65098039 0.74117647 0.85882353
v -1.34284699 -0.69274932 -65.40667725 0.65098039 0.74117647 0.85882353
v -1.35078287 -0.69782680 -65.38561249 0.65098039 0.74117647 0.85882353
v -1.27729511 -0.75068384 -65.35300446 0.65098039 0.74117647 0.85882353
v -1.27507854 -0.74195224 -65.37512207 0.65098039 0.74117647 0.85882353
v -1.27443993 -0.73359627 -65.39748383 0.65098039 0.74117647 0.85882353
v -1.27172291 -0.72829622 -65.41997528 0.65098039 0.74117647 0.85882353
v -1.27171564 -0.72494143 -65.43864441 0.65098039 0.74117647 0.85882353
v -1.27404523 -0.72201222 -65.45090485 0.65098039 0.74117647 0.85882353
v -1.27985084 -0.71892720 -65.46116638 0.65098039 0.74117647 0.85882353
v -1.29223061 -0.71749014 -65.46772766 0.65098039 0.74117647 0.85882353
v -1.30602682 -0.71959782 -65.46669769 0.65098039 0.74117647 0.85882353
v -1.31633019 -0.72465926 -65.45645142 0.65098039 0.74117647 0.85882353
v -1.32211983 -0.72880536 -65.44544983 0.65098039 0.74117647 0.85882353
v -1.32942140 -0.73241377 -65.41712189 0.65098039 0.74117647 0.85882353
v -1.32624960 -0.73115939 -65.43317413 0.65098039 0.74117647 0.85882353
v -1.34640658 -0.67303741 -65.40543365 0.65098039 0.74117647 0.85882353
v -1.33697200 -0.66796249 -65.41975403 0.65098039 0.74117647 0.85882353
v -1.32858729 -0.66437513 -65.42794037 0.65098039 0.74117647 0.85882353
v -1.30878890 -0.65589875 -65.44667816 0.65098039 0.74117647 0.85882353
v -1.31975591 -0.66093403 -65.43566132 0.65098039 0.74117647 0.85882353
v -1.33756304 -0.75636721 -65.35287476 0.65098039 0.74117647 0.85882353
v -1.32018983 -0.75538021 -65.35225677 0.65098039 0.74117647 0.85882353
v -1.30317688 -0.75501728 -65.35313416 0.65098039 0.74117647 0.85882353
v -1.28857148 -0.75452328 -65.35394287 0.65098039 0.74117647 0.85882353
v -1.28422630 -0.74618101 -65.37634277 0.65098039 0.74117647 0.85882353
v -1.29719281 -0.74676460 -65.37642670 0.65098039 0.74117647 0.85882353
v -1.31307602 -0.74718070 -65.37635040 0.65098039 0.74117647 0.85882353
v -1.32865167 -0.74561530 -65.37538910 0.65098039 0.74117647 0.85882353
v -1.28285742 -0.73902613 -65.39869690 0.65098039 0.74117647 0.85882353
v -1.29434586 -0.74044728 -65.39880371 0.65098039 0.74117647 0.85882353
v -1.30885088 -0.74078864 -65.39958191 0.65098039 0.74117647 0.85882353
v -1.32271326 -0.73967808 -65.39805603 0.65098039 0.74117647 0.85882353
v -1.31952667 -0.73697704 -65.41902161 0.65098039 0.74117647 0.85882353
v -1.30703557 -0.73679274 -65.42084503 0.65098039 0.74117647 0.85882353
v -1.29376197 -0.73587567 -65.41993713 0.65098039 0.74117647 0.85882353
v -1.28244185 -0.73368651 -65.42056274 0.65098039 0.74117647 0.85882353
v -1.28249419 -0.72961438 -65.43766785 0.65098039 0.74117647 0.85882353
v -1.29349661 -0.73155779 -65.43621063 0.65098039 0.74117647 0.85882353
v -1.30566978 -0.73288673 -65.43645477 0.65098039 0.74117647 0.85882353
v -1.31635666 -0.73379469 -65.43483734 0.65098039 0.74117647 0.85882353
v -1.28371549 -0.72673279 -65.44803619 0.65098039 0.74117647 0.85882353
v -1.29419291 -0.72292632 -65.46149445 0.65098039 0.74117647 0.85882353
v -1.28708887 -0.72434205 -65.45601654 0.65098039 0.74117647 0.85882353
v -1.30312014 -0.72446412 -65.46157837 0.65098039 0.74117647 0.85882353
v -1.30933332 -0.72778064 -65.45402527 0.65098039 0.74117647 0.85882353
v -1.31331301 -0.73102617 -65.44509125 0.65098039 0.74117647 0.85882353
v -1.30242610 -0.72762126 -65.45222473 0.65098039 0.74117647 0.85882353
v -1.30406213 -0.73005003 -65.44532776 0.65098039 0.74117647 0.85882353
v -1.29330862 -0.72862011 -65.44561005 0.65098039 0.74117647 0.85882353
v -1.29405105 -0.72637850 -65.45241547 0.65098039 0.74117647 0.85882353
v -1.30042517 -0.72552830 -65.45708466 0.65098039 0.74117647 0.85882353
v -1.29617167 -0.72493976 -65.45708466 0.65098039 0.74117647 0.85882353
v -1.29932868 -0.67727011 -65.37067413 0.65098039 0.74117647 0.85882353
v -1.37720466 0.69719583 -65.34963989 0.65098039 0.74117647 0.85882353
v -1.35247242 0.62911719 -65.36530304 0.65098039 0.74117647 0.85882353
v -1.40204918 -0.33896559 -65.27938843 0.65098039 0.74117647 0.85882353
v -1.39137733 -0.34274709 -65.26770782 0.65098039 0.74117647 0.85882353
v -1.37861514 -0.34108198 -65.25866699 0.65098039 0.74117647 0.85882353
v -1.41578996 0.08010052 -65.18973541 0.65098039 0.74117647 0.85882353
v -1.47476482 0.30489177 -65.19029236 0.65098039 0.74117647 0.85882353
v -1.47112477 0.34753108 -65.18723297 0.65098039 0.74117647 0.85882353
v -1.47291756 0.32538772 -65.18941498 0.65098039 0.74117647 0.85882353
v -1.41199219 0.05474864 -65.18776703 0.65098039 0.74117647 0.85882353
v -1.40333891 0.37144876 -65.18970490 0.65098039 0.74117647 0.85882353
v -1.39263201 0.09692557 -65.45184326 0.65098039 0.74117647 0.85882353
v -1.35153031 0.58902234 -65.37426758 0.65098039 0.74117647 0.85882353
v -1.45208323 0.53876799 -65.16631317 0.65098039 0.74117647 0.85882353
v -1.37967241 0.18196291 -65.45088959 0.65098039 0.74117647 0.85882353
v -1.32525158 0.82533938 -65.27755737 0.65098039 0.74117647 0.85882353
v -1.32773292 0.82435018 -65.27950287 0.65098039 0.74117647 0.85882353
v -1.32899380 0.82100433 -65.28025818 0.65098039 0.74117647 0.85882353
v -1.32999754 0.81988245 -65.28498077 0.65098039 0.74117647 0.85882353
v -1.33066475 0.81823766 -65.28852081 0.65098039 0.74117647 0.85882353
v -1.32998824 0.81710750 -65.29107666 0.65098039 0.74117647 0.85882353
v -1.32778049 0.82151753 -65.28244781 0.65098039 0.74117647 0.85882353
v -1.32846749 0.82456464 -65.28605652 0.65098039 0.74117647 0.85882353
v -1.32758164 0.82384568 -65.28231812 0.65098039 0.74117647 0.85882353
v -1.32680571 0.82295817 -65.28076935 0.65098039 0.74117647 0.85882353
v -1.50299776 0.58150220 -65.25523376 0.65098039 0.74117647 0.85882353
v -1.51209223 0.56564438 -65.25137329 0.65098039 0.74117647 0.85882353
v -1.52115953 0.55324131 -65.24443817 0.65098039 0.74117647 0.85882353
v -1.52786779 0.53463602 -65.24132538 0.65098039 0.74117647 0.85882353
v -1.42176533 0.79292768 -65.17750549 0.65098039 0.74117647 0.85882353
v -1.55372846 0.25721592 -65.22969055 0.65098039 0.74117647 0.85882353
v -1.55281973 0.26994121 -65.22962952 0.65098039 0.74117647 0.85882353
v -1.40125120 0.33111864 -65.38943481 0.65098039 0.74117647 0.85882353
v -1.55402088 0.21806313 -65.22885895 0.65098039 0.74117647 0.85882353
v -1.55430102 0.28560382 -65.22657013 0.65098039 0.74117647 0.85882353
v -1.36812651 0.46610898 -65.39103699 0.65098039 0.74117647 0.85882353
v -1.53391707 0.51596010 -65.23782349 0.65098039 0.74117647 0.85882353
v -1.55283010 0.19891533 -65.23090363 0.65098039 0.74117647 0.85882353
v -1.35294330 0.52577132 -65.38950348 0.65098039 0.74117647 0.85882353
v -1.55483294 0.30698228 -65.22425842 0.65098039 0.74117647 0.85882353
v -1.54426110 0.11077417 -65.24971008 0.65098039 0.74117647 0.85882353
v -1.54838073 0.37581813 -65.22668457 0.65098039 0.74117647 0.85882353
v -1.43763065 0.91260320 -65.22081757 0.65098039 0.74117647 0.85882353
v -1.44965708 0.90524834 -65.23020935 0.65098039 0.74117647 0.85882353
v -1.44677937 0.89673895 -65.21884155 0.65098039 0.74117647 0.85882353
v -1.43548191 0.90065080 -65.20973969 0.65098039 0.74117647 0.85882353
v -1.44567859 0.88903850 -65.21002960 0.65098039 0.74117647 0.85882353
v -1.43593144 0.89018846 -65.20286560 0.65098039 0.74117647 0.85882353
v -1.45705914 0.89528614 -65.23906708 0.65098039 0.74117647 0.85882353
v -1.45387292 0.88975370 -65.22768402 0.65098039 0.74117647 0.85882353
v -1.46793592 0.85548443 -65.23056030 0.65098039 0.74117647 0.85882353
v -1.46404326 0.86405927 -65.23145294 0.65098039 0.74117647 0.85882353
v -1.46919620 0.86122555 -65.24035645 0.65098039 0.74117647 0.85882353
v -1.47276437 0.84975606 -65.23948669 0.65098039 0.74117647 0.85882353
v -1.47304547 0.82871622 -65.22886658 0.65098039 0.74117647 0.85882353
v -1.47576046 0.81865001 -65.23931122 0.65098039 0.74117647 0.85882353
v -1.47302306 0.81149489 -65.22730255 0.65098039 0.74117647 0.85882353
v -1.46914530 0.82158518 -65.21897888 0.65098039 0.74117647 0.85882353
v -1.43594730 0.83365446 -65.19470978 0.65098039 0.74117647 0.85882353
v -1.43773484 0.83983761 -65.19753265 0.65098039 0.74117647 0.85882353
v -1.44461560 0.83532161 -65.19809723 0.65098039 0.74117647 0.85882353
v -1.44231820 0.82818896 -65.19512939 0.65098039 0.74117647 0.85882353
v -1.42502308 0.84291095 -65.19010162 0.65098039 0.74117647 0.85882353
v -1.42038286 0.84630030 -65.18425751 0.65098039 0.74117647 0.85882353
v -1.41954553 0.85109419 -65.18975067 0.65098039 0.74117647 0.85882353
v -1.42501462 0.84740710 -65.19432068 0.65098039 0.74117647 0.85882353
v -1.43217301 0.82729501 -65.19266510 0.65098039 0.74117647 0.85882353
v -1.43845856 0.82164061 -65.19373322 0.65098039 0.74117647 0.85882353
v -1.42949319 0.83441299 -65.19029236 0.65098039 0.74117647 0.85882353
v -1.43031120 0.83860826 -65.19364929 0.65098039 0.74117647 0.85882353
v -1.42773259 0.82994062 -65.17868805 0.65098039 0.74117647 0.85882353
v -1.42484188 0.83067840 -65.17407227 0.65098039 0.74117647 0.85882353
v -1.42453527 0.83633572 -65.17485046 0.65098039 0.74117647 0.85882353
v -1.42777097 0.83467501 -65.18112946 0.65098039 0.74117647 0.85882353
v -1.43083930 0.82789630 -65.18802643 0.65098039 0.74117647 0.85882353
v -1.42799747 0.82453102 -65.18518829 0.65098039 0.74117647 0.85882353
v -1.42883861 0.82781762 -65.18283081 0.65098039 0.74117647 0.85882353
v -1.43011379 0.83157700 -65.18573761 0.65098039 0.74117647 0.85882353
v -1.42572069 0.83853644 -65.18558502 0.65098039 0.74117647 0.85882353
v -1.42204380 0.84148294 -65.17920685 0.65098039 0.74117647 0.85882353
v -1.41818857 0.84332138 -65.17263031 0.65098039 0.74117647 0.85882353
v -1.42064035 0.83650738 -65.16804504 0.65098039 0.74117647 0.85882353
v -1.45505285 0.81614190 -65.20037842 0.65098039 0.74117647 0.85882353
v -1.45071971 0.81187230 -65.19711304 0.65098039 0.74117647 0.85882353
v -1.44510460 0.81680340 -65.19484711 0.65098039 0.74117647 0.85882353
v -1.44907999 0.82237548 -65.19702148 0.65098039 0.74117647 0.85882353
v -1.42948759 0.82124561 -65.18811798 0.65098039 0.74117647 0.85882353
v -1.43595862 0.80645871 -65.18486023 0.65098039 0.74117647 0.85882353
v -1.43036819 0.80705601 -65.18099976 0.65098039 0.74117647 0.85882353
v -1.42943048 0.81097943 -65.18175507 0.65098039 0.74117647 0.85882353
v -1.43556833 0.81056577 -65.18577576 0.65098039 0.74117647 0.85882353
v -1.46292973 0.80147213 -65.20816040 0.65098039 0.74117647 0.85882353
v -1.46494448 0.79260868 -65.21128082 0.65098039 0.74117647 0.85882353
v -1.45862997 0.79290158 -65.20367432 0.65098039 0.74117647 0.85882353
v -1.45748377 0.79994041 -65.20217133 0.65098039 0.74117647 0.85882353
v -1.45791292 0.78596777 -65.20382690 0.65098039 0.74117647 0.85882353
v -1.46436167 0.78319049 -65.21253967 0.65098039 0.74117647 0.85882353
v -1.45837736 0.76667899 -65.20735931 0.65098039 0.74117647 0.85882353
v -1.45226812 0.77403539 -65.19691467 0.65098039 0.74117647 0.85882353
v -1.45544088 0.77981097 -65.20148468 0.65098039 0.74117647 0.85882353
v -1.46210074 0.77464938 -65.21123505 0.65098039 0.74117647 0.85882353
v -1.43998230 0.77863765 -65.18727875 0.65098039 0.74117647 0.85882353
v -1.44786894 0.76900697 -65.19077301 0.65098039 0.74117647 0.85882353
v -1.44227684 0.76494211 -65.18476105 0.65098039 0.74117647 0.85882353
v -1.43485558 0.77661288 -65.18376923 0.65098039 0.74117647 0.85882353
v -1.43623567 0.79982007 -65.18775940 0.65098039 0.74117647 0.85882353
v -1.43597484 0.80292016 -65.18571472 0.65098039 0.74117647 0.85882353
v -1.44003451 0.80225450 -65.18915558 0.65098039 0.74117647 0.85882353
v -1.43996763 0.79988933 -65.19057465 0.65098039 0.74117647 0.85882353
v -1.44411767 0.79993063 -65.19351196 0.65098039 0.74117647 0.85882353
v -1.44408882 0.80058008 -65.19288635 0.65098039 0.74117647 0.85882353
v -1.44550371 0.80160850 -65.19318390 0.65098039 0.74117647 0.85882353
v -1.44585741 0.80000418 -65.19422150 0.65098039 0.74117647 0.85882353
v -1.44227576 0.79991585 -65.19234467 0.65098039 0.74117647 0.85882353
v -1.44331253 0.79885310 -65.19299316 0.65098039 0.74117647 0.85882353
v -1.44140410 0.79784244 -65.19130707 0.65098039 0.74117647 0.85882353
v -1.43845880 0.79692250 -65.18804932 0.65098039 0.74117647 0.85882353
v -1.42654848 0.79391307 -65.17897797 0.65098039 0.74117647 0.85882353
v -1.42455268 0.79804039 -65.18068695 0.65098039 0.74117647 0.85882353
v -1.42755365 0.79846239 -65.18214417 0.65098039 0.74117647 0.85882353
v -1.43003869 0.79486424 -65.18086243 0.65098039 0.74117647 0.85882353
v -1.44351053 0.80335093 -65.19137573 0.65098039 0.74117647 0.85882353
v -1.44044101 0.80505979 -65.18876648 0.65098039 0.74117647 0.85882353
v -1.44104493 0.80853289 -65.18937683 0.65098039 0.74117647 0.85882353
v -1.44508970 0.80582577 -65.19205475 0.65098039 0.74117647 0.85882353
v -1.44731951 0.80877107 -65.19399261 0.65098039 0.74117647 0.85882353
v -1.45052242 0.80449897 -65.19636536 0.65098039 0.74117647 0.85882353
v -1.44752526 0.80296504 -65.19406891 0.65098039 0.74117647 0.85882353
v -1.44525445 0.79791713 -65.19430542 0.65098039 0.74117647 0.85882353
v -1.44859171 0.79989094 -65.19568634 0.65098039 0.74117647 0.85882353
v -1.44833589 0.79652953 -65.19630432 0.65098039 0.74117647 0.85882353
v -1.44698143 0.79337430 -65.19490814 0.65098039 0.74117647 0.85882353
v -1.44362295 0.79597121 -65.19259644 0.65098039 0.74117647 0.85882353
v -1.44090581 0.79416829 -65.18931580 0.65098039 0.74117647 0.85882353
v -1.44439769 0.79045588 -65.19187164 0.65098039 0.74117647 0.85882353
v -1.44032335 0.78778726 -65.18788910 0.65098039 0.74117647 0.85882353
v -1.43693686 0.79224110 -65.18508911 0.65098039 0.74117647 0.85882353
v -1.44239044 0.81233603 -65.19146729 0.65098039 0.74117647 0.85882353
v -1.45246053 0.79979444 -65.19815826 0.65098039 0.74117647 0.85882353
v -1.45448470 0.80640829 -65.19963074 0.65098039 0.74117647 0.85882353
v -1.45298922 0.79461998 -65.19939423 0.65098039 0.74117647 0.85882353
v -1.45189857 0.78971010 -65.19845581 0.65098039 0.74117647 0.85882353
v -1.44533646 0.78155345 -65.19174957 0.65098039 0.74117647 0.85882353
v -1.44941890 0.78534806 -65.19571686 0.65098039 0.74117647 0.85882353
v -1.45331144 0.75986445 -65.20140839 0.65098039 0.74117647 0.85882353
v -1.44606495 0.75436950 -65.19622803 0.65098039 0.74117647 0.85882353
v -1.44374514 0.88204557 -65.20730591 0.65098039 0.74117647 0.85882353
v -1.43523657 0.88199019 -65.20323181 0.65098039 0.74117647 0.85882353
v -1.44545245 0.87409526 -65.20983124 0.65098039 0.74117647 0.85882353
v -1.44159734 0.87465245 -65.20724487 0.65098039 0.74117647 0.85882353
v -1.44181383 0.87749821 -65.20760345 0.65098039 0.74117647 0.85882353
v -1.44670665 0.87644047 -65.21096802 0.65098039 0.74117647 0.85882353
v -1.45838952 0.86610383 -65.22549438 0.65098039 0.74117647 0.85882353
v -1.46157074 0.85997373 -65.22492218 0.65098039 0.74117647 0.85882353
v -1.45521724 0.86399752 -65.22095490 0.65098039 0.74117647 0.85882353
v -1.45372546 0.86794180 -65.22046661 0.65098039 0.74117647 0.85882353
v -1.45029402 0.85634524 -65.21157074 0.65098039 0.74117647 0.85882353
v -1.44650316 0.86305302 -65.21063995 0.65098039 0.74117647 0.85882353
v -1.44933414 0.86388916 -65.21347046 0.65098039 0.74117647 0.85882353
v -1.45388150 0.85780275 -65.21553040 0.65098039 0.74117647 0.85882353
v -1.44318962 0.86218107 -65.20810699 0.65098039 0.74117647 0.85882353
v -1.44586444 0.85592037 -65.20841980 0.65098039 0.74117647 0.85882353
v -1.44096482 0.85642946 -65.20607758 0.65098039 0.74117647 0.85882353
v -1.43915832 0.86189312 -65.20648193 0.65098039 0.74117647 0.85882353
v -1.43490338 0.87751108 -65.20512390 0.65098039 0.74117647 0.85882353
v -1.43632114 0.87435311 -65.20503235 0.65098039 0.74117647 0.85882353
v -1.43011117 0.87267411 -65.20485687 0.65098039 0.74117647 0.85882353
v -1.42778957 0.87567061 -65.20421600 0.65098039 0.74117647 0.85882353
v -1.42160225 0.86330992 -65.20689392 0.65098039 0.74117647 0.85882353
v -1.41881871 0.86258262 -65.20512390 0.65098039 0.74117647 0.85882353
v -1.41839325 0.86704761 -65.20510864 0.65098039 0.74117647 0.85882353
v -1.42209899 0.86590570 -65.20674133 0.65098039 0.74117647 0.85882353
v -1.42342019 0.86190504 -65.20627594 0.65098039 0.74117647 0.85882353
v -1.42199624 0.86007863 -65.20478058 0.65098039 0.74117647 0.85882353
v -1.42552257 0.93231994 -65.22602844 0.65098039 0.74117647 0.85882353
v -1.44054723 0.92499584 -65.23570251 0.65098039 0.74117647 0.85882353
v -1.42424500 0.91644216 -65.21096039 0.65098039 0.74117647 0.85882353
v -1.45344460 0.91402870 -65.24436188 0.65098039 0.74117647 0.85882353
v -1.46115100 0.90054065 -65.25204468 0.65098039 0.74117647 0.85882353
v -1.47559702 0.80125725 -65.23435974 0.65098039 0.74117647 0.85882353
v -1.47090614 0.79544801 -65.22183228 0.65098039 0.74117647 0.85882353
v -1.46837318 0.80543190 -65.21682739 0.65098039 0.74117647 0.85882353
v -1.47539282 0.78931510 -65.23958588 0.65098039 0.74117647 0.85882353
v -1.47071147 0.78392130 -65.22463989 0.65098039 0.74117647 0.85882353
v -1.46129155 0.76222014 -65.22509003 0.65098039 0.74117647 0.85882353
v -1.46775126 0.77230924 -65.22630310 0.65098039 0.74117647 0.85882353
v -1.47746921 0.79743177 -65.25616455 0.65098039 0.74117647 0.85882353
v -1.47351336 0.78711885 -65.26308441 0.65098039 0.74117647 0.85882353
v -1.47106254 0.77678448 -65.24505615 0.65098039 0.74117647 0.85882353
v -1.47416532 0.80021518 -65.27778625 0.65098039 0.74117647 0.85882353
v -1.47172725 0.79480058 -65.28668213 0.65098039 0.74117647 0.85882353
v -1.46899056 0.77552110 -65.27439880 0.65098039 0.74117647 0.85882353
v -1.46521759 0.73578864 -65.27047729 0.65098039 0.74117647 0.85882353
v -1.47163427 0.74196553 -65.28524780 0.65098039 0.74117647 0.85882353
v -1.47333860 0.72885901 -65.29260254 0.65098039 0.74117647 0.85882353
v -1.46940327 0.72359133 -65.27743530 0.65098039 0.74117647 0.85882353
v -1.47789013 0.80826741 -65.24951935 0.65098039 0.74117647 0.85882353
v -1.46777546 0.87088579 -65.25032806 0.65098039 0.74117647 0.85882353
v -1.47311890 0.85751843 -65.25193787 0.65098039 0.74117647 0.85882353
v -1.46366990 0.87204742 -65.23911285 0.65098039 0.74117647 0.85882353
v -1.45649171 0.92742366 -65.28268433 0.65098039 0.74117647 0.85882353
v -1.46555746 0.90994471 -65.28386688 0.65098039 0.74117647 0.85882353
v -1.46357977 0.90567887 -65.26760864 0.65098039 0.74117647 0.85882353
v -1.45510709 0.92218429 -65.26215363 0.65098039 0.74117647 0.85882353
v -1.42227328 0.95615000 -65.27601624 0.65098039 0.74117647 0.85882353
v -1.44204044 0.94410914 -65.28009033 0.65098039 0.74117647 0.85882353
v -1.44200349 0.93633109 -65.25531769 0.65098039 0.74117647 0.85882353
v -1.42468107 0.94733036 -65.24806976 0.65098039 0.74117647 0.85882353
v -1.46650529 0.91083997 -65.30097198 0.65098039 0.74117647 0.85882353
v -1.45702326 0.92716169 -65.30445099 0.65098039 0.74117647 0.85882353
v -1.45831692 0.92016667 -65.32580566 0.65098039 0.74117647 0.85882353
v -1.46719408 0.90693349 -65.31736755 0.65098039 0.74117647 0.85882353
v -1.44152498 0.94313270 -65.30735016 0.65098039 0.74117647 0.85882353
v -1.44223547 0.93536615 -65.33428192 0.65098039 0.74117647 0.85882353
v -1.47023749 0.79735225 -65.29877472 0.65098039 0.74117647 0.85882353
v -1.47144330 0.77835947 -65.29551697 0.65098039 0.74117647 0.85882353
v -1.47187603 0.76191056 -65.29642487 0.65098039 0.74117647 0.85882353
v -1.46881092 0.75762111 -65.27851868 0.65098039 0.74117647 0.85882353
v -1.42165291 0.94451511 -65.34029388 0.65098039 0.74117647 0.85882353
v -1.42130554 0.95445031 -65.30863190 0.65098039 0.74117647 0.85882353
v -1.45724285 0.87320381 -65.35748291 0.65098039 0.74117647 0.85882353
v -1.46554554 0.86786228 -65.34275055 0.65098039 0.74117647 0.85882353
v -1.46724927 0.88403147 -65.33687592 0.65098039 0.74117647 0.85882353
v -1.45778096 0.89216357 -65.35237122 0.65098039 0.74117647 0.85882353
v -1.44485509 0.87709194 -65.37252045 0.65098039 0.74117647 0.85882353
v -1.44333386 0.89925689 -65.36792755 0.65098039 0.74117647 0.85882353
v -1.45290256 0.81793267 -65.34619904 0.65098039 0.74117647 0.85882353
v -1.44151771 0.81658047 -65.35768127 0.65098039 0.74117647 0.85882353
v -1.43868589 0.79973835 -65.34806824 0.65098039 0.74117647 0.85882353
v -1.44915247 0.80032331 -65.33834839 0.65098039 0.74117647 0.85882353
v -1.45251632 0.88463527 -65.21759796 0.65098039 0.74117647 0.85882353
v -1.45669127 0.87909466 -65.22450256 0.65098039 0.74117647 0.85882353
v -1.45318282 0.87621921 -65.21762085 0.65098039 0.74117647 0.85882353
v -1.44959283 0.88009518 -65.21251678 0.65098039 0.74117647 0.85882353
v -1.46259308 0.88322687 -65.24594879 0.65098039 0.74117647 0.85882353
v -1.45913005 0.88126498 -65.23463440 0.65098039 0.74117647 0.85882353
v -1.46886933 0.89106566 -65.27230072 0.65098039 0.74117647 0.85882353
v -1.46989739 0.89479131 -65.28539276 0.65098039 0.74117647 0.85882353
v -1.47168434 0.89417189 -65.31214905 0.65098039 0.74117647 0.85882353
v -1.47112679 0.89604646 -65.29904175 0.65098039 0.74117647 0.85882353
v -1.47089291 0.86314809 -65.33084106 0.65098039 0.74117647 0.85882353
v -1.47170985 0.87368840 -65.32722473 0.65098039 0.74117647 0.85882353
v -1.46629095 0.80477089 -65.31337738 0.65098039 0.74117647 0.85882353
v -1.45767105 0.80213791 -65.32669830 0.65098039 0.74117647 0.85882353
v -1.45549393 0.78369910 -65.32257080 0.65098039 0.74117647 0.85882353
v -1.46567571 0.78300995 -65.31112671 0.65098039 0.74117647 0.85882353
v -1.43577015 0.78311527 -65.34185028 0.65098039 0.74117647 0.85882353
v -1.44444036 0.78375417 -65.33251953 0.65098039 0.74117647 0.85882353
v -1.46425438 0.74924678 -65.31684113 0.65098039 0.74117647 0.85882353
v -1.45386183 0.75112289 -65.32836151 0.65098039 0.74117647 0.85882353
v -1.45225918 0.73799413 -65.33580017 0.65098039 0.74117647 0.85882353
v -1.46184313 0.73584622 -65.32330322 0.65098039 0.74117647 0.85882353
v -1.43899488 0.73770565 -65.34387970 0.65098039 0.74117647 0.85882353
v -1.44104338 0.75182003 -65.33670807 0.65098039 0.74117647 0.85882353
v -1.42855585 0.75087845 -65.34211731 0.65098039 0.74117647 0.85882353
v -1.42585278 0.73615056 -65.34696960 0.65098039 0.74117647 0.85882353
v -1.45577967 0.71567649 -65.25364685 0.65098039 0.74117647 0.85882353
v -1.46216249 0.71912521 -65.26470184 0.65098039 0.74117647 0.85882353
v -1.46609616 0.70840079 -65.27173615 0.65098039 0.74117647 0.85882353
v -1.45911252 0.70538306 -65.26103210 0.65098039 0.74117647 0.85882353
v -1.45924795 0.72370213 -65.33307648 0.65098039 0.74117647 0.85882353
v -1.44899619 0.72784877 -65.34595490 0.65098039 0.74117647 0.85882353
v -1.45980990 0.81936091 -65.33328247 0.65098039 0.74117647 0.85882353
v -1.46889198 0.82236713 -65.32239532 0.65098039 0.74117647 0.85882353
v -1.43556166 0.72746873 -65.35368347 0.65098039 0.74117647 0.85882353
v -1.45415604 0.76642102 -65.32464600 0.65098039 0.74117647 0.85882353
v -1.44158685 0.76703554 -65.33234406 0.65098039 0.74117647 0.85882353
v -1.42604089 0.78134900 -65.34828949 0.65098039 0.74117647 0.85882353
v -1.42667043 0.79905641 -65.35556030 0.65098039 0.74117647 0.85882353
v -1.43119061 0.84365273 -65.19693756 0.65098039 0.74117647 0.85882353
v -1.43054688 0.85815543 -65.20433044 0.65098039 0.74117647 0.85882353
v -1.42596865 0.85885501 -65.20446777 0.65098039 0.74117647 0.85882353
v -1.42627251 0.86187690 -65.20553589 0.65098039 0.74117647 0.85882353
v -1.43021512 0.86183685 -65.20529175 0.65098039 0.74117647 0.85882353
v -1.41178453 0.89746624 -65.19524384 0.65098039 0.74117647 0.85882353
v -1.42367411 0.90147680 -65.20026398 0.65098039 0.74117647 0.85882353
v -1.42518795 0.88777906 -65.19602203 0.65098039 0.74117647 0.85882353
v -1.41338515 0.88131362 -65.19314575 0.65098039 0.74117647 0.85882353
v -1.46250653 0.83390057 -65.21028137 0.65098039 0.74117647 0.85882353
v -1.45919371 0.82319254 -65.20475006 0.65098039 0.74117647 0.85882353
v -1.45187795 0.82994008 -65.20018768 0.65098039 0.74117647 0.85882353
v -1.45268750 0.83892626 -65.20374298 0.65098039 0.74117647 0.85882353
v -1.45098233 0.86904186 -65.21722412 0.65098039 0.74117647 0.85882353
v -1.44996870 0.87089592 -65.21498871 0.65098039 0.74117647 0.85882353
v -1.45192528 0.87121713 -65.21777344 0.65098039 0.74117647 0.85882353
v -1.45954156 0.80936605 -65.20435333 0.65098039 0.74117647 0.85882353
v -1.46447718 0.81452572 -65.21076965 0.65098039 0.74117647 0.85882353
v -1.47576451 0.84239501 -65.25196075 0.65098039 0.74117647 0.85882353
v -1.45999193 0.87225246 -65.22949982 0.65098039 0.74117647 0.85882353
v -1.40139461 0.96124500 -65.27128601 0.65098039 0.74117647 0.85882353
v -1.40586603 0.95144850 -65.24032593 0.65098039 0.74117647 0.85882353
v -1.39853418 0.96024400 -65.30652618 0.65098039 0.74117647 0.85882353
v -1.39825463 0.95016009 -65.33986664 0.65098039 0.74117647 0.85882353
v -1.42545009 0.90535384 -65.37845612 0.65098039 0.74117647 0.85882353
v -1.40444279 0.90753573 -65.38457489 0.65098039 0.74117647 0.85882353
v -1.40633142 0.88204640 -65.39160156 0.65098039 0.74117647 0.85882353
v -1.42846930 0.88027728 -65.38500977 0.65098039 0.74117647 0.85882353
v -1.42986310 0.81476647 -65.36831665 0.65098039 0.74117647 0.85882353
v -1.41817093 0.75008529 -65.34403229 0.65098039 0.74117647 0.85882353
v -1.41541052 0.73462194 -65.34648132 0.65098039 0.74117647 0.85882353
v -1.40874958 0.93443114 -65.21769714 0.65098039 0.74117647 0.85882353
v -1.41061461 0.91611397 -65.20338440 0.65098039 0.74117647 0.85882353
v -1.46571350 0.88579243 -65.25933075 0.65098039 0.74117647 0.85882353
v -1.46969998 0.84724444 -65.22689056 0.65098039 0.74117647 0.85882353
v -1.46829641 0.83985180 -65.22004700 0.65098039 0.74117647 0.85882353
v -1.46190488 0.84995198 -65.21637726 0.65098039 0.74117647 0.85882353
v -1.46306694 0.85453790 -65.22190094 0.65098039 0.74117647 0.85882353
v -1.47390068 0.83806944 -65.23654175 0.65098039 0.74117647 0.85882353
v -1.47636294 0.82849807 -65.24909210 0.65098039 0.74117647 0.85882353
v -1.47792888 0.81955546 -65.26346588 0.65098039 0.74117647 0.85882353
v -1.47719371 0.80757755 -65.27059174 0.65098039 0.74117647 0.85882353
v -1.45621884 0.90951133 -65.34405518 0.65098039 0.74117647 0.85882353
v -1.46602201 0.89859921 -65.33042145 0.65098039 0.74117647 0.85882353
v -1.42426908 0.92834896 -65.36483765 0.65098039 0.74117647 0.85882353
v -1.44267476 0.92040759 -65.35581970 0.65098039 0.74117647 0.85882353
v -1.47037637 0.88899618 -65.32409668 0.65098039 0.74117647 0.85882353
v -1.40071988 0.93344796 -65.36875916 0.65098039 0.74117647 0.85882353
v -1.42802858 0.81506461 -65.18306732 0.65098039 0.74117647 0.85882353
v -1.42554247 0.81896633 -65.18342590 0.65098039 0.74117647 0.85882353
v -1.43484855 0.81597596 -65.18849182 0.65098039 0.74117647 0.85882353
v -1.43262768 0.79053622 -65.18189240 0.65098039 0.74117647 0.85882353
v -1.43579590 0.78524840 -65.18475342 0.65098039 0.74117647 0.85882353
v -1.43079364 0.78394008 -65.18259430 0.65098039 0.74117647 0.85882353
v -1.42842746 0.78938586 -65.17987823 0.65098039 0.74117647 0.85882353
v -1.44607651 0.74810082 -65.21296692 0.65098039 0.74117647 0.85882353
v -1.45378530 0.75397891 -65.21902466 0.65098039 0.74117647 0.85882353
v -1.45226979 0.72587520 -65.24557495 0.65098039 0.74117647 0.85882353
v -1.45941460 0.72981471 -65.25640869 0.65098039 0.74117647 0.85882353
v -1.42407739 0.82742262 -65.17980194 0.65098039 0.74117647 0.85882353
v -1.42417538 0.82681090 -65.18185425 0.65098039 0.74117647 0.85882353
v -1.42226517 0.82685328 -65.18113708 0.65098039 0.74117647 0.85882353
v -1.42248762 0.82753986 -65.17932129 0.65098039 0.74117647 0.85882353
v -1.44268537 0.80148464 -65.19153595 0.65098039 0.74117647 0.85882353
v -1.42560422 0.80659229 -65.17872620 0.65098039 0.74117647 0.85882353
v -1.42671192 0.80259818 -65.17985535 0.65098039 0.74117647 0.85882353
v -1.42377329 0.80175918 -65.17876434 0.65098039 0.74117647 0.85882353
v -1.42287016 0.80550736 -65.17760468 0.65098039 0.74117647 0.85882353
v -1.46383107 0.76104480 -65.24926758 0.65098039 0.74117647 0.85882353
v -1.46278787 0.74894112 -65.26230621 0.65098039 0.74117647 0.85882353
v -1.46952128 0.73268956 -65.30887604 0.65098039 0.74117647 0.85882353
v -1.47162378 0.74667442 -65.30175018 0.65098039 0.74117647 0.85882353
v -1.46581554 0.76497960 -65.31259918 0.65098039 0.74117647 0.85882353
v -1.43225574 0.76656991 -65.33913422 0.65098039 0.74117647 0.85882353
v -1.42128181 0.76632756 -65.34316254 0.65098039 0.74117647 0.85882353
v -1.41026235 0.76519805 -65.34535217 0.65098039 0.74117647 0.85882353
v -1.41372979 0.78075212 -65.35122681 0.65098039 0.74117647 0.85882353
v -1.45488477 0.74856073 -65.23634338 0.65098039 0.74117647 0.85882353
v -1.45696986 0.74024385 -65.24809265 0.65098039 0.74117647 0.85882353
v -1.44926512 0.73539191 -65.23870850 0.65098039 0.74117647 0.85882353
v -1.44648600 0.74267399 -65.22827911 0.65098039 0.74117647 0.85882353
v -1.41921425 0.82388562 -65.17736053 0.65098039 0.74117647 0.85882353
v -1.42025042 0.82276613 -65.17950439 0.65098039 0.74117647 0.85882353
v -1.41893971 0.82018846 -65.17836761 0.65098039 0.74117647 0.85882353
v -1.41823113 0.82254630 -65.17561340 0.65098039 0.74117647 0.85882353
v -1.42539155 0.82493609 -65.18327332 0.65098039 0.74117647 0.85882353
v -1.42420471 0.82158929 -65.18311310 0.65098039 0.74117647 0.85882353
v -1.42344832 0.82349950 -65.18319702 0.65098039 0.74117647 0.85882353
v -1.42623699 0.82633770 -65.18187714 0.65098039 0.74117647 0.85882353
v -1.42555332 0.82780141 -65.17929840 0.65098039 0.74117647 0.85882353
v -1.42101157 0.82799494 -65.17429352 0.65098039 0.74117647 0.85882353
v -1.42085290 0.82891142 -65.16945648 0.65098039 0.74117647 0.85882353
v -1.42369246 0.82842129 -65.17618561 0.65098039 0.74117647 0.85882353
v -1.42063797 0.82552260 -65.17916870 0.65098039 0.74117647 0.85882353
v -1.42082810 0.82431692 -65.18092346 0.65098039 0.74117647 0.85882353
v -1.42240393 0.82536596 -65.18286896 0.65098039 0.74117647 0.85882353
v -1.42433655 0.82564169 -65.18292999 0.65098039 0.74117647 0.85882353
v -1.42117000 0.82774788 -65.17642212 0.65098039 0.74117647 0.85882353
v -1.42291212 0.82784218 -65.17786407 0.65098039 0.74117647 0.85882353
v -1.41594315 0.84864110 -65.17834473 0.65098039 0.74117647 0.85882353
v -1.44525945 0.72331983 -65.23944855 0.65098039 0.74117647 0.85882353
v -1.44142663 0.73269147 -65.23313141 0.65098039 0.74117647 0.85882353
v -1.44338965 0.80012590 -65.19305420 0.65098039 0.74117647 0.85882353
v -1.42602110 0.88016433 -65.20088196 0.65098039 0.74117647 0.85882353
v -1.45724308 0.84749442 -65.21044159 0.65098039 0.74117647 0.85882353
v -1.43798041 0.84579176 -65.20063782 0.65098039 0.74117647 0.85882353
v -1.43690169 0.85162181 -65.20317841 0.65098039 0.74117647 0.85882353
v -1.44336677 0.84970063 -65.20458221 0.65098039 0.74117647 0.85882353
v -1.44481075 0.84255230 -65.20181274 0.65098039 0.74117647 0.85882353
v -1.41841328 0.87476683 -65.19989777 0.65098039 0.74117647 0.85882353
v -1.41439259 0.86798090 -65.20040894 0.65098039 0.74117647 0.85882353
v -1.41086149 0.86924499 -65.19408417 0.65098039 0.74117647 0.85882353
v -1.41572583 0.86151832 -65.20023346 0.65098039 0.74117647 0.85882353
v -1.41992331 0.85719222 -65.20139313 0.65098039 0.74117647 0.85882353
v -1.41914630 0.85474914 -65.19562531 0.65098039 0.74117647 0.85882353
v -1.41339934 0.86051226 -65.19191742 0.65098039 0.74117647 0.85882353
v -1.44972479 0.87410861 -65.21432495 0.65098039 0.74117647 0.85882353
v -1.44812274 0.87258542 -65.21240234 0.65098039 0.74117647 0.85882353
v -1.42498088 0.85117561 -65.19853210 0.65098039 0.74117647 0.85882353
v -1.42529202 0.85484654 -65.20211792 0.65098039 0.74117647 0.85882353
v -1.43094409 0.85324574 -65.20249176 0.65098039 0.74117647 0.85882353
v -1.43128920 0.84836113 -65.20005798 0.65098039 0.74117647 0.85882353
v -1.45003498 0.84806335 -65.20690155 0.65098039 0.74117647 0.85882353
v -1.45562530 0.87163287 -65.22261047 0.65098039 0.74117647 0.85882353
v -1.45545638 0.86019045 -65.21917725 0.65098039 0.74117647 0.85882353
v -1.47093916 0.81933367 -65.30784607 0.65098039 0.74117647 0.85882353
v -1.47318089 0.82990897 -65.31484985 0.65098039 0.74117647 0.85882353
v -1.47682273 0.81422168 -65.28838348 0.65098039 0.74117647 0.85882353
v -1.47555363 0.81606048 -65.29264832 0.65098039 0.74117647 0.85882353
v -1.47168839 0.80846435 -65.29135895 0.65098039 0.74117647 0.85882353
v -1.47419679 0.80949366 -65.28595734 0.65098039 0.74117647 0.85882353
v -1.47560477 0.86548811 -65.31066895 0.65098039 0.74117647 0.85882353
v -1.47533333 0.86576980 -65.30637360 0.65098039 0.74117647 0.85882353
v -1.47458422 0.87232035 -65.30624390 0.65098039 0.74117647 0.85882353
v -1.47373199 0.87101281 -65.31392670 0.65098039 0.74117647 0.85882353
v -1.47584534 0.86909002 -65.29983521 0.65098039 0.74117647 0.85882353
v -1.47597980 0.86558348 -65.29944611 0.65098039 0.74117647 0.85882353
v -1.47622085 0.86543751 -65.29617310 0.65098039 0.74117647 0.85882353
v -1.47531736 0.87224346 -65.29792023 0.65098039 0.74117647 0.85882353
v -1.47469139 0.87054509 -65.28992462 0.65098039 0.74117647 0.85882353
v -1.47225344 0.88131911 -65.28741455 0.65098039 0.74117647 0.85882353
v -1.47375441 0.88301462 -65.29794312 0.65098039 0.74117647 0.85882353
v -1.47122920 0.86844975 -65.26584625 0.65098039 0.74117647 0.85882353
v -1.47103465 0.87674195 -65.27729797 0.65098039 0.74117647 0.85882353
v -1.47316599 0.86553216 -65.28362274 0.65098039 0.74117647 0.85882353
v -1.47276676 0.85699445 -65.27896118 0.65098039 0.74117647 0.85882353
v -1.47734547 0.82123214 -65.27734375 0.65098039 0.74117647 0.85882353
v -1.47742331 0.81313425 -65.28104401 0.65098039 0.74117647 0.85882353
v -1.47026324 0.81204730 -65.29911041 0.65098039 0.74117647 0.85882353
v -1.44512641 0.85587811 -65.37178802 0.65098039 0.74117647 0.85882353
v -1.45655894 0.85415852 -65.35755157 0.65098039 0.74117647 0.85882353
v -1.46465480 0.85179609 -65.34330750 0.65098039 0.74117647 0.85882353
v -1.47001588 0.85014111 -65.33099365 0.65098039 0.74117647 0.85882353
v -1.43065989 0.85809797 -65.38429260 0.65098039 0.74117647 0.85882353
v -1.41240978 0.85481161 -65.39014435 0.65098039 0.74117647 0.85882353
v -1.47486758 0.85173225 -65.26519775 0.65098039 0.74117647 0.85882353
v -1.47609937 0.84439164 -65.27703857 0.65098039 0.74117647 0.85882353
v -1.45548391 0.83538467 -65.35343933 0.65098039 0.74117647 0.85882353
v -1.44474900 0.83545232 -65.36786652 0.65098039 0.74117647 0.85882353
v -1.46264613 0.83550900 -65.33931732 0.65098039 0.74117647 0.85882353
v -1.46946824 0.83702666 -65.32824707 0.65098039 0.74117647 0.85882353
v -1.42997611 0.83715606 -65.38013458 0.65098039 0.74117647 0.85882353
v -1.41316402 0.83208245 -65.38521576 0.65098039 0.74117647 0.85882353
v -1.41474152 0.81127971 -65.37281799 0.65098039 0.74117647 0.85882353
v -1.48201168 0.82314229 -65.28813934 0.65098039 0.74117647 0.85882353
v -1.48314214 0.81771523 -65.28740692 0.65098039 0.74117647 0.85882353
v -1.48020375 0.81586635 -65.28562927 0.65098039 0.74117647 0.85882353
v -1.48030651 0.82145911 -65.28401184 0.65098039 0.74117647 0.85882353
v -1.47769094 0.83223897 -65.27681732 0.65098039 0.74117647 0.85882353
v -1.47704124 0.83582503 -65.26528168 0.65098039 0.74117647 0.85882353
v -1.41477525 0.85429519 -65.18434143 0.65098039 0.74117647 0.85882353
v -1.43577075 0.76243633 -65.18165588 0.65098039 0.74117647 0.85882353
v -1.43042111 0.77564651 -65.18149567 0.65098039 0.74117647 0.85882353
v -1.42327404 0.81412452 -65.18007660 0.65098039 0.74117647 0.85882353
v -1.42474830 0.81027347 -65.17906952 0.65098039 0.74117647 0.85882353
v -1.42186379 0.80906647 -65.17800903 0.65098039 0.74117647 0.85882353
v -1.42061663 0.81277817 -65.17872620 0.65098039 0.74117647 0.85882353
v -1.42203045 0.87172621 -65.20460510 0.65098039 0.74117647 0.85882353
v -1.41419184 0.79748344 -65.35889435 0.65098039 0.74117647 0.85882353
v -1.40731907 0.74983740 -65.34259033 0.65098039 0.74117647 0.85882353
v -1.40533900 0.73375863 -65.34388733 0.65098039 0.74117647 0.85882353
v -1.42156756 0.72446764 -65.35530090 0.65098039 0.74117647 0.85882353
v -1.41061974 0.72160608 -65.35292053 0.65098039 0.74117647 0.85882353
v -1.41932952 0.81660908 -65.17898560 0.65098039 0.74117647 0.85882353
v -1.42172325 0.81776351 -65.18047333 0.65098039 0.74117647 0.85882353
v -1.42044866 0.82716513 -65.17746735 0.65098039 0.74117647 0.85882353
v -1.43109500 0.80298537 -65.18209076 0.65098039 0.74117647 0.85882353
v -1.42124534 0.82288820 -65.18125916 0.65098039 0.74117647 0.85882353
v -1.42111456 0.82060164 -65.18067169 0.65098039 0.74117647 0.85882353
v -1.41706908 0.81938523 -65.17731476 0.65098039 0.74117647 0.85882353
v -1.41798162 0.81593508 -65.17846680 0.65098039 0.74117647 0.85882353
v -1.43580854 0.85732418 -65.20479584 0.65098039 0.74117647 0.85882353
v -1.43482256 0.86174405 -65.20557404 0.65098039 0.74117647 0.85882353
v -1.41946280 0.82592207 -65.17517853 0.65098039 0.74117647 0.85882353
v -1.41889179 0.82490212 -65.17237854 0.65098039 0.74117647 0.85882353
v -1.47198653 0.71225315 -65.28570557 0.65098039 0.74117647 0.85882353
v -1.47237706 0.71660429 -65.30182648 0.65098039 0.74117647 0.85882353
v -1.42170513 0.80120653 -65.17820740 0.65098039 0.74117647 0.85882353
v -1.42099631 0.80489379 -65.17705536 0.65098039 0.74117647 0.85882353
v -1.47492254 0.84896338 -65.28678131 0.65098039 0.74117647 0.85882353
v -1.47503579 0.85651022 -65.28888702 0.65098039 0.74117647 0.85882353
v -1.47749531 0.85124415 -65.29413605 0.65098039 0.74117647 0.85882353
v -1.47735822 0.84488368 -65.29237366 0.65098039 0.74117647 0.85882353
v -1.44868159 0.71340066 -65.24637604 0.65098039 0.74117647 0.85882353
v -1.46684766 0.72012264 -65.31841278 0.65098039 0.74117647 0.85882353
v -1.40078294 0.72033119 -65.34865570 0.65098039 0.74117647 0.85882353
v -1.45079148 0.86534077 -65.21613312 0.65098039 0.74117647 0.85882353
v -1.45135200 0.86708468 -65.21758270 0.65098039 0.74117647 0.85882353
v -1.42514908 0.86964989 -65.20595551 0.65098039 0.74117647 0.85882353
v -1.43452144 0.79574770 -65.18389893 0.65098039 0.74117647 0.85882353
v -1.43179393 0.79912347 -65.18447113 0.65098039 0.74117647 0.85882353
v -1.43895566 0.73964304 -65.22357178 0.65098039 0.74117647 0.85882353
v -1.41669536 0.82181948 -65.17447662 0.65098039 0.74117647 0.85882353
v -1.47626984 0.85801369 -65.30313873 0.65098039 0.74117647 0.85882353
v -1.47665703 0.85465521 -65.30242920 0.65098039 0.74117647 0.85882353
v -1.47983789 0.85443515 -65.30048370 0.65098039 0.74117647 0.85882353
v -1.47932172 0.85767263 -65.30007935 0.65098039 0.74117647 0.85882353
v -1.48002768 0.86215210 -65.29503632 0.65098039 0.74117647 0.85882353
v -1.48031986 0.86556536 -65.29695892 0.65098039 0.74117647 0.85882353
v -1.48233354 0.86208361 -65.29871368 0.65098039 0.74117647 0.85882353
v -1.48150504 0.85909075 -65.29794312 0.65098039 0.74117647 0.85882353
v -1.47615135 0.86258274 -65.29218292 0.65098039 0.74117647 0.85882353
v -1.47851992 0.85759312 -65.29435730 0.65098039 0.74117647 0.85882353
v -1.48207664 0.86739331 -65.29898834 0.65098039 0.74117647 0.85882353
v -1.48244321 0.86442977 -65.30015564 0.65098039 0.74117647 0.85882353
v -1.47588718 0.86599678 -65.30200195 0.65098039 0.74117647 0.85882353
v -1.47876728 0.86788267 -65.30004120 0.65098039 0.74117647 0.85882353
v -1.47902608 0.86955029 -65.30475616 0.65098039 0.74117647 0.85882353
v -1.48395264 0.86865497 -65.30304718 0.65098039 0.74117647 0.85882353
v -1.48090780 0.86919826 -65.31108856 0.65098039 0.74117647 0.85882353
v -1.48630261 0.86789900 -65.30857849 0.65098039 0.74117647 0.85882353
v -1.48222935 0.86444622 -65.31582642 0.65098039 0.74117647 0.85882353
v -1.48774970 0.86428791 -65.31405640 0.65098039 0.74117647 0.85882353
v -1.47928226 0.82973284 -65.28438568 0.65098039 0.74117647 0.85882353
v -1.47828543 0.83013016 -65.29119110 0.65098039 0.74117647 0.85882353
v -1.48355997 0.85846430 -65.31783295 0.65098039 0.74117647 0.85882353
v -1.48912847 0.85889107 -65.31710815 0.65098039 0.74117647 0.85882353
v -1.48418784 0.85096848 -65.31874847 0.65098039 0.74117647 0.85882353
v -1.48992574 0.85188371 -65.31796265 0.65098039 0.74117647 0.85882353
v -1.48467052 0.84350318 -65.31744385 0.65098039 0.74117647 0.85882353
v -1.48983693 0.84445745 -65.31672668 0.65098039 0.74117647 0.85882353
v -1.48498797 0.83507711 -65.31473541 0.65098039 0.74117647 0.85882353
v -1.48987305 0.83732933 -65.31369019 0.65098039 0.74117647 0.85882353
v -1.48515379 0.82603264 -65.30937958 0.65098039 0.74117647 0.85882353
v -1.48966205 0.83055025 -65.30845642 0.65098039 0.74117647 0.85882353
v -1.48432744 0.86164892 -65.31289673 0.65098039 0.74117647 0.85882353
v -1.48311007 0.86472845 -65.30886841 0.65098039 0.74117647 0.85882353
v -1.47545147 0.86130166 -65.31233978 0.65098039 0.74117647 0.85882353
v -1.48233199 0.86585408 -65.30407715 0.65098039 0.74117647 0.85882353
v -1.47611272 0.84822971 -65.30937958 0.65098039 0.74117647 0.85882353
v -1.47641528 0.84538597 -65.30744171 0.65098039 0.74117647 0.85882353
v -1.47921550 0.84710807 -65.30461884 0.65098039 0.74117647 0.85882353
v -1.47638690 0.84868824 -65.30633545 0.65098039 0.74117647 0.85882353
v -1.47898185 0.84308136 -65.29627228 0.65098039 0.74117647 0.85882353
v -1.48057187 0.83757669 -65.29596710 0.65098039 0.74117647 0.85882353
v -1.47933888 0.83778518 -65.29125214 0.65098039 0.74117647 0.85882353
v -1.47940958 0.83322698 -65.29566193 0.65098039 0.74117647 0.85882353
v -1.47746360 0.83732814 -65.29740143 0.65098039 0.74117647 0.85882353
v -1.47838640 0.83429974 -65.29730988 0.65098039 0.74117647 0.85882353
v -1.47562099 0.84083515 -65.29780579 0.65098039 0.74117647 0.85882353
v -1.47877109 0.83262157 -65.29833221 0.65098039 0.74117647 0.85882353
v -1.47998750 0.83133692 -65.29684448 0.65098039 0.74117647 0.85882353
v -1.47768188 0.83329481 -65.29899597 0.65098039 0.74117647 0.85882353
v -1.47719598 0.83428282 -65.29839325 0.65098039 0.74117647 0.85882353
v -1.47579241 0.83557069 -65.29909515 0.65098039 0.74117647 0.85882353
v -1.47464681 0.83790195 -65.30131531 0.65098039 0.74117647 0.85882353
v -1.47753286 0.83951020 -65.28511047 0.65098039 0.74117647 0.85882353
v -1.47481489 0.82733428 -65.30479431 0.65098039 0.74117647 0.85882353
v -1.47666430 0.83531249 -65.30919647 0.65098039 0.74117647 0.85882353
v -1.48830688 0.82550377 -65.30218506 0.65098039 0.74117647 0.85882353
v -1.48530972 0.81982630 -65.30175018 0.65098039 0.74117647 0.85882353
v -1.48478675 0.81562835 -65.28926086 0.65098039 0.74117647 0.85882353
v -1.48598945 0.81585294 -65.29449463 0.65098039 0.74117647 0.85882353
v -1.47566402 0.85614127 -65.31291962 0.65098039 0.74117647 0.85882353
v -1.47684729 0.84971434 -65.31409454 0.65098039 0.74117647 0.85882353
v -1.47410190 0.82134432 -65.29765320 0.65098039 0.74117647 0.85882353
v -1.47704649 0.84295601 -65.31242371 0.65098039 0.74117647 0.85882353
v -1.48683906 0.83371669 -65.30754852 0.65098039 0.74117647 0.85882353
v -1.48565745 0.82996541 -65.30292511 0.65098039 0.74117647 0.85882353
v -1.48807931 0.83888859 -65.31137848 0.65098039 0.74117647 0.85882353
v -1.48114550 0.82850128 -65.29419708 0.65098039 0.74117647 0.85882353
v -1.48386896 0.82840556 -65.29814911 0.65098039 0.74117647 0.85882353
v -1.48659337 0.82386357 -65.29603577 0.65098039 0.74117647 0.85882353
v -1.48456109 0.82307929 -65.29150391 0.65098039 0.74117647 0.85882353
v -1.48277628 0.83284098 -65.30294037 0.65098039 0.74117647 0.85882353
v -1.48508143 0.83619994 -65.30590057 0.65098039 0.74117647 0.85882353
v -1.47927129 0.83389539 -65.30407715 0.65098039 0.74117647 0.85882353
v -1.48126805 0.83727545 -65.30670166 0.65098039 0.74117647 0.85882353
v -1.47906041 0.83250749 -65.30064392 0.65098039 0.74117647 0.85882353
v -1.48098636 0.83104873 -65.29952240 0.65098039 0.74117647 0.85882353
v -1.47544086 0.83457911 -65.30439758 0.65098039 0.74117647 0.85882353
v -1.47676289 0.83906716 -65.30796814 0.65098039 0.74117647 0.85882353
v -1.47683549 0.83344555 -65.30073547 0.65098039 0.74117647 0.85882353
v -1.48333001 0.84109634 -65.30729675 0.65098039 0.74117647 0.85882353
v -1.47965515 0.84317547 -65.30848694 0.65098039 0.74117647 0.85882353
v -1.48249412 0.84742934 -65.30677032 0.65098039 0.74117647 0.85882353
v -1.48509800 0.84553003 -65.30754852 0.65098039 0.74117647 0.85882353
v -1.48655427 0.84031850 -65.30847168 0.65098039 0.74117647 0.85882353
v -1.48763812 0.84493601 -65.31055450 0.65098039 0.74117647 0.85882353
v -1.48730397 0.84477872 -65.31391907 0.65098039 0.74117647 0.85882353
v -1.48681498 0.85026604 -65.31183624 0.65098039 0.74117647 0.85882353
v -1.48633122 0.85114092 -65.31537628 0.65098039 0.74117647 0.85882353
v -1.48542464 0.84955406 -65.30883789 0.65098039 0.74117647 0.85882353
v -1.48411131 0.85020578 -65.30648804 0.65098039 0.74117647 0.85882353
v -1.48560643 0.85723287 -65.31498718 0.65098039 0.74117647 0.85882353
v -1.48563039 0.85521024 -65.31172943 0.65098039 0.74117647 0.85882353
v -1.48445868 0.85926682 -65.31024170 0.65098039 0.74117647 0.85882353
v -1.48509991 0.85352623 -65.30883789 0.65098039 0.74117647 0.85882353
v -1.48391449 0.85664052 -65.30780029 0.65098039 0.74117647 0.85882353
v -1.48426378 0.85260230 -65.30705261 0.65098039 0.74117647 0.85882353
v -1.48336339 0.85418254 -65.30593109 0.65098039 0.74117647 0.85882353
v -1.47998393 0.86271501 -65.30164337 0.65098039 0.74117647 0.85882353
v -1.47948217 0.86050254 -65.30020905 0.65098039 0.74117647 0.85882353
v -1.48113549 0.86302632 -65.30455780 0.65098039 0.74117647 0.85882353
v -1.48057890 0.86000580 -65.30413818 0.65098039 0.74117647 0.85882353
v -1.47939014 0.86072129 -65.30275726 0.65098039 0.74117647 0.85882353
v -1.47837734 0.85925776 -65.30236816 0.65098039 0.74117647 0.85882353
v -1.48023236 0.85739547 -65.30339050 0.65098039 0.74117647 0.85882353
v -1.47845507 0.85507703 -65.30481720 0.65098039 0.74117647 0.85882353
v -1.46733856 0.68348140 -65.27392578 0.65098039 0.74117647 0.85882353
v -1.45945942 0.68097550 -65.26715851 0.65098039 0.74117647 0.85882353
v -1.45627856 0.69200158 -65.26085663 0.65098039 0.74117647 0.85882353
v -1.46315980 0.69455755 -65.26773071 0.65098039 0.74117647 0.85882353
v -1.48213947 0.85868841 -65.30609131 0.65098039 0.74117647 0.85882353
v -1.48194480 0.85574692 -65.30434418 0.65098039 0.74117647 0.85882353
v -1.48256803 0.86185735 -65.30780029 0.65098039 0.74117647 0.85882353
v -1.48038983 0.85135704 -65.30690765 0.65098039 0.74117647 0.85882353
v -1.48104465 0.85321236 -65.30509949 0.65098039 0.74117647 0.85882353
v -1.48279858 0.85178381 -65.30546570 0.65098039 0.74117647 0.85882353
v -1.48200417 0.85022956 -65.30635071 0.65098039 0.74117647 0.85882353
v -1.47746742 0.84641707 -65.29724121 0.65098039 0.74117647 0.85882353
v -1.47569966 0.84408015 -65.30029297 0.65098039 0.74117647 0.85882353
v -1.47578812 0.84093225 -65.30379486 0.65098039 0.74117647 0.85882353
v -1.48274851 0.67247647 -65.31919098 0.65098039 0.74117647 0.85882353
v -1.47652340 0.68145043 -65.31266785 0.65098039 0.74117647 0.85882353
v -1.47699535 0.68872374 -65.33338928 0.65098039 0.74117647 0.85882353
v -1.48333192 0.68204838 -65.34078979 0.65098039 0.74117647 0.85882353
v -1.50723124 0.65266019 -65.32463074 0.65098039 0.74117647 0.85882353
v -1.51001322 0.66271609 -65.35572052 0.65098039 0.74117647 0.85882353
v -1.52666593 0.64099878 -65.34395599 0.65098039 0.74117647 0.85882353
v -1.51879013 0.63568455 -65.32206726 0.65098039 0.74117647 0.85882353
v -1.53802657 0.62216884 -65.33550262 0.65098039 0.74117647 0.85882353
v -1.52883959 0.61845821 -65.31769562 0.65098039 0.74117647 0.85882353
v -1.56433260 0.57313246 -65.31522369 0.65098039 0.74117647 0.85882353
v -1.55668759 0.57115239 -65.30010223 0.65098039 0.74117647 0.85882353
v -1.54728878 0.58632654 -65.30641174 0.65098039 0.74117647 0.85882353
v -1.55537212 0.58867556 -65.32181549 0.65098039 0.74117647 0.85882353
v -1.60603118 0.49691170 -65.31390381 0.65098039 0.74117647 0.85882353
v -1.60182679 0.47785234 -65.31130219 0.65098039 0.74117647 0.85882353
v -1.59791279 0.48051351 -65.29775238 0.65098039 0.74117647 0.85882353
v -1.60218382 0.49781173 -65.30220795 0.65098039 0.74117647 0.85882353
v -1.56987667 0.59361506 -65.39621735 0.65098039 0.74117647 0.85882353
v -1.56418180 0.61152738 -65.40277100 0.65098039 0.74117647 0.85882353
v -1.56520104 0.60044622 -65.41357422 0.65098039 0.74117647 0.85882353
v -1.57039940 0.58347172 -65.40601349 0.65098039 0.74117647 0.85882353
v -1.48081827 0.70260543 -65.39386749 0.65098039 0.74117647 0.85882353
v -1.49631107 0.68532068 -65.37684631 0.65098039 0.74117647 0.85882353
v -1.48395300 0.68710583 -65.36857605 0.65098039 0.74117647 0.85882353
v -1.47213542 0.70287603 -65.38597870 0.65098039 0.74117647 0.85882353
v -1.59393668 0.51623416 -65.37827301 0.65098039 0.74117647 0.85882353
v -1.59921408 0.50297439 -65.36942291 0.65098039 0.74117647 0.85882353
v -1.60125732 0.51225233 -65.36158752 0.65098039 0.74117647 0.85882353
v -1.59621608 0.52497226 -65.36869812 0.65098039 0.74117647 0.85882353
v -1.58694005 0.41787630 -65.35259247 0.65098039 0.74117647 0.85882353
v -1.58854401 0.39744270 -65.35350800 0.65098039 0.74117647 0.85882353
v -1.58929431 0.39343870 -65.33147430 0.65098039 0.74117647 0.85882353
v -1.58811283 0.41370159 -65.33152771 0.65098039 0.74117647 0.85882353
v -1.56034684 0.45010918 -65.42456818 0.65098039 0.74117647 0.85882353
v -1.54157197 0.44994992 -65.44490814 0.65098039 0.74117647 0.85882353
v -1.54358506 0.43360281 -65.44357300 0.65098039 0.74117647 0.85882353
v -1.56268835 0.43165457 -65.42402649 0.65098039 0.74117647 0.85882353
v -1.57449996 0.57366204 -65.34449768 0.65098039 0.74117647 0.85882353
v -1.57018745 0.57405162 -65.33007812 0.65098039 0.74117647 0.85882353
v -1.56192565 0.58905596 -65.33758545 0.65098039 0.74117647 0.85882353
v -1.56687045 0.58840358 -65.35268402 0.65098039 0.74117647 0.85882353
v -1.59022784 0.51307476 -65.53771210 0.65098039 0.74117647 0.85882353
v -1.58019841 0.50031716 -65.53003693 0.65098039 0.74117647 0.85882353
v -1.57559395 0.51629585 -65.51333618 0.65098039 0.74117647 0.85882353
v -1.58491015 0.52897394 -65.52109528 0.65098039 0.74117647 0.85882353
v -1.57993269 0.33946216 -65.42061615 0.65098039 0.74117647 0.85882353
v -1.56214595 0.34580320 -65.43820953 0.65098039 0.74117647 0.85882353
v -1.56817174 0.32909459 -65.43957520 0.65098039 0.74117647 0.85882353
v -1.58556187 0.32209384 -65.42081451 0.65098039 0.74117647 0.85882353
v -1.56390762 0.63627106 -65.46360779 0.65098039 0.74117647 0.85882353
v -1.56158721 0.65066546 -65.45347595 0.65098039 0.74117647 0.85882353
v -1.55169666 0.66905218 -65.46721649 0.65098039 0.74117647 0.85882353
v -1.55676150 0.65405262 -65.47776031 0.65098039 0.74117647 0.85882353
v -1.57961333 0.55944037 -65.39118195 0.65098039 0.74117647 0.85882353
v -1.58019865 0.56612349 -65.38124084 0.65098039 0.74117647 0.85882353
v -1.57515740 0.57900196 -65.38899231 0.65098039 0.74117647 0.85882353
v -1.57547259 0.57030714 -65.39849091 0.65098039 0.74117647 0.85882353
v -1.53657460 0.48046428 -65.45462799 0.65098039 0.74117647 0.85882353
v -1.55276442 0.48211259 -65.43861389 0.65098039 0.74117647 0.85882353
v -1.54582965 0.49693429 -65.44550323 0.65098039 0.74117647 0.85882353
v -1.53121567 0.49599081 -65.46042633 0.65098039 0.74117647 0.85882353
v -1.55790722 0.46601701 -65.43194580 0.65098039 0.74117647 0.85882353
v -1.53991985 0.46463120 -65.44983673 0.65098039 0.74117647 0.85882353
v -1.57957590 0.57037437 -65.37043762 0.65098039 0.74117647 0.85882353
v -1.57769561 0.57244605 -65.35784912 0.65098039 0.74117647 0.85882353
v -1.57073677 0.58707136 -65.36666870 0.65098039 0.74117647 0.85882353
v -1.57323539 0.58494341 -65.37879181 0.65098039 0.74117647 0.85882353
v -1.59407246 0.46145195 -65.31112671 0.65098039 0.74117647 0.85882353
v -1.58941233 0.46481353 -65.29424286 0.65098039 0.74117647 0.85882353
v -1.59726954 0.31385863 -65.39919281 0.65098039 0.74117647 0.85882353
v -1.60362458 0.30491334 -65.37636566 0.65098039 0.74117647 0.85882353
v -1.59991586 0.32413566 -65.37696838 0.65098039 0.74117647 0.85882353
v -1.59294009 0.33220375 -65.39959717 0.65098039 0.74117647 0.85882353
v -1.58451247 0.43074971 -65.31254578 0.65098039 0.74117647 0.85882353
v -1.58708954 0.44805169 -65.31172180 0.65098039 0.74117647 0.85882353
v -1.58989584 0.44865727 -65.32910919 0.65098039 0.74117647 0.85882353
v -1.58636189 0.43237752 -65.33125305 0.65098039 0.74117647 0.85882353
v -1.60449362 0.29612631 -65.35259247 0.65098039 0.74117647 0.85882353
v -1.60257375 0.28822154 -65.32769012 0.65098039 0.74117647 0.85882353
v -1.59909439 0.30872762 -65.32845306 0.65098039 0.74117647 0.85882353
v -1.60114956 0.31605083 -65.35293579 0.65098039 0.74117647 0.85882353
v -1.54689014 0.60483915 -65.32860565 0.65098039 0.74117647 0.85882353
v -1.53832531 0.60239059 -65.31208038 0.65098039 0.74117647 0.85882353
v -1.60743797 0.49850553 -65.33788300 0.65098039 0.74117647 0.85882353
v -1.60492802 0.48046148 -65.33766174 0.65098039 0.74117647 0.85882353
v -1.60427642 0.47827351 -65.32496643 0.65098039 0.74117647 0.85882353
v -1.60780764 0.49728954 -65.32624817 0.65098039 0.74117647 0.85882353
v -1.56004870 0.55652577 -65.42465210 0.65098039 0.74117647 0.85882353
v -1.56743097 0.57023549 -65.41581726 0.65098039 0.74117647 0.85882353
v -1.56205440 0.58565897 -65.42568207 0.65098039 0.74117647 0.85882353
v -1.55194354 0.56509441 -65.43285370 0.65098039 0.74117647 0.85882353
v -1.57335389 0.31172806 -65.44049835 0.65098039 0.74117647 0.85882353
v -1.59009922 0.30501652 -65.42128754 0.65098039 0.74117647 0.85882353
v -1.60696936 0.27661818 -65.35226440 0.65098039 0.74117647 0.85882353
v -1.60495257 0.26831371 -65.32720947 0.65098039 0.74117647 0.85882353
v -1.49829888 0.55933148 -65.48802185 0.65098039 0.74117647 0.85882353
v -1.50167835 0.55215967 -65.48188019 0.65098039 0.74117647 0.85882353
v -1.51322818 0.55181396 -65.47122955 0.65098039 0.74117647 0.85882353
v -1.50844550 0.56135672 -65.47756958 0.65098039 0.74117647 0.85882353
v -1.57975900 0.49563533 -65.27053833 0.65098039 0.74117647 0.85882353
v -1.58867669 0.50711942 -65.28253937 0.65098039 0.74117647 0.85882353
v -1.59355891 0.49012268 -65.28717804 0.65098039 0.74117647 0.85882353
v -1.58434010 0.47536367 -65.27901459 0.65098039 0.74117647 0.85882353
v -1.59825194 0.46461934 -65.34081268 0.65098039 0.74117647 0.85882353
v -1.59114051 0.45170158 -65.34568787 0.65098039 0.74117647 0.85882353
v -1.59716809 0.46189666 -65.32679749 0.65098039 0.74117647 0.85882353
v -1.56739235 0.48297757 -65.25999451 0.65098039 0.74117647 0.85882353
v -1.57155144 0.45754576 -65.27181244 0.65098039 0.74117647 0.85882353
v -1.52936983 0.59851259 -65.29629517 0.65098039 0.74117647 0.85882353
v -1.53849602 0.58300245 -65.29086304 0.65098039 0.74117647 0.85882353
v -1.52020061 0.61393559 -65.30053711 0.65098039 0.74117647 0.85882353
v -1.51176500 0.60855728 -65.28473663 0.65098039 0.74117647 0.85882353
v -1.50176752 0.62488502 -65.28645325 0.65098039 0.74117647 0.85882353
v -1.51005423 0.62983215 -65.30284119 0.65098039 0.74117647 0.85882353
v -1.49218392 0.64062816 -65.28562927 0.65098039 0.74117647 0.85882353
v -1.50006986 0.64582735 -65.30223846 0.65098039 0.74117647 0.85882353
v -1.47864175 0.66587895 -65.29893494 0.65098039 0.74117647 0.85882353
v -1.47339869 0.67618579 -65.29379272 0.65098039 0.74117647 0.85882353
v -1.57280755 0.55950803 -65.40798950 0.65098039 0.74117647 0.85882353
v -1.57673275 0.54997265 -65.40104675 0.65098039 0.74117647 0.85882353
v -1.60645688 0.28604114 -65.37631226 0.65098039 0.74117647 0.85882353
v -1.41046882 0.63969755 -65.45721436 0.65098039 0.74117647 0.85882353
v -1.40529644 0.62051189 -65.46162415 0.65098039 0.74117647 0.85882353
v -1.41904104 0.62717235 -65.47058868 0.65098039 0.74117647 0.85882353
v -1.42443562 0.64533335 -65.46669006 0.65098039 0.74117647 0.85882353
v -1.48962045 0.70547825 -65.40145111 0.65098039 0.74117647 0.85882353
v -1.50832200 0.68937963 -65.38651276 0.65098039 0.74117647 0.85882353
v -1.46111608 0.57928109 -65.50267029 0.65098039 0.74117647 0.85882353
v -1.45602250 0.57311285 -65.49849701 0.65098039 0.74117647 0.85882353
v -1.46221602 0.56138706 -65.49745941 0.65098039 0.74117647 0.85882353
v -1.46470702 0.56964898 -65.50086212 0.65098039 0.74117647 0.85882353
v -1.48167372 0.56214786 -65.50056458 0.65098039 0.74117647 0.85882353
v -1.48022151 0.55692005 -65.50726318 0.65098039 0.74117647 0.85882353
v -1.47619414 0.56236094 -65.51232147 0.65098039 0.74117647 0.85882353
v -1.47692764 0.56817383 -65.50443268 0.65098039 0.74117647 0.85882353
v -1.54736984 0.33367866 -65.45273590 0.65098039 0.74117647 0.85882353
v -1.54036450 0.34991866 -65.45079041 0.65098039 0.74117647 0.85882353
v -1.47347391 0.46356410 -65.47210693 0.65098039 0.74117647 0.85882353
v -1.49770093 0.45672160 -65.46830750 0.65098039 0.74117647 0.85882353
v -1.49809968 0.47254175 -65.47241211 0.65098039 0.74117647 0.85882353
v -1.47551978 0.48008615 -65.47735596 0.65098039 0.74117647 0.85882353
v -1.36019230 0.59311444 -65.38855743 0.65098039 0.74117647 0.85882353
v -1.35996997 0.57751036 -65.39126587 0.65098039 0.74117647 0.85882353
v -1.36756110 0.58423048 -65.40769196 0.65098039 0.74117647 0.85882353
v -1.36730993 0.60065997 -65.40525055 0.65098039 0.74117647 0.85882353
v -1.38597918 0.63968152 -65.43209839 0.65098039 0.74117647 0.85882353
v -1.39038086 0.65564591 -65.42774963 0.65098039 0.74117647 0.85882353
v -1.37776399 0.64247078 -65.41446686 0.65098039 0.74117647 0.85882353
v -1.37526774 0.62751025 -65.41858673 0.65098039 0.74117647 0.85882353
v -1.39568341 0.63159019 -65.44800568 0.65098039 0.74117647 0.85882353
v -1.39202523 0.61270565 -65.45221710 0.65098039 0.74117647 0.85882353
v -1.51472044 0.49788624 -65.47176361 0.65098039 0.74117647 0.85882353
v -1.51804483 0.48290765 -65.46723938 0.65098039 0.74117647 0.85882353
v -1.50609636 0.51749754 -65.48008728 0.65098039 0.74117647 0.85882353
v -1.52012205 0.51683116 -65.46972656 0.65098039 0.74117647 0.85882353
v -1.51593697 0.52482349 -65.47261047 0.65098039 0.74117647 0.85882353
v -1.50195467 0.52467090 -65.48324585 0.65098039 0.74117647 0.85882353
v -1.46531963 0.70548964 -65.37849426 0.65098039 0.74117647 0.85882353
v -1.44819736 0.71282506 -65.39244080 0.65098039 0.74117647 0.85882353
v -1.45545864 0.71081334 -65.40058899 0.65098039 0.74117647 0.85882353
v -1.39330602 0.68818092 -65.39454651 0.65098039 0.74117647 0.85882353
v -1.38911116 0.68245542 -65.39773560 0.65098039 0.74117647 0.85882353
v -1.40075040 0.69026190 -65.40514374 0.65098039 0.74117647 0.85882353
v -1.40278482 0.69392753 -65.39934540 0.65098039 0.74117647 0.85882353
v -1.37830710 0.51347858 -65.42175293 0.65098039 0.74117647 0.85882353
v -1.36770225 0.50967813 -65.40509796 0.65098039 0.74117647 0.85882353
v -1.37241971 0.48979449 -65.40706635 0.65098039 0.74117647 0.85882353
v -1.38520491 0.49236703 -65.42480469 0.65098039 0.74117647 0.85882353
v -1.48756981 0.53617191 -65.48993683 0.65098039 0.74117647 0.85882353
v -1.48502123 0.54453349 -65.49181366 0.65098039 0.74117647 0.85882353
v -1.47637296 0.55157006 -65.49626923 0.65098039 0.74117647 0.85882353
v -1.47754216 0.54259801 -65.49343109 0.65098039 0.74117647 0.85882353
v -1.47871542 0.53454506 -65.49150848 0.65098039 0.74117647 0.85882353
v -1.47914398 0.52623111 -65.48973846 0.65098039 0.74117647 0.85882353
v -1.49250019 0.52068770 -65.48631287 0.65098039 0.74117647 0.85882353
v -1.49039555 0.52907240 -65.48793793 0.65098039 0.74117647 0.85882353
v -1.47860479 0.49478394 -65.48082733 0.65098039 0.74117647 0.85882353
v -1.49886572 0.48848176 -65.47630310 0.65098039 0.74117647 0.85882353
v -1.49722254 0.50219500 -65.47911072 0.65098039 0.74117647 0.85882353
v -1.47942197 0.50829154 -65.48400116 0.65098039 0.74117647 0.85882353
v -1.39144516 0.42327899 -65.40483093 0.65098039 0.74117647 0.85882353
v -1.40246487 0.42409730 -65.42137146 0.65098039 0.74117647 0.85882353
v -1.39673388 0.44640881 -65.42236328 0.65098039 0.74117647 0.85882353
v -1.38487184 0.44495624 -65.40618896 0.65098039 0.74117647 0.85882353
v -1.52856135 0.56436914 -65.46569824 0.65098039 0.74117647 0.85882353
v -1.53888643 0.56602252 -65.45685577 0.65098039 0.74117647 0.85882353
v -1.53805161 0.55759859 -65.46379852 0.65098039 0.74117647 0.85882353
v -1.52568281 0.55422741 -65.47444916 0.65098039 0.74117647 0.85882353
v -1.47518861 0.57567137 -65.52998352 0.65098039 0.74117647 0.85882353
v -1.47934616 0.57175249 -65.53741455 0.65098039 0.74117647 0.85882353
v -1.48143065 0.57731205 -65.53997803 0.65098039 0.74117647 0.85882353
v -1.47677326 0.58202672 -65.53240204 0.65098039 0.74117647 0.85882353
v -1.51350331 0.53562874 -65.49443054 0.65098039 0.74117647 0.85882353
v -1.52517831 0.54047441 -65.48387146 0.65098039 0.74117647 0.85882353
v -1.52687442 0.52392513 -65.49474335 0.65098039 0.74117647 0.85882353
v -1.51395392 0.51951987 -65.50556946 0.65098039 0.74117647 0.85882353
v -1.47213316 0.70952231 -65.42568970 0.65098039 0.74117647 0.85882353
v -1.49709618 0.70786887 -65.40991974 0.65098039 0.74117647 0.85882353
v -1.46775973 0.70934129 -65.41728973 0.65098039 0.74117647 0.85882353
v -1.49397802 0.54381067 -65.50225830 0.65098039 0.74117647 0.85882353
v -1.49209344 0.53230006 -65.51161957 0.65098039 0.74117647 0.85882353
v -1.48417771 0.53525317 -65.51957703 0.65098039 0.74117647 0.85882353
v -1.48456228 0.54541606 -65.50921631 0.65098039 0.74117647 0.85882353
v -1.59384918 0.52641106 -65.55035400 0.65098039 0.74117647 0.85882353
v -1.58759761 0.54208529 -65.53382874 0.65098039 0.74117647 0.85882353
v -1.50652087 0.50271720 -65.52908325 0.65098039 0.74117647 0.85882353
v -1.49889588 0.50473738 -65.54039001 0.65098039 0.74117647 0.85882353
v -1.49306321 0.51825804 -65.52399445 0.65098039 0.74117647 0.85882353
v -1.50221133 0.51730394 -65.51499176 0.65098039 0.74117647 0.85882353
v -1.47307360 0.44659847 -65.46664429 0.65098039 0.74117647 0.85882353
v -1.49749923 0.44077164 -65.46425629 0.65098039 0.74117647 0.85882353
v -1.50121474 0.33682764 -65.46279144 0.65098039 0.74117647 0.85882353
v -1.52443302 0.33622211 -65.46047211 0.65098039 0.74117647 0.85882353
v -1.51678455 0.35289121 -65.45765686 0.65098039 0.74117647 0.85882353
v -1.49382102 0.35486311 -65.45922852 0.65098039 0.74117647 0.85882353
v -1.55271935 0.31604916 -65.45416260 0.65098039 0.74117647 0.85882353
v -1.50743151 0.31797659 -65.46440125 0.65098039 0.74117647 0.85882353
v -1.53022122 0.31791735 -65.46234894 0.65098039 0.74117647 0.85882353
v -1.44306946 0.71667844 -65.37047577 0.65098039 0.74117647 0.85882353
v -1.42711496 0.71579760 -65.37598419 0.65098039 0.74117647 0.85882353
v -1.42507470 0.71221757 -65.38614655 0.65098039 0.74117647 0.85882353
v -1.44390225 0.71497637 -65.38251495 0.65098039 0.74117647 0.85882353
v -1.58366179 0.20251918 -65.47854614 0.65098039 0.74117647 0.85882353
v -1.58510280 0.17204918 -65.48345947 0.65098039 0.74117647 0.85882353
v -1.60915256 0.16824141 -65.46356964 0.65098039 0.74117647 0.85882353
v -1.60595143 0.19865109 -65.45838165 0.65098039 0.74117647 0.85882353
v -1.39303923 0.69747812 -65.37630463 0.65098039 0.74117647 0.85882353
v -1.40828490 0.70527661 -65.38332367 0.65098039 0.74117647 0.85882353
v -1.41207242 0.71075374 -65.37422180 0.65098039 0.74117647 0.85882353
v -1.39952445 0.70417231 -65.36830139 0.65098039 0.74117647 0.85882353
v -1.60123944 0.22444277 -65.45401001 0.65098039 0.74117647 0.85882353
v -1.57952690 0.23065595 -65.47381592 0.65098039 0.74117647 0.85882353
v -1.45804536 0.70985812 -65.35761261 0.65098039 0.74117647 0.85882353
v -1.46070719 0.70738322 -65.36931610 0.65098039 0.74117647 0.85882353
v -1.47146523 0.69722462 -65.35255432 0.65098039 0.74117647 0.85882353
v -1.46797609 0.70200372 -65.34133911 0.65098039 0.74117647 0.85882353
v -1.47306442 0.69614536 -65.32305145 0.65098039 0.74117647 0.85882353
v -1.62785888 0.16040014 -65.44149780 0.65098039 0.74117647 0.85882353
v -1.62246251 0.18765152 -65.43648529 0.65098039 0.74117647 0.85882353
v -1.43050480 0.72024196 -65.36458588 0.65098039 0.74117647 0.85882353
v -1.41673696 0.71597522 -65.36449432 0.65098039 0.74117647 0.85882353
v -1.40494859 0.71188515 -65.36034393 0.65098039 0.74117647 0.85882353
v -1.39482689 0.70916134 -65.35418701 0.65098039 0.74117647 0.85882353
v -1.55781293 0.29913270 -65.45679474 0.65098039 0.74117647 0.85882353
v -1.57838106 0.29459488 -65.44214630 0.65098039 0.74117647 0.85882353
v -1.50956547 0.05975364 -65.50791168 0.65098039 0.74117647 0.85882353
v -1.48244035 0.05456235 -65.49946594 0.65098039 0.74117647 0.85882353
v -1.49034870 0.03534855 -65.48938751 0.65098039 0.74117647 0.85882353
v -1.52040946 0.04017894 -65.50096893 0.65098039 0.74117647 0.85882353
v -1.42780638 0.05886345 -65.45963287 0.65098039 0.74117647 0.85882353
v -1.43695664 0.04285885 -65.44578552 0.65098039 0.74117647 0.85882353
v -1.46108508 0.03797792 -65.46999359 0.65098039 0.74117647 0.85882353
v -1.45512807 0.05417456 -65.48284149 0.65098039 0.74117647 0.85882353
v -1.40616632 0.18564832 -65.47110748 0.65098039 0.74117647 0.85882353
v -1.43042231 0.18939522 -65.48872375 0.65098039 0.74117647 0.85882353
v -1.43298542 0.21071459 -65.48037720 0.65098039 0.74117647 0.85882353
v -1.40887976 0.20736305 -65.46386719 0.65098039 0.74117647 0.85882353
v -1.51220798 0.30011910 -65.46884155 0.65098039 0.74117647 0.85882353
v -1.53522551 0.30063730 -65.46642303 0.65098039 0.74117647 0.85882353
v -1.59427929 0.28759444 -65.42201996 0.65098039 0.74117647 0.85882353
v -1.65134573 0.02879269 -65.43785858 0.65098039 0.74117647 0.85882353
v -1.62963748 0.03339325 -65.47070312 0.65098039 0.74117647 0.85882353
v -1.62680554 -0.00017004 -65.47074890 0.65098039 0.74117647 0.85882353
v -1.64982104 -0.00478612 -65.44052887 0.65098039 0.74117647 0.85882353
v -1.56183410 -0.00226228 -65.49571228 0.65098039 0.74117647 0.85882353
v -1.56004405 0.02559073 -65.50004578 0.65098039 0.74117647 0.85882353
v -1.52533996 0.01698764 -65.49446106 0.65098039 0.74117647 0.85882353
v -1.52762282 -0.00630157 -65.48912811 0.65098039 0.74117647 0.85882353
v -1.60143054 0.26041025 -65.30269623 0.65098039 0.74117647 0.85882353
v -1.60662365 0.24932773 -65.32697296 0.65098039 0.74117647 0.85882353
v -1.60175753 0.24060003 -65.30304718 0.65098039 0.74117647 0.85882353
v -1.57249606 0.24270125 -65.24443054 0.65098039 0.74117647 0.85882353
v -1.58643937 0.24783041 -65.26215363 0.65098039 0.74117647 0.85882353
v -1.58418632 0.22749458 -65.26141357 0.65098039 0.74117647 0.85882353
v -1.57068419 0.22219054 -65.24443817 0.65098039 0.74117647 0.85882353
v -1.56508207 0.11385305 -65.26953888 0.65098039 0.74117647 0.85882353
v -1.55433023 0.11302765 -65.25864410 0.65098039 0.74117647 0.85882353
v -1.55720615 0.13466729 -65.25574493 0.65098039 0.74117647 0.85882353
v -1.56944847 0.13626252 -65.26878357 0.65098039 0.74117647 0.85882353
v -1.63226247 0.17563391 -65.41143799 0.65098039 0.74117647 0.85882353
v -1.63372993 0.16371222 -65.38369751 0.65098039 0.74117647 0.85882353
v -1.62734997 0.18756330 -65.38282776 0.65098039 0.74117647 0.85882353
v -1.62548566 0.20066595 -65.40936279 0.65098039 0.74117647 0.85882353
v -1.44583321 0.03207935 -65.42887878 0.65098039 0.74117647 0.85882353
v -1.46579206 0.02284519 -65.45426178 0.65098039 0.74117647 0.85882353
v -1.66282201 -0.01034261 -65.40396118 0.65098039 0.74117647 0.85882353
v -1.66066742 0.02469365 -65.40090179 0.65098039 0.74117647 0.85882353
v -1.65960383 -0.01408215 -65.36562347 0.65098039 0.74117647 0.85882353
v -1.63825464 -0.01517381 -65.33592987 0.65098039 0.74117647 0.85882353
v -1.63705504 0.01664616 -65.33489990 0.65098039 0.74117647 0.85882353
v -1.65683198 0.01908542 -65.36446381 0.65098039 0.74117647 0.85882353
v -1.53044081 0.03394477 -65.29981995 0.65098039 0.74117647 0.85882353
v -1.55316877 0.05466570 -65.28751373 0.65098039 0.74117647 0.85882353
v -1.55564022 0.04762115 -65.29740906 0.65098039 0.74117647 0.85882353
v -1.52916443 0.03257911 -65.30670166 0.65098039 0.74117647 0.85882353
v -1.41252780 0.09668531 -65.47455597 0.65098039 0.74117647 0.85882353
v -1.41872311 0.07796647 -65.46871185 0.65098039 0.74117647 0.85882353
v -1.44504750 0.07338087 -65.49128723 0.65098039 0.74117647 0.85882353
v -1.43712199 0.09574936 -65.49591064 0.65098039 0.74117647 0.85882353
v -1.48543477 0.31611025 -65.46105194 0.65098039 0.74117647 0.85882353
v -1.48984754 0.29701388 -65.46631622 0.65098039 0.74117647 0.85882353
v -1.46559477 0.31352437 -65.45414734 0.65098039 0.74117647 0.85882353
v -1.47933912 0.33615208 -65.45969391 0.65098039 0.74117647 0.85882353
v -1.45971358 0.33463675 -65.45142365 0.65098039 0.74117647 0.85882353
v -1.42792046 0.46085739 -65.45398712 0.65098039 0.74117647 0.85882353
v -1.44975340 0.45317775 -65.46316528 0.65098039 0.74117647 0.85882353
v -1.44964170 0.47031397 -65.46922302 0.65098039 0.74117647 0.85882353
v -1.42713368 0.47990316 -65.46083832 0.65098039 0.74117647 0.85882353
v -1.37396157 0.59326583 -65.42475891 0.65098039 0.74117647 0.85882353
v -1.37421930 0.61070186 -65.42184448 0.65098039 0.74117647 0.85882353
v -1.49424696 -0.00537263 -65.47065735 0.65098039 0.74117647 0.85882353
v -1.46791565 0.00393955 -65.43608093 0.65098039 0.74117647 0.85882353
v -1.48088372 -0.03000815 -65.44325256 0.65098039 0.74117647 0.85882353
v -1.50453568 -0.03172247 -65.46997833 0.65098039 0.74117647 0.85882353
v -1.56291497 -0.03123687 -65.49241638 0.65098039 0.74117647 0.85882353
v -1.59421551 -0.03120495 -65.48735046 0.65098039 0.74117647 0.85882353
v -1.59611285 0.00100951 -65.49037170 0.65098039 0.74117647 0.85882353
v -1.62529576 -0.03432618 -65.46920776 0.65098039 0.74117647 0.85882353
v -1.65053332 -0.03934731 -65.43952179 0.65098039 0.74117647 0.85882353
v -1.66041505 -0.04745604 -65.36577606 0.65098039 0.74117647 0.85882353
v -1.63779688 -0.04886369 -65.33708191 0.65098039 0.74117647 0.85882353
v -1.54356384 -0.01869707 -65.31608582 0.65098039 0.74117647 0.85882353
v -1.57392645 -0.01931758 -65.31409454 0.65098039 0.74117647 0.85882353
v -1.57258511 -0.04604076 -65.31914520 0.65098039 0.74117647 0.85882353
v -1.54119051 -0.04424413 -65.32346344 0.65098039 0.74117647 0.85882353
v -1.59344900 0.11126347 -65.30245209 0.65098039 0.74117647 0.85882353
v -1.61338449 0.13353316 -65.33053589 0.65098039 0.74117647 0.85882353
v -1.61766493 0.11283146 -65.33448029 0.65098039 0.74117647 0.85882353
v -1.59859800 0.09349947 -65.31342316 0.65098039 0.74117647 0.85882353
v -1.57556736 0.26353455 -65.24716949 0.65098039 0.74117647 0.85882353
v -1.58670211 0.26874775 -65.26200104 0.65098039 0.74117647 0.85882353
v -1.59507847 0.25353557 -65.28023529 0.65098039 0.74117647 0.85882353
v -1.59454763 0.27436692 -65.28012848 0.65098039 0.74117647 0.85882353
v -1.59944713 0.28084570 -65.30267334 0.65098039 0.74117647 0.85882353
v -1.58063436 0.36042863 -65.26098633 0.65098039 0.74117647 0.85882353
v -1.58816409 0.36400276 -65.28380585 0.65098039 0.74117647 0.85882353
v -1.58949089 0.34118766 -65.28073883 0.65098039 0.74117647 0.85882353
v -1.58133364 0.33693415 -65.25836182 0.65098039 0.74117647 0.85882353
v -1.57763696 0.38460815 -65.26551056 0.65098039 0.74117647 0.85882353
v -1.58533335 0.38818836 -65.28742218 0.65098039 0.74117647 0.85882353
v -1.56952715 0.43292248 -65.27333832 0.65098039 0.74117647 0.85882353
v -1.58125353 0.44990575 -65.29274750 0.65098039 0.74117647 0.85882353
v -1.57920539 0.43096995 -65.29299164 0.65098039 0.74117647 0.85882353
v -1.52089477 0.59302145 -65.28146362 0.65098039 0.74117647 0.85882353
v -1.52974463 0.57801533 -65.27676392 0.65098039 0.74117647 0.85882353
v -1.64031494 0.14882730 -65.41453552 0.65098039 0.74117647 0.85882353
v -1.46538579 -0.00287919 -65.39848328 0.65098039 0.74117647 0.85882353
v -1.47668779 -0.00896658 -65.36982727 0.65098039 0.74117647 0.85882353
v -1.47786248 -0.03581284 -65.38030243 0.65098039 0.74117647 0.85882353
v -1.47172773 -0.03234227 -65.41056824 0.65098039 0.74117647 0.85882353
v -1.61593711 0.21364941 -65.43266296 0.65098039 0.74117647 0.85882353
v -1.60127330 0.29600024 -65.39901733 0.65098039 0.74117647 0.85882353
v -1.60422385 0.27815604 -65.39928436 0.65098039 0.74117647 0.85882353
v -1.57742560 0.45312518 -65.39800262 0.65098039 0.74117647 0.85882353
v -1.57588923 0.42995799 -65.39992523 0.65098039 0.74117647 0.85882353
v -1.59455943 0.51395530 -65.29449463 0.65098039 0.74117647 0.85882353
v -1.59772635 0.50102091 -65.29479218 0.65098039 0.74117647 0.85882353
v -1.59696901 0.03280224 -65.49325562 0.65098039 0.74117647 0.85882353
v -1.65923154 -0.08039285 -65.36650085 0.65098039 0.74117647 0.85882353
v -1.65651834 -0.11294325 -65.36692810 0.65098039 0.74117647 0.85882353
v -1.63439500 -0.11415835 -65.34123993 0.65098039 0.74117647 0.85882353
v -1.63642383 -0.08140023 -65.33869934 0.65098039 0.74117647 0.85882353
v -1.51711237 -0.07136129 -65.34616089 0.65098039 0.74117647 0.85882353
v -1.54140115 -0.07291333 -65.33187866 0.65098039 0.74117647 0.85882353
v -1.54262316 -0.10306509 -65.34114075 0.65098039 0.74117647 0.85882353
v -1.52022684 -0.10144494 -65.35637665 0.65098039 0.74117647 0.85882353
v -1.52535248 -0.13169695 -65.36474609 0.65098039 0.74117647 0.85882353
v -1.54646695 -0.13472433 -65.34858704 0.65098039 0.74117647 0.85882353
v -1.54626477 -0.16564022 -65.35462189 0.65098039 0.74117647 0.85882353
v -1.52803051 -0.16113837 -65.37155914 0.65098039 0.74117647 0.85882353
v -1.66445863 -0.04526307 -65.40290833 0.65098039 0.74117647 0.85882353
v -1.65116167 -0.10450198 -65.43344879 0.65098039 0.74117647 0.85882353
v -1.66326046 -0.10982566 -65.40115356 0.65098039 0.74117647 0.85882353
v -1.66397393 -0.07841198 -65.40165710 0.65098039 0.74117647 0.85882353
v -1.65085483 -0.07261123 -65.43613434 0.65098039 0.74117647 0.85882353
v -1.53327525 -0.03337492 -65.48699188 0.65098039 0.74117647 0.85882353
v -1.51549029 -0.04263167 -65.33561707 0.65098039 0.74117647 0.85882353
v -1.51723742 -0.01833351 -65.32640839 0.65098039 0.74117647 0.85882353
v -1.49441755 -0.09801270 -65.39936829 0.65098039 0.74117647 0.85882353
v -1.49226570 -0.09605713 -65.42590332 0.65098039 0.74117647 0.85882353
v -1.48175442 -0.06412993 -65.41963959 0.65098039 0.74117647 0.85882353
v -1.48521698 -0.06684856 -65.39064789 0.65098039 0.74117647 0.85882353
v -1.57418847 -0.09084918 -65.48805237 0.65098039 0.74117647 0.85882353
v -1.60182250 -0.09255229 -65.47937775 0.65098039 0.74117647 0.85882353
v -1.59848475 -0.06256886 -65.48315430 0.65098039 0.74117647 0.85882353
v -1.56861711 -0.06177841 -65.49024963 0.65098039 0.74117647 0.85882353
v -1.62707210 -0.06642042 -65.46414185 0.65098039 0.74117647 0.85882353
v -1.62837398 -0.09763052 -65.46012115 0.65098039 0.74117647 0.85882353
v -1.65254772 -0.16581292 -65.42778015 0.65098039 0.74117647 0.85882353
v -1.65943623 -0.17232250 -65.39701080 0.65098039 0.74117647 0.85882353
v -1.66187930 -0.14068027 -65.39957428 0.65098039 0.74117647 0.85882353
v -1.65173638 -0.13530619 -65.43057251 0.65098039 0.74117647 0.85882353
v -1.63321400 -0.15752317 -65.45369720 0.65098039 0.74117647 0.85882353
v -1.63077009 -0.12765487 -65.45642853 0.65098039 0.74117647 0.85882353
v -1.60570419 -0.12184887 -65.47583008 0.65098039 0.74117647 0.85882353
v -1.61040199 -0.15036817 -65.47236633 0.65098039 0.74117647 0.85882353
v -1.58566833 -0.14599241 -65.48016357 0.65098039 0.74117647 0.85882353
v -1.57990599 -0.11832850 -65.48458099 0.65098039 0.74117647 0.85882353
v -1.55357099 -0.11806498 -65.48287964 0.65098039 0.74117647 0.85882353
v -1.56144869 -0.14439566 -65.47943115 0.65098039 0.74117647 0.85882353
v -1.53012645 -0.11923756 -65.47143555 0.65098039 0.74117647 0.85882353
v -1.51267099 -0.12105052 -65.45259857 0.65098039 0.74117647 0.85882353
v -1.52384806 -0.14712276 -65.45350647 0.65098039 0.74117647 0.85882353
v -1.54007447 -0.14539783 -65.46995544 0.65098039 0.74117647 0.85882353
v -1.50997674 -0.15374254 -65.41200256 0.65098039 0.74117647 0.85882353
v -1.51249170 -0.15019684 -65.43383789 0.65098039 0.74117647 0.85882353
v -1.50228882 -0.12419908 -65.42994690 0.65098039 0.74117647 0.85882353
v -1.50272012 -0.12729566 -65.40641785 0.65098039 0.74117647 0.85882353
v -1.53094792 -0.24647389 -65.43558502 0.65098039 0.74117647 0.85882353
v -1.54179394 -0.24128230 -65.44942474 0.65098039 0.74117647 0.85882353
v -1.53617537 -0.22024687 -65.44443512 0.65098039 0.74117647 0.85882353
v -1.52478123 -0.22526313 -65.42929840 0.65098039 0.74117647 0.85882353
v -1.55253839 -0.23651840 -65.46362305 0.65098039 0.74117647 0.85882353
v -1.56765783 -0.23389651 -65.47445679 0.65098039 0.74117647 0.85882353
v -1.56408048 -0.21449377 -65.46842194 0.65098039 0.74117647 0.85882353
v -1.54823709 -0.21624698 -65.45826721 0.65098039 0.74117647 0.85882353
v -1.60224509 -0.21945186 -65.47393799 0.65098039 0.74117647 0.85882353
v -1.58209383 -0.21539591 -65.47445679 0.65098039 0.74117647 0.85882353
v -1.58542430 -0.23538785 -65.47955322 0.65098039 0.74117647 0.85882353
v -1.60447168 -0.24050133 -65.47903442 0.65098039 0.74117647 0.85882353
v -1.62407243 -0.24848317 -65.47338104 0.65098039 0.74117647 0.85882353
v -1.62416244 -0.22596280 -65.46918488 0.65098039 0.74117647 0.85882353
v -1.63738811 -0.26120174 -65.45658875 0.65098039 0.74117647 0.85882353
v -1.64095843 -0.23706238 -65.45329285 0.65098039 0.74117647 0.85882353
v -1.64864886 -0.24989651 -65.42735291 0.65098039 0.74117647 0.85882353
v -1.64455283 -0.27532828 -65.43146515 0.65098039 0.74117647 0.85882353
v -1.54105008 -0.24563871 -65.37991333 0.65098039 0.74117647 0.85882353
v -1.53988218 -0.26799947 -65.39067078 0.65098039 0.74117647 0.85882353
v -1.52831399 -0.25935686 -65.40458679 0.65098039 0.74117647 0.85882353
v -1.52771342 -0.23783450 -65.39361572 0.65098039 0.74117647 0.85882353
v -1.58540642 -0.25898874 -65.36454773 0.65098039 0.74117647 0.85882353
v -1.61359739 -0.26486897 -65.35914612 0.65098039 0.74117647 0.85882353
v -1.60490251 -0.28817028 -65.37221527 0.65098039 0.74117647 0.85882353
v -1.57937264 -0.28214228 -65.37800598 0.65098039 0.74117647 0.85882353
v -1.63600349 -0.18516724 -65.45173645 0.65098039 0.74117647 0.85882353
v -1.65243745 -0.19553049 -65.42609406 0.65098039 0.74117647 0.85882353
v -1.59147918 -0.17192702 -65.47600555 0.65098039 0.74117647 0.85882353
v -1.61533129 -0.17707779 -65.46923065 0.65098039 0.74117647 0.85882353
v -1.51554739 -0.17851965 -65.41735077 0.65098039 0.74117647 0.85882353
v -1.52121580 -0.17456777 -65.43725586 0.65098039 0.74117647 0.85882353
v -1.54586625 -0.19433554 -65.36120605 0.65098039 0.74117647 0.85882353
v -1.52890289 -0.18860941 -65.37709045 0.65098039 0.74117647 0.85882353
v -1.64646709 -0.23894863 -65.36711884 0.65098039 0.74117647 0.85882353
v -1.64740300 -0.20783241 -65.36639404 0.65098039 0.74117647 0.85882353
v -1.65801144 -0.20316018 -65.39484406 0.65098039 0.74117647 0.85882353
v -1.65724647 -0.23310338 -65.39414215 0.65098039 0.74117647 0.85882353
v -1.64019454 -0.21177314 -65.45180511 0.65098039 0.74117647 0.85882353
v -1.61994243 -0.20190255 -65.46802521 0.65098039 0.74117647 0.85882353
v -1.59770513 -0.19643022 -65.47325134 0.65098039 0.74117647 0.85882353
v -1.57617676 -0.19299807 -65.47406769 0.65098039 0.74117647 0.85882353
v -1.55772185 -0.19287606 -65.46731567 0.65098039 0.74117647 0.85882353
v -1.54276860 -0.19466500 -65.45494080 0.65098039 0.74117647 0.85882353
v -1.52975059 -0.19778927 -65.44044495 0.65098039 0.74117647 0.85882353
v -1.52072561 -0.20251520 -65.42290497 0.65098039 0.74117647 0.85882353
v -1.52849483 -0.21412759 -65.38480377 0.65098039 0.74117647 0.85882353
v -1.54402208 -0.22151466 -65.37033844 0.65098039 0.74117647 0.85882353
v -1.63105869 -0.29031402 -65.38166046 0.65098039 0.74117647 0.85882353
v -1.64176393 -0.26787931 -65.37129974 0.65098039 0.74117647 0.85882353
v -1.65388441 -0.26176018 -65.39868164 0.65098039 0.74117647 0.85882353
v -1.64605868 -0.28677374 -65.40589142 0.65098039 0.74117647 0.85882353
v -1.61906135 -0.30897999 -65.39627075 0.65098039 0.74117647 0.85882353
v -1.59756207 -0.30629569 -65.38872528 0.65098039 0.74117647 0.85882353
v -1.55185652 -0.25195384 -65.47267914 0.65098039 0.74117647 0.85882353
v -1.56682193 -0.25036448 -65.48317719 0.65098039 0.74117647 0.85882353
v -1.58432305 -0.25230879 -65.48886871 0.65098039 0.74117647 0.85882353
v -1.62158680 -0.26977450 -65.48183441 0.65098039 0.74117647 0.85882353
v -1.63249183 -0.28569812 -65.46243286 0.65098039 0.74117647 0.85882353
v -1.63732195 -0.30058658 -65.43733978 0.65098039 0.74117647 0.85882353
v -1.63464260 -0.30624491 -65.41378784 0.65098039 0.74117647 0.85882353
v -1.52627337 -0.29603779 -65.42857361 0.65098039 0.74117647 0.85882353
v -1.53046489 -0.27747345 -65.41511536 0.65098039 0.74117647 0.85882353
v -1.54048407 -0.28660756 -65.40328217 0.65098039 0.74117647 0.85882353
v -1.53636456 -0.30640733 -65.41737366 0.65098039 0.74117647 0.85882353
v -1.52439165 -0.27816647 -65.45815277 0.65098039 0.74117647 0.85882353
v -1.53118575 -0.27044255 -65.47444916 0.65098039 0.74117647 0.85882353
v -1.54126740 -0.25699627 -65.45800781 0.65098039 0.74117647 0.85882353
v -1.53404057 -0.26322401 -65.44299316 0.65098039 0.74117647 0.85882353
v -1.54451597 -0.26613420 -65.48966217 0.65098039 0.74117647 0.85882353
v -1.56106639 -0.26575243 -65.49984741 0.65098039 0.74117647 0.85882353
v -1.57933354 -0.26852715 -65.50537872 0.65098039 0.74117647 0.85882353
v -1.61591864 -0.29298472 -65.49372101 0.65098039 0.74117647 0.85882353
v -1.60400283 -0.25799048 -65.48971558 0.65098039 0.74117647 0.85882353
v -1.59934330 -0.27797925 -65.50444031 0.65098039 0.74117647 0.85882353
v -1.62670314 -0.31255031 -65.47122955 0.65098039 0.74117647 0.85882353
v -1.60973167 -0.35381782 -65.45793152 0.65098039 0.74117647 0.85882353
v -1.62208927 -0.32852554 -65.44231415 0.65098039 0.74117647 0.85882353
v -1.61829126 -0.33924043 -65.48534393 0.65098039 0.74117647 0.85882353
v -1.54421377 -0.43107843 -65.49167633 0.65098039 0.74117647 0.85882353
v -1.56508803 -0.42982107 -65.50878906 0.65098039 0.74117647 0.85882353
v -1.54502153 -0.45492363 -65.52499390 0.65098039 0.74117647 0.85882353
v -1.52672136 -0.45626694 -65.51074219 0.65098039 0.74117647 0.85882353
v -1.52607775 -0.32694906 -65.43212128 0.65098039 0.74117647 0.85882353
v -1.51309776 -0.31535268 -65.44381714 0.65098039 0.74117647 0.85882353
v -1.51000428 -0.29473507 -65.47539520 0.65098039 0.74117647 0.85882353
v -1.51868582 -0.28660572 -65.49320984 0.65098039 0.74117647 0.85882353
v -1.59695017 -0.34162110 -65.52696991 0.65098039 0.74117647 0.85882353
v -1.60923421 -0.31791395 -65.50861359 0.65098039 0.74117647 0.85882353
v -1.59207249 -0.30071008 -65.52136993 0.65098039 0.74117647 0.85882353
v -1.58012557 -0.32371962 -65.53959656 0.65098039 0.74117647 0.85882353
v -1.48014975 -0.39993292 -65.48042297 0.65098039 0.74117647 0.85882353
v -1.46808136 -0.38841861 -65.49228668 0.65098039 0.74117647 0.85882353
v -1.48127079 -0.36139470 -65.47469330 0.65098039 0.74117647 0.85882353
v -1.49419379 -0.37418550 -65.46245575 0.65098039 0.74117647 0.85882353
v -1.50234175 -0.30760294 -65.50923920 0.65098039 0.74117647 0.85882353
v -1.49389565 -0.31615579 -65.49124146 0.65098039 0.74117647 0.85882353
v -1.47922659 -0.34059054 -65.50765991 0.65098039 0.74117647 0.85882353
v -1.48784232 -0.33301109 -65.52560425 0.65098039 0.74117647 0.85882353
v -1.56373894 -0.39684856 -65.55599976 0.65098039 0.74117647 0.85882353
v -1.58161223 -0.36790973 -65.54287720 0.65098039 0.74117647 0.85882353
v -1.56583178 -0.35036862 -65.55609131 0.65098039 0.74117647 0.85882353
v -1.54915142 -0.38066071 -65.56924438 0.65098039 0.74117647 0.85882353
v -1.59778535 -0.37878698 -65.47515106 0.65098039 0.74117647 0.85882353
v -1.60590148 -0.36325663 -65.50317383 0.65098039 0.74117647 0.85882353
v -1.59016657 -0.38819396 -65.51921844 0.65098039 0.74117647 0.85882353
v -1.58324242 -0.40400773 -65.49315643 0.65098039 0.74117647 0.85882353
v -1.57537580 -0.37990767 -65.45615387 0.65098039 0.74117647 0.85882353
v -1.56089938 -0.40475363 -65.47382355 0.65098039 0.74117647 0.85882353
v -1.45018101 -0.44886267 -65.53173065 0.65098039 0.74117647 0.85882353
v -1.45873642 -0.41786534 -65.51148987 0.65098039 0.74117647 0.85882353
v -1.46946752 -0.42888850 -65.50144958 0.65098039 0.74117647 0.85882353
v -1.45819604 -0.45983917 -65.52363586 0.65098039 0.74117647 0.85882353
v -1.47633076 -0.36279958 -65.54122925 0.65098039 0.74117647 0.85882353
v -1.46718597 -0.36927009 -65.52383423 0.65098039 0.74117647 0.85882353
v -1.45771468 -0.40155780 -65.53979492 0.65098039 0.74117647 0.85882353
v -1.46621668 -0.39596355 -65.55527496 0.65098039 0.74117647 0.85882353
v -1.52317905 -0.45884949 -65.58122253 0.65098039 0.74117647 0.85882353
v -1.54409742 -0.42719066 -65.56895447 0.65098039 0.74117647 0.85882353
v -1.52996922 -0.41298455 -65.58094025 0.65098039 0.74117647 0.85882353
v -1.50956035 -0.44539177 -65.59185028 0.65098039 0.74117647 0.85882353
v -1.52391958 -0.48232669 -65.54323578 0.65098039 0.74117647 0.85882353
v -1.55224776 -0.44383848 -65.54784393 0.65098039 0.74117647 0.85882353
v -1.53053212 -0.47298050 -65.56391144 0.65098039 0.74117647 0.85882353
v -1.50397980 -0.51106757 -65.55809021 0.65098039 0.74117647 0.85882353
v -1.49081588 -0.51229030 -65.54724121 0.65098039 0.74117647 0.85882353
v -1.50794256 -0.48357552 -65.53009796 0.65098039 0.74117647 0.85882353
v -1.44830906 -0.48876482 -65.54388428 0.65098039 0.74117647 0.85882353
v -1.43973815 -0.47944546 -65.55004883 0.65098039 0.74117647 0.85882353
v -1.43701351 -0.46659422 -65.56879425 0.65098039 0.74117647 0.85882353
v -1.44313979 -0.46069700 -65.58109283 0.65098039 0.74117647 0.85882353
v -1.45561564 -0.42885029 -65.56845093 0.65098039 0.74117647 0.85882353
v -1.44849670 -0.43446171 -65.55507660 0.65098039 0.74117647 0.85882353
v -1.48036563 -0.43089479 -65.59159851 0.65098039 0.74117647 0.85882353
v -1.46688271 -0.42770767 -65.58148956 0.65098039 0.74117647 0.85882353
v -1.45335221 -0.45954937 -65.59296417 0.65098039 0.74117647 0.85882353
v -1.46560943 -0.46290731 -65.60155487 0.65098039 0.74117647 0.85882353
v -1.49065590 -0.47588980 -65.60022736 0.65098039 0.74117647 0.85882353
v -1.49510789 -0.43625826 -65.59521484 0.65098039 0.74117647 0.85882353
v -1.47796893 -0.46763927 -65.60367584 0.65098039 0.74117647 0.85882353
v -1.50390005 -0.48765570 -65.59143066 0.65098039 0.74117647 0.85882353
v -1.51053727 -0.50216454 -65.57612610 0.65098039 0.74117647 0.85882353
v -1.46752095 0.02353068 -65.37214661 0.65098039 0.74117647 0.85882353
v -1.48525763 0.01790078 -65.34946442 0.65098039 0.74117647 0.85882353
v -1.48079348 0.00918724 -65.36031342 0.65098039 0.74117647 0.85882353
v -1.46547318 0.01885541 -65.38574219 0.65098039 0.74117647 0.85882353
v -1.57290864 -0.10823928 -65.33084106 0.65098039 0.74117647 0.85882353
v -1.57243264 -0.07578604 -65.32485962 0.65098039 0.74117647 0.85882353
v -1.57169104 -0.17079975 -65.34208679 0.65098039 0.74117647 0.85882353
v -1.57421792 -0.14065029 -65.33627319 0.65098039 0.74117647 0.85882353
v -1.56939709 -0.20036094 -65.35005951 0.65098039 0.74117647 0.85882353
v -1.56573880 -0.22800370 -65.35987091 0.65098039 0.74117647 0.85882353
v -1.56043577 -0.25322336 -65.37084961 0.65098039 0.74117647 0.85882353
v -1.55753684 -0.27649564 -65.38282013 0.65098039 0.74117647 0.85882353
v -1.55657387 -0.29626536 -65.39600372 0.65098039 0.74117647 0.85882353
v -1.55252469 -0.31734294 -65.41035461 0.65098039 0.74117647 0.85882353
v -1.53074753 -0.36189532 -65.44061279 0.65098039 0.74117647 0.85882353
v -1.51037180 -0.34951538 -65.44712067 0.65098039 0.74117647 0.85882353
v -1.54416871 -0.33900422 -65.42595673 0.65098039 0.74117647 0.85882353
v -1.50010180 -0.41385317 -65.47468567 0.65098039 0.74117647 0.85882353
v -1.51545525 -0.38693285 -65.45614624 0.65098039 0.74117647 0.85882353
v -1.48536706 -0.44219714 -65.49697113 0.65098039 0.74117647 0.85882353
v -1.47231364 -0.47150153 -65.51980591 0.65098039 0.74117647 0.85882353
v -1.46146655 -0.49935925 -65.54037476 0.65098039 0.74117647 0.85882353
v -1.60743630 0.03814448 -65.31663513 0.65098039 0.74117647 0.85882353
v -1.57808566 0.02803890 -65.30807495 0.65098039 0.74117647 0.85882353
v -1.57988405 0.04470195 -65.30616760 0.65098039 0.74117647 0.85882353
v -1.60596168 0.05968110 -65.31570435 0.65098039 0.74117647 0.85882353
v -1.50446224 0.02524157 -65.32172394 0.65098039 0.74117647 0.85882353
v -1.51531923 0.02685498 -65.31155396 0.65098039 0.74117647 0.85882353
v -1.51353621 0.02735780 -65.31717682 0.65098039 0.74117647 0.85882353
v -1.50142562 0.02659394 -65.32742310 0.65098039 0.74117647 0.85882353
v -1.65247190 -0.22295238 -65.42517090 0.65098039 0.74117647 0.85882353
v -1.56961966 -0.16949223 -65.47588348 0.65098039 0.74117647 0.85882353
v -1.54990613 -0.17000847 -65.46761322 0.65098039 0.74117647 0.85882353
v -1.53413451 -0.17177437 -65.45384979 0.65098039 0.74117647 0.85882353
v -1.59194779 -0.23393326 -65.35144806 0.65098039 0.74117647 0.85882353
v -1.59632063 -0.20626672 -65.34403229 0.65098039 0.74117647 0.85882353
v -1.62390077 -0.20852236 -65.34744263 0.65098039 0.74117647 0.85882353
v -1.61983991 -0.23841007 -65.35186768 0.65098039 0.74117647 0.85882353
v -1.58676589 -0.35854995 -65.43994904 0.65098039 0.74117647 0.85882353
v -1.55280447 -0.37250292 -65.44585419 0.65098039 0.74117647 0.85882353
v -1.56503677 -0.35064113 -65.42906952 0.65098039 0.74117647 0.85882353
v -1.59877276 -0.33953452 -65.42475891 0.65098039 0.74117647 0.85882353
v -1.55161750 -0.28320110 -65.51927185 0.65098039 0.74117647 0.85882353
v -1.57175946 -0.28829181 -65.52468872 0.65098039 0.74117647 0.85882353
v -1.51853549 -0.30328423 -65.52583313 0.65098039 0.74117647 0.85882353
v -1.53817320 -0.30379957 -65.53845978 0.65098039 0.74117647 0.85882353
v -1.53360224 -0.28300303 -65.50783539 0.65098039 0.74117647 0.85882353
v -1.60364604 -0.14580683 -65.33356476 0.65098039 0.74117647 0.85882353
v -1.63136339 -0.14624192 -65.34354401 0.65098039 0.74117647 0.85882353
v -1.62737012 -0.17777185 -65.34568787 0.65098039 0.74117647 0.85882353
v -1.60004735 -0.17582543 -65.33774567 0.65098039 0.74117647 0.85882353
v -1.50874937 0.36956596 -65.45484924 0.65098039 0.74117647 0.85882353
v -1.48637831 0.37334496 -65.45655823 0.65098039 0.74117647 0.85882353
v -1.59695768 0.47890770 -65.36746216 0.65098039 0.74117647 0.85882353
v -1.58835840 0.46695942 -65.37997437 0.65098039 0.74117647 0.85882353
v -1.59100866 0.45747417 -65.36295319 0.65098039 0.74117647 0.85882353
v -1.59834576 0.47011745 -65.35449219 0.65098039 0.74117647 0.85882353
v -1.58534098 0.47964007 -65.39258575 0.65098039 0.74117647 0.85882353
v -1.59429801 0.49055487 -65.37854767 0.65098039 0.74117647 0.85882353
v -1.58899009 0.50457799 -65.38835144 0.65098039 0.74117647 0.85882353
v -1.58030081 0.49405074 -65.40209198 0.65098039 0.74117647 0.85882353
v -1.54740655 0.54729229 -65.43593597 0.65098039 0.74117647 0.85882353
v -1.53902376 0.55402654 -65.44207001 0.65098039 0.74117647 0.85882353
v -1.57469559 0.40911287 -65.26893616 0.65098039 0.74117647 0.85882353
v -1.56188059 0.40440595 -65.24858856 0.65098039 0.74117647 0.85882353
v -1.55767047 0.42724711 -65.25347137 0.65098039 0.74117647 0.85882353
v -1.59442151 0.23300813 -65.28083801 0.65098039 0.74117647 0.85882353
v -1.59632611 0.14407279 -65.30567932 0.65098039 0.74117647 0.85882353
v -1.57623529 0.11210315 -65.28329468 0.65098039 0.74117647 0.85882353
v -1.58253038 0.13835193 -65.28536224 0.65098039 0.74117647 0.85882353
v -1.53747916 0.05022030 -65.27967072 0.65098039 0.74117647 0.85882353
v -1.41750777 0.42251581 -65.43558502 0.65098039 0.74117647 0.85882353
v -1.41249621 0.44508857 -65.43698120 0.65098039 0.74117647 0.85882353
v -1.36740661 0.61616796 -65.40274811 0.65098039 0.74117647 0.85882353
v -1.36018491 0.60831136 -65.38607025 0.65098039 0.74117647 0.85882353
v -1.37014103 0.64312601 -65.39578247 0.65098039 0.74117647 0.85882353
v -1.37183928 0.65533298 -65.39163971 0.65098039 0.74117647 0.85882353
v -1.36324787 0.64648205 -65.37670135 0.65098039 0.74117647 0.85882353
v -1.36161053 0.63458788 -65.38019562 0.65098039 0.74117647 0.85882353
v -1.38719583 0.69932330 -65.35974121 0.65098039 0.74117647 0.85882353
v -1.38038206 0.69018227 -65.36533356 0.65098039 0.74117647 0.85882353
v -1.48968351 0.02703424 -65.33869171 0.65098039 0.74117647 0.85882353
v -1.49712062 0.02518378 -65.33274078 0.65098039 0.74117647 0.85882353
v -1.48289561 0.02680756 -65.34722900 0.65098039 0.74117647 0.85882353
v -1.54683244 0.00312747 -65.31099701 0.65098039 0.74117647 0.85882353
v -1.52106929 0.00122954 -65.31999969 0.65098039 0.74117647 0.85882353
v -1.52425027 0.01531981 -65.31613922 0.65098039 0.74117647 0.85882353
v -1.54949868 0.01973303 -65.30766296 0.65098039 0.74117647 0.85882353
v -1.65170717 0.06111468 -65.43230438 0.65098039 0.74117647 0.85882353
v -1.63194203 0.06758694 -65.46715546 0.65098039 0.74117647 0.85882353
v -1.49258173 0.01673694 -65.47861481 0.65098039 0.74117647 0.85882353
v -1.51888275 0.47675985 -65.57611847 0.65098039 0.74117647 0.85882353
v -1.51756954 0.48261976 -65.58872986 0.65098039 0.74117647 0.85882353
v -1.50489676 0.49700743 -65.57115936 0.65098039 0.74117647 0.85882353
v -1.50744033 0.49131221 -65.55792236 0.65098039 0.74117647 0.85882353
v -1.39021778 0.51830953 -65.43925476 0.65098039 0.74117647 0.85882353
v -1.40343165 0.49381953 -65.44568634 0.65098039 0.74117647 0.85882353
v -1.47631991 0.69270104 -65.36090088 0.65098039 0.74117647 0.85882353
v -1.51528776 0.70799035 -65.42810822 0.65098039 0.74117647 0.85882353
v -1.53616405 0.69367629 -65.41337585 0.65098039 0.74117647 0.85882353
v -1.52662134 0.69440013 -65.40493011 0.65098039 0.74117647 0.85882353
v -1.50565588 0.70893508 -65.41851807 0.65098039 0.74117647 0.85882353
v -1.44517863 0.66577226 -65.47028351 0.65098039 0.74117647 0.85882353
v -1.45573533 0.68195456 -65.46381378 0.65098039 0.74117647 0.85882353
v -1.44298625 0.68128294 -65.45660400 0.65098039 0.74117647 0.85882353
v -1.43234825 0.66344774 -65.46273804 0.65098039 0.74117647 0.85882353
v -1.40403891 0.16379210 -65.47563934 0.65098039 0.74117647 0.85882353
v -1.42793870 0.16683145 -65.49484253 0.65098039 0.74117647 0.85882353
v -1.41977060 0.35562372 -65.42281342 0.65098039 0.74117647 0.85882353
v -1.43497491 0.35551029 -65.43692780 0.65098039 0.74117647 0.85882353
v -1.42792284 0.37738132 -65.43522644 0.65098039 0.74117647 0.85882353
v -1.41334164 0.37829310 -65.42089081 0.65098039 0.74117647 0.85882353
v -1.41400707 0.51034677 -65.46207428 0.65098039 0.74117647 0.85882353
v -1.43286359 0.49666464 -65.47014618 0.65098039 0.74117647 0.85882353
v -1.56287515 0.50852591 -65.25802612 0.65098039 0.74117647 0.85882353
v -1.55548835 0.52931815 -65.26136780 0.65098039 0.74117647 0.85882353
v -1.56579089 0.53561133 -65.27471161 0.65098039 0.74117647 0.85882353
v -1.57360411 0.51738423 -65.27059937 0.65098039 0.74117647 0.85882353
v -1.49821806 0.53906721 -65.56922913 0.65098039 0.74117647 0.85882353
v -1.48504066 0.54463112 -65.54961395 0.65098039 0.74117647 0.85882353
v -1.48500669 0.53303617 -65.54529572 0.65098039 0.74117647 0.85882353
v -1.49500060 0.52217096 -65.56451416 0.65098039 0.74117647 0.85882353
v -1.59505379 0.07079987 -65.49445343 0.65098039 0.74117647 0.85882353
v -1.55587614 0.05326007 -65.50446320 0.65098039 0.74117647 0.85882353
v -1.52477670 0.40181792 -65.45362091 0.65098039 0.74117647 0.85882353
v -1.49948370 0.40604627 -65.46021271 0.65098039 0.74117647 0.85882353
v -1.50270200 0.38742131 -65.45648193 0.65098039 0.74117647 0.85882353
v -1.52733707 0.38307267 -65.45011902 0.65098039 0.74117647 0.85882353
v -1.52068663 0.45207918 -65.45846558 0.65098039 0.74117647 0.85882353
v -1.52139580 0.43645042 -65.45627594 0.65098039 0.74117647 0.85882353
v -1.52005327 0.46703452 -65.46308136 0.65098039 0.74117647 0.85882353
v -1.48339212 0.55905503 -65.49359131 0.65098039 0.74117647 0.85882353
v -1.49138606 0.55370975 -65.48852539 0.65098039 0.74117647 0.85882353
v -1.48883581 0.55919820 -65.49428558 0.65098039 0.74117647 0.85882353
v -1.57621121 0.00696240 -65.31037140 0.65098039 0.74117647 0.85882353
v -1.57967651 0.07060350 -65.30065155 0.65098039 0.74117647 0.85882353
v -1.57529986 0.07995422 -65.29071808 0.65098039 0.74117647 0.85882353
v -1.49466503 0.02596085 -65.33120728 0.65098039 0.74117647 0.85882353
v -1.46638322 0.70953590 -65.32943726 0.65098039 0.74117647 0.85882353
v -1.47176099 0.70557517 -65.31249237 0.65098039 0.74117647 0.85882353
v -1.50480378 0.54595119 -65.49435425 0.65098039 0.74117647 0.85882353
v -1.50222099 0.53257322 -65.50370789 0.65098039 0.74117647 0.85882353
v -1.51185286 0.53234643 -65.47457886 0.65098039 0.74117647 0.85882353
v -1.52351201 0.53499097 -65.46251678 0.65098039 0.74117647 0.85882353
v -1.51782858 0.54096735 -65.46701050 0.65098039 0.74117647 0.85882353
v -1.50630045 0.53928858 -65.47850800 0.65098039 0.74117647 0.85882353
v -1.49486911 0.54069871 -65.48691559 0.65098039 0.74117647 0.85882353
v -1.49943829 0.53274876 -65.48365784 0.65098039 0.74117647 0.85882353
v -1.56751621 0.60030484 -65.38594818 0.65098039 0.74117647 0.85882353
v -1.56400216 0.60371476 -65.37469482 0.65098039 0.74117647 0.85882353
v -1.55632401 0.62178886 -65.38053894 0.65098039 0.74117647 0.85882353
v -1.56107497 0.61860126 -65.39153290 0.65098039 0.74117647 0.85882353
v -1.55923033 0.60486007 -65.36073303 0.65098039 0.74117647 0.85882353
v -1.55406022 0.60558152 -65.34529877 0.65098039 0.74117647 0.85882353
v -1.54519427 0.62346870 -65.35271454 0.65098039 0.74117647 0.85882353
v -1.55090284 0.62289727 -65.36820984 0.65098039 0.74117647 0.85882353
v -1.49373543 0.67507154 -65.34691620 0.65098039 0.74117647 0.85882353
v -1.49404085 0.66493785 -65.32280731 0.65098039 0.74117647 0.85882353
v -1.48875773 0.65743560 -65.30107880 0.65098039 0.74117647 0.85882353
v -1.48288405 0.65215200 -65.28481293 0.65098039 0.74117647 0.85882353
v -1.37401772 0.67990798 -65.36919403 0.65098039 0.74117647 0.85882353
v -1.36911976 0.66835302 -65.37152863 0.65098039 0.74117647 0.85882353
v -1.37959778 0.67591798 -65.38622284 0.65098039 0.74117647 0.85882353
v -1.38757527 0.68843621 -65.38458252 0.65098039 0.74117647 0.85882353
v -1.47387528 0.69116610 -65.30402374 0.65098039 0.74117647 0.85882353
v -1.47193599 0.68714875 -65.28688049 0.65098039 0.74117647 0.85882353
v -1.47112036 0.67250174 -65.27894592 0.65098039 0.74117647 0.85882353
v -1.59056938 0.53597844 -65.56615448 0.65098039 0.74117647 0.85882353
v -1.58399045 0.55200267 -65.55020905 0.65098039 0.74117647 0.85882353
v -1.44531095 0.72018343 -65.35737610 0.65098039 0.74117647 0.85882353
v -1.45760298 0.71517265 -65.34446716 0.65098039 0.74117647 0.85882353
v -1.57505369 0.55772442 -65.56639099 0.65098039 0.74117647 0.85882353
v -1.58158970 0.54100335 -65.58211517 0.65098039 0.74117647 0.85882353
v -1.53131795 0.66854531 -65.38555908 0.65098039 0.74117647 0.85882353
v -1.51744282 0.69274122 -65.39611053 0.65098039 0.74117647 0.85882353
v -1.53954971 0.67095363 -65.39515686 0.65098039 0.74117647 0.85882353
v -1.47309208 0.70148879 -65.29502869 0.65098039 0.74117647 0.85882353
v -1.47032082 0.69764227 -65.27931213 0.65098039 0.74117647 0.85882353
v -1.63277447 0.09893565 -65.45789337 0.65098039 0.74117647 0.85882353
v -1.64892352 0.09079333 -65.42584991 0.65098039 0.74117647 0.85882353
v -1.58716524 0.35037029 -65.39942932 0.65098039 0.74117647 0.85882353
v -1.57360053 0.35634208 -65.41985321 0.65098039 0.74117647 0.85882353
v -1.56796181 0.35622060 -65.24069214 0.65098039 0.74117647 0.85882353
v -1.56847072 0.33284497 -65.23834991 0.65098039 0.74117647 0.85882353
v -1.45248723 0.70289057 -65.25367737 0.65098039 0.74117647 0.85882353
v -1.58425426 0.29096806 -65.25939178 0.65098039 0.74117647 0.85882353
v -1.57046723 0.28408730 -65.24166107 0.65098039 0.74117647 0.85882353
v -1.56908643 0.30901307 -65.23900604 0.65098039 0.74117647 0.85882353
v -1.58229399 0.31405395 -65.25798035 0.65098039 0.74117647 0.85882353
v -1.56516206 0.25891787 -65.23795319 0.65098039 0.74117647 0.85882353
v -1.56421506 0.24874146 -65.23715210 0.65098039 0.74117647 0.85882353
v -1.55934381 0.09355251 -65.27172089 0.65098039 0.74117647 0.85882353
v -1.55125093 0.09379266 -65.26247406 0.65098039 0.74117647 0.85882353
v -1.56976080 0.57604885 -65.48181152 0.65098039 0.74117647 0.85882353
v -1.56627703 0.59122747 -65.47206116 0.65098039 0.74117647 0.85882353
v -1.56781113 0.60762727 -65.48149109 0.65098039 0.74117647 0.85882353
v -1.57103109 0.59200251 -65.49340820 0.65098039 0.74117647 0.85882353
v -1.59226096 0.29658210 -65.27963257 0.65098039 0.74117647 0.85882353
v -1.59694242 0.30241382 -65.30339050 0.65098039 0.74117647 0.85882353
v -1.56506920 0.54824299 -65.41791534 0.65098039 0.74117647 0.85882353
v -1.55343640 0.53972429 -65.42991638 0.65098039 0.74117647 0.85882353
v -1.55635870 0.45100963 -65.25373840 0.65098039 0.74117647 0.85882353
v -1.58224130 0.52469832 -65.28369904 0.65098039 0.74117647 0.85882353
v -1.57473040 0.54059154 -65.28839111 0.65098039 0.74117647 0.85882353
v -1.58180296 0.54390848 -65.30226898 0.65098039 0.74117647 0.85882353
v -1.58924067 0.52924806 -65.29708099 0.65098039 0.74117647 0.85882353
v -1.48745430 0.02819417 -65.33877563 0.65098039 0.74117647 0.85882353
v -1.50035691 0.61133188 -65.54276276 0.65098039 0.74117647 0.85882353
v -1.49295723 0.61941725 -65.53609467 0.65098039 0.74117647 0.85882353
v -1.48736465 0.60988367 -65.53681183 0.65098039 0.74117647 0.85882353
v -1.49503779 0.60259187 -65.54418945 0.65098039 0.74117647 0.85882353
v -1.49890018 0.00276281 -65.33731079 0.65098039 0.74117647 0.85882353
v -1.49512219 -0.01473443 -65.34565735 0.65098039 0.74117647 0.85882353
v -1.45489371 0.02616687 -65.40905762 0.65098039 0.74117647 0.85882353
v -1.45512450 0.02730353 -65.38825989 0.65098039 0.74117647 0.85882353
v -1.60630131 -0.04865934 -65.32276154 0.65098039 0.74117647 0.85882353
v -1.60764658 -0.01706140 -65.31958008 0.65098039 0.74117647 0.85882353
v -1.60543060 -0.08091088 -65.32566071 0.65098039 0.74117647 0.85882353
v -1.60478747 -0.11422856 -65.32975006 0.65098039 0.74117647 0.85882353
v -1.57640409 -0.30293030 -65.39303589 0.65098039 0.74117647 0.85882353
v -1.57694626 -0.32788366 -65.40999603 0.65098039 0.74117647 0.85882353
v -1.53823566 -0.39710957 -65.46355438 0.65098039 0.74117647 0.85882353
v -1.52194786 -0.42275679 -65.48252869 0.65098039 0.74117647 0.85882353
v -1.50570464 -0.45080984 -65.50298309 0.65098039 0.74117647 0.85882353
v -1.48913765 -0.47914553 -65.52399445 0.65098039 0.74117647 0.85882353
v -1.47589576 -0.50806785 -65.54163361 0.65098039 0.74117647 0.85882353
v -1.56967831 0.54005361 -65.59613037 0.65098039 0.74117647 0.85882353
v -1.56123114 0.55818629 -65.58067322 0.65098039 0.74117647 0.85882353
v -1.54780161 0.55128306 -65.59107971 0.65098039 0.74117647 0.85882353
v -1.55795813 0.53413486 -65.60729980 0.65098039 0.74117647 0.85882353
v -1.51725924 0.50424814 -65.51875305 0.65098039 0.74117647 0.85882353
v -1.53046727 0.50780118 -65.50828552 0.65098039 0.74117647 0.85882353
v -1.53599322 0.49241638 -65.52383423 0.65098039 0.74117647 0.85882353
v -1.52364802 0.48984563 -65.53421783 0.65098039 0.74117647 0.85882353
v -1.53128624 0.47464585 -65.55102539 0.65098039 0.74117647 0.85882353
v -1.52346361 0.47432405 -65.56328583 0.65098039 0.74117647 0.85882353
v -1.51388299 0.48916072 -65.54521179 0.65098039 0.74117647 0.85882353
v -1.52060366 0.49276304 -65.59947205 0.65098039 0.74117647 0.85882353
v -1.52718103 0.50441772 -65.60773468 0.65098039 0.74117647 0.85882353
v -1.51332617 0.52102256 -65.59017944 0.65098039 0.74117647 0.85882353
v -1.50752699 0.50712299 -65.58287048 0.65098039 0.74117647 0.85882353
v -1.54625201 0.52565348 -65.61344147 0.65098039 0.74117647 0.85882353
v -1.53563666 0.54222423 -65.59689331 0.65098039 0.74117647 0.85882353
v -1.52410495 0.53234565 -65.59692383 0.65098039 0.74117647 0.85882353
v -1.53560007 0.51525271 -65.61351013 0.65098039 0.74117647 0.85882353
v -1.56768346 0.48932755 -65.52810669 0.65098039 0.74117647 0.85882353
v -1.55430722 0.48151487 -65.53194427 0.65098039 0.74117647 0.85882353
v -1.54933417 0.49714643 -65.51536560 0.65098039 0.74117647 0.85882353
v -1.56307745 0.50519401 -65.51162720 0.65098039 0.74117647 0.85882353
v -1.56425130 0.62232184 -65.49607086 0.65098039 0.74117647 0.85882353
v -1.56692839 0.60486686 -65.50811005 0.65098039 0.74117647 0.85882353
v -1.54405105 0.57291377 -65.44058990 0.65098039 0.74117647 0.85882353
v -1.55427611 0.58518517 -65.43714142 0.65098039 0.74117647 0.85882353
v -1.55181289 0.58115202 -65.44586182 0.65098039 0.74117647 0.85882353
v -1.54051757 0.57330114 -65.44924927 0.65098039 0.74117647 0.85882353
v -1.58057737 0.55842561 -65.51794434 0.65098039 0.74117647 0.85882353
v -1.57532370 0.57529461 -65.50501251 0.65098039 0.74117647 0.85882353
v -1.57156491 0.58668047 -65.52086639 0.65098039 0.74117647 0.85882353
v -1.57719839 0.56872940 -65.53494263 0.65098039 0.74117647 0.85882353
v -1.55823863 0.52092499 -65.49495697 0.65098039 0.74117647 0.85882353
v -1.54464519 0.51283240 -65.49911499 0.65098039 0.74117647 0.85882353
v -1.54069614 0.52922475 -65.48468018 0.65098039 0.74117647 0.85882353
v -1.55459380 0.53656590 -65.47991943 0.65098039 0.74117647 0.85882353
v -1.49463081 0.51125675 -65.55284119 0.65098039 0.74117647 0.85882353
v -1.48730874 0.52369380 -65.53458405 0.65098039 0.74117647 0.85882353
v -1.56052721 0.57463998 -65.46487427 0.65098039 0.74117647 0.85882353
v -1.56259894 0.56058532 -65.47398376 0.65098039 0.74117647 0.85882353
v -1.56924605 0.53917915 -65.41188812 0.65098039 0.74117647 0.85882353
v -1.53384638 0.51895547 -65.45505524 0.65098039 0.74117647 0.85882353
v -1.52862334 0.52769780 -65.45918274 0.65098039 0.74117647 0.85882353
v -1.60420144 0.48514688 -65.34916687 0.65098039 0.74117647 0.85882353
v -1.60601318 0.50052398 -65.34815216 0.65098039 0.74117647 0.85882353
v -1.56824505 0.48633492 -65.41941833 0.65098039 0.74117647 0.85882353
v -1.56062329 0.50106627 -65.42807007 0.65098039 0.74117647 0.85882353
v -1.60245275 0.49214810 -65.35977936 0.65098039 0.74117647 0.85882353
v -1.60381174 0.50231874 -65.35623932 0.65098039 0.74117647 0.85882353
v -1.58717179 0.41186386 -65.31108856 0.65098039 0.74117647 0.85882353
v -1.47474563 0.66140813 -65.28286743 0.65098039 0.74117647 0.85882353
v -1.57352054 0.56055510 -65.49271393 0.65098039 0.74117647 0.85882353
v -1.56546581 0.54737741 -65.48353577 0.65098039 0.74117647 0.85882353
v -1.47854745 0.55089056 -65.53461456 0.65098039 0.74117647 0.85882353
v -1.47550035 0.55690074 -65.52210236 0.65098039 0.74117647 0.85882353
v -1.47875404 0.55047363 -65.51603699 0.65098039 0.74117647 0.85882353
v -1.47982812 0.54227936 -65.52857971 0.65098039 0.74117647 0.85882353
v -1.43242586 0.53733349 -65.48204041 0.65098039 0.74117647 0.85882353
v -1.42363489 0.52393931 -65.47342682 0.65098039 0.74117647 0.85882353
v -1.43999362 0.51206189 -65.47785950 0.65098039 0.74117647 0.85882353
v -1.44681013 0.52581573 -65.48501587 0.65098039 0.74117647 0.85882353
v -1.51575339 0.62087888 -65.54014587 0.65098039 0.74117647 0.85882353
v -1.52771819 0.62137055 -65.53800201 0.65098039 0.74117647 0.85882353
v -1.52184594 0.63637704 -65.52845764 0.65098039 0.74117647 0.85882353
v -1.50941300 0.63250732 -65.53218842 0.65098039 0.74117647 0.85882353
v -1.53668272 0.63744426 -65.52197266 0.65098039 0.74117647 0.85882353
v -1.54243183 0.61982465 -65.53336334 0.65098039 0.74117647 0.85882353
v -1.55671883 0.61401588 -65.52384949 0.65098039 0.74117647 0.85882353
v -1.55235350 0.63291895 -65.51138306 0.65098039 0.74117647 0.85882353
v -1.58342040 0.14320298 -65.48945618 0.65098039 0.74117647 0.85882353
v -1.61031270 0.13797964 -65.47118378 0.65098039 0.74117647 0.85882353
v -1.60901380 0.26791060 -65.37636566 0.65098039 0.74117647 0.85882353
v -1.60938168 0.25815922 -65.35228729 0.65098039 0.74117647 0.85882353
v -1.61175525 0.15748042 -65.33032227 0.65098039 0.74117647 0.85882353
v -1.55400980 0.04022168 -65.30156708 0.65098039 0.74117647 0.85882353
v -1.52707124 0.02845924 -65.31056976 0.65098039 0.74117647 0.85882353
v -1.49451756 -0.03977583 -65.35544586 0.65098039 0.74117647 0.85882353
v -1.63182569 0.12926541 -65.44873047 0.65098039 0.74117647 0.85882353
v -1.49874985 -0.06950365 -65.36602783 0.65098039 0.74117647 0.85882353
v -1.50464284 -0.09966771 -65.37606049 0.65098039 0.74117647 0.85882353
v -1.50234926 -0.09417956 -65.45156860 0.65098039 0.74117647 0.85882353
v -1.52134275 -0.09230085 -65.47241211 0.65098039 0.74117647 0.85882353
v -1.51300120 -0.06281008 -65.47192383 0.65098039 0.74117647 0.85882353
v -1.49201095 -0.06311117 -65.44905853 0.65098039 0.74117647 0.85882353
v -1.54619420 -0.09122463 -65.48505402 0.65098039 0.74117647 0.85882353
v -1.53960168 -0.06246670 -65.48620605 0.65098039 0.74117647 0.85882353
v -1.64952600 -0.17597674 -65.36719513 0.65098039 0.74117647 0.85882353
v -1.50340605 -0.32941860 -65.54230499 0.65098039 0.74117647 0.85882353
v -1.50900173 -0.36215788 -65.56833649 0.65098039 0.74117647 0.85882353
v -1.52349341 -0.32987946 -65.55516052 0.65098039 0.74117647 0.85882353
v -1.49069500 -0.36053938 -65.55673981 0.65098039 0.74117647 0.85882353
v -1.54499888 -0.33722878 -65.55998230 0.65098039 0.74117647 0.85882353
v -1.55980766 -0.31047440 -65.54346466 0.65098039 0.74117647 0.85882353
v -1.57258439 -0.41529262 -65.53329468 0.65098039 0.74117647 0.85882353
v -1.47947252 -0.39392793 -65.56958771 0.65098039 0.74117647 0.85882353
v -1.49564958 -0.39617491 -65.58008575 0.65098039 0.74117647 0.85882353
v -1.52986336 -0.36834431 -65.57304382 0.65098039 0.74117647 0.85882353
v -1.51332355 -0.40234143 -65.58428192 0.65098039 0.74117647 0.85882353
v -1.50366759 0.01463117 -65.33051300 0.65098039 0.74117647 0.85882353
v -1.65872848 0.05668227 -65.39575958 0.65098039 0.74117647 0.85882353
v -1.65468633 0.08555402 -65.39109802 0.65098039 0.74117647 0.85882353
v -1.62467170 0.09287493 -65.33402252 0.65098039 0.74117647 0.85882353
v -1.60368323 0.07754381 -65.31549835 0.65098039 0.74117647 0.85882353
v -1.59552097 0.32850349 -65.32946777 0.65098039 0.74117647 0.85882353
v -1.59744763 0.33513045 -65.35366058 0.65098039 0.74117647 0.85882353
v -1.58978939 0.37644613 -65.35350800 0.65098039 0.74117647 0.85882353
v -1.58714199 0.38217229 -65.37672424 0.65098039 0.74117647 0.85882353
v -1.59020591 0.36219233 -65.37680054 0.65098039 0.74117647 0.85882353
v -1.59301686 0.35561734 -65.35362244 0.65098039 0.74117647 0.85882353
v -1.56642413 0.39290059 -65.42219543 0.65098039 0.74117647 0.85882353
v -1.54749131 0.39746720 -65.44094086 0.65098039 0.74117647 0.85882353
v -1.55018616 0.37864983 -65.43804169 0.65098039 0.74117647 0.85882353
v -1.56876600 0.37365228 -65.42029572 0.65098039 0.74117647 0.85882353
v -1.55524528 0.36158001 -65.43721771 0.65098039 0.74117647 0.85882353
v -1.53284431 0.36587530 -65.44863892 0.65098039 0.74117647 0.85882353
v -1.43979299 0.39747518 -65.44636536 0.65098039 0.74117647 0.85882353
v -1.45918238 0.39473748 -65.45391846 0.65098039 0.74117647 0.85882353
v -1.45424688 0.41550183 -65.45613098 0.65098039 0.74117647 0.85882353
v -1.43497860 0.41963255 -65.44739532 0.65098039 0.74117647 0.85882353
v -1.56717575 0.08962567 -65.28095245 0.65098039 0.74117647 0.85882353
v -1.51005757 0.02498339 -65.32149506 0.65098039 0.74117647 0.85882353
v -1.60821331 0.01269864 -65.31795502 0.65098039 0.74117647 0.85882353
v -1.63401985 0.04540353 -65.33433533 0.65098039 0.74117647 0.85882353
v -1.65246606 0.05048449 -65.36209106 0.65098039 0.74117647 0.85882353
v -1.51528263 0.54981595 -65.48532867 0.65098039 0.74117647 0.85882353
v -1.45143795 0.56476772 -65.49483490 0.65098039 0.74117647 0.85882353
v -1.45935380 0.55248958 -65.49475098 0.65098039 0.74117647 0.85882353
v -1.54617405 0.60027224 -65.54639435 0.65098039 0.74117647 0.85882353
v -1.56107843 0.59507811 -65.53631592 0.65098039 0.74117647 0.85882353
v -1.55208564 0.55033696 -65.46850586 0.65098039 0.74117647 0.85882353
v -1.56579614 0.62145120 -65.47182465 0.65098039 0.74117647 0.85882353
v -1.56358361 0.60373372 -65.46295166 0.65098039 0.74117647 0.85882353
v -1.56346512 0.61591440 -65.45355225 0.65098039 0.74117647 0.85882353
v -1.62712193 0.14804746 -65.35771942 0.65098039 0.74117647 0.85882353
v -1.64301896 0.13677846 -65.38482666 0.65098039 0.74117647 0.85882353
v -1.63406539 0.12604906 -65.35812378 0.65098039 0.74117647 0.85882353
v -1.46322560 0.02772520 -65.37203217 0.65098039 0.74117647 0.85882353
v -1.58058465 0.05806245 -65.30375671 0.65098039 0.74117647 0.85882353
v -1.51077485 -0.12940936 -65.38411713 0.65098039 0.74117647 0.85882353
v -1.51535738 -0.15740226 -65.39038086 0.65098039 0.74117647 0.85882353
v -1.51847100 -0.18332122 -65.39682770 0.65098039 0.74117647 0.85882353
v -1.52050161 -0.20763983 -65.40375519 0.65098039 0.74117647 0.85882353
v -1.52202129 -0.23114099 -65.41172791 0.65098039 0.74117647 0.85882353
v -1.52531171 -0.25249738 -65.42098999 0.65098039 0.74117647 0.85882353
v -1.52877998 -0.26987106 -65.42968750 0.65098039 0.74117647 0.85882353
v -1.52271557 -0.28660995 -65.44303131 0.65098039 0.74117647 0.85882353
v -1.49722362 -0.33720255 -65.45907593 0.65098039 0.74117647 0.85882353
v -1.49220026 -0.32585722 -65.47448730 0.65098039 0.74117647 0.85882353
v -1.50819206 -0.30451113 -65.45849609 0.65098039 0.74117647 0.85882353
v -1.47690082 -0.35021245 -65.49081421 0.65098039 0.74117647 0.85882353
v -1.46376812 -0.37812579 -65.50710297 0.65098039 0.74117647 0.85882353
v -1.45533884 -0.40853614 -65.52512360 0.65098039 0.74117647 0.85882353
v -1.44733000 -0.44041604 -65.54257202 0.65098039 0.74117647 0.85882353
v -1.43656647 -0.47212768 -65.55815125 0.65098039 0.74117647 0.85882353
v -1.48096454 0.02790664 -65.34720612 0.65098039 0.74117647 0.85882353
v -1.47247732 0.02854304 -65.35887146 0.65098039 0.74117647 0.85882353
v -1.52227223 0.66498429 -65.37406158 0.65098039 0.74117647 0.85882353
v -1.53447151 0.54072690 -65.44880676 0.65098039 0.74117647 0.85882353
v -1.52847457 0.54673207 -65.45388794 0.65098039 0.74117647 0.85882353
v -1.55070162 0.56267917 -65.46026611 0.65098039 0.74117647 0.85882353
v -1.52512360 0.55658126 -65.58206177 0.65098039 0.74117647 0.85882353
v -1.53609967 0.56721860 -65.57739258 0.65098039 0.74117647 0.85882353
v -1.53861213 0.54490954 -65.47270966 0.65098039 0.74117647 0.85882353
v -1.53303742 0.56380600 -65.44902039 0.65098039 0.74117647 0.85882353
v -1.52965987 0.57030821 -65.45655060 0.65098039 0.74117647 0.85882353
v -1.63442922 0.53115827 -65.54045868 0.65098039 0.74117647 0.85882353
v -1.64521277 0.52830678 -65.54977417 0.65098039 0.74117647 0.85882353
v -1.65324962 0.53142518 -65.53153229 0.65098039 0.74117647 0.85882353
v -1.64260507 0.53294051 -65.52309418 0.65098039 0.74117647 0.85882353
v -1.62422156 0.52716869 -65.53073120 0.65098039 0.74117647 0.85882353
v -1.63329983 0.52826548 -65.51477814 0.65098039 0.74117647 0.85882353
v -1.62474883 0.46344262 -65.51476288 0.65098039 0.74117647 0.85882353
v -1.61661017 0.47604889 -65.51380920 0.65098039 0.74117647 0.85882353
v -1.62968075 0.48046786 -65.50019073 0.65098039 0.74117647 0.85882353
v -1.63824213 0.46908349 -65.50138855 0.65098039 0.74117647 0.85882353
v -1.63592744 0.52044570 -65.49256134 0.65098039 0.74117647 0.85882353
v -1.63419247 0.50917447 -65.48908234 0.65098039 0.74117647 0.85882353
v -1.62338865 0.50640470 -65.50325775 0.65098039 0.74117647 0.85882353
v -1.62669694 0.51874214 -65.50771332 0.65098039 0.74117647 0.85882353
v -1.64965904 0.45364082 -65.52980804 0.65098039 0.74117647 0.85882353
v -1.65978205 0.45780224 -65.54000092 0.65098039 0.74117647 0.85882353
v -1.64703560 0.44894660 -65.55420685 0.65098039 0.74117647 0.85882353
v -1.63632405 0.44572878 -65.54299927 0.65098039 0.74117647 0.85882353
v -1.57210457 0.45006460 -65.56754303 0.65098039 0.74117647 0.85882353
v -1.57768273 0.43817455 -65.57152557 0.65098039 0.74117647 0.85882353
v -1.56894207 0.43690467 -65.57913971 0.65098039 0.74117647 0.85882353
v -1.56626248 0.44935262 -65.57518005 0.65098039 0.74117647 0.85882353
v -1.61641645 0.52697331 -65.57393646 0.65098039 0.74117647 0.85882353
v -1.62645829 0.52143782 -65.58495331 0.65098039 0.74117647 0.85882353
v -1.63628602 0.52526873 -65.56759644 0.65098039 0.74117647 0.85882353
v -1.62559295 0.52939028 -65.55731201 0.65098039 0.74117647 0.85882353
v -1.58906615 0.50155288 -65.54556274 0.65098039 0.74117647 0.85882353
v -1.58754313 0.48488086 -65.54174805 0.65098039 0.74117647 0.85882353
v -1.57627225 0.48265243 -65.55578613 0.65098039 0.74117647 0.85882353
v -1.57861865 0.49929887 -65.55977631 0.65098039 0.74117647 0.85882353
v -1.60699117 0.52400827 -65.59154510 0.65098039 0.74117647 0.85882353
v -1.61567998 0.51651555 -65.60211945 0.65098039 0.74117647 0.85882353
v -1.61193895 0.50474513 -65.51721191 0.65098039 0.74117647 0.85882353
v -1.61223495 0.48991412 -65.51484680 0.65098039 0.74117647 0.85882353
v -1.59946251 0.48733848 -65.52804565 0.65098039 0.74117647 0.85882353
v -1.60043621 0.50311309 -65.53105164 0.65098039 0.74117647 0.85882353
v -1.67221427 0.47051877 -65.50167847 0.65098039 0.74117647 0.85882353
v -1.68056488 0.47533679 -65.51010132 0.65098039 0.74117647 0.85882353
v -1.67056835 0.46671212 -65.52525330 0.65098039 0.74117647 0.85882353
v -1.66160882 0.46204829 -65.51586151 0.65098039 0.74117647 0.85882353
v -1.63656533 0.49727923 -65.48723602 0.65098039 0.74117647 0.85882353
v -1.64211285 0.48565155 -65.48656464 0.65098039 0.74117647 0.85882353
v -1.62476218 0.49316227 -65.50116730 0.65098039 0.74117647 0.85882353
v -1.67920923 0.51977324 -65.52412415 0.65098039 0.74117647 0.85882353
v -1.67088950 0.52889353 -65.51998138 0.65098039 0.74117647 0.85882353
v -1.66309476 0.52478349 -65.53884125 0.65098039 0.74117647 0.85882353
v -1.67149007 0.51399487 -65.54292297 0.65098039 0.74117647 0.85882353
v -1.59628022 0.45467639 -65.54177856 0.65098039 0.74117647 0.85882353
v -1.59014595 0.46840125 -65.54070282 0.65098039 0.74117647 0.85882353
v -1.60309386 0.47210413 -65.52721405 0.65098039 0.74117647 0.85882353
v -1.61064470 0.45878482 -65.52833557 0.65098039 0.74117647 0.85882353
v -1.60435438 0.52590150 -65.56257629 0.65098039 0.74117647 0.85882353
v -1.61436331 0.52660966 -65.54669189 0.65098039 0.74117647 0.85882353
v -1.66360617 0.50730759 -65.56101227 0.65098039 0.74117647 0.85882353
v -1.65475702 0.52018213 -65.55722046 0.65098039 0.74117647 0.85882353
v -1.64555299 0.51518029 -65.57500458 0.65098039 0.74117647 0.85882353
v -1.65356481 0.50205445 -65.57947540 0.65098039 0.74117647 0.85882353
v -1.64728546 0.47738725 -65.59570312 0.65098039 0.74117647 0.85882353
v -1.64635491 0.46135730 -65.58918762 0.65098039 0.74117647 0.85882353
v -1.65798092 0.47120374 -65.57366943 0.65098039 0.74117647 0.85882353
v -1.65831065 0.48617858 -65.57891846 0.65098039 0.74117647 0.85882353
v -1.58282542 0.45194155 -65.55592346 0.65098039 0.74117647 0.85882353
v -1.59111285 0.44008934 -65.55984497 0.65098039 0.74117647 0.85882353
v -1.62122846 0.43911642 -65.55608368 0.65098039 0.74117647 0.85882353
v -1.63253665 0.44071919 -65.56806183 0.65098039 0.74117647 0.85882353
v -1.61574554 0.43352091 -65.58127594 0.65098039 0.74117647 0.85882353
v -1.60338688 0.43294996 -65.56841278 0.65098039 0.74117647 0.85882353
v -1.57875705 0.51111066 -65.59539795 0.65098039 0.74117647 0.85882353
v -1.58731675 0.51622641 -65.60900116 0.65098039 0.74117647 0.85882353
v -1.59029150 0.51939225 -65.59486389 0.65098039 0.74117647 0.85882353
v -1.58064294 0.51112312 -65.58197021 0.65098039 0.74117647 0.85882353
v -1.59831023 0.51919705 -65.60803986 0.65098039 0.74117647 0.85882353
v -1.59211636 0.51463771 -65.62213898 0.65098039 0.74117647 0.85882353
v -1.58755922 0.50068873 -65.64225006 0.65098039 0.74117647 0.85882353
v -1.58309186 0.48967224 -65.64585114 0.65098039 0.74117647 0.85882353
v -1.59018815 0.48899430 -65.64503479 0.65098039 0.74117647 0.85882353
v -1.59146690 0.50048268 -65.63938904 0.65098039 0.74117647 0.85882353
v -1.62082660 0.45809048 -65.62759399 0.65098039 0.74117647 0.85882353
v -1.61555886 0.44165176 -65.62071228 0.65098039 0.74117647 0.85882353
v -1.63184750 0.45127779 -65.60477448 0.65098039 0.74117647 0.85882353
v -1.63528943 0.46722090 -65.61182404 0.65098039 0.74117647 0.85882353
v -1.58948922 0.42532563 -65.61599731 0.65098039 0.74117647 0.85882353
v -1.58209419 0.42346472 -65.60011292 0.65098039 0.74117647 0.85882353
v -1.59810245 0.42712849 -65.59290314 0.65098039 0.74117647 0.85882353
v -1.60742724 0.43133944 -65.60776520 0.65098039 0.74117647 0.85882353
v -1.54247737 0.44783980 -65.59484100 0.65098039 0.74117647 0.85882353
v -1.54626667 0.44654047 -65.58252716 0.65098039 0.74117647 0.85882353
v -1.55420470 0.43629509 -65.59294891 0.65098039 0.74117647 0.85882353
v -1.55271816 0.43700004 -65.60552979 0.65098039 0.74117647 0.85882353
v -1.56559658 0.44628465 -65.57311249 0.65098039 0.74117647 0.85882353
v -1.56326044 0.45461136 -65.56217194 0.65098039 0.74117647 0.85882353
v -1.57425010 0.46272933 -65.55847168 0.65098039 0.74117647 0.85882353
v -1.57490683 0.45564973 -65.56945038 0.65098039 0.74117647 0.85882353
v -1.59832776 0.51288384 -65.59819031 0.65098039 0.74117647 0.85882353
v -1.59166145 0.51871067 -65.61427307 0.65098039 0.74117647 0.85882353
v -1.59400082 0.51561779 -65.62097168 0.65098039 0.74117647 0.85882353
v -1.59573102 0.50968212 -65.60591125 0.65098039 0.74117647 0.85882353
v -1.60595810 0.45185608 -65.64060211 0.65098039 0.74117647 0.85882353
v -1.59771907 0.43272430 -65.63362885 0.65098039 0.74117647 0.85882353
v -1.56561315 0.44028038 -65.58020782 0.65098039 0.74117647 0.85882353
v -1.57151127 0.45124477 -65.57691193 0.65098039 0.74117647 0.85882353
v -1.56642962 0.44912112 -65.57898712 0.65098039 0.74117647 0.85882353
v -1.56475151 0.43789476 -65.58270264 0.65098039 0.74117647 0.85882353
v -1.58534884 0.47940189 -65.58514404 0.65098039 0.74117647 0.85882353
v -1.58632350 0.49480534 -65.59587097 0.65098039 0.74117647 0.85882353
v -1.57836092 0.49487299 -65.59317017 0.65098039 0.74117647 0.85882353
v -1.57526779 0.47783649 -65.58503723 0.65098039 0.74117647 0.85882353
v -1.59092498 0.50863278 -65.60924530 0.65098039 0.74117647 0.85882353
v -1.59277225 0.51360148 -65.62414551 0.65098039 0.74117647 0.85882353
v -1.58721256 0.51557499 -65.61980438 0.65098039 0.74117647 0.85882353
v -1.58211482 0.50933206 -65.60491180 0.65098039 0.74117647 0.85882353
v -1.59305048 0.45084614 -65.64644623 0.65098039 0.74117647 0.85882353
v -1.59590733 0.46623200 -65.64848328 0.65098039 0.74117647 0.85882353
v -1.58406210 0.46469522 -65.64946747 0.65098039 0.74117647 0.85882353
v -1.57994795 0.45086974 -65.64579010 0.65098039 0.74117647 0.85882353
v -1.57351136 0.42520857 -65.61652374 0.65098039 0.74117647 0.85882353
v -1.56932855 0.42405325 -65.60260010 0.65098039 0.74117647 0.85882353
v -1.57032871 0.47816581 -65.57781982 0.65098039 0.74117647 0.85882353
v -1.56660306 0.46301520 -65.57436371 0.65098039 0.74117647 0.85882353
v -1.57024598 0.46270180 -65.57939911 0.65098039 0.74117647 0.85882353
v -1.59004509 0.51198655 -65.63194275 0.65098039 0.74117647 0.85882353
v -1.54145539 0.45109487 -65.60681152 0.65098039 0.74117647 0.85882353
v -1.54169822 0.45691353 -65.61790466 0.65098039 0.74117647 0.85882353
v -1.53048694 0.46816969 -65.60530090 0.65098039 0.74117647 0.85882353
v -1.53072798 0.46217650 -65.59386444 0.65098039 0.74117647 0.85882353
v -1.53344393 0.45916146 -65.58161926 0.65098039 0.74117647 0.85882353
v -1.53931141 0.45878589 -65.56900024 0.65098039 0.74117647 0.85882353
v -1.55956268 0.46645576 -65.54820251 0.65098039 0.74117647 0.85882353
v -1.57179606 0.47469163 -65.54439545 0.65098039 0.74117647 0.85882353
v -1.58358955 0.48568046 -65.54632568 0.65098039 0.74117647 0.85882353
v -1.59315872 0.49790591 -65.55317688 0.65098039 0.74117647 0.85882353
v -1.59468353 0.48708797 -65.56689453 0.65098039 0.74117647 0.85882353
v -1.58541012 0.47412235 -65.56054688 0.65098039 0.74117647 0.85882353
v -1.59570122 0.52180219 -65.58251953 0.65098039 0.74117647 0.85882353
v -1.58737111 0.52714038 -65.59899139 0.65098039 0.74117647 0.85882353
v -1.58342326 0.51551515 -65.62587738 0.65098039 0.74117647 0.85882353
v -1.57724059 0.52503514 -65.61297607 0.65098039 0.74117647 0.85882353
v -1.56186914 0.43237025 -65.58813477 0.65098039 0.74117647 0.85882353
v -1.55838895 0.43932754 -65.58132935 0.65098039 0.74117647 0.85882353
v -1.66837406 0.49406576 -65.56192017 0.65098039 0.74117647 0.85882353
v -1.66873062 0.47973192 -65.55735779 0.65098039 0.74117647 0.85882353
v -1.67822707 0.48789120 -65.54037476 0.65098039 0.74117647 0.85882353
v -1.67661560 0.50175661 -65.54386902 0.65098039 0.74117647 0.85882353
v -1.68563092 0.48419106 -65.51758575 0.65098039 0.74117647 0.85882353
v -1.67627311 0.47586870 -65.53372192 0.65098039 0.74117647 0.85882353
v -1.61620021 0.51790094 -65.52281189 0.65098039 0.74117647 0.85882353
v -1.60574377 0.51682383 -65.53765106 0.65098039 0.74117647 0.85882353
v -1.64184058 0.52984744 -65.49842072 0.65098039 0.74117647 0.85882353
v -1.57361984 0.49499494 -65.58433533 0.65098039 0.74117647 0.85882353
v -1.57365990 0.49663883 -65.57322693 0.65098039 0.74117647 0.85882353
v -1.57802689 0.47782177 -65.64788055 0.65098039 0.74117647 0.85882353
v -1.57521141 0.49257928 -65.64330292 0.65098039 0.74117647 0.85882353
v -1.56850398 0.48091054 -65.64428711 0.65098039 0.74117647 0.85882353
v -1.60703731 0.47096580 -65.64221191 0.65098039 0.74117647 0.85882353
v -1.61876118 0.47876632 -65.63011932 0.65098039 0.74117647 0.85882353
v -1.61122704 0.49647892 -65.62554932 0.65098039 0.74117647 0.85882353
v -1.60056257 0.48786569 -65.64045715 0.65098039 0.74117647 0.85882353
v -1.56827438 0.45202041 -65.64195251 0.65098039 0.74117647 0.85882353
v -1.57298386 0.46505064 -65.64694977 0.65098039 0.74117647 0.85882353
v -1.56234026 0.46927100 -65.64201355 0.65098039 0.74117647 0.85882353
v -1.55703080 0.45741677 -65.63642883 0.65098039 0.74117647 0.85882353
v -1.59967291 0.49968696 -65.58068848 0.65098039 0.74117647 0.85882353
v -1.59498060 0.49560839 -65.59038544 0.65098039 0.74117647 0.85882353
v -1.55667806 0.51001841 -65.62868500 0.65098039 0.74117647 0.85882353
v -1.56610370 0.49961567 -65.63743591 0.65098039 0.74117647 0.85882353
v -1.57512653 0.50851750 -65.63385010 0.65098039 0.74117647 0.85882353
v -1.56734514 0.51815522 -65.62356567 0.65098039 0.74117647 0.85882353
v -1.58196950 0.50306594 -65.63947296 0.65098039 0.74117647 0.85882353
v -1.54675055 0.50019437 -65.62800598 0.65098039 0.74117647 0.85882353
v -1.55797923 0.48913413 -65.63784790 0.65098039 0.74117647 0.85882353
v -1.59814811 0.51078457 -65.56562042 0.65098039 0.74117647 0.85882353
v -1.54500210 0.46700245 -65.62734222 0.65098039 0.74117647 0.85882353
v -1.55117607 0.47809148 -65.63389587 0.65098039 0.74117647 0.85882353
v -1.53961992 0.48943394 -65.62291718 0.65098039 0.74117647 0.85882353
v -1.53340781 0.47815245 -65.61492920 0.65098039 0.74117647 0.85882353
v -1.66562533 0.46736592 -65.54965973 0.65098039 0.74117647 0.85882353
v -1.65404046 0.45835096 -65.56482697 0.65098039 0.74117647 0.85882353
v -1.57475781 0.42704344 -65.58706665 0.65098039 0.74117647 0.85882353
v -1.58713329 0.42850256 -65.57953644 0.65098039 0.74117647 0.85882353
v -1.56628132 0.42797726 -65.59023285 0.65098039 0.74117647 0.85882353
v -1.63712609 0.45501256 -65.52019501 0.65098039 0.74117647 0.85882353
v -1.65024555 0.46243215 -65.50701141 0.65098039 0.74117647 0.85882353
v -1.60702121 0.44367748 -65.54642487 0.65098039 0.74117647 0.85882353
v -1.62254381 0.44890481 -65.53343201 0.65098039 0.74117647 0.85882353
v -1.64341283 0.49423558 -65.59651947 0.65098039 0.74117647 0.85882353
v -1.56384587 0.43334317 -65.62419128 0.65098039 0.74117647 0.85882353
v -1.56208980 0.42938662 -65.61231232 0.65098039 0.74117647 0.85882353
v -1.57778859 0.43000430 -65.62992096 0.65098039 0.74117647 0.85882353
v -1.54863858 0.46127903 -65.55673218 0.65098039 0.74117647 0.85882353
v -1.55345678 0.44884688 -65.57071686 0.65098039 0.74117647 0.85882353
v -1.58952641 0.43927366 -65.64210510 0.65098039 0.74117647 0.85882353
v -1.54171062 0.47685808 -65.53959656 0.65098039 0.74117647 0.85882353
v -1.59633911 0.50431281 -65.63153839 0.65098039 0.74117647 0.85882353
v -1.59124398 0.51005673 -65.63555908 0.65098039 0.74117647 0.85882353
v -1.58864522 0.51179045 -65.63263702 0.65098039 0.74117647 0.85882353
v -1.66128910 0.53490293 -65.51304626 0.65098039 0.74117647 0.85882353
v -1.59495950 0.51556188 -65.55221558 0.65098039 0.74117647 0.85882353
v -1.56961441 0.48025531 -65.56826782 0.65098039 0.74117647 0.85882353
v -1.56944311 0.46457857 -65.56658173 0.65098039 0.74117647 0.85882353
v -1.56580782 0.44088537 -65.63430786 0.65098039 0.74117647 0.85882353
v -1.55370331 0.44679517 -65.62783051 0.65098039 0.74117647 0.85882353
v -1.55287576 0.44045609 -65.61711121 0.65098039 0.74117647 0.85882353
v -1.59276056 0.48141646 -65.57693481 0.65098039 0.74117647 0.85882353
v -1.58462167 0.46746063 -65.57096100 0.65098039 0.74117647 0.85882353
v -1.66174817 0.47031748 -65.49374390 0.65098039 0.74117647 0.85882353
v -1.57934332 0.46358949 -65.57836914 0.65098039 0.74117647 0.85882353
v -1.60625541 0.50824744 -65.61787415 0.65098039 0.74117647 0.85882353
v -1.36040127 0.62188703 -65.38330841 0.65098039 0.74117647 0.85882353
v -1.57382727 0.47075725 -65.41081238 0.65098039 0.74117647 0.85882353
v -1.58642030 0.43740433 -65.35079193 0.65098039 0.74117647 0.85882353
v -1.58362484 0.44358140 -65.37217712 0.65098039 0.74117647 0.85882353
v -1.54703236 0.52382368 -65.43915558 0.65098039 0.74117647 0.85882353
v -1.54115391 0.53326398 -65.44419861 0.65098039 0.74117647 0.85882353
v -1.52419960 0.55607074 -65.45863342 0.65098039 0.74117647 0.85882353
v -1.51919270 0.56570500 -65.46578217 0.65098039 0.74117647 0.85882353
v -1.57323861 0.50712216 -65.41097260 0.65098039 0.74117647 0.85882353
v -1.47351420 0.86628097 -65.31851959 0.65098039 0.74117647 0.85882353
v -1.47315252 0.85914046 -65.32069397 0.65098039 0.74117647 0.85882353
v -1.47287512 0.87993592 -65.31925964 0.65098039 0.74117647 0.85882353
v -1.56290674 0.27076006 -65.23654938 0.65098039 0.74117647 0.85882353
v -1.47645462 0.85292381 -65.30761719 0.65098039 0.74117647 0.85882353
v -1.47592175 0.84375900 -65.30915833 0.65098039 0.74117647 0.85882353
v -1.48017812 0.84879470 -65.30798340 0.65098039 0.74117647 0.85882353
v -1.47580349 0.85411537 -65.30595398 0.65098039 0.74117647 0.85882353
v -1.47570217 0.85528457 -65.30540466 0.65098039 0.74117647 0.85882353
v -1.47381115 0.88259912 -65.30867767 0.65098039 0.74117647 0.85882353
v -1.47338676 0.85006231 -65.32089996 0.65098039 0.74117647 0.85882353
v -1.47421920 0.84074658 -65.31884003 0.65098039 0.74117647 0.85882353
v -1.47537470 0.86935455 -65.30232239 0.65098039 0.74117647 0.85882353
v -1.43381429 0.28483230 -65.43928528 0.65098039 0.74117647 0.85882353
v -1.41550207 0.28157830 -65.42475891 0.65098039 0.74117647 0.85882353
v -1.41408336 0.26361644 -65.43424988 0.65098039 0.74117647 0.85882353
v -1.43520939 0.26658458 -65.44812775 0.65098039 0.74117647 0.85882353
v -1.41264892 0.24492215 -65.44406128 0.65098039 0.74117647 0.85882353
v -1.52688658 0.22566156 -65.49752045 0.65098039 0.74117647 0.85882353
v -1.55445325 0.22933511 -65.48880005 0.65098039 0.74117647 0.85882353
v -1.54943144 0.25041693 -65.48094177 0.65098039 0.74117647 0.85882353
v -1.52386427 0.24730162 -65.48938751 0.65098039 0.74117647 0.85882353
v -1.56781518 0.26653957 -65.46378326 0.65098039 0.74117647 0.85882353
v -1.54405928 0.26765674 -65.47464752 0.65098039 0.74117647 0.85882353
v -1.57368791 0.25072169 -65.46747589 0.65098039 0.74117647 0.85882353
v -1.59441268 0.24532698 -65.44915771 0.65098039 0.74117647 0.85882353
v -1.58873415 0.26210046 -65.44645691 0.65098039 0.74117647 0.85882353
v -1.60964191 0.23543109 -65.42862701 0.65098039 0.74117647 0.85882353
v -1.60369778 0.25364429 -65.42549133 0.65098039 0.74117647 0.85882353
v -1.61856914 0.22285502 -65.40637970 0.65098039 0.74117647 0.85882353
v -1.62127984 0.21007816 -65.38172913 0.65098039 0.74117647 0.85882353
v -1.62152874 0.17433414 -65.35585785 0.65098039 0.74117647 0.85882353
v -1.60963845 0.18493545 -65.32892609 0.65098039 0.74117647 0.85882353
v -1.61791325 0.19739868 -65.35504913 0.65098039 0.74117647 0.85882353
v -1.58647954 0.16627514 -65.28456879 0.65098039 0.74117647 0.85882353
v -1.59864771 0.17367421 -65.30484009 0.65098039 0.74117647 0.85882353
v -1.56060052 0.15867051 -65.25208282 0.65098039 0.74117647 0.85882353
v -1.57368100 0.16148043 -65.26673889 0.65098039 0.74117647 0.85882353
v -1.53382850 0.64314479 -65.36325073 0.65098039 0.74117647 0.85882353
v -1.43373311 0.70707756 -65.40731812 0.65098039 0.74117647 0.85882353
v -1.43898499 0.70524913 -65.41555023 0.65098039 0.74117647 0.85882353
v -1.46219492 0.71009606 -65.40892029 0.65098039 0.74117647 0.85882353
v -1.41765726 0.65840691 -65.45358276 0.65098039 0.74117647 0.85882353
v -1.42853892 0.67666203 -65.44775391 0.65098039 0.74117647 0.85882353
v -1.40903783 0.66760808 -65.43924713 0.65098039 0.74117647 0.85882353
v -1.40153897 0.65003115 -65.44362640 0.65098039 0.74117647 0.85882353
v -1.41586578 0.69856071 -65.40873718 0.65098039 0.74117647 0.85882353
v -1.41387403 0.69962919 -65.40306091 0.65098039 0.74117647 0.85882353
v -1.41752875 0.69626659 -65.41603851 0.65098039 0.74117647 0.85882353
v -1.38588727 0.67509538 -65.40190887 0.65098039 0.74117647 0.85882353
v -1.39937341 0.68561870 -65.41158295 0.65098039 0.74117647 0.85882353
v -1.49116242 0.70743203 -65.44175720 0.65098039 0.74117647 0.85882353
v -1.47045779 0.69719315 -65.45411682 0.65098039 0.74117647 0.85882353
v -1.48139191 0.69515711 -65.46150970 0.65098039 0.74117647 0.85882353
v -1.50248647 0.70487571 -65.45104218 0.65098039 0.74117647 0.85882353
v -1.43691528 0.64917558 -65.47469330 0.65098039 0.74117647 0.85882353
v -1.43148994 0.63221109 -65.47795868 0.65098039 0.74117647 0.85882353
v -1.44109297 0.63561577 -65.48558044 0.65098039 0.74117647 0.85882353
v -1.44692314 0.65142536 -65.48210907 0.65098039 0.74117647 0.85882353
v -1.53375077 0.67921084 -65.48055267 0.65098039 0.74117647 0.85882353
v -1.51336777 0.67837042 -65.49019623 0.65098039 0.74117647 0.85882353
v -1.52288747 0.66658753 -65.50144958 0.65098039 0.74117647 0.85882353
v -1.54141843 0.66486025 -65.49119568 0.65098039 0.74117647 0.85882353
v -1.45542800 0.66670984 -65.47742462 0.65098039 0.74117647 0.85882353
v -1.39954722 0.52727205 -65.45491791 0.65098039 0.74117647 0.85882353
v -1.40998435 0.53839046 -65.46891022 0.65098039 0.74117647 0.85882353
v -1.42039335 0.54971248 -65.47828674 0.65098039 0.74117647 0.85882353
v -1.44486260 0.57768184 -65.49391174 0.65098039 0.74117647 0.85882353
v -1.43871391 0.56949437 -65.49023438 0.65098039 0.74117647 0.85882353
v -1.44649005 0.55539429 -65.49177551 0.65098039 0.74117647 0.85882353
v -1.45087087 0.58501035 -65.49752808 0.65098039 0.74117647 0.85882353
v -1.45786417 0.58874553 -65.50220490 0.65098039 0.74117647 0.85882353
v -1.55883241 0.59697837 -65.44832611 0.65098039 0.74117647 0.85882353
v -1.56108105 0.60398871 -65.43811035 0.65098039 0.74117647 0.85882353
v -1.56339276 0.62769371 -65.44352722 0.65098039 0.74117647 0.85882353
v -1.47056544 0.58448166 -65.51274109 0.65098039 0.74117647 0.85882353
v -1.46641803 0.58684427 -65.50489044 0.65098039 0.74117647 0.85882353
v -1.46853232 0.57995749 -65.50363159 0.65098039 0.74117647 0.85882353
v -1.47182381 0.57899678 -65.51091766 0.65098039 0.74117647 0.85882353
v -1.48075771 0.70856470 -65.43302917 0.65098039 0.74117647 0.85882353
v -1.50694358 0.66115922 -65.50870514 0.65098039 0.74117647 0.85882353
v -1.49766243 0.67041421 -65.49716187 0.65098039 0.74117647 0.85882353
v -1.48631382 0.65904498 -65.50382996 0.65098039 0.74117647 0.85882353
v -1.49563575 0.65186447 -65.51448059 0.65098039 0.74117647 0.85882353
v -1.48552203 0.64299667 -65.51790619 0.65098039 0.74117647 0.85882353
v -1.47637892 0.64824373 -65.50794983 0.65098039 0.74117647 0.85882353
v -1.46926379 0.63707322 -65.50988007 0.65098039 0.74117647 0.85882353
v -1.47794843 0.63331628 -65.51894379 0.65098039 0.74117647 0.85882353
v -1.46937859 0.59163874 -65.51448822 0.65098039 0.74117647 0.85882353
v -1.46425736 0.59408796 -65.50673676 0.65098039 0.74117647 0.85882353
v -1.56140757 0.63794065 -65.48624420 0.65098039 0.74117647 0.85882353
v -1.53609633 0.69620186 -65.44626617 0.65098039 0.74117647 0.85882353
v -1.55283654 0.67851371 -65.43128204 0.65098039 0.74117647 0.85882353
v -1.54537106 0.68797827 -65.42198181 0.65098039 0.74117647 0.85882353
v -1.52619123 0.70404404 -65.43680573 0.65098039 0.74117647 0.85882353
v -1.50735283 0.55711538 -65.48577881 0.65098039 0.74117647 0.85882353
v -1.51809800 0.56120861 -65.47559357 0.65098039 0.74117647 0.85882353
v -1.49682283 0.55320567 -65.49413300 0.65098039 0.74117647 0.85882353
v -1.47678435 0.56595832 -65.49829102 0.65098039 0.74117647 0.85882353
v -1.48721457 0.55331755 -65.50148773 0.65098039 0.74117647 0.85882353
v -1.54999661 0.57319605 -65.45364380 0.65098039 0.74117647 0.85882353
v -1.55880332 0.58751279 -65.45676422 0.65098039 0.74117647 0.85882353
v -1.55973125 0.65185696 -65.42170715 0.65098039 0.74117647 0.85882353
v -1.55470443 0.66184789 -65.41225433 0.65098039 0.74117647 0.85882353
v -1.54806209 0.64912921 -65.50125122 0.65098039 0.74117647 0.85882353
v -1.53082466 0.65237540 -65.51237488 0.65098039 0.74117647 0.85882353
v -1.47257900 0.57891214 -65.52191162 0.65098039 0.74117647 0.85882353
v -1.47289515 0.57313591 -65.51943970 0.65098039 0.74117647 0.85882353
v -1.47458756 0.56934291 -65.52806091 0.65098039 0.74117647 0.85882353
v -1.47017622 0.56049764 -65.49862671 0.65098039 0.74117647 0.85882353
v -1.47127008 0.57349104 -65.50226593 0.65098039 0.74117647 0.85882353
v -1.51316154 0.70004410 -65.46077728 0.65098039 0.74117647 0.85882353
v -1.51453447 0.64933431 -65.51911163 0.65098039 0.74117647 0.85882353
v -1.50216067 0.64243180 -65.52365112 0.65098039 0.74117647 0.85882353
v -1.46693003 0.65153211 -65.49861145 0.65098039 0.74117647 0.85882353
v -1.47617471 0.66392064 -65.49383545 0.65098039 0.74117647 0.85882353
v -1.46589577 0.66636497 -65.48516083 0.65098039 0.74117647 0.85882353
v -1.45684767 0.65237141 -65.49026489 0.65098039 0.74117647 0.85882353
v -1.48499060 0.62701648 -65.52858734 0.65098039 0.74117647 0.85882353
v -1.48007321 0.61631072 -65.52870941 0.65098039 0.74117647 0.85882353
v -1.45082951 0.63778532 -65.49336243 0.65098039 0.74117647 0.85882353
v -1.46036947 0.63844645 -65.50116730 0.65098039 0.74117647 0.85882353
v -1.47258353 0.58646953 -65.52354431 0.65098039 0.74117647 0.85882353
v -1.54767156 0.66871613 -65.40387726 0.65098039 0.74117647 0.85882353
v -1.55431366 0.64231664 -65.39759064 0.65098039 0.74117647 0.85882353
v -1.54763770 0.64506620 -65.38728333 0.65098039 0.74117647 0.85882353
v -1.56220686 0.62513483 -65.41738892 0.65098039 0.74117647 0.85882353
v -1.55851412 0.63517421 -65.40750122 0.65098039 0.74117647 0.85882353
v -1.56317627 0.61287498 -65.42771149 0.65098039 0.74117647 0.85882353
v -1.54170167 0.64385325 -65.37613678 0.65098039 0.74117647 0.85882353
v -1.57679105 0.43869191 -65.63869476 0.65098039 0.74117647 0.85882353
v -1.47492611 0.56337589 -65.52609253 0.65098039 0.74117647 0.85882353
v -1.47877109 0.55894279 -65.53684998 0.65098039 0.74117647 0.85882353
v -1.47860146 0.56598872 -65.53672791 0.65098039 0.74117647 0.85882353
v -1.51237655 0.54783767 -65.57936859 0.65098039 0.74117647 0.85882353
v -1.42719114 0.78297085 -65.18114471 0.65098039 0.74117647 0.85882353
v -1.42537344 0.78861159 -65.17867279 0.65098039 0.74117647 0.85882353
v -1.42000747 0.80852795 -65.17762756 0.65098039 0.74117647 0.85882353
v -1.41902685 0.81210166 -65.17839050 0.65098039 0.74117647 0.85882353
v -1.58725607 0.47729367 -65.64880371 0.65098039 0.74117647 0.85882353
v -1.59509277 0.47712803 -65.64709473 0.65098039 0.74117647 0.85882353
v -1.63092554 0.48678279 -65.61364746 0.65098039 0.74117647 0.85882353
v -1.63460505 0.50957078 -65.59241486 0.65098039 0.74117647 0.85882353
v -1.62298870 0.50314051 -65.60919952 0.65098039 0.74117647 0.85882353
v -1.59518516 0.52402288 -65.57875061 0.65098039 0.74117647 0.85882353
v -1.58575726 0.51430899 -65.56783295 0.65098039 0.74117647 0.85882353
v -1.57831979 0.46572125 -65.55446625 0.65098039 0.74117647 0.85882353
v -1.62498665 0.43977886 -65.59416199 0.65098039 0.74117647 0.85882353
v -1.66418982 0.54258657 -65.47080994 0.65098039 0.74117647 0.85882353
v -1.67501509 0.54345173 -65.47666931 0.65098039 0.74117647 0.85882353
v -1.68156528 0.54891503 -65.45909119 0.65098039 0.74117647 0.85882353
v -1.67116582 0.54639822 -65.45338440 0.65098039 0.74117647 0.85882353
v -1.67809272 0.55073464 -65.43666840 0.65098039 0.74117647 0.85882353
v -1.67240286 0.54261243 -65.43189240 0.65098039 0.74117647 0.85882353
v -1.66475427 0.53918564 -65.44817352 0.65098039 0.74117647 0.85882353
v -1.67189741 0.53272849 -65.42933655 0.65098039 0.74117647 0.85882353
v -1.66333747 0.52935761 -65.44502258 0.65098039 0.74117647 0.85882353
v -1.67419291 0.52233934 -65.42854309 0.65098039 0.74117647 0.85882353
v -1.67884099 0.51428878 -65.42854309 0.65098039 0.74117647 0.85882353
v -1.66924357 0.50996035 -65.44305420 0.65098039 0.74117647 0.85882353
v -1.66508234 0.51895458 -65.44351959 0.65098039 0.74117647 0.85882353
v -1.66489053 0.49679089 -65.45820618 0.65098039 0.74117647 0.85882353
v -1.67588878 0.50252563 -65.44399261 0.65098039 0.74117647 0.85882353
v -1.68438804 0.49654812 -65.44663239 0.65098039 0.74117647 0.85882353
v -1.67329574 0.48922205 -65.46054840 0.65098039 0.74117647 0.85882353
v -1.71069646 0.50260818 -65.44085693 0.65098039 0.74117647 0.85882353
v -1.71592247 0.50772172 -65.44561768 0.65098039 0.74117647 0.85882353
v -1.70805037 0.50016356 -65.46204376 0.65098039 0.74117647 0.85882353
v -1.70214319 0.49444813 -65.45664978 0.65098039 0.74117647 0.85882353
v -1.70335793 0.51076961 -65.48687744 0.65098039 0.74117647 0.85882353
v -1.70272529 0.50058550 -65.48364258 0.65098039 0.74117647 0.85882353
v -1.71106946 0.50869602 -65.46655273 0.65098039 0.74117647 0.85882353
v -1.71194077 0.51866001 -65.46980286 0.65098039 0.74117647 0.85882353
v -1.72052395 0.52579260 -65.45446777 0.65098039 0.74117647 0.85882353
v -1.71607399 0.53583860 -65.45391083 0.65098039 0.74117647 0.85882353
v -1.70857215 0.52837652 -65.47020721 0.65098039 0.74117647 0.85882353
v -1.65105033 0.53518665 -65.50557709 0.65098039 0.74117647 0.85882353
v -1.65746367 0.53855091 -65.48835754 0.65098039 0.74117647 0.85882353
v -1.64943337 0.53258842 -65.48164368 0.65098039 0.74117647 0.85882353
v -1.65502334 0.51581442 -65.45867157 0.65098039 0.74117647 0.85882353
v -1.64483809 0.51264697 -65.47389984 0.65098039 0.74117647 0.85882353
v -1.64515710 0.52349037 -65.47668457 0.65098039 0.74117647 0.85882353
v -1.65415680 0.52619165 -65.46086884 0.65098039 0.74117647 0.85882353
v -1.65079665 0.47545344 -65.48802185 0.65098039 0.74117647 0.85882353
v -1.65410650 0.49134356 -65.47252655 0.65098039 0.74117647 0.85882353
v -1.66242123 0.48251665 -65.47450256 0.65098039 0.74117647 0.85882353
v -1.65902162 0.50594270 -65.45789337 0.65098039 0.74117647 0.85882353
v -1.64826846 0.50182098 -65.47276306 0.65098039 0.74117647 0.85882353
v -1.68349791 0.48539537 -65.46595764 0.65098039 0.74117647 0.85882353
v -1.69364631 0.49370766 -65.45130157 0.65098039 0.74117647 0.85882353
v -1.68450940 0.53909874 -65.48246002 0.65098039 0.74117647 0.85882353
v -1.69331574 0.53149873 -65.48629761 0.65098039 0.74117647 0.85882353
v -1.70127261 0.53734308 -65.46755219 0.65098039 0.74117647 0.85882353
v -1.69195437 0.54480988 -65.46398163 0.65098039 0.74117647 0.85882353
v -1.67244267 0.47809082 -65.47982025 0.65098039 0.74117647 0.85882353
v -1.68640447 0.52556747 -65.50508118 0.65098039 0.74117647 0.85882353
v -1.67778111 0.53371876 -65.50118256 0.65098039 0.74117647 0.85882353
v -1.69994891 0.52203035 -65.48826599 0.65098039 0.74117647 0.85882353
v -1.69241011 0.51512867 -65.50630188 0.65098039 0.74117647 0.85882353
v -1.69865394 0.55040956 -65.44725037 0.65098039 0.74117647 0.85882353
v -1.68799913 0.55383831 -65.44212341 0.65098039 0.74117647 0.85882353
v -1.66729236 0.53900915 -65.49541473 0.65098039 0.74117647 0.85882353
v -1.69238484 0.48628056 -65.47218323 0.65098039 0.74117647 0.85882353
v -1.69914353 0.49171460 -65.47850800 0.65098039 0.74117647 0.85882353
v -1.68996620 0.48347402 -65.49446106 0.65098039 0.74117647 0.85882353
v -1.68238485 0.47832310 -65.48706055 0.65098039 0.74117647 0.85882353
v -1.68664503 0.49576777 -65.52260590 0.65098039 0.74117647 0.85882353
v -1.69380987 0.49274927 -65.50086975 0.65098039 0.74117647 0.85882353
v -1.69473267 0.50350493 -65.50483704 0.65098039 0.74117647 0.85882353
v -1.71924222 0.51551497 -65.45048523 0.65098039 0.74117647 0.85882353
v -1.68540609 0.50789964 -65.52456665 0.65098039 0.74117647 0.85882353
v -1.71587133 0.55025506 -65.35942841 0.65098039 0.74117647 0.85882353
v -1.70917332 0.54515982 -65.36457825 0.65098039 0.74117647 0.85882353
v -1.70265114 0.55082583 -65.35706329 0.65098039 0.74117647 0.85882353
v -1.70973051 0.55624789 -65.35295868 0.65098039 0.74117647 0.85882353
v -1.68436217 0.53997666 -65.36608887 0.65098039 0.74117647 0.85882353
v -1.67526460 0.54405445 -65.37324524 0.65098039 0.74117647 0.85882353
v -1.67308736 0.55281705 -65.36347961 0.65098039 0.74117647 0.85882353
v -1.68063951 0.54918593 -65.35726166 0.65098039 0.74117647 0.85882353
v -1.70452023 0.56320554 -65.34896851 0.65098039 0.74117647 0.85882353
v -1.69767845 0.55712509 -65.35187531 0.65098039 0.74117647 0.85882353
v -1.70016980 0.56903851 -65.34989166 0.65098039 0.74117647 0.85882353
v -1.70843172 0.57584864 -65.34790802 0.65098039 0.74117647 0.85882353
v -1.70990491 0.56884384 -65.34536743 0.65098039 0.74117647 0.85882353
v -1.71421170 0.58011824 -65.34426117 0.65098039 0.74117647 0.85882353
v -1.71102440 0.58105153 -65.35852814 0.65098039 0.74117647 0.85882353
v -1.71975076 0.58451647 -65.35093689 0.65098039 0.74117647 0.85882353
v -1.73331761 0.57635480 -65.37453461 0.65098039 0.74117647 0.85882353
v -1.74167144 0.57070214 -65.37939453 0.65098039 0.74117647 0.85882353
v -1.74803948 0.57495826 -65.36710358 0.65098039 0.74117647 0.85882353
v -1.73898208 0.57988203 -65.36202240 0.65098039 0.74117647 0.85882353
v -1.75959420 0.55869144 -65.37594604 0.65098039 0.74117647 0.85882353
v -1.75441051 0.56736445 -65.37068176 0.65098039 0.74117647 0.85882353
v -1.74724340 0.56412959 -65.38320160 0.65098039 0.74117647 0.85882353
v -1.75203574 0.55636871 -65.38734436 0.65098039 0.74117647 0.85882353
v -1.72622466 0.54257804 -65.36935425 0.65098039 0.74117647 0.85882353
v -1.72123337 0.53688186 -65.37615204 0.65098039 0.74117647 0.85882353
v -1.71623063 0.54060143 -65.37213898 0.65098039 0.74117647 0.85882353
v -1.72179699 0.54581475 -65.36595917 0.65098039 0.74117647 0.85882353
v -1.69101286 0.57544738 -65.35092926 0.65098039 0.74117647 0.85882353
v -1.69727087 0.57626879 -65.35992432 0.65098039 0.74117647 0.85882353
v -1.70036662 0.57513630 -65.35393524 0.65098039 0.74117647 0.85882353
v -1.69227445 0.57263184 -65.34816742 0.65098039 0.74117647 0.85882353
v -1.71795809 0.51438218 -65.39435577 0.65098039 0.74117647 0.85882353
v -1.71158850 0.51198244 -65.40457916 0.65098039 0.74117647 0.85882353
v -1.70428860 0.51686132 -65.40215302 0.65098039 0.74117647 0.85882353
v -1.71141088 0.51860660 -65.39353943 0.65098039 0.74117647 0.85882353
v -1.68170094 0.53079218 -65.39035797 0.65098039 0.74117647 0.85882353
v -1.68664670 0.52707654 -65.39789581 0.65098039 0.74117647 0.85882353
v -1.67815447 0.53784549 -65.40492249 0.65098039 0.74117647 0.85882353
v -1.67643094 0.54250538 -65.39728546 0.65098039 0.74117647 0.85882353
v -1.67792594 0.53637940 -65.38226318 0.65098039 0.74117647 0.85882353
v -1.67437506 0.54745704 -65.38979340 0.65098039 0.74117647 0.85882353
v -1.67306614 0.55351049 -65.38008881 0.65098039 0.74117647 0.85882353
v -1.67146027 0.56061476 -65.36888123 0.65098039 0.74117647 0.85882353
v -1.72072601 0.50900000 -65.40930939 0.65098039 0.74117647 0.85882353
v -1.72703052 0.50943428 -65.40246582 0.65098039 0.74117647 0.85882353
v -1.73347688 0.58489400 -65.30086517 0.65098039 0.74117647 0.85882353
v -1.73781025 0.58108002 -65.30048370 0.65098039 0.74117647 0.85882353
v -1.73557293 0.58018571 -65.30548859 0.65098039 0.74117647 0.85882353
v -1.73115540 0.58402675 -65.30593872 0.65098039 0.74117647 0.85882353
v -1.73937666 0.52070075 -65.41514587 0.65098039 0.74117647 0.85882353
v -1.74063790 0.53050369 -65.41787720 0.65098039 0.74117647 0.85882353
v -1.73612761 0.52691716 -65.42332458 0.65098039 0.74117647 0.85882353
v -1.73342776 0.51778519 -65.41925812 0.65098039 0.74117647 0.85882353
v -1.74662328 0.52367741 -65.40937042 0.65098039 0.74117647 0.85882353
v -1.74609888 0.53484225 -65.41127014 0.65098039 0.74117647 0.85882353
v -1.73837912 0.59673762 -65.30377197 0.65098039 0.74117647 0.85882353
v -1.73386812 0.59405035 -65.30271149 0.65098039 0.74117647 0.85882353
v -1.73248374 0.59347421 -65.30840302 0.65098039 0.74117647 0.85882353
v -1.73729134 0.59599036 -65.30973053 0.65098039 0.74117647 0.85882353
v -1.71457195 0.56113583 -65.34757233 0.65098039 0.74117647 0.85882353
v -1.72038770 0.55531073 -65.35305786 0.65098039 0.74117647 0.85882353
v -1.72511160 0.56638712 -65.33501434 0.65098039 0.74117647 0.85882353
v -1.72454166 0.56005156 -65.34485626 0.65098039 0.74117647 0.85882353
v -1.71733928 0.56595033 -65.34142303 0.65098039 0.74117647 0.85882353
v -1.71968794 0.57052416 -65.33538055 0.65098039 0.74117647 0.85882353
v -1.73879588 0.54849595 -65.35585022 0.65098039 0.74117647 0.85882353
v -1.73404753 0.54466647 -65.36409760 0.65098039 0.74117647 0.85882353
v -1.72948229 0.54992765 -65.35929108 0.65098039 0.74117647 0.85882353
v -1.73429632 0.55344766 -65.35079956 0.65098039 0.74117647 0.85882353
v -1.74223137 0.53502667 -65.36779785 0.65098039 0.74117647 0.85882353
v -1.74730146 0.53912622 -65.36027527 0.65098039 0.74117647 0.85882353
v -1.75175500 0.53382558 -65.36202240 0.65098039 0.74117647 0.85882353
v -1.74675572 0.53049147 -65.36853790 0.65098039 0.74117647 0.85882353
v -1.75217152 0.55072945 -65.34353638 0.65098039 0.74117647 0.85882353
v -1.75724554 0.55579823 -65.33727264 0.65098039 0.74117647 0.85882353
v -1.76128769 0.55300623 -65.33972931 0.65098039 0.74117647 0.85882353
v -1.75621295 0.54725862 -65.34554291 0.65098039 0.74117647 0.85882353
v -1.73222041 0.52358919 -65.42890167 0.65098039 0.74117647 0.85882353
v -1.72829604 0.51510453 -65.42482758 0.65098039 0.74117647 0.85882353
v -1.76804447 0.54052061 -65.38336182 0.65098039 0.74117647 0.85882353
v -1.76827276 0.52986383 -65.38444519 0.65098039 0.74117647 0.85882353
v -1.77556396 0.53014719 -65.37641144 0.65098039 0.74117647 0.85882353
v -1.77468550 0.54126203 -65.37534332 0.65098039 0.74117647 0.85882353
v -1.73815966 0.54096043 -65.41761017 0.65098039 0.74117647 0.85882353
v -1.73453152 0.53753591 -65.42406464 0.65098039 0.74117647 0.85882353
v -1.74432158 0.59656084 -65.30449677 0.65098039 0.74117647 0.85882353
v -1.74325073 0.59590542 -65.31056976 0.65098039 0.74117647 0.85882353
v -1.67917514 0.56168240 -65.38517761 0.65098039 0.74117647 0.85882353
v -1.67661095 0.56791610 -65.37271118 0.65098039 0.74117647 0.85882353
v -1.68076956 0.55633318 -65.39521027 0.65098039 0.74117647 0.85882353
v -1.68136227 0.55248648 -65.40255737 0.65098039 0.74117647 0.85882353
v -1.67994130 0.54976439 -65.41001892 0.65098039 0.74117647 0.85882353
v -1.73102057 0.55946177 -65.34214020 0.65098039 0.74117647 0.85882353
v -1.72432315 0.55016464 -65.35983276 0.65098039 0.74117647 0.85882353
v -1.72916067 0.53925830 -65.37155151 0.65098039 0.74117647 0.85882353
v -1.75003064 0.51773828 -65.37822723 0.65098039 0.74117647 0.85882353
v -1.74591267 0.51481599 -65.38397980 0.65098039 0.74117647 0.85882353
v -1.73914933 0.52036184 -65.37874603 0.65098039 0.74117647 0.85882353
v -1.74501801 0.52262241 -65.37489319 0.65098039 0.74117647 0.85882353
v -1.76528573 0.52116638 -65.38112640 0.65098039 0.74117647 0.85882353
v -1.76036584 0.51940352 -65.37571716 0.65098039 0.74117647 0.85882353
v -1.76587427 0.52176350 -65.36908722 0.65098039 0.74117647 0.85882353
v -1.77173603 0.52245510 -65.37362671 0.65098039 0.74117647 0.85882353
v -1.68735468 0.57864803 -65.35310364 0.65098039 0.74117647 0.85882353
v -1.69123566 0.57641500 -65.36421204 0.65098039 0.74117647 0.85882353
v -1.73498631 0.51264501 -65.40975189 0.65098039 0.74117647 0.85882353
v -1.72830951 0.51123375 -65.41471863 0.65098039 0.74117647 0.85882353
v -1.72272599 0.50996292 -65.42054749 0.65098039 0.74117647 0.85882353
v -1.71660662 0.52682877 -65.38469696 0.65098039 0.74117647 0.85882353
v -1.70690656 0.52123541 -65.39241791 0.65098039 0.74117647 0.85882353
v -1.70126939 0.52379906 -65.38908386 0.65098039 0.74117647 0.85882353
v -1.71310782 0.52975667 -65.38232422 0.65098039 0.74117647 0.85882353
v -1.70062041 0.53741652 -65.36900330 0.65098039 0.74117647 0.85882353
v -1.68953419 0.53215420 -65.37519836 0.65098039 0.74117647 0.85882353
v -1.69450819 0.54411644 -65.36048126 0.65098039 0.74117647 0.85882353
v -1.69696259 0.52080321 -65.40038300 0.65098039 0.74117647 0.85882353
v -1.69913924 0.51573688 -65.41022491 0.65098039 0.74117647 0.85882353
v -1.69115007 0.52061874 -65.40815735 0.65098039 0.74117647 0.85882353
v -1.70768452 0.51115638 -65.41278839 0.65098039 0.74117647 0.85882353
v -1.71589148 0.50869477 -65.41635895 0.65098039 0.74117647 0.85882353
v -1.69374692 0.51313204 -65.41861725 0.65098039 0.74117647 0.85882353
v -1.68598628 0.51824111 -65.41680145 0.65098039 0.74117647 0.85882353
v -1.70279586 0.50926137 -65.42156982 0.65098039 0.74117647 0.85882353
v -1.71106291 0.50727886 -65.42485809 0.65098039 0.74117647 0.85882353
v -1.72664213 0.53162032 -65.44197845 0.65098039 0.74117647 0.85882353
v -1.72624373 0.52061260 -65.43845367 0.65098039 0.74117647 0.85882353
v -1.73119259 0.53454453 -65.43184662 0.65098039 0.74117647 0.85882353
v -1.67628169 0.53641635 -65.41560364 0.65098039 0.74117647 0.85882353
v -1.68365180 0.52803218 -65.40667725 0.65098039 0.74117647 0.85882353
v -1.68034375 0.52599317 -65.41535950 0.65098039 0.74117647 0.85882353
v -1.67716753 0.54711020 -65.41889954 0.65098039 0.74117647 0.85882353
v -1.67835832 0.55601126 -65.35153961 0.65098039 0.74117647 0.85882353
v -1.67671168 0.56134844 -65.34548950 0.65098039 0.74117647 0.85882353
v -1.68408465 0.56233090 -65.34388733 0.65098039 0.74117647 0.85882353
v -1.68646216 0.55806708 -65.34934998 0.65098039 0.74117647 0.85882353
v -1.71940351 0.58316725 -65.33941650 0.65098039 0.74117647 0.85882353
v -1.71732080 0.57694834 -65.33650970 0.65098039 0.74117647 0.85882353
v -1.71358228 0.57334596 -65.34120941 0.65098039 0.74117647 0.85882353
v -1.72681856 0.51510447 -65.38874054 0.65098039 0.74117647 0.85882353
v -1.73469687 0.51052260 -65.39599609 0.65098039 0.74117647 0.85882353
v -1.73092675 0.56493998 -65.33459473 0.65098039 0.74117647 0.85882353
v -1.73537397 0.59461731 -65.31658936 0.65098039 0.74117647 0.85882353
v -1.73043275 0.59188896 -65.31489563 0.65098039 0.74117647 0.85882353
v -1.72622764 0.58829999 -65.32595825 0.65098039 0.74117647 0.85882353
v -1.73162472 0.59183830 -65.32778931 0.65098039 0.74117647 0.85882353
v -1.73860061 0.56970507 -65.32966614 0.65098039 0.74117647 0.85882353
v -1.73232138 0.56915635 -65.32952881 0.65098039 0.74117647 0.85882353
v -1.73458552 0.57193291 -65.32259369 0.65098039 0.74117647 0.85882353
v -1.74068558 0.57386392 -65.32309723 0.65098039 0.74117647 0.85882353
v -1.76449883 0.54692286 -65.34319305 0.65098039 0.74117647 0.85882353
v -1.76055837 0.54229224 -65.34803772 0.65098039 0.74117647 0.85882353
v -1.74293947 0.57932806 -65.34767914 0.65098039 0.74117647 0.85882353
v -1.73361909 0.58683491 -65.34757996 0.65098039 0.74117647 0.85882353
v -1.72871542 0.58528310 -65.35807800 0.65098039 0.74117647 0.85882353
v -1.74327302 0.54374820 -65.35857391 0.65098039 0.74117647 0.85882353
v -1.74771380 0.54694027 -65.35073853 0.65098039 0.74117647 0.85882353
v -1.75190866 0.54301625 -65.35253906 0.65098039 0.74117647 0.85882353
v -1.73474300 0.55989778 -65.34056091 0.65098039 0.74117647 0.85882353
v -1.73577571 0.56389558 -65.33540344 0.65098039 0.74117647 0.85882353
v -1.73994005 0.56012303 -65.33861542 0.65098039 0.74117647 0.85882353
v -1.73762059 0.55599719 -65.34462738 0.65098039 0.74117647 0.85882353
v -1.76074624 0.52888489 -65.39364624 0.65098039 0.74117647 0.85882353
v -1.75723445 0.51759106 -65.38897705 0.65098039 0.74117647 0.85882353
v -1.73216677 0.58971316 -65.30175781 0.65098039 0.74117647 0.85882353
v -1.73027432 0.58910048 -65.30702209 0.65098039 0.74117647 0.85882353
v -1.72241783 0.51236200 -65.43325806 0.65098039 0.74117647 0.85882353
v -1.71754265 0.50804257 -65.42848969 0.65098039 0.74117647 0.85882353
v -1.73790693 0.54005468 -65.36656189 0.65098039 0.74117647 0.85882353
v -1.72294319 0.58052927 -65.36860657 0.65098039 0.74117647 0.85882353
v -1.73212433 0.53519183 -65.37333679 0.65098039 0.74117647 0.85882353
v -1.77238464 0.55284828 -65.35864258 0.65098039 0.74117647 0.85882353
v -1.77358580 0.54537791 -65.35658264 0.65098039 0.74117647 0.85882353
v -1.77450323 0.54896367 -65.35002136 0.65098039 0.74117647 0.85882353
v -1.77591348 0.55523872 -65.35220337 0.65098039 0.74117647 0.85882353
v -1.74470162 0.57876241 -65.31362915 0.65098039 0.74117647 0.85882353
v -1.73862731 0.57673573 -65.31217957 0.65098039 0.74117647 0.85882353
v -1.74156523 0.57921463 -65.30607605 0.65098039 0.74117647 0.85882353
v -1.74713588 0.58139986 -65.30746460 0.65098039 0.74117647 0.85882353
v -1.72685099 0.57039744 -65.33000183 0.65098039 0.74117647 0.85882353
v -1.72223246 0.57400632 -65.33041382 0.65098039 0.74117647 0.85882353
v -1.72503126 0.57730287 -65.32321167 0.65098039 0.74117647 0.85882353
v -1.72913969 0.57330769 -65.32260895 0.65098039 0.74117647 0.85882353
v -1.72095585 0.57986510 -65.33171844 0.65098039 0.74117647 0.85882353
v -1.72397518 0.58305603 -65.32440948 0.65098039 0.74117647 0.85882353
v -1.74873149 0.58407658 -65.31546021 0.65098039 0.74117647 0.85882353
v -1.74738467 0.59053564 -65.31738281 0.65098039 0.74117647 0.85882353
v -1.74423599 0.58682901 -65.32824707 0.65098039 0.74117647 0.85882353
v -1.74494553 0.57994348 -65.32505798 0.65098039 0.74117647 0.85882353
v -1.74471569 0.55379790 -65.39813232 0.65098039 0.74117647 0.85882353
v -1.74930501 0.54630357 -65.40105438 0.65098039 0.74117647 0.85882353
v -1.75688624 0.54790241 -65.39047241 0.65098039 0.74117647 0.85882353
v -1.76447821 0.54936635 -65.37976074 0.65098039 0.74117647 0.85882353
v -1.76954710 0.54912233 -65.36782074 0.65098039 0.74117647 0.85882353
v -1.76566219 0.56078750 -65.36476898 0.65098039 0.74117647 0.85882353
v -1.76011884 0.53990078 -65.39303589 0.65098039 0.74117647 0.85882353
v -1.74580574 0.57438570 -65.33588409 0.65098039 0.74117647 0.85882353
v -1.74232316 0.58160955 -65.33696747 0.65098039 0.74117647 0.85882353
v -1.74868977 0.57810193 -65.33969116 0.65098039 0.74117647 0.85882353
v -1.73686063 0.52906334 -65.37487793 0.65098039 0.74117647 0.85882353
v -1.72803092 0.58734715 -65.31329346 0.65098039 0.74117647 0.85882353
v -1.70077586 0.56216317 -65.41100311 0.65098039 0.74117647 0.85882353
v -1.71230769 0.56088251 -65.41590118 0.65098039 0.74117647 0.85882353
v -1.71746612 0.56355470 -65.40740204 0.65098039 0.74117647 0.85882353
v -1.70325315 0.56506133 -65.40291595 0.65098039 0.74117647 0.85882353
v -1.73303127 0.57790267 -65.31167603 0.65098039 0.74117647 0.85882353
v -1.72884226 0.58174992 -65.31189728 0.65098039 0.74117647 0.85882353
v -1.76623678 0.53923482 -65.35029602 0.65098039 0.74117647 0.85882353
v -1.76870823 0.54407758 -65.34558868 0.65098039 0.74117647 0.85882353
v -1.77291203 0.54406804 -65.34713745 0.65098039 0.74117647 0.85882353
v -1.77217937 0.53946894 -65.35112762 0.65098039 0.74117647 0.85882353
v -1.75266623 0.53836125 -65.40287018 0.65098039 0.74117647 0.85882353
v -1.78024292 0.53046674 -65.36961365 0.65098039 0.74117647 0.85882353
v -1.77979922 0.54127008 -65.36978149 0.65098039 0.74117647 0.85882353
v -1.74292445 0.54391688 -65.41038513 0.65098039 0.74117647 0.85882353
v -1.73813319 0.55183572 -65.40791321 0.65098039 0.74117647 0.85882353
v -1.73277414 0.55006832 -65.41561127 0.65098039 0.74117647 0.85882353
v -1.75957513 0.56840128 -65.35540771 0.65098039 0.74117647 0.85882353
v -1.74019194 0.56058371 -65.39461517 0.65098039 0.74117647 0.85882353
v -1.73344159 0.55797970 -65.40480042 0.65098039 0.74117647 0.85882353
v -1.72671413 0.55673683 -65.41303253 0.65098039 0.74117647 0.85882353
v -1.72185826 0.55486578 -65.42011261 0.65098039 0.74117647 0.85882353
v -1.72862983 0.54763228 -65.42259979 0.65098039 0.74117647 0.85882353
v -1.74175739 0.59453893 -65.31758118 0.65098039 0.74117647 0.85882353
v -1.74874544 0.59223360 -65.31044006 0.65098039 0.74117647 0.85882353
v -1.72451615 0.54499131 -65.43150330 0.65098039 0.74117647 0.85882353
v -1.72073245 0.54154629 -65.44187164 0.65098039 0.74117647 0.85882353
v -1.71329129 0.54856384 -65.43846893 0.65098039 0.74117647 0.85882353
v -1.71755278 0.55228287 -65.42829132 0.65098039 0.74117647 0.85882353
v -1.72737741 0.56372231 -65.40083313 0.65098039 0.74117647 0.85882353
v -1.72016931 0.56836623 -65.39676666 0.65098039 0.74117647 0.85882353
v -1.73467851 0.56661922 -65.39078522 0.65098039 0.74117647 0.85882353
v -1.72720683 0.57222944 -65.38597107 0.65098039 0.74117647 0.85882353
v -1.75266969 0.57701308 -65.35451508 0.65098039 0.74117647 0.85882353
v -1.75320673 0.58993995 -65.29507446 0.65098039 0.74117647 0.85882353
v -1.75121009 0.58787674 -65.30310059 0.65098039 0.74117647 0.85882353
v -1.74928737 0.58306503 -65.30183411 0.65098039 0.74117647 0.85882353
v -1.75208664 0.58558112 -65.29405975 0.65098039 0.74117647 0.85882353
v -1.75011277 0.58627802 -65.30911255 0.65098039 0.74117647 0.85882353
v -1.74966669 0.59324759 -65.30435181 0.65098039 0.74117647 0.85882353
v -1.71638429 0.57588708 -65.37944794 0.65098039 0.74117647 0.85882353
v -1.74309886 0.56529945 -65.33330536 0.65098039 0.74117647 0.85882353
v -1.70570803 0.57051289 -65.39032745 0.65098039 0.74117647 0.85882353
v -1.70577610 0.57911742 -65.37007141 0.65098039 0.74117647 0.85882353
v -1.69716465 0.57545334 -65.37672424 0.65098039 0.74117647 0.85882353
v -1.69009233 0.56332582 -65.39947510 0.65098039 0.74117647 0.85882353
v -1.68903840 0.56751496 -65.38944244 0.65098039 0.74117647 0.85882353
v -1.68775296 0.55692542 -65.41484070 0.65098039 0.74117647 0.85882353
v -1.68948495 0.55977982 -65.40713501 0.65098039 0.74117647 0.85882353
v -1.68380046 0.55461347 -65.42399597 0.65098039 0.74117647 0.85882353
v -1.68569124 0.57256711 -65.37650299 0.65098039 0.74117647 0.85882353
v -1.73656368 0.58554405 -65.29356384 0.65098039 0.74117647 0.85882353
v -1.74131656 0.58212709 -65.29341888 0.65098039 0.74117647 0.85882353
v -1.69777155 0.55984056 -65.41913605 0.65098039 0.74117647 0.85882353
v -1.69360709 0.55729473 -65.42892456 0.65098039 0.74117647 0.85882353
v -1.68993556 0.55167979 -65.35385132 0.65098039 0.74117647 0.85882353
v -1.72935784 0.52500272 -65.38054657 0.65098039 0.74117647 0.85882353
v -1.72632861 0.53005260 -65.37948608 0.65098039 0.74117647 0.85882353
v -1.74119723 0.51259035 -65.38961792 0.65098039 0.74117647 0.85882353
v -1.73351240 0.51791555 -65.38294220 0.65098039 0.74117647 0.85882353
v -1.70418692 0.55511314 -65.43420410 0.65098039 0.74117647 0.85882353
v -1.68604970 0.50833136 -65.42974854 0.65098039 0.74117647 0.85882353
v -1.69471061 0.50405687 -65.43299866 0.65098039 0.74117647 0.85882353
v -1.70845008 0.54350698 -65.45091248 0.65098039 0.74117647 0.85882353
v -1.73495293 0.59036905 -65.29391479 0.65098039 0.74117647 0.85882353
v -1.76231885 0.56099772 -65.33747101 0.65098039 0.74117647 0.85882353
v -1.76391804 0.56034774 -65.33940125 0.65098039 0.74117647 0.85882353
v -1.67152786 0.55916834 -65.35585022 0.65098039 0.74117647 0.85882353
v -1.67170978 0.56482321 -65.34836578 0.65098039 0.74117647 0.85882353
v -1.67416751 0.57609254 -65.35273743 0.65098039 0.74117647 0.85882353
v -1.67118406 0.57043248 -65.35070038 0.65098039 0.74117647 0.85882353
v -1.67026734 0.56610751 -65.35955048 0.65098039 0.74117647 0.85882353
v -1.67456770 0.57261986 -65.36253357 0.65098039 0.74117647 0.85882353
v -1.71934676 0.52398092 -65.38568878 0.65098039 0.74117647 0.85882353
v -1.72282493 0.52039313 -65.38640594 0.65098039 0.74117647 0.85882353
v -1.75361073 0.52669275 -65.40217590 0.65098039 0.74117647 0.85882353
v -1.75024867 0.51618379 -65.39740753 0.65098039 0.74117647 0.85882353
v -1.72314501 0.58557343 -65.33387756 0.65098039 0.74117647 0.85882353
v -1.72530031 0.58665568 -65.34357452 0.65098039 0.74117647 0.85882353
v -1.72885728 0.58884943 -65.33660126 0.65098039 0.74117647 0.85882353
v -1.73856151 0.59149206 -65.32936859 0.65098039 0.74117647 0.85882353
v -1.74438024 0.57145071 -65.33269501 0.65098039 0.74117647 0.85882353
v -1.74267149 0.57566148 -65.33107758 0.65098039 0.74117647 0.85882353
v -1.69553518 0.52705950 -65.38307190 0.65098039 0.74117647 0.85882353
v -1.70759332 0.53322667 -65.37711334 0.65098039 0.74117647 0.85882353
v -1.69346082 0.56238222 -65.34927368 0.65098039 0.74117647 0.85882353
v -1.69068468 0.56715387 -65.34592438 0.65098039 0.74117647 0.85882353
v -1.74235606 0.55131960 -65.34835815 0.65098039 0.74117647 0.85882353
v -1.76210237 0.57269466 -65.34426117 0.65098039 0.74117647 0.85882353
v -1.75607872 0.57875878 -65.34450531 0.65098039 0.74117647 0.85882353
v -1.74577105 0.55489379 -65.34172058 0.65098039 0.74117647 0.85882353
v -1.74074626 0.59739906 -65.29541779 0.65098039 0.74117647 0.85882353
v -1.73636258 0.59459633 -65.29436493 0.65098039 0.74117647 0.85882353
v -1.73628306 0.58851933 -65.33850098 0.65098039 0.74117647 0.85882353
v -1.75657117 0.53777510 -65.35472870 0.65098039 0.74117647 0.85882353
v -1.76497948 0.56558627 -65.34806824 0.65098039 0.74117647 0.85882353
v -1.76383436 0.56707346 -65.34088898 0.65098039 0.74117647 0.85882353
v -1.77550673 0.52402514 -65.36815643 0.65098039 0.74117647 0.85882353
v -1.70856750 0.55818784 -65.42420197 0.65098039 0.74117647 0.85882353
v -1.74412417 0.58006155 -65.30085754 0.65098039 0.74117647 0.85882353
v -1.74753356 0.58161873 -65.29366302 0.65098039 0.74117647 0.85882353
v -1.75138903 0.59413815 -65.29623413 0.65098039 0.74117647 0.85882353
v -1.74648261 0.59726912 -65.29648590 0.65098039 0.74117647 0.85882353
v -1.74288738 0.51438266 -65.40418243 0.65098039 0.74117647 0.85882353
v -1.72393250 0.53376096 -65.37815857 0.65098039 0.74117647 0.85882353
v -1.70346510 0.50207740 -65.43676758 0.65098039 0.74117647 0.85882353
v -1.68242478 0.57638407 -65.36489105 0.65098039 0.74117647 0.85882353
v -1.68058765 0.57961512 -65.35388947 0.65098039 0.74117647 0.85882353
v -1.74933589 0.55877292 -65.33592224 0.65098039 0.74117647 0.85882353
v -1.77578890 0.54530495 -65.36347961 0.65098039 0.74117647 0.85882353
v -1.77024901 0.56210846 -65.35700226 0.65098039 0.74117647 0.85882353
v -1.77408028 0.56335443 -65.35121918 0.65098039 0.74117647 0.85882353
v -1.76923108 0.56666559 -65.34580231 0.65098039 0.74117647 0.85882353
v -1.76702595 0.56441104 -65.34075165 0.65098039 0.74117647 0.85882353
v -1.75328529 0.59516823 -65.29003906 0.65098039 0.74117647 0.85882353
v -1.74851692 0.59826213 -65.29000092 0.65098039 0.74117647 0.85882353
v -1.74300671 0.59851134 -65.28867340 0.65098039 0.74117647 0.85882353
v -1.73878109 0.59545958 -65.28810120 0.65098039 0.74117647 0.85882353
v -1.73745251 0.59111804 -65.28836060 0.65098039 0.74117647 0.85882353
v -1.75498021 0.59128290 -65.28910065 0.65098039 0.74117647 0.85882353
v -1.75377011 0.58696699 -65.28844452 0.65098039 0.74117647 0.85882353
v -1.74938178 0.58318651 -65.28839111 0.65098039 0.74117647 0.85882353
v -1.75669050 0.59188706 -65.28392792 0.65098039 0.74117647 0.85882353
v -1.75525856 0.59607214 -65.28366089 0.65098039 0.74117647 0.85882353
v -1.74591231 0.59960395 -65.27600098 0.65098039 0.74117647 0.85882353
v -1.74550176 0.59974420 -65.28182983 0.65098039 0.74117647 0.85882353
v -1.74872708 0.59996098 -65.27944946 0.65098039 0.74117647 0.85882353
v -1.74933147 0.60043442 -65.27588654 0.65098039 0.74117647 0.85882353
v -1.75092244 0.60057819 -65.27192688 0.65098039 0.74117647 0.85882353
v -1.74784791 0.59912747 -65.27153015 0.65098039 0.74117647 0.85882353
v -1.75167859 0.59928036 -65.28108978 0.65098039 0.74117647 0.85882353
v -1.75332904 0.59979165 -65.27713013 0.65098039 0.74117647 0.85882353
v -1.75646365 0.59738022 -65.27767181 0.65098039 0.74117647 0.85882353
v -1.75810778 0.59792650 -65.27361298 0.65098039 0.74117647 0.85882353
v -1.75510299 0.60031748 -65.27291107 0.65098039 0.74117647 0.85882353
v -1.75460315 0.59754705 -65.28096771 0.65098039 0.74117647 0.85882353
v -1.75044358 0.59900868 -65.28466797 0.65098039 0.74117647 0.85882353
v -1.75093937 0.59881729 -65.26813507 0.65098039 0.74117647 0.85882353
v -1.75249314 0.60059929 -65.26919556 0.65098039 0.74117647 0.85882353
v -1.75617146 0.60037655 -65.26905060 0.65098039 0.74117647 0.85882353
v -1.75568867 0.59809756 -65.26704407 0.65098039 0.74117647 0.85882353
v -1.74112415 0.59622514 -65.28285217 0.65098039 0.74117647 0.85882353
v -1.74365556 0.59652293 -65.27655792 0.65098039 0.74117647 0.85882353
v -1.74650335 0.59619248 -65.27139282 0.65098039 0.74117647 0.85882353
v -1.75007701 0.59585601 -65.26785278 0.65098039 0.74117647 0.85882353
v -1.74336493 0.59276921 -65.27631378 0.65098039 0.74117647 0.85882353
v -1.74696171 0.59303343 -65.27143097 0.65098039 0.74117647 0.85882353
v -1.75020051 0.59291250 -65.26859283 0.65098039 0.74117647 0.85882353
v -1.74519420 0.58912742 -65.27579498 0.65098039 0.74117647 0.85882353
v -1.74853873 0.59039408 -65.27127075 0.65098039 0.74117647 0.85882353
v -1.74129808 0.58763152 -65.28321838 0.65098039 0.74117647 0.85882353
v -1.73980558 0.59192497 -65.28334808 0.65098039 0.74117647 0.85882353
v -1.75060654 0.59123611 -65.26931000 0.65098039 0.74117647 0.85882353
v -1.75485635 0.59502202 -65.26698303 0.65098039 0.74117647 0.85882353
v -1.75803208 0.59496492 -65.27851868 0.65098039 0.74117647 0.85882353
v -1.75947845 0.59534013 -65.27366638 0.65098039 0.74117647 0.85882353
v -1.75852251 0.59205979 -65.27840424 0.65098039 0.74117647 0.85882353
v -1.75957870 0.59257066 -65.27330017 0.65098039 0.74117647 0.85882353
v -1.75940013 0.59646219 -65.26927185 0.65098039 0.74117647 0.85882353
v -1.75883126 0.59869039 -65.27022552 0.65098039 0.74117647 0.85882353
v -1.73896885 0.58634669 -65.28849030 0.65098039 0.74117647 0.85882353
v -1.74389195 0.58341688 -65.28845978 0.65098039 0.74117647 0.85882353
v -1.74594975 0.58449912 -65.28318787 0.65098039 0.74117647 0.85882353
v -1.74927497 0.58602434 -65.27599335 0.65098039 0.74117647 0.85882353
v -1.75120950 0.58444589 -65.28359222 0.65098039 0.74117647 0.85882353
v -1.75538337 0.58786082 -65.28349304 0.65098039 0.74117647 0.85882353
v -1.75724816 0.58900511 -65.27793121 0.65098039 0.74117647 0.85882353
v -1.75413394 0.58630401 -65.27722931 0.65098039 0.74117647 0.85882353
v -1.75810599 0.59003341 -65.27302551 0.65098039 0.74117647 0.85882353
v -1.75551987 0.58844119 -65.27241516 0.65098039 0.74117647 0.85882353
v -1.75186419 0.58867568 -65.27152252 0.65098039 0.74117647 0.85882353
v -1.75724292 0.59124142 -65.26945496 0.65098039 0.74117647 0.85882353
v -1.75877476 0.59368610 -65.26905823 0.65098039 0.74117647 0.85882353
v -1.75407267 0.59248054 -65.26796722 0.65098039 0.74117647 0.85882353
v -1.75557137 0.59000820 -65.27009583 0.65098039 0.74117647 0.85882353
v -1.75314856 0.59063351 -65.26943970 0.65098039 0.74117647 0.85882353
v -1.76408172 0.57437760 -65.30135345 0.65098039 0.74117647 0.85882353
v -1.76813352 0.57074833 -65.30198669 0.65098039 0.74117647 0.85882353
v -1.76479053 0.57003355 -65.30854797 0.65098039 0.74117647 0.85882353
v -1.76083279 0.57359010 -65.30784607 0.65098039 0.74117647 0.85882353
v -1.76622272 0.58675921 -65.30540466 0.65098039 0.74117647 0.85882353
v -1.76241374 0.58294165 -65.30280304 0.65098039 0.74117647 0.85882353
v -1.75971150 0.58280486 -65.30925751 0.65098039 0.74117647 0.85882353
v -1.76382899 0.58648586 -65.31197357 0.65098039 0.74117647 0.85882353
v -1.77219784 0.58604044 -65.30805969 0.65098039 0.74117647 0.85882353
v -1.77010787 0.58545262 -65.31466675 0.65098039 0.74117647 0.85882353
v -1.76043653 0.58538210 -65.31931305 0.65098039 0.74117647 0.85882353
v -1.75638938 0.58146507 -65.31643677 0.65098039 0.74117647 0.85882353
v -1.75063348 0.57691300 -65.32826233 0.65098039 0.74117647 0.85882353
v -1.75386024 0.58142680 -65.33114624 0.65098039 0.74117647 0.85882353
v -1.75981677 0.56099969 -65.32920074 0.65098039 0.74117647 0.85882353
v -1.76468062 0.56377417 -65.33059692 0.65098039 0.74117647 0.85882353
v -1.76203847 0.57845503 -65.30137634 0.65098039 0.74117647 0.85882353
v -1.75907266 0.57788837 -65.30787659 0.65098039 0.74117647 0.85882353
v -1.77022862 0.56836569 -65.31890106 0.65098039 0.74117647 0.85882353
v -1.76567149 0.56633872 -65.31690979 0.65098039 0.74117647 0.85882353
v -1.76948154 0.56884480 -65.30982971 0.65098039 0.74117647 0.85882353
v -1.77395952 0.57033753 -65.31159973 0.65098039 0.74117647 0.85882353
v -1.74970341 0.56730872 -65.32693481 0.65098039 0.74117647 0.85882353
v -1.75405884 0.56281537 -65.32798767 0.65098039 0.74117647 0.85882353
v -1.74936748 0.57226384 -65.32695770 0.65098039 0.74117647 0.85882353
v -1.77355003 0.57270074 -65.32109833 0.65098039 0.74117647 0.85882353
v -1.77286029 0.57879835 -65.32253265 0.65098039 0.74117647 0.85882353
v -1.76669884 0.57610804 -65.33482361 0.65098039 0.74117647 0.85882353
v -1.76788235 0.56956345 -65.33285522 0.65098039 0.74117647 0.85882353
v -1.75549662 0.57631135 -65.31507874 0.65098039 0.74117647 0.85882353
v -1.76060367 0.56757575 -65.31562805 0.65098039 0.74117647 0.85882353
v -1.75673735 0.57142311 -65.31481934 0.65098039 0.74117647 0.85882353
v -1.76707602 0.58423865 -65.32211304 0.65098039 0.74117647 0.85882353
v -1.77559769 0.57977712 -65.31496429 0.65098039 0.74117647 0.85882353
v -1.78197646 0.57766080 -65.29840088 0.65098039 0.74117647 0.85882353
v -1.77881372 0.57569098 -65.30702209 0.65098039 0.74117647 0.85882353
v -1.77717996 0.57143462 -65.30520630 0.65098039 0.74117647 0.85882353
v -1.78116226 0.57351071 -65.29658508 0.65098039 0.74117647 0.85882353
v -1.77655101 0.57418585 -65.31349182 0.65098039 0.74117647 0.85882353
v -1.77751780 0.58097094 -65.30841827 0.65098039 0.74117647 0.85882353
v -1.76862454 0.57550639 -65.29185486 0.65098039 0.74117647 0.85882353
v -1.77292836 0.57215649 -65.29266357 0.65098039 0.74117647 0.85882353
v -1.76636779 0.57944453 -65.29202271 0.65098039 0.74117647 0.85882353
v -1.76099408 0.58179671 -65.33455658 0.65098039 0.74117647 0.85882353
v -1.76982856 0.58731508 -65.29620361 0.65098039 0.74117647 0.85882353
v -1.76666069 0.58344799 -65.29352570 0.65098039 0.74117647 0.85882353
v -1.77291918 0.56952280 -65.30326080 0.65098039 0.74117647 0.85882353
v -1.77747059 0.57104212 -65.29443359 0.65098039 0.74117647 0.85882353
v -1.78037715 0.58256507 -65.29954529 0.65098039 0.74117647 0.85882353
v -1.77531099 0.58688474 -65.29913330 0.65098039 0.74117647 0.85882353
v -1.78299022 0.58336037 -65.29223633 0.65098039 0.74117647 0.85882353
v -1.77837241 0.58732688 -65.29154968 0.65098039 0.74117647 0.85882353
v -1.77321362 0.58807063 -65.28887177 0.65098039 0.74117647 0.85882353
v -1.76988387 0.58417076 -65.28698730 0.65098039 0.74117647 0.85882353
v -1.76960373 0.58023065 -65.28634644 0.65098039 0.74117647 0.85882353
v -1.78454399 0.57896245 -65.29157257 0.65098039 0.74117647 0.85882353
v -1.78365445 0.57508749 -65.29051208 0.65098039 0.74117647 0.85882353
v -1.78019154 0.57234764 -65.28915405 0.65098039 0.74117647 0.85882353
v -1.78754616 0.57981724 -65.28520203 0.65098039 0.74117647 0.85882353
v -1.78644526 0.58423531 -65.28491211 0.65098039 0.74117647 0.85882353
v -1.78117418 0.58868474 -65.27069855 0.65098039 0.74117647 0.85882353
v -1.77836168 0.58891416 -65.27576447 0.65098039 0.74117647 0.85882353
v -1.78172708 0.58948106 -65.27628326 0.65098039 0.74117647 0.85882353
v -1.78381348 0.59029597 -65.27173615 0.65098039 0.74117647 0.85882353
v -1.77701449 0.58903390 -65.28180695 0.65098039 0.74117647 0.85882353
v -1.78081334 0.58915508 -65.27983856 0.65098039 0.74117647 0.85882353
v -1.78364193 0.58817059 -65.28124237 0.65098039 0.74117647 0.85882353
v -1.78577518 0.58893746 -65.27753448 0.65098039 0.74117647 0.85882353
v -1.78854764 0.58590353 -65.27828979 0.65098039 0.74117647 0.85882353
v -1.79099798 0.58678466 -65.27416229 0.65098039 0.74117647 0.85882353
v -1.78823912 0.59012246 -65.27304840 0.65098039 0.74117647 0.85882353
v -1.78638375 0.58601540 -65.28165436 0.65098039 0.74117647 0.85882353
v -1.78610289 0.59059256 -65.26853180 0.65098039 0.74117647 0.85882353
v -1.78529727 0.58841521 -65.26736450 0.65098039 0.74117647 0.85882353
v -1.78163671 0.58800781 -65.28523254 0.65098039 0.74117647 0.85882353
v -1.77287412 0.58528388 -65.28149414 0.65098039 0.74117647 0.85882353
v -1.77603757 0.58574307 -65.27538300 0.65098039 0.74117647 0.85882353
v -1.78010476 0.58548665 -65.27024841 0.65098039 0.74117647 0.85882353
v -1.78475940 0.58501858 -65.26705933 0.65098039 0.74117647 0.85882353
v -1.77611065 0.58167189 -65.27494812 0.65098039 0.74117647 0.85882353
v -1.78042030 0.58207202 -65.26998901 0.65098039 0.74117647 0.85882353
v -1.78460479 0.58226728 -65.26753998 0.65098039 0.74117647 0.85882353
v -1.77803743 0.57761937 -65.27495575 0.65098039 0.74117647 0.85882353
v -1.78208923 0.57916695 -65.27009583 0.65098039 0.74117647 0.85882353
v -1.77404296 0.57684904 -65.28211975 0.65098039 0.74117647 0.85882353
v -1.77220321 0.58098042 -65.28162384 0.65098039 0.74117647 0.85882353
v -1.78471041 0.58038867 -65.26838684 0.65098039 0.74117647 0.85882353
v -1.79029095 0.58805209 -65.26677704 0.65098039 0.74117647 0.85882353
v -1.78942239 0.58468789 -65.26657867 0.65098039 0.74117647 0.85882353
v -1.79032004 0.59099150 -65.26853943 0.65098039 0.74117647 0.85882353
v -1.78939748 0.58328098 -65.27884674 0.65098039 0.74117647 0.85882353
v -1.79174972 0.58402508 -65.27419281 0.65098039 0.74117647 0.85882353
v -1.79035258 0.58064920 -65.27921295 0.65098039 0.74117647 0.85882353
v -1.79250193 0.58166009 -65.27394867 0.65098039 0.74117647 0.85882353
v -1.79304802 0.58587748 -65.26983643 0.65098039 0.74117647 0.85882353
v -1.79254425 0.58803815 -65.27067566 0.65098039 0.74117647 0.85882353
v -1.77157974 0.57640082 -65.28664398 0.65098039 0.74117647 0.85882353
v -1.77558196 0.57326716 -65.28767395 0.65098039 0.74117647 0.85882353
v -1.77796268 0.57348222 -65.28299713 0.65098039 0.74117647 0.85882353
v -1.78204417 0.57453316 -65.27586365 0.65098039 0.74117647 0.85882353
v -1.78247368 0.57297993 -65.28462982 0.65098039 0.74117647 0.85882353
v -1.78628993 0.57603735 -65.28504944 0.65098039 0.74117647 0.85882353
v -1.78929210 0.57737780 -65.27880096 0.65098039 0.74117647 0.85882353
v -1.78634667 0.57459652 -65.27764130 0.65098039 0.74117647 0.85882353
v -1.79129052 0.57896912 -65.27350616 0.65098039 0.74117647 0.85882353
v -1.78875864 0.57672060 -65.27262878 0.65098039 0.74117647 0.85882353
v -1.78524363 0.57686138 -65.27116394 0.65098039 0.74117647 0.85882353
v -1.79120827 0.58045393 -65.26949310 0.65098039 0.74117647 0.85882353
v -1.79278493 0.58313519 -65.26934052 0.65098039 0.74117647 0.85882353
v -1.78824997 0.58161819 -65.26740265 0.65098039 0.74117647 0.85882353
v -1.78939974 0.57860124 -65.26985931 0.65098039 0.74117647 0.85882353
v -1.78711057 0.57931751 -65.26875305 0.65098039 0.74117647 0.85882353
v -1.78122401 0.55946094 -65.31487274 0.65098039 0.74117647 0.85882353
v -1.78347218 0.55450076 -65.31588745 0.65098039 0.74117647 0.85882353
v -1.78046536 0.55437583 -65.32136536 0.65098039 0.74117647 0.85882353
v -1.77818322 0.55918795 -65.32001495 0.65098039 0.74117647 0.85882353
v -1.78605819 0.56931335 -65.31900787 0.65098039 0.74117647 0.85882353
v -1.78341627 0.56783146 -65.31681061 0.65098039 0.74117647 0.85882353
v -1.77985263 0.56778699 -65.32212067 0.65098039 0.74117647 0.85882353
v -1.78250015 0.56972402 -65.32520294 0.65098039 0.74117647 0.85882353
v -1.79038823 0.56779414 -65.32162476 0.65098039 0.74117647 0.85882353
v -1.78712976 0.56766576 -65.32843781 0.65098039 0.74117647 0.85882353
v -1.77894568 0.56955868 -65.33116150 0.65098039 0.74117647 0.85882353
v -1.77599287 0.56706685 -65.32736206 0.65098039 0.74117647 0.85882353
v -1.77040637 0.56477374 -65.33583069 0.65098039 0.74117647 0.85882353
v -1.77350283 0.56806618 -65.33990479 0.65098039 0.74117647 0.85882353
v -1.78176284 0.56428164 -65.31523132 0.65098039 0.74117647 0.85882353
v -1.77834916 0.56398267 -65.32035065 0.65098039 0.74117647 0.85882353
v -1.78301895 0.55048376 -65.33103943 0.65098039 0.74117647 0.85882353
v -1.77973676 0.55018109 -65.32897949 0.65098039 0.74117647 0.85882353
v -1.78388560 0.55182916 -65.32326508 0.65098039 0.74117647 0.85882353
v -1.78698123 0.55222994 -65.32518768 0.65098039 0.74117647 0.85882353
v -1.76745772 0.55467796 -65.33509064 0.65098039 0.74117647 0.85882353
v -1.76949787 0.54988283 -65.33705139 0.65098039 0.74117647 0.85882353
v -1.76828146 0.55988985 -65.33448792 0.65098039 0.74117647 0.85882353
v -1.78646350 0.55425370 -65.33356476 0.65098039 0.74117647 0.85882353
v -1.78746188 0.56074840 -65.33585358 0.65098039 0.74117647 0.85882353
v -1.78118706 0.55788624 -65.34500885 0.65098039 0.74117647 0.85882353
v -1.77934694 0.55156618 -65.34292603 0.65098039 0.74117647 0.85882353
v -1.77442741 0.56281692 -65.32534027 0.65098039 0.74117647 0.85882353
v -1.77618408 0.55256230 -65.32672119 0.65098039 0.74117647 0.85882353
v -1.77397084 0.55765605 -65.32518005 0.65098039 0.74117647 0.85882353
v -1.78380656 0.56703168 -65.33502197 0.65098039 0.74117647 0.85882353
v -1.79049563 0.56168967 -65.32941437 0.65098039 0.74117647 0.85882353
v -1.79812074 0.55821222 -65.31258392 0.65098039 0.74117647 0.85882353
v -1.79321027 0.55647236 -65.32177734 0.65098039 0.74117647 0.85882353
v -1.79067302 0.55242616 -65.31970215 0.65098039 0.74117647 0.85882353
v -1.79624665 0.55424756 -65.31094360 0.65098039 0.74117647 0.85882353
v -1.79007149 0.55550486 -65.32761383 0.65098039 0.74117647 0.85882353
v -1.79358935 0.56250018 -65.32274628 0.65098039 0.74117647 0.85882353
v -1.78628135 0.55977035 -65.30665588 0.65098039 0.74117647 0.85882353
v -1.78866410 0.55517310 -65.30760193 0.65098039 0.74117647 0.85882353
v -1.78662479 0.56424242 -65.30695343 0.65098039 0.74117647 0.85882353
v -1.77853739 0.56525773 -65.34410095 0.65098039 0.74117647 0.85882353
v -1.77622509 0.54705685 -65.34069061 0.65098039 0.74117647 0.85882353
v -1.79071188 0.56934470 -65.30979919 0.65098039 0.74117647 0.85882353
v -1.78820574 0.56781006 -65.30806732 0.65098039 0.74117647 0.85882353
v -1.78714848 0.55162424 -65.31783295 0.65098039 0.74117647 0.85882353
v -1.79254186 0.55272478 -65.30934143 0.65098039 0.74117647 0.85882353
v -1.79794538 0.56355250 -65.31334686 0.65098039 0.74117647 0.85882353
v -1.79477417 0.56838292 -65.31244659 0.65098039 0.74117647 0.85882353
v -1.80120993 0.56416005 -65.30713654 0.65098039 0.74117647 0.85882353
v -1.79789174 0.56859511 -65.30600739 0.65098039 0.74117647 0.85882353
v -1.79408765 0.56996584 -65.30337524 0.65098039 0.74117647 0.85882353
v -1.79138064 0.56788880 -65.30192566 0.65098039 0.74117647 0.85882353
v -1.78987551 0.56421560 -65.30144501 0.65098039 0.74117647 0.85882353
v -1.80147076 0.55918390 -65.30629730 0.65098039 0.74117647 0.85882353
v -1.79952645 0.55580068 -65.30517578 0.65098039 0.74117647 0.85882353
v -1.79558539 0.55399787 -65.30430603 0.65098039 0.74117647 0.85882353
v -1.80403638 0.55964142 -65.30178833 0.65098039 0.74117647 0.85882353
v -1.80398011 0.56462651 -65.30149841 0.65098039 0.74117647 0.85882353
v -1.80147421 0.57065195 -65.28709412 0.65098039 0.74117647 0.85882353
v -1.79889226 0.57046616 -65.29138947 0.65098039 0.74117647 0.85882353
v -1.80113828 0.57017058 -65.29221344 0.65098039 0.74117647 0.85882353
v -1.80345440 0.57111490 -65.28835297 0.65098039 0.74117647 0.85882353
v -1.79733014 0.57039136 -65.29740143 0.65098039 0.74117647 0.85882353
v -1.80001771 0.57008916 -65.29573059 0.65098039 0.74117647 0.85882353
v -1.80231452 0.56899375 -65.29776001 0.65098039 0.74117647 0.85882353
v -1.80446136 0.56957507 -65.29410553 0.65098039 0.74117647 0.85882353
v -1.80609167 0.56581211 -65.29564667 0.65098039 0.74117647 0.85882353
v -1.80835426 0.56641084 -65.29186249 0.65098039 0.74117647 0.85882353
v -1.80668747 0.57013869 -65.29014587 0.65098039 0.74117647 0.85882353
v -1.80440688 0.56654555 -65.29862976 0.65098039 0.74117647 0.85882353
v -1.80546498 0.57127053 -65.28595734 0.65098039 0.74117647 0.85882353
v -1.80454874 0.57035071 -65.28441620 0.65098039 0.74117647 0.85882353
v -1.80055475 0.56884378 -65.30101776 0.65098039 0.74117647 0.85882353
v -1.79373956 0.56813711 -65.29668427 0.65098039 0.74117647 0.85882353
v -1.79634607 0.56831902 -65.29100037 0.65098039 0.74117647 0.85882353
v -1.79965973 0.56834739 -65.28622437 0.65098039 0.74117647 0.85882353
v -1.80306184 0.56756693 -65.28389740 0.65098039 0.74117647 0.85882353
v -1.79521477 0.56467432 -65.29111481 0.65098039 0.74117647 0.85882353
v -1.79859674 0.56489390 -65.28648376 0.65098039 0.74117647 0.85882353
v -1.80174613 0.56443876 -65.28450775 0.65098039 0.74117647 0.85882353
v -1.79550004 0.56083518 -65.29187775 0.65098039 0.74117647 0.85882353
v -1.79890847 0.56169611 -65.28730011 0.65098039 0.74117647 0.85882353
v -1.79230809 0.56036818 -65.29760742 0.65098039 0.74117647 0.85882353
v -1.79226434 0.56433064 -65.29685211 0.65098039 0.74117647 0.85882353
v -1.80123186 0.56240600 -65.28561401 0.65098039 0.74117647 0.85882353
v -1.80816400 0.56841630 -65.28500366 0.65098039 0.74117647 0.85882353
v -1.80687630 0.56528080 -65.28444672 0.65098039 0.74117647 0.85882353
v -1.80843043 0.57036853 -65.28683472 0.65098039 0.74117647 0.85882353
v -1.80664349 0.56319815 -65.29663849 0.65098039 0.74117647 0.85882353
v -1.80864632 0.56371820 -65.29226685 0.65098039 0.74117647 0.85882353
v -1.80608308 0.56004292 -65.29663086 0.65098039 0.74117647 0.85882353
v -1.80812216 0.56110865 -65.29183960 0.65098039 0.74117647 0.85882353
v -1.80970573 0.56541097 -65.28840637 0.65098039 0.74117647 0.85882353
v -1.80959976 0.56738526 -65.28895569 0.65098039 0.74117647 0.85882353
v -1.78973961 0.56009239 -65.30179596 0.65098039 0.74117647 0.85882353
v -1.79175174 0.55610490 -65.30306244 0.65098039 0.74117647 0.85882353
v -1.79420877 0.55672473 -65.29888916 0.65098039 0.74117647 0.85882353
v -1.79768658 0.55733842 -65.29291534 0.65098039 0.74117647 0.85882353
v -1.79773617 0.55476946 -65.30024719 0.65098039 0.74117647 0.85882353
v -1.80159354 0.55654377 -65.30090332 0.65098039 0.74117647 0.85882353
v -1.80422378 0.55743027 -65.29586029 0.65098039 0.74117647 0.85882353
v -1.80111182 0.55585313 -65.29465485 0.65098039 0.74117647 0.85882353
v -1.80643821 0.55885661 -65.29119873 0.65098039 0.74117647 0.85882353
v -1.80394709 0.55750740 -65.29002380 0.65098039 0.74117647 0.85882353
v -1.80097055 0.55884165 -65.28836060 0.65098039 0.74117647 0.85882353
v -1.80701542 0.56063664 -65.28759766 0.65098039 0.74117647 0.85882353
v -1.80879581 0.56279391 -65.28788757 0.65098039 0.74117647 0.85882353
v -1.80500019 0.56265968 -65.28503418 0.65098039 0.74117647 0.85882353
v -1.80507493 0.55929226 -65.28769684 0.65098039 0.74117647 0.85882353
v -1.80316961 0.56076437 -65.28617096 0.65098039 0.74117647 0.85882353
v -1.77282906 0.54731035 -65.33924866 0.65098039 0.74117647 0.85882353
v -1.79234552 0.53561407 -65.33811951 0.65098039 0.74117647 0.85882353
v -1.79281914 0.53172296 -65.33945465 0.65098039 0.74117647 0.85882353
v -1.78965986 0.53211486 -65.34302521 0.65098039 0.74117647 0.85882353
v -1.78916311 0.53584129 -65.34188080 0.65098039 0.74117647 0.85882353
v -1.79842567 0.54398459 -65.34185028 0.65098039 0.74117647 0.85882353
v -1.79544616 0.54319912 -65.33917999 0.65098039 0.74117647 0.85882353
v -1.79178071 0.54382247 -65.34315491 0.65098039 0.74117647 0.85882353
v -1.79494452 0.54490858 -65.34630585 0.65098039 0.74117647 0.85882353
v -1.80124688 0.54051143 -65.34504700 0.65098039 0.74117647 0.85882353
v -1.79799938 0.54126066 -65.34976196 0.65098039 0.74117647 0.85882353
v -1.79012895 0.54520833 -65.35085297 0.65098039 0.74117647 0.85882353
v -1.78702343 0.54402143 -65.34725189 0.65098039 0.74117647 0.85882353
v -1.77969134 0.54360908 -65.35388947 0.65098039 0.74117647 0.85882353
v -1.78219819 0.54528230 -65.35829926 0.65098039 0.74117647 0.85882353
v -1.77819300 0.52557522 -65.36357117 0.65098039 0.74117647 0.85882353
v -1.77449107 0.52603686 -65.36049652 0.65098039 0.74117647 0.85882353
v -1.78002524 0.52713287 -65.35527802 0.65098039 0.74117647 0.85882353
v -1.78282416 0.52600509 -65.35849762 0.65098039 0.74117647 0.85882353
v -1.79350686 0.53977060 -65.33798981 0.65098039 0.74117647 0.85882353
v -1.78986025 0.54016954 -65.34173584 0.65098039 0.74117647 0.85882353
v -1.78987455 0.52718192 -65.35121155 0.65098039 0.74117647 0.85882353
v -1.78726459 0.52834505 -65.34830475 0.65098039 0.74117647 0.85882353
v -1.79135239 0.52918923 -65.34490204 0.65098039 0.74117647 0.85882353
v -1.79389465 0.52797848 -65.34732056 0.65098039 0.74117647 0.85882353
v -1.77206087 0.52875167 -65.35706329 0.65098039 0.74117647 0.85882353
v -1.77085519 0.53332132 -65.35395050 0.65098039 0.74117647 0.85882353
v -1.77715278 0.53478402 -65.35166931 0.65098039 0.74117647 0.85882353
v -1.77822423 0.53016126 -65.35273743 0.65098039 0.74117647 0.85882353
v -1.77801120 0.53898925 -65.35167694 0.65098039 0.74117647 0.85882353
v -1.79254413 0.52923006 -65.35405731 0.65098039 0.74117647 0.85882353
v -1.79428768 0.53473204 -65.35550690 0.65098039 0.74117647 0.85882353
v -1.78673923 0.53345835 -65.36391449 0.65098039 0.74117647 0.85882353
v -1.78534567 0.52822584 -65.36145782 0.65098039 0.74117647 0.85882353
v -1.78554726 0.53996658 -65.34553528 0.65098039 0.74117647 0.85882353
v -1.78551722 0.53146774 -65.34633636 0.65098039 0.74117647 0.85882353
v -1.78485334 0.53579324 -65.34528351 0.65098039 0.74117647 0.85882353
v -1.79343200 0.54157734 -65.35472107 0.65098039 0.74117647 0.85882353
v -1.79851854 0.53505063 -65.35067749 0.65098039 0.74117647 0.85882353
v -1.80449128 0.52954143 -65.34023285 0.65098039 0.74117647 0.85882353
v -1.80009007 0.52977186 -65.34590912 0.65098039 0.74117647 0.85882353
v -1.79736304 0.52746463 -65.34400177 0.65098039 0.74117647 0.85882353
v -1.80199647 0.52722687 -65.33884430 0.65098039 0.74117647 0.85882353
v -1.79668784 0.52991933 -65.34963989 0.65098039 0.74117647 0.85882353
v -1.80175149 0.53467697 -65.34637451 0.65098039 0.74117647 0.85882353
v -1.79668045 0.53535932 -65.33273315 0.65098039 0.74117647 0.85882353
v -1.79703200 0.53122741 -65.33437347 0.65098039 0.74117647 0.85882353
v -1.79778361 0.53924733 -65.33267212 0.65098039 0.74117647 0.85882353
v -1.78575981 0.54187787 -65.36315155 0.65098039 0.74117647 0.85882353
v -1.80263078 0.54323602 -65.33593750 0.65098039 0.74117647 0.85882353
v -1.79979062 0.54230207 -65.33352661 0.65098039 0.74117647 0.85882353
v -1.79463506 0.52875501 -65.34150696 0.65098039 0.74117647 0.85882353
v -1.79919398 0.52822489 -65.33663177 0.65098039 0.74117647 0.85882353
v -1.80600965 0.53429395 -65.34050751 0.65098039 0.74117647 0.85882353
v -1.80524802 0.53999001 -65.33908081 0.65098039 0.74117647 0.85882353
v -1.80963767 0.53419375 -65.33580780 0.65098039 0.74117647 0.85882353
v -1.80885744 0.53993416 -65.33449554 0.65098039 0.74117647 0.85882353
v -1.80584121 0.54291058 -65.33134460 0.65098039 0.74117647 0.85882353
v -1.80277765 0.54204905 -65.32938385 0.65098039 0.74117647 0.85882353
v -1.80068421 0.53895038 -65.32911682 0.65098039 0.74117647 0.85882353
v -1.80808640 0.52953762 -65.33557129 0.65098039 0.74117647 0.85882353
v -1.80536354 0.52775091 -65.33450317 0.65098039 0.74117647 0.85882353
v -1.80240357 0.52871209 -65.33301544 0.65098039 0.74117647 0.85882353
v -1.81068945 0.53017467 -65.33148956 0.65098039 0.74117647 0.85882353
v -1.81268072 0.53477252 -65.33103943 0.65098039 0.74117647 0.85882353
v -1.81262255 0.54144424 -65.31811523 0.65098039 0.74117647 0.85882353
v -1.81033456 0.54207557 -65.32161713 0.65098039 0.74117647 0.85882353
v -1.81223464 0.54147232 -65.32267761 0.65098039 0.74117647 0.85882353
v -1.81415200 0.54157817 -65.31954193 0.65098039 0.74117647 0.85882353
v -1.80882335 0.54238397 -65.32685089 0.65098039 0.74117647 0.85882353
v -1.81117868 0.54171807 -65.32613373 0.65098039 0.74117647 0.85882353
v -1.81261718 0.53994834 -65.32836914 0.65098039 0.74117647 0.85882353
v -1.81440306 0.54004347 -65.32495117 0.65098039 0.74117647 0.85882353
v -1.81556451 0.53655893 -65.32684326 0.65098039 0.74117647 0.85882353
v -1.81752741 0.53614581 -65.32289124 0.65098039 0.74117647 0.85882353
v -1.81672478 0.54025114 -65.32177734 0.65098039 0.74117647 0.85882353
v -1.81380785 0.53702146 -65.32872009 0.65098039 0.74117647 0.85882353
v -1.81611967 0.54163790 -65.31764221 0.65098039 0.74117647 0.85882353
v -1.81540442 0.54072535 -65.31602478 0.65098039 0.74117647 0.85882353
v -1.81116414 0.53987390 -65.33060455 0.65098039 0.74117647 0.85882353
v -1.80557573 0.54161239 -65.32569122 0.65098039 0.74117647 0.85882353
v -1.80837584 0.54118162 -65.32091522 0.65098039 0.74117647 0.85882353
v -1.81137490 0.54019010 -65.31695557 0.65098039 0.74117647 0.85882353
v -1.81421542 0.53851277 -65.31515503 0.65098039 0.74117647 0.85882353
v -1.80669153 0.53874624 -65.32135010 0.65098039 0.74117647 0.85882353
v -1.81004000 0.53797156 -65.31716156 0.65098039 0.74117647 0.85882353
v -1.81282568 0.53649026 -65.31565857 0.65098039 0.74117647 0.85882353
v -1.80568159 0.53548408 -65.32231140 0.65098039 0.74117647 0.85882353
v -1.80925798 0.53530937 -65.31820679 0.65098039 0.74117647 0.85882353
v -1.80237937 0.53524071 -65.32675171 0.65098039 0.74117647 0.85882353
v -1.80351639 0.53894931 -65.32584381 0.65098039 0.74117647 0.85882353
v -1.81170726 0.53515500 -65.31652069 0.65098039 0.74117647 0.85882353
v -1.81806922 0.53804523 -65.31688690 0.65098039 0.74117647 0.85882353
v -1.81638885 0.53599328 -65.31598663 0.65098039 0.74117647 0.85882353
v -1.81864810 0.53995031 -65.31898499 0.65098039 0.74117647 0.85882353
v -1.81507206 0.53342587 -65.32692719 0.65098039 0.74117647 0.85882353
v -1.81735444 0.53343731 -65.32265472 0.65098039 0.74117647 0.85882353
v -1.81330574 0.53054345 -65.32711029 0.65098039 0.74117647 0.85882353
v -1.81577992 0.53127396 -65.32210541 0.65098039 0.74117647 0.85882353
v -1.81855273 0.53498107 -65.31935120 0.65098039 0.74117647 0.85882353
v -1.81901050 0.53675985 -65.32050323 0.65098039 0.74117647 0.85882353
v -1.79964244 0.53526503 -65.32960510 0.65098039 0.74117647 0.85882353
v -1.80020368 0.53140390 -65.33116913 0.65098039 0.74117647 0.85882353
v -1.80272353 0.53150553 -65.32812500 0.65098039 0.74117647 0.85882353
v -1.80597889 0.53190154 -65.32366943 0.65098039 0.74117647 0.85882353
v -1.80492854 0.52895778 -65.32965088 0.65098039 0.74117647 0.85882353
v -1.80787051 0.52820677 -65.33081818 0.65098039 0.74117647 0.85882353
v -1.81101155 0.52905321 -65.32613373 0.65098039 0.74117647 0.85882353
v -1.80814874 0.52935129 -65.32490540 0.65098039 0.74117647 0.85882353
v -1.81367040 0.53034538 -65.32127380 0.65098039 0.74117647 0.85882353
v -1.81142187 0.53066611 -65.32028961 0.65098039 0.74117647 0.85882353
v -1.80967426 0.53264761 -65.31925964 0.65098039 0.74117647 0.85882353
v -1.81484127 0.53252232 -65.31790161 0.65098039 0.74117647 0.85882353
v -1.81691396 0.53334469 -65.31831360 0.65098039 0.74117647 0.85882353
v -1.81440163 0.53463519 -65.31613159 0.65098039 0.74117647 0.85882353
v -1.81311786 0.53221083 -65.31791687 0.65098039 0.74117647 0.85882353
v -1.81248283 0.53364670 -65.31690979 0.65098039 0.74117647 0.85882353
v -1.78099859 0.52757990 -65.36543274 0.65098039 0.74117647 0.85882353
v -1.68591738 0.58341712 -65.34262085 0.65098039 0.74117647 0.85882353
v -1.68975151 0.58036685 -65.34085846 0.65098039 0.74117647 0.85882353
v -1.68196905 0.56675804 -65.33602905 0.65098039 0.74117647 0.85882353
v -1.68779778 0.57040483 -65.33651733 0.65098039 0.74117647 0.85882353
v -1.67550325 0.56695068 -65.33718109 0.65098039 0.74117647 0.85882353
v -1.67084980 0.57505304 -65.34075165 0.65098039 0.74117647 0.85882353
v -1.67168653 0.57043946 -65.33863831 0.65098039 0.74117647 0.85882353
v -1.69062018 0.57597893 -65.33848572 0.65098039 0.74117647 0.85882353
v -1.67971611 0.58421248 -65.34352112 0.65098039 0.74117647 0.85882353
v -1.67318940 0.58070809 -65.34288025 0.65098039 0.74117647 0.85882353
v -1.67878616 0.58895719 -65.33420563 0.65098039 0.74117647 0.85882353
v -1.67198205 0.58560139 -65.33315277 0.65098039 0.74117647 0.85882353
v -1.66910720 0.57939446 -65.33116150 0.65098039 0.74117647 0.85882353
v -1.67060411 0.57391727 -65.33029938 0.65098039 0.74117647 0.85882353
v -1.67464089 0.57009047 -65.32999420 0.65098039 0.74117647 0.85882353
v -1.68528950 0.58836025 -65.33454132 0.65098039 0.74117647 0.85882353
v -1.68915272 0.58457154 -65.33367157 0.65098039 0.74117647 0.85882353
v -1.68945813 0.57863164 -65.33193970 0.65098039 0.74117647 0.85882353
v -1.68441212 0.59251285 -65.32643890 0.65098039 0.74117647 0.85882353
v -1.67826855 0.59451312 -65.32313538 0.65098039 0.74117647 0.85882353
v -1.66805828 0.58873850 -65.31044769 0.65098039 0.74117647 0.85882353
v -1.66791606 0.58608502 -65.31496429 0.65098039 0.74117647 0.85882353
v -1.66827559 0.59027314 -65.31536102 0.65098039 0.74117647 0.85882353
v -1.66763878 0.59236592 -65.31192780 0.65098039 0.74117647 0.85882353
v -1.66844118 0.58472663 -65.32094574 0.65098039 0.74117647 0.85882353
v -1.66892087 0.58950096 -65.31828308 0.65098039 0.74117647 0.85882353
v -1.67155361 0.59319144 -65.31919861 0.65098039 0.74117647 0.85882353
v -1.67075920 0.59519458 -65.31661987 0.65098039 0.74117647 0.85882353
v -1.67505062 0.59582919 -65.31948853 0.65098039 0.74117647 0.85882353
v -1.67544341 0.59818566 -65.31713867 0.65098039 0.74117647 0.85882353
v -1.66977847 0.59737927 -65.31322479 0.65098039 0.74117647 0.85882353
v -1.66778719 0.59476513 -65.30895233 0.65098039 0.74117647 0.85882353
v -1.66974354 0.59864652 -65.30944061 0.65098039 0.74117647 0.85882353
v -1.66879904 0.59254813 -65.30689240 0.65098039 0.74117647 0.85882353
v -1.67242002 0.59039062 -65.32319641 0.65098039 0.74117647 0.85882353
v -1.66982973 0.57789636 -65.32233429 0.65098039 0.74117647 0.85882353
v -1.66952169 0.58169460 -65.31499481 0.65098039 0.74117647 0.85882353
v -1.67023361 0.58568478 -65.30919647 0.65098039 0.74117647 0.85882353
v -1.67202175 0.59008807 -65.30571747 0.65098039 0.74117647 0.85882353
v -1.67393434 0.57841617 -65.31494904 0.65098039 0.74117647 0.85882353
v -1.67469287 0.58375353 -65.30912781 0.65098039 0.74117647 0.85882353
v -1.67578220 0.58823490 -65.30657959 0.65098039 0.74117647 0.85882353
v -1.67953169 0.57843608 -65.31546021 0.65098039 0.74117647 0.85882353
v -1.67901790 0.58404708 -65.30998230 0.65098039 0.74117647 0.85882353
v -1.67984760 0.57265276 -65.32389069 0.65098039 0.74117647 0.85882353
v -1.67377341 0.57337558 -65.32287598 0.65098039 0.74117647 0.85882353
v -1.67851341 0.58732146 -65.30772400 0.65098039 0.74117647 0.85882353
v -1.67183578 0.59748530 -65.30599976 0.65098039 0.74117647 0.85882353
v -1.67546511 0.59462923 -65.30535126 0.65098039 0.74117647 0.85882353
v -1.67971516 0.59790218 -65.31777954 0.65098039 0.74117647 0.85882353
v -1.67464781 0.60012382 -65.31380463 0.65098039 0.74117647 0.85882353
v -1.67894948 0.59977490 -65.31309509 0.65098039 0.74117647 0.85882353
v -1.68402886 0.59556639 -65.31851959 0.65098039 0.74117647 0.85882353
v -1.68249869 0.59738064 -65.31245422 0.65098039 0.74117647 0.85882353
v -1.67640507 0.60023850 -65.30907440 0.65098039 0.74117647 0.85882353
v -1.67337680 0.60106725 -65.31076813 0.65098039 0.74117647 0.85882353
v -1.68056226 0.56931746 -65.33010101 0.65098039 0.74117647 0.85882353
v -1.68586659 0.57302845 -65.33065033 0.65098039 0.74117647 0.85882353
v -1.68551683 0.57650775 -65.32504272 0.65098039 0.74117647 0.85882353
v -1.68469858 0.58140534 -65.31687927 0.65098039 0.74117647 0.85882353
v -1.68900967 0.58238012 -65.32627869 0.65098039 0.74117647 0.85882353
v -1.68873274 0.58850187 -65.32690430 0.65098039 0.74117647 0.85882353
v -1.68747628 0.59193462 -65.31835175 0.65098039 0.74117647 0.85882353
v -1.68784618 0.58665341 -65.31760406 0.65098039 0.74117647 0.85882353
v -1.68482065 0.59400713 -65.31187439 0.65098039 0.74117647 0.85882353
v -1.68485355 0.58986229 -65.31154633 0.65098039 0.74117647 0.85882353
v -1.68247867 0.58635587 -65.31082153 0.65098039 0.74117647 0.85882353
v -1.68154407 0.59393668 -65.30822754 0.65098039 0.74117647 0.85882353
v -1.67948806 0.59742039 -65.30805206 0.65098039 0.74117647 0.85882353
v -1.67829478 0.59178048 -65.30639648 0.65098039 0.74117647 0.85882353
v -1.68244445 0.59125531 -65.30883026 0.65098039 0.74117647 0.85882353
v -1.68041825 0.58935106 -65.30801392 0.65098039 0.74117647 0.85882353
v -1.77014565 0.52376956 -65.36415100 0.65098039 0.74117647 0.85882353
v -1.76643503 0.52712727 -65.36022949 0.65098039 0.74117647 0.85882353
v -1.76145244 0.52459997 -65.36562347 0.65098039 0.74117647 0.85882353
v -1.75572705 0.52119517 -65.37201691 0.65098039 0.74117647 0.85882353
v -1.75559592 0.51699370 -65.38085175 0.65098039 0.74117647 0.85882353
v -1.75115824 0.52568465 -65.36971283 0.65098039 0.74117647 0.85882353
v -1.75714433 0.52913797 -65.36341858 0.65098039 0.74117647 0.85882353
v -1.76335216 0.53299791 -65.35624695 0.65098039 0.74117647 0.85882353
v -1.74272943 0.52733356 -65.37284851 0.65098039 0.74117647 0.85882353
v -1.44450331 0.87232870 -65.21050262 0.65098039 0.74117647 0.85882353
v -1.44130826 0.87281364 -65.20835876 0.65098039 0.74117647 0.85882353
v -1.44486475 0.86591500 -65.21070099 0.65098039 0.74117647 0.85882353
v -1.44732642 0.86652404 -65.21255493 0.65098039 0.74117647 0.85882353
v -1.43818474 0.86452347 -65.20745850 0.65098039 0.74117647 0.85882353
v -1.44218028 0.86501104 -65.20864105 0.65098039 0.74117647 0.85882353
v -1.43678308 0.87256211 -65.20646667 0.65098039 0.74117647 0.85882353
v -1.43150902 0.87110025 -65.20615387 0.65098039 0.74117647 0.85882353
v -1.42442775 0.86523604 -65.20783234 0.65098039 0.74117647 0.85882353
v -1.42325842 0.86334544 -65.20741272 0.65098039 0.74117647 0.85882353
v -1.42429268 0.86261731 -65.20699310 0.65098039 0.74117647 0.85882353
v -1.42654145 0.86312085 -65.20707703 0.65098039 0.74117647 0.85882353
v -1.43035650 0.86357796 -65.20659637 0.65098039 0.74117647 0.85882353
v -1.44944632 0.86925739 -65.21567535 0.65098039 0.74117647 0.85882353
v -1.44831693 0.87049383 -65.21460724 0.65098039 0.74117647 0.85882353
v -1.44680083 0.87145633 -65.21255493 0.65098039 0.74117647 0.85882353
v -1.43424821 0.86403960 -65.20656586 0.65098039 0.74117647 0.85882353
v -1.44884372 0.86730355 -65.21448517 0.65098039 0.74117647 0.85882353
v -1.44952655 0.86817080 -65.21569061 0.65098039 0.74117647 0.85882353
v -1.42733002 0.86857611 -65.20689392 0.65098039 0.74117647 0.85882353
v -1.43784690 0.86704952 -65.20724487 0.65098039 0.74117647 0.85882353
v -1.44173717 0.86754233 -65.20874023 0.65098039 0.74117647 0.85882353
v -1.43757749 0.86983007 -65.20693970 0.65098039 0.74117647 0.85882353
v -1.43302882 0.86882013 -65.20626068 0.65098039 0.74117647 0.85882353
v -1.42778850 0.86478049 -65.20703125 0.65098039 0.74117647 0.85882353
v -1.43041003 0.86542124 -65.20662689 0.65098039 0.74117647 0.85882353
v -1.44465375 0.86787003 -65.21067810 0.65098039 0.74117647 0.85882353
v -1.43400407 0.86630648 -65.20641327 0.65098039 0.74117647 0.85882353
v -1.44158673 0.87019593 -65.20878601 0.65098039 0.74117647 0.85882353
v -1.42926800 0.86724406 -65.20652771 0.65098039 0.74117647 0.85882353
v -1.42713797 0.86564630 -65.20722961 0.65098039 0.74117647 0.85882353
v -1.44872630 0.86902916 -65.21505737 0.65098039 0.74117647 0.85882353
v -1.44880629 0.86857748 -65.21498871 0.65098039 0.74117647 0.85882353
v -1.49354160 0.62000942 -65.27275085 0.65098039 0.74117647 0.85882353
v -1.50326598 0.60318959 -65.27066803 0.65098039 0.74117647 0.85882353
v -1.44449532 0.87001801 -65.21075439 0.65098039 0.74117647 0.85882353
v -1.44806755 0.86840731 -65.21398163 0.65098039 0.74117647 0.85882353
v -1.44669402 0.86816257 -65.21251678 0.65098039 0.74117647 0.85882353
v -1.44653285 0.86978823 -65.21266937 0.65098039 0.74117647 0.85882353
v -1.44793355 0.86941522 -65.21412659 0.65098039 0.74117647 0.85882353
v -1.56973207 0.53205866 -65.49717712 0.65098039 0.74117647 0.85882353
v -1.57825041 0.54492396 -65.50514221 0.65098039 0.74117647 0.85882353
v -1.56721222 0.57634962 -65.55115509 0.65098039 0.74117647 0.85882353
v -1.54909694 0.58008361 -65.56433868 0.65098039 0.74117647 0.85882353
v -1.59055042 0.31897068 -65.27962494 0.65098039 0.74117647 0.85882353
v -1.47977912 0.39116710 -65.45730591 0.65098039 0.74117647 0.85882353
v -1.47533357 0.41056097 -65.46098328 0.65098039 0.74117647 0.85882353
v -1.40768921 0.40152889 -65.42090607 0.65098039 0.74117647 0.85882353
v -1.42232943 0.40004456 -65.43515015 0.65098039 0.74117647 0.85882353
v -1.58241987 0.36833280 -65.39961243 0.65098039 0.74117647 0.85882353
v -1.57972240 0.38751906 -65.40019989 0.65098039 0.74117647 0.85882353
v -1.59260392 0.34941202 -65.33039856 0.65098039 0.74117647 0.85882353
v -1.59006417 0.37130165 -65.33117676 0.65098039 0.74117647 0.85882353
v -1.59517932 0.34306645 -65.37730408 0.65098039 0.74117647 0.85882353
v -1.45253539 0.35582632 -65.44864655 0.65098039 0.74117647 0.85882353
v -1.47225261 0.35580331 -65.45619202 0.65098039 0.74117647 0.85882353
v -1.46538699 0.37543178 -65.45317078 0.65098039 0.74117647 0.85882353
v -1.44590759 0.37649435 -65.44627380 0.65098039 0.74117647 0.85882353
v -1.39754784 0.40164185 -65.40374756 0.65098039 0.74117647 0.85882353
v -1.40286744 0.37924087 -65.40375519 0.65098039 0.74117647 0.85882353
v -1.56519806 0.41271675 -65.42401123 0.65098039 0.74117647 0.85882353
v -1.54593706 0.41620618 -65.44317627 0.65098039 0.74117647 0.85882353
v -1.49786675 0.42416441 -65.46268463 0.65098039 0.74117647 0.85882353
v -1.47335660 0.42897791 -65.46411133 0.65098039 0.74117647 0.85882353
v -1.45128429 0.43517214 -65.45909882 0.65098039 0.74117647 0.85882353
v -1.43107057 0.44073164 -65.44934082 0.65098039 0.74117647 0.85882353
v -1.58911097 0.39059001 -65.30962372 0.65098039 0.74117647 0.85882353
v -1.58296478 0.41086954 -65.29003906 0.65098039 0.74117647 0.85882353
v -1.57871795 0.40844345 -65.40048981 0.65098039 0.74117647 0.85882353
v -1.56526017 0.38033730 -65.24476624 0.65098039 0.74117647 0.85882353
v -1.40727544 0.46775740 -65.44017029 0.65098039 0.74117647 0.85882353
v -1.39067936 0.46906918 -65.42344666 0.65098039 0.74117647 0.85882353
v -1.52288878 0.42005116 -65.45552063 0.65098039 0.74117647 0.85882353
v -1.53800273 0.56303596 -65.27120209 0.65098039 0.74117647 0.85882353
v -1.54750562 0.56775677 -65.28548431 0.65098039 0.74117647 0.85882353
v -1.55688226 0.55200189 -65.28011322 0.65098039 0.74117647 0.85882353
v -1.54652584 0.54659438 -65.26602936 0.65098039 0.74117647 0.85882353
v -1.56587172 0.55582339 -65.29398346 0.65098039 0.74117647 0.85882353
v -1.57331979 0.55831611 -65.30854797 0.65098039 0.74117647 0.85882353
v -1.57879186 0.55969971 -65.32277679 0.65098039 0.74117647 0.85882353
v -1.58578658 0.55724424 -65.36135864 0.65098039 0.74117647 0.85882353
v -1.58483982 0.55883318 -65.34931946 0.65098039 0.74117647 0.85882353
v -1.58442318 0.54907686 -65.38393402 0.65098039 0.74117647 0.85882353
v -1.58550525 0.55424863 -65.37290955 0.65098039 0.74117647 0.85882353
v -1.58121657 0.54004073 -65.39466095 0.65098039 0.74117647 0.85882353
v -1.57475877 0.52945673 -65.40541840 0.65098039 0.74117647 0.85882353
v -1.55884075 0.53009290 -65.42385101 0.65098039 0.74117647 0.85882353
v -1.56595588 0.51860613 -65.41739655 0.65098039 0.74117647 0.85882353
v -1.58156681 0.51785153 -65.39749908 0.65098039 0.74117647 0.85882353
v -1.58690536 0.52920204 -65.38662720 0.65098039 0.74117647 0.85882353
v -1.58959162 0.53783888 -65.37618256 0.65098039 0.74117647 0.85882353
v -1.55369461 0.47499067 -65.24891663 0.65098039 0.74117647 0.85882353
v -1.54988980 0.50003117 -65.24713135 0.65098039 0.74117647 0.85882353
v -1.48396528 0.63592070 -65.27382660 0.65098039 0.74117647 0.85882353
v -1.64038992 0.44893175 -65.57977295 0.65098039 0.74117647 0.85882353
v -1.65692234 0.53586251 -65.46494293 0.65098039 0.74117647 0.85882353
v -1.36581123 0.65754551 -65.37363434 0.65098039 0.74117647 0.85882353
v -1.37501490 0.66560179 -65.38847351 0.65098039 0.74117647 0.85882353
v -1.41812110 0.69157702 -65.42393494 0.65098039 0.74117647 0.85882353
v -1.44228923 0.70215338 -65.42432404 0.65098039 0.74117647 0.85882353
v -1.39777577 0.67928118 -65.41671753 0.65098039 0.74117647 0.85882353
v -1.38314295 0.66623032 -65.40531158 0.65098039 0.74117647 0.85882353
v -1.58382928 0.42371094 -65.37575531 0.65098039 0.74117647 0.85882353
v -1.36918318 0.63052464 -65.39923859 0.65098039 0.74117647 0.85882353
v -1.38040936 0.65531206 -65.40996552 0.65098039 0.74117647 0.85882353
v -1.39479375 0.66945344 -65.42228699 0.65098039 0.74117647 0.85882353
v -1.41604185 0.68262404 -65.43250275 0.65098039 0.74117647 0.85882353
v -1.44380593 0.69595844 -65.43716431 0.65098039 0.74117647 0.85882353
v -1.45869660 0.69773692 -65.44621277 0.65098039 0.74117647 0.85882353
v -1.46635711 0.68160784 -65.47056580 0.65098039 0.74117647 0.85882353
v -1.47696865 0.67978460 -65.47830963 0.65098039 0.74117647 0.85882353
v -1.48754954 0.67588574 -65.48706055 0.65098039 0.74117647 0.85882353
v -1.50298369 0.68709445 -65.47973633 0.65098039 0.74117647 0.85882353
v -1.49209595 0.69210333 -65.47026825 0.65098039 0.74117647 0.85882353
v -1.53119206 0.60555220 -65.54838562 0.65098039 0.74117647 0.85882353
v -1.53057146 0.59077013 -65.55824280 0.65098039 0.74117647 0.85882353
v -1.52377629 0.57885498 -65.56580353 0.65098039 0.74117647 0.85882353
v -1.51474416 0.56853557 -65.56908417 0.65098039 0.74117647 0.85882353
v -1.50401497 0.56079000 -65.56665039 0.65098039 0.74117647 0.85882353
v -1.49346697 0.55526394 -65.55942535 0.65098039 0.74117647 0.85882353
v -1.48475289 0.55600405 -65.54783630 0.65098039 0.74117647 0.85882353
v -1.47370446 0.56789255 -65.51680756 0.65098039 0.74117647 0.85882353
v -1.47343552 0.57402819 -65.50885773 0.65098039 0.74117647 0.85882353
v -1.46953607 0.55162549 -65.49563599 0.65098039 0.74117647 0.85882353
v -1.46844673 0.54226172 -65.49367523 0.65098039 0.74117647 0.85882353
v -1.46229923 0.51640803 -65.48599243 0.65098039 0.74117647 0.85882353
v -1.45874274 0.50225061 -65.48059845 0.65098039 0.74117647 0.85882353
v -1.45358157 0.48731244 -65.47604370 0.65098039 0.74117647 0.85882353
v -1.47497880 0.25829643 -65.47617340 0.65098039 0.74117647 0.85882353
v -1.49601293 0.26214927 -65.48009491 0.65098039 0.74117647 0.85882353
v -1.49335015 0.27920467 -65.47227478 0.65098039 0.74117647 0.85882353
v -1.47238588 0.27511805 -65.46719360 0.65098039 0.74117647 0.85882353
v -1.43099236 0.30719328 -65.43091583 0.65098039 0.74117647 0.85882353
v -1.41566861 0.30414212 -65.41564941 0.65098039 0.74117647 0.85882353
v -1.56267881 0.28205192 -65.45973206 0.65098039 0.74117647 0.85882353
v -1.58295763 0.27774101 -65.44396210 0.65098039 0.74117647 0.85882353
v -1.51603603 0.28264546 -65.47340393 0.65098039 0.74117647 0.85882353
v -1.53955531 0.28355837 -65.46892548 0.65098039 0.74117647 0.85882353
v -1.59842396 0.27050281 -65.42319489 0.65098039 0.74117647 0.85882353
v -1.60794175 0.22903214 -65.32709503 0.65098039 0.74117647 0.85882353
v -1.60183430 0.21981858 -65.30327606 0.65098039 0.74117647 0.85882353
v -1.58178639 0.20660143 -65.26172638 0.65098039 0.74117647 0.85882353
v -1.56802738 0.20219694 -65.24527740 0.65098039 0.74117647 0.85882353
v -1.60784745 0.26053894 -65.40056610 0.65098039 0.74117647 0.85882353
v -1.59308517 0.21243526 -65.28106689 0.65098039 0.74117647 0.85882353
v -1.61247575 0.24959786 -65.37757111 0.65098039 0.74117647 0.85882353
v -1.61195982 0.23875569 -65.35292053 0.65098039 0.74117647 0.85882353
v -1.44775176 0.31023353 -65.44400024 0.65098039 0.74117647 0.85882353
v -1.45108664 0.28943419 -65.45051575 0.65098039 0.74117647 0.85882353
v -1.46916687 0.29353046 -65.45981598 0.65098039 0.74117647 0.85882353
v -1.37177134 0.53227466 -65.41773987 0.65098039 0.74117647 0.85882353
v -1.38121390 0.53779906 -65.43392181 0.65098039 0.74117647 0.85882353
v -1.39046609 0.54510903 -65.44937897 0.65098039 0.74117647 0.85882353
v -1.39355993 0.57286912 -65.45964050 0.65098039 0.74117647 0.85882353
v -1.39970028 0.55456513 -65.46353149 0.65098039 0.74117647 0.85882353
v -1.41073501 0.56498557 -65.47468567 0.65098039 0.74117647 0.85882353
v -1.40446055 0.58256787 -65.47026062 0.65098039 0.74117647 0.85882353
v -1.42867410 0.59940195 -65.48462677 0.65098039 0.74117647 0.85882353
v -1.43213570 0.58424962 -65.48700714 0.65098039 0.74117647 0.85882353
v -1.44005239 0.59120840 -65.49229431 0.65098039 0.74117647 0.85882353
v -1.43739104 0.60499525 -65.49018097 0.65098039 0.74117647 0.85882353
v -1.44730544 0.59672546 -65.49681854 0.65098039 0.74117647 0.85882353
v -1.45515668 0.60078299 -65.50263214 0.65098039 0.74117647 0.85882353
v -1.46327412 0.60264915 -65.50763702 0.65098039 0.74117647 0.85882353
v -1.46881092 0.60000622 -65.51701355 0.65098039 0.74117647 0.85882353
v -1.47260225 0.62256140 -65.51943970 0.65098039 0.74117647 0.85882353
v -1.46463740 0.62526911 -65.50981903 0.65098039 0.74117647 0.85882353
v -1.42835367 0.61562842 -65.48115540 0.65098039 0.74117647 0.85882353
v -1.41619420 0.60883552 -65.47447968 0.65098039 0.74117647 0.85882353
v -1.36692595 0.56672651 -65.40967560 0.65098039 0.74117647 0.85882353
v -1.36004674 0.56130338 -65.39418793 0.65098039 0.74117647 0.85882353
v -1.55401468 0.51262212 -65.43408966 0.65098039 0.74117647 0.85882353
v -1.53954411 0.50858843 -65.45069122 0.65098039 0.74117647 0.85882353
v -1.52517283 0.50695872 -65.46495056 0.65098039 0.74117647 0.85882353
v -1.51018834 0.50813699 -65.47521210 0.65098039 0.74117647 0.85882353
v -1.49460948 0.51185477 -65.48325348 0.65098039 0.74117647 0.85882353
v -1.47905517 0.51734322 -65.48778534 0.65098039 0.74117647 0.85882353
v -1.46657944 0.53357512 -65.49188232 0.65098039 0.74117647 0.85882353
v -1.46485174 0.52527553 -65.48955536 0.65098039 0.74117647 0.85882353
v -1.45573688 0.54390299 -65.49248505 0.65098039 0.74117647 0.85882353
v -1.45189166 0.53482896 -65.48967743 0.65098039 0.74117647 0.85882353
v -1.44064713 0.54635584 -65.48834991 0.65098039 0.74117647 0.85882353
v -1.43055558 0.55879897 -65.48522949 0.65098039 0.74117647 0.85882353
v -1.42228866 0.57494032 -65.48159790 0.65098039 0.74117647 0.85882353
v -1.41707850 0.59142262 -65.47795105 0.65098039 0.74117647 0.85882353
v -1.40305030 0.60186535 -65.46546936 0.65098039 0.74117647 0.85882353
v -1.39176869 0.59264868 -65.45633698 0.65098039 0.74117647 0.85882353
v -1.38183022 0.60285383 -65.43991089 0.65098039 0.74117647 0.85882353
v -1.38311779 0.62184530 -65.43647766 0.65098039 0.74117647 0.85882353
v -1.38227832 0.58262151 -65.44212341 0.65098039 0.74117647 0.85882353
v -1.38435054 0.56267560 -65.44525146 0.65098039 0.74117647 0.85882353
v -1.42411160 0.70807523 -65.39813232 0.65098039 0.74117647 0.85882353
v -1.40508211 0.69923466 -65.39208984 0.65098039 0.74117647 0.85882353
v -1.48599267 0.57250917 -65.54602814 0.65098039 0.74117647 0.85882353
v -1.48269534 0.56890154 -65.54261017 0.65098039 0.74117647 0.85882353
v -1.48357666 0.56375211 -65.54488373 0.65098039 0.74117647 0.85882353
v -1.48997402 0.56570494 -65.55183411 0.65098039 0.74117647 0.85882353
v -1.49714851 0.57099116 -65.55750275 0.65098039 0.74117647 0.85882353
v -1.49717402 0.58651775 -65.55137634 0.65098039 0.74117647 0.85882353
v -1.49157119 0.57812893 -65.54962158 0.65098039 0.74117647 0.85882353
v -1.50518394 0.57870406 -65.55944824 0.65098039 0.74117647 0.85882353
v -1.51235545 0.58820015 -65.55773926 0.65098039 0.74117647 0.85882353
v -1.50295460 0.59582859 -65.55057526 0.65098039 0.74117647 0.85882353
v -1.51765764 0.59851718 -65.55342865 0.65098039 0.74117647 0.85882353
v -1.50804436 0.60440189 -65.54804993 0.65098039 0.74117647 0.85882353
v -1.51914358 0.60917455 -65.54714203 0.65098039 0.74117647 0.85882353
v -1.51112092 0.61081308 -65.54534912 0.65098039 0.74117647 0.85882353
v -1.49251509 0.63566524 -65.52665710 0.65098039 0.74117647 0.85882353
v -1.49963367 0.62748682 -65.53410339 0.65098039 0.74117647 0.85882353
v -1.50633657 0.61843711 -65.54080200 0.65098039 0.74117647 0.85882353
v -1.47326958 0.59482163 -65.52638245 0.65098039 0.74117647 0.85882353
v -1.47899449 0.59025151 -65.53469086 0.65098039 0.74117647 0.85882353
v -1.48521411 0.58478063 -65.54219818 0.65098039 0.74117647 0.85882353
v -1.48968899 0.59379089 -65.54369354 0.65098039 0.74117647 0.85882353
v -1.48271787 0.59972000 -65.53627014 0.65098039 0.74117647 0.85882353
v -1.47581601 0.60520208 -65.52842712 0.65098039 0.74117647 0.85882353
v -1.36808610 0.54940385 -65.41352081 0.65098039 0.74117647 0.85882353
v -1.37557554 0.55550122 -65.42936707 0.65098039 0.74117647 0.85882353
v -1.44594908 0.60983717 -65.49641418 0.65098039 0.74117647 0.85882353
v -1.45388806 0.61276150 -65.50203705 0.65098039 0.74117647 0.85882353
v -1.46259654 0.61307985 -65.50846863 0.65098039 0.74117647 0.85882353
v -1.46997523 0.61079586 -65.51875305 0.65098039 0.74117647 0.85882353
v -1.45592868 0.62551701 -65.50254059 0.65098039 0.74117647 0.85882353
v -1.44687641 0.62360853 -65.49542999 0.65098039 0.74117647 0.85882353
v -1.43785739 0.62010300 -65.48800659 0.65098039 0.74117647 0.85882353
v -1.37396717 0.57405442 -65.42713928 0.65098039 0.74117647 0.85882353
v -1.36001861 0.54473144 -65.39818573 0.65098039 0.74117647 0.85882353
v -1.56191730 0.64010984 -65.43303680 0.65098039 0.74117647 0.85882353
v -1.55837238 0.66496676 -65.44200897 0.65098039 0.74117647 0.85882353
v -1.54514527 0.68361449 -65.45616150 0.65098039 0.74117647 0.85882353
v -1.52436841 0.69132906 -65.46984100 0.65098039 0.74117647 0.85882353
v -1.56090117 0.42844796 -65.59961700 0.65098039 0.74117647 0.85882353
v -1.40843797 0.35596520 -65.40567780 0.65098039 0.74117647 0.85882353
v -1.41290784 0.33112210 -65.40908813 0.65098039 0.74117647 0.85882353
v -1.42613304 0.33208293 -65.42566681 0.65098039 0.74117647 0.85882353
v -1.37842989 0.46795529 -65.40704346 0.65098039 0.74117647 0.85882353
v -1.36199629 0.52848035 -65.40331268 0.65098039 0.74117647 0.85882353
v -1.59828496 0.53112078 -65.32250214 0.65098039 0.74117647 0.85882353
v -1.59461474 0.53070492 -65.31012726 0.65098039 0.74117647 0.85882353
v -1.58722675 0.54541695 -65.31587219 0.65098039 0.74117647 0.85882353
v -1.59078968 0.54598808 -65.32901001 0.65098039 0.74117647 0.85882353
v -1.59955704 0.53103226 -65.34655762 0.65098039 0.74117647 0.85882353
v -1.59977269 0.53135896 -65.33493042 0.65098039 0.74117647 0.85882353
v -1.59232128 0.54560143 -65.34169006 0.65098039 0.74117647 0.85882353
v -1.59264171 0.54468590 -65.35348511 0.65098039 0.74117647 0.85882353
v -1.59810400 0.52941769 -65.35769653 0.65098039 0.74117647 0.85882353
v -1.59176254 0.54260057 -65.36489105 0.65098039 0.74117647 0.85882353
v -1.60601091 0.51524818 -65.32951355 0.65098039 0.74117647 0.85882353
v -1.60460424 0.51505667 -65.31752014 0.65098039 0.74117647 0.85882353
v -1.60058427 0.51507348 -65.30573273 0.65098039 0.74117647 0.85882353
v -1.60362041 0.51507235 -65.35168457 0.65098039 0.74117647 0.85882353
v -1.60499787 0.51552808 -65.34149933 0.65098039 0.74117647 0.85882353
v -1.43837106 0.74500430 -65.20891571 0.65098039 0.74117647 0.85882353
v -1.43843102 0.75139564 -65.19298553 0.65098039 0.74117647 0.85882353
v -1.42395329 0.79324383 -65.17803955 0.65098039 0.74117647 0.85882353
v -1.42252779 0.79737365 -65.17994690 0.65098039 0.74117647 0.85882353
v -1.46753573 0.65877849 -65.27428436 0.65098039 0.74117647 0.85882353
v -1.46274316 0.67003947 -65.27186584 0.65098039 0.74117647 0.85882353
v -1.54430962 0.52141112 -65.24951935 0.65098039 0.74117647 0.85882353
v -1.52831674 0.55652016 -65.25768280 0.65098039 0.74117647 0.85882353
v -1.52012575 0.57000762 -65.26423645 0.65098039 0.74117647 0.85882353
v -1.51219249 0.58624709 -65.26789093 0.65098039 0.74117647 0.85882353
v -1.47531450 0.64872760 -65.27453613 0.65098039 0.74117647 0.85882353
v -1.53707016 0.53941065 -65.25365448 0.65098039 0.74117647 0.85882353
v -1.56389415 0.08980487 -65.50549316 0.65098039 0.74117647 0.85882353
v -1.53839076 0.07114075 -65.51022339 0.65098039 0.74117647 0.85882353
v -1.54130650 0.10204671 -65.51142120 0.65098039 0.74117647 0.85882353
v -1.52288377 0.08821543 -65.51422882 0.65098039 0.74117647 0.85882353
v -1.55862033 0.17367142 -65.49754333 0.65098039 0.74117647 0.85882353
v -1.55633485 0.14637519 -65.50269318 0.65098039 0.74117647 0.85882353
v -1.55783629 0.20243356 -65.49386597 0.65098039 0.74117647 0.85882353
v -1.49910319 0.07957087 -65.51338196 0.65098039 0.74117647 0.85882353
v -1.47335291 0.07435627 -65.50555420 0.65098039 0.74117647 0.85882353
v -1.46456897 0.09601887 -65.51022339 0.65098039 0.74117647 0.85882353
v -1.53029287 0.19980465 -65.50276947 0.65098039 0.74117647 0.85882353
v -1.53139150 0.17313577 -65.50715637 0.65098039 0.74117647 0.85882353
v -1.52739072 0.10965438 -65.51435089 0.65098039 0.74117647 0.85882353
v -1.55132723 0.12186752 -65.50746155 0.65098039 0.74117647 0.85882353
v -1.52942598 0.12471460 -65.51354980 0.65098039 0.74117647 0.85882353
v -1.49028504 0.09943004 -65.51587677 0.65098039 0.74117647 0.85882353
v -1.51249957 0.10405935 -65.51653290 0.65098039 0.74117647 0.85882353
v -1.43556464 0.24851488 -65.45829010 0.65098039 0.74117647 0.85882353
v -1.41205382 0.22701542 -65.45482635 0.65098039 0.74117647 0.85882353
v -1.43520880 0.23041748 -65.47015381 0.65098039 0.74117647 0.85882353
v -1.51974905 0.26591241 -65.47989655 0.65098039 0.74117647 0.85882353
v -1.49897015 0.24448727 -65.49145508 0.65098039 0.74117647 0.85882353
v -1.50858152 0.12267481 -65.51714325 0.65098039 0.74117647 0.85882353
v -1.48446381 0.12062965 -65.51751709 0.65098039 0.74117647 0.85882353
v -1.45799029 0.11903895 -65.51146698 0.65098039 0.74117647 0.85882353
v -1.45476639 0.19276993 -65.50066376 0.65098039 0.74117647 0.85882353
v -1.45339012 0.16983721 -65.50713348 0.65098039 0.74117647 0.85882353
v -1.47900724 0.17040868 -65.51299286 0.65098039 0.74117647 0.85882353
v -1.47932124 0.19526084 -65.50662994 0.65098039 0.74117647 0.85882353
v -1.50167859 0.22268148 -65.50112915 0.65098039 0.74117647 0.85882353
v -1.50394392 0.19762656 -65.50762939 0.65098039 0.74117647 0.85882353
v -1.45562696 0.21511070 -65.49176788 0.65098039 0.74117647 0.85882353
v -1.47824168 0.21897162 -65.49864960 0.65098039 0.74117647 0.85882353
v -1.47663820 0.24015497 -65.48809814 0.65098039 0.74117647 0.85882353
v -1.50533807 0.17094889 -65.51253510 0.65098039 0.74117647 0.85882353
v -1.42721438 0.14296605 -65.49736786 0.65098039 0.74117647 0.85882353
v -1.45394468 0.14481275 -65.50988770 0.65098039 0.74117647 0.85882353
v -1.40397286 0.14075436 -65.47713470 0.65098039 0.74117647 0.85882353
v -1.45577240 0.23512219 -65.48049164 0.65098039 0.74117647 0.85882353
v -1.45518255 0.25375181 -65.46870422 0.65098039 0.74117647 0.85882353
v -1.45341349 0.27140582 -65.45877075 0.65098039 0.74117647 0.85882353
v -1.44235992 0.33318096 -65.43908691 0.65098039 0.74117647 0.85882353
v -1.65316570 -0.14459519 -65.36721802 0.65098039 0.74117647 0.85882353
v -1.49136698 0.02263556 -65.33937836 0.65098039 0.74117647 0.85882353
v -1.47489774 0.02569427 -65.35810089 0.65098039 0.74117647 0.85882353
v -1.64584923 0.12166931 -65.41910553 0.65098039 0.74117647 0.85882353
v -1.60734499 0.10728116 -65.48193359 0.65098039 0.74117647 0.85882353
v -1.57729387 0.11640279 -65.49700928 0.65098039 0.74117647 0.85882353
v -1.55208838 0.03197713 -65.30522156 0.65098039 0.74117647 0.85882353
v -1.52608168 0.02383636 -65.31315613 0.65098039 0.74117647 0.85882353
v -1.65026402 0.11234258 -65.38751221 0.65098039 0.74117647 0.85882353
v -1.62943268 0.07192685 -65.33292389 0.65098039 0.74117647 0.85882353
v -1.50697076 0.02176078 -65.32502747 0.65098039 0.74117647 0.85882353
v -1.53107953 0.14734752 -65.51103210 0.65098039 0.74117647 0.85882353
v -1.50664055 0.14578526 -65.51586914 0.65098039 0.74117647 0.85882353
v -1.48080873 0.14469148 -65.51582336 0.65098039 0.74117647 0.85882353
v -1.43067276 0.11805917 -65.49789429 0.65098039 0.74117647 0.85882353
v -1.40677106 0.11758573 -65.47762299 0.65098039 0.74117647 0.85882353
v -1.55567992 0.07293503 -65.27743530 0.65098039 0.74117647 0.85882353
v -1.55485523 0.08208497 -65.27122498 0.65098039 0.74117647 0.85882353
v -1.54788268 0.07925488 -65.26531219 0.65098039 0.74117647 0.85882353
v -1.54429317 0.06543006 -65.27170563 0.65098039 0.74117647 0.85882353
v -1.60824883 0.20767485 -65.32798767 0.65098039 0.74117647 0.85882353
v -1.59971523 0.19820209 -65.30430603 0.65098039 0.74117647 0.85882353
v -1.57725966 0.18533856 -65.26384735 0.65098039 0.74117647 0.85882353
v -1.56407666 0.18163276 -65.24829865 0.65098039 0.74117647 0.85882353
v -1.61254382 0.24251537 -65.40299988 0.65098039 0.74117647 0.85882353
v -1.58931267 0.19066425 -65.28260040 0.65098039 0.74117647 0.85882353
v -1.61605322 0.23051320 -65.37968445 0.65098039 0.74117647 0.85882353
v -1.61406970 0.21830519 -65.35442352 0.65098039 0.74117647 0.85882353
v -1.44142759 -0.51616633 -65.55898285 0.65098039 0.74117647 0.85882353
v -1.43401623 -0.54125017 -65.56861115 0.65098039 0.74117647 0.85882353
v -1.42656350 -0.53232491 -65.57782745 0.65098039 0.74117647 0.85882353
v -1.43208289 -0.50732493 -65.56568146 0.65098039 0.74117647 0.85882353
v -1.43017507 -0.48939443 -65.59201813 0.65098039 0.74117647 0.85882353
v -1.42523861 -0.49517596 -65.58042908 0.65098039 0.74117647 0.85882353
v -1.43943858 -0.48755318 -65.60302734 0.65098039 0.74117647 0.85882353
v -1.42613983 -0.51357192 -65.61309814 0.65098039 0.74117647 0.85882353
v -1.43784857 -0.51696599 -65.61804962 0.65098039 0.74117647 0.85882353
v -1.45121717 -0.49032050 -65.61009216 0.65098039 0.74117647 0.85882353
v -1.46308553 -0.49577540 -65.61087799 0.65098039 0.74117647 0.85882353
v -1.46059012 -0.52788544 -65.61681366 0.65098039 0.74117647 0.85882353
v -1.47326136 -0.53713828 -65.60649872 0.65098039 0.74117647 0.85882353
v -1.48721039 -0.51389378 -65.59856415 0.65098039 0.74117647 0.85882353
v -1.47457981 -0.50290203 -65.60776520 0.65098039 0.74117647 0.85882353
v -1.49352407 -0.52812934 -65.58467865 0.65098039 0.74117647 0.85882353
v -1.48097157 -0.54931474 -65.59329224 0.65098039 0.74117647 0.85882353
v -1.48840594 -0.53551251 -65.56948853 0.65098039 0.74117647 0.85882353
v -1.45458364 -0.52565014 -65.55446625 0.65098039 0.74117647 0.85882353
v -1.44679904 -0.55084413 -65.56121826 0.65098039 0.74117647 0.85882353
v -1.41753805 -0.51521081 -65.60226440 0.65098039 0.74117647 0.85882353
v -1.41597319 -0.52170795 -65.59045410 0.65098039 0.74117647 0.85882353
v -1.42635703 -0.50174034 -65.57100677 0.65098039 0.74117647 0.85882353
v -1.42128515 -0.52690345 -65.58392334 0.65098039 0.74117647 0.85882353
v -1.41823554 -0.55920440 -65.58409119 0.65098039 0.74117647 0.85882353
v -1.42574370 -0.56634218 -65.57190704 0.65098039 0.74117647 0.85882353
v -1.40510809 -0.54011369 -65.61175537 0.65098039 0.74117647 0.85882353
v -1.40893674 -0.54730517 -65.60099030 0.65098039 0.74117647 0.85882353
v -1.42535377 -0.54190540 -65.62535858 0.65098039 0.74117647 0.85882353
v -1.41251767 -0.53733706 -65.62318420 0.65098039 0.74117647 0.85882353
v -1.45042348 -0.55078202 -65.62874603 0.65098039 0.74117647 0.85882353
v -1.44903255 -0.52191007 -65.61863708 0.65098039 0.74117647 0.85882353
v -1.43782282 -0.54618448 -65.62822723 0.65098039 0.74117647 0.85882353
v -1.46377277 -0.55871612 -65.61814117 0.65098039 0.74117647 0.85882353
v -1.47426903 -0.56986421 -65.60195923 0.65098039 0.74117647 0.85882353
v -1.44097292 -0.57459724 -65.56470490 0.65098039 0.74117647 0.85882353
v -1.41451716 -0.55258542 -65.59343719 0.65098039 0.74117647 0.85882353
v -1.57004631 -0.70955712 -65.55229950 0.65098039 0.74117647 0.85882353
v -1.56603360 -0.71207523 -65.54614258 0.65098039 0.74117647 0.85882353
v -1.56689560 -0.70667905 -65.54618835 0.65098039 0.74117647 0.85882353
v -1.56934869 -0.70585173 -65.55015564 0.65098039 0.74117647 0.85882353
v -1.55063105 -0.71753353 -65.51774597 0.65098039 0.74117647 0.85882353
v -1.54090893 -0.72180098 -65.51106262 0.65098039 0.74117647 0.85882353
v -1.54513812 -0.71088713 -65.50697327 0.65098039 0.74117647 0.85882353
v -1.55215156 -0.70880586 -65.51177216 0.65098039 0.74117647 0.85882353
v -1.56235850 -0.71642786 -65.53106689 0.65098039 0.74117647 0.85882353
v -1.56726277 -0.71516353 -65.53738403 0.65098039 0.74117647 0.85882353
v -1.56283689 -0.71795791 -65.53888702 0.65098039 0.74117647 0.85882353
v -1.55976546 -0.71847433 -65.53475952 0.65098039 0.74117647 0.85882353
v -1.56352544 -0.69484568 -65.58551025 0.65098039 0.74117647 0.85882353
v -1.56489193 -0.69426596 -65.59159088 0.65098039 0.74117647 0.85882353
v -1.56266928 -0.69668156 -65.59257507 0.65098039 0.74117647 0.85882353
v -1.56094003 -0.69839376 -65.58873749 0.65098039 0.74117647 0.85882353
v -1.56752992 -0.70528966 -65.56556702 0.65098039 0.74117647 0.85882353
v -1.56948316 -0.70399433 -65.57160950 0.65098039 0.74117647 0.85882353
v -1.56646740 -0.70676929 -65.57289124 0.65098039 0.74117647 0.85882353
v -1.56497002 -0.70814687 -65.56939697 0.65098039 0.74117647 0.85882353
v -1.53973138 -0.69620627 -65.52610016 0.65098039 0.74117647 0.85882353
v -1.54896855 -0.70226389 -65.51762390 0.65098039 0.74117647 0.85882353
v -1.53798962 -0.70522875 -65.50985718 0.65098039 0.74117647 0.85882353
v -1.52849662 -0.69609642 -65.51572418 0.65098039 0.74117647 0.85882353
v -1.52953076 -0.71369880 -65.51054382 0.65098039 0.74117647 0.85882353
v -1.53199911 -0.71699166 -65.52013397 0.65098039 0.74117647 0.85882353
v -1.52108002 -0.71239460 -65.52742767 0.65098039 0.74117647 0.85882353
v -1.51855862 -0.70621747 -65.51776123 0.65098039 0.74117647 0.85882353
v -1.54185438 -0.71651405 -65.52857208 0.65098039 0.74117647 0.85882353
v -1.53241110 -0.71202427 -65.53624725 0.65098039 0.74117647 0.85882353
v -1.54153347 -0.70498019 -65.53719330 0.65098039 0.74117647 0.85882353
v -1.55319691 -0.70954275 -65.52883148 0.65098039 0.74117647 0.85882353
v -1.55561614 -0.70309353 -65.54936218 0.65098039 0.74117647 0.85882353
v -1.56536770 -0.70967168 -65.54500580 0.65098039 0.74117647 0.85882353
v -1.56336558 -0.70474344 -65.53788757 0.65098039 0.74117647 0.85882353
v -1.55421638 -0.69670397 -65.54240417 0.65098039 0.74117647 0.85882353
v -1.55860877 -0.70641273 -65.53102875 0.65098039 0.74117647 0.85882353
v -1.54758000 -0.69887644 -65.53298187 0.65098039 0.74117647 0.85882353
v -1.54214931 -0.70828760 -65.53536224 0.65098039 0.74117647 0.85882353
v -1.55343866 -0.71351868 -65.52864075 0.65098039 0.74117647 0.85882353
v -1.55291939 -0.71635562 -65.53635406 0.65098039 0.74117647 0.85882353
v -1.54213703 -0.71174979 -65.54265594 0.65098039 0.74117647 0.85882353
v -1.54843712 -0.71022266 -65.54936218 0.65098039 0.74117647 0.85882353
v -1.55851877 -0.71518296 -65.54398346 0.65098039 0.74117647 0.85882353
v -1.56036258 -0.69347137 -65.55975342 0.65098039 0.74117647 0.85882353
v -1.56642449 -0.70185816 -65.55399323 0.65098039 0.74117647 0.85882353
v -1.56189871 -0.70324224 -65.54802704 0.65098039 0.74117647 0.85882353
v -1.55470669 -0.69580930 -65.55090332 0.65098039 0.74117647 0.85882353
v -1.55779946 -0.71097249 -65.54685211 0.65098039 0.74117647 0.85882353
v -1.55943668 -0.71270984 -65.55304718 0.65098039 0.74117647 0.85882353
v -1.55117941 -0.70819825 -65.55764771 0.65098039 0.74117647 0.85882353
v -1.55038202 -0.70578128 -65.55120087 0.65098039 0.74117647 0.85882353
v -1.55714238 -0.70580024 -65.56536102 0.65098039 0.74117647 0.85882353
v -1.56381595 -0.71189809 -65.55927277 0.65098039 0.74117647 0.85882353
v -1.56301677 -0.69870609 -65.56496429 0.65098039 0.74117647 0.85882353
v -1.56849694 -0.70620984 -65.55979156 0.65098039 0.74117647 0.85882353
v -1.56296313 -0.69264477 -65.58454132 0.65098039 0.74117647 0.85882353
v -1.56716490 -0.70050734 -65.57861328 0.65098039 0.74117647 0.85882353
v -1.56722116 -0.69625050 -65.57369995 0.65098039 0.74117647 0.85882353
v -1.56210160 -0.68766898 -65.57955933 0.65098039 0.74117647 0.85882353
v -1.56475914 -0.69677305 -65.56793976 0.65098039 0.74117647 0.85882353
v -1.55958414 -0.69040924 -65.57131195 0.65098039 0.74117647 0.85882353
v -1.56179893 -0.70150965 -65.56571960 0.65098039 0.74117647 0.85882353
v -1.56021690 -0.70664626 -65.57136536 0.65098039 0.74117647 0.85882353
v -1.55523658 -0.70208555 -65.57617188 0.65098039 0.74117647 0.85882353
v -1.55809152 -0.69681692 -65.56951904 0.65098039 0.74117647 0.85882353
v -1.56347752 -0.70521969 -65.57773590 0.65098039 0.74117647 0.85882353
v -1.55804443 -0.69967711 -65.58430481 0.65098039 0.74117647 0.85882353
v -1.55795586 -0.68058676 -65.59957123 0.65098039 0.74117647 0.85882353
v -1.55552554 -0.68570405 -65.60491180 0.65098039 0.74117647 0.85882353
v -1.56264937 -0.68967807 -65.59808350 0.65098039 0.74117647 0.85882353
v -1.56321800 -0.68541396 -65.59410095 0.65098039 0.74117647 0.85882353
v -1.56143463 -0.68719381 -65.58818817 0.65098039 0.74117647 0.85882353
v -1.55789721 -0.68217021 -65.59158325 0.65098039 0.74117647 0.85882353
v -1.55849004 -0.69156581 -65.58649445 0.65098039 0.74117647 0.85882353
v -1.55608988 -0.69705170 -65.59089661 0.65098039 0.74117647 0.85882353
v -1.55228662 -0.69413966 -65.59495544 0.65098039 0.74117647 0.85882353
v -1.55653620 -0.68811566 -65.59038544 0.65098039 0.74117647 0.85882353
v -1.55921471 -0.69527465 -65.59706879 0.65098039 0.74117647 0.85882353
v -1.55330110 -0.69127512 -65.60214996 0.65098039 0.74117647 0.85882353
v -1.51911044 -0.68833667 -65.52259827 0.65098039 0.74117647 0.85882353
v -1.53290308 -0.69071478 -65.53656006 0.65098039 0.74117647 0.85882353
v -1.53984702 -0.71995658 -65.51594543 0.65098039 0.74117647 0.85882353
v -1.50882411 -0.70000058 -65.52587891 0.65098039 0.74117647 0.85882353
v -1.54509926 -0.71960926 -65.52090454 0.65098039 0.74117647 0.85882353
v -1.52645826 -0.70745039 -65.54600525 0.65098039 0.74117647 0.85882353
v -1.51158893 -0.70683414 -65.53629303 0.65098039 0.74117647 0.85882353
v -1.53595722 -0.70337009 -65.53956604 0.65098039 0.74117647 0.85882353
v -1.56663692 -0.71015221 -65.53488922 0.65098039 0.74117647 0.85882353
v -1.54675436 -0.70154804 -65.55342102 0.65098039 0.74117647 0.85882353
v -1.53873897 -0.70472640 -65.56082916 0.65098039 0.74117647 0.85882353
v -1.56382537 -0.71094543 -65.53101349 0.65098039 0.74117647 0.85882353
v -1.54401672 -0.68863648 -65.55173492 0.65098039 0.74117647 0.85882353
v -1.54987800 -0.68439412 -65.57102966 0.65098039 0.74117647 0.85882353
v -1.56486464 -0.71430093 -65.55047607 0.65098039 0.74117647 0.85882353
v -1.56710243 -0.71365339 -65.55388641 0.65098039 0.74117647 0.85882353
v -1.54691172 -0.69999814 -65.57850647 0.65098039 0.74117647 0.85882353
v -1.55702591 -0.69530386 -65.57077789 0.65098039 0.74117647 0.85882353
v -1.56947315 -0.70048040 -65.57003784 0.65098039 0.74117647 0.85882353
v -1.55699730 -0.68819082 -65.59082794 0.65098039 0.74117647 0.85882353
v -1.54840207 -0.69414073 -65.59584045 0.65098039 0.74117647 0.85882353
v -1.56824565 -0.70035756 -65.56652069 0.65098039 0.74117647 0.85882353
v -1.55266321 -0.67776114 -65.58974457 0.65098039 0.74117647 0.85882353
v -1.56404519 -0.69073159 -65.59030914 0.65098039 0.74117647 0.85882353
v -1.54694331 -0.67987925 -65.61307526 0.65098039 0.74117647 0.85882353
v -1.54523313 -0.68853819 -65.60982513 0.65098039 0.74117647 0.85882353
v -1.56359303 -0.69096392 -65.58684540 0.65098039 0.74117647 0.85882353
v -1.55095851 -0.67358416 -65.60570526 0.65098039 0.74117647 0.85882353
v -1.46655011 -0.53439087 -65.55358124 0.65098039 0.74117647 0.85882353
v -1.46016300 -0.55757123 -65.56056976 0.65098039 0.74117647 0.85882353
v -1.47790349 -0.53806561 -65.55915833 0.65098039 0.74117647 0.85882353
v -1.47818470 -0.55697453 -65.57862854 0.65098039 0.74117647 0.85882353
v -1.47071922 -0.56020653 -65.56773376 0.65098039 0.74117647 0.85882353
v -1.45763648 -0.58036762 -65.56417847 0.65098039 0.74117647 0.85882353
v -1.47324467 -0.57803041 -65.58557892 0.65098039 0.74117647 0.85882353
v -1.46877706 -0.58108371 -65.57333374 0.65098039 0.74117647 0.85882353
v -1.44089150 -0.56724614 -65.63951111 0.65098039 0.74117647 0.85882353
v -1.45651960 -0.57544976 -65.62991333 0.65098039 0.74117647 0.85882353
v -1.42729294 -0.56347412 -65.63621521 0.65098039 0.74117647 0.85882353
v -1.40106392 -0.55535978 -65.63236237 0.65098039 0.74117647 0.85882353
v -1.41440964 -0.55879813 -65.63513184 0.65098039 0.74117647 0.85882353
v -1.45973384 -0.60160524 -65.56567383 0.65098039 0.74117647 0.85882353
v -1.43925381 -0.59624821 -65.56904602 0.65098039 0.74117647 0.85882353
v -1.47367787 -0.60163778 -65.57444763 0.65098039 0.74117647 0.85882353
v -1.47868979 -0.59704340 -65.59006500 0.65098039 0.74117647 0.85882353
v -1.50591123 -0.67860532 -65.52750397 0.65098039 0.74117647 0.85882353
v -1.49110413 -0.67011195 -65.53945923 0.65098039 0.74117647 0.85882353
v -1.50592530 -0.66005605 -65.54537964 0.65098039 0.74117647 0.85882353
v -1.51949596 -0.67515206 -65.54076385 0.65098039 0.74117647 0.85882353
v -1.51523745 -0.65733916 -65.56328583 0.65098039 0.74117647 0.85882353
v -1.52866602 -0.67403871 -65.55818176 0.65098039 0.74117647 0.85882353
v -1.52014971 -0.65536243 -65.58219147 0.65098039 0.74117647 0.85882353
v -1.53483212 -0.67065006 -65.57679749 0.65098039 0.74117647 0.85882353
v -1.52200377 -0.65367103 -65.60048676 0.65098039 0.74117647 0.85882353
v -1.53779066 -0.66713446 -65.59557343 0.65098039 0.74117647 0.85882353
v -1.52100182 -0.65504813 -65.61806488 0.65098039 0.74117647 0.85882353
v -1.53856134 -0.66538328 -65.61225128 0.65098039 0.74117647 0.85882353
v -1.51880407 -0.66170222 -65.63073730 0.65098039 0.74117647 0.85882353
v -1.53580570 -0.67184383 -65.62309265 0.65098039 0.74117647 0.85882353
v -1.49487627 -0.69323641 -65.53271484 0.65098039 0.74117647 0.85882353
v -1.48109472 -0.68355817 -65.54452515 0.65098039 0.74117647 0.85882353
v -1.49734879 -0.70165730 -65.54633331 0.65098039 0.74117647 0.85882353
v -1.48199022 -0.69430649 -65.55878448 0.65098039 0.74117647 0.85882353
v -1.50795066 -0.70014745 -65.56021881 0.65098039 0.74117647 0.85882353
v -1.49141073 -0.69237477 -65.57286072 0.65098039 0.74117647 0.85882353
v -1.51458704 -0.67495912 -65.63056946 0.65098039 0.74117647 0.85882353
v -1.53194988 -0.68400770 -65.62062836 0.65098039 0.74117647 0.85882353
v -1.51760387 -0.69661576 -65.57668304 0.65098039 0.74117647 0.85882353
v -1.50045526 -0.68784469 -65.58872986 0.65098039 0.74117647 0.85882353
v -1.52446175 -0.69348001 -65.59358978 0.65098039 0.74117647 0.85882353
v -1.50662231 -0.68439621 -65.60519409 0.65098039 0.74117647 0.85882353
v -1.52876496 -0.68957472 -65.60868835 0.65098039 0.74117647 0.85882353
v -1.51068282 -0.68087435 -65.61976624 0.65098039 0.74117647 0.85882353
v -1.48772514 -0.64522880 -65.55263519 0.65098039 0.74117647 0.85882353
v -1.50094974 -0.63816327 -65.56694794 0.65098039 0.74117647 0.85882353
v -1.50418019 -0.63634092 -65.58634949 0.65098039 0.74117647 0.85882353
v -1.50335050 -0.63687497 -65.60549164 0.65098039 0.74117647 0.85882353
v -1.50014448 -0.64174575 -65.62361908 0.65098039 0.74117647 0.85882353
v -1.49895084 -0.64865386 -65.63683319 0.65098039 0.74117647 0.85882353
v -1.48473072 -0.61438400 -65.61415863 0.65098039 0.74117647 0.85882353
v -1.47797966 -0.62844270 -65.63134003 0.65098039 0.74117647 0.85882353
v -1.47690427 -0.63792902 -65.64291382 0.65098039 0.74117647 0.85882353
v -1.45682943 -0.61590314 -65.64126587 0.65098039 0.74117647 0.85882353
v -1.45525086 -0.62764817 -65.64965820 0.65098039 0.74117647 0.85882353
v -1.42051494 -0.59831971 -65.65704346 0.65098039 0.74117647 0.85882353
v -1.41766548 -0.61106378 -65.66695404 0.65098039 0.74117647 0.85882353
v -1.43506241 -0.61730498 -65.65847015 0.65098039 0.74117647 0.85882353
v -1.43670666 -0.60522658 -65.64993286 0.65098039 0.74117647 0.85882353
v -1.46366286 -0.60188711 -65.62816620 0.65098039 0.74117647 0.85882353
v -1.44423604 -0.58993858 -65.63912201 0.65098039 0.74117647 0.85882353
v -1.42861402 -0.58252871 -65.64514160 0.65098039 0.74117647 0.85882353
v -1.39040732 -0.60356539 -65.66734314 0.65098039 0.74117647 0.85882353
v -1.40373647 -0.60695773 -65.66985321 0.65098039 0.74117647 0.85882353
v -1.40783918 -0.59341270 -65.66060638 0.65098039 0.74117647 0.85882353
v -1.39480376 -0.58856815 -65.66042328 0.65098039 0.74117647 0.85882353
v -1.37897241 -0.58756554 -65.65243530 0.65098039 0.74117647 0.85882353
v -1.37668169 -0.60481876 -65.65713501 0.65098039 0.74117647 0.85882353
v -1.37569964 -0.59570247 -65.63466644 0.65098039 0.74117647 0.85882353
v -1.37221467 -0.61152154 -65.64019012 0.65098039 0.74117647 0.85882353
v -1.40437186 -0.57314694 -65.64706421 0.65098039 0.74117647 0.85882353
v -1.41598380 -0.57805628 -65.64653778 0.65098039 0.74117647 0.85882353
v -1.39002109 -0.57043916 -65.64228821 0.65098039 0.74117647 0.85882353
v -1.38649809 -0.57718629 -65.62660980 0.65098039 0.74117647 0.85882353
v -1.39620638 -0.58604246 -65.61585999 0.65098039 0.74117647 0.85882353
v -1.38682365 -0.60527444 -65.62204742 0.65098039 0.74117647 0.85882353
v -1.38015950 -0.62041885 -65.62530518 0.65098039 0.74117647 0.85882353
v -1.47398281 -0.65892619 -65.55360413 0.65098039 0.74117647 0.85882353
v -1.46748805 -0.66950834 -65.56015015 0.65098039 0.74117647 0.85882353
v -1.49072456 -0.61557776 -65.58966064 0.65098039 0.74117647 0.85882353
v -1.48600209 -0.61904782 -65.57038116 0.65098039 0.74117647 0.85882353
v -1.46583033 -0.62489343 -65.56188965 0.65098039 0.74117647 0.85882353
v -1.45406258 -0.64475095 -65.56594086 0.65098039 0.74117647 0.85882353
v -1.45081866 -0.65599686 -65.57669830 0.65098039 0.74117647 0.85882353
v -1.43372357 -0.64510107 -65.59037018 0.65098039 0.74117647 0.85882353
v -1.43419635 -0.63464624 -65.57968140 0.65098039 0.74117647 0.85882353
v -1.46715140 -0.67780125 -65.57226562 0.65098039 0.74117647 0.85882353
v -1.45241308 -0.66102237 -65.58724976 0.65098039 0.74117647 0.85882353
v -1.43497837 -0.64982313 -65.59944153 0.65098039 0.74117647 0.85882353
v -1.41614079 -0.63725668 -65.60032654 0.65098039 0.74117647 0.85882353
v -1.41771972 -0.62607229 -65.59181976 0.65098039 0.74117647 0.85882353
v -1.40282619 -0.63077468 -65.60908508 0.65098039 0.74117647 0.85882353
v -1.40644920 -0.61771047 -65.60300446 0.65098039 0.74117647 0.85882353
v -1.39746749 -0.61137611 -65.61218262 0.65098039 0.74117647 0.85882353
v -1.39162087 -0.62581068 -65.61633301 0.65098039 0.74117647 0.85882353
v -1.41098654 -0.59890097 -65.59648132 0.65098039 0.74117647 0.85882353
v -1.40403974 -0.59234649 -65.60564423 0.65098039 0.74117647 0.85882353
v -1.42147970 -0.60806102 -65.58457184 0.65098039 0.74117647 0.85882353
v -1.43847537 -0.61680990 -65.57199097 0.65098039 0.74117647 0.85882353
v -1.49450219 -0.66179693 -65.63851166 0.65098039 0.74117647 0.85882353
v -1.47337782 -0.64917213 -65.64491272 0.65098039 0.74117647 0.85882353
v -1.45222509 -0.63739771 -65.65126038 0.65098039 0.74117647 0.85882353
v -1.43134463 -0.62883538 -65.65969086 0.65098039 0.74117647 0.85882353
v -1.41355324 -0.62362659 -65.66531372 0.65098039 0.74117647 0.85882353
v -1.40120053 -0.62010825 -65.66679382 0.65098039 0.74117647 0.85882353
v -1.37948823 -0.61726177 -65.65561676 0.65098039 0.74117647 0.85882353
v -1.38963723 -0.61704755 -65.66471100 0.65098039 0.74117647 0.85882353
v -1.37600672 -0.62192231 -65.64366150 0.65098039 0.74117647 0.85882353
v -1.38283992 -0.62989414 -65.63234711 0.65098039 0.74117647 0.85882353
v -1.39211798 -0.63550502 -65.62479401 0.65098039 0.74117647 0.85882353
v -1.41683710 -0.64366859 -65.60925293 0.65098039 0.74117647 0.85882353
v -1.40286648 -0.63998920 -65.61742401 0.65098039 0.74117647 0.85882353
v -1.42152596 -0.58860892 -65.57716370 0.65098039 0.74117647 0.85882353
v -1.41178751 -0.57993942 -65.58955383 0.65098039 0.74117647 0.85882353
v -1.40751886 -0.57285720 -65.59922791 0.65098039 0.74117647 0.85882353
v -1.39678383 -0.55896246 -65.61945343 0.65098039 0.74117647 0.85882353
v -1.40276086 -0.56682307 -65.60816956 0.65098039 0.74117647 0.85882353
v -1.47360253 -0.67846727 -65.58592987 0.65098039 0.74117647 0.85882353
v -1.48128593 -0.67446107 -65.60121918 0.65098039 0.74117647 0.85882353
v -1.48651862 -0.67144823 -65.61678314 0.65098039 0.74117647 0.85882353
v -1.49031889 -0.66808623 -65.62967682 0.65098039 0.74117647 0.85882353
v -1.46959591 -0.65559179 -65.63851929 0.65098039 0.74117647 0.85882353
v -1.46546078 -0.65846413 -65.62741852 0.65098039 0.74117647 0.85882353
v -1.46038747 -0.66146833 -65.61334229 0.65098039 0.74117647 0.85882353
v -1.45567715 -0.66272706 -65.59880829 0.65098039 0.74117647 0.85882353
v -1.44835865 -0.64476389 -65.64527130 0.65098039 0.74117647 0.85882353
v -1.44473207 -0.64839250 -65.63560486 0.65098039 0.74117647 0.85882353
v -1.43966246 -0.65118784 -65.62329865 0.65098039 0.74117647 0.85882353
v -1.43682146 -0.65237230 -65.61035156 0.65098039 0.74117647 0.85882353
v -1.41806889 -0.64643538 -65.61969757 0.65098039 0.74117647 0.85882353
v -1.42021394 -0.64407080 -65.63137054 0.65098039 0.74117647 0.85882353
v -1.42469573 -0.64098471 -65.64231873 0.65098039 0.74117647 0.85882353
v -1.42768800 -0.63647819 -65.65194702 0.65098039 0.74117647 0.85882353
v -1.41138184 -0.63056403 -65.65663147 0.65098039 0.74117647 0.85882353
v -1.40949154 -0.63487446 -65.64704132 0.65098039 0.74117647 0.85882353
v -1.40605175 -0.63832027 -65.63686371 0.65098039 0.74117647 0.85882353
v -1.40441418 -0.64077872 -65.62742615 0.65098039 0.74117647 0.85882353
v -1.40101528 -0.62690943 -65.65817261 0.65098039 0.74117647 0.85882353
v -1.38488686 -0.62389153 -65.65297699 0.65098039 0.74117647 0.85882353
v -1.39244282 -0.62429291 -65.65741730 0.65098039 0.74117647 0.85882353
v -1.38233554 -0.62671787 -65.64568329 0.65098039 0.74117647 0.85882353
v -1.38779950 -0.63189834 -65.63838196 0.65098039 0.74117647 0.85882353
v -1.39538515 -0.63650674 -65.63282013 0.65098039 0.74117647 0.85882353
v -1.39794409 -0.63425297 -65.64059448 0.65098039 0.74117647 0.85882353
v -1.39180911 -0.63086921 -65.64377594 0.65098039 0.74117647 0.85882353
v -1.40088344 -0.63104099 -65.64957428 0.65098039 0.74117647 0.85882353
v -1.39406002 -0.62812728 -65.65065002 0.65098039 0.74117647 0.85882353
v -1.38767850 -0.62790287 -65.64680481 0.65098039 0.74117647 0.85882353
v -1.38893008 -0.62661034 -65.65024567 0.65098039 0.74117647 0.85882353
v -1.47139084 -0.59015560 -65.61034393 0.65098039 0.74117647 0.85882353
v -1.60883486 -0.32334363 -65.41077423 0.65098039 0.74117647 0.85882353
v -1.59499180 -0.31904888 -65.40290070 0.65098039 0.74117647 0.85882353
v -1.62244463 -0.32059366 -65.42118835 0.65098039 0.74117647 0.85882353
v -1.64156866 0.10288064 -65.35811615 0.65098039 0.74117647 0.85882353
v -1.59405887 0.32384104 -65.30450439 0.65098039 0.74117647 0.85882353
v -1.59020376 0.36752748 -65.30819702 0.65098039 0.74117647 0.85882353
v -1.59225273 0.34520155 -65.30595398 0.65098039 0.74117647 0.85882353
v -1.64741600 0.07821511 -65.35894012 0.65098039 0.74117647 0.85882353
v -1.58575368 0.40300655 -65.37648773 0.65098039 0.74117647 0.85882353
v -1.58259189 0.55982506 -65.33656311 0.65098039 0.74117647 0.85882353
v -1.48034155 0.85529858 -65.29743958 0.65098039 0.74117647 0.85882353
v -1.47924221 0.85135514 -65.29808044 0.65098039 0.74117647 0.85882353
v -1.47871900 0.84817082 -65.30001068 0.65098039 0.74117647 0.85882353
v -1.47875869 0.84523791 -65.30211639 0.65098039 0.74117647 0.85882353
v -1.47798085 0.84299022 -65.30486298 0.65098039 0.74117647 0.85882353
v -1.47573912 0.84223032 -65.30818176 0.65098039 0.74117647 0.85882353
v -1.48020351 0.84947085 -65.30275726 0.65098039 0.74117647 0.85882353
v -1.47656953 0.85113567 -65.30542755 0.65098039 0.74117647 0.85882353
v -1.47661602 0.85322350 -65.30416870 0.65098039 0.74117647 0.85882353
v -1.48018706 0.85194129 -65.30136108 0.65098039 0.74117647 0.85882353
f 2 3 1
f 1 3 4
f 3 2 5
f 5 2 6
f 3 7 4
f 4 7 8
f 10 11 9
f 9 11 12
f 14 15 13
f 13 15 16
f 18 19 17
f 17 19 20
f 22 23 21
f 21 23 24
f 26 18 25
f 25 18 17
f 27 28 17
f 17 28 25
f 30 31 29
f 29 31 32
f 34 35 33
f 33 35 36
f 21 24 37
f 37 24 38
f 40 31 39
f 39 31 38
f 34 33 28
f 28 33 25
f 41 42 44
f 44 42 43
f 36 45 33
f 33 45 25
f 46 47 49
f 49 47 48
f 51 52 50
f 50 52 53
f 55 53 54
f 54 53 52
f 57 58 56
f 56 58 59
f 61 62 60
f 60 62 63
f 65 66 64
f 64 66 67
f 69 70 68
f 68 70 71
f 65 73 72
f 72 73 74
f 64 75 65
f 65 75 73
f 77 78 76
f 76 78 79
f 80 81 83
f 83 81 82
f 81 85 84
f 84 85 86
f 88 89 87
f 87 89 69
f 88 87 90
f 90 87 91
f 93 94 92
f 92 94 95
f 96 84 43
f 43 84 44
f 51 98 97
f 97 98 86
f 97 99 51
f 51 99 52
f 54 52 100
f 100 52 99
f 58 101 59
f 59 101 102
f 62 103 63
f 63 103 104
f 105 106 6
f 6 106 5
f 108 109 107
f 107 109 110
f 112 113 111
f 111 113 114
f 116 117 115
f 115 117 118
f 120 121 119
f 119 121 122
f 124 125 123
f 123 125 126
f 128 129 127
f 127 129 130
f 130 131 127
f 127 131 132
f 134 1 133
f 133 1 135
f 1 4 135
f 135 4 136
f 4 8 136
f 136 8 137
f 138 139 15
f 15 139 140
f 140 139 141
f 141 139 142
f 144 57 143
f 143 57 56
f 145 146 141
f 141 146 147
f 146 149 148
f 148 149 150
f 152 153 151
f 151 153 154
f 141 147 140
f 140 147 155
f 157 11 156
f 156 11 158
f 160 161 159
f 159 161 162
f 164 165 163
f 163 165 166
f 165 160 166
f 166 160 159
f 168 169 167
f 167 169 170
f 169 171 170
f 170 171 172
f 149 173 150
f 150 173 174
f 175 176 149
f 149 176 173
f 178 172 177
f 177 172 171
f 180 181 179
f 179 181 182
f 184 180 183
f 183 180 179
f 186 187 185
f 185 187 188
f 190 191 189
f 189 191 192
f 7 193 8
f 8 193 194
f 196 162 195
f 195 162 161
f 197 168 198
f 198 168 167
f 181 199 182
f 182 199 200
f 202 203 201
f 201 203 204
f 187 186 205
f 205 186 206
f 208 209 207
f 207 209 210
f 212 213 211
f 211 213 214
f 215 216 218
f 218 216 217
f 220 209 219
f 219 209 208
f 204 186 221
f 221 186 185
f 201 204 222
f 222 204 221
f 223 211 220
f 220 211 209
f 224 225 214
f 214 225 210
f 203 206 204
f 204 206 186
f 227 187 226
f 226 187 205
f 27 228 21
f 21 228 22
f 230 231 229
f 229 231 232
f 234 235 233
f 233 235 236
f 238 239 237
f 237 239 240
f 119 122 118
f 118 122 115
f 112 242 241
f 241 242 243
f 98 51 244
f 244 51 50
f 245 138 14
f 14 138 15
f 11 10 158
f 158 10 246
f 89 85 69
f 69 85 70
f 11 157 12
f 12 157 247
f 249 164 248
f 248 164 163
f 177 250 178
f 178 250 251
f 253 254 252
f 252 254 255
f 187 227 188
f 188 227 256
f 212 257 213
f 213 257 258
f 260 134 259
f 259 134 133
f 165 164 135
f 135 164 133
f 160 165 136
f 136 165 135
f 136 137 160
f 160 137 161
f 137 261 161
f 161 261 195
f 263 264 262
f 262 264 265
f 13 16 266
f 266 16 267
f 268 267 155
f 155 267 16
f 147 269 155
f 155 269 268
f 162 196 167
f 167 196 198
f 167 170 162
f 162 170 159
f 170 172 159
f 159 172 166
f 172 178 166
f 166 178 163
f 178 251 163
f 163 251 248
f 168 270 169
f 169 270 271
f 272 273 171
f 171 273 177
f 271 272 169
f 169 272 171
f 168 197 270
f 270 197 274
f 250 177 275
f 275 177 273
f 277 45 276
f 276 45 278
f 280 281 279
f 279 281 282
f 284 104 283
f 283 104 103
f 285 215 286
f 286 215 218
f 288 289 287
f 287 289 290
f 291 80 66
f 66 80 83
f 293 294 292
f 292 294 295
f 73 91 74
f 74 91 87
f 91 73 92
f 92 73 75
f 279 77 280
f 280 77 76
f 80 291 70
f 70 291 71
f 277 47 96
f 96 47 82
f 297 175 296
f 296 175 149
f 299 154 298
f 298 154 153
f 225 300 210
f 210 300 207
f 224 301 206
f 206 301 205
f 210 209 214
f 214 209 211
f 226 205 302
f 302 205 301
f 304 305 303
f 303 305 306
f 308 309 307
f 307 309 310
f 72 291 65
f 65 291 66
f 66 83 67
f 67 83 46
f 312 313 311
f 311 313 314
f 316 317 315
f 315 317 36
f 29 318 35
f 35 318 319
f 321 32 320
f 320 32 322
f 311 314 323
f 323 314 324
f 315 325 316
f 316 325 326
f 318 287 319
f 319 287 290
f 328 321 327
f 327 321 320
f 329 330 39
f 39 330 331
f 332 333 40
f 40 333 322
f 309 334 285
f 285 334 335
f 236 2 134
f 134 2 1
f 260 336 233
f 233 336 337
f 237 14 265
f 265 14 13
f 84 86 44
f 44 86 98
f 189 192 7
f 7 192 193
f 44 98 41
f 41 98 244
f 237 240 14
f 14 240 245
f 7 3 189
f 189 3 5
f 338 71 72
f 72 71 291
f 262 265 266
f 266 265 13
f 124 123 339
f 339 123 105
f 123 109 105
f 105 109 106
f 189 5 190
f 190 5 106
f 111 114 12
f 12 114 9
f 264 340 265
f 265 340 237
f 342 343 341
f 341 343 344
f 6 235 105
f 105 235 339
f 234 346 345
f 345 346 347
f 349 350 348
f 348 350 351
f 107 352 108
f 108 352 353
f 355 356 354
f 354 356 357
f 237 340 238
f 238 340 358
f 12 247 111
f 111 247 359
f 264 263 116
f 116 263 360
f 361 362 222
f 222 362 201
f 364 365 363
f 363 365 366
f 368 369 367
f 367 369 370
f 372 373 371
f 371 373 374
f 375 376 372
f 372 376 377
f 378 379 381
f 381 379 380
f 382 383 269
f 269 383 268
f 150 174 365
f 365 174 384
f 380 377 381
f 381 377 376
f 271 270 180
f 180 270 181
f 273 272 252
f 252 272 184
f 272 271 184
f 184 271 180
f 181 270 274
f 252 255 273
f 273 255 275
f 254 385 255
f 255 385 386
f 387 388 179
f 179 388 183
f 389 387 182
f 182 387 179
f 182 200 389
f 389 200 390
f 388 391 183
f 183 391 253
f 391 392 253
f 253 392 254
f 394 379 393
f 393 379 378
f 185 188 395
f 395 188 396
f 221 185 397
f 397 185 395
f 222 221 398
f 398 221 397
f 188 256 396
f 396 256 399
f 400 401 256
f 256 401 399
f 402 403 405
f 405 403 404
f 148 150 364
f 364 150 365
f 393 406 394
f 394 406 407
f 158 246 393
f 393 246 406
f 342 19 238
f 238 19 239
f 23 22 350
f 350 22 354
f 244 50 245
f 245 50 138
f 55 142 53
f 53 142 139
f 145 144 296
f 296 144 143
f 355 228 341
f 341 228 20
f 41 240 42
f 42 240 239
f 283 308 284
f 284 308 307
f 349 409 408
f 408 409 410
f 244 245 41
f 41 245 240
f 268 383 406
f 406 383 407
f 346 411 349
f 349 411 409
f 251 412 248
f 248 412 413
f 275 414 250
f 250 414 415
f 25 45 26
f 26 45 277
f 43 26 96
f 96 26 277
f 416 417 61
f 61 417 62
f 329 24 408
f 408 24 23
f 31 40 32
f 32 40 322
f 39 38 329
f 329 38 24
f 37 38 30
f 30 38 31
f 418 419 421
f 421 419 420
f 78 295 79
f 79 295 294
f 124 339 422
f 422 339 345
f 232 131 357
f 357 131 351
f 2 236 6
f 6 236 235
f 252 184 253
f 253 184 183
f 227 423 256
f 256 423 400
f 423 227 305
f 305 227 226
f 424 258 425
f 425 258 257
f 426 427 212
f 212 427 257
f 259 133 249
f 249 133 164
f 419 418 428
f 428 418 429
f 327 430 328
f 328 430 288
f 49 431 46
f 46 431 67
f 306 302 424
f 424 302 258
f 313 432 314
f 314 432 433
f 32 321 29
f 29 321 318
f 324 314 433
f 287 318 328
f 328 318 321
f 134 260 236
f 236 260 233
f 345 339 234
f 234 339 235
f 357 351 354
f 354 351 350
f 408 23 349
f 349 23 350
f 317 278 36
f 36 278 45
f 432 313 429
f 429 313 428
f 435 428 434
f 434 428 313
f 42 239 18
f 18 239 19
f 43 42 26
f 26 42 18
f 121 120 436
f 436 120 437
f 302 301 258
f 258 301 213
f 110 109 126
f 126 109 123
f 238 358 342
f 342 358 343
f 341 20 342
f 342 20 19
f 322 438 320
f 320 438 439
f 320 439 327
f 327 439 430
f 333 440 322
f 322 440 438
f 289 288 323
f 323 288 430
f 115 340 116
f 116 340 264
f 146 145 149
f 149 145 296
f 15 140 16
f 16 140 155
f 441 442 152
f 152 442 153
f 225 224 203
f 203 224 206
f 175 297 154
f 154 297 151
f 293 443 294
f 294 443 444
f 248 413 249
f 249 413 445
f 446 447 400
f 400 447 401
f 388 387 396
f 396 387 395
f 387 389 395
f 395 389 397
f 391 388 399
f 399 388 396
f 401 392 399
f 399 392 391
f 255 386 275
f 275 386 414
f 449 450 448
f 448 450 451
f 335 452 285
f 285 452 215
f 453 298 442
f 442 298 153
f 211 223 212
f 212 223 426
f 425 257 454
f 454 257 427
f 266 10 262
f 262 10 9
f 360 113 456
f 456 113 455
f 8 194 137
f 137 194 261
f 10 266 246
f 246 266 267
f 203 202 225
f 225 202 300
f 262 9 263
f 263 9 114
f 108 353 190
f 190 353 191
f 389 390 397
f 397 390 398
f 457 422 128
f 128 422 129
f 156 158 378
f 378 158 393
f 347 346 348
f 348 346 349
f 447 458 401
f 401 458 392
f 364 382 148
f 148 382 269
f 55 54 57
f 57 54 58
f 75 64 459
f 459 64 460
f 100 90 101
f 101 90 95
f 101 58 100
f 100 58 54
f 142 55 144
f 144 55 57
f 147 146 269
f 269 146 148
f 459 93 75
f 75 93 92
f 144 145 142
f 142 145 141
f 228 27 20
f 20 27 17
f 154 299 175
f 175 299 176
f 214 213 224
f 224 213 301
f 424 461 306
f 306 461 303
f 285 286 309
f 309 286 310
f 462 334 308
f 308 334 309
f 302 306 226
f 226 306 305
f 37 28 21
f 21 28 27
f 29 35 30
f 30 35 34
f 30 34 37
f 37 34 28
f 344 436 356
f 356 436 229
f 325 290 326
f 326 290 289
f 311 439 312
f 312 439 438
f 35 319 36
f 36 319 315
f 439 311 430
f 430 311 323
f 315 319 325
f 325 319 290
f 440 463 438
f 438 463 312
f 341 344 355
f 355 344 356
f 360 456 116
f 116 456 117
f 354 22 355
f 355 22 228
f 326 289 324
f 324 289 323
f 74 87 68
f 68 87 69
f 50 53 138
f 138 53 139
f 268 406 267
f 267 406 246
f 190 106 108
f 108 106 109
f 241 455 112
f 112 455 113
f 358 122 343
f 343 122 121
f 129 347 130
f 130 347 348
f 348 351 130
f 130 351 131
f 229 232 356
f 356 232 357
f 340 115 358
f 358 115 122
f 111 359 112
f 112 359 242
f 125 124 457
f 457 124 422
f 231 132 232
f 232 132 131
f 343 121 344
f 344 121 436
f 263 114 360
f 360 114 113
f 347 129 345
f 345 129 422
f 230 229 437
f 437 229 436
f 464 446 423
f 423 446 400
f 465 466 468
f 468 466 467
f 470 471 469
f 469 471 472
f 469 472 373
f 373 472 374
f 474 469 473
f 473 469 373
f 471 475 472
f 472 475 476
f 472 477 374
f 374 477 478
f 477 472 476
f 479 480 476
f 476 480 477
f 473 373 377
f 377 373 372
f 481 482 479
f 479 482 480
f 483 484 481
f 481 484 482
f 403 402 485
f 485 402 486
f 487 488 483
f 483 488 484
f 487 489 488
f 488 489 490
f 489 491 490
f 490 491 492
f 491 493 492
f 492 493 494
f 493 495 494
f 494 495 496
f 497 498 481
f 481 498 483
f 484 499 482
f 482 499 367
f 370 480 367
f 367 480 482
f 480 370 477
f 477 370 478
f 500 497 479
f 479 497 481
f 451 473 380
f 380 473 377
f 448 451 379
f 379 451 380
f 501 502 504
f 504 502 503
f 449 505 507
f 507 505 506
f 486 508 505
f 505 508 506
f 508 509 506
f 506 509 510
f 511 507 510
f 510 507 506
f 509 508 512
f 512 508 513
f 515 509 514
f 514 509 512
f 509 515 510
f 510 515 516
f 510 516 511
f 511 516 517
f 486 505 485
f 485 505 518
f 505 449 518
f 518 449 448
f 383 382 403
f 403 382 404
f 363 404 364
f 364 404 382
f 403 485 383
f 383 485 407
f 519 520 361
f 361 520 362
f 522 496 521
f 521 496 495
f 450 474 451
f 451 474 473
f 363 366 523
f 523 366 524
f 525 499 488
f 488 499 484
f 488 490 525
f 525 490 526
f 496 522 520
f 520 522 527
f 494 496 519
f 519 496 520
f 492 494 528
f 528 494 519
f 529 530 495
f 495 530 521
f 490 492 526
f 526 492 528
f 529 495 531
f 531 495 493
f 533 534 532
f 532 534 535
f 523 524 533
f 533 524 534
f 486 402 532
f 532 402 533
f 529 536 530
f 530 536 537
f 536 538 537
f 537 538 539
f 540 541 539
f 539 541 537
f 530 537 535
f 535 537 541
f 542 539 543
f 543 539 538
f 539 542 540
f 540 542 544
f 541 540 513
f 513 540 512
f 540 544 512
f 512 544 514
f 546 547 545
f 545 547 548
f 549 550 531
f 531 550 551
f 550 549 552
f 552 549 553
f 546 550 554
f 554 550 552
f 547 546 555
f 555 546 554
f 498 556 558
f 558 556 557
f 559 557 560
f 560 557 556
f 561 562 560
f 560 562 559
f 557 559 552
f 552 559 554
f 559 562 554
f 554 562 555
f 558 557 553
f 553 557 552
f 475 471 563
f 563 471 564
f 565 563 567
f 567 563 566
f 471 470 564
f 564 470 466
f 564 466 568
f 568 466 465
f 568 465 569
f 569 465 570
f 572 573 571
f 571 573 574
f 569 575 567
f 567 575 576
f 577 565 576
f 576 565 567
f 578 579 581
f 581 579 580
f 575 561 576
f 576 561 560
f 556 577 560
f 560 577 576
f 577 556 497
f 497 556 498
f 565 577 500
f 500 577 497
f 563 565 475
f 475 565 500
f 553 489 558
f 558 489 487
f 531 493 549
f 549 493 491
f 489 553 491
f 491 553 549
f 394 407 518
f 518 407 485
f 518 448 394
f 394 448 379
f 545 548 538
f 538 548 543
f 551 545 536
f 536 545 538
f 536 529 551
f 551 529 531
f 507 582 449
f 449 582 450
f 511 583 507
f 507 583 582
f 511 517 583
f 583 517 584
f 585 586 588
f 588 586 587
f 590 591 589
f 589 591 592
f 591 590 593
f 593 590 594
f 596 597 595
f 595 597 598
f 599 600 602
f 602 600 601
f 604 605 603
f 603 605 606
f 608 609 607
f 607 609 610
f 612 613 611
f 611 613 614
f 615 616 618
f 618 616 617
f 620 621 619
f 619 621 622
f 624 625 623
f 623 625 626
f 628 629 627
f 627 629 630
f 632 633 631
f 631 633 634
f 635 636 638
f 638 636 637
f 639 640 642
f 642 640 641
f 644 645 643
f 643 645 646
f 619 622 647
f 647 622 648
f 650 651 649
f 649 651 652
f 601 653 602
f 602 653 654
f 656 657 655
f 655 657 658
f 660 661 659
f 659 661 662
f 664 665 663
f 663 665 666
f 593 594 667
f 667 594 668
f 669 670 672
f 672 670 671
f 673 674 676
f 676 674 675
f 633 632 677
f 677 632 678
f 663 666 679
f 679 666 680
f 681 682 684
f 684 682 683
f 686 687 685
f 685 687 688
f 690 661 689
f 689 661 691
f 693 686 692
f 692 686 685
f 695 597 694
f 694 597 668
f 594 696 668
f 668 696 694
f 697 698 696
f 696 698 699
f 700 701 697
f 697 701 698
f 702 585 703
f 703 585 588
f 671 690 672
f 672 690 689
f 640 639 704
f 704 639 705
f 679 706 663
f 663 706 658
f 708 709 707
f 707 709 710
f 711 712 610
f 610 712 607
f 713 714 716
f 716 714 715
f 717 718 720
f 720 718 719
f 722 634 721
f 721 634 633
f 724 725 723
f 723 725 726
f 728 729 727
f 727 729 730
f 732 733 731
f 731 733 734
f 707 710 735
f 735 710 736
f 643 737 644
f 644 737 738
f 740 741 739
f 739 741 742
f 608 744 743
f 743 744 745
f 747 748 746
f 746 748 749
f 751 752 750
f 750 752 753
f 754 755 757
f 757 755 756
f 758 759 761
f 761 759 760
f 763 764 762
f 762 764 765
f 767 768 766
f 766 768 769
f 771 772 770
f 770 772 773
f 775 776 774
f 774 776 777
f 779 780 778
f 778 780 781
f 783 712 782
f 782 712 784
f 785 786 788
f 788 786 787
f 790 628 789
f 789 628 627
f 792 793 791
f 791 793 794
f 795 796 726
f 726 796 723
f 798 799 797
f 797 799 800
f 721 633 801
f 801 633 677
f 797 800 802
f 802 800 803
f 805 806 804
f 804 806 807
f 809 810 808
f 808 810 811
f 813 814 812
f 812 814 815
f 809 808 817
f 817 808 816
f 818 819 804
f 804 819 805
f 820 821 818
f 818 821 819
f 821 820 587
f 587 820 822
f 809 823 810
f 810 823 824
f 814 807 815
f 815 807 806
f 826 426 825
f 825 426 223
f 426 826 427
f 427 826 827
f 828 829 454
f 454 829 830
f 831 832 677
f 677 832 801
f 834 835 833
f 833 835 836
f 838 839 837
f 837 839 840
f 841 842 844
f 844 842 843
f 845 846 803
f 803 846 802
f 847 831 678
f 678 831 677
f 848 849 851
f 851 849 850
f 853 854 852
f 852 854 855
f 857 858 856
f 856 858 680
f 860 861 859
f 859 861 862
f 864 865 863
f 863 865 866
f 868 869 867
f 867 869 870
f 839 871 840
f 840 871 872
f 849 848 874
f 874 848 873
f 876 877 875
f 875 877 878
f 880 881 879
f 879 881 882
f 883 884 886
f 886 884 885
f 846 887 802
f 802 887 888
f 890 891 889
f 889 891 888
f 893 894 892
f 892 894 895
f 896 897 728
f 728 897 729
f 899 900 898
f 898 900 901
f 902 852 904
f 904 852 903
f 849 905 850
f 850 905 906
f 875 878 907
f 907 878 908
f 910 911 909
f 909 911 912
f 914 915 913
f 913 915 916
f 917 918 862
f 862 918 859
f 919 920 856
f 856 920 921
f 923 924 922
f 922 924 925
f 926 927 925
f 925 927 922
f 929 930 928
f 928 930 693
f 932 695 931
f 931 695 694
f 823 867 824
f 824 867 933
f 935 936 934
f 934 936 937
f 938 868 823
f 823 868 867
f 940 847 939
f 939 847 678
f 632 655 678
f 678 655 939
f 941 942 619
f 619 942 620
f 687 943 688
f 688 943 944
f 851 850 945
f 945 850 903
f 850 906 903
f 903 906 904
f 946 947 949
f 949 947 948
f 951 952 950
f 950 952 953
f 955 956 954
f 954 956 957
f 907 958 875
f 875 958 874
f 960 961 959
f 959 961 962
f 963 853 902
f 902 853 852
f 909 964 910
f 910 964 965
f 967 968 966
f 966 968 969
f 971 972 970
f 970 972 973
f 974 960 975
f 975 960 959
f 977 978 976
f 976 978 979
f 981 977 980
f 980 977 976
f 980 982 981
f 981 982 983
f 985 983 984
f 984 983 982
f 984 986 985
f 985 986 987
f 989 990 988
f 988 990 991
f 993 994 992
f 992 994 995
f 997 998 996
f 996 998 999
f 1001 1002 1000
f 1000 1002 1003
f 1005 1006 1004
f 1004 1006 1007
f 1004 1008 1005
f 1005 1008 1009
f 1008 1010 1009
f 1009 1010 1011
f 1013 1011 1012
f 1012 1011 1010
f 1014 1015 1017
f 1017 1015 1016
f 1019 1020 1018
f 1018 1020 1021
f 1022 1023 976
f 976 1023 980
f 1024 1025 982
f 982 1025 984
f 992 995 1026
f 1026 995 1027
f 956 955 1028
f 1028 955 1029
f 1030 1031 1033
f 1033 1031 1032
f 1010 1008 1034
f 1034 1008 1035
f 1008 1004 1035
f 1035 1004 1036
f 1037 1038 1002
f 1002 1038 1007
f 1002 1001 1037
f 1037 1001 1039
f 1040 1041 997
f 997 1041 998
f 1015 1014 1043
f 1043 1014 1042
f 1044 1045 1047
f 1047 1045 1046
f 1044 1020 1048
f 1048 1020 1049
f 1050 1051 1003
f 1003 1051 1000
f 1052 1050 1006
f 1006 1050 1003
f 1053 1054 1011
f 1011 1054 1009
f 1013 1045 1055
f 1055 1045 1056
f 1058 1059 1057
f 1057 1059 1060
f 1062 1063 1061
f 1061 1063 1064
f 1065 1066 1050
f 1050 1066 1051
f 1067 1065 1052
f 1052 1065 1050
f 1068 1069 1054
f 1054 1069 1070
f 1071 1068 1053
f 1053 1068 1054
f 1073 1071 1072
f 1072 1071 1074
f 1074 1071 1055
f 1055 1071 1053
f 1076 1077 1075
f 1075 1077 1078
f 1079 1080 1057
f 1057 1080 1058
f 1081 1082 1064
f 1064 1082 1061
f 1084 1085 1083
f 1083 1085 1086
f 1088 1089 1087
f 1087 1089 1090
f 1092 1093 1091
f 1091 1093 1094
f 1096 1097 1095
f 1095 1097 1098
f 1099 1100 1102
f 1102 1100 1101
f 1103 1104 1099
f 1099 1104 1100
f 1106 1107 1105
f 1105 1107 1108
f 1110 1111 1109
f 1109 1111 1112
f 1114 1115 1113
f 1113 1115 1116
f 1118 1119 1117
f 1117 1119 1077
f 1117 1120 1122
f 1122 1120 1121
f 1105 1123 1106
f 1106 1123 1124
f 1125 1126 1128
f 1128 1126 1127
f 1130 1131 1129
f 1129 1131 1132
f 1134 1135 1133
f 1133 1135 1114
f 1113 1136 1114
f 1114 1136 1133
f 1118 1137 1113
f 1113 1137 1136
f 1118 1117 1137
f 1137 1117 1122
f 1139 1140 1138
f 1138 1140 1141
f 1143 953 1142
f 1142 953 952
f 1145 957 1144
f 1144 957 956
f 1028 1146 956
f 956 1146 1144
f 1014 1147 1042
f 1042 1147 1148
f 1014 1017 1147
f 1147 1017 1149
f 1059 1058 1150
f 1150 1058 1151
f 1153 1080 1152
f 1152 1080 1154
f 1156 1088 1155
f 1155 1088 1087
f 1157 1158 1106
f 1106 1158 1107
f 1106 1124 1157
f 1157 1124 1159
f 1161 1162 1160
f 1160 1162 1163
f 1165 1166 1164
f 1164 1166 1167
f 1168 1031 1012
f 1012 1031 1046
f 1024 1023 1035
f 1035 1023 1034
f 1036 1038 1025
f 1025 1038 1169
f 1170 1171 1039
f 1039 1171 1037
f 1028 1029 1042
f 1042 1029 1043
f 1172 1173 1175
f 1175 1173 1174
f 1055 1053 1013
f 1013 1053 1011
f 1005 1009 1070
f 1070 1009 1054
f 996 999 1062
f 1062 999 1063
f 1016 1060 1017
f 1017 1060 1059
f 1017 1059 1149
f 1149 1059 1150
f 1177 1178 1176
f 1176 1178 1103
f 1176 1072 1179
f 1179 1072 1074
f 1073 1102 1086
f 1086 1102 1083
f 1180 1181 1067
f 1067 1181 1065
f 1182 1183 1184
f 1184 1183 1181
f 1186 1187 1185
f 1185 1187 1188
f 1189 1190 798
f 798 1190 799
f 1192 1193 1191
f 1191 1193 1194
f 1195 1196 1194
f 1194 1196 1191
f 1196 1195 1198
f 1198 1195 1197
f 1200 674 1199
f 1199 674 673
f 928 1201 1203
f 1203 1201 1202
f 861 1204 862
f 862 1204 921
f 1205 1206 913
f 913 1206 1207
f 882 1208 879
f 879 1208 1209
f 1210 1211 1167
f 1167 1211 1164
f 1212 769 1213
f 1213 769 768
f 727 1214 728
f 728 1214 1215
f 1217 1218 1216
f 1216 1218 1219
f 1220 813 1221
f 1221 813 812
f 827 828 427
f 427 828 454
f 1223 1224 1222
f 1222 1224 1165
f 1226 1227 1225
f 1225 1227 1228
f 851 1229 848
f 848 1229 1230
f 834 854 835
f 835 854 1231
f 1233 1234 1232
f 1232 1234 1235
f 1237 751 1236
f 1236 751 750
f 743 819 1238
f 1238 819 821
f 1240 1241 1239
f 1239 1241 1242
f 1244 1245 1243
f 1243 1245 1246
f 844 1247 841
f 841 1247 1248
f 1250 1251 1249
f 1249 1251 1252
f 1254 893 1253
f 1253 893 1237
f 1255 1256 1258
f 1258 1256 1257
f 1260 1261 1259
f 1259 1261 1262
f 945 903 855
f 855 903 852
f 855 1263 945
f 945 1263 1264
f 832 845 801
f 801 845 803
f 800 721 803
f 803 721 801
f 721 800 722
f 722 800 799
f 1266 1267 1265
f 1265 1267 1268
f 1270 795 1269
f 1269 795 726
f 725 1271 726
f 726 1271 1269
f 737 765 738
f 738 765 764
f 759 740 760
f 760 740 739
f 717 1272 1274
f 1274 1272 1273
f 1163 1226 1275
f 1275 1226 1225
f 1277 882 1276
f 1276 882 881
f 1041 1040 1027
f 1027 1040 1026
f 900 935 901
f 901 935 934
f 1164 1278 1165
f 1165 1278 1222
f 1211 1279 1164
f 1164 1279 1278
f 442 1280 453
f 453 1280 1281
f 788 1282 785
f 785 1282 1283
f 1285 1286 1284
f 1284 1286 1287
f 1284 1288 1285
f 1285 1288 1289
f 757 1289 754
f 754 1289 1288
f 605 604 675
f 675 604 676
f 1290 1291 1293
f 1293 1291 1292
f 1295 1296 1294
f 1294 1296 1297
f 696 699 694
f 694 699 931
f 1298 1299 592
f 592 1299 589
f 1299 1300 589
f 589 1300 700
f 1300 1301 700
f 700 1301 701
f 743 745 819
f 819 745 805
f 1303 1304 1302
f 1302 1304 1305
f 1306 1307 1305
f 1305 1307 1302
f 609 1298 610
f 610 1298 592
f 587 822 588
f 588 822 1308
f 703 588 1309
f 1309 588 1308
f 1310 703 571
f 571 703 1309
f 1311 1312 789
f 789 1312 790
f 825 223 1313
f 1313 223 220
f 219 1314 220
f 220 1314 1313
f 1315 1316 1311
f 1311 1316 1312
f 1317 1318 1319
f 1319 1318 1241
f 441 1320 442
f 442 1320 1280
f 1321 217 572
f 572 217 216
f 1323 1230 1322
f 1322 1230 1229
f 1324 1325 631
f 631 1325 656
f 1034 1168 1010
f 1010 1168 1012
f 1327 1328 1326
f 1326 1328 1329
f 1331 1202 1330
f 1330 1202 1201
f 571 1309 572
f 572 1309 1321
f 573 572 1332
f 1332 572 216
f 1334 1335 1333
f 1333 1335 1336
f 1337 1338 918
f 918 1338 859
f 1339 863 1340
f 1340 863 866
f 1341 1342 1344
f 1344 1342 1343
f 1345 1346 919
f 919 1346 920
f 1347 1348 673
f 673 1348 1199
f 693 1349 928
f 928 1349 1201
f 1351 1257 1350
f 1350 1257 1256
f 1350 1352 1351
f 1351 1352 1353
f 653 930 654
f 654 930 662
f 1279 1354 1278
f 1278 1354 1355
f 1357 1358 1356
f 1356 1358 1359
f 937 1360 1140
f 1140 1360 1361
f 1225 1228 909
f 909 1228 964
f 901 934 1362
f 1362 934 1139
f 1364 1365 1363
f 1363 1365 1362
f 1367 912 1366
f 1366 912 911
f 1143 1142 1368
f 1368 1142 1369
f 1144 1186 1145
f 1145 1186 1185
f 1146 1175 1144
f 1144 1175 1186
f 1175 1146 1172
f 1172 1146 1148
f 1147 1018 1148
f 1148 1018 1172
f 1018 1147 1019
f 1019 1147 1149
f 1149 1150 1019
f 1019 1150 1370
f 1150 1151 1370
f 1370 1151 1371
f 1151 1153 1371
f 1371 1153 1177
f 1152 1156 1178
f 1178 1156 1372
f 1155 1158 1373
f 1373 1158 1374
f 1157 1159 1376
f 1376 1159 1375
f 1378 1379 1377
f 1377 1379 1380
f 1382 1383 1381
f 1381 1383 1384
f 1382 1386 1385
f 1385 1386 1387
f 1386 1233 1387
f 1387 1233 1232
f 1389 1390 1388
f 1388 1390 1391
f 1393 1394 1392
f 1392 1394 1395
f 1397 1398 1396
f 1396 1398 1399
f 629 1397 630
f 630 1397 1396
f 1342 1400 1343
f 1343 1400 1401
f 1403 1404 1402
f 1402 1404 1405
f 1407 1408 1406
f 1406 1408 1409
f 1411 1412 1410
f 1410 1412 1413
f 793 1414 794
f 794 1414 1415
f 1417 1341 1416
f 1416 1341 1344
f 704 705 1347
f 1347 705 1418
f 741 1419 742
f 742 1419 1420
f 1422 669 1421
f 1421 669 672
f 645 1423 646
f 646 1423 1424
f 1196 1198 614
f 614 1198 611
f 613 1425 614
f 614 1425 1426
f 1427 616 659
f 659 616 660
f 614 1426 1196
f 1196 1426 1191
f 696 594 697
f 697 594 590
f 697 590 700
f 700 590 589
f 703 1310 702
f 702 1310 1428
f 1421 672 1192
f 1192 672 689
f 1271 648 1269
f 1269 648 622
f 621 1270 622
f 622 1270 1269
f 1429 1430 1417
f 1417 1430 1341
f 1431 1432 1434
f 1434 1432 1433
f 1436 1437 1435
f 1435 1437 1438
f 1440 1441 1439
f 1439 1441 1442
f 1443 1444 1446
f 1446 1444 1445
f 823 809 938
f 938 809 817
f 810 1447 811
f 811 1447 1448
f 1449 1450 679
f 679 1450 706
f 913 916 1205
f 1205 916 1451
f 1275 1225 912
f 912 1225 909
f 1452 1453 880
f 880 1453 881
f 1444 1401 1445
f 1445 1401 1400
f 936 1454 937
f 937 1454 1360
f 824 1455 810
f 810 1455 1447
f 631 656 632
f 632 656 655
f 966 1456 967
f 967 1456 1457
f 1459 1460 1458
f 1458 1460 1461
f 1460 1462 1461
f 1461 1462 1463
f 972 974 973
f 973 974 975
f 990 995 991
f 991 995 994
f 1464 1187 1033
f 1033 1187 1174
f 1018 1021 1172
f 1172 1021 1173
f 1000 999 1001
f 1001 999 998
f 976 979 1022
f 1022 979 1032
f 1023 1024 980
f 980 1024 982
f 989 986 1171
f 1171 986 1169
f 1171 1170 989
f 989 1170 990
f 1170 1027 990
f 990 1027 995
f 1041 1039 998
f 998 1039 1001
f 1051 1063 1000
f 1000 1063 999
f 1066 1064 1051
f 1051 1064 1063
f 1183 1081 1066
f 1066 1081 1064
f 1178 1372 1103
f 1103 1372 1104
f 1092 1091 1465
f 1465 1091 1182
f 1467 1465 1466
f 1466 1465 1468
f 1469 1470 1184
f 1184 1470 1468
f 1095 1098 1471
f 1471 1098 1101
f 1076 1374 1120
f 1120 1374 1376
f 1110 1472 1127
f 1127 1472 1132
f 1472 1473 1132
f 1132 1473 1129
f 1474 1475 1466
f 1466 1475 1473
f 1119 1118 1116
f 1116 1118 1113
f 1375 1121 1376
f 1376 1121 1120
f 1127 1132 1128
f 1128 1132 1131
f 1227 1476 1228
f 1228 1476 1361
f 1365 1477 1362
f 1362 1477 872
f 1478 1479 1323
f 1323 1479 1230
f 1480 1481 914
f 914 1481 915
f 913 1277 914
f 914 1277 1276
f 1168 1034 1022
f 1022 1034 1023
f 1035 1036 1024
f 1024 1036 1025
f 1039 1041 1170
f 1170 1041 1027
f 1042 1148 1028
f 1028 1148 1146
f 968 1459 969
f 969 1459 1458
f 1482 1483 664
f 664 1483 665
f 1485 1486 1484
f 1484 1486 1487
f 1489 1490 1488
f 1488 1490 1491
f 1492 1493 722
f 722 1493 634
f 1495 1496 1494
f 1494 1496 1497
f 1498 1207 1339
f 1339 1207 863
f 1224 1499 1165
f 1165 1499 1166
f 1160 1163 1500
f 1500 1163 1275
f 1500 877 1160
f 1160 877 1501
f 876 873 1502
f 1502 873 1479
f 945 1264 851
f 851 1264 1229
f 835 1231 839
f 839 1231 871
f 1503 1283 778
f 778 1283 1282
f 716 715 1505
f 1505 715 1504
f 1446 1445 1507
f 1507 1445 1506
f 779 792 1381
f 1381 792 791
f 1430 1409 1341
f 1341 1409 1342
f 1411 1429 1508
f 1508 1429 1417
f 635 1510 1509
f 1509 1510 1511
f 1377 1380 1315
f 1315 1380 1316
f 1445 1400 1506
f 1506 1400 1408
f 918 917 1336
f 1336 917 1333
f 1513 1514 1512
f 1512 1514 870
f 1515 1516 1363
f 1363 1516 1364
f 1453 1517 881
f 881 1517 1276
f 992 1518 993
f 993 1518 1519
f 1520 1029 1518
f 1518 1029 955
f 1520 1026 1521
f 1521 1026 1040
f 1522 1015 1521
f 1521 1015 1043
f 996 1523 997
f 997 1523 1522
f 1060 1016 1524
f 1524 1016 1523
f 1061 1525 1062
f 1062 1525 1524
f 1079 1527 1526
f 1526 1527 1528
f 1093 1529 1094
f 1094 1529 1528
f 1111 1530 1112
f 1112 1530 1531
f 1532 1533 1105
f 1105 1533 1123
f 934 937 1139
f 1139 937 1140
f 1138 1363 1139
f 1139 1363 1362
f 1534 1222 1355
f 1355 1222 1278
f 1535 1223 1534
f 1534 1223 1222
f 821 587 1238
f 1238 587 586
f 1319 711 1317
f 1317 711 1536
f 1538 1200 1537
f 1537 1200 1199
f 1508 1417 1539
f 1539 1417 1416
f 1540 1541 840
f 840 1541 837
f 1231 898 871
f 871 898 901
f 1500 1275 1367
f 1367 1275 912
f 1543 1379 1542
f 1542 1379 1395
f 1539 772 1508
f 1508 772 1544
f 1546 1403 1545
f 1545 1403 1402
f 1548 1549 1547
f 1547 1549 1550
f 1552 1548 1551
f 1551 1548 1547
f 1554 1555 1553
f 1553 1555 1556
f 1558 1559 1557
f 1557 1559 1560
f 1562 1563 1561
f 1561 1563 1564
f 1566 1567 1565
f 1565 1567 1568
f 1570 1571 1569
f 1569 1571 1572
f 1574 1575 1573
f 1573 1575 1576
f 1577 1578 1572
f 1572 1578 1569
f 1580 1581 1579
f 1579 1581 1582
f 1584 1585 1583
f 1583 1585 1586
f 1588 1555 1587
f 1587 1555 1589
f 1591 1592 1590
f 1590 1592 1593
f 1595 1596 1594
f 1594 1596 1597
f 1596 1581 1597
f 1597 1581 1576
f 1599 1570 1598
f 1598 1570 1569
f 1601 1602 1600
f 1600 1602 1603
f 1605 1606 1604
f 1604 1606 1607
f 1608 1609 1568
f 1568 1609 1565
f 1611 1612 1610
f 1610 1612 1613
f 1615 1616 1614
f 1614 1616 1617
f 1619 1617 1618
f 1618 1617 1616
f 1621 1622 1620
f 1620 1622 1623
f 1625 1626 1624
f 1624 1626 1627
f 1629 1630 1628
f 1628 1630 1631
f 1633 1634 1632
f 1632 1634 1635
f 1636 1637 1639
f 1639 1637 1638
f 1641 1642 1640
f 1640 1642 1643
f 1624 1627 1644
f 1644 1627 1645
f 1647 1648 1646
f 1646 1648 1649
f 1651 1652 1650
f 1650 1652 1653
f 1655 1656 1654
f 1654 1656 1657
f 1659 1660 1658
f 1658 1660 1661
f 1662 1663 1631
f 1631 1663 1628
f 1651 1665 1664
f 1664 1665 1666
f 1667 1656 1619
f 1619 1656 1617
f 1669 1670 1668
f 1668 1670 1671
f 1632 1635 1672
f 1672 1635 1673
f 1674 1675 1638
f 1638 1675 1639
f 1677 1678 1676
f 1676 1678 1679
f 1680 1640 1681
f 1681 1640 1643
f 1682 1683 1643
f 1643 1683 1681
f 1670 1669 1235
f 1235 1669 1232
f 1396 1399 1674
f 1674 1399 1675
f 627 630 1679
f 1679 630 1676
f 1681 1315 1680
f 1680 1315 1311
f 1683 1377 1681
f 1681 1377 1315
f 1672 1673 1387
f 1387 1673 1385
f 1636 1684 1646
f 1646 1684 1685
f 1687 1688 1686
f 1686 1688 1689
f 1585 1690 1586
f 1586 1690 1691
f 1599 1692 1551
f 1551 1692 1693
f 1552 1558 1694
f 1694 1558 1557
f 1696 1615 1695
f 1695 1615 1614
f 1698 1699 1697
f 1697 1699 1623
f 1700 1701 1703
f 1703 1701 1702
f 1705 1706 1704
f 1704 1706 1707
f 1708 1709 1640
f 1640 1709 1641
f 1710 1711 1713
f 1713 1711 1712
f 1652 1655 1653
f 1653 1655 1654
f 1714 1699 1712
f 1712 1699 1713
f 1715 1710 1716
f 1716 1710 1713
f 1717 1708 1680
f 1680 1708 1640
f 1393 1392 1715
f 1715 1392 1710
f 1719 1720 1718
f 1718 1720 1721
f 1680 1311 1717
f 1717 1311 789
f 1378 1711 1392
f 1392 1711 1710
f 1388 1391 1719
f 1719 1391 1720
f 1723 1606 1722
f 1722 1606 1689
f 1725 1568 1724
f 1724 1568 1567
f 1726 1647 1685
f 1685 1647 1646
f 1728 1554 1727
f 1727 1554 1553
f 1591 1687 1600
f 1600 1687 1686
f 1730 1595 1729
f 1729 1595 1594
f 1601 1605 1731
f 1731 1605 1604
f 1733 1663 1732
f 1732 1663 1734
f 1736 1639 1735
f 1735 1639 1675
f 1658 1644 1737
f 1737 1644 1645
f 1726 1662 1724
f 1724 1662 1631
f 1399 1738 1675
f 1675 1738 1735
f 1621 1667 1739
f 1739 1667 1619
f 1714 1740 1620
f 1620 1740 1741
f 1592 1549 1593
f 1593 1549 1742
f 1602 1571 1603
f 1603 1571 1550
f 1688 1690 1689
f 1689 1690 1722
f 1588 1559 1582
f 1582 1559 1579
f 1673 1735 1385
f 1385 1735 1738
f 1387 1232 1672
f 1672 1232 1669
f 1580 1692 1573
f 1573 1692 1743
f 1377 1683 1378
f 1378 1683 1711
f 1664 1666 1744
f 1744 1666 1745
f 1744 1696 1664
f 1664 1696 1695
f 1746 1747 1732
f 1732 1747 1748
f 1749 1750 1677
f 1677 1750 1678
f 1709 1708 1750
f 1750 1708 1678
f 1668 1632 1669
f 1669 1632 1672
f 1633 1746 1734
f 1734 1746 1732
f 1679 1678 1717
f 1717 1678 1708
f 789 627 1717
f 1717 627 1679
f 1563 1723 1564
f 1564 1723 1722
f 1728 1584 1751
f 1751 1584 1583
f 1674 1676 1396
f 1396 1676 630
f 1666 1566 1745
f 1745 1566 1565
f 1627 1629 1645
f 1645 1629 1628
f 1637 1749 1638
f 1638 1749 1677
f 1648 1665 1649
f 1649 1665 1752
f 1740 1642 1741
f 1741 1642 1657
f 1676 1674 1677
f 1677 1674 1638
f 1683 1682 1711
f 1711 1682 1712
f 1618 1753 1619
f 1619 1753 1739
f 1701 1739 1702
f 1702 1739 1753
f 1754 1214 1756
f 1756 1214 1755
f 647 1757 619
f 619 1757 941
f 1759 1193 1758
f 1758 1193 691
f 1419 1760 1420
f 1420 1760 1761
f 682 1762 683
f 683 1762 1763
f 1412 780 1413
f 1413 780 1384
f 1383 1398 1384
f 1384 1398 1413
f 1197 1424 1764
f 1764 1424 1423
f 1537 1287 1538
f 1538 1287 1286
f 1634 1684 1635
f 1635 1684 1736
f 1724 1631 1725
f 1725 1631 1630
f 1562 1730 1610
f 1610 1730 1729
f 1735 1673 1736
f 1736 1673 1635
f 1757 1195 941
f 941 1195 1194
f 1766 200 1765
f 1765 200 199
f 475 500 476
f 476 500 479
f 498 558 483
f 483 558 487
f 545 551 546
f 546 551 550
f 453 1281 219
f 219 1281 1314
f 298 453 208
f 208 453 219
f 368 1765 1767
f 1767 1765 199
f 523 405 363
f 363 405 404
f 523 533 405
f 405 533 402
f 298 208 299
f 299 208 207
f 299 207 176
f 176 207 300
f 176 300 173
f 173 300 202
f 173 202 174
f 174 202 201
f 1337 918 1768
f 1768 918 1336
f 1769 1770 1338
f 1338 1770 859
f 581 570 578
f 578 570 1771
f 555 562 580
f 580 562 561
f 504 1772 501
f 501 1772 548
f 517 542 584
f 584 542 543
f 515 514 516
f 516 514 544
f 542 517 544
f 544 517 516
f 561 575 580
f 580 575 581
f 575 569 581
f 581 569 570
f 501 548 1773
f 1773 548 547
f 1774 1775 570
f 570 1775 1771
f 369 368 1776
f 1776 368 1767
f 372 369 375
f 375 369 1776
f 822 1280 1308
f 1308 1280 1320
f 820 1281 822
f 822 1281 1280
f 818 1314 820
f 820 1314 1281
f 1314 818 1313
f 1313 818 804
f 807 814 825
f 825 814 826
f 814 813 826
f 826 813 827
f 813 1220 827
f 827 1220 828
f 580 579 555
f 555 579 547
f 1477 1540 872
f 872 1540 840
f 367 499 368
f 368 499 1765
f 1766 1765 525
f 525 1765 499
f 1777 1766 526
f 526 1766 525
f 520 527 362
f 362 527 384
f 361 1778 519
f 519 1778 528
f 371 1779 372
f 372 1779 369
f 369 1779 370
f 370 1779 478
f 1779 371 478
f 478 371 374
f 1778 1777 528
f 528 1777 526
f 1781 1782 1780
f 1780 1782 1783
f 431 460 67
f 67 460 64
f 68 338 74
f 74 338 72
f 1785 1782 1784
f 1784 1782 1786
f 1787 1788 1790
f 1790 1788 1789
f 1792 1789 1791
f 1791 1789 1793
f 1791 1794 1792
f 1792 1794 1795
f 1794 1796 1795
f 1795 1796 1797
f 1797 1798 938
f 938 1798 868
f 1798 1799 868
f 868 1799 869
f 1801 1802 1800
f 1800 1802 1451
f 1803 1804 1205
f 1205 1804 1206
f 1805 1806 864
f 864 1806 865
f 1806 1807 865
f 865 1807 1808
f 68 71 338
f 287 328 288
f 1320 1321 1308
f 1308 1321 1309
f 1320 441 1321
f 1321 441 217
f 441 152 217
f 217 152 218
f 151 286 152
f 152 286 218
f 297 310 151
f 151 310 286
f 296 307 297
f 297 307 310
f 296 143 307
f 307 143 284
f 143 56 284
f 284 56 104
f 56 59 104
f 104 59 63
f 59 102 63
f 63 102 60
f 102 94 60
f 60 94 282
f 93 459 279
f 279 459 77
f 459 460 77
f 77 460 78
f 460 431 78
f 78 431 295
f 431 49 295
f 295 49 292
f 48 421 49
f 49 421 292
f 276 278 418
f 418 278 429
f 317 432 278
f 278 432 429
f 432 317 433
f 433 317 316
f 326 324 316
f 316 324 433
f 1536 592 1809
f 1809 592 591
f 1810 744 1812
f 1812 744 1811
f 1814 1815 1813
f 1813 1815 1816
f 1817 748 1818
f 1818 748 747
f 1812 1819 1810
f 1810 1819 1817
f 1820 1821 748
f 748 1821 749
f 1823 1824 1822
f 1822 1824 1825
f 1827 1828 1826
f 1826 1828 1829
f 1831 1832 1830
f 1830 1832 1833
f 1834 1827 1243
f 1243 1827 1826
f 1313 804 825
f 825 804 807
f 1835 1253 1236
f 1236 1253 1237
f 1836 1837 1438
f 1438 1837 1435
f 1838 1505 1840
f 1840 1505 1839
f 1841 1842 716
f 716 1842 713
f 1843 1844 1510
f 1510 1844 1845
f 1847 1848 1846
f 1846 1848 1849
f 1850 1240 1822
f 1822 1240 1239
f 636 1831 637
f 637 1831 1830
f 1852 1853 1851
f 1851 1853 1854
f 1855 1856 1858
f 1858 1856 1857
f 1846 1849 1859
f 1859 1849 1860
f 1343 1401 1509
f 1509 1401 1861
f 1509 1861 635
f 635 1861 636
f 1863 1864 1862
f 1862 1864 1865
f 1283 1503 1867
f 1867 1503 1866
f 1868 1867 681
f 681 1867 682
f 1286 1285 683
f 683 1285 684
f 757 756 1274
f 1274 756 1869
f 1274 1869 717
f 717 1869 718
f 1434 1433 719
f 719 1433 720
f 1200 1538 1545
f 1545 1538 1763
f 1285 1289 684
f 684 1289 1273
f 684 1273 681
f 681 1273 1272
f 785 1283 1868
f 1868 1283 1867
f 786 785 1870
f 1870 785 1868
f 1289 757 1273
f 1273 757 1274
f 1539 1416 1871
f 1871 1416 1872
f 773 1871 1403
f 1403 1871 1404
f 675 674 1405
f 1405 674 1402
f 1864 1873 1865
f 1865 1873 1874
f 638 1843 635
f 635 1843 1510
f 1344 1343 1511
f 1511 1343 1509
f 772 1539 773
f 773 1539 1871
f 674 1200 1402
f 1402 1200 1545
f 1538 1286 1763
f 1763 1286 683
f 1444 1443 1875
f 1875 1443 1876
f 1875 1876 1831
f 1831 1876 1832
f 1416 1344 1872
f 1872 1344 1511
f 1877 1878 774
f 774 1878 1879
f 1878 1847 1879
f 1879 1847 1846
f 1880 714 1881
f 1881 714 1848
f 1401 1444 1861
f 1861 1444 1875
f 1861 1875 636
f 636 1875 1831
f 1823 1863 1882
f 1882 1863 1862
f 1441 1440 1884
f 1884 1440 1883
f 1883 1852 1884
f 1884 1852 1851
f 1886 1887 1885
f 1885 1887 1888
f 1358 1889 1359
f 1359 1889 1890
f 1891 1886 1892
f 1892 1886 1885
f 774 1879 775
f 775 1879 1893
f 1859 1893 1846
f 1846 1893 1879
f 713 1842 1849
f 1849 1842 1860
f 1318 1895 1894
f 1894 1895 1896
f 1873 1897 1874
f 1874 1897 1898
f 1898 605 1899
f 1899 605 675
f 1405 1844 675
f 675 1844 1899
f 1404 1845 1405
f 1405 1845 1844
f 593 1296 591
f 591 1296 1809
f 1295 1292 1900
f 1900 1292 1895
f 606 1897 1291
f 1291 1897 1896
f 1510 1845 1511
f 1511 1845 1872
f 1871 1872 1404
f 1404 1872 1845
f 1866 770 1762
f 1762 770 1546
f 1762 682 1866
f 1866 682 1867
f 1870 1868 1272
f 1272 1868 681
f 1272 717 1870
f 1870 717 720
f 1870 720 786
f 786 720 1433
f 786 1433 787
f 787 1433 1432
f 1261 1414 1432
f 1432 1414 787
f 1389 1234 1260
f 1260 1234 1415
f 1719 1670 1388
f 1388 1670 1235
f 1718 1671 1719
f 1719 1671 1670
f 1705 1747 1718
f 1718 1747 1671
f 1659 1901 1704
f 1704 1901 1748
f 1877 1903 1902
f 1902 1903 1904
f 1259 1905 1390
f 1390 1905 1394
f 1715 1720 1393
f 1393 1720 1391
f 1716 1721 1715
f 1715 1721 1720
f 1698 1706 1716
f 1716 1706 1721
f 277 276 47
f 47 276 48
f 84 96 81
f 81 96 82
f 80 70 81
f 81 70 85
f 99 97 88
f 88 97 89
f 90 100 88
f 88 100 99
f 101 95 102
f 102 95 94
f 1906 1907 280
f 280 1907 281
f 97 86 89
f 89 86 85
f 60 282 61
f 61 282 281
f 83 82 46
f 46 82 47
f 293 292 420
f 420 292 421
f 419 1908 420
f 420 1908 1909
f 92 95 91
f 91 95 90
f 279 282 93
f 93 282 94
f 276 418 48
f 48 418 421
f 1910 1660 1697
f 1697 1660 1707
f 1703 1624 1700
f 1700 1624 1644
f 1622 1910 1623
f 1623 1910 1697
f 1701 1700 1911
f 1911 1700 1661
f 1700 1644 1661
f 1661 1644 1658
f 1901 1737 1733
f 1733 1737 1645
f 1625 1912 1604
f 1604 1912 1731
f 1912 1913 1731
f 1731 1913 1914
f 1913 1577 1914
f 1914 1577 1572
f 1915 1578 1616
f 1616 1578 1618
f 1915 1916 1598
f 1598 1916 1743
f 1916 1574 1743
f 1743 1574 1573
f 1575 1917 1576
f 1576 1917 1597
f 1917 1609 1597
f 1597 1609 1594
f 1608 1611 1729
f 1729 1611 1610
f 1918 1612 1629
f 1629 1612 1630
f 1626 1918 1627
f 1627 1918 1629
f 1920 1921 1919
f 1919 1921 1922
f 1920 1924 1923
f 1923 1924 1925
f 1926 1927 1924
f 1924 1927 1925
f 1929 1930 1928
f 1928 1930 1931
f 1932 1933 1935
f 1935 1933 1934
f 1937 1938 1936
f 1936 1938 1939
f 1941 1942 1940
f 1940 1942 1943
f 1941 1945 1944
f 1944 1945 1946
f 1947 1948 1694
f 1694 1948 1949
f 1950 1951 1953
f 1953 1951 1952
f 1955 1956 1954
f 1954 1956 1589
f 1958 1956 1957
f 1957 1956 1932
f 1960 1934 1959
f 1959 1934 1933
f 1962 1963 1961
f 1961 1963 1964
f 1965 1955 1751
f 1751 1955 1954
f 1935 1930 1932
f 1932 1930 1957
f 1951 1950 1926
f 1926 1950 1929
f 1966 1967 1593
f 1593 1967 1590
f 1969 1967 1968
f 1968 1967 1964
f 1962 1921 1970
f 1970 1921 1971
f 1963 1945 1964
f 1964 1945 1968
f 1972 1948 1922
f 1922 1948 1919
f 1966 1972 1961
f 1961 1972 1922
f 1958 1953 1587
f 1587 1953 1560
f 1974 1975 1973
f 1973 1975 1976
f 1978 1979 1977
f 1977 1979 1691
f 1979 1975 1691
f 1691 1975 1586
f 1938 1942 1939
f 1939 1942 1980
f 1952 1947 1557
f 1557 1947 1694
f 1969 1978 1981
f 1981 1978 1977
f 1983 1984 1982
f 1982 1984 1985
f 1986 1987 1989
f 1989 1987 1988
f 1990 1991 1983
f 1983 1991 1984
f 1990 1993 1992
f 1992 1993 1994
f 1995 1996 1994
f 1994 1996 1997
f 1999 2000 1998
f 1998 2000 2001
f 2003 2004 2002
f 2002 2004 2005
f 2007 2008 2006
f 2006 2008 2009
f 2011 2012 2010
f 2010 2012 2013
f 2014 2015 2017
f 2017 2015 2016
f 2018 2019 2021
f 2021 2019 2020
f 2022 1989 2024
f 2024 1989 2023
f 1989 1988 2023
f 2023 1988 2025
f 2026 2027 2017
f 2017 2027 2014
f 2029 2030 2028
f 2028 2030 2031
f 2033 2034 2032
f 2032 2034 2035
f 2032 2035 2036
f 2036 2035 2037
f 2039 2040 2038
f 2038 2040 2041
f 1982 2042 1983
f 1983 2042 2043
f 2045 2046 2044
f 2044 2046 2047
f 2049 2050 2048
f 2048 2050 2051
f 2053 2054 2052
f 2052 2054 2055
f 2057 2058 2056
f 2056 2058 2059
f 2060 2061 2033
f 2033 2061 2034
f 2063 2064 2062
f 2062 2064 2065
f 2066 2035 2067
f 2067 2035 2034
f 2069 2039 2068
f 2068 2039 2038
f 2025 2070 2023
f 2023 2070 2071
f 2072 2024 2071
f 2071 2024 2023
f 2074 2020 2073
f 2073 2020 2019
f 2050 2049 2047
f 2047 2049 2075
f 1983 2043 1990
f 1990 2043 1993
f 2006 2050 2007
f 2007 2050 2076
f 2050 2006 2051
f 2051 2006 2077
f 2079 2080 2078
f 2078 2080 2081
f 2082 2083 2085
f 2085 2083 2084
f 2010 2013 2086
f 2086 2013 2087
f 2089 2033 2088
f 2088 2033 2032
f 2090 2060 2089
f 2089 2060 2033
f 2092 2093 2091
f 2091 2093 2094
f 2096 1986 2095
f 2095 1986 2097
f 2097 1986 2022
f 2022 1986 1989
f 2015 2094 2016
f 2016 2094 2098
f 2016 2098 2100
f 2100 2098 2099
f 2017 2016 2101
f 2101 2016 2100
f 2017 2101 2026
f 2026 2101 2102
f 2100 2099 2104
f 2104 2099 2103
f 2104 2105 2100
f 2100 2105 2101
f 2105 2106 2101
f 2101 2106 2102
f 2108 2061 2107
f 2107 2061 2109
f 2111 2112 2110
f 2110 2112 2020
f 2020 2074 2110
f 2110 2074 2113
f 2115 2116 2114
f 2114 2116 2117
f 2118 2119 1995
f 1995 2119 2120
f 2121 2122 2027
f 2027 2122 2014
f 2047 2075 2044
f 2044 2075 2123
f 2124 2125 2127
f 2127 2125 2126
f 2129 2130 2128
f 2128 2130 2131
f 2132 2133 2057
f 2057 2133 2058
f 2134 1999 2136
f 2136 1999 2135
f 2055 2138 2137
f 2137 2138 2139
f 2141 2142 2140
f 2140 2142 2143
f 2083 2082 2064
f 2064 2082 2065
f 2082 2144 2065
f 2065 2144 2145
f 2040 2146 2041
f 2041 2146 2147
f 2060 2090 2148
f 2148 2090 2149
f 2048 2051 2137
f 2137 2051 2150
f 2151 1997 2135
f 2135 1997 1996
f 2152 2150 2077
f 2077 2150 2051
f 2046 2045 2118
f 2118 2045 2119
f 2154 2155 2153
f 2153 2155 2156
f 2158 2159 2157
f 2157 2159 2160
f 2162 2163 2161
f 2161 2163 2164
f 2164 2163 2165
f 2165 2163 2166
f 2168 2169 2167
f 2167 2169 2170
f 2003 2172 2171
f 2171 2172 2173
f 2174 2175 2002
f 2002 2175 2176
f 2145 2177 2065
f 2065 2177 2062
f 2178 2179 2180
f 2180 2179 2134
f 2181 2052 2152
f 2152 2052 2150
f 2040 2127 2146
f 2146 2127 2182
f 2130 2162 2131
f 2131 2162 2161
f 2052 2055 2150
f 2150 2055 2137
f 2184 2185 2183
f 2183 2185 2186
f 2159 2030 2160
f 2160 2030 2187
f 2146 2182 2029
f 2029 2182 2188
f 2189 2190 2192
f 2192 2190 2191
f 2172 2003 2176
f 2176 2003 2002
f 1998 2151 1999
f 1999 2151 2135
f 2177 2172 2062
f 2062 2172 2176
f 2172 2177 2173
f 2173 2177 2193
f 2063 2194 2064
f 2064 2194 2195
f 2066 2197 2196
f 2196 2197 2198
f 2002 2005 2174
f 2174 2005 2199
f 2004 2003 2200
f 2200 2003 2171
f 2198 2201 2171
f 2171 2201 2200
f 2197 2202 2198
f 2198 2202 2201
f 2202 2197 2203
f 2203 2197 2204
f 2196 2198 2173
f 2173 2198 2171
f 2205 2069 2170
f 2170 2069 2206
f 2197 2066 2204
f 2204 2066 2067
f 2107 2207 2108
f 2108 2207 2208
f 2210 2208 2209
f 2209 2208 2207
f 2185 2211 2212
f 2213 2214 2211
f 2211 2214 2212
f 1998 2001 2213
f 2213 2001 2214
f 2134 2215 1999
f 1999 2215 2000
f 2216 2217 2219
f 2219 2217 2218
f 2206 2220 2170
f 2170 2220 2167
f 2069 2068 2206
f 2206 2068 2221
f 2151 1998 2222
f 2222 1998 2213
f 2124 2039 2205
f 2205 2039 2069
f 2142 2223 2143
f 2143 2223 2128
f 2203 2186 2202
f 2202 2186 2185
f 2185 2184 2211
f 2211 2184 2224
f 2224 2225 2222
f 2222 2225 2226
f 2071 2227 2072
f 2072 2227 2228
f 2229 2074 2230
f 2230 2074 2073
f 2074 2229 2113
f 2113 2229 2231
f 2232 2225 2227
f 2227 2225 2224
f 2233 2234 2031
f 2031 2234 2028
f 2236 2231 2235
f 2235 2231 2229
f 2230 2183 2229
f 2229 2183 2235
f 2237 1987 2096
f 2096 1987 1986
f 2152 2238 2181
f 2181 2238 2239
f 2080 2240 2081
f 2081 2240 2241
f 2236 2242 1971
f 1971 2242 1970
f 1925 2113 1923
f 1923 2113 2231
f 2110 1927 2111
f 2111 1927 1928
f 2103 2111 1931
f 1931 2111 1928
f 1931 2243 2103
f 2103 2243 2104
f 2105 2104 2244
f 2244 2104 2243
f 1939 1980 2148
f 2148 1980 2109
f 1980 1944 2109
f 2109 1944 2107
f 1946 2245 2207
f 2207 2245 2209
f 2245 1970 2209
f 2209 1970 2242
f 2231 2236 1923
f 1923 2236 1971
f 2113 1925 2110
f 2110 1925 1927
f 2234 2246 2028
f 2028 2246 2147
f 2247 2248 2058
f 2058 2248 2059
f 2114 2117 2249
f 2249 2117 2250
f 2252 2253 2251
f 2251 2253 2254
f 2094 2015 2091
f 2091 2015 2255
f 2256 2255 2014
f 2014 2255 2015
f 2257 2145 2258
f 2258 2145 2144
f 2131 2161 2123
f 2123 2161 2044
f 2045 2044 2164
f 2164 2044 2161
f 2045 2164 2119
f 2119 2164 2165
f 2259 2120 2165
f 2165 2120 2119
f 2260 2261 2259
f 2259 2261 2120
f 2205 2262 2124
f 2124 2262 2125
f 2180 2263 2178
f 2178 2263 2264
f 2265 2266 2092
f 2092 2266 2093
f 1992 2267 2268
f 2184 2228 2224
f 2224 2228 2227
f 2048 2269 2049
f 2049 2269 2141
f 2129 2168 2157
f 2157 2168 2167
f 2049 2141 2075
f 2075 2141 2140
f 2199 2215 2270
f 2270 2215 2271
f 2142 2141 2272
f 2272 2141 2269
f 2089 2026 2090
f 2090 2026 2102
f 2146 2029 2147
f 2147 2029 2028
f 2111 2103 2112
f 2112 2103 2099
f 2061 2060 2109
f 2109 2060 2148
f 2273 2274 2041
f 2041 2274 2038
f 2260 2275 2261
f 2261 2275 2136
f 2057 2138 2132
f 2132 2138 2276
f 2272 2269 2056
f 2056 2269 2139
f 2277 2278 2270
f 2270 2278 2199
f 2029 2188 2030
f 2030 2188 2187
f 2040 2039 2127
f 2127 2039 2124
f 2064 2195 2083
f 2083 2195 2279
f 2056 2139 2057
f 2057 2139 2138
f 2278 2277 2247
f 2247 2277 2248
f 2062 2176 2063
f 2063 2176 2175
f 2280 2210 2242
f 2242 2210 2209
f 2282 2233 2281
f 2281 2233 2031
f 2216 2219 2283
f 2283 2219 2221
f 2158 2220 2218
f 2218 2220 2219
f 2217 2282 2218
f 2218 2282 2281
f 2220 2158 2167
f 2167 2158 2157
f 2223 2264 2128
f 2128 2264 2263
f 2261 1996 2120
f 2120 1996 1995
f 2213 2211 2222
f 2222 2211 2224
f 2283 2221 2284
f 2284 2221 2068
f 2135 1996 2136
f 2136 1996 2261
f 2144 2081 2258
f 2258 2081 2241
f 2235 2280 2236
f 2236 2280 2242
f 2246 2273 2147
f 2147 2273 2041
f 2036 2285 2032
f 2032 2285 2088
f 2077 2286 2152
f 2152 2286 2238
f 1937 1960 1973
f 1973 1960 1959
f 2070 2232 2071
f 2071 2232 2227
f 2244 2287 2105
f 2105 2287 2106
f 1936 1939 2149
f 2149 1939 2148
f 1944 1946 2107
f 2107 1946 2207
f 2285 2121 2088
f 2088 2121 2027
f 2253 2249 2254
f 2254 2249 2250
f 2006 2009 2077
f 2077 2009 2286
f 2289 2086 2288
f 2288 2086 2087
f 2223 2142 2290
f 2290 2142 2272
f 2128 2131 2143
f 2143 2131 2123
f 2156 2291 2153
f 2153 2291 2175
f 2292 2293 2278
f 2278 2293 2294
f 2075 2140 2123
f 2123 2140 2143
f 2262 2169 2275
f 2275 2169 2180
f 2275 2180 2136
f 2136 2180 2134
f 2274 2284 2038
f 2038 2284 2068
f 2127 2126 2182
f 2182 2126 2166
f 2094 2093 2098
f 2098 2093 2021
f 2098 2021 2099
f 2099 2021 2112
f 2018 2021 2266
f 2266 2021 2093
f 2251 2289 2252
f 2252 2289 2288
f 1997 2151 2226
f 2226 2151 2222
f 2206 2221 2220
f 2220 2221 2219
f 2269 2048 2139
f 2139 2048 2137
f 2159 2158 2281
f 2281 2158 2218
f 2156 2155 2190
f 2190 2155 2191
f 1974 1965 1583
f 1583 1965 1751
f 2088 2027 2089
f 2089 2027 2026
f 2030 2159 2031
f 2031 2159 2281
f 2106 2149 2102
f 2102 2149 2090
f 2287 1936 2106
f 2106 1936 2149
f 2293 2154 2294
f 2294 2154 2153
f 2021 2020 2112
f 2247 2295 2278
f 2278 2295 2292
f 2284 2296 2283
f 2283 2296 2297
f 2298 2296 2274
f 2274 2296 2284
f 2273 2299 2274
f 2274 2299 2298
f 2246 2300 2273
f 2273 2300 2299
f 2283 2297 2216
f 2216 2297 2301
f 2216 2301 2217
f 2217 2301 2302
f 2302 2303 2217
f 2217 2303 2282
f 2304 2301 2305
f 2305 2301 2297
f 2307 2308 2306
f 2306 2308 2309
f 2306 2310 2307
f 2307 2310 2311
f 2307 2312 2308
f 2308 2312 2313
f 2314 2315 2312
f 2312 2315 2316
f 2316 2317 2312
f 2312 2317 2313
f 2317 2305 2313
f 2313 2305 2318
f 2314 2312 2311
f 2311 2312 2307
f 2319 2320 2322
f 2322 2320 2321
f 2322 2311 2319
f 2319 2311 2310
f 2313 2318 2308
f 2308 2318 2309
f 2296 2298 2318
f 2318 2298 2309
f 2309 2298 2323
f 2323 2298 2299
f 2306 2309 2324
f 2324 2309 2323
f 2310 2306 2325
f 2325 2306 2324
f 2296 2318 2297
f 2297 2318 2305
f 2319 2310 2326
f 2326 2310 2325
f 2328 2325 2327
f 2327 2325 2324
f 2325 2328 2326
f 2326 2328 2329
f 2331 2328 2330
f 2330 2328 2327
f 2332 2333 2327
f 2327 2333 2330
f 2328 2331 2329
f 2329 2331 2334
f 2324 2323 2327
f 2327 2323 2332
f 2300 2332 2299
f 2299 2332 2323
f 2326 2335 2319
f 2319 2335 2320
f 2305 2317 2336
f 2336 2317 2316
f 2336 2316 2337
f 2337 2316 2315
f 2338 2304 2336
f 2336 2304 2305
f 2337 2339 2336
f 2336 2339 2338
f 2337 2315 2341
f 2341 2315 2340
f 2342 2300 2234
f 2234 2300 2246
f 2303 2343 2282
f 2282 2343 2233
f 2234 2233 2342
f 2342 2233 2343
f 2342 2343 2333
f 2333 2343 2344
f 2333 2344 2330
f 2330 2344 2345
f 2346 2344 2303
f 2303 2344 2343
f 2332 2300 2333
f 2333 2300 2342
f 2347 2346 2302
f 2302 2346 2303
f 2301 2304 2302
f 2302 2304 2347
f 2304 2338 2347
f 2347 2338 2348
f 2348 2349 2347
f 2347 2349 2346
f 2350 2351 2348
f 2348 2351 2349
f 2349 2345 2346
f 2346 2345 2344
f 2345 2349 2352
f 2352 2349 2351
f 2338 2339 2348
f 2348 2339 2350
f 2350 2339 2353
f 2353 2339 2354
f 2356 2357 2355
f 2355 2357 2353
f 2351 2350 2357
f 2357 2350 2353
f 2353 2354 2355
f 2355 2354 2335
f 2320 2335 2341
f 2341 2335 2354
f 2339 2337 2354
f 2354 2337 2341
f 2352 2331 2345
f 2345 2331 2330
f 2356 2334 2352
f 2352 2334 2331
f 2356 2352 2357
f 2357 2352 2351
f 2355 2329 2356
f 2356 2329 2334
f 2335 2326 2355
f 2355 2326 2329
f 2321 2314 2322
f 2322 2314 2311
f 2321 2320 2340
f 2340 2320 2341
f 2315 2314 2340
f 2340 2314 2321
f 2125 2260 2126
f 2126 2260 2259
f 2157 2160 2129
f 2129 2160 2130
f 2188 2163 2187
f 2187 2163 2162
f 2182 2166 2188
f 2188 2166 2163
f 2180 2169 2263
f 2263 2169 2168
f 2160 2187 2130
f 2130 2187 2162
f 2275 2260 2262
f 2262 2260 2125
f 2128 2263 2129
f 2129 2263 2168
f 2262 2205 2169
f 2169 2205 2170
f 2165 2166 2259
f 2259 2166 2126
f 2359 2360 2358
f 2358 2360 2361
f 2363 2364 2362
f 2362 2364 2365
f 2367 2363 2366
f 2366 2363 2362
f 2368 2369 2371
f 2371 2369 2370
f 2372 2373 2248
f 2248 2373 2059
f 2364 2374 2365
f 2365 2374 2375
f 2377 2378 2376
f 2376 2378 2379
f 2290 2380 2223
f 2223 2380 2381
f 2223 2381 2264
f 2264 2381 2382
f 2384 2385 2383
f 2383 2385 2386
f 2364 2371 2374
f 2374 2371 2387
f 2059 2373 2290
f 2290 2373 2380
f 2378 2360 2379
f 2379 2360 2388
f 2374 2387 2359
f 2359 2387 2389
f 2390 2367 2386
f 2386 2367 2391
f 2393 2394 2392
f 2392 2394 2395
f 2386 2391 2383
f 2383 2391 2396
f 2367 2366 2391
f 2391 2366 2397
f 2363 2367 2368
f 2368 2367 2390
f 2398 2399 2361
f 2361 2399 2358
f 2399 2400 2358
f 2358 2400 2375
f 2390 2401 2368
f 2368 2401 2369
f 2372 2384 2376
f 2376 2384 2383
f 2374 2359 2375
f 2375 2359 2358
f 2402 2403 2365
f 2365 2403 2362
f 2359 2389 2360
f 2360 2389 2388
f 2364 2363 2371
f 2371 2363 2368
f 2405 2398 2404
f 2404 2398 2361
f 2392 2395 2406
f 2406 2395 2397
f 2377 2396 2394
f 2394 2396 2395
f 2394 2393 2404
f 2404 2393 2405
f 2396 2377 2383
f 2383 2377 2376
f 2406 2397 2407
f 2407 2397 2366
f 2400 2402 2375
f 2375 2402 2365
f 2385 2270 2401
f 2401 2270 2271
f 2403 2407 2362
f 2362 2407 2366
f 2371 2370 2387
f 2387 2370 2382
f 2391 2397 2396
f 2396 2397 2395
f 2378 2377 2404
f 2404 2377 2394
f 2360 2378 2361
f 2361 2378 2404
f 2407 2408 2406
f 2406 2408 2409
f 2410 2408 2403
f 2403 2408 2407
f 2411 2410 2402
f 2402 2410 2403
f 2412 2411 2400
f 2400 2411 2402
f 2406 2409 2392
f 2392 2409 2413
f 2392 2413 2393
f 2393 2413 2414
f 2415 2405 2414
f 2414 2405 2393
f 2416 2413 2417
f 2417 2413 2409
f 2419 2420 2418
f 2418 2420 2421
f 2420 2422 2421
f 2421 2422 2423
f 2420 2424 2422
f 2422 2424 2425
f 2426 2427 2424
f 2424 2427 2428
f 2428 2429 2424
f 2424 2429 2425
f 2426 2424 2419
f 2419 2424 2420
f 2419 2418 2431
f 2431 2418 2430
f 2425 2432 2422
f 2422 2432 2423
f 2408 2410 2432
f 2432 2410 2423
f 2423 2410 2433
f 2433 2410 2411
f 2421 2423 2434
f 2434 2423 2433
f 2435 2418 2434
f 2434 2418 2421
f 2429 2417 2425
f 2425 2417 2432
f 2408 2432 2409
f 2409 2432 2417
f 2418 2435 2430
f 2430 2435 2436
f 2438 2435 2437
f 2437 2435 2434
f 2435 2438 2436
f 2436 2438 2439
f 2441 2438 2440
f 2440 2438 2437
f 2442 2443 2437
f 2437 2443 2440
f 2439 2438 2444
f 2444 2438 2441
f 2433 2442 2434
f 2434 2442 2437
f 2412 2442 2411
f 2411 2442 2433
f 2436 2445 2430
f 2430 2445 2446
f 2430 2446 2431
f 2431 2446 2447
f 2417 2429 2448
f 2448 2429 2428
f 2427 2449 2428
f 2428 2449 2448
f 2450 2416 2448
f 2448 2416 2417
f 2451 2450 2449
f 2449 2450 2448
f 2427 2452 2449
f 2449 2452 2453
f 2447 2446 2452
f 2452 2446 2453
f 2454 2412 2399
f 2399 2412 2400
f 2415 2455 2405
f 2405 2455 2398
f 2399 2398 2454
f 2454 2398 2455
f 2454 2455 2443
f 2443 2455 2456
f 2443 2456 2440
f 2440 2456 2457
f 2458 2456 2415
f 2415 2456 2455
f 2443 2442 2454
f 2454 2442 2412
f 2459 2458 2414
f 2414 2458 2415
f 2413 2416 2414
f 2414 2416 2459
f 2459 2416 2460
f 2460 2416 2450
f 2460 2461 2459
f 2459 2461 2458
f 2462 2463 2460
f 2460 2463 2461
f 2461 2457 2458
f 2458 2457 2456
f 2457 2461 2464
f 2464 2461 2463
f 2451 2462 2450
f 2450 2462 2460
f 2462 2451 2465
f 2465 2451 2466
f 2468 2469 2467
f 2467 2469 2465
f 2463 2462 2469
f 2469 2462 2465
f 2465 2466 2467
f 2467 2466 2445
f 2446 2445 2453
f 2453 2445 2466
f 2451 2449 2466
f 2466 2449 2453
f 2464 2441 2457
f 2457 2441 2440
f 2468 2444 2464
f 2464 2444 2441
f 2468 2464 2469
f 2469 2464 2463
f 2467 2439 2468
f 2468 2439 2444
f 2445 2436 2467
f 2467 2436 2439
f 2447 2426 2431
f 2431 2426 2419
f 2427 2426 2452
f 2452 2426 2447
f 2369 2179 2370
f 2370 2179 2178
f 2376 2379 2372
f 2372 2379 2373
f 2389 2381 2388
f 2388 2381 2380
f 2387 2382 2389
f 2389 2382 2381
f 2270 2385 2277
f 2277 2385 2384
f 2379 2388 2373
f 2373 2388 2380
f 2401 2271 2369
f 2369 2271 2179
f 2248 2277 2372
f 2372 2277 2384
f 2401 2390 2385
f 2385 2390 2386
f 2264 2382 2178
f 2178 2382 2370
f 2215 2134 2271
f 2271 2134 2179
f 2005 2000 2199
f 2199 2000 2215
f 2004 2001 2005
f 2005 2001 2000
f 2200 2214 2004
f 2004 2214 2001
f 2470 2471 2473
f 2473 2471 2472
f 2475 2476 2474
f 2474 2476 2477
f 2479 2475 2478
f 2478 2475 2474
f 2481 2482 2480
f 2480 2482 2483
f 2476 2484 2477
f 2477 2484 2485
f 2487 2488 2486
f 2486 2488 2489
f 2133 2490 2058
f 2058 2490 2491
f 2058 2491 2247
f 2247 2491 2492
f 2494 2495 2493
f 2493 2495 2496
f 2476 2483 2484
f 2484 2483 2497
f 2472 2498 2488
f 2488 2498 2489
f 2484 2497 2471
f 2471 2497 2499
f 2500 2479 2496
f 2496 2479 2501
f 2502 2503 2505
f 2505 2503 2504
f 2496 2501 2493
f 2493 2501 2506
f 2479 2478 2501
f 2501 2478 2507
f 2475 2479 2480
f 2480 2479 2500
f 2508 2509 2473
f 2473 2509 2470
f 2509 2510 2470
f 2470 2510 2485
f 2511 2481 2500
f 2500 2481 2480
f 2512 2494 2486
f 2486 2494 2493
f 2485 2484 2470
f 2470 2484 2471
f 2513 2514 2477
f 2477 2514 2474
f 2471 2499 2472
f 2472 2499 2498
f 2476 2475 2483
f 2483 2475 2480
f 2516 2508 2515
f 2515 2508 2473
f 2502 2505 2517
f 2517 2505 2507
f 2504 2487 2505
f 2505 2487 2506
f 2503 2516 2504
f 2504 2516 2515
f 2506 2487 2493
f 2493 2487 2486
f 2517 2507 2518
f 2518 2507 2478
f 2510 2513 2485
f 2485 2513 2477
f 2511 2495 2293
f 2293 2495 2154
f 2514 2518 2474
f 2474 2518 2478
f 2483 2482 2497
f 2497 2482 2492
f 2501 2507 2506
f 2506 2507 2505
f 2488 2487 2515
f 2515 2487 2504
f 2472 2488 2473
f 2473 2488 2515
f 2518 2519 2517
f 2517 2519 2520
f 2521 2519 2514
f 2514 2519 2518
f 2522 2521 2513
f 2513 2521 2514
f 2523 2522 2510
f 2510 2522 2513
f 2517 2520 2502
f 2502 2520 2524
f 2502 2524 2503
f 2503 2524 2525
f 2525 2526 2503
f 2503 2526 2516
f 2527 2524 2528
f 2528 2524 2520
f 2530 2531 2529
f 2529 2531 2532
f 2531 2533 2532
f 2532 2533 2534
f 2531 2535 2533
f 2533 2535 2536
f 2537 2538 2535
f 2535 2538 2539
f 2539 2540 2535
f 2535 2540 2536
f 2537 2535 2530
f 2530 2535 2531
f 2529 2541 2530
f 2530 2541 2542
f 2543 2534 2536
f 2536 2534 2533
f 2519 2521 2543
f 2543 2521 2534
f 2534 2521 2544
f 2544 2521 2522
f 2532 2534 2545
f 2545 2534 2544
f 2529 2532 2546
f 2546 2532 2545
f 2536 2540 2543
f 2543 2540 2528
f 2519 2543 2520
f 2520 2543 2528
f 2541 2529 2547
f 2547 2529 2546
f 2548 2549 2545
f 2545 2549 2546
f 2549 2550 2546
f 2546 2550 2547
f 2551 2552 2548
f 2548 2552 2549
f 2548 2553 2551
f 2551 2553 2554
f 2550 2549 2555
f 2555 2549 2552
f 2545 2544 2548
f 2548 2544 2553
f 2523 2553 2522
f 2522 2553 2544
f 2547 2556 2541
f 2541 2556 2557
f 2541 2557 2542
f 2542 2557 2558
f 2528 2540 2559
f 2559 2540 2539
f 2538 2560 2539
f 2539 2560 2559
f 2561 2527 2559
f 2559 2527 2528
f 2560 2562 2559
f 2559 2562 2561
f 2560 2538 2564
f 2564 2538 2563
f 2558 2557 2563
f 2563 2557 2564
f 2565 2523 2509
f 2509 2523 2510
f 2526 2566 2516
f 2516 2566 2508
f 2509 2508 2565
f 2565 2508 2566
f 2565 2566 2554
f 2554 2566 2567
f 2554 2567 2551
f 2551 2567 2568
f 2569 2567 2526
f 2526 2567 2566
f 2553 2523 2554
f 2554 2523 2565
f 2570 2569 2525
f 2525 2569 2526
f 2524 2527 2525
f 2525 2527 2570
f 2527 2561 2570
f 2570 2561 2571
f 2571 2572 2570
f 2570 2572 2569
f 2573 2574 2571
f 2571 2574 2572
f 2572 2568 2569
f 2569 2568 2567
f 2568 2572 2575
f 2575 2572 2574
f 2562 2573 2561
f 2561 2573 2571
f 2573 2562 2576
f 2576 2562 2577
f 2579 2580 2578
f 2578 2580 2576
f 2574 2573 2580
f 2580 2573 2576
f 2576 2577 2578
f 2578 2577 2556
f 2557 2556 2564
f 2564 2556 2577
f 2562 2560 2577
f 2577 2560 2564
f 2575 2552 2568
f 2568 2552 2551
f 2579 2555 2575
f 2575 2555 2552
f 2579 2575 2580
f 2580 2575 2574
f 2550 2555 2578
f 2578 2555 2579
f 2556 2547 2578
f 2578 2547 2550
f 2558 2537 2542
f 2542 2537 2530
f 2538 2537 2563
f 2563 2537 2558
f 2292 2295 2481
f 2481 2295 2482
f 2486 2489 2512
f 2512 2489 2581
f 2499 2491 2498
f 2498 2491 2490
f 2497 2492 2499
f 2499 2492 2491
f 2155 2154 2494
f 2494 2154 2495
f 2581 2489 2490
f 2490 2489 2498
f 2293 2292 2511
f 2511 2292 2481
f 2191 2155 2512
f 2512 2155 2494
f 2500 2496 2511
f 2511 2496 2495
f 2247 2492 2295
f 2295 2492 2482
f 2583 2584 2582
f 2582 2584 2585
f 2587 2588 2586
f 2586 2588 2589
f 2591 2587 2590
f 2590 2587 2586
f 2593 2594 2592
f 2592 2594 2595
f 2596 2597 2599
f 2599 2597 2598
f 2588 2600 2589
f 2589 2600 2601
f 2602 2603 2605
f 2605 2603 2604
f 2606 2607 2609
f 2609 2607 2608
f 2609 2608 2190
f 2190 2608 2610
f 2611 2612 2614
f 2614 2612 2613
f 2600 2588 2615
f 2615 2588 2595
f 2599 2598 2606
f 2606 2598 2607
f 2584 2616 2604
f 2604 2616 2605
f 2600 2615 2583
f 2583 2615 2617
f 2591 2619 2618
f 2618 2619 2614
f 2621 2622 2620
f 2620 2622 2623
f 2619 2624 2614
f 2614 2624 2611
f 2591 2590 2619
f 2619 2590 2625
f 2587 2591 2592
f 2592 2591 2618
f 2626 2627 2585
f 2585 2627 2582
f 2627 2628 2582
f 2582 2628 2601
f 2629 2593 2618
f 2618 2593 2592
f 2602 2597 2611
f 2611 2597 2612
f 2600 2583 2601
f 2601 2583 2582
f 2630 2631 2589
f 2589 2631 2586
f 2583 2617 2584
f 2584 2617 2616
f 2588 2587 2595
f 2595 2587 2592
f 2633 2626 2632
f 2632 2626 2585
f 2620 2623 2634
f 2634 2623 2625
f 2622 2603 2623
f 2623 2603 2624
f 2621 2633 2622
f 2622 2633 2632
f 2611 2624 2602
f 2602 2624 2603
f 2634 2625 2635
f 2635 2625 2590
f 2628 2630 2601
f 2601 2630 2589
f 2613 2195 2629
f 2629 2195 2194
f 2631 2635 2586
f 2586 2635 2590
f 2595 2594 2615
f 2615 2594 2610
f 2619 2625 2624
f 2624 2625 2623
f 2632 2604 2622
f 2622 2604 2603
f 2585 2584 2632
f 2632 2584 2604
f 2635 2636 2634
f 2634 2636 2637
f 2638 2636 2631
f 2631 2636 2635
f 2639 2638 2630
f 2630 2638 2631
f 2640 2639 2628
f 2628 2639 2630
f 2634 2637 2620
f 2620 2637 2641
f 2620 2641 2621
f 2621 2641 2642
f 2642 2643 2621
f 2621 2643 2633
f 2641 2637 2644
f 2644 2637 2645
f 2646 2647 2649
f 2649 2647 2648
f 2648 2650 2649
f 2649 2650 2651
f 2648 2652 2650
f 2650 2652 2653
f 2652 2654 2656
f 2656 2654 2655
f 2656 2657 2652
f 2652 2657 2653
f 2654 2652 2647
f 2647 2652 2648
f 2647 2646 2659
f 2659 2646 2658
f 2660 2651 2653
f 2653 2651 2650
f 2636 2638 2660
f 2660 2638 2651
f 2651 2638 2661
f 2661 2638 2639
f 2651 2661 2649
f 2649 2661 2662
f 2663 2646 2662
f 2662 2646 2649
f 2653 2657 2660
f 2660 2657 2645
f 2636 2660 2637
f 2637 2660 2645
f 2646 2663 2658
f 2658 2663 2664
f 2665 2666 2662
f 2662 2666 2663
f 2666 2667 2663
f 2663 2667 2664
f 2668 2669 2665
f 2665 2669 2666
f 2665 2670 2668
f 2668 2670 2671
f 2667 2666 2672
f 2672 2666 2669
f 2662 2661 2665
f 2665 2661 2670
f 2640 2670 2639
f 2639 2670 2661
f 2673 2674 2664
f 2664 2674 2658
f 2658 2674 2659
f 2659 2674 2675
f 2645 2657 2676
f 2676 2657 2656
f 2677 2676 2655
f 2655 2676 2656
f 2676 2678 2645
f 2645 2678 2644
f 2677 2679 2676
f 2676 2679 2678
f 2655 2680 2677
f 2677 2680 2681
f 2675 2674 2680
f 2680 2674 2681
f 2682 2640 2627
f 2627 2640 2628
f 2643 2683 2633
f 2633 2683 2626
f 2682 2627 2683
f 2683 2627 2626
f 2683 2684 2682
f 2682 2684 2671
f 2684 2685 2671
f 2671 2685 2668
f 2686 2684 2643
f 2643 2684 2683
f 2670 2640 2671
f 2671 2640 2682
f 2687 2686 2642
f 2642 2686 2643
f 2642 2641 2687
f 2687 2641 2644
f 2687 2644 2688
f 2688 2644 2678
f 2688 2689 2687
f 2687 2689 2686
f 2690 2691 2688
f 2688 2691 2689
f 2689 2685 2686
f 2686 2685 2684
f 2685 2689 2692
f 2692 2689 2691
f 2679 2690 2678
f 2678 2690 2688
f 2690 2679 2693
f 2693 2679 2694
f 2696 2697 2695
f 2695 2697 2693
f 2691 2690 2697
f 2697 2690 2693
f 2693 2694 2695
f 2695 2694 2673
f 2674 2673 2681
f 2681 2673 2694
f 2679 2677 2694
f 2694 2677 2681
f 2685 2692 2668
f 2668 2692 2669
f 2696 2672 2692
f 2692 2672 2669
f 2696 2692 2697
f 2697 2692 2691
f 2695 2667 2696
f 2696 2667 2672
f 2673 2664 2695
f 2695 2664 2667
f 2675 2654 2659
f 2659 2654 2647
f 2655 2654 2680
f 2680 2654 2675
f 2291 2156 2593
f 2593 2156 2594
f 2597 2602 2598
f 2598 2602 2605
f 2616 2617 2607
f 2607 2617 2608
f 2615 2610 2617
f 2617 2610 2608
f 2597 2596 2612
f 2612 2596 2698
f 2598 2605 2607
f 2607 2605 2616
f 2194 2291 2629
f 2629 2291 2593
f 2629 2618 2613
f 2613 2618 2614
f 2190 2610 2156
f 2156 2610 2594
f 2700 2010 2699
f 2699 2010 2086
f 2267 2701 2116
f 2116 2701 2702
f 2116 2702 2117
f 2117 2702 2703
f 2704 2705 2250
f 2250 2705 2254
f 2011 2706 2267
f 2267 2706 2701
f 2699 2086 2707
f 2707 2086 2289
f 2010 2700 2011
f 2011 2700 2706
f 2708 2707 2251
f 2251 2707 2289
f 2703 2704 2117
f 2117 2704 2250
f 2705 2708 2254
f 2254 2708 2251
f 2709 2710 2708
f 2708 2710 2707
f 2711 2709 2705
f 2705 2709 2708
f 2712 2711 2704
f 2704 2711 2705
f 2713 2712 2703
f 2703 2712 2704
f 2707 2710 2699
f 2699 2710 2714
f 2699 2714 2700
f 2700 2714 2715
f 2716 2706 2715
f 2715 2706 2700
f 2714 2710 2717
f 2717 2710 2718
f 2720 2721 2719
f 2719 2721 2722
f 2721 2723 2722
f 2722 2723 2724
f 2721 2725 2723
f 2723 2725 2726
f 2727 2728 2725
f 2725 2728 2726
f 2729 2725 2720
f 2720 2725 2721
f 2731 2729 2730
f 2730 2729 2720
f 2719 2732 2720
f 2720 2732 2730
f 2726 2733 2723
f 2723 2733 2724
f 2709 2711 2733
f 2733 2711 2724
f 2724 2711 2734
f 2734 2711 2712
f 2722 2724 2735
f 2735 2724 2734
f 2719 2722 2736
f 2736 2722 2735
f 2726 2728 2733
f 2733 2728 2718
f 2709 2733 2710
f 2710 2733 2718
f 2732 2719 2737
f 2737 2719 2736
f 2738 2739 2735
f 2735 2739 2736
f 2739 2740 2736
f 2736 2740 2737
f 2741 2742 2738
f 2738 2742 2739
f 2738 2743 2741
f 2741 2743 2744
f 2740 2739 2745
f 2745 2739 2742
f 2735 2734 2738
f 2738 2734 2743
f 2713 2743 2712
f 2712 2743 2734
f 2737 2746 2732
f 2732 2746 2747
f 2732 2747 2730
f 2730 2747 2731
f 2718 2728 2748
f 2748 2728 2727
f 2749 2750 2727
f 2727 2750 2748
f 2748 2751 2718
f 2718 2751 2717
f 2750 2752 2748
f 2748 2752 2751
f 2750 2749 2754
f 2754 2749 2753
f 2731 2747 2753
f 2753 2747 2754
f 2727 2725 2749
f 2749 2725 2729
f 2749 2729 2753
f 2753 2729 2731
f 2702 2755 2703
f 2703 2755 2713
f 2706 2716 2701
f 2701 2716 2756
f 2755 2702 2756
f 2756 2702 2701
f 2756 2757 2755
f 2755 2757 2744
f 2757 2758 2744
f 2744 2758 2741
f 2759 2757 2716
f 2716 2757 2756
f 2743 2713 2744
f 2744 2713 2755
f 2760 2759 2715
f 2715 2759 2716
f 2715 2714 2760
f 2760 2714 2717
f 2760 2717 2761
f 2761 2717 2751
f 2761 2762 2760
f 2760 2762 2759
f 2763 2764 2761
f 2761 2764 2762
f 2762 2758 2759
f 2759 2758 2757
f 2758 2762 2765
f 2765 2762 2764
f 2752 2763 2751
f 2751 2763 2761
f 2763 2752 2766
f 2766 2752 2767
f 2768 2769 2766
f 2766 2769 2770
f 2764 2763 2770
f 2770 2763 2766
f 2766 2767 2768
f 2768 2767 2746
f 2747 2746 2754
f 2754 2746 2767
f 2752 2750 2767
f 2767 2750 2754
f 2758 2765 2741
f 2741 2765 2742
f 2769 2745 2765
f 2765 2745 2742
f 2769 2765 2770
f 2770 2765 2764
f 2768 2740 2769
f 2769 2740 2745
f 2746 2737 2768
f 2768 2737 2740
f 2201 2212 2200
f 2200 2212 2214
f 2201 2202 2212
f 2212 2202 2185
f 2512 2581 2191
f 2191 2581 2192
f 2059 2290 2056
f 2056 2290 2272
f 2174 2199 2294
f 2294 2199 2278
f 2063 2175 2194
f 2194 2175 2291
f 2192 2581 2133
f 2133 2581 2490
f 2133 2132 2192
f 2192 2132 2189
f 2054 2276 2055
f 2055 2276 2138
f 2083 2279 2084
f 2084 2279 2771
f 2771 2279 2599
f 2599 2279 2596
f 2606 2772 2599
f 2599 2772 2771
f 2772 2773 2771
f 2771 2773 2084
f 2773 2774 2084
f 2084 2774 2085
f 2085 2775 2082
f 2082 2775 2144
f 2774 2078 2085
f 2085 2078 2775
f 2078 2774 2079
f 2079 2774 2776
f 2774 2773 2776
f 2776 2773 2777
f 2773 2772 2777
f 2777 2772 2778
f 2190 2189 2609
f 2609 2189 2778
f 2053 2052 2779
f 2779 2052 2181
f 2144 2775 2081
f 2081 2775 2078
f 2294 2153 2174
f 2174 2153 2175
f 2132 2276 2189
f 2189 2276 2778
f 2606 2609 2772
f 2772 2609 2778
f 2195 2613 2698
f 2698 2613 2612
f 2596 2279 2698
f 2698 2279 2195
f 2054 2777 2276
f 2276 2777 2778
f 2777 2054 2776
f 2776 2054 2053
f 2053 2779 2776
f 2776 2779 2079
f 2779 2181 2079
f 2079 2181 2080
f 2181 2239 2080
f 2080 2239 2240
f 2122 2256 2014
f 2042 1982 2076
f 2076 1982 2007
f 1982 1985 2007
f 2007 1985 2008
f 2095 2097 2265
f 2265 2097 2266
f 2076 2050 2042
f 2042 2050 2047
f 2046 2043 2047
f 2047 2043 2042
f 2118 1993 2046
f 2046 1993 2043
f 1995 1994 2118
f 2118 1994 1993
f 2267 1992 2011
f 2011 1992 2012
f 1997 2012 1994
f 1994 2012 1992
f 2226 2013 1997
f 1997 2013 2012
f 2225 2087 2226
f 2226 2087 2013
f 2225 2232 2087
f 2087 2232 2288
f 2232 2070 2288
f 2288 2070 2252
f 2070 2025 2252
f 2252 2025 2253
f 1988 2249 2025
f 2025 2249 2253
f 2116 2115 2267
f 2267 2115 2268
f 2096 1984 2237
f 2237 1984 1991
f 2095 1985 2096
f 2096 1985 1984
f 2265 2008 2095
f 2095 2008 1985
f 2092 2009 2265
f 2265 2009 2008
f 2091 2286 2092
f 2092 2286 2009
f 2255 2238 2091
f 2091 2238 2286
f 2256 2239 2255
f 2255 2239 2238
f 2122 2240 2256
f 2256 2240 2239
f 2121 2241 2122
f 2122 2241 2240
f 2022 2018 2097
f 2097 2018 2266
f 2022 2024 2018
f 2018 2024 2019
f 2024 2072 2019
f 2019 2072 2073
f 2072 2228 2073
f 2073 2228 2230
f 2228 2184 2230
f 2230 2184 2183
f 2121 2285 2241
f 2241 2285 2258
f 2285 2036 2258
f 2258 2036 2257
f 2177 2145 2193
f 2193 2145 2257
f 2173 2193 2196
f 2196 2193 2037
f 2036 2037 2257
f 2257 2037 2193
f 2196 2037 2066
f 2066 2037 2035
f 2061 2108 2034
f 2034 2108 2067
f 2108 2208 2067
f 2067 2208 2204
f 2208 2210 2204
f 2204 2210 2203
f 2210 2280 2203
f 2203 2280 2186
f 2183 2186 2235
f 2235 2186 2280
f 1987 2114 1988
f 1988 2114 2249
f 2237 2115 1987
f 1987 2115 2114
f 1991 2268 2237
f 2237 2268 2115
f 1991 1990 2268
f 2268 1990 1992
f 107 110 2781
f 2781 110 2780
f 117 2782 118
f 118 2782 2783
f 119 2784 120
f 120 2784 2785
f 125 2786 126
f 126 2786 2787
f 127 2788 128
f 128 2788 2789
f 127 132 2788
f 2788 132 2790
f 231 230 2792
f 2792 230 2791
f 118 2783 119
f 119 2783 2784
f 241 243 2794
f 2794 243 2793
f 2781 2795 107
f 107 2795 352
f 120 2785 437
f 437 2785 2796
f 126 2787 110
f 110 2787 2780
f 455 2797 456
f 456 2797 2798
f 128 2789 457
f 457 2789 2799
f 456 2798 117
f 117 2798 2782
f 2794 2797 241
f 241 2797 455
f 457 2799 125
f 125 2799 2786
f 132 231 2790
f 2790 231 2792
f 230 437 2791
f 2791 437 2796
f 2792 2789 2790
f 2790 2789 2788
f 2785 2784 2801
f 2801 2784 2800
f 2786 2802 2787
f 2787 2802 2803
f 2792 2791 2805
f 2805 2791 2804
f 2784 2783 2800
f 2800 2783 2806
f 2785 2801 2796
f 2796 2801 2807
f 2787 2803 2780
f 2780 2803 2808
f 2789 2809 2799
f 2799 2809 2810
f 2799 2810 2786
f 2786 2810 2802
f 2791 2796 2804
f 2804 2796 2807
f 2789 2792 2809
f 2809 2792 2805
f 2812 2797 2811
f 2811 2797 2794
f 2809 2805 2810
f 2810 2805 2804
f 2810 2804 2802
f 2802 2804 2807
f 2802 2807 2803
f 2803 2807 2801
f 2808 2803 2800
f 2800 2803 2801
f 2814 699 2813
f 2813 699 698
f 2808 2815 2780
f 2780 2815 2781
f 2817 2782 2816
f 2816 2782 2798
f 2815 2818 2781
f 2781 2818 2795
f 2797 2812 2798
f 2798 2812 2816
f 2783 2782 2806
f 2806 2782 2817
f 2800 2806 2808
f 2808 2806 2815
f 2794 2793 2811
f 2811 2793 2819
f 174 201 384
f 384 201 362
f 200 1766 390
f 390 1766 1777
f 1777 1778 390
f 390 1778 398
f 1778 361 398
f 398 361 222
f 2820 2821 628
f 628 2821 629
f 1406 2820 790
f 790 2820 628
f 794 1415 1233
f 1233 1415 1234
f 1406 790 1407
f 1407 790 1312
f 1407 1312 2822
f 2822 1312 1316
f 2823 1380 1543
f 1543 1380 1379
f 1385 1738 1382
f 1382 1738 1383
f 1381 791 1382
f 1382 791 1386
f 791 794 1386
f 1386 794 1233
f 1259 1390 1260
f 1260 1390 1389
f 1905 1542 1394
f 1394 1542 1395
f 1410 1413 1397
f 1397 1413 1398
f 2821 1410 629
f 629 1410 1397
f 2823 2822 1380
f 1380 2822 1316
f 1392 1395 1378
f 1378 1395 1379
f 1738 1399 1383
f 1383 1399 1398
f 1388 1235 1389
f 1389 1235 1234
f 1393 1391 1394
f 1394 1391 1390
f 1381 1384 779
f 779 1384 780
f 1282 788 792
f 792 788 793
f 1431 1262 1432
f 1432 1262 1261
f 1400 1342 1408
f 1408 1342 1409
f 1508 1544 1411
f 1411 1544 1412
f 788 787 793
f 793 787 1414
f 2821 2820 1429
f 1429 2820 1430
f 2822 2823 1506
f 1506 2823 1507
f 778 1282 779
f 779 1282 792
f 2820 1406 1430
f 1430 1406 1409
f 1410 2821 1411
f 1411 2821 1429
f 1407 2822 1408
f 1408 2822 1506
f 1544 781 1412
f 1412 781 780
f 1260 1415 1261
f 1261 1415 1414
f 1334 2824 923
f 923 2824 924
f 2826 1268 2825
f 2825 1268 1267
f 769 1212 2827
f 2827 1212 2828
f 1492 1190 1266
f 1266 1190 1267
f 1488 2829 1489
f 1489 2829 2830
f 922 1329 923
f 923 1329 1328
f 1484 2831 1485
f 1485 2831 2832
f 1482 2833 1485
f 1485 2833 1486
f 1324 1493 1489
f 1489 1493 1490
f 1265 1491 1266
f 1266 1491 1490
f 2835 2836 2834
f 2834 2836 2837
f 1250 2838 2827
f 2827 2838 2839
f 1488 1491 2840
f 2840 1491 2841
f 1268 2826 2842
f 2842 2826 2843
f 2844 2845 1495
f 1495 2845 1496
f 1427 2847 2846
f 2846 2847 926
f 2829 1488 2848
f 2848 1488 2840
f 1329 922 2849
f 2849 922 927
f 2850 2851 768
f 768 2851 1213
f 1265 1268 2852
f 2852 1268 2842
f 1491 1265 2841
f 2841 1265 2852
f 2854 2855 2853
f 2853 2855 2856
f 2855 2857 2856
f 2856 2857 598
f 2857 2858 598
f 598 2858 595
f 2858 2859 595
f 595 2859 626
f 649 652 2860
f 2860 652 2861
f 639 642 2862
f 2862 642 2863
f 2864 705 2862
f 2862 705 639
f 2865 1418 2864
f 2864 1418 705
f 2866 2867 2865
f 2865 2867 1418
f 1760 1348 1761
f 1761 1348 2867
f 1764 2868 1197
f 1197 2868 1198
f 2869 611 2868
f 2868 611 1198
f 2870 612 2869
f 2869 612 611
f 1352 1350 944
f 944 1350 688
f 1350 1256 688
f 688 1256 685
f 1256 1255 685
f 685 1255 692
f 1255 2871 692
f 692 2871 2872
f 701 2873 698
f 698 2873 2813
f 2872 1349 692
f 692 1349 693
f 1696 1744 1574
f 1574 1744 1575
f 1753 1618 1577
f 1577 1618 1578
f 1729 1594 1608
f 1608 1594 1609
f 1725 1630 1611
f 1611 1630 1612
f 1604 1607 1625
f 1625 1607 1626
f 1624 1703 1625
f 1625 1703 1912
f 1703 1702 1912
f 1912 1702 1913
f 1702 1753 1913
f 1913 1753 1577
f 1598 1569 1915
f 1915 1569 1578
f 1616 1615 1915
f 1915 1615 1916
f 1615 1696 1916
f 1916 1696 1574
f 1744 1745 1575
f 1575 1745 1917
f 1745 1565 1917
f 1917 1565 1609
f 1568 1725 1608
f 1608 1725 1611
f 2874 1613 1918
f 1918 1613 1612
f 1607 2874 1626
f 1626 2874 1918
f 1610 1613 1562
f 1562 1613 1563
f 1547 1550 1570
f 1570 1550 1571
f 1573 1576 1580
f 1580 1576 1581
f 1553 1556 1595
f 1595 1556 1596
f 1556 1582 1596
f 1596 1582 1581
f 1551 1547 1599
f 1599 1547 1570
f 1731 1914 1601
f 1601 1914 1602
f 1686 1689 1605
f 1605 1689 1606
f 1598 1743 1599
f 1599 1743 1692
f 2874 1607 1723
f 1723 1607 1606
f 1727 1553 1730
f 1730 1553 1595
f 1600 1686 1601
f 1601 1686 1605
f 1914 1572 1602
f 1602 1572 1571
f 1579 1693 1580
f 1580 1693 1692
f 1613 2874 1563
f 1563 2874 1723
f 1561 1727 1562
f 1562 1727 1730
f 1949 1742 1548
f 1548 1742 1549
f 1694 1949 1552
f 1552 1949 1548
f 1954 1589 1554
f 1554 1589 1555
f 1693 1579 1558
f 1558 1579 1559
f 1561 1564 1584
f 1584 1564 1585
f 1582 1556 1588
f 1588 1556 1555
f 1600 1603 1591
f 1591 1603 1592
f 1981 1977 1687
f 1687 1977 1688
f 1564 1722 1585
f 1585 1722 1690
f 1551 1693 1552
f 1552 1693 1558
f 1751 1954 1728
f 1728 1954 1554
f 1590 1981 1591
f 1591 1981 1687
f 1603 1550 1592
f 1592 1550 1549
f 1977 1691 1688
f 1688 1691 1690
f 1587 1560 1588
f 1588 1560 1559
f 1727 1561 1728
f 1728 1561 1584
f 2875 1919 1947
f 1947 1919 1948
f 1557 1560 1952
f 1952 1560 1953
f 1933 1932 1955
f 1955 1932 1956
f 1587 1589 1958
f 1958 1589 1956
f 1959 1933 1965
f 1965 1933 1955
f 1961 1964 1966
f 1966 1964 1967
f 1981 1590 1969
f 1969 1590 1967
f 1742 1949 1972
f 1972 1949 1948
f 1593 1742 1966
f 1966 1742 1972
f 1957 1950 1958
f 1958 1950 1953
f 1583 1586 1974
f 1974 1586 1975
f 1940 1943 1978
f 1978 1943 1979
f 1943 1976 1979
f 1979 1976 1975
f 1951 2875 1952
f 1952 2875 1947
f 1968 1940 1969
f 1969 1940 1978
f 1973 1959 1974
f 1974 1959 1965
f 1923 1971 1920
f 1920 1971 1921
f 1919 2875 1920
f 1920 2875 1924
f 2875 1951 1924
f 1924 1951 1926
f 1950 1957 1929
f 1929 1957 1930
f 2244 2243 1934
f 1934 2243 1935
f 1973 1976 1937
f 1937 1976 1938
f 1944 1980 1941
f 1941 1980 1942
f 1940 1968 1941
f 1941 1968 1945
f 2287 2244 1960
f 1960 2244 1934
f 1970 2245 1962
f 1962 2245 1963
f 2243 1931 1935
f 1935 1931 1930
f 1927 1926 1928
f 1928 1926 1929
f 1961 1922 1962
f 1962 1922 1921
f 2245 1946 1963
f 1963 1946 1945
f 1976 1943 1938
f 1938 1943 1942
f 1936 2287 1937
f 1937 2287 1960
f 743 1238 608
f 608 1238 609
f 607 1811 608
f 608 1811 744
f 1304 2876 1305
f 1305 2876 2877
f 586 585 1298
f 1298 585 1299
f 585 702 1299
f 1299 702 1300
f 702 1428 1300
f 1300 1428 1301
f 1238 586 609
f 609 586 1298
f 2878 2879 1218
f 1218 2879 2877
f 2880 2881 1812
f 1812 2881 1819
f 2883 1821 2882
f 2882 1821 1820
f 2840 2841 620
f 620 2841 621
f 2842 2843 795
f 795 2843 796
f 892 895 2844
f 2844 895 2845
f 2848 2840 942
f 942 2840 620
f 2849 927 1202
f 1202 927 1203
f 2852 2842 1270
f 1270 2842 795
f 2841 2852 621
f 621 2852 1270
f 941 1759 942
f 942 1759 2884
f 659 929 1427
f 1427 929 2847
f 1237 2851 751
f 751 2851 2850
f 1216 2885 1217
f 1217 2885 1754
f 2887 734 2886
f 2886 734 733
f 2889 1816 2888
f 2888 1816 1815
f 2890 1245 2889
f 2889 1245 1816
f 1824 2891 1825
f 1825 2891 1246
f 2892 2893 2895
f 2895 2893 2894
f 1854 1833 1851
f 1851 1833 1832
f 1851 1832 1884
f 1884 1832 1876
f 1884 1876 1441
f 1441 1876 1443
f 1441 1443 1442
f 1442 1443 1446
f 1442 1446 2896
f 2896 1446 1507
f 2897 2823 2898
f 2898 2823 1543
f 1542 2899 1543
f 1543 2899 2898
f 1542 1905 2899
f 2899 1905 2900
f 1905 1259 2900
f 2900 1259 2901
f 1262 1431 2902
f 2902 1431 1904
f 1431 1434 1904
f 1904 1434 1902
f 1902 1434 2903
f 2903 1434 719
f 2903 719 2904
f 2904 719 718
f 1869 1881 718
f 718 1881 2904
f 1881 1869 1880
f 1880 1869 756
f 1880 756 2905
f 2905 756 755
f 2905 755 2906
f 2906 755 758
f 762 2907 763
f 763 2907 2908
f 724 723 2909
f 2909 723 894
f 796 895 723
f 723 895 894
f 2843 2845 796
f 796 2845 895
f 2826 1496 2843
f 2843 1496 2845
f 2825 1497 2826
f 2826 1497 1496
f 1189 2836 2825
f 2825 2836 1497
f 797 891 798
f 798 891 2837
f 802 888 797
f 797 888 891
f 2910 2911 2913
f 2913 2911 2912
f 1780 1783 2915
f 2915 1783 2914
f 2916 2917 831
f 831 2917 832
f 2918 2919 845
f 845 2919 846
f 2920 2916 847
f 847 2916 831
f 2921 2922 857
f 857 2922 858
f 2923 2924 860
f 860 2924 861
f 2919 2912 846
f 846 2912 887
f 2925 2920 940
f 940 2920 847
f 2924 2926 861
f 861 2926 1204
f 2917 2918 832
f 832 2918 845
f 2927 2928 1449
f 1449 2928 1450
f 2929 2930 889
f 889 2930 2931
f 2896 1507 2897
f 2897 1507 2823
f 2902 2901 1262
f 1262 2901 1259
f 2932 2933 750
f 750 2933 1236
f 2933 2934 1236
f 1236 2934 1835
f 2936 2937 2935
f 2935 2937 2938
f 2940 2941 2939
f 2939 2941 2942
f 2943 2944 1841
f 1841 2944 1842
f 2945 1860 2944
f 2944 1860 1842
f 2945 2946 1860
f 1860 2946 1859
f 1889 2947 1890
f 1890 2947 1856
f 1856 2947 1857
f 1857 2947 2948
f 2950 709 2949
f 2949 709 1829
f 2952 730 2951
f 2951 730 729
f 2866 2953 2867
f 2867 2953 1761
f 2953 2954 1761
f 1761 2954 1420
f 2954 2955 1420
f 1420 2955 742
f 2955 2956 742
f 742 2956 739
f 2956 2957 739
f 739 2957 760
f 2957 2958 760
f 760 2958 761
f 2958 2959 761
f 761 2959 2960
f 2959 2961 2960
f 2960 2961 2962
f 2963 2964 1839
f 1839 2964 1840
f 2964 2965 1840
f 1840 2965 2942
f 2966 2950 2939
f 2939 2950 2949
f 2935 2967 2936
f 2936 2967 2968
f 2969 2970 736
f 736 2970 735
f 734 2887 1815
f 1815 2887 2888
f 2887 2882 2888
f 2888 2882 2881
f 1819 1820 1817
f 1817 1820 748
f 1195 1757 1197
f 1197 1757 1424
f 1757 647 1424
f 1424 647 646
f 647 648 646
f 646 648 643
f 648 1271 643
f 643 1271 737
f 1271 725 737
f 737 725 765
f 725 724 765
f 765 724 762
f 762 724 2907
f 2907 724 2909
f 1254 1437 2909
f 2909 1437 2907
f 1438 1253 1836
f 1836 1253 1835
f 1836 1835 2938
f 2938 1835 2934
f 2971 2972 2935
f 2935 2972 2967
f 897 896 2969
f 2969 896 2970
f 1815 1814 734
f 734 1814 731
f 728 1215 896
f 896 1215 732
f 2885 1216 733
f 733 1216 2886
f 1216 1219 2886
f 2886 1219 2883
f 2876 1304 1821
f 1821 1304 749
f 1304 1303 749
f 749 1303 746
f 1818 2973 1817
f 1817 2973 1810
f 747 2974 1818
f 1818 2974 2973
f 747 746 2974
f 2974 746 1303
f 2976 2977 2975
f 2975 2977 2978
f 2976 2979 2901
f 2901 2979 2900
f 2980 2981 2982
f 2982 2981 2979
f 2981 2980 2983
f 2983 2980 2984
f 2985 2897 2983
f 2983 2897 2898
f 2987 2988 2986
f 2986 2988 2985
f 2896 2988 1442
f 1442 2988 1439
f 1903 2977 1904
f 1904 2977 2902
f 1856 1855 1890
f 1890 1855 2989
f 2989 2990 1890
f 1890 2990 1359
f 2990 2991 1359
f 1359 2991 1356
f 2946 2992 1859
f 1859 2992 1893
f 2992 2993 1893
f 1893 2993 775
f 2993 2994 775
f 775 2994 776
f 2986 1356 2987
f 2987 1356 2991
f 2975 2978 776
f 776 2978 777
f 2982 2994 2980
f 2980 2994 2995
f 1357 2984 2995
f 2995 2984 2980
f 2995 2996 1357
f 1357 2996 1358
f 2996 2997 1358
f 1358 2997 1889
f 2998 2999 2932
f 2932 2999 2933
f 2999 2971 2933
f 2933 2971 2934
f 1837 1836 2937
f 2937 1836 2938
f 2943 1841 2941
f 2941 1841 1838
f 3001 2944 3000
f 3000 2944 2943
f 3001 3002 2944
f 2944 3002 2945
f 3002 3003 2945
f 2945 3003 2946
f 2997 3003 1889
f 1889 3003 2947
f 2947 3003 2948
f 2948 3003 3002
f 3001 3004 3002
f 3002 3004 2948
f 3000 3005 3001
f 3001 3005 3004
f 2940 3006 3000
f 3000 3006 3005
f 2999 3007 2971
f 2971 3007 2972
f 2998 2951 2999
f 2999 2951 3007
f 3008 2952 2998
f 2998 2952 2951
f 2966 2965 2936
f 2936 2965 2937
f 2935 2938 2971
f 2971 2938 2934
f 3003 2997 2946
f 2946 2997 2992
f 2997 2996 2992
f 2992 2996 2993
f 2996 2995 2993
f 2993 2995 2994
f 1356 2986 1357
f 1357 2986 2984
f 2982 2975 2994
f 2994 2975 776
f 1844 1843 1899
f 1899 1843 3009
f 1843 638 3009
f 3009 638 3010
f 638 637 3010
f 3010 637 3011
f 637 1830 3011
f 3011 1830 3012
f 1830 1833 3012
f 3012 1833 2894
f 1833 1854 2894
f 2894 1854 2895
f 1854 1853 2895
f 2895 1853 1888
f 1858 1857 1885
f 1885 1857 1892
f 1899 3009 1898
f 1898 3009 1874
f 3009 3010 1874
f 1874 3010 1865
f 3010 3011 1865
f 1865 3011 1862
f 3011 3012 1862
f 1862 3012 1882
f 3012 2894 1882
f 1882 2894 2893
f 1850 2890 782
f 782 2890 2889
f 783 2880 1811
f 1811 2880 1812
f 744 1810 745
f 745 1810 2973
f 745 2973 805
f 805 2973 806
f 2973 2974 806
f 806 2974 815
f 1303 812 2974
f 2974 812 815
f 1303 1302 812
f 812 1302 1221
f 1307 3013 1302
f 1302 3013 1221
f 1734 3014 1633
f 1633 3014 1634
f 1646 1649 1636
f 1636 1649 1637
f 1654 1657 1641
f 1641 1657 1642
f 1639 1736 1636
f 1636 1736 1684
f 1716 1713 1698
f 1698 1713 1699
f 1718 1721 1705
f 1705 1721 1706
f 1653 1654 1709
f 1709 1654 1641
f 1620 1623 1714
f 1714 1623 1699
f 1712 1682 1714
f 1714 1682 1740
f 1668 1671 1746
f 1746 1671 1747
f 1752 1650 1749
f 1749 1650 1750
f 1750 1650 1709
f 1709 1650 1653
f 1632 1668 1633
f 1633 1668 1746
f 1649 1752 1637
f 1637 1752 1749
f 1682 1643 1740
f 1740 1643 1642
f 3014 1685 1634
f 1634 1685 1684
f 1704 1748 1705
f 1705 1748 1747
f 1697 1707 1698
f 1698 1707 1706
f 1739 1701 1621
f 1621 1701 1622
f 1567 1566 1647
f 1647 1566 1648
f 1664 1695 1651
f 1651 1695 1652
f 1614 1617 1655
f 1655 1617 1656
f 1704 1707 1659
f 1659 1707 1660
f 3014 1734 1662
f 1662 1734 1663
f 1650 1752 1651
f 1651 1752 1665
f 1741 1657 1667
f 1667 1657 1656
f 1695 1614 1652
f 1652 1614 1655
f 1724 1567 1726
f 1726 1567 1647
f 1645 1628 1733
f 1733 1628 1663
f 1685 3014 1726
f 1726 3014 1662
f 1620 1741 1621
f 1621 1741 1667
f 1566 1666 1648
f 1648 1666 1665
f 1658 1737 1659
f 1659 1737 1901
f 1911 1661 1910
f 1910 1661 1660
f 1701 1911 1622
f 1622 1911 1910
f 1732 1748 1733
f 1733 1748 1901
f 1857 2948 1892
f 1892 2948 3004
f 1892 3004 1891
f 1891 3004 3005
f 1828 3006 1829
f 1829 3006 2949
f 2967 736 2968
f 2968 736 710
f 2972 2969 2967
f 2967 2969 736
f 2969 2972 897
f 897 2972 3007
f 897 3007 729
f 729 3007 2951
f 3016 753 3015
f 3015 753 752
f 3018 767 3017
f 3017 767 766
f 3019 3020 1249
f 1249 3020 3021
f 2915 2914 3019
f 3019 2914 3020
f 3023 2914 3022
f 3022 2914 1783
f 2827 2839 769
f 769 2839 766
f 3025 2838 3024
f 3024 2838 3021
f 768 767 2850
f 2850 767 3026
f 2850 3026 751
f 751 3026 752
f 750 753 2932
f 2932 753 3027
f 3008 2998 3027
f 3027 2998 2932
f 3028 3029 3008
f 3008 3029 2952
f 3029 3030 2952
f 2952 3030 730
f 3032 3033 3031
f 3031 3033 3034
f 3036 3037 3035
f 3035 3037 3038
f 2870 3039 612
f 612 3039 3040
f 3041 3042 3031
f 3031 3042 3038
f 3034 1352 3043
f 3043 1352 944
f 612 3040 613
f 613 3040 3044
f 613 3044 1425
f 1425 3044 1422
f 3045 3042 669
f 669 3042 670
f 3041 3043 599
f 599 3043 600
f 772 771 1544
f 1544 771 781
f 1503 771 1866
f 1866 771 770
f 771 1503 781
f 781 1503 778
f 61 281 416
f 416 281 1907
f 283 103 3046
f 3046 103 3047
f 76 79 3048
f 3048 79 3049
f 280 76 1906
f 1906 76 3048
f 3051 335 3050
f 3050 335 334
f 3053 417 3052
f 3052 417 416
f 3055 435 3054
f 3054 435 434
f 428 435 419
f 419 435 1908
f 420 1909 293
f 293 1909 443
f 79 294 3049
f 3049 294 444
f 3057 444 3056
f 3056 444 443
f 3051 3058 335
f 335 3058 452
f 216 215 1332
f 1332 215 452
f 308 283 462
f 462 283 3046
f 3050 334 3059
f 3059 334 462
f 103 62 3047
f 3047 62 417
f 313 312 434
f 434 312 463
f 3061 574 3060
f 3060 574 573
f 1310 3062 1428
f 1428 3062 3063
f 1258 3064 1255
f 1255 3064 2871
f 932 3065 2853
f 2853 3065 3066
f 699 2814 931
f 931 2814 3067
f 3068 1301 3063
f 3063 1301 1428
f 571 574 1310
f 1310 574 3062
f 3060 573 3069
f 3069 573 1332
f 3070 3071 1906
f 1906 3071 1907
f 3072 3073 1908
f 1908 3073 1909
f 3075 2814 3074
f 3074 2814 2813
f 2854 3076 1258
f 1258 3076 3064
f 2871 3077 2872
f 2872 3077 3078
f 3074 2813 3079
f 3079 2813 2873
f 2872 3078 1349
f 1349 3078 3080
f 2873 701 3068
f 3068 701 1301
f 1330 1201 3080
f 3080 1201 1349
f 1264 1263 3081
f 3081 1263 3082
f 3083 3084 3082
f 3082 3084 3081
f 811 1448 3086
f 3086 1448 3085
f 808 811 3087
f 3087 811 3086
f 3088 3083 833
f 833 3083 3082
f 884 3089 885
f 885 3089 3090
f 3087 1790 808
f 808 1790 816
f 1790 3087 1787
f 1787 3087 3091
f 3092 3091 3086
f 3086 3091 3087
f 3093 3094 3084
f 3084 3094 3095
f 3089 3096 3090
f 3090 3096 3088
f 3097 3093 3083
f 3083 3093 3084
f 3099 3100 3098
f 3098 3100 1786
f 3101 1788 2913
f 2913 1788 3102
f 838 837 885
f 885 837 886
f 886 837 3103
f 3103 837 1541
f 3094 3093 3104
f 3104 3093 3097
f 3105 3106 3089
f 3089 3106 3096
f 3108 3109 3107
f 3107 3109 3110
f 3111 3112 3091
f 3091 3112 1787
f 3114 3108 3113
f 3113 3108 3107
f 3114 3115 3112
f 3112 3115 3102
f 3091 3092 3111
f 3111 3092 3116
f 839 838 835
f 835 838 836
f 885 3090 838
f 838 3090 836
f 3110 3117 1247
f 1247 3117 3118
f 1247 3118 1248
f 1248 3118 3119
f 3120 3121 3119
f 3119 3121 1248
f 1247 844 3110
f 3110 844 3107
f 844 843 3107
f 3107 843 3113
f 843 3099 3113
f 3113 3099 3122
f 1781 3123 3098
f 3098 3123 3124
f 2915 2931 1780
f 1780 2931 2930
f 3019 3125 2915
f 2915 3125 2931
f 890 3125 2834
f 2834 3125 1252
f 3125 3019 1252
f 1252 3019 1249
f 907 908 946
f 946 908 947
f 1185 1188 1369
f 1369 1188 948
f 954 957 951
f 951 957 952
f 910 965 953
f 953 965 950
f 905 958 960
f 960 958 961
f 3126 978 949
f 949 978 962
f 936 935 967
f 967 935 968
f 994 993 969
f 969 993 966
f 902 904 971
f 971 904 972
f 983 985 973
f 973 985 970
f 906 905 974
f 974 905 960
f 977 981 959
f 959 981 975
f 911 910 1143
f 1143 910 953
f 952 957 1142
f 1142 957 1145
f 911 1143 1366
f 1366 1143 1368
f 1185 1369 1145
f 1145 1369 1142
f 993 1519 966
f 966 1519 1456
f 965 1454 950
f 950 1454 1457
f 900 899 1459
f 1459 899 1460
f 988 991 1461
f 1461 991 1458
f 899 963 1460
f 1460 963 1462
f 985 987 970
f 970 987 1463
f 904 906 972
f 972 906 974
f 981 983 975
f 975 983 973
f 935 900 968
f 968 900 1459
f 991 994 1458
f 1458 994 969
f 1154 1526 1088
f 1088 1526 1089
f 1109 1112 1092
f 1092 1112 1093
f 1083 1098 1084
f 1084 1098 1097
f 1078 1471 1100
f 1100 1471 1101
f 1075 1078 1104
f 1104 1078 1100
f 1152 1154 1156
f 1156 1154 1088
f 1156 1155 1372
f 1372 1155 1373
f 1372 1373 1104
f 1104 1373 1075
f 1467 1109 1465
f 1465 1109 1092
f 1465 1182 1468
f 1468 1182 1184
f 1474 1470 1096
f 1096 1470 1097
f 1102 1101 1083
f 1083 1101 1098
f 1112 1531 1093
f 1093 1531 1529
f 1102 1073 1099
f 1099 1073 1072
f 1526 1154 1079
f 1079 1154 1080
f 1081 1091 1082
f 1082 1091 1094
f 1069 1068 1085
f 1085 1068 1086
f 1153 1151 1080
f 1080 1151 1058
f 1371 1177 1179
f 1179 1177 1176
f 1099 1072 1103
f 1103 1072 1176
f 1068 1071 1086
f 1086 1071 1073
f 1085 1084 1180
f 1180 1084 1469
f 1066 1065 1183
f 1183 1065 1181
f 1153 1152 1177
f 1177 1152 1178
f 1091 1081 1182
f 1182 1081 1183
f 1057 1525 1079
f 1079 1525 1527
f 1120 1117 1076
f 1076 1117 1077
f 1087 1090 1107
f 1107 1090 1108
f 1127 1126 1110
f 1110 1126 1111
f 1095 1116 1096
f 1096 1116 1115
f 1471 1078 1119
f 1119 1078 1077
f 1087 1107 1155
f 1155 1107 1158
f 1376 1374 1157
f 1157 1374 1158
f 1076 1075 1374
f 1374 1075 1373
f 1109 1467 1110
f 1110 1467 1472
f 1467 1466 1472
f 1472 1466 1473
f 1135 1475 1114
f 1114 1475 1115
f 1471 1119 1095
f 1095 1119 1116
f 1126 1532 1111
f 1111 1532 1530
f 914 1276 1480
f 1480 1276 1517
f 3127 3128 1223
f 1223 3128 1224
f 824 933 1455
f 1455 933 3129
f 3131 1448 3130
f 3130 1448 1447
f 3132 3133 1452
f 1452 3133 1453
f 3130 1447 1322
f 1322 1447 1455
f 933 1514 3129
f 3129 1514 3134
f 1161 3135 1480
f 1480 3135 1481
f 3128 3136 1224
f 1224 3136 1499
f 3133 1162 1453
f 1453 1162 1517
f 1515 3127 1535
f 1535 3127 1223
f 3095 3085 3131
f 3131 3085 1448
f 3137 3092 3085
f 3085 3092 3086
f 3138 3116 3137
f 3137 3116 3092
f 3110 3109 3117
f 3117 3109 3139
f 3105 3140 3117
f 3117 3140 3118
f 3140 3141 3118
f 3118 3141 3119
f 3142 3120 3141
f 3141 3120 3119
f 1498 3143 1277
f 1277 3143 882
f 3144 3145 1340
f 1340 3145 1339
f 1340 3146 3144
f 3144 3146 3147
f 3145 3144 3143
f 3143 3144 3148
f 871 901 872
f 872 901 1362
f 3149 3148 3147
f 3147 3148 3144
f 1208 3150 1209
f 3098 1786 1781
f 1781 1786 1782
f 2930 2929 3123
f 3123 2929 2911
f 1794 1791 2916
f 2916 1791 2917
f 1793 3101 2918
f 2918 3101 2919
f 1796 1794 2920
f 2920 1794 2916
f 3151 3152 2921
f 2921 3152 2922
f 3153 3154 2923
f 2923 3154 2924
f 2919 3101 2912
f 2912 3101 2913
f 3155 1796 2925
f 2925 1796 2920
f 3154 3156 2924
f 2924 3156 2926
f 1791 1793 2917
f 2917 1793 2918
f 3157 3158 2927
f 2927 3158 2928
f 1780 2930 1781
f 1781 2930 3123
f 2825 1267 1189
f 1189 1267 1190
f 2827 2828 1250
f 1250 2828 1251
f 1489 2830 1324
f 1324 2830 1325
f 923 1328 1334
f 1334 1328 1335
f 1485 2832 1482
f 1482 2832 1483
f 1266 1490 1492
f 1492 1490 1493
f 1333 1346 1334
f 1334 1346 2824
f 722 799 1492
f 1492 799 1190
f 664 657 1482
f 1482 657 2833
f 631 634 1324
f 1324 634 1493
f 2828 1494 1251
f 1251 1494 2835
f 1249 3021 1250
f 1250 3021 2838
f 798 2837 1189
f 1189 2837 2836
f 3100 842 3160
f 3160 842 3159
f 1788 3101 1789
f 1789 3101 1793
f 1792 816 1789
f 1789 816 1790
f 817 816 1795
f 1795 816 1792
f 938 817 1797
f 1797 817 1795
f 1796 3155 1797
f 1797 3155 1798
f 3155 3158 1798
f 1798 3158 1799
f 3157 3152 1801
f 1801 3152 1802
f 3151 3156 1803
f 1803 3156 1804
f 3154 3153 1805
f 1805 3153 1806
f 3153 3161 1806
f 1806 3161 1807
f 3099 843 3100
f 3100 843 842
f 1788 1787 3102
f 3102 1787 3112
f 2910 3115 3124
f 3124 3115 3122
f 3099 3098 3122
f 3122 3098 3124
f 416 1907 3052
f 3052 1907 3071
f 3046 3047 3163
f 3163 3047 3162
f 249 445 259
f 259 445 3164
f 425 3165 424
f 424 3165 461
f 408 410 329
f 329 410 330
f 39 331 40
f 40 331 332
f 305 304 423
f 423 304 464
f 385 254 458
f 458 254 392
f 250 415 251
f 251 415 412
f 233 337 234
f 234 337 3166
f 435 3055 1908
f 1908 3055 3072
f 443 1909 3056
f 3056 1909 3073
f 3167 3049 3057
f 3057 3049 444
f 452 3058 1332
f 1332 3058 3069
f 234 3166 346
f 346 3166 411
f 3046 3163 462
f 462 3163 3059
f 259 3164 260
f 260 3164 336
f 3047 417 3162
f 3162 417 3053
f 463 3168 434
f 434 3168 3054
f 454 830 425
f 425 830 3165
f 3062 3169 3063
f 3063 3169 3170
f 1355 1354 1534
f 1534 1354 3171
f 3063 3170 3068
f 3068 3170 3172
f 574 3061 3062
f 3062 3061 3169
f 1534 3171 1535
f 1535 3171 3173
f 3079 2873 3172
f 3172 2873 3068
f 2838 3025 2839
f 2839 3025 3174
f 3176 3177 3175
f 3175 3177 3178
f 3180 1125 3179
f 3179 1125 1128
f 3182 3183 3181
f 3181 3183 3184
f 1134 3185 1130
f 1130 3185 3182
f 3186 3187 3189
f 3189 3187 3188
f 3191 3189 3190
f 3190 3189 3188
f 1137 1122 3190
f 3190 1122 3192
f 3175 3178 3193
f 3193 3178 3194
f 3181 3184 3179
f 3179 3184 3195
f 3197 3198 3196
f 3196 3198 3180
f 3200 3178 3199
f 3199 3178 3177
f 3202 3196 3201
f 3201 3196 3195
f 3204 3184 3203
f 3203 3184 3183
f 3206 3207 3205
f 3205 3207 3186
f 3205 3186 3208
f 3208 3186 3189
f 3209 3208 3191
f 3191 3208 3189
f 3210 3194 3200
f 3200 3194 3178
f 3201 3195 3204
f 3204 3195 3184
f 3197 3211 3177
f 3177 3211 3199
f 3213 3214 3212
f 3212 3214 3215
f 3217 3218 3216
f 3216 3218 3219
f 3221 3222 3220
f 3220 3222 3223
f 3225 3226 3224
f 3224 3226 3227
f 3229 3230 3228
f 3228 3230 3231
f 3233 3234 3232
f 3232 3234 3235
f 3237 3238 3236
f 3236 3238 3239
f 3238 3240 3239
f 3239 3240 3241
f 3232 3235 3242
f 3242 3235 3243
f 3245 3246 3244
f 3244 3246 3247
f 3248 3249 3245
f 3245 3249 3246
f 3251 3252 3250
f 3250 3252 3253
f 3255 3252 3254
f 3254 3252 3251
f 3256 3257 3259
f 3259 3257 3258
f 3261 3262 3260
f 3260 3262 3263
f 3265 3263 3264
f 3264 3263 3262
f 3256 3259 3266
f 3266 3259 3267
f 3269 3270 3268
f 3268 3270 3271
f 3269 3272 3270
f 3270 3272 3273
f 3274 3275 3277
f 3277 3275 3276
f 3278 3279 3276
f 3276 3279 3277
f 3281 3282 3280
f 3280 3282 3283
f 3280 3284 3281
f 3281 3284 3285
f 3287 3288 3286
f 3286 3288 3289
f 3290 3291 3288
f 3288 3291 3289
f 3234 3218 3235
f 3235 3218 3217
f 3232 3292 3233
f 3233 3292 3293
f 3239 3294 3236
f 3236 3294 3219
f 3233 3293 3237
f 3237 3293 3295
f 3296 3294 3241
f 3241 3294 3239
f 3240 3238 3297
f 3297 3238 3298
f 3217 3216 3235
f 3235 3216 3243
f 3297 3299 3240
f 3240 3299 3242
f 3246 3300 3247
f 3247 3300 3223
f 3301 3302 3254
f 3254 3302 3244
f 3249 3303 3246
f 3246 3303 3300
f 3245 3304 3248
f 3248 3304 3292
f 3252 3221 3253
f 3253 3221 3220
f 3250 3248 3299
f 3299 3248 3292
f 3222 3221 3255
f 3255 3221 3252
f 3297 3301 3251
f 3251 3301 3254
f 3258 3214 3259
f 3259 3214 3213
f 3257 3256 3304
f 3304 3256 3305
f 3263 3306 3260
f 3260 3306 3215
f 3261 3257 3302
f 3302 3257 3304
f 3307 3306 3265
f 3265 3306 3263
f 3262 3301 3264
f 3264 3301 3308
f 3259 3213 3267
f 3267 3213 3212
f 3308 3309 3264
f 3264 3309 3266
f 3270 3310 3271
f 3271 3310 3231
f 3311 3312 3278
f 3278 3312 3268
f 3270 3273 3310
f 3310 3273 3313
f 3272 3269 3305
f 3305 3269 3314
f 3277 3229 3274
f 3274 3229 3228
f 3275 3272 3309
f 3309 3272 3305
f 3279 3230 3277
f 3277 3230 3229
f 3276 3308 3278
f 3278 3308 3311
f 3281 3315 3282
f 3282 3315 3227
f 3290 3316 3283
f 3283 3316 3317
f 3281 3285 3315
f 3315 3285 3318
f 3284 3280 3314
f 3314 3280 3319
f 3289 3225 3286
f 3286 3225 3224
f 3287 3284 3312
f 3284 3314 3312
f 3291 3226 3289
f 3289 3226 3225
f 3288 3311 3290
f 3290 3311 3316
f 3212 3215 3307
f 3307 3215 3306
f 3294 3296 3219
f 3219 3296 3216
f 3303 3220 3300
f 3300 3220 3223
f 3224 3227 3318
f 3318 3227 3315
f 3228 3231 3313
f 3313 3231 3310
f 3234 3233 3236
f 3236 3233 3237
f 3243 3241 3242
f 3242 3241 3240
f 3247 3255 3244
f 3244 3255 3254
f 3253 3249 3250
f 3250 3249 3248
f 3260 3258 3261
f 3261 3258 3257
f 3266 3267 3264
f 3264 3267 3265
f 3268 3271 3278
f 3278 3271 3279
f 3274 3273 3275
f 3275 3273 3272
f 3283 3282 3290
f 3290 3282 3291
f 3286 3285 3287
f 3287 3285 3284
f 3218 3234 3219
f 3219 3234 3236
f 3295 3298 3237
f 3237 3298 3238
f 3216 3296 3243
f 3243 3296 3241
f 3242 3299 3232
f 3232 3299 3292
f 3223 3222 3247
f 3247 3222 3255
f 3244 3302 3245
f 3245 3302 3304
f 3303 3249 3220
f 3220 3249 3253
f 3297 3251 3299
f 3299 3251 3250
f 3215 3214 3260
f 3260 3214 3258
f 3301 3262 3302
f 3302 3262 3261
f 3212 3307 3267
f 3267 3307 3265
f 3266 3309 3256
f 3256 3309 3305
f 3271 3231 3279
f 3279 3231 3230
f 3268 3312 3269
f 3269 3312 3314
f 3228 3313 3274
f 3274 3313 3273
f 3308 3276 3309
f 3309 3276 3275
f 3282 3227 3291
f 3291 3227 3226
f 3317 3319 3283
f 3283 3319 3280
f 3224 3318 3286
f 3286 3318 3285
f 3312 3311 3287
f 3311 3288 3287
f 3320 3321 3194
f 3194 3321 3193
f 1375 3321 1121
f 1121 3321 3322
f 3323 3324 3322
f 3322 3324 3192
f 3175 1124 3176
f 3176 1124 1123
f 3179 3195 3180
f 3180 3195 3196
f 3181 1131 3182
f 3182 1131 1130
f 3207 3185 3186
f 3186 3185 3187
f 1136 3188 1133
f 1133 3188 3187
f 3190 3188 1137
f 1137 3188 1136
f 3193 1159 3175
f 3175 1159 1124
f 3179 1128 3181
f 3181 1128 1131
f 1533 3198 1123
f 1123 3198 3176
f 3321 1375 3193
f 3193 1375 1159
f 3321 3320 3322
f 3322 3320 3323
f 1122 1121 3192
f 3192 1121 3322
f 3194 3210 3320
f 3320 3210 3325
f 3324 3323 3327
f 3327 3323 3326
f 3320 3325 3323
f 3323 3325 3326
f 3208 3328 3205
f 3205 3328 3329
f 3330 3206 3329
f 3329 3206 3205
f 3203 3331 3204
f 3204 3331 3332
f 3210 3333 3325
f 3325 3333 3334
f 3325 3334 3326
f 3326 3334 3335
f 3327 3326 3336
f 3336 3326 3335
f 3327 3209 3324
f 3324 3209 3191
f 3190 3192 3191
f 3191 3192 3324
f 3338 3339 3337
f 3337 3339 3340
f 3338 3341 3339
f 3339 3341 3342
f 3341 3343 3342
f 3342 3343 3344
f 3343 3345 3344
f 3344 3345 3346
f 3345 3347 3346
f 3346 3347 3348
f 3347 3349 3348
f 3348 3349 3350
f 3337 3340 3351
f 3351 3340 3352
f 3351 3352 3353
f 3353 3352 3354
f 3353 3354 3355
f 3355 3354 3356
f 3350 3349 3357
f 3357 3349 3358
f 3355 3356 3359
f 3359 3356 3360
f 3359 3360 3361
f 3361 3360 3362
f 3361 3362 3363
f 3363 3362 3364
f 3363 3364 3358
f 3358 3364 3357
f 3339 3342 3365
f 3365 3342 3366
f 3342 3344 3366
f 3366 3344 3367
f 3344 3346 3367
f 3367 3346 3368
f 3346 3348 3368
f 3368 3348 3369
f 3348 3350 3369
f 3369 3350 3370
f 3368 3369 3371
f 3371 3369 3372
f 3369 3370 3372
f 3372 3370 3373
f 3373 3374 3372
f 3372 3374 3375
f 3377 3378 3376
f 3376 3378 3379
f 3377 3375 3378
f 3378 3375 3374
f 3375 3380 3372
f 3372 3380 3371
f 3377 3381 3375
f 3375 3381 3380
f 3376 3382 3377
f 3377 3382 3381
f 3384 3385 3383
f 3383 3385 3386
f 3384 3383 3388
f 3388 3383 3387
f 3388 3387 3389
f 3389 3387 3390
f 3392 3385 3391
f 3391 3385 3384
f 3388 3393 3384
f 3384 3393 3391
f 3389 3394 3388
f 3388 3394 3393
f 3389 3395 3394
f 3394 3395 3396
f 3395 3389 3397
f 3397 3389 3390
f 3339 3365 3340
f 3340 3365 3398
f 3340 3398 3352
f 3352 3398 3399
f 3371 3400 3368
f 3368 3400 3367
f 3400 3401 3367
f 3367 3401 3366
f 3366 3401 3365
f 3365 3401 3402
f 3398 3365 3403
f 3403 3365 3402
f 3398 3403 3399
f 3399 3403 3404
f 3403 3405 3404
f 3404 3405 3406
f 3352 3399 3354
f 3354 3399 3407
f 3399 3404 3407
f 3407 3404 3408
f 3404 3406 3408
f 3408 3406 3409
f 3405 3410 3406
f 3406 3410 3411
f 3410 3412 3411
f 3411 3412 3413
f 3397 3414 3395
f 3395 3414 3415
f 3417 3415 3416
f 3416 3415 3412
f 3410 3418 3412
f 3412 3418 3416
f 3410 3405 3418
f 3418 3405 3419
f 3405 3403 3419
f 3419 3403 3402
f 3370 3350 3420
f 3420 3350 3357
f 3373 3370 3421
f 3421 3370 3420
f 3374 3373 3422
f 3422 3373 3421
f 3378 3374 3423
f 3423 3374 3422
f 3378 3423 3379
f 3379 3423 3424
f 3424 3425 3379
f 3379 3425 3386
f 3383 3426 3387
f 3387 3426 3427
f 3387 3427 3390
f 3390 3427 3428
f 3390 3428 3397
f 3397 3428 3429
f 3429 3430 3397
f 3397 3430 3414
f 3411 3413 3431
f 3431 3413 3432
f 3406 3411 3409
f 3409 3411 3431
f 3401 3400 3335
f 3335 3400 3336
f 3401 3335 3402
f 3402 3335 3334
f 3402 3334 3419
f 3419 3334 3333
f 3419 3333 3418
f 3418 3333 3433
f 3418 3433 3416
f 3416 3433 3434
f 3435 3417 3434
f 3434 3417 3416
f 3394 3396 3436
f 3436 3396 3437
f 3393 3394 3332
f 3332 3394 3436
f 3393 3332 3391
f 3391 3332 3331
f 3330 3392 3331
f 3331 3392 3391
f 3382 3329 3381
f 3381 3329 3328
f 3354 3407 3356
f 3356 3407 3438
f 3356 3438 3360
f 3360 3438 3439
f 3360 3439 3362
f 3362 3439 3440
f 3362 3440 3364
f 3364 3440 3441
f 3364 3441 3357
f 3357 3441 3420
f 3421 3420 3442
f 3442 3420 3441
f 3442 3441 3443
f 3443 3441 3440
f 3443 3440 3444
f 3444 3440 3439
f 3444 3439 3445
f 3445 3439 3438
f 3445 3438 3408
f 3408 3438 3407
f 3422 3421 3446
f 3446 3421 3442
f 3446 3442 3447
f 3447 3442 3443
f 3447 3443 3448
f 3448 3443 3444
f 3448 3444 3449
f 3449 3444 3445
f 3449 3445 3409
f 3409 3445 3408
f 3409 3431 3449
f 3449 3431 3450
f 3449 3450 3448
f 3448 3450 3451
f 3451 3452 3448
f 3448 3452 3447
f 3447 3452 3446
f 3446 3452 3453
f 3446 3453 3422
f 3422 3453 3423
f 3424 3423 3454
f 3454 3423 3453
f 3452 3455 3453
f 3453 3455 3454
f 3452 3451 3455
f 3455 3451 3456
f 3450 3457 3451
f 3451 3457 3456
f 3431 3432 3450
f 3450 3432 3457
f 3454 3458 3424
f 3424 3458 3425
f 3427 3426 3459
f 3459 3426 3460
f 3428 3427 3461
f 3461 3427 3459
f 3428 3461 3429
f 3429 3461 3462
f 3462 3463 3429
f 3429 3463 3430
f 3464 3465 3462
f 3462 3465 3463
f 3455 3466 3454
f 3454 3466 3458
f 3465 3464 3466
f 3466 3464 3467
f 3461 3459 3468
f 3468 3459 3469
f 3468 3469 3464
f 3464 3469 3467
f 3464 3462 3468
f 3468 3462 3461
f 3459 3460 3469
f 3469 3460 3467
f 3295 3351 3298
f 3298 3351 3353
f 3353 3355 3298
f 3298 3355 3297
f 3297 3355 3301
f 3301 3355 3359
f 3301 3359 3308
f 3308 3359 3361
f 3308 3361 3311
f 3311 3361 3363
f 3311 3363 3316
f 3316 3363 3358
f 3316 3358 3317
f 3317 3358 3349
f 3349 3347 3317
f 3317 3347 3319
f 3347 3345 3319
f 3319 3345 3314
f 3345 3343 3314
f 3314 3343 3305
f 3343 3341 3305
f 3305 3341 3304
f 3304 3341 3292
f 3292 3341 3338
f 3292 3338 3293
f 3293 3338 3337
f 3293 3337 3295
f 3295 3337 3351
f 3437 3202 3436
f 3436 3202 3201
f 3436 3201 3332
f 3332 3201 3204
f 3433 3200 3434
f 3434 3200 3199
f 3211 3435 3199
f 3199 3435 3434
f 3333 3210 3433
f 3433 3210 3200
f 3380 3470 3371
f 3400 3371 3336
f 3336 3371 3470
f 3381 3328 3380
f 3380 3328 3470
f 3470 3328 3209
f 3209 3328 3208
f 3336 3470 3327
f 3327 3470 3209
f 1545 1763 1546
f 1546 1763 1762
f 1403 1546 773
f 773 1546 770
f 1221 3013 1220
f 1220 3013 3471
f 1305 2877 1306
f 1306 2877 2879
f 1220 3471 828
f 828 3471 829
f 1217 1754 3472
f 3472 1754 1756
f 1049 3473 1048
f 1048 3473 3474
f 1371 1179 3473
f 3473 1179 3474
f 1074 3475 1179
f 1179 3475 3474
f 3474 3475 1048
f 1048 3475 1056
f 919 666 1345
f 1345 666 665
f 856 680 919
f 919 680 666
f 679 680 1449
f 1449 680 858
f 1367 878 1500
f 1500 878 877
f 1366 908 1367
f 1367 908 878
f 1512 916 1513
f 1513 916 915
f 947 1368 948
f 948 1368 1369
f 1047 1021 1044
f 1044 1021 1020
f 1370 1049 1019
f 1019 1049 1020
f 1173 1030 1174
f 1174 1030 1033
f 3126 1188 1464
f 1464 1188 1187
f 1800 1451 1512
f 1512 1451 916
f 1175 1174 1186
f 1186 1174 1187
f 1030 1173 1047
f 1047 1173 1021
f 1513 915 3476
f 3476 915 1481
f 1345 665 3477
f 3477 665 1483
f 1502 1501 876
f 876 1501 877
f 1205 1451 1803
f 1803 1451 1802
f 3479 2832 3478
f 3478 2832 2831
f 1449 858 2927
f 2927 858 2922
f 908 1366 947
f 947 1366 1368
f 949 948 3126
f 3126 948 1188
f 3480 3135 1502
f 1502 3135 1501
f 2927 2922 3157
f 3157 2922 3152
f 3477 1483 3479
f 3479 1483 2832
f 1803 1802 3151
f 3151 1802 3152
f 663 658 664
f 664 658 657
f 655 658 939
f 939 658 706
f 1512 870 1800
f 1800 870 869
f 875 874 876
f 876 874 873
f 849 874 905
f 905 874 958
f 949 962 946
f 946 962 961
f 978 3126 979
f 979 3126 1464
f 1031 1168 1032
f 1032 1168 1022
f 1045 1013 1046
f 1046 1013 1012
f 1045 1044 1056
f 1056 1044 1048
f 1047 1046 1030
f 1030 1046 1031
f 939 706 940
f 940 706 1450
f 979 1464 1032
f 1032 1464 1033
f 3480 1478 3476
f 3476 1478 3134
f 2829 1487 2830
f 2830 1487 1486
f 848 1230 873
f 873 1230 1479
f 867 870 933
f 933 870 1514
f 1800 869 1801
f 1801 869 1799
f 2830 1486 1325
f 1325 1486 2833
f 940 1450 2925
f 2925 1450 2928
f 946 961 907
f 907 961 958
f 959 962 977
f 977 962 978
f 3476 3134 1513
f 1513 3134 1514
f 2925 2928 3155
f 3155 2928 3158
f 1325 2833 656
f 656 2833 657
f 1801 1799 3157
f 3157 1799 3158
f 1074 1055 3475
f 3475 1055 1056
f 1371 3473 1370
f 1370 3473 1049
f 2884 615 3481
f 3481 615 618
f 3478 2831 2846
f 2846 2831 617
f 2831 1484 617
f 617 1484 618
f 1484 1487 618
f 618 1487 3481
f 2848 3481 2829
f 2829 3481 1487
f 1480 1517 1161
f 1161 1517 1162
f 3129 1323 1455
f 1455 1323 1322
f 3129 3134 1323
f 1323 3134 1478
f 1535 3173 1515
f 1515 3173 1516
f 3085 3095 3137
f 3137 3095 3094
f 3137 3094 3138
f 3138 3094 3104
f 3117 3139 3105
f 3105 3139 3106
f 1138 1141 3127
f 3127 1141 3128
f 3081 3131 1264
f 1264 3131 3130
f 1227 1226 3132
f 3132 1226 3133
f 1264 3130 1229
f 1229 3130 1322
f 1160 1501 1161
f 1161 1501 3135
f 1141 1476 3128
f 3128 1476 3136
f 1226 1163 3133
f 3133 1163 1162
f 1363 1138 1515
f 1515 1138 3127
f 3084 3095 3081
f 3081 3095 3131
f 3089 884 3105
f 3105 884 3140
f 884 883 3140
f 3140 883 3141
f 883 3482 3141
f 3141 3482 3142
f 3476 1481 3480
f 3480 1481 3135
f 1502 1479 3480
f 3480 1479 1478
f 3168 463 440
f 714 1880 715
f 715 1880 2905
f 896 732 2970
f 2970 732 731
f 1263 834 3082
f 3082 834 833
f 898 1231 853
f 853 1231 854
f 3125 890 2931
f 2931 890 889
f 1237 893 2851
f 2851 893 892
f 898 853 899
f 899 853 963
f 988 987 989
f 989 987 986
f 1002 1007 1003
f 1003 1007 1006
f 1038 1036 1007
f 1007 1036 1004
f 1070 1052 1005
f 1005 1052 1006
f 1069 1067 1070
f 1070 1067 1052
f 1130 1129 1134
f 1134 1129 1135
f 879 1167 880
f 880 1167 1166
f 1171 1169 1037
f 1037 1169 1038
f 1085 1180 1069
f 1069 1180 1067
f 1209 1210 879
f 879 1210 1167
f 2885 1215 1754
f 1754 1215 1214
f 1263 855 834
f 834 855 854
f 708 1244 1826
f 1826 1244 1243
f 2909 894 1254
f 1254 894 893
f 1228 1361 964
f 964 1361 1360
f 2908 2907 1436
f 1436 2907 1437
f 2990 1440 2991
f 2991 1440 1439
f 964 1360 965
f 965 1360 1454
f 950 1457 951
f 951 1457 1456
f 970 1463 971
f 971 1463 1462
f 1025 1169 984
f 984 1169 986
f 1084 1097 1469
f 1469 1097 1470
f 1096 1115 1474
f 1474 1115 1475
f 1140 1361 1141
f 1141 1361 1476
f 1212 1495 2828
f 2828 1495 1494
f 880 1166 1452
f 1452 1166 1499
f 715 2905 1504
f 1504 2905 2906
f 954 1519 955
f 955 1519 1518
f 1026 1520 992
f 992 1520 1518
f 1029 1520 1043
f 1043 1520 1521
f 997 1522 1040
f 1040 1522 1521
f 1015 1522 1016
f 1016 1522 1523
f 1523 996 1524
f 1524 996 1062
f 1057 1060 1525
f 1525 1060 1524
f 1094 1528 1082
f 1082 1528 1527
f 1526 1528 1089
f 1089 1528 1529
f 1090 1531 1108
f 1108 1531 1530
f 1125 1533 1126
f 1126 1533 1532
f 3483 1755 727
f 727 1755 1214
f 735 1814 707
f 707 1814 1813
f 2891 1834 1246
f 1246 1834 1243
f 2904 1881 1847
f 1847 1881 1848
f 1852 1855 1853
f 1853 1855 1858
f 1902 2903 1877
f 1877 2903 1878
f 2903 2904 1878
f 1878 2904 1847
f 714 713 1848
f 1848 713 1849
f 1440 2990 1883
f 1883 2990 2989
f 1883 2989 1852
f 1852 2989 1855
f 2895 1888 2892
f 2892 1888 1887
f 774 777 1877
f 1877 777 1903
f 1251 2835 1252
f 1252 2835 2834
f 1213 2844 1212
f 1212 2844 1495
f 2851 892 1213
f 1213 892 2844
f 3123 2911 3124
f 3124 2911 2910
f 887 2929 888
f 888 2929 889
f 1435 2963 1436
f 1436 2963 2961
f 1253 1438 1254
f 1254 1438 1437
f 2970 731 735
f 735 731 1814
f 733 732 2885
f 2885 732 1215
f 2901 2902 2976
f 2976 2902 2977
f 2975 2982 2976
f 2976 2982 2979
f 2899 2900 2981
f 2981 2900 2979
f 2899 2981 2898
f 2898 2981 2983
f 2986 2985 2984
f 2984 2985 2983
f 2897 2985 2896
f 2896 2985 2988
f 2991 1439 2987
f 2987 1439 2988
f 777 2978 1903
f 1903 2978 2977
f 1885 1888 1858
f 1858 1888 1853
f 3090 3088 836
f 836 3088 833
f 3083 3088 3097
f 3097 3088 3096
f 3097 3096 3104
f 3104 3096 3106
f 3111 3116 3108
f 3108 3116 3109
f 3112 3111 3114
f 3114 3111 3108
f 3113 3122 3114
f 3114 3122 3115
f 891 890 2837
f 2837 890 2834
f 951 1456 954
f 954 1456 1519
f 967 1457 936
f 936 1457 1454
f 971 1462 902
f 902 1462 963
f 1461 1463 988
f 988 1463 987
f 1466 1468 1474
f 1474 1468 1470
f 1089 1529 1090
f 1090 1529 1531
f 1184 1181 1469
f 1469 1181 1180
f 1082 1527 1061
f 1061 1527 1525
f 1129 1473 1135
f 1135 1473 1475
f 1108 1530 1105
f 1105 1530 1532
f 1452 1499 3132
f 3132 1499 3136
f 3109 3116 3139
f 3139 3116 3138
f 2912 2911 887
f 887 2911 2929
f 2836 2835 1497
f 1497 2835 1494
f 2913 3102 2910
f 2910 3102 3115
f 1133 3187 1134
f 1134 3187 3185
f 3177 3176 3197
f 3197 3176 3198
f 3203 3183 3206
f 3206 3183 3207
f 3196 3202 3197
f 3197 3202 3211
f 3183 3182 3207
f 3207 3182 3185
f 1125 3180 1533
f 1533 3180 3198
f 3331 3203 3330
f 3330 3203 3206
f 3376 3379 3385
f 3385 3379 3386
f 3382 3376 3392
f 3392 3376 3385
f 3412 3415 3413
f 3413 3415 3414
f 3417 3396 3415
f 3415 3396 3395
f 3383 3386 3426
f 3426 3386 3425
f 3413 3414 3432
f 3432 3414 3430
f 3437 3396 3435
f 3435 3396 3417
f 3329 3382 3330
f 3330 3382 3392
f 3426 3425 3460
f 3460 3425 3458
f 3432 3430 3457
f 3457 3430 3463
f 3457 3463 3456
f 3456 3463 3465
f 3460 3458 3467
f 3467 3458 3466
f 3466 3455 3465
f 3465 3455 3456
f 3202 3437 3211
f 3211 3437 3435
f 3104 3106 3138
f 3138 3106 3139
f 3132 3136 1227
f 1227 3136 1476
f 943 687 600
f 600 687 601
f 596 625 667
f 667 625 1297
f 687 686 601
f 601 686 653
f 1319 784 711
f 711 784 712
f 1811 607 783
f 783 607 712
f 862 921 917
f 917 921 920
f 3478 925 3479
f 3479 925 924
f 2846 926 3478
f 3478 926 925
f 659 662 929
f 929 662 930
f 856 921 857
f 857 921 1204
f 1206 864 1207
f 1207 864 863
f 2876 1219 2877
f 2877 1219 1218
f 667 1297 593
f 593 1297 1296
f 917 920 1333
f 1333 920 1346
f 686 693 653
f 653 693 930
f 1277 913 1498
f 1498 913 1207
f 592 1536 610
f 610 1536 711
f 864 1206 1805
f 1805 1206 1804
f 1317 1536 1900
f 1900 1536 1809
f 1900 1809 1295
f 1295 1809 1296
f 3479 924 3477
f 3477 924 2824
f 927 926 1203
f 1203 926 2847
f 3484 2859 3032
f 3032 2859 3033
f 3472 2878 1217
f 1217 2878 1218
f 2889 2888 2880
f 2880 2888 2881
f 2886 2883 2887
f 2887 2883 2882
f 929 928 2847
f 2847 928 1203
f 857 1204 2921
f 2921 1204 2926
f 1820 1819 2882
f 2882 1819 2881
f 1821 2883 2876
f 2876 2883 1219
f 782 2889 783
f 783 2889 2880
f 1352 3034 1353
f 1353 3034 3033
f 3031 3034 3041
f 3041 3034 3043
f 944 943 3043
f 3043 943 600
f 1339 3145 1498
f 1498 3145 3143
f 1208 882 3148
f 3148 882 3143
f 2921 2926 3151
f 3151 2926 3156
f 3477 2824 1345
f 1345 2824 1346
f 1805 1804 3154
f 3154 1804 3156
f 886 3103 883
f 883 3103 3482
f 841 1248 3485
f 3485 1248 3121
f 2811 2819 2812
f 2812 2819 2816
f 2818 2815 2817
f 2817 2815 2806
f 2817 2816 2818
f 2818 2816 2819
f 2793 2795 2819
f 2819 2795 2818
f 243 352 2793
f 2793 352 2795
f 242 353 243
f 243 353 352
f 359 191 242
f 242 191 353
f 247 192 359
f 359 192 191
f 157 193 247
f 247 193 192
f 156 194 157
f 157 194 193
f 378 261 156
f 156 261 194
f 378 381 261
f 261 381 195
f 195 381 196
f 196 381 376
f 196 376 198
f 198 376 375
f 375 1776 198
f 198 1776 197
f 1776 1767 197
f 197 1767 274
f 181 274 199
f 199 274 1767
f 568 566 564
f 564 566 563
f 568 569 566
f 566 569 567
f 501 1773 1771
f 1771 1773 578
f 547 579 1773
f 1773 579 578
f 3486 470 474
f 474 470 469
f 450 582 3487
f 3487 582 3488
f 582 583 3488
f 3488 583 3489
f 583 584 3489
f 3489 584 3490
f 3490 584 3491
f 3491 584 543
f 470 3486 466
f 466 3486 467
f 3489 3490 503
f 503 3490 504
f 503 3492 3489
f 3489 3492 3488
f 3492 503 3493
f 3493 503 502
f 3495 3492 3494
f 3494 3492 3493
f 3487 3488 3495
f 3495 3488 3492
f 468 1774 465
f 465 1774 570
f 3494 3493 1775
f 1775 3493 1771
f 3490 3491 504
f 504 3491 1772
f 3491 543 1772
f 1772 543 548
f 450 3487 474
f 474 3487 3486
f 3495 467 3487
f 3487 467 3486
f 3494 468 3495
f 3495 468 467
f 468 3494 1774
f 1774 3494 1775
f 501 1771 502
f 502 1771 3493
f 527 366 384
f 384 366 365
f 522 524 527
f 527 524 366
f 521 534 522
f 522 534 524
f 530 535 521
f 521 535 534
f 508 486 513
f 513 486 532
f 513 532 541
f 541 532 535
f 667 668 596
f 596 668 597
f 1294 1297 624
f 624 1297 625
f 603 641 604
f 604 641 640
f 1290 1293 650
f 650 1293 651
f 1758 691 660
f 660 691 661
f 602 671 599
f 599 671 670
f 654 662 690
f 690 662 661
f 2856 598 695
f 695 598 597
f 602 654 671
f 671 654 690
f 604 640 676
f 676 640 704
f 1826 1829 708
f 708 1829 709
f 1288 1284 740
f 740 1284 741
f 755 754 758
f 758 754 759
f 2853 2856 932
f 932 2856 695
f 689 691 1192
f 1192 691 1193
f 784 1319 1240
f 1240 1319 1241
f 1813 1816 1244
f 1244 1816 1245
f 754 1288 759
f 759 1288 740
f 1894 1242 1318
f 1318 1242 1241
f 2867 1348 1418
f 1418 1348 1347
f 676 704 673
f 673 704 1347
f 1284 1287 741
f 741 1287 1419
f 1421 1426 1422
f 1422 1426 1425
f 1758 660 615
f 615 660 616
f 1192 1191 1421
f 1421 1191 1426
f 2962 1839 1504
f 1504 1839 1505
f 941 1194 1759
f 1759 1194 1193
f 1287 1537 1419
f 1419 1537 1760
f 1882 2893 1823
f 1823 2893 1824
f 1886 1891 1827
f 1827 1891 1828
f 1887 1886 1834
f 1834 1886 1827
f 1841 716 1838
f 1838 716 1505
f 782 784 1850
f 1850 784 1240
f 1239 1242 1863
f 1863 1242 1864
f 1242 1894 1864
f 1864 1894 1873
f 1822 1239 1823
f 1823 1239 1863
f 1318 1317 1895
f 1895 1317 1900
f 1894 1896 1873
f 1873 1896 1897
f 1291 1896 1292
f 1292 1896 1895
f 605 1898 606
f 606 1898 1897
f 1258 1257 2854
f 2854 1257 2855
f 1257 1351 2855
f 2855 1351 2857
f 1351 1353 2857
f 2857 1353 2858
f 1353 3033 2858
f 2858 3033 2859
f 2860 2861 3036
f 3036 2861 3037
f 2862 2863 2870
f 2870 2863 3039
f 2870 2869 2862
f 2862 2869 2864
f 2868 2865 2869
f 2869 2865 2864
f 1764 2866 2868
f 2868 2866 2865
f 1537 1199 1760
f 1760 1199 1348
f 615 2884 1758
f 1758 2884 1759
f 1825 1246 2890
f 2890 1246 1245
f 2893 2892 1824
f 1824 2892 2891
f 761 2960 758
f 758 2960 2906
f 3000 2943 2940
f 2940 2943 2941
f 2968 710 2950
f 2950 710 709
f 1764 1423 2866
f 2866 1423 2953
f 1423 645 2953
f 2953 645 2954
f 645 644 2954
f 2954 644 2955
f 644 738 2955
f 2955 738 2956
f 738 764 2956
f 2956 764 2957
f 764 763 2957
f 2957 763 2958
f 763 2908 2958
f 2958 2908 2959
f 2908 1436 2959
f 2959 1436 2961
f 1837 2964 1435
f 1435 2964 2963
f 1837 2937 2964
f 2964 2937 2965
f 2936 2968 2966
f 2966 2968 2950
f 1840 2942 1838
f 1838 2942 2941
f 2939 2949 2940
f 2940 2949 3006
f 2939 2942 2966
f 2966 2942 2965
f 1822 1825 1850
f 1850 1825 2890
f 1891 3005 1828
f 1828 3005 3006
f 3035 3038 3045
f 3045 3038 3042
f 3045 3044 3035
f 3035 3044 3040
f 669 1422 3045
f 3045 1422 3044
f 599 670 3041
f 3041 670 3042
f 931 3067 932
f 932 3067 3065
f 2853 3066 2854
f 2854 3066 3076
f 3067 3496 3065
f 3065 3496 3497
f 3066 3498 3076
f 3076 3498 3499
f 707 1813 708
f 708 1813 1244
f 2960 2962 2906
f 2906 2962 1504
f 2892 1887 2891
f 2891 1887 1834
f 1839 2962 2963
f 2963 2962 2961
f 595 626 596
f 596 626 625
f 623 626 3484
f 3484 626 2859
f 1291 1290 606
f 606 1290 603
f 1290 650 603
f 603 650 641
f 641 650 642
f 642 650 649
f 2860 2863 649
f 649 2863 642
f 3036 3039 2860
f 2860 3039 2863
f 3035 3040 3036
f 3036 3040 3039
f 1294 1293 1295
f 1295 1293 1292
f 624 651 1294
f 1294 651 1293
f 623 652 624
f 624 652 651
f 3484 2861 623
f 623 2861 652
f 3032 3037 3484
f 3484 3037 2861
f 3031 3038 3032
f 3032 3038 3037
f 3481 2848 2884
f 2884 2848 942
f 2846 617 1427
f 1427 617 616
f 3049 3167 3048
f 3048 3167 3500
f 1906 3048 3070
f 3070 3048 3500
f 1337 1768 3501
f 3501 1768 3502
f 3020 3503 3021
f 3021 3503 3024
f 2914 3023 3020
f 3020 3023 3503
f 859 1770 860
f 860 1770 3504
f 1336 3505 1768
f 1768 3505 3502
f 3065 3497 3066
f 3066 3497 3498
f 2814 3075 3067
f 3067 3075 3496
f 2839 3174 766
f 766 3174 3017
f 1337 3501 1338
f 1338 3501 1769
f 767 3018 3026
f 3026 3018 3506
f 3076 3499 3064
f 3064 3499 3507
f 727 730 3483
f 3483 730 3030
f 3064 3507 2871
f 2871 3507 3077
f 3100 3160 1786
f 1786 3160 1784
f 3026 3506 752
f 752 3506 3015
f 860 3504 2923
f 2923 3504 3508
f 753 3016 3027
f 3027 3016 3509
f 3027 3509 3008
f 3008 3509 3028
f 1782 1785 1783
f 1783 1785 3022
f 2923 3508 3153
f 3153 3508 3161
f 3148 3149 1208
f 1208 3149 3150
f 1335 1328 3510
f 3510 1328 1327
f 1336 1335 3505
f 3505 1335 3510
f 866 3511 1340
f 1340 3511 3146
f 865 1808 866
f 866 1808 3511
f 842 841 3159
f 3159 841 3485
f 2849 3512 1329
f 1329 3512 1326
f 1202 1331 2849
f 2849 1331 3512
f 3514 3515 3513
f 3513 3515 3516
f 3518 3516 3517
f 3517 3516 3515
f 3519 3520 3514
f 3514 3520 3515
f 3522 3523 3521
f 3521 3523 3524
f 3526 3527 3525
f 3525 3527 3528
f 3530 3531 3529
f 3529 3531 3532
f 3534 3535 3533
f 3533 3535 3536
f 3529 3532 3537
f 3537 3532 3538
f 3537 3539 3529
f 3529 3539 3540
f 3542 3543 3541
f 3541 3543 3544
f 3546 3547 3545
f 3545 3547 3548
f 3550 3534 3549
f 3549 3534 3533
f 3550 3543 3551
f 3551 3543 3552
f 3537 3545 3539
f 3539 3545 3548
f 3553 3554 3556
f 3556 3554 3555
f 3537 3557 3545
f 3545 3557 3546
f 3558 3559 3561
f 3561 3559 3560
f 3563 3564 3562
f 3562 3564 3565
f 3564 3563 3566
f 3566 3563 3567
f 3569 3570 3568
f 3568 3570 3571
f 3573 3574 3572
f 3572 3574 3575
f 3577 3578 3576
f 3576 3578 3579
f 3581 3582 3580
f 3580 3582 3583
f 3585 3586 3584
f 3584 3586 3579
f 3586 3587 3579
f 3579 3587 3576
f 3589 3590 3588
f 3588 3590 3591
f 3592 3593 3595
f 3595 3593 3594
f 3597 3598 3596
f 3596 3598 3595
f 3583 3600 3599
f 3599 3600 3601
f 3603 3599 3602
f 3602 3599 3601
f 3605 3606 3604
f 3604 3606 3607
f 3608 3555 3596
f 3596 3555 3554
f 3597 3610 3609
f 3609 3610 3565
f 3564 3611 3565
f 3565 3611 3609
f 3611 3564 3612
f 3612 3564 3566
f 3613 3614 3569
f 3569 3614 3570
f 3615 3616 3573
f 3573 3616 3574
f 3517 3617 3518
f 3518 3617 3618
f 3620 3621 3619
f 3619 3621 3622
f 3624 3625 3623
f 3623 3625 3626
f 3628 3629 3627
f 3627 3629 3630
f 3632 3633 3631
f 3631 3633 3634
f 3636 3637 3635
f 3635 3637 3638
f 3640 3641 3639
f 3639 3641 3642
f 3643 3644 3639
f 3639 3644 3640
f 3646 3513 3645
f 3645 3513 3647
f 3648 3514 3646
f 3646 3514 3513
f 3649 3519 3648
f 3648 3519 3514
f 3650 3651 3527
f 3527 3651 3652
f 3654 3651 3653
f 3653 3651 3650
f 3568 3571 3655
f 3655 3571 3656
f 3657 3658 3653
f 3653 3658 3659
f 3661 3662 3660
f 3660 3662 3658
f 3664 3665 3663
f 3663 3665 3666
f 3667 3657 3650
f 3650 3657 3653
f 3669 3523 3668
f 3668 3523 3670
f 3672 3673 3671
f 3671 3673 3674
f 3676 3677 3675
f 3675 3677 3678
f 3671 3674 3676
f 3676 3674 3677
f 3680 3681 3679
f 3679 3681 3682
f 3683 3684 3680
f 3680 3684 3681
f 3685 3686 3661
f 3661 3686 3662
f 3686 3687 3662
f 3662 3687 3688
f 3684 3683 3689
f 3689 3683 3690
f 3692 3693 3691
f 3691 3693 3694
f 3691 3694 3695
f 3695 3694 3696
f 3698 3699 3697
f 3697 3699 3700
f 3702 3703 3701
f 3701 3703 3704
f 3705 3706 3519
f 3519 3706 3520
f 3673 3672 3707
f 3707 3672 3708
f 3709 3710 3682
f 3682 3710 3679
f 3711 3712 3692
f 3692 3712 3693
f 3714 3715 3713
f 3713 3715 3716
f 3718 3700 3717
f 3717 3700 3699
f 3720 3721 3719
f 3719 3721 3722
f 3724 3725 3723
f 3723 3725 3726
f 3727 3728 3730
f 3730 3728 3729
f 3722 3721 3731
f 3731 3721 3732
f 3697 3700 3733
f 3733 3700 3714
f 3733 3714 3734
f 3734 3714 3713
f 3721 3723 3732
f 3732 3723 3735
f 3720 3736 3724
f 3724 3736 3737
f 3700 3718 3714
f 3714 3718 3715
f 3717 3699 3738
f 3738 3699 3739
f 3536 3740 3533
f 3533 3740 3540
f 3742 3743 3741
f 3741 3743 3744
f 3746 3747 3745
f 3745 3747 3748
f 3750 3751 3749
f 3749 3751 3752
f 3627 3632 3628
f 3628 3632 3631
f 3754 3755 3753
f 3753 3755 3626
f 3562 3565 3756
f 3756 3565 3610
f 3527 3652 3528
f 3528 3652 3757
f 3758 3524 3669
f 3669 3524 3523
f 3582 3598 3583
f 3583 3598 3600
f 3759 3670 3522
f 3522 3670 3523
f 3675 3678 3760
f 3760 3678 3761
f 3762 3763 3690
f 3690 3763 3689
f 3765 3766 3764
f 3764 3766 3767
f 3768 3739 3698
f 3698 3739 3699
f 3726 3725 3770
f 3770 3725 3769
f 3645 3647 3771
f 3771 3647 3772
f 3645 3678 3646
f 3646 3678 3677
f 3646 3677 3648
f 3648 3677 3674
f 3673 3649 3674
f 3674 3649 3648
f 3707 3773 3673
f 3673 3773 3649
f 3775 3776 3774
f 3774 3776 3777
f 3779 3526 3778
f 3778 3526 3525
f 3526 3779 3667
f 3667 3779 3780
f 3780 3781 3667
f 3667 3781 3657
f 3672 3679 3708
f 3708 3679 3710
f 3671 3680 3672
f 3672 3680 3679
f 3676 3683 3671
f 3671 3683 3680
f 3675 3690 3676
f 3676 3690 3683
f 3760 3762 3675
f 3675 3762 3690
f 3682 3681 3783
f 3783 3681 3782
f 3689 3784 3684
f 3684 3784 3785
f 3684 3785 3681
f 3681 3785 3782
f 3786 3709 3783
f 3783 3709 3682
f 3784 3689 3787
f 3787 3689 3763
f 3789 3557 3788
f 3788 3557 3790
f 3792 3793 3791
f 3791 3793 3794
f 3616 3615 3795
f 3795 3615 3796
f 3797 3798 3727
f 3727 3798 3728
f 3800 3801 3799
f 3799 3801 3802
f 3803 3578 3592
f 3592 3578 3593
f 3805 3806 3804
f 3804 3806 3807
f 3599 3603 3585
f 3585 3603 3586
f 3587 3586 3604
f 3604 3586 3603
f 3588 3591 3794
f 3794 3591 3791
f 3581 3803 3582
f 3582 3803 3592
f 3594 3561 3608
f 3608 3561 3790
f 3662 3688 3808
f 3808 3688 3809
f 3665 3664 3810
f 3810 3664 3811
f 3719 3812 3720
f 3720 3812 3736
f 3717 3813 3718
f 3718 3813 3737
f 3723 3721 3724
f 3724 3721 3720
f 3813 3717 3814
f 3814 3717 3738
f 3815 3816 303
f 303 3816 304
f 3818 3819 3817
f 3817 3819 3820
f 3578 3803 3579
f 3579 3803 3584
f 3558 3593 3577
f 3577 3593 3578
f 3822 3823 3821
f 3821 3823 3824
f 3546 3826 3825
f 3825 3826 3827
f 3828 3829 3547
f 3547 3829 3541
f 3831 3542 3830
f 3830 3542 3832
f 3834 3822 3833
f 3833 3822 3821
f 3835 3836 3827
f 3827 3836 3825
f 3800 3799 3828
f 3828 3799 3829
f 3830 3832 3837
f 3837 3832 3838
f 331 330 3551
f 3551 330 3839
f 3831 333 3552
f 3552 333 332
f 3819 3797 3841
f 3841 3797 3840
f 3513 3516 3647
f 3647 3516 3746
f 337 336 3745
f 3745 336 3772
f 3525 3528 3775
f 3775 3528 3749
f 3610 3597 3554
f 3554 3597 3596
f 3706 3702 3520
f 3520 3702 3701
f 3756 3610 3553
f 3553 3610 3554
f 3757 3750 3528
f 3528 3750 3749
f 3517 3515 3701
f 3701 3515 3520
f 3842 3584 3581
f 3581 3584 3803
f 3525 3775 3778
f 3778 3775 3774
f 3638 3843 3635
f 3635 3843 3618
f 3617 3621 3618
f 3618 3621 3635
f 3617 3517 3704
f 3704 3517 3701
f 3521 3624 3522
f 3522 3624 3623
f 3749 3844 3775
f 3775 3844 3776
f 3846 3847 3845
f 3845 3847 3848
f 3843 3747 3618
f 3618 3747 3518
f 3850 3851 3849
f 3849 3851 3748
f 3853 3854 3852
f 3852 3854 3855
f 3856 3857 3622
f 3622 3857 3619
f 3859 3860 3858
f 3858 3860 3861
f 3862 3844 3752
f 3752 3844 3749
f 3863 3759 3623
f 3623 3759 3522
f 3864 3777 3630
f 3630 3777 3776
f 3713 3865 3734
f 3734 3865 3866
f 3868 3869 3867
f 3867 3869 3870
f 3872 3873 3871
f 3871 3873 3874
f 3876 3877 3875
f 3875 3877 3878
f 3879 3880 3878
f 3878 3880 3881
f 3882 3883 3885
f 3885 3883 3884
f 3780 3886 3781
f 3781 3886 3887
f 3888 3685 3869
f 3869 3685 3661
f 3880 3879 3883
f 3883 3879 3884
f 3693 3783 3694
f 3694 3783 3782
f 3696 3785 3764
f 3764 3785 3784
f 3694 3782 3696
f 3696 3782 3785
f 3693 3786 3783
f 3787 3765 3784
f 3784 3765 3764
f 386 385 3765
f 3765 385 3766
f 3695 3889 3691
f 3691 3889 3890
f 3691 3890 3692
f 3692 3890 3891
f 3892 3711 3891
f 3891 3711 3692
f 3767 3893 3695
f 3695 3893 3889
f 3766 3894 3767
f 3767 3894 3893
f 3882 3885 3895
f 3895 3885 3896
f 3898 3698 3897
f 3897 3698 3697
f 3897 3697 3899
f 3899 3697 3733
f 3899 3733 3900
f 3900 3733 3734
f 3901 3768 3898
f 3898 3768 3698
f 3901 3902 3768
f 3768 3902 3903
f 3904 3905 3907
f 3907 3905 3906
f 3869 3661 3870
f 3870 3661 3660
f 3908 3909 3896
f 3896 3909 3895
f 3909 3758 3895
f 3895 3758 3669
f 3751 3531 3752
f 3752 3531 3848
f 3858 3536 3854
f 3854 3536 3535
f 3652 3562 3757
f 3757 3562 3756
f 3651 3654 3563
f 3563 3654 3567
f 3655 3656 3808
f 3808 3656 3659
f 3530 3740 3845
f 3845 3740 3861
f 3751 3750 3556
f 3556 3750 3553
f 3817 3820 3796
f 3796 3820 3795
f 410 409 3910
f 3910 409 3855
f 3750 3757 3553
f 3553 3757 3756
f 3908 3886 3909
f 3909 3886 3780
f 409 411 3855
f 3855 411 3851
f 413 412 3760
f 3760 412 3762
f 415 414 3763
f 3763 414 3787
f 3790 3557 3538
f 3538 3557 3537
f 3555 3608 3538
f 3538 3608 3790
f 3574 3911 3575
f 3575 3911 3912
f 3535 3534 3910
f 3910 3534 3839
f 3831 3552 3542
f 3542 3552 3543
f 3534 3550 3839
f 3839 3550 3551
f 3543 3550 3544
f 3544 3550 3549
f 3913 3914 3916
f 3916 3914 3915
f 3806 3805 3589
f 3589 3805 3590
f 3849 3843 3917
f 3917 3843 3638
f 3853 3644 3859
f 3859 3644 3742
f 3747 3746 3518
f 3518 3746 3516
f 3695 3696 3767
f 3767 3696 3764
f 3903 3918 3768
f 3768 3918 3739
f 3738 3739 3816
f 3816 3739 3918
f 3919 3920 3769
f 3769 3920 3770
f 3921 3726 3922
f 3922 3726 3770
f 3678 3645 3761
f 3761 3645 3771
f 3924 3913 3923
f 3923 3913 3916
f 3802 3925 3838
f 3838 3925 3837
f 3577 3926 3558
f 3558 3926 3559
f 3815 3919 3814
f 3814 3919 3769
f 3927 3928 3822
f 3822 3928 3823
f 3829 3832 3541
f 3541 3832 3542
f 3834 3927 3822
f 3832 3829 3838
f 3838 3829 3799
f 3745 3772 3746
f 3746 3772 3647
f 3849 3748 3843
f 3843 3748 3747
f 3854 3853 3858
f 3858 3853 3859
f 3854 3535 3855
f 3855 3535 3910
f 3557 3789 3546
f 3546 3789 3826
f 3923 3823 3924
f 3924 3823 3928
f 3823 3923 3929
f 3929 3923 3930
f 3531 3751 3532
f 3532 3751 3556
f 3532 3556 3538
f 3538 3556 3555
f 3932 3634 3931
f 3931 3634 3633
f 3814 3769 3813
f 3813 3769 3725
f 3620 3636 3621
f 3621 3636 3635
f 3847 3862 3848
f 3848 3862 3752
f 3531 3530 3848
f 3848 3530 3845
f 3933 3934 3830
f 3830 3934 3831
f 3925 3933 3837
f 3837 3933 3830
f 3934 440 3831
f 3831 440 333
f 3925 3802 3833
f 3833 3802 3801
f 3776 3844 3630
f 3630 3844 3627
f 3808 3659 3662
f 3662 3659 3658
f 3667 3650 3526
f 3526 3650 3527
f 3935 3666 3936
f 3936 3666 3665
f 3718 3737 3715
f 3715 3737 3736
f 3663 3809 3664
f 3664 3809 3688
f 3807 3806 3938
f 3938 3806 3937
f 445 413 3761
f 3761 413 3760
f 3902 447 3903
f 3903 447 446
f 3897 3890 3898
f 3898 3890 3889
f 3899 3891 3897
f 3897 3891 3890
f 3898 3889 3901
f 3901 3889 3893
f 3893 3894 3901
f 3901 3894 3902
f 414 386 3787
f 3787 386 3765
f 3940 3941 3939
f 3939 3941 3942
f 3840 3797 3943
f 3943 3797 3727
f 3665 3810 3936
f 3936 3810 3944
f 3921 3735 3726
f 3726 3735 3723
f 3920 3945 3770
f 3770 3945 3922
f 3521 3524 3774
f 3774 3524 3778
f 3864 3946 3625
f 3625 3946 3947
f 3773 3705 3649
f 3649 3705 3519
f 3779 3778 3758
f 3758 3778 3524
f 3812 3716 3736
f 3736 3716 3715
f 3624 3521 3777
f 3777 3521 3774
f 3703 3856 3704
f 3704 3856 3622
f 3900 3892 3899
f 3899 3892 3891
f 3641 3917 3642
f 3642 3917 3948
f 3895 3669 3882
f 3882 3669 3668
f 3855 3851 3852
f 3852 3851 3850
f 3894 458 3902
f 3902 458 447
f 3781 3887 3660
f 3660 3887 3870
f 3570 3566 3571
f 3571 3566 3567
f 3950 3576 3949
f 3949 3576 3587
f 3605 3602 3614
f 3614 3602 3612
f 3614 3612 3570
f 3570 3612 3566
f 3571 3567 3656
f 3656 3567 3654
f 3660 3658 3781
f 3781 3658 3657
f 3604 3607 3587
f 3587 3607 3949
f 3653 3659 3654
f 3654 3659 3656
f 3529 3540 3530
f 3530 3540 3740
f 3687 3811 3688
f 3688 3811 3664
f 3813 3725 3737
f 3737 3725 3724
f 3919 3815 461
f 461 3815 303
f 3818 3798 3819
f 3819 3798 3797
f 3819 3841 3820
f 3820 3841 3951
f 3816 3815 3738
f 3738 3815 3814
f 3540 3539 3533
f 3533 3539 3549
f 3548 3547 3544
f 3544 3547 3541
f 3539 3548 3549
f 3549 3548 3544
f 3741 3931 3860
f 3860 3931 3846
f 3801 3800 3835
f 3835 3800 3836
f 3934 3933 3824
f 3824 3933 3821
f 3825 3828 3546
f 3546 3828 3547
f 3833 3821 3925
f 3925 3821 3933
f 3800 3828 3836
f 3836 3828 3825
f 3824 3952 3934
f 3934 3952 440
f 3860 3846 3861
f 3861 3846 3845
f 3629 3946 3630
f 3630 3946 3864
f 3740 3536 3861
f 3861 3536 3858
f 3833 3801 3834
f 3834 3801 3835
f 3583 3599 3580
f 3580 3599 3585
f 3651 3563 3652
f 3652 3563 3562
f 3758 3909 3779
f 3779 3909 3780
f 3621 3617 3622
f 3622 3617 3704
f 3625 3947 3626
f 3626 3947 3753
f 3633 3632 3847
f 3847 3632 3862
f 3852 3850 3640
f 3640 3850 3641
f 3644 3853 3640
f 3640 3853 3852
f 3859 3742 3860
f 3860 3742 3741
f 3632 3627 3862
f 3862 3627 3844
f 3755 3863 3626
f 3626 3863 3623
f 3917 3638 3948
f 3948 3638 3637
f 3644 3643 3742
f 3742 3643 3743
f 3931 3633 3846
f 3846 3633 3847
f 3625 3624 3864
f 3864 3624 3777
f 3917 3641 3849
f 3849 3641 3850
f 3744 3932 3741
f 3741 3932 3931
f 3903 446 3918
f 3918 446 464
f 3953 3954 3956
f 3956 3954 3955
f 3958 3959 3957
f 3957 3959 3960
f 3876 3958 3877
f 3877 3958 3957
f 3877 3957 3961
f 3961 3957 3962
f 3963 3964 3958
f 3958 3964 3959
f 3965 3966 3876
f 3876 3966 3958
f 3966 3963 3958
f 3966 3967 3963
f 3963 3967 3968
f 3878 3877 3879
f 3879 3877 3961
f 3967 3969 3968
f 3968 3969 3970
f 3969 3971 3970
f 3970 3971 3972
f 3974 3904 3973
f 3973 3904 3907
f 3971 3975 3972
f 3972 3975 3976
f 3976 3975 3978
f 3978 3975 3977
f 3979 3980 3977
f 3977 3980 3978
f 3981 3982 3979
f 3979 3982 3980
f 3983 3984 3981
f 3981 3984 3982
f 3972 3985 3970
f 3970 3985 3986
f 3871 3987 3969
f 3969 3987 3971
f 3872 3871 3967
f 3967 3871 3969
f 3965 3872 3966
f 3966 3872 3967
f 3970 3986 3968
f 3968 3986 3988
f 3879 3961 3884
f 3884 3961 3940
f 3884 3940 3885
f 3885 3940 3939
f 3989 3990 3992
f 3992 3990 3991
f 3942 3993 3995
f 3995 3993 3994
f 3994 3996 3995
f 3995 3996 3974
f 3997 3998 3994
f 3994 3998 3996
f 3999 3997 3993
f 3993 3997 3994
f 4001 3996 4000
f 4000 3996 3998
f 4000 3998 4002
f 4002 3998 4003
f 4004 4003 3997
f 3997 4003 3998
f 3997 3999 4004
f 4004 3999 4005
f 4006 3995 3973
f 3973 3995 3974
f 3939 3942 4006
f 4006 3942 3995
f 3906 3887 3907
f 3907 3887 3886
f 3887 3906 3870
f 3870 3906 3867
f 3908 3973 3886
f 3886 3973 3907
f 3865 4007 3866
f 3866 4007 4008
f 3984 3983 4009
f 4009 3983 4010
f 3961 3962 3940
f 3940 3962 3941
f 4012 3868 4011
f 4011 3868 3867
f 4013 3975 3987
f 3987 3975 3971
f 4014 3977 4013
f 4013 3977 3975
f 4015 4010 4007
f 4007 4010 3983
f 4007 3983 4008
f 4008 3983 3981
f 4008 3981 4016
f 4016 3981 3979
f 4017 3984 4018
f 4018 3984 4009
f 3977 4014 3979
f 3979 4014 4016
f 3982 3984 4019
f 4019 3984 4017
f 4021 4022 4020
f 4020 4022 4023
f 4022 4012 4023
f 4023 4012 4011
f 4023 3904 4020
f 4020 3904 3974
f 4024 4025 4018
f 4018 4025 4017
f 4026 4027 4024
f 4024 4027 4025
f 4028 4026 4029
f 4029 4026 4024
f 4018 4021 4024
f 4024 4021 4029
f 4030 4031 4026
f 4026 4031 4027
f 4032 4030 4028
f 4028 4030 4026
f 4029 4001 4028
f 4028 4001 4000
f 4028 4000 4032
f 4032 4000 4002
f 4034 4035 4033
f 4033 4035 4036
f 4037 4038 4019
f 4019 4038 4039
f 4041 4039 4040
f 4040 4039 4038
f 4040 4038 4042
f 4042 4038 4036
f 4042 4036 4043
f 4043 4036 4035
f 3985 4044 4046
f 4046 4044 4045
f 4047 4048 4045
f 4045 4048 4046
f 4047 4049 4048
f 4048 4049 4050
f 4042 4047 4040
f 4040 4047 4045
f 4043 4049 4042
f 4042 4049 4047
f 4040 4045 4041
f 4041 4045 4044
f 4052 3959 4051
f 4051 3959 3964
f 4053 4054 4051
f 4051 4054 4055
f 3956 3960 4052
f 4052 3960 3959
f 3953 3956 4056
f 4056 3956 4052
f 4058 3953 4057
f 4057 3953 4056
f 4060 4061 4059
f 4059 4061 4062
f 4063 4064 4054
f 4054 4064 4057
f 4054 4053 4063
f 4063 4053 4065
f 4066 4067 4069
f 4069 4067 4068
f 4048 4050 4063
f 4063 4050 4064
f 4063 4065 4048
f 4048 4065 4046
f 3985 4046 3986
f 3986 4046 4065
f 3986 4065 3988
f 3988 4065 4053
f 3988 4053 3964
f 3964 4053 4051
f 3976 3978 4044
f 4044 3978 4041
f 3980 3982 4039
f 4039 3982 4019
f 4039 4041 3980
f 3980 4041 3978
f 3973 3908 4006
f 4006 3908 3896
f 3885 3939 3896
f 3896 3939 4006
f 4031 4034 4027
f 4027 4034 4033
f 4027 4033 4025
f 4025 4033 4037
f 4019 4017 4037
f 4037 4017 4025
f 3993 3942 4070
f 4070 3942 3941
f 3999 3993 4071
f 4071 3993 4070
f 3999 4071 4005
f 4005 4071 4072
f 4073 4074 4076
f 4076 4074 4075
f 4078 4079 4077
f 4077 4079 4080
f 4082 4080 4081
f 4081 4080 4079
f 4084 4085 4083
f 4083 4085 4086
f 4087 4088 4090
f 4090 4088 4089
f 4092 4093 4091
f 4091 4093 4094
f 4096 4097 4095
f 4095 4097 4098
f 4100 4101 4099
f 4099 4101 4102
f 4103 4104 4106
f 4106 4104 4105
f 4108 4109 4107
f 4107 4109 4110
f 4112 4113 4111
f 4111 4113 4114
f 4116 4117 4115
f 4115 4117 4118
f 4120 4121 4119
f 4119 4121 4122
f 4123 4124 4126
f 4126 4124 4125
f 4127 4128 4130
f 4130 4128 4129
f 4132 4133 4131
f 4131 4133 4134
f 4136 4108 4135
f 4135 4108 4107
f 4138 4139 4137
f 4137 4139 4140
f 4141 4142 4088
f 4088 4142 4089
f 4144 4145 4143
f 4143 4145 4146
f 4148 4149 4147
f 4147 4149 4150
f 4152 4153 4151
f 4151 4153 4154
f 4156 4082 4155
f 4155 4082 4081
f 4157 4158 4160
f 4160 4158 4159
f 4161 4162 4164
f 4164 4162 4163
f 4166 4122 4165
f 4165 4122 4121
f 4168 4152 4167
f 4167 4152 4151
f 4169 4170 4172
f 4172 4170 4171
f 4174 4175 4173
f 4173 4175 4176
f 4178 4149 4177
f 4177 4149 4179
f 4173 4176 4180
f 4180 4176 4181
f 4156 4085 4182
f 4182 4085 4183
f 4182 4184 4156
f 4156 4184 4082
f 4185 4186 4184
f 4184 4186 4187
f 4186 4188 4187
f 4187 4188 4189
f 4190 4191 4073
f 4073 4191 4074
f 4177 4179 4158
f 4158 4179 4159
f 4193 4127 4192
f 4192 4127 4130
f 4144 4194 4151
f 4151 4194 4167
f 4196 4197 4195
f 4195 4197 4198
f 4095 4199 4096
f 4096 4199 4200
f 4201 4202 4204
f 4204 4202 4203
f 4205 4206 4208
f 4208 4206 4207
f 4121 4120 4209
f 4209 4120 4210
f 4212 4213 4211
f 4211 4213 4214
f 4216 4217 4215
f 4215 4217 4218
f 4220 4221 4219
f 4219 4221 4222
f 4224 4196 4223
f 4223 4196 4195
f 4225 4226 4134
f 4134 4226 4131
f 4228 4229 4227
f 4227 4229 4230
f 4232 4233 4231
f 4231 4233 4098
f 4235 4236 4234
f 4234 4236 4237
f 4239 4240 4238
f 4238 4240 4241
f 4242 4243 4245
f 4245 4243 4244
f 4246 4247 4249
f 4249 4247 4248
f 4251 4252 4250
f 4250 4252 4253
f 4255 4256 4254
f 4254 4256 4257
f 4259 4260 4258
f 4258 4260 4261
f 4263 4264 4262
f 4262 4264 4265
f 4267 4268 4266
f 4266 4268 4269
f 4271 4199 4270
f 4270 4199 4272
f 4273 4274 4276
f 4276 4274 4275
f 4115 4118 4277
f 4277 4118 4278
f 4280 4281 4279
f 4279 4281 4282
f 4211 4283 4212
f 4212 4283 4284
f 4286 4287 4285
f 4285 4287 4288
f 4165 4121 4289
f 4289 4121 4209
f 4291 4286 4290
f 4290 4286 4285
f 4293 4294 4292
f 4292 4294 4295
f 4297 4298 4296
f 4296 4298 4299
f 4301 4302 4300
f 4300 4302 4303
f 4299 4304 4296
f 4296 4304 4305
f 4306 4292 4307
f 4307 4292 4295
f 4307 4308 4306
f 4306 4308 4309
f 4310 4309 4075
f 4075 4309 4308
f 4299 4298 4312
f 4312 4298 4311
f 4302 4301 4293
f 4293 4301 4294
f 3735 3921 4313
f 4313 3921 4314
f 4315 4314 3922
f 3922 4314 3921
f 4316 3945 829
f 829 3945 830
f 4289 4317 4165
f 4165 4317 4318
f 4320 4321 4319
f 4319 4321 4322
f 4324 4325 4323
f 4323 4325 4326
f 4327 4328 4330
f 4330 4328 4329
f 4290 4331 4291
f 4291 4331 4332
f 4165 4318 4166
f 4166 4318 4333
f 4334 4335 4337
f 4337 4335 4336
f 4339 4340 4338
f 4338 4340 4341
f 4168 4343 4342
f 4342 4343 4344
f 4346 4347 4345
f 4345 4347 4348
f 4350 4351 4349
f 4349 4351 4352
f 4354 4355 4353
f 4353 4355 4356
f 4357 4358 4324
f 4324 4358 4325
f 4337 4359 4334
f 4334 4359 4360
f 4362 4363 4361
f 4361 4363 4364
f 4366 4367 4365
f 4365 4367 4368
f 4369 4370 4372
f 4372 4370 4371
f 4331 4290 4374
f 4374 4290 4373
f 4373 4376 4375
f 4375 4376 4377
f 4379 4380 4378
f 4378 4380 4381
f 4217 4382 4218
f 4218 4382 4383
f 4385 4386 4384
f 4384 4386 4387
f 4388 4389 4338
f 4338 4389 4390
f 4337 4336 4392
f 4392 4336 4391
f 4394 4362 4393
f 4393 4362 4361
f 4396 4397 4395
f 4395 4397 4398
f 4400 4401 4399
f 4399 4401 4402
f 4345 4403 4346
f 4346 4403 4404
f 4405 4406 4342
f 4342 4406 4407
f 4409 4410 4408
f 4408 4410 4411
f 4408 4412 4409
f 4409 4412 4413
f 4181 4415 4414
f 4414 4415 4416
f 4182 4183 4417
f 4417 4183 4418
f 4419 4353 4311
f 4311 4353 4312
f 4421 4422 4420
f 4420 4422 4423
f 4353 4356 4312
f 4312 4356 4424
f 4166 4333 4425
f 4425 4333 4426
f 4425 4143 4166
f 4166 4143 4122
f 4427 4107 4428
f 4428 4107 4110
f 4429 4430 4174
f 4174 4430 4175
f 4335 4431 4336
f 4336 4431 4390
f 4336 4390 4391
f 4391 4390 4389
f 4432 4433 4435
f 4435 4433 4434
f 4437 4438 4436
f 4436 4438 4439
f 4441 4442 4440
f 4440 4442 4443
f 4359 4444 4361
f 4361 4444 4393
f 4446 4447 4445
f 4445 4447 4448
f 4338 4341 4388
f 4388 4341 4449
f 4450 4451 4398
f 4398 4451 4395
f 4453 4454 4452
f 4452 4454 4455
f 4457 4458 4456
f 4456 4458 4459
f 4460 4461 4448
f 4448 4461 4445
f 4463 4464 4462
f 4462 4464 4465
f 4462 4465 4466
f 4466 4465 4467
f 4468 4469 4467
f 4467 4469 4466
f 4469 4468 4470
f 4470 4468 4471
f 4472 4473 4471
f 4471 4473 4470
f 4475 4476 4474
f 4474 4476 4477
f 4479 4480 4478
f 4478 4480 4481
f 4483 4484 4482
f 4482 4484 4485
f 4487 4488 4486
f 4486 4488 4489
f 4491 4492 4490
f 4490 4492 4493
f 4494 4495 4493
f 4493 4495 4490
f 4496 4497 4494
f 4494 4497 4495
f 4497 4496 4498
f 4498 4496 4499
f 4500 4501 4503
f 4503 4501 4502
f 4505 4506 4504
f 4504 4506 4507
f 4466 4508 4462
f 4462 4508 4509
f 4470 4510 4469
f 4469 4510 4511
f 4513 4479 4512
f 4512 4479 4478
f 4515 4443 4514
f 4514 4443 4442
f 4516 4517 4519
f 4519 4517 4518
f 4521 4495 4520
f 4520 4495 4497
f 4522 4490 4521
f 4521 4490 4495
f 4491 4523 4488
f 4488 4523 4524
f 4525 4489 4524
f 4524 4489 4488
f 4484 4526 4485
f 4485 4526 4527
f 4503 4528 4500
f 4500 4528 4529
f 4530 4531 4533
f 4533 4531 4532
f 4535 4506 4534
f 4534 4506 4530
f 4486 4536 4487
f 4487 4536 4537
f 4487 4537 4492
f 4492 4537 4538
f 4494 4539 4496
f 4496 4539 4540
f 4542 4533 4541
f 4541 4533 4499
f 4544 4545 4543
f 4543 4545 4546
f 4548 4549 4547
f 4547 4549 4550
f 4536 4551 4537
f 4537 4551 4552
f 4537 4552 4538
f 4538 4552 4553
f 4554 4539 4556
f 4556 4539 4555
f 4557 4540 4554
f 4554 4540 4539
f 4559 4557 4558
f 4558 4557 4560
f 4540 4557 4541
f 4541 4557 4559
f 4562 4563 4561
f 4561 4563 4564
f 4546 4565 4543
f 4543 4565 4566
f 4547 4567 4548
f 4548 4567 4568
f 4570 4571 4569
f 4569 4571 4572
f 4574 4575 4573
f 4573 4575 4576
f 4578 4579 4577
f 4577 4579 4580
f 4582 4583 4581
f 4581 4583 4584
f 4585 4586 4588
f 4588 4586 4587
f 4589 4585 4590
f 4590 4585 4588
f 4592 4593 4591
f 4591 4593 4594
f 4596 4597 4595
f 4595 4597 4598
f 4600 4601 4599
f 4599 4601 4602
f 4563 4604 4603
f 4603 4604 4605
f 4603 4606 4608
f 4608 4606 4607
f 4609 4610 4594
f 4594 4610 4591
f 4611 4612 4614
f 4614 4612 4613
f 4616 4617 4615
f 4615 4617 4618
f 4602 4620 4619
f 4619 4620 4621
f 4619 4622 4602
f 4602 4622 4599
f 4605 4599 4623
f 4623 4599 4622
f 4605 4623 4603
f 4603 4623 4606
f 4625 4626 4624
f 4624 4626 4627
f 4438 4437 4628
f 4628 4437 4629
f 4442 4441 4630
f 4630 4441 4631
f 4630 4632 4442
f 4442 4632 4514
f 4633 4634 4529
f 4529 4634 4500
f 4500 4634 4501
f 4501 4634 4635
f 4637 4546 4636
f 4636 4546 4545
f 4639 4565 4638
f 4638 4565 4640
f 4573 4576 4641
f 4641 4576 4642
f 4593 4643 4594
f 4594 4643 4644
f 4645 4609 4644
f 4644 4609 4594
f 4647 4648 4646
f 4646 4648 4649
f 4651 4652 4650
f 4650 4652 4653
f 4654 4498 4519
f 4519 4498 4532
f 4520 4508 4521
f 4521 4508 4511
f 4522 4510 4523
f 4523 4510 4655
f 4524 4656 4525
f 4525 4656 4657
f 4514 4529 4515
f 4515 4529 4528
f 4658 4659 4661
f 4661 4659 4660
f 4496 4540 4499
f 4499 4540 4541
f 4493 4555 4494
f 4494 4555 4539
f 4549 4483 4550
f 4550 4483 4482
f 4545 4544 4501
f 4501 4544 4502
f 4636 4545 4635
f 4635 4545 4501
f 4589 4663 4662
f 4662 4663 4664
f 4662 4665 4558
f 4558 4665 4559
f 4569 4586 4570
f 4570 4586 4560
f 4552 4666 4553
f 4553 4666 4667
f 4668 4669 4670
f 4670 4669 4666
f 4672 4673 4671
f 4671 4673 4674
f 4287 4675 4288
f 4288 4675 4676
f 4678 4679 4677
f 4677 4679 4680
f 4681 4678 4682
f 4682 4678 4677
f 4682 4683 4681
f 4681 4683 4684
f 4161 4164 4685
f 4685 4164 4686
f 4414 4687 4689
f 4689 4687 4688
f 4405 4690 4346
f 4346 4690 4347
f 4691 4399 4693
f 4693 4399 4692
f 1209 4694 4365
f 4365 4694 4366
f 4650 1211 4651
f 4651 1211 1210
f 4695 4696 4255
f 4255 4696 4256
f 4697 4698 4218
f 4218 4698 4215
f 4700 4701 4699
f 4699 4701 4702
f 4703 4704 4303
f 4303 4704 4300
f 4315 3922 4316
f 4316 3922 3945
f 4653 4706 4705
f 4705 4706 4707
f 4709 4710 4708
f 4708 4710 4711
f 4335 4334 4713
f 4713 4334 4712
f 4714 4340 4321
f 4321 4340 4322
f 4716 4717 4715
f 4715 4717 4718
f 4238 4241 4719
f 4719 4241 4720
f 4231 4721 4307
f 4307 4721 4308
f 4723 4724 4722
f 4722 4724 4725
f 4727 4728 4726
f 4726 4728 4729
f 4730 4731 4327
f 4327 4731 4328
f 4733 4734 4732
f 4732 4734 4735
f 4720 4381 4736
f 4736 4381 4737
f 4738 4739 4741
f 4741 4739 4740
f 4743 4744 4742
f 4742 4744 4745
f 4338 4390 4339
f 4339 4390 4431
f 4746 4747 4431
f 4431 4747 4339
f 4291 4332 4289
f 4289 4332 4317
f 4289 4209 4291
f 4291 4209 4286
f 4287 4286 4210
f 4210 4286 4209
f 4749 4750 4748
f 4748 4750 4751
f 4212 4284 4752
f 4752 4284 4753
f 4752 4754 4212
f 4212 4754 4213
f 4252 4251 4225
f 4225 4251 4226
f 4227 4230 4248
f 4248 4230 4249
f 4205 4755 4757
f 4757 4755 4756
f 4708 4711 4758
f 4758 4711 4647
f 4367 4366 4759
f 4759 4366 4760
f 4526 4513 4527
f 4527 4513 4512
f 4420 4423 4385
f 4385 4423 4386
f 4705 4761 4653
f 4653 4761 4650
f 4761 1279 4650
f 4650 1279 1211
f 4762 4763 3944
f 3944 4763 3936
f 4274 4273 4765
f 4765 4273 4764
f 4767 4768 4766
f 4766 4768 4769
f 4770 4771 4769
f 4769 4771 4766
f 4771 4770 4242
f 4242 4770 4243
f 4093 4163 4094
f 4094 4163 4162
f 4772 4773 4775
f 4775 4773 4774
f 4777 4778 4776
f 4776 4778 4779
f 4417 4185 4182
f 4182 4185 4184
f 4780 4078 4781
f 4781 4078 4077
f 4781 4077 4782
f 4782 4077 4189
f 4188 4783 4189
f 4189 4783 4782
f 4295 4232 4307
f 4307 4232 4231
f 4785 4786 4784
f 4784 4786 4787
f 4784 1307 4785
f 4785 1307 1306
f 4078 4780 4096
f 4096 4780 4097
f 4075 4074 4310
f 4310 4074 4788
f 4788 4074 4789
f 4789 4074 4191
f 4789 4191 4059
f 4059 4191 4790
f 4791 4277 4792
f 4792 4277 4278
f 3732 3735 4793
f 4793 3735 4313
f 4793 4794 3732
f 3732 4794 3731
f 4792 4795 4791
f 4791 4795 4796
f 4797 4798 4799
f 4799 4798 4724
f 4763 4800 3936
f 3936 4800 3935
f 4801 4062 3729
f 3729 4062 3730
f 4713 4712 4802
f 4802 4712 4803
f 4146 4804 4119
f 4119 4804 4805
f 4498 4654 4497
f 4497 4654 4520
f 4806 4807 1326
f 1326 4807 1327
f 4689 4688 1330
f 1330 4688 1331
f 4801 4789 4062
f 4062 4789 4059
f 3730 4062 4808
f 4808 4062 4061
f 4810 4811 4809
f 4809 4811 4812
f 4813 4403 4814
f 4814 4403 4345
f 4815 4816 4349
f 4349 4816 4350
f 4817 4818 4820
f 4820 4818 4819
f 4406 4821 4407
f 4407 4821 4822
f 4823 4161 4824
f 4824 4161 4685
f 4181 4414 4825
f 4825 4414 4689
f 4741 4740 4826
f 4826 4740 4827
f 4828 4829 4827
f 4827 4829 4826
f 4142 4141 4415
f 4415 4141 4148
f 4830 1354 4761
f 4761 1354 1279
f 4832 4833 4831
f 4831 4833 4834
f 4835 4836 4626
f 4626 4836 4421
f 4451 4709 4395
f 4395 4709 4708
f 4627 4420 4837
f 4837 4420 4385
f 4837 1365 4838
f 4838 1365 1364
f 4397 4396 4839
f 4839 4396 4840
f 4842 4628 4841
f 4841 4628 4629
f 4671 4674 4631
f 4631 4674 4630
f 4674 4659 4630
f 4630 4659 4632
f 4633 4632 4658
f 4658 4632 4659
f 4658 4504 4633
f 4633 4504 4634
f 4635 4634 4507
f 4507 4634 4504
f 4843 4636 4507
f 4507 4636 4635
f 4844 4637 4843
f 4843 4637 4636
f 4637 4844 4640
f 4640 4844 4664
f 4638 4663 4642
f 4642 4663 4845
f 4847 4643 4846
f 4846 4643 4641
f 4644 4848 4645
f 4645 4848 4849
f 4851 4852 4850
f 4850 4852 4853
f 4855 4856 4854
f 4854 4856 4857
f 4859 4860 4858
f 4858 4860 4857
f 4715 4718 4859
f 4859 4718 4860
f 4862 4863 4861
f 4861 4863 4864
f 4866 4867 4865
f 4865 4867 4868
f 4870 4871 4869
f 4869 4871 4872
f 4869 4872 4116
f 4116 4872 4117
f 4820 4819 4874
f 4874 4819 4873
f 4876 4877 4875
f 4875 4877 4878
f 4880 4881 4879
f 4879 4881 4882
f 4884 4885 4883
f 4883 4885 4886
f 4887 4888 4280
f 4280 4888 4281
f 4818 4817 4889
f 4889 4817 4890
f 4891 4193 4823
f 4823 4193 4192
f 4892 4893 4228
f 4228 4893 4229
f 4158 4157 4894
f 4894 4157 4895
f 4896 4897 4132
f 4132 4897 4133
f 4099 4683 4100
f 4100 4683 4682
f 4101 4100 4899
f 4899 4100 4898
f 4150 4106 4147
f 4147 4106 4900
f 4100 4682 4898
f 4898 4682 4677
f 4080 4082 4187
f 4187 4082 4184
f 4077 4080 4189
f 4189 4080 4187
f 4191 4190 4790
f 4790 4190 4901
f 4177 4158 4680
f 4680 4158 4894
f 4108 4136 4752
f 4752 4136 4754
f 4752 4753 4108
f 4108 4753 4109
f 4817 4902 4890
f 4890 4902 4903
f 4904 4905 4907
f 4907 4905 4906
f 4909 4910 4908
f 4908 4910 4911
f 4913 4914 4912
f 4912 4914 4915
f 4916 4917 4919
f 4919 4917 4918
f 4312 4424 4299
f 4299 4424 4304
f 4920 4921 4297
f 4297 4921 4298
f 4194 4922 4167
f 4167 4922 4923
f 4924 4400 4691
f 4691 4400 4399
f 4395 4708 4396
f 4396 4708 4758
f 4367 4925 4368
f 4368 4925 4926
f 4919 4918 4873
f 4873 4918 4874
f 4836 4927 4421
f 4421 4927 4422
f 4921 4928 4298
f 4298 4928 4311
f 4143 4146 4122
f 4122 4146 4119
f 4929 4930 4455
f 4455 4930 4452
f 4932 4933 4931
f 4931 4933 4934
f 4935 4936 4932
f 4932 4936 4933
f 4461 4460 4457
f 4457 4460 4458
f 4480 4479 4475
f 4475 4479 4476
f 4660 4673 4517
f 4517 4673 4937
f 4661 4505 4658
f 4658 4505 4504
f 4484 4483 4489
f 4489 4483 4486
f 4462 4509 4463
f 4463 4509 4518
f 4469 4511 4466
f 4466 4511 4508
f 4655 4473 4656
f 4656 4473 4477
f 4476 4657 4477
f 4477 4657 4656
f 4479 4513 4476
f 4476 4513 4657
f 4489 4525 4484
f 4484 4525 4526
f 4483 4549 4486
f 4486 4549 4536
f 4549 4548 4536
f 4536 4548 4551
f 4548 4568 4551
f 4551 4568 4670
f 4663 4589 4845
f 4845 4589 4590
f 4668 4577 4938
f 4938 4577 4580
f 4940 4938 4939
f 4939 4938 4941
f 4940 4942 4669
f 4669 4942 4943
f 4587 4582 4944
f 4944 4582 4581
f 4848 4847 4608
f 4608 4847 4564
f 4616 4945 4613
f 4613 4945 4598
f 4615 4946 4616
f 4616 4946 4945
f 4947 4939 4948
f 4948 4939 4946
f 4599 4605 4600
f 4600 4605 4604
f 4608 4607 4848
f 4848 4607 4849
f 4613 4612 4616
f 4616 4612 4617
f 4835 4949 4709
f 4709 4949 4710
f 4357 1477 4837
f 4837 1477 1365
f 4712 4950 4803
f 4803 4950 4951
f 4401 4952 4402
f 4402 4952 4953
f 4759 4760 4402
f 4402 4760 4399
f 4508 4520 4509
f 4509 4520 4654
f 4510 4522 4511
f 4511 4522 4521
f 4513 4526 4657
f 4657 4526 4525
f 4632 4633 4514
f 4514 4633 4529
f 4931 4934 4453
f 4453 4934 4454
f 4153 4954 4154
f 4154 4954 4955
f 4957 4958 4956
f 4956 4958 4959
f 4961 4962 4960
f 4960 4962 4963
f 4120 4964 4210
f 4210 4964 4965
f 4967 4968 4966
f 4966 4968 4969
f 4349 4692 4815
f 4815 4692 4970
f 4652 4971 4653
f 4653 4971 4706
f 4758 4647 4972
f 4972 4647 4646
f 4973 4363 4646
f 4646 4363 4972
f 4950 4360 4974
f 4974 4360 4364
f 4431 4335 4746
f 4746 4335 4713
f 4358 4714 4325
f 4325 4714 4321
f 4765 4764 4266
f 4266 4764 4975
f 4202 4976 4203
f 4203 4976 4977
f 4917 4978 4918
f 4918 4978 4979
f 4279 4282 4854
f 4854 4282 4269
f 4820 4880 4817
f 4817 4880 4902
f 4890 4903 4980
f 4980 4903 4886
f 4982 4983 4981
f 4981 4983 4123
f 4795 4851 4796
f 4796 4851 4850
f 4918 4979 4874
f 4874 4979 4881
f 4809 4404 4810
f 4810 4404 4403
f 4354 4985 4984
f 4984 4985 4986
f 1364 1516 4838
f 4838 1516 4987
f 4759 4988 4367
f 4367 4988 4925
f 4989 4990 4481
f 4481 4990 4478
f 4443 4515 4990
f 4990 4515 4991
f 4527 4512 4992
f 4992 4512 4991
f 4528 4503 4992
f 4992 4503 4993
f 4993 4994 4485
f 4485 4994 4482
f 4544 4995 4502
f 4502 4995 4994
f 4995 4996 4550
f 4550 4996 4547
f 4998 4999 4997
f 4997 4999 4566
f 4998 5000 4578
f 4578 5000 4579
f 5001 5002 4596
f 4596 5002 4597
f 5003 4591 5004
f 5004 4591 4610
f 4626 4421 4627
f 4627 4421 4420
f 4837 4838 4627
f 4627 4838 4624
f 4761 4705 4830
f 4830 4705 5005
f 4705 4707 5005
f 5005 4707 5006
f 4308 4721 4075
f 4075 4721 4076
f 5007 4200 4797
f 4797 4200 4798
f 4685 4686 5008
f 5008 4686 5009
f 4889 4890 5010
f 5010 4890 4980
f 4323 1541 4324
f 4324 1541 1540
f 4385 4384 4358
f 4358 4384 4714
f 4396 4758 4840
f 4840 4758 4972
f 4866 4852 5011
f 5011 4852 5012
f 5013 4260 4980
f 4980 4260 5010
f 4875 4878 5014
f 5014 4878 5015
f 5017 5018 5016
f 5016 5018 5019
f 5016 5019 5020
f 5020 5019 5021
f 5023 5024 5022
f 5022 5024 5025
f 5027 5028 5026
f 5026 5028 5029
f 5031 5032 5030
f 5030 5032 5033
f 5035 5036 5034
f 5034 5036 5037
f 5039 5040 5038
f 5038 5040 5041
f 5043 5044 5042
f 5042 5044 5045
f 5038 5046 5039
f 5039 5046 5047
f 5049 5050 5048
f 5048 5050 5051
f 5053 5054 5052
f 5052 5054 5055
f 5057 5024 5056
f 5056 5024 5058
f 5060 5061 5059
f 5059 5061 5062
f 5064 5065 5063
f 5063 5065 5066
f 5043 5050 5064
f 5064 5050 5065
f 5038 5041 5067
f 5067 5041 5068
f 5070 5071 5069
f 5069 5071 5072
f 5074 5075 5073
f 5073 5075 5076
f 5034 5077 5035
f 5035 5077 5078
f 5080 5081 5079
f 5079 5081 5082
f 5084 5085 5083
f 5083 5085 5086
f 5085 5084 5087
f 5087 5084 5088
f 5090 5091 5089
f 5089 5091 5092
f 5094 5095 5093
f 5093 5095 5096
f 5098 5099 5097
f 5097 5099 5100
f 5102 5103 5101
f 5101 5103 5104
f 5105 5106 5108
f 5108 5106 5107
f 5110 5111 5109
f 5109 5111 5112
f 5114 5094 5113
f 5113 5094 5093
f 5116 5117 5115
f 5115 5117 5118
f 5120 5121 5119
f 5119 5121 5122
f 5124 5125 5123
f 5123 5125 5126
f 5128 5129 5127
f 5127 5129 5130
f 5097 5131 5098
f 5098 5131 5132
f 5134 5135 5133
f 5133 5135 5122
f 5084 5125 5088
f 5088 5125 5136
f 5138 5139 5137
f 5137 5139 5140
f 5142 5102 5141
f 5141 5102 5101
f 5106 5143 5107
f 5107 5143 5144
f 5146 5147 5145
f 5145 5147 5148
f 5149 5150 5109
f 5109 5150 5110
f 5151 5110 5152
f 5152 5110 5150
f 4715 5140 4716
f 4716 5140 5139
f 5143 4870 5144
f 5144 4870 4869
f 4115 5146 4116
f 4116 5146 5145
f 4791 4796 5149
f 5149 4796 5150
f 4796 4850 5150
f 5150 4850 5152
f 4858 5142 4859
f 4859 5142 5141
f 5153 5154 5115
f 5115 5154 5105
f 5156 5157 5155
f 5155 5157 5158
f 5159 5160 5053
f 5053 5160 5054
f 5161 5162 5020
f 5020 5162 5068
f 5026 5029 5163
f 5163 5029 5021
f 5083 5086 5164
f 5164 5086 5165
f 5090 5167 5166
f 5166 5167 5168
f 5169 5170 5172
f 5172 5170 5171
f 5174 5175 5173
f 5173 5175 5176
f 5177 5109 5178
f 5178 5109 5112
f 5179 5180 5182
f 5182 5180 5181
f 5123 5126 5120
f 5120 5126 5121
f 5180 5167 5181
f 5181 5167 5183
f 5184 5185 5179
f 5179 5185 5180
f 5186 5149 5177
f 5177 5149 5109
f 4868 5184 4865
f 4865 5184 5179
f 5188 5189 5187
f 5187 5189 5190
f 4277 4791 5186
f 5186 4791 5149
f 5179 5182 4865
f 4865 5182 4853
f 5189 4862 5190
f 5190 4862 4861
f 5156 5075 5191
f 5191 5075 5192
f 5036 5035 5193
f 5193 5035 5194
f 5115 5118 5153
f 5153 5118 5195
f 5022 5025 5196
f 5196 5025 5197
f 5155 5158 5069
f 5069 5158 5062
f 5063 5066 5198
f 5198 5066 5199
f 5073 5076 5200
f 5200 5076 5072
f 5202 5131 5201
f 5201 5131 5203
f 5143 5106 5204
f 5204 5106 5205
f 5114 5113 5206
f 5206 5113 5127
f 5098 5132 5193
f 5193 5132 5195
f 5204 5207 5143
f 5143 5207 4870
f 5088 5136 5208
f 5208 5136 5092
f 5209 5210 5089
f 5089 5210 5183
f 5211 5018 5060
f 5060 5018 5061
f 5017 5040 5070
f 5070 5040 5071
f 5191 5160 5156
f 5156 5160 5157
f 5048 5028 5049
f 5049 5028 5058
f 5207 5204 4858
f 4858 5204 5142
f 4859 5141 4715
f 4715 5141 5140
f 5212 5162 5042
f 5042 5162 5051
f 5182 5152 4853
f 4853 5152 4850
f 5214 5134 5213
f 5213 5134 5133
f 5164 5165 5133
f 5133 5165 5213
f 5215 5216 5201
f 5201 5216 5217
f 5147 5218 5148
f 5148 5218 5219
f 5147 5177 5218
f 5218 5177 5178
f 5141 5101 5140
f 5140 5101 5137
f 5201 5217 5202
f 5202 5217 5104
f 5146 5186 5147
f 5147 5186 5177
f 4277 5186 4115
f 4115 5186 5146
f 5191 5192 5031
f 5031 5192 5032
f 5052 5055 5220
f 5220 5055 5197
f 4116 5145 4869
f 4869 5145 5144
f 5034 5037 5214
f 5214 5037 5134
f 5097 5100 5114
f 5114 5100 5094
f 5108 5107 5219
f 5219 5107 5148
f 5221 5135 5116
f 5116 5135 5117
f 5124 5111 5209
f 5209 5111 5210
f 5107 5144 5148
f 5148 5144 5145
f 5152 5182 5151
f 5151 5182 5181
f 5208 5222 5088
f 5088 5222 5087
f 5222 5208 5171
f 5171 5208 5172
f 5223 1756 4698
f 4698 1756 1755
f 4427 5224 4107
f 4107 5224 4135
f 4178 4679 5225
f 5225 4679 5226
f 5227 5228 4892
f 4892 5228 4893
f 5229 5230 4171
f 4171 5230 4172
f 4855 4268 4884
f 4884 4268 4885
f 4884 4871 4855
f 4855 4871 4856
f 4684 5231 4896
f 4896 5231 4897
f 4768 4767 5009
f 5009 4767 5008
f 5205 5154 5102
f 5102 5154 5103
f 5099 5098 5194
f 5194 5098 5193
f 5198 5199 5079
f 5079 5199 5033
f 5102 5142 5205
f 5205 5142 5204
f 5224 4427 4681
f 4681 4427 4678
f 3712 3711 5232
f 5232 3711 5233
f 3968 3988 3963
f 3963 3988 3964
f 3976 4044 3972
f 3972 4044 3985
f 4038 4037 4036
f 4036 4037 4033
f 4794 4762 3731
f 3731 4762 3944
f 3731 3944 3722
f 3722 3944 3810
f 3874 5234 5232
f 5232 5234 3712
f 3906 3905 3867
f 3867 3905 4011
f 3904 4023 3905
f 3905 4023 4011
f 3719 3722 3811
f 3811 3722 3810
f 3812 3719 3687
f 3687 3719 3811
f 3716 3812 3686
f 3686 3812 3687
f 3713 3716 3685
f 3685 3716 3686
f 4810 4403 5235
f 5235 4403 4813
f 4345 1770 4814
f 4814 1770 1769
f 4067 4066 4058
f 4058 4066 5236
f 4043 4068 4049
f 4049 4068 4050
f 4034 5237 3989
f 3989 5237 3990
f 4031 4030 4072
f 4072 4030 4005
f 4003 4004 4002
f 4002 4004 4032
f 4004 4005 4032
f 4032 4005 4030
f 4067 4064 4068
f 4068 4064 4050
f 4058 4057 4067
f 4067 4057 4064
f 4035 4034 5238
f 5238 4034 3989
f 5236 5239 4058
f 4058 5239 5240
f 5234 3874 5241
f 5241 3874 3873
f 5241 3873 3881
f 3881 3873 3878
f 4800 4763 4788
f 4788 4763 4310
f 4763 4762 4310
f 4310 4762 4309
f 4762 4794 4309
f 4309 4794 4306
f 4794 4793 4306
f 4306 4793 4292
f 4293 4313 4302
f 4302 4313 4314
f 4302 4314 4303
f 4303 4314 4315
f 4303 4315 4703
f 4703 4315 4316
f 4035 4069 4043
f 4043 4069 4068
f 4324 1540 4357
f 4357 1540 1477
f 5232 3987 3874
f 3874 3987 3871
f 3987 5232 4013
f 4013 5232 5233
f 4013 5233 4014
f 4014 5233 5242
f 3888 4015 3865
f 3865 4015 4007
f 3866 4008 5243
f 5243 4008 4016
f 3873 5244 3878
f 3878 5244 3875
f 3965 5244 3872
f 3872 5244 3873
f 3876 3875 3965
f 3965 3875 5244
f 5243 4016 5242
f 5242 4016 4014
f 5246 5247 5245
f 5245 5247 5248
f 3576 3950 3577
f 3577 3950 3926
f 3584 3842 3585
f 3585 3842 3580
f 5249 5247 1784
f 1784 5247 1785
f 5250 5251 5253
f 5253 5251 5252
f 5255 5252 5254
f 5254 5252 5256
f 5254 5256 5258
f 5258 5256 5257
f 5258 5257 5260
f 5260 5257 5259
f 4356 5261 4424
f 4424 5261 5259
f 4355 5262 4356
f 4356 5262 5261
f 4924 5264 5263
f 5263 5264 5265
f 4693 5266 4691
f 4691 5266 5267
f 4351 5268 4352
f 4352 5268 5269
f 1808 1807 4351
f 4351 1807 5268
f 3580 3842 3581
f 3799 3802 3838
f 4800 4788 4801
f 4801 4788 4789
f 3729 3935 4801
f 4801 3935 4800
f 3728 3666 3729
f 3729 3666 3935
f 3728 3798 3666
f 3666 3798 3663
f 3798 3818 3663
f 3663 3818 3809
f 3818 3817 3809
f 3809 3817 3808
f 3796 3655 3817
f 3817 3655 3808
f 3615 3568 3796
f 3796 3568 3655
f 3573 3569 3615
f 3615 3569 3568
f 3572 3613 3573
f 3573 3613 3569
f 3792 3606 3572
f 3572 3606 3613
f 3607 3791 3949
f 3949 3791 3591
f 3590 3950 3591
f 3591 3950 3949
f 3805 3926 3590
f 3590 3926 3950
f 3804 3559 3805
f 3805 3559 3926
f 3804 3914 3559
f 3559 3914 3560
f 3924 3789 3913
f 3913 3789 3788
f 3924 3928 3789
f 3789 3928 3826
f 3928 3927 3826
f 3826 3927 3827
f 3927 3834 3827
f 3827 3834 3835
f 4079 4078 5270
f 5270 4078 5007
f 5271 5272 4233
f 4233 5272 5273
f 5275 5276 5274
f 5274 5276 5277
f 5278 5279 4236
f 4236 5279 4237
f 5278 5280 5271
f 5271 5280 5272
f 4235 5281 4236
f 4236 5281 5282
f 5284 5285 5283
f 5283 5285 5286
f 5288 5289 5287
f 5287 5289 5290
f 5292 5293 5291
f 5291 5293 5294
f 5287 5290 4726
f 4726 5290 5295
f 4293 4292 4313
f 4313 4292 4793
f 4720 4736 4719
f 4719 4736 5296
f 5297 4909 5298
f 5298 4909 4908
f 5299 5300 4976
f 4976 5300 5301
f 5302 4202 5303
f 5303 4202 4201
f 5304 5305 4983
f 4983 5305 5306
f 5308 5309 5307
f 5307 5309 5310
f 4722 4725 5283
f 5283 4725 5311
f 5291 5294 4125
f 4125 5294 4126
f 5313 5314 5312
f 5312 5314 5315
f 5316 5317 5319
f 5319 5317 5318
f 5321 5308 5320
f 5320 5308 5307
f 4819 4981 4873
f 4873 4981 5322
f 4981 4123 5322
f 5322 4123 4126
f 5324 5325 5323
f 5323 5325 5326
f 4764 5327 4975
f 4975 5327 5328
f 4172 5327 4169
f 4169 5327 5329
f 4768 4171 4769
f 4769 4171 4170
f 4243 4755 4244
f 4244 4755 5330
f 4755 4205 5330
f 5330 4205 4208
f 4206 4906 4207
f 4207 4906 4905
f 4686 5014 5009
f 5009 5014 5229
f 4756 4770 4170
f 4170 4770 4769
f 4170 4169 4756
f 4756 4169 4757
f 4273 5329 4764
f 4764 5329 5327
f 4276 5331 4273
f 4273 5331 5329
f 4770 4756 4243
f 4243 4756 4755
f 5333 4889 5332
f 5332 4889 5010
f 4877 5332 4878
f 4878 5332 4259
f 4875 4164 4876
f 4876 4164 4163
f 5334 5335 5324
f 5324 5335 5325
f 4983 5306 4123
f 4123 5306 4124
f 4818 4982 4819
f 4819 4982 4981
f 5332 5010 4259
f 4259 5010 4260
f 5014 4686 4875
f 4875 4686 4164
f 4171 4768 5229
f 5229 4768 5009
f 5337 4916 5336
f 5336 4916 4919
f 5293 5337 5294
f 5294 5337 5336
f 4982 4818 5333
f 5333 4818 4889
f 5338 5339 4262
f 4262 5339 5340
f 5307 5310 5338
f 5338 5310 5339
f 5341 5342 4204
f 4204 5342 5309
f 5336 4919 5322
f 5322 4919 4873
f 5294 5336 4126
f 4126 5336 5322
f 5323 5326 5343
f 5343 5326 5286
f 4914 5344 4915
f 4915 5344 5345
f 5312 5315 5344
f 5344 5315 5345
f 5347 5348 5346
f 5346 5348 5349
f 5350 5351 4832
f 4832 5351 4833
f 5352 5353 5349
f 5349 5353 5346
f 5354 5338 4265
f 4265 5338 4262
f 5320 5307 5354
f 5354 5307 5338
f 4201 5308 5303
f 5303 5308 5321
f 5356 5357 5355
f 5355 5357 4799
f 5358 5359 5334
f 5334 5359 5335
f 5358 5360 4093
f 4093 5360 4163
f 5360 5305 4163
f 4163 5305 4876
f 5305 5304 4876
f 4876 5304 4877
f 5270 4778 4079
f 4079 4778 4081
f 4779 5361 4774
f 4774 5361 5357
f 5356 5359 4775
f 4775 5359 4092
f 5333 5304 4982
f 4982 5304 4983
f 5332 4877 5333
f 5333 4877 5304
f 5015 4258 5230
f 5230 4258 5328
f 5327 4172 5328
f 5328 4172 5230
f 4169 5329 4757
f 4757 5329 5331
f 4757 5331 4205
f 4205 5331 4206
f 5331 4276 4206
f 4206 4276 4906
f 4276 4275 4906
f 4906 4275 4907
f 4275 4888 4907
f 4907 4888 4744
f 4887 4717 4745
f 4745 4717 4864
f 4716 5139 4861
f 4861 5139 5190
f 5139 5138 5190
f 5190 5138 5187
f 5138 5216 5187
f 5187 5216 5176
f 5215 5362 5173
f 5173 5362 5130
f 5364 5365 5363
f 5363 5365 5340
f 4742 4863 5366
f 5366 4863 4867
f 4862 5189 4868
f 4868 5189 5184
f 5189 5188 5184
f 5184 5188 5185
f 5188 5175 5185
f 5185 5175 5168
f 3560 3788 3561
f 3561 3788 3790
f 3596 3595 3608
f 3608 3595 3594
f 3598 3582 3595
f 3595 3582 3592
f 3600 3609 3601
f 3601 3609 3611
f 3602 3601 3612
f 3612 3601 3611
f 3606 3605 3613
f 3613 3605 3614
f 3793 5367 3794
f 3794 5367 5368
f 3598 3597 3600
f 3600 3597 3609
f 3793 3792 3575
f 3575 3792 3572
f 3561 3594 3558
f 3558 3594 3593
f 3807 3915 3804
f 3804 3915 3914
f 3916 3915 5370
f 5370 3915 5369
f 3602 3605 3603
f 3603 3605 3604
f 3606 3792 3607
f 3607 3792 3791
f 3914 3913 3560
f 3560 3913 3788
f 5174 5129 5166
f 5166 5129 5371
f 5170 5169 5093
f 5093 5169 5113
f 5166 5371 5090
f 5090 5371 5091
f 5128 5169 5372
f 5372 5169 5172
f 5127 5113 5128
f 5128 5113 5169
f 5114 5206 5203
f 5203 5206 5362
f 5200 5373 5073
f 5073 5373 5096
f 5374 5375 5200
f 5200 5375 5373
f 5039 5047 5374
f 5374 5047 5375
f 5087 5046 5085
f 5085 5046 5376
f 5212 5377 5067
f 5067 5377 5376
f 5042 5045 5212
f 5212 5045 5377
f 5064 5378 5043
f 5043 5378 5044
f 5063 5077 5064
f 5064 5077 5378
f 5079 5082 5198
f 5198 5082 5078
f 5099 5081 5100
f 5100 5081 5379
f 5100 5379 5094
f 5094 5379 5095
f 5381 5382 5380
f 5380 5382 5383
f 5385 5386 5384
f 5384 5386 5383
f 5385 5387 5386
f 5386 5387 5388
f 5390 5391 5389
f 5389 5391 5392
f 5393 5394 5396
f 5396 5394 5395
f 5398 5399 5397
f 5397 5399 5400
f 5402 5403 5401
f 5401 5403 5404
f 5406 5407 5405
f 5405 5407 5404
f 5408 5409 5163
f 5163 5409 5410
f 5411 5412 5414
f 5414 5412 5413
f 5057 5416 5415
f 5415 5416 5417
f 5393 5416 5418
f 5418 5416 5419
f 5396 5395 5420
f 5420 5395 5421
f 5423 5424 5422
f 5422 5424 5425
f 5415 5417 5220
f 5220 5417 5426
f 5418 5391 5393
f 5393 5391 5394
f 5414 5388 5411
f 5411 5388 5392
f 5059 5427 5060
f 5060 5427 5428
f 5423 5427 5429
f 5429 5427 5430
f 5432 5382 5431
f 5431 5382 5425
f 5429 5407 5423
f 5423 5407 5424
f 5380 5409 5381
f 5381 5409 5433
f 5381 5433 5422
f 5422 5433 5428
f 5027 5412 5056
f 5056 5412 5419
f 5435 5436 5434
f 5434 5436 5437
f 5159 5439 5438
f 5438 5439 5440
f 5053 5436 5159
f 5159 5436 5439
f 5441 5403 5398
f 5398 5403 5399
f 5163 5410 5026
f 5026 5410 5413
f 5438 5440 5442
f 5442 5440 5430
f 5444 5445 5443
f 5443 5445 5446
f 5447 5448 5450
f 5450 5448 5449
f 5451 5446 5452
f 5452 5446 5445
f 5454 5455 5453
f 5453 5455 5451
f 5456 5454 5458
f 5458 5454 5457
f 5460 5461 5459
f 5459 5461 5462
f 5464 5465 5463
f 5463 5465 5466
f 5468 5469 5467
f 5467 5469 5470
f 5472 5473 5471
f 5471 5473 5474
f 5475 5476 5478
f 5478 5476 5477
f 5479 5480 5482
f 5482 5480 5481
f 5483 5484 5448
f 5448 5484 5485
f 5448 5485 5449
f 5449 5485 5486
f 5487 5476 5488
f 5488 5476 5475
f 5490 5491 5489
f 5489 5491 5492
f 5494 5495 5493
f 5493 5495 5496
f 5498 5494 5497
f 5497 5494 5493
f 5500 5501 5499
f 5499 5501 5502
f 5503 5504 5446
f 5446 5504 5443
f 5506 5507 5505
f 5505 5507 5508
f 5510 5511 5509
f 5509 5511 5512
f 5514 5515 5513
f 5513 5515 5516
f 5518 5519 5517
f 5517 5519 5520
f 5495 5521 5496
f 5496 5521 5522
f 5524 5525 5523
f 5523 5525 5526
f 5527 5528 5494
f 5494 5528 5495
f 5499 5502 5529
f 5529 5502 5530
f 5531 5532 5485
f 5485 5532 5486
f 5485 5484 5531
f 5531 5484 5533
f 5482 5481 5534
f 5534 5481 5535
f 5536 5512 5506
f 5506 5512 5511
f 5455 5503 5451
f 5451 5503 5446
f 5467 5470 5511
f 5511 5470 5537
f 5538 5467 5510
f 5510 5467 5511
f 5540 5541 5539
f 5539 5541 5542
f 5543 5544 5546
f 5546 5544 5545
f 5548 5472 5547
f 5547 5472 5471
f 5493 5496 5549
f 5549 5496 5550
f 5496 5522 5550
f 5550 5522 5551
f 5553 5554 5552
f 5552 5554 5555
f 5557 5447 5556
f 5556 5447 5558
f 5557 5483 5447
f 5447 5483 5448
f 5478 5477 5553
f 5553 5477 5559
f 5477 5560 5559
f 5559 5560 5561
f 5476 5562 5477
f 5477 5562 5560
f 5476 5487 5562
f 5562 5487 5563
f 5560 5564 5561
f 5561 5564 5565
f 5564 5560 5566
f 5566 5560 5562
f 5563 5567 5562
f 5562 5567 5566
f 5569 5521 5568
f 5568 5521 5570
f 5481 5572 5571
f 5571 5572 5573
f 5574 5535 5571
f 5571 5535 5481
f 5576 5577 5575
f 5575 5577 5578
f 5579 5580 5456
f 5456 5580 5581
f 5475 5582 5488
f 5488 5582 5583
f 5584 5536 5505
f 5505 5536 5506
f 5585 5586 5588
f 5588 5586 5587
f 5590 5591 5589
f 5589 5591 5592
f 5519 5593 5520
f 5520 5593 5594
f 5595 5596 5462
f 5462 5596 5597
f 5599 5600 5598
f 5598 5600 5514
f 5602 5603 5601
f 5601 5603 5604
f 5524 5543 5525
f 5525 5543 5546
f 5543 5524 5606
f 5606 5524 5605
f 5607 5608 5500
f 5500 5608 5501
f 5610 5551 5609
f 5609 5551 5522
f 5611 5510 5598
f 5598 5510 5509
f 5612 5597 5457
f 5457 5597 5458
f 5510 5611 5538
f 5538 5611 5613
f 5580 5508 5581
f 5581 5508 5507
f 5615 5616 5614
f 5614 5616 5617
f 5619 5620 5618
f 5618 5620 5621
f 5623 5624 5622
f 5622 5624 5625
f 5627 5624 5626
f 5626 5624 5623
f 5629 5630 5628
f 5628 5630 5631
f 5633 5634 5632
f 5632 5634 5466
f 5635 5636 5463
f 5463 5636 5637
f 5523 5638 5524
f 5524 5638 5605
f 5639 5640 5641
f 5641 5640 5595
f 5611 5513 5613
f 5613 5513 5642
f 5643 5586 5608
f 5608 5586 5501
f 5622 5625 5590
f 5590 5625 5591
f 5598 5514 5611
f 5611 5514 5513
f 5645 5646 5644
f 5644 5646 5647
f 5620 5619 5491
f 5491 5619 5648
f 5649 5643 5492
f 5492 5643 5608
f 5650 5651 5653
f 5653 5651 5652
f 5463 5466 5635
f 5635 5466 5634
f 5597 5612 5462
f 5462 5612 5459
f 5635 5634 5523
f 5523 5634 5638
f 5654 5638 5633
f 5633 5638 5634
f 5655 5656 5525
f 5525 5656 5526
f 5658 5659 5657
f 5657 5659 5527
f 5660 5464 5637
f 5637 5464 5463
f 5632 5466 5661
f 5661 5466 5465
f 5661 5662 5632
f 5632 5662 5658
f 5662 5663 5658
f 5658 5663 5659
f 5665 5659 5664
f 5664 5659 5663
f 5632 5658 5633
f 5633 5658 5657
f 5666 5629 5530
f 5530 5629 5667
f 5528 5527 5665
f 5665 5527 5659
f 5668 5669 5570
f 5570 5669 5568
f 5669 5668 5670
f 5670 5668 5671
f 5646 5672 5673
f 5672 5674 5673
f 5673 5674 5675
f 5674 5460 5675
f 5675 5460 5459
f 5461 5676 5462
f 5462 5676 5595
f 5677 5678 5680
f 5680 5678 5679
f 5628 5681 5629
f 5629 5681 5667
f 5682 5529 5667
f 5667 5529 5530
f 5675 5459 5683
f 5683 5459 5612
f 5585 5666 5502
f 5502 5666 5530
f 5589 5684 5602
f 5602 5684 5603
f 5646 5645 5663
f 5663 5645 5664
f 5685 5647 5673
f 5673 5647 5646
f 5686 5687 5683
f 5683 5687 5685
f 5688 5689 5533
f 5533 5689 5531
f 5690 5691 5535
f 5535 5691 5534
f 5692 5690 5574
f 5574 5690 5535
f 5685 5687 5689
f 5689 5687 5693
f 5489 5694 5490
f 5490 5694 5695
f 5690 5692 5696
f 5696 5692 5697
f 5696 5644 5690
f 5690 5644 5691
f 5447 5450 5558
f 5558 5450 5698
f 5699 5700 5642
f 5642 5700 5613
f 5701 5702 5540
f 5540 5702 5541
f 5431 5703 5432
f 5432 5703 5697
f 5385 5384 5574
f 5574 5384 5692
f 5389 5387 5573
f 5573 5387 5571
f 5565 5390 5573
f 5573 5390 5389
f 5390 5565 5704
f 5704 5565 5564
f 5566 5705 5564
f 5564 5705 5704
f 5569 5441 5609
f 5609 5441 5398
f 5568 5405 5569
f 5569 5405 5441
f 5670 5706 5669
f 5669 5706 5406
f 5703 5431 5670
f 5670 5431 5706
f 5432 5697 5384
f 5384 5697 5692
f 5574 5571 5385
f 5385 5571 5387
f 5607 5707 5489
f 5489 5707 5694
f 5518 5708 5519
f 5519 5708 5709
f 5711 5576 5710
f 5710 5576 5575
f 5713 5714 5712
f 5712 5714 5715
f 5553 5552 5478
f 5478 5552 5716
f 5717 5475 5716
f 5716 5475 5478
f 5718 5719 5605
f 5605 5719 5606
f 5505 5622 5584
f 5584 5622 5590
f 5508 5623 5505
f 5505 5623 5622
f 5626 5623 5580
f 5580 5623 5508
f 5580 5579 5626
f 5626 5579 5720
f 5579 5721 5720
f 5720 5721 5722
f 5666 5585 5723
f 5723 5585 5588
f 5724 5725 5639
f 5639 5725 5640
f 5554 5726 5555
f 5555 5726 5727
f 5453 5728 5729
f 5689 5688 5685
f 5685 5688 5647
f 5604 5730 5512
f 5512 5730 5509
f 5628 5631 5618
f 5618 5631 5592
f 5601 5604 5536
f 5536 5604 5512
f 5732 5676 5731
f 5731 5676 5660
f 5730 5604 5733
f 5733 5604 5603
f 5563 5487 5551
f 5551 5487 5550
f 5489 5492 5607
f 5607 5492 5608
f 5573 5572 5565
f 5565 5572 5561
f 5609 5522 5569
f 5569 5522 5521
f 5499 5734 5500
f 5500 5734 5735
f 5596 5736 5721
f 5721 5736 5722
f 5737 5600 5594
f 5594 5600 5520
f 5599 5730 5517
f 5517 5730 5733
f 5660 5738 5731
f 5731 5738 5739
f 5648 5649 5491
f 5491 5649 5492
f 5501 5586 5502
f 5502 5586 5585
f 5525 5546 5655
f 5655 5546 5740
f 5600 5599 5520
f 5520 5599 5517
f 5708 5739 5709
f 5709 5739 5738
f 5636 5635 5526
f 5526 5635 5523
f 5670 5671 5703
f 5703 5671 5741
f 5490 5695 5742
f 5742 5695 5743
f 5682 5678 5744
f 5744 5678 5677
f 5678 5681 5679
f 5679 5681 5621
f 5742 5743 5679
f 5679 5743 5680
f 5618 5621 5628
f 5628 5621 5681
f 5725 5724 5589
f 5589 5724 5684
f 5456 5458 5579
f 5579 5458 5721
f 5675 5683 5673
f 5673 5683 5685
f 5529 5682 5745
f 5745 5682 5744
f 5721 5458 5596
f 5596 5458 5597
f 5701 5540 5719
f 5719 5540 5606
f 5703 5741 5697
f 5697 5741 5696
f 5500 5735 5607
f 5607 5735 5707
f 5549 5746 5493
f 5493 5746 5497
f 5700 5747 5613
f 5613 5747 5538
f 5420 5421 5434
f 5434 5421 5400
f 5689 5693 5531
f 5531 5693 5532
f 5705 5566 5748
f 5748 5566 5567
f 5609 5398 5610
f 5610 5398 5397
f 5669 5406 5568
f 5568 5406 5405
f 5488 5583 5549
f 5549 5583 5746
f 5714 5713 5710
f 5710 5713 5711
f 5747 5468 5538
f 5538 5468 5467
f 5548 5547 5749
f 5749 5547 5750
f 5733 5603 5751
f 5751 5603 5684
f 5589 5602 5590
f 5590 5602 5584
f 5636 5752 5614
f 5614 5752 5615
f 5753 5754 5738
f 5738 5754 5755
f 5602 5601 5584
f 5584 5601 5536
f 5723 5736 5630
f 5630 5736 5640
f 5595 5640 5596
f 5596 5640 5736
f 5734 5499 5745
f 5745 5499 5529
f 5627 5587 5643
f 5643 5587 5586
f 5553 5559 5554
f 5554 5559 5480
f 5559 5561 5480
f 5480 5561 5572
f 5554 5480 5726
f 5726 5480 5479
f 5749 5750 5715
f 5715 5750 5712
f 5683 5612 5686
f 5686 5612 5457
f 5678 5682 5681
f 5681 5682 5667
f 5598 5509 5599
f 5599 5509 5730
f 5679 5621 5742
f 5742 5621 5620
f 5652 5616 5653
f 5653 5616 5615
f 5220 5426 5052
f 5052 5426 5437
f 5487 5488 5550
f 5550 5488 5549
f 5742 5620 5490
f 5490 5620 5491
f 5551 5610 5563
f 5563 5610 5567
f 5610 5397 5567
f 5567 5397 5748
f 5614 5617 5753
f 5753 5617 5754
f 5480 5572 5481
f 5755 5756 5738
f 5738 5756 5709
f 5745 5744 5758
f 5758 5744 5757
f 5745 5758 5734
f 5734 5758 5759
f 5735 5734 5760
f 5760 5734 5759
f 5707 5735 5761
f 5761 5735 5760
f 5744 5677 5757
f 5757 5677 5762
f 5677 5680 5762
f 5762 5680 5763
f 5763 5680 5764
f 5764 5680 5743
f 5765 5766 5762
f 5762 5766 5757
f 5768 5769 5767
f 5767 5769 5770
f 5771 5772 5770
f 5770 5772 5767
f 5770 5769 5774
f 5774 5769 5773
f 5775 5776 5774
f 5774 5776 5777
f 5773 5778 5774
f 5774 5778 5775
f 5779 5766 5773
f 5773 5766 5778
f 5777 5771 5774
f 5774 5771 5770
f 5780 5781 5783
f 5783 5781 5782
f 5781 5780 5771
f 5771 5780 5772
f 5773 5769 5779
f 5779 5769 5768
f 5768 5759 5779
f 5779 5759 5758
f 5768 5784 5759
f 5759 5784 5760
f 5767 5785 5768
f 5768 5785 5784
f 5785 5767 5786
f 5786 5767 5772
f 5766 5779 5757
f 5757 5779 5758
f 5780 5787 5772
f 5772 5787 5786
f 5785 5786 5788
f 5788 5786 5789
f 5786 5787 5789
f 5789 5787 5790
f 5788 5789 5791
f 5791 5789 5792
f 5791 5793 5788
f 5788 5793 5794
f 5795 5792 5790
f 5790 5792 5789
f 5785 5788 5784
f 5784 5788 5794
f 5784 5794 5760
f 5760 5794 5761
f 5787 5780 5796
f 5796 5780 5783
f 5775 5778 5797
f 5797 5778 5766
f 5797 5798 5775
f 5775 5798 5776
f 5766 5765 5797
f 5797 5765 5799
f 5798 5797 5800
f 5800 5797 5799
f 5798 5801 5776
f 5776 5801 5802
f 5707 5761 5694
f 5694 5761 5803
f 5695 5804 5743
f 5743 5804 5764
f 5804 5695 5803
f 5803 5695 5694
f 5803 5793 5804
f 5804 5793 5805
f 5793 5791 5805
f 5805 5791 5806
f 5804 5805 5764
f 5764 5805 5807
f 5803 5761 5793
f 5793 5761 5794
f 5808 5763 5807
f 5807 5763 5764
f 5808 5765 5763
f 5763 5765 5762
f 5809 5799 5808
f 5808 5799 5765
f 5809 5808 5810
f 5810 5808 5807
f 5811 5809 5812
f 5812 5809 5810
f 5805 5806 5807
f 5807 5806 5810
f 5806 5813 5810
f 5810 5813 5812
f 5799 5809 5800
f 5800 5809 5811
f 5815 5800 5814
f 5814 5800 5811
f 5814 5817 5816
f 5816 5817 5818
f 5814 5811 5817
f 5817 5811 5812
f 5814 5816 5815
f 5815 5816 5796
f 5815 5796 5801
f 5801 5796 5783
f 5801 5798 5815
f 5815 5798 5800
f 5791 5792 5806
f 5806 5792 5813
f 5818 5813 5795
f 5795 5813 5792
f 5818 5817 5813
f 5813 5817 5812
f 5816 5818 5790
f 5790 5818 5795
f 5790 5787 5816
f 5816 5787 5796
f 5771 5777 5781
f 5781 5777 5782
f 5782 5802 5783
f 5783 5802 5801
f 5782 5777 5802
f 5802 5777 5776
f 5588 5587 5722
f 5722 5587 5720
f 5591 5619 5592
f 5592 5619 5618
f 5625 5624 5648
f 5648 5624 5649
f 5624 5627 5649
f 5649 5627 5643
f 5631 5630 5725
f 5725 5630 5640
f 5625 5648 5591
f 5591 5648 5619
f 5588 5722 5723
f 5723 5722 5736
f 5631 5725 5592
f 5592 5725 5589
f 5723 5630 5666
f 5666 5630 5629
f 5587 5627 5720
f 5720 5627 5626
f 5820 5821 5819
f 5819 5821 5822
f 5824 5825 5823
f 5823 5825 5826
f 5823 5826 5827
f 5827 5826 5828
f 5829 5830 5832
f 5832 5830 5831
f 5518 5833 5708
f 5708 5833 5834
f 5835 5836 5824
f 5824 5836 5825
f 5838 5839 5837
f 5837 5839 5840
f 5751 5684 5842
f 5842 5684 5841
f 5843 5841 5724
f 5724 5841 5684
f 5845 5846 5844
f 5844 5846 5847
f 5848 5830 5836
f 5836 5830 5825
f 5518 5751 5833
f 5833 5751 5842
f 5839 5838 5821
f 5821 5838 5849
f 5850 5848 5822
f 5822 5848 5836
f 5851 5845 5828
f 5828 5845 5852
f 5854 5855 5853
f 5853 5855 5856
f 5845 5844 5852
f 5852 5844 5857
f 5858 5827 5852
f 5852 5827 5828
f 5851 5828 5829
f 5829 5828 5826
f 5819 5859 5820
f 5820 5859 5860
f 5835 5861 5819
f 5819 5861 5859
f 5851 5829 5862
f 5862 5829 5832
f 5844 5847 5837
f 5837 5847 5834
f 5819 5822 5835
f 5835 5822 5836
f 5823 5863 5824
f 5824 5863 5864
f 5849 5850 5821
f 5821 5850 5822
f 5825 5830 5826
f 5826 5830 5829
f 5820 5860 5865
f 5865 5860 5866
f 5858 5854 5867
f 5867 5854 5853
f 5854 5857 5855
f 5855 5857 5840
f 5855 5865 5856
f 5856 5865 5866
f 5837 5840 5844
f 5844 5840 5857
f 5827 5858 5868
f 5868 5858 5867
f 5824 5864 5835
f 5835 5864 5861
f 5732 5731 5862
f 5862 5731 5846
f 5863 5823 5868
f 5868 5823 5827
f 5843 5831 5848
f 5848 5831 5830
f 5854 5858 5857
f 5857 5858 5852
f 5855 5840 5865
f 5865 5840 5839
f 5865 5839 5820
f 5820 5839 5821
f 5868 5867 5870
f 5870 5867 5869
f 5868 5870 5863
f 5863 5870 5871
f 5863 5871 5864
f 5864 5871 5872
f 5864 5872 5861
f 5861 5872 5873
f 5867 5853 5869
f 5869 5853 5874
f 5853 5856 5874
f 5874 5856 5875
f 5856 5866 5875
f 5875 5866 5876
f 5877 5878 5874
f 5874 5878 5869
f 5880 5881 5879
f 5879 5881 5882
f 5883 5884 5880
f 5880 5884 5881
f 5881 5884 5886
f 5886 5884 5885
f 5887 5888 5886
f 5886 5888 5889
f 5885 5890 5886
f 5886 5890 5887
f 5889 5882 5886
f 5886 5882 5881
f 5882 5891 5879
f 5879 5891 5892
f 5885 5884 5893
f 5893 5884 5883
f 5883 5871 5893
f 5893 5871 5870
f 5883 5894 5871
f 5871 5894 5872
f 5880 5895 5883
f 5883 5895 5894
f 5896 5895 5879
f 5879 5895 5880
f 5893 5878 5885
f 5885 5878 5890
f 5878 5893 5869
f 5869 5893 5870
f 5897 5896 5892
f 5892 5896 5879
f 5895 5896 5898
f 5898 5896 5899
f 5896 5897 5899
f 5899 5897 5900
f 5898 5899 5901
f 5901 5899 5902
f 5901 5903 5898
f 5898 5903 5904
f 5900 5905 5899
f 5899 5905 5902
f 5898 5904 5895
f 5895 5904 5894
f 5894 5904 5872
f 5872 5904 5873
f 5897 5892 5907
f 5907 5892 5906
f 5892 5891 5906
f 5906 5891 5908
f 5887 5890 5909
f 5909 5890 5878
f 5888 5887 5910
f 5910 5887 5909
f 5878 5877 5909
f 5909 5877 5911
f 5909 5911 5910
f 5910 5911 5912
f 5913 5914 5910
f 5910 5914 5888
f 5908 5914 5906
f 5906 5914 5913
f 5861 5873 5859
f 5859 5873 5915
f 5860 5916 5866
f 5866 5916 5876
f 5916 5860 5915
f 5915 5860 5859
f 5915 5903 5916
f 5916 5903 5917
f 5903 5901 5917
f 5917 5901 5918
f 5916 5917 5876
f 5876 5917 5919
f 5903 5915 5904
f 5904 5915 5873
f 5920 5875 5919
f 5919 5875 5876
f 5920 5877 5875
f 5875 5877 5874
f 5920 5921 5877
f 5877 5921 5911
f 5921 5920 5922
f 5922 5920 5919
f 5923 5921 5924
f 5924 5921 5922
f 5917 5918 5919
f 5919 5918 5922
f 5918 5925 5922
f 5922 5925 5924
f 5921 5923 5911
f 5911 5923 5912
f 5927 5912 5926
f 5926 5912 5923
f 5926 5929 5928
f 5928 5929 5930
f 5926 5923 5929
f 5929 5923 5924
f 5926 5928 5927
f 5927 5928 5907
f 5927 5907 5913
f 5913 5907 5906
f 5913 5910 5927
f 5927 5910 5912
f 5901 5902 5918
f 5918 5902 5925
f 5930 5925 5905
f 5905 5925 5902
f 5930 5929 5925
f 5925 5929 5924
f 5928 5930 5900
f 5900 5930 5905
f 5900 5897 5928
f 5928 5897 5907
f 5882 5889 5891
f 5891 5889 5908
f 5908 5889 5914
f 5914 5889 5888
f 5832 5831 5641
f 5641 5831 5639
f 5833 5838 5834
f 5834 5838 5837
f 5842 5841 5849
f 5849 5841 5850
f 5841 5843 5850
f 5850 5843 5848
f 5847 5846 5739
f 5739 5846 5731
f 5842 5849 5833
f 5833 5849 5838
f 5862 5832 5732
f 5732 5832 5641
f 5847 5739 5834
f 5834 5739 5708
f 5862 5846 5851
f 5851 5846 5845
f 5831 5843 5639
f 5639 5843 5724
f 5676 5732 5595
f 5595 5732 5641
f 5676 5461 5660
f 5660 5461 5464
f 5461 5460 5464
f 5464 5460 5465
f 5460 5674 5465
f 5465 5674 5661
f 5931 5932 5934
f 5934 5932 5933
f 5936 5937 5935
f 5935 5937 5938
f 5935 5938 5939
f 5939 5938 5940
f 5942 5943 5941
f 5941 5943 5944
f 5945 5946 5936
f 5936 5946 5937
f 5948 5949 5947
f 5947 5949 5950
f 5951 5952 5519
f 5519 5952 5593
f 5953 5951 5709
f 5709 5951 5519
f 5955 5956 5954
f 5954 5956 5957
f 5958 5942 5946
f 5946 5942 5937
f 5948 5959 5949
f 5949 5959 5933
f 5960 5958 5934
f 5934 5958 5946
f 5961 5955 5940
f 5940 5955 5962
f 5963 5964 5966
f 5966 5964 5965
f 5955 5954 5962
f 5962 5954 5967
f 5968 5939 5962
f 5962 5939 5940
f 5961 5940 5941
f 5941 5940 5938
f 5931 5969 5932
f 5932 5969 5970
f 5945 5971 5931
f 5931 5971 5969
f 5941 5944 5961
f 5961 5944 5972
f 5954 5957 5947
f 5947 5957 5973
f 5945 5931 5946
f 5946 5931 5934
f 5935 5974 5936
f 5936 5974 5975
f 5959 5960 5933
f 5933 5960 5934
f 5937 5942 5938
f 5938 5942 5941
f 5932 5970 5976
f 5976 5970 5977
f 5968 5964 5978
f 5978 5964 5963
f 5965 5964 5950
f 5950 5964 5967
f 5976 5977 5965
f 5965 5977 5966
f 5947 5950 5954
f 5954 5950 5967
f 5939 5968 5979
f 5979 5968 5978
f 5936 5975 5945
f 5945 5975 5971
f 5972 5754 5956
f 5956 5754 5617
f 5974 5935 5979
f 5979 5935 5939
f 5953 5943 5958
f 5958 5943 5942
f 5964 5968 5967
f 5967 5968 5962
f 5965 5950 5976
f 5976 5950 5949
f 5976 5949 5932
f 5932 5949 5933
f 5979 5978 5981
f 5981 5978 5980
f 5979 5981 5974
f 5974 5981 5982
f 5974 5982 5975
f 5975 5982 5983
f 5975 5983 5971
f 5971 5983 5984
f 5978 5963 5980
f 5980 5963 5985
f 5963 5966 5985
f 5985 5966 5986
f 5986 5966 5987
f 5987 5966 5977
f 5988 5989 5985
f 5985 5989 5980
f 5991 5992 5990
f 5990 5992 5993
f 5994 5995 5991
f 5991 5995 5992
f 5992 5995 5997
f 5997 5995 5996
f 5998 5999 5997
f 5997 5999 6000
f 5996 6001 5997
f 5997 6001 5998
f 6000 5993 5997
f 5997 5993 5992
f 6002 6003 5993
f 5993 6003 5990
f 5995 5994 5996
f 5996 5994 6004
f 5994 5982 6004
f 6004 5982 5981
f 5994 6005 5982
f 5982 6005 5983
f 5991 6006 5994
f 5994 6006 6005
f 6006 5991 6007
f 6007 5991 5990
f 5996 6004 6001
f 6001 6004 5989
f 5989 6004 5980
f 5980 6004 5981
f 6003 6008 5990
f 5990 6008 6007
f 6009 6006 6010
f 6010 6006 6007
f 6008 6011 6007
f 6007 6011 6010
f 6012 6009 6013
f 6013 6009 6010
f 6009 6012 6015
f 6015 6012 6014
f 6011 6016 6010
f 6010 6016 6013
f 6006 6009 6005
f 6005 6009 6015
f 6005 6015 5983
f 5983 6015 5984
f 6008 6003 6018
f 6018 6003 6017
f 6003 6002 6017
f 6017 6002 6019
f 5998 6001 6020
f 6020 6001 5989
f 5999 5998 6021
f 6021 5998 6020
f 5989 5988 6020
f 6020 5988 6022
f 6021 6020 6023
f 6023 6020 6022
f 6021 6024 5999
f 5999 6024 6025
f 6019 6025 6017
f 6017 6025 6024
f 5971 5984 5969
f 5969 5984 6026
f 5970 6027 5977
f 5977 6027 5987
f 6027 5970 6026
f 6026 5970 5969
f 6026 6014 6027
f 6027 6014 6028
f 6014 6012 6028
f 6028 6012 6029
f 6027 6028 5987
f 5987 6028 6030
f 6026 5984 6014
f 6014 5984 6015
f 6031 5986 6030
f 6030 5986 5987
f 6031 5988 5986
f 5986 5988 5985
f 6032 6022 6031
f 6031 6022 5988
f 6032 6031 6033
f 6033 6031 6030
f 6034 6032 6035
f 6035 6032 6033
f 6028 6029 6030
f 6030 6029 6033
f 6029 6036 6033
f 6033 6036 6035
f 6032 6034 6022
f 6022 6034 6023
f 6038 6023 6037
f 6037 6023 6034
f 6037 6040 6039
f 6039 6040 6041
f 6037 6034 6040
f 6040 6034 6035
f 6037 6039 6038
f 6038 6039 6018
f 6038 6018 6024
f 6024 6018 6017
f 6024 6021 6038
f 6038 6021 6023
f 6012 6013 6029
f 6029 6013 6036
f 6041 6036 6016
f 6016 6036 6013
f 6041 6040 6036
f 6036 6040 6035
f 6041 6016 6039
f 6039 6016 6011
f 6011 6008 6039
f 6039 6008 6018
f 5993 6000 6002
f 6002 6000 6019
f 6019 6000 6025
f 6025 6000 5999
f 5943 5756 5944
f 5944 5756 5755
f 6042 5948 5973
f 5973 5948 5947
f 5952 5951 5959
f 5959 5951 5960
f 5951 5953 5960
f 5960 5953 5958
f 5616 5957 5617
f 5617 5957 5956
f 6042 5952 5948
f 5948 5952 5959
f 5944 5755 5972
f 5972 5755 5754
f 5957 5616 5973
f 5973 5616 5652
f 5956 5955 5972
f 5972 5955 5961
f 5943 5953 5756
f 5756 5953 5709
f 6044 6045 6043
f 6043 6045 6046
f 6048 6049 6047
f 6047 6049 6050
f 6047 6050 6051
f 6051 6050 6052
f 6054 6055 6053
f 6053 6055 6056
f 6057 6058 6060
f 6060 6058 6059
f 6061 6062 6048
f 6048 6062 6049
f 6063 6064 6066
f 6066 6064 6065
f 6067 6068 6070
f 6070 6068 6069
f 6071 6069 5653
f 5653 6069 6068
f 6072 6073 6075
f 6075 6073 6074
f 6062 6076 6049
f 6049 6076 6054
f 6058 6067 6059
f 6059 6067 6070
f 6064 6077 6065
f 6065 6077 6045
f 6078 6076 6046
f 6046 6076 6062
f 6073 6080 6079
f 6079 6080 6052
f 6082 6083 6081
f 6081 6083 6084
f 6072 6085 6073
f 6073 6085 6080
f 6086 6051 6080
f 6080 6051 6052
f 6079 6052 6053
f 6053 6052 6050
f 6043 6087 6044
f 6044 6087 6088
f 6061 6089 6043
f 6043 6089 6087
f 6053 6056 6079
f 6079 6056 6090
f 6063 6072 6060
f 6060 6072 6075
f 6043 6046 6061
f 6061 6046 6062
f 6047 6091 6048
f 6048 6091 6092
f 6077 6078 6045
f 6045 6078 6046
f 6049 6054 6050
f 6050 6054 6053
f 6044 6088 6093
f 6093 6088 6094
f 6086 6082 6095
f 6095 6082 6081
f 6083 6082 6066
f 6066 6082 6085
f 6093 6094 6083
f 6083 6094 6084
f 6072 6063 6085
f 6085 6063 6066
f 6051 6086 6096
f 6096 6086 6095
f 6048 6092 6061
f 6061 6092 6089
f 5656 5655 6090
f 6090 5655 6074
f 6091 6047 6096
f 6096 6047 6051
f 6071 6055 6076
f 6076 6055 6054
f 6082 6086 6085
f 6085 6086 6080
f 6093 6083 6065
f 6065 6083 6066
f 6044 6093 6045
f 6045 6093 6065
f 6096 6095 6098
f 6098 6095 6097
f 6096 6098 6091
f 6091 6098 6099
f 6091 6099 6092
f 6092 6099 6100
f 6092 6100 6089
f 6089 6100 6101
f 6095 6081 6097
f 6097 6081 6102
f 6081 6084 6102
f 6102 6084 6103
f 6103 6084 6104
f 6104 6084 6094
f 6106 6097 6105
f 6105 6097 6102
f 6107 6108 6110
f 6110 6108 6109
f 6111 6112 6108
f 6108 6112 6109
f 6109 6112 6114
f 6114 6112 6113
f 6114 6115 6117
f 6117 6115 6116
f 6113 6118 6114
f 6114 6118 6115
f 6117 6110 6114
f 6114 6110 6109
f 6110 6119 6107
f 6107 6119 6120
f 6112 6111 6113
f 6113 6111 6121
f 6111 6099 6121
f 6121 6099 6098
f 6111 6122 6099
f 6099 6122 6100
f 6123 6122 6108
f 6108 6122 6111
f 6124 6123 6107
f 6107 6123 6108
f 6113 6121 6118
f 6118 6121 6106
f 6106 6121 6097
f 6097 6121 6098
f 6125 6124 6120
f 6120 6124 6107
f 6126 6123 6127
f 6127 6123 6124
f 6125 6128 6124
f 6124 6128 6127
f 6129 6126 6130
f 6130 6126 6127
f 6126 6129 6132
f 6132 6129 6131
f 6128 6133 6127
f 6127 6133 6130
f 6123 6126 6122
f 6122 6126 6132
f 6122 6132 6100
f 6100 6132 6101
f 6120 6134 6125
f 6125 6134 6135
f 6120 6119 6134
f 6134 6119 6136
f 6115 6118 6137
f 6137 6118 6106
f 6115 6137 6116
f 6116 6137 6138
f 6137 6106 6139
f 6139 6106 6105
f 6138 6137 6140
f 6140 6137 6139
f 6141 6142 6138
f 6138 6142 6116
f 6136 6142 6134
f 6134 6142 6141
f 6089 6101 6087
f 6087 6101 6143
f 6088 6144 6094
f 6094 6144 6104
f 6143 6144 6087
f 6087 6144 6088
f 6131 6145 6143
f 6143 6145 6144
f 6129 6146 6131
f 6131 6146 6145
f 6144 6145 6104
f 6104 6145 6147
f 6143 6101 6131
f 6131 6101 6132
f 6148 6103 6147
f 6147 6103 6104
f 6103 6148 6102
f 6102 6148 6105
f 6148 6149 6105
f 6105 6149 6139
f 6149 6148 6150
f 6150 6148 6147
f 6151 6149 6152
f 6152 6149 6150
f 6145 6146 6147
f 6147 6146 6150
f 6146 6153 6150
f 6150 6153 6152
f 6149 6151 6139
f 6139 6151 6140
f 6155 6140 6154
f 6154 6140 6151
f 6154 6157 6156
f 6156 6157 6158
f 6154 6151 6157
f 6157 6151 6152
f 6154 6156 6155
f 6155 6156 6135
f 6155 6135 6141
f 6141 6135 6134
f 6141 6138 6155
f 6155 6138 6140
f 6146 6129 6153
f 6153 6129 6130
f 6158 6153 6133
f 6133 6153 6130
f 6158 6157 6153
f 6153 6157 6152
f 6156 6158 6128
f 6128 6158 6133
f 6128 6125 6156
f 6156 6125 6135
f 6110 6117 6119
f 6119 6117 6136
f 6136 6117 6142
f 6142 6117 6116
f 6055 5615 6056
f 6056 5615 5752
f 6060 6059 6063
f 6063 6059 6064
f 6077 6070 6078
f 6078 6070 6069
f 6069 6071 6078
f 6078 6071 6076
f 6159 6057 6075
f 6075 6057 6060
f 6059 6070 6064
f 6064 6070 6077
f 6056 5752 6090
f 6090 5752 5656
f 6090 6074 6079
f 6079 6074 6073
f 6055 6071 5615
f 5615 6071 5653
f 5547 5471 6160
f 6160 5471 6161
f 5729 5577 6163
f 6163 5577 6162
f 5577 5576 6162
f 6162 5576 6164
f 5713 6165 5711
f 5711 6165 6166
f 5474 5729 6167
f 6167 5729 6163
f 5750 5547 6168
f 6168 5547 6160
f 5471 5474 6161
f 6161 5474 6167
f 6169 5712 6168
f 6168 5712 5750
f 5711 6166 5576
f 5576 6166 6164
f 6165 5713 6169
f 6169 5713 5712
f 6168 6170 6169
f 6169 6170 6171
f 6169 6171 6165
f 6165 6171 6172
f 6165 6172 6166
f 6166 6172 6173
f 6166 6173 6164
f 6164 6173 6174
f 6168 6160 6170
f 6170 6160 6175
f 6160 6161 6175
f 6175 6161 6176
f 6161 6167 6176
f 6176 6167 6177
f 6179 6170 6178
f 6178 6170 6175
f 6181 6182 6180
f 6180 6182 6183
f 6184 6185 6181
f 6181 6185 6182
f 6186 6187 6185
f 6185 6187 6182
f 6186 6188 6187
f 6187 6188 6189
f 6190 6183 6187
f 6187 6183 6182
f 6183 6190 6191
f 6191 6190 6192
f 6191 6193 6183
f 6183 6193 6180
f 6186 6185 6194
f 6194 6185 6184
f 6184 6172 6194
f 6194 6172 6171
f 6184 6195 6172
f 6172 6195 6173
f 6181 6196 6184
f 6184 6196 6195
f 6196 6181 6197
f 6197 6181 6180
f 6186 6194 6188
f 6188 6194 6179
f 6179 6194 6170
f 6170 6194 6171
f 6193 6198 6180
f 6180 6198 6197
f 6199 6196 6200
f 6200 6196 6197
f 6198 6201 6197
f 6197 6201 6200
f 6202 6199 6203
f 6203 6199 6200
f 6199 6202 6205
f 6205 6202 6204
f 6201 6206 6200
f 6200 6206 6203
f 6196 6199 6195
f 6195 6199 6205
f 6195 6205 6173
f 6173 6205 6174
f 6198 6193 6208
f 6208 6193 6207
f 6193 6191 6207
f 6207 6191 6192
f 6189 6188 6209
f 6209 6188 6179
f 6210 6189 6211
f 6211 6189 6209
f 6209 6179 6212
f 6212 6179 6178
f 6211 6209 6213
f 6213 6209 6212
f 6211 6214 6210
f 6210 6214 6215
f 6192 6215 6207
f 6207 6215 6214
f 6190 6187 6210
f 6210 6187 6189
f 6192 6190 6215
f 6215 6190 6210
f 6162 6164 6216
f 6216 6164 6174
f 6167 6163 6177
f 6177 6163 6217
f 6216 6217 6162
f 6162 6217 6163
f 6204 6218 6216
f 6216 6218 6217
f 6202 6219 6204
f 6204 6219 6218
f 6217 6218 6177
f 6177 6218 6220
f 6216 6174 6204
f 6204 6174 6205
f 6221 6176 6220
f 6220 6176 6177
f 6176 6221 6175
f 6175 6221 6178
f 6221 6222 6178
f 6178 6222 6212
f 6222 6221 6223
f 6223 6221 6220
f 6224 6222 6225
f 6225 6222 6223
f 6218 6219 6220
f 6220 6219 6223
f 6219 6226 6223
f 6223 6226 6225
f 6222 6224 6212
f 6212 6224 6213
f 6228 6213 6227
f 6227 6213 6224
f 6229 6227 6231
f 6231 6227 6230
f 6227 6224 6230
f 6230 6224 6225
f 6227 6229 6228
f 6228 6229 6208
f 6228 6208 6214
f 6214 6208 6207
f 6214 6211 6228
f 6228 6211 6213
f 6219 6202 6226
f 6226 6202 6203
f 6231 6226 6206
f 6206 6226 6203
f 6231 6230 6226
f 6226 6230 6225
f 6229 6231 6201
f 6201 6231 6206
f 6201 6198 6229
f 6229 6198 6208
f 5674 5672 5661
f 5661 5672 5662
f 5662 5672 5663
f 5663 5672 5646
f 5651 6042 5652
f 5652 6042 5973
f 5518 5517 5751
f 5751 5517 5733
f 5738 5660 5753
f 5753 5660 5637
f 5752 5636 5656
f 5656 5636 5526
f 5952 6042 5593
f 5593 6042 5651
f 5593 5651 5594
f 5594 5651 5650
f 5600 5737 5514
f 5514 5737 5515
f 5546 5545 5740
f 5740 5545 6232
f 6232 6058 5740
f 5740 6058 6057
f 6067 6058 6233
f 6233 6058 6232
f 6233 6232 6234
f 6234 6232 5545
f 6234 5545 6235
f 6235 5545 5544
f 5606 6236 5543
f 5543 6236 5544
f 6235 5544 5539
f 5539 5544 6236
f 6237 6235 5542
f 5542 6235 5539
f 6235 6237 6234
f 6234 6237 6238
f 6234 6238 6233
f 6233 6238 6239
f 5653 6068 5650
f 5650 6068 6239
f 5642 5513 6240
f 6240 5513 5516
f 5539 6236 5540
f 5540 6236 5606
f 5636 5614 5637
f 5637 5614 5753
f 6239 5737 5650
f 5650 5737 5594
f 6239 6068 6233
f 6233 6068 6067
f 6075 6074 6159
f 6159 6074 5655
f 6057 6159 5740
f 5740 6159 5655
f 5515 5737 6238
f 6238 5737 6239
f 6238 6237 5515
f 5515 6237 5516
f 5542 6240 6237
f 6237 6240 5516
f 6240 5542 5642
f 5642 5542 5541
f 5702 5699 5541
f 5541 5699 5642
f 5582 5475 5717
f 5470 5443 5537
f 5537 5443 5504
f 5469 5444 5470
f 5470 5444 5443
f 5726 5557 5727
f 5727 5557 5556
f 5537 5504 5511
f 5511 5504 5506
f 5504 5503 5506
f 5506 5503 5507
f 5503 5455 5507
f 5507 5455 5581
f 5455 5454 5581
f 5581 5454 5456
f 5473 5453 5474
f 5474 5453 5729
f 5457 5454 5473
f 5473 5454 5453
f 5473 5472 5457
f 5457 5472 5686
f 5472 5548 5686
f 5686 5548 5687
f 5749 5693 5548
f 5548 5693 5687
f 5715 5532 5749
f 5749 5532 5693
f 5714 5486 5715
f 5715 5486 5532
f 5714 5710 5486
f 5486 5710 5449
f 5728 5578 5729
f 5729 5578 5577
f 5452 5445 5698
f 5698 5445 5558
f 5445 5444 5558
f 5558 5444 5556
f 5444 5469 5556
f 5556 5469 5727
f 5469 5468 5727
f 5727 5468 5555
f 5468 5747 5555
f 5555 5747 5552
f 5747 5700 5552
f 5552 5700 5716
f 5700 5699 5716
f 5716 5699 5717
f 5699 5702 5717
f 5717 5702 5582
f 5702 5701 5582
f 5582 5701 5583
f 5726 5479 5557
f 5557 5479 5483
f 5483 5479 5484
f 5484 5479 5482
f 5534 5533 5482
f 5482 5533 5484
f 5691 5688 5534
f 5534 5688 5533
f 5644 5647 5691
f 5691 5647 5688
f 5719 5746 5701
f 5701 5746 5583
f 5718 5497 5719
f 5719 5497 5746
f 5718 5605 5654
f 5654 5605 5638
f 5498 5654 5657
f 5657 5654 5633
f 5497 5718 5498
f 5498 5718 5654
f 5657 5527 5498
f 5498 5527 5494
f 5528 5570 5495
f 5495 5570 5521
f 5665 5668 5528
f 5528 5668 5570
f 5664 5671 5665
f 5665 5671 5668
f 5645 5741 5664
f 5664 5741 5671
f 5644 5696 5645
f 5645 5696 5741
f 5710 5575 5449
f 5449 5575 5450
f 5575 5578 5450
f 5450 5578 5698
f 5578 5728 5698
f 5698 5728 5452
f 5452 5728 5451
f 5451 5728 5453
f 3619 6241 3620
f 3620 6241 6242
f 6243 6244 3628
f 3628 6244 3629
f 6245 6246 3634
f 3634 6246 3631
f 6247 6248 3636
f 3636 6248 3637
f 6249 6250 3642
f 3642 6250 3639
f 3639 6250 3643
f 3643 6250 6251
f 3743 6252 3744
f 3744 6252 6253
f 6246 6243 3631
f 3631 6243 3628
f 3753 6254 3754
f 3754 6254 6255
f 3857 6256 3619
f 3619 6256 6241
f 6257 6245 3932
f 3932 6245 3634
f 6242 6247 3620
f 3620 6247 3636
f 6258 6259 3946
f 3946 6259 3947
f 6260 6249 3948
f 3948 6249 3642
f 6244 6258 3629
f 3629 6258 3946
f 3947 6259 3753
f 3753 6259 6254
f 6248 6260 3637
f 3637 6260 3948
f 3643 6251 3743
f 3743 6251 6252
f 3744 6253 3932
f 3932 6253 6257
f 6250 6249 6251
f 6251 6249 6252
f 6245 6261 6246
f 6246 6261 6262
f 6263 6264 6247
f 6247 6264 6248
f 6252 6265 6253
f 6253 6265 6266
f 6246 6262 6243
f 6243 6262 6267
f 6268 6261 6257
f 6257 6261 6245
f 6269 6263 6242
f 6242 6263 6247
f 6270 6271 6260
f 6260 6271 6249
f 6264 6270 6248
f 6248 6270 6260
f 6253 6266 6257
f 6257 6266 6268
f 6249 6271 6252
f 6252 6271 6265
f 6254 6259 6272
f 6272 6259 6273
f 6266 6265 6270
f 6270 6265 6271
f 6268 6266 6264
f 6264 6266 6270
f 6261 6268 6263
f 6263 6268 6264
f 6269 6262 6263
f 6263 6262 6261
f 4186 4185 6274
f 6274 4185 6275
f 6241 6276 6242
f 6242 6276 6269
f 6258 6244 6277
f 6277 6244 6278
f 6256 6279 6241
f 6241 6279 6276
f 6259 6258 6273
f 6273 6258 6277
f 6243 6267 6244
f 6244 6267 6278
f 6276 6267 6269
f 6269 6267 6262
f 6254 6272 6255
f 6255 6272 6280
f 3865 3713 3888
f 3888 3713 3685
f 5242 5233 3892
f 3892 5233 3711
f 3900 5243 3892
f 3892 5243 5242
f 3734 3866 3900
f 3900 3866 5243
f 4117 6281 4118
f 4118 6281 6282
f 4118 6282 4278
f 4278 6282 4879
f 4717 4887 4718
f 4718 4887 4280
f 4792 4278 4882
f 4882 4278 4879
f 4795 4792 6283
f 6283 4792 4882
f 4852 4851 5012
f 5012 4851 6284
f 4856 5207 4857
f 4857 5207 4858
f 4860 4279 4857
f 4857 4279 4854
f 4718 4280 4860
f 4860 4280 4279
f 4864 4863 4745
f 4745 4863 4742
f 5366 4867 5011
f 5011 4867 4866
f 4871 4884 4872
f 4872 4884 4883
f 4872 4883 4117
f 4117 4883 6281
f 6284 4851 6283
f 6283 4851 4795
f 4852 4866 4853
f 4853 4866 4865
f 4871 4870 4856
f 4856 4870 5207
f 4717 4716 4864
f 4864 4716 4861
f 4868 4867 4862
f 4862 4867 4863
f 4268 4855 4269
f 4269 4855 4854
f 4281 4274 4282
f 4282 4274 4765
f 4744 4743 4907
f 4907 4743 4904
f 4874 4881 4820
f 4820 4881 4880
f 4885 5013 4886
f 4886 5013 4980
f 4888 4275 4281
f 4281 4275 4274
f 4902 6282 4903
f 4903 6282 6281
f 6283 4979 6284
f 6284 4979 4978
f 4282 4765 4269
f 4269 4765 4266
f 4880 4879 4902
f 4902 4879 6282
f 4903 6281 4886
f 4886 6281 4883
f 4882 4881 6283
f 6283 4881 4979
f 5013 4885 4267
f 4267 4885 4268
f 4888 4887 4744
f 4744 4887 4745
f 4410 6285 4411
f 4411 6285 4812
f 4750 4749 6286
f 6286 4749 6287
f 6289 4695 6288
f 6288 4695 4255
f 4750 4675 4751
f 4751 4675 4965
f 6290 6291 4963
f 4963 6291 4960
f 4807 4806 4411
f 4411 4806 4408
f 6292 6293 4959
f 4959 6293 4956
f 4958 6294 4959
f 4959 6294 4955
f 4962 4964 4963
f 4963 4964 4805
f 4962 4961 4751
f 4751 4961 4748
f 6296 6297 6295
f 6295 6297 6298
f 6299 6300 6288
f 6288 6300 4735
f 6302 4961 6301
f 6301 4961 4960
f 6304 6287 6303
f 6303 6287 4749
f 4968 6305 4969
f 4969 6305 6306
f 4413 6308 6307
f 6307 6308 4900
f 6301 4960 6309
f 6309 4960 6291
f 4412 4408 6310
f 6310 4408 4806
f 4696 6311 4256
f 4256 6311 6312
f 6303 4749 6313
f 6313 4749 4748
f 6313 4748 6302
f 6302 4748 4961
f 6315 6316 6314
f 6314 6316 6317
f 4084 6318 6315
f 6315 6318 6316
f 4083 6319 4084
f 4084 6319 6318
f 4112 6320 4083
f 4083 6320 6319
f 6322 4138 6321
f 6321 4138 4137
f 6324 4128 6323
f 6323 4128 4127
f 4127 4193 6323
f 6323 4193 6325
f 4193 4891 6325
f 6325 4891 6326
f 4891 6327 6326
f 6326 6327 6328
f 6327 4824 5227
f 5227 4824 5228
f 5231 4684 6329
f 6329 4684 4683
f 4683 4099 6329
f 6329 4099 6330
f 4099 4102 6330
f 6330 4102 6331
f 4174 4826 4429
f 4429 4826 4829
f 4173 4741 4174
f 4174 4741 4826
f 4180 4738 4173
f 4173 4738 4741
f 6332 6333 4180
f 4180 6333 4738
f 6274 6334 4186
f 4186 6334 4188
f 4181 4825 4180
f 4180 4825 6332
f 5044 5213 5045
f 5045 5213 5165
f 5046 5087 5047
f 5047 5087 5222
f 5077 5063 5078
f 5078 5063 5198
f 5081 5099 5082
f 5082 5099 5194
f 5095 5074 5096
f 5096 5074 5073
f 5373 5170 5096
f 5096 5170 5093
f 5375 5171 5373
f 5373 5171 5170
f 5047 5222 5375
f 5375 5222 5171
f 5046 5038 5376
f 5376 5038 5067
f 5377 5086 5376
f 5376 5086 5085
f 5045 5165 5377
f 5377 5165 5086
f 5378 5214 5044
f 5044 5214 5213
f 5077 5034 5378
f 5378 5034 5214
f 5082 5194 5078
f 5078 5194 5035
f 5081 5080 5379
f 5379 5080 6335
f 5379 6335 5095
f 5095 6335 5074
f 5032 5080 5033
f 5033 5080 5079
f 5040 5017 5041
f 5041 5017 5016
f 5050 5043 5051
f 5051 5043 5042
f 5065 5023 5066
f 5066 5023 5022
f 5050 5049 5065
f 5065 5049 5023
f 5041 5016 5068
f 5068 5016 5020
f 5071 5374 5072
f 5072 5374 5200
f 5075 5156 5076
f 5076 5156 5155
f 5162 5212 5068
f 5068 5212 5067
f 5075 5074 5192
f 5192 5074 6335
f 5066 5022 5199
f 5199 5022 5196
f 5076 5155 5072
f 5072 5155 5069
f 5040 5039 5071
f 5071 5039 5374
f 5162 5161 5051
f 5051 5161 5048
f 5192 6335 5032
f 5032 6335 5080
f 5199 5196 5033
f 5033 5196 5030
f 5018 5211 5019
f 5019 5211 5408
f 5019 5408 5021
f 5021 5408 5163
f 5024 5057 5025
f 5025 5057 5415
f 5028 5048 5029
f 5029 5048 5161
f 5054 5031 5055
f 5055 5031 5030
f 5024 5023 5058
f 5058 5023 5049
f 5061 5070 5062
f 5062 5070 5069
f 5157 5438 5158
f 5158 5438 5442
f 5160 5191 5054
f 5054 5191 5031
f 5029 5161 5021
f 5021 5161 5020
f 5025 5415 5197
f 5197 5415 5220
f 5158 5442 5062
f 5062 5442 5059
f 5018 5017 5061
f 5061 5017 5070
f 5160 5159 5157
f 5157 5159 5438
f 5028 5027 5058
f 5058 5027 5056
f 5055 5030 5197
f 5197 5030 5196
f 5409 5380 5410
f 5410 5380 6336
f 5026 5413 5027
f 5027 5413 5412
f 5396 5417 5393
f 5393 5417 5416
f 5416 5057 5419
f 5419 5057 5056
f 5417 5396 5426
f 5426 5396 5420
f 5427 5423 5428
f 5428 5423 5422
f 5427 5059 5430
f 5430 5059 5442
f 5409 5408 5433
f 5433 5408 5211
f 5433 5211 5428
f 5428 5211 5060
f 5412 5411 5419
f 5419 5411 5418
f 5436 5053 5437
f 5437 5053 5052
f 5439 5402 5440
f 5440 5402 5401
f 5436 5435 5439
f 5439 5435 5402
f 5410 6336 5413
f 5413 6336 5414
f 5440 5401 5430
f 5430 5401 5429
f 5426 5420 5437
f 5437 5420 5434
f 5382 5432 5383
f 5383 5432 5384
f 5386 6336 5383
f 5383 6336 5380
f 6336 5386 5414
f 5414 5386 5388
f 5391 5418 5392
f 5392 5418 5411
f 5705 5395 5704
f 5704 5395 5394
f 5399 5435 5400
f 5400 5435 5434
f 5403 5441 5404
f 5404 5441 5405
f 5407 5429 5404
f 5404 5429 5401
f 5395 5705 5421
f 5421 5705 5748
f 5424 5706 5425
f 5425 5706 5431
f 5391 5390 5394
f 5394 5390 5704
f 5392 5388 5389
f 5389 5388 5387
f 5382 5381 5425
f 5425 5381 5422
f 5407 5406 5424
f 5424 5406 5706
f 5403 5402 5399
f 5399 5402 5435
f 5421 5748 5400
f 5400 5748 5397
f 4097 4721 4098
f 4098 4721 4231
f 4233 5273 4098
f 4098 5273 4095
f 6337 6338 4785
f 4785 6338 4786
f 4076 4780 4073
f 4073 4780 4781
f 4782 4190 4781
f 4781 4190 4073
f 4783 4901 4782
f 4782 4901 4190
f 4780 4076 4097
f 4097 4076 4721
f 6337 2879 4701
f 4701 2879 2878
f 5280 6339 5272
f 5272 6339 6340
f 5282 5281 6341
f 6341 5281 6342
f 4109 6302 4110
f 4110 6302 6301
f 4283 6304 4284
f 4284 6304 6303
f 6305 4379 6306
f 6306 4379 4378
f 4110 6301 4428
f 4428 6301 6309
f 6310 4688 4412
f 4412 4688 4687
f 4284 6303 4753
f 4753 6303 6313
f 4753 6313 4109
f 4109 6313 6302
f 6343 5226 4428
f 4428 5226 4427
f 4147 4900 4416
f 4416 4900 6308
f 6312 6311 4241
f 4241 6311 4720
f 5223 6344 4702
f 4702 6344 4699
f 4221 4220 6345
f 6345 4220 6346
f 5276 5275 6347
f 6347 5275 6348
f 5275 4728 6348
f 6348 4728 6349
f 4727 6350 5284
f 5284 6350 5285
f 6351 6352 6354
f 6354 6352 6353
f 5313 5312 5292
f 5292 5312 5293
f 5312 5344 5293
f 5293 5344 5337
f 5344 4914 5337
f 5337 4914 4916
f 4914 4913 4916
f 4916 4913 4917
f 4913 6355 4917
f 4917 6355 4978
f 6356 6357 6284
f 6284 6357 5012
f 6357 6358 5012
f 5012 6358 5011
f 5011 6358 5366
f 5366 6358 6359
f 6360 4742 6359
f 6359 4742 5366
f 4743 6361 4904
f 4904 6361 5364
f 5363 4905 5364
f 5364 4905 4904
f 5363 6362 4905
f 4905 6362 4207
f 6362 6363 4207
f 4207 6363 4208
f 6363 5342 4208
f 4208 5342 5330
f 5342 5341 5330
f 5330 5341 4244
f 5341 6364 4244
f 4244 6364 4245
f 6364 6365 4245
f 4245 6365 4246
f 6366 6367 4253
f 4253 6367 4250
f 4214 6368 4211
f 4211 6368 4380
f 4380 4379 4211
f 4211 4379 4283
f 4379 6305 4283
f 4283 6305 6304
f 6305 4968 6304
f 6304 4968 6287
f 4968 4967 6287
f 6287 4967 6286
f 4967 6297 6286
f 6286 6297 4676
f 6296 4376 4288
f 4288 4376 4285
f 4376 4373 4285
f 4285 4373 4290
f 6369 6370 6372
f 6372 6370 6371
f 5245 6373 5246
f 5246 6373 6374
f 4317 6375 4318
f 4318 6375 6376
f 4331 6377 4332
f 4332 6377 6378
f 6379 4333 6376
f 6376 4333 4318
f 4343 6380 4344
f 4344 6380 6381
f 4347 6382 4348
f 4348 6382 6383
f 4374 6371 4331
f 4331 6371 6377
f 4333 6379 4426
f 4426 6379 6384
f 4690 6385 4347
f 4347 6385 6382
f 4332 6378 4317
f 4317 6378 6375
f 4922 6386 4923
f 4923 6386 6387
f 6388 6389 4375
f 4375 6389 6390
f 6355 6356 4978
f 4978 6356 6284
f 4742 6360 4743
f 4743 6360 6361
f 6391 4238 6392
f 6392 4238 4719
f 6392 4719 6393
f 6393 4719 5296
f 6395 6396 6394
f 6394 6396 6397
f 6399 6400 6398
f 6398 6400 6401
f 6402 5302 6403
f 6403 5302 5303
f 5303 5321 6403
f 6403 5321 6404
f 5320 6405 5321
f 5321 6405 6404
f 5319 6406 5350
f 5350 6406 5351
f 5319 5318 6406
f 6406 5318 6407
f 5288 4197 6408
f 6408 4197 6409
f 4217 4216 6410
f 6410 4216 6411
f 5227 6412 6327
f 6327 6412 6328
f 4892 6413 5227
f 5227 6413 6412
f 4228 6414 4892
f 4892 6414 6413
f 4227 6415 4228
f 4228 6415 6414
f 4248 6416 4227
f 4227 6416 6415
f 4247 6417 4248
f 4248 6417 6416
f 6417 4247 6419
f 6419 4247 6418
f 6419 6418 6421
f 6421 6418 6420
f 6422 5301 6423
f 6423 5301 5300
f 6423 5300 6424
f 6424 5300 6399
f 6408 6409 6398
f 6398 6409 6425
f 6426 6427 6397
f 6397 6427 6394
f 6428 4224 6429
f 6429 4224 4223
f 6347 6346 5276
f 5276 6346 4220
f 6346 6347 6341
f 6341 6347 6339
f 5280 5278 5282
f 5282 5278 4236
f 4896 5224 4684
f 4684 5224 4681
f 4132 4135 4896
f 4896 4135 5224
f 4131 4136 4132
f 4132 4136 4135
f 4226 4754 4131
f 4131 4754 4136
f 4251 4213 4226
f 4226 4213 4754
f 4250 4214 4251
f 4251 4214 4213
f 4250 6367 4214
f 4214 6367 6368
f 6367 4910 6368
f 6368 4910 4737
f 4909 5297 4736
f 4736 5297 5296
f 5297 6395 5296
f 5296 6395 6393
f 6427 6430 6394
f 6394 6430 6431
f 6429 4383 6428
f 6428 4383 4382
f 4219 5277 4220
f 4220 5277 5276
f 4222 4697 4383
f 4383 4697 4218
f 6345 4699 4221
f 4221 4699 6344
f 6342 4700 6345
f 6345 4700 4699
f 4235 4786 5281
f 5281 4786 6338
f 4234 4787 4235
f 4235 4787 4786
f 5279 5278 6432
f 6432 5278 5271
f 4237 5279 6433
f 6433 5279 6432
f 4787 4234 6433
f 6433 4234 4237
f 6435 6436 6434
f 6434 6436 6437
f 6359 6438 6360
f 6360 6438 6437
f 6439 6440 6441
f 6441 6440 6438
f 6443 6439 6442
f 6442 6439 6441
f 6357 6356 6442
f 6442 6356 6444
f 6444 6446 6445
f 6445 6446 6447
f 4912 6446 4913
f 4913 6446 6355
f 6361 6436 5364
f 5364 6436 5365
f 5319 5350 5316
f 5316 5350 6448
f 4832 6449 5350
f 5350 6449 6448
f 4831 6450 4832
f 4832 6450 6449
f 5354 6451 5320
f 5320 6451 6405
f 4265 6452 5354
f 5354 6452 6451
f 4264 6453 4265
f 4265 6453 6452
f 6450 4831 6447
f 6447 4831 6445
f 4263 6435 4264
f 4264 6435 6434
f 6454 6453 6439
f 6439 6453 6440
f 6439 6443 6454
f 6454 6443 4834
f 4833 6455 4834
f 4834 6455 6454
f 5351 6456 4833
f 4833 6456 6455
f 6457 6391 6458
f 6458 6391 6392
f 6458 6392 6431
f 6431 6392 6393
f 5298 6396 5297
f 5297 6396 6395
f 6402 6400 5302
f 5302 6400 5299
f 6402 6403 6459
f 6459 6403 6460
f 6460 6403 6461
f 6461 6403 6404
f 6405 6462 6404
f 6404 6462 6461
f 6406 6462 5351
f 5351 6462 6456
f 6406 6407 6462
f 6462 6407 6461
f 6407 6463 6461
f 6461 6463 6460
f 6463 6464 6460
f 6460 6464 6459
f 6464 6465 6459
f 6459 6465 6401
f 6430 6466 6431
f 6431 6466 6458
f 6466 6410 6458
f 6458 6410 6457
f 6410 6411 6457
f 6457 6411 6467
f 6396 6424 6397
f 6397 6424 6425
f 6393 6395 6431
f 6431 6395 6394
f 6451 6456 6405
f 6405 6456 6462
f 6452 6455 6451
f 6451 6455 6456
f 6453 6454 6452
f 6452 6454 6455
f 6443 6445 4834
f 4834 6445 4831
f 6440 6453 6434
f 6434 6453 4264
f 6468 5306 5360
f 5360 5306 5305
f 6469 4124 6468
f 6468 4124 5306
f 6470 4125 6469
f 6469 4125 4124
f 6471 5291 6470
f 6470 5291 4125
f 6353 5292 6471
f 6471 5292 5291
f 5292 6353 5313
f 5313 6353 6352
f 5347 5314 6352
f 6352 5314 5313
f 5353 5318 5346
f 5346 5318 5317
f 5334 6468 5358
f 5358 6468 5360
f 5324 6469 5334
f 5334 6469 6468
f 5323 6470 5324
f 5324 6470 6469
f 5343 6471 5323
f 5323 6471 6470
f 6354 6353 5343
f 5343 6353 6471
f 6348 6349 4270
f 4270 6349 5311
f 5272 6340 5273
f 5273 6340 4272
f 6432 5271 4232
f 4232 5271 4233
f 4294 6432 4295
f 4295 6432 4232
f 6432 4294 6433
f 6433 4294 4301
f 4301 4300 6433
f 6433 4300 4787
f 4704 4784 4300
f 4300 4784 4787
f 4704 3013 4784
f 4784 3013 1307
f 5103 6472 5104
f 5104 6472 5202
f 5108 5116 5105
f 5105 5116 5115
f 5111 5124 5112
f 5112 5124 5123
f 5154 5205 5105
f 5105 5205 5106
f 5167 5180 5168
f 5168 5180 5185
f 5175 5188 5176
f 5176 5188 5187
f 5112 5123 5178
f 5178 5123 5120
f 5167 5090 5183
f 5183 5090 5089
f 5210 5151 5183
f 5183 5151 5181
f 5216 5138 5217
f 5217 5138 5137
f 5218 5119 5219
f 5219 5119 5221
f 5218 5178 5119
f 5119 5178 5120
f 5217 5137 5104
f 5104 5137 5101
f 5116 5108 5221
f 5221 5108 5219
f 5111 5110 5210
f 5210 5110 5151
f 5154 5153 5103
f 5103 5153 6472
f 5216 5215 5176
f 5176 5215 5173
f 5175 5174 5168
f 5168 5174 5166
f 5091 5172 5092
f 5092 5172 5208
f 5117 5037 5118
f 5118 5037 5036
f 5121 5164 5122
f 5122 5164 5133
f 5125 5084 5126
f 5126 5084 5083
f 5129 5174 5130
f 5130 5174 5173
f 5131 5202 5132
f 5132 5202 6472
f 5135 5221 5122
f 5122 5221 5119
f 5125 5124 5136
f 5136 5124 5209
f 5126 5083 5121
f 5121 5083 5164
f 5118 5036 5195
f 5195 5036 5193
f 5131 5097 5203
f 5203 5097 5114
f 5132 6472 5195
f 5195 6472 5153
f 5136 5209 5092
f 5092 5209 5089
f 5135 5134 5117
f 5117 5134 5037
f 5362 5206 5130
f 5130 5206 5127
f 5372 5371 5128
f 5128 5371 5129
f 5371 5372 5091
f 5091 5372 5172
f 5362 5215 5203
f 5203 5215 5201
f 6463 6407 5353
f 5353 6407 5318
f 6464 6463 5352
f 5352 6463 5353
f 6408 6465 5288
f 5288 6465 5289
f 4196 4224 6426
f 6426 4224 6427
f 6430 6427 6428
f 6428 6427 4224
f 6466 6430 4382
f 4382 6430 6428
f 6410 6466 4217
f 4217 6466 4382
f 4240 4239 3015
f 3015 4239 3016
f 4254 4257 3017
f 3017 4257 3018
f 6473 6474 4732
f 4732 6474 6475
f 6474 6374 6475
f 6475 6374 6373
f 5246 6374 3022
f 3022 6374 3023
f 4254 6299 4255
f 4255 6299 6288
f 6473 6300 3024
f 3024 6300 3025
f 6476 4257 6312
f 6312 4257 4256
f 4240 6476 4241
f 4241 6476 6312
f 6477 4239 6391
f 6391 4239 4238
f 6467 6477 6457
f 6457 6477 6391
f 6411 3029 6467
f 6467 3029 3028
f 4216 3030 6411
f 6411 3030 3029
f 6479 6480 6478
f 6478 6480 6481
f 6483 6484 6482
f 6482 6484 6485
f 6486 6487 4102
f 4102 6487 6331
f 6483 6488 6478
f 6478 6488 6489
f 4429 4829 6490
f 6490 4829 6479
f 6491 6486 4101
f 4101 6486 4102
f 4895 6491 4899
f 4899 6491 4101
f 4160 6488 4157
f 4157 6488 6492
f 6489 4087 6490
f 6490 4087 4090
f 4267 4261 5013
f 5013 4261 4260
f 4258 4261 5328
f 5328 4261 4975
f 4261 4267 4975
f 4975 4267 4266
f 5367 3793 3912
f 3912 3793 3575
f 6494 3616 6493
f 6493 3616 3795
f 6496 3589 6495
f 6495 3589 3588
f 6495 3588 5368
f 5368 3588 3794
f 3841 3840 3050
f 3050 3840 3051
f 3912 3911 3052
f 3052 3911 3053
f 3929 3930 3054
f 3054 3930 3055
f 5370 3930 3916
f 3916 3930 3923
f 3938 5369 3807
f 3807 5369 3915
f 3589 6496 3806
f 3806 6496 3937
f 3938 3937 3056
f 3056 3937 3057
f 3051 3840 3058
f 3058 3840 3943
f 3730 4808 3727
f 3727 4808 3943
f 3820 3951 3795
f 3795 3951 6493
f 3951 3841 3059
f 3059 3841 3050
f 3911 3574 6494
f 6494 3574 3616
f 3823 3929 3824
f 3824 3929 3952
f 4061 4060 3060
f 3060 4060 3061
f 6497 6498 4901
f 4901 6498 4790
f 6333 6499 4738
f 4738 6499 4739
f 6500 6501 6314
f 6314 6501 4418
f 6502 6275 4417
f 4417 6275 4185
f 6503 6497 4783
f 4783 6497 4901
f 6498 4060 4790
f 4790 4060 4059
f 4808 4061 3069
f 3069 4061 3060
f 5367 3071 5368
f 5368 3071 3070
f 5369 3073 5370
f 5370 3073 3072
f 6274 6275 3074
f 3074 6275 3075
f 6499 6504 4739
f 4739 6504 6317
f 6333 6332 3077
f 3077 6332 3078
f 6334 6274 3079
f 3079 6274 3074
f 6332 4825 3078
f 3078 4825 3080
f 6334 6503 4188
f 4188 6503 4783
f 4825 4689 3080
f 3080 4689 1330
f 6506 4747 6505
f 6505 4747 4746
f 6505 6507 6506
f 6506 6507 6508
f 4297 6509 4920
f 4920 6509 6510
f 4296 6511 4297
f 4297 6511 6509
f 6506 6508 4319
f 4319 6508 6512
f 4372 4371 6514
f 6514 4371 6513
f 6511 4296 5251
f 5251 4296 4305
f 5251 5250 6511
f 6511 5250 6515
f 6516 6509 6515
f 6515 6509 6511
f 6517 6507 6519
f 6519 6507 6518
f 6512 6520 6513
f 6513 6520 6514
f 6507 6517 6508
f 6508 6517 6521
f 5249 6523 6522
f 6522 6523 6524
f 6525 6370 5253
f 5253 6370 6526
f 4370 4323 4371
f 4371 4323 4326
f 4370 3103 4323
f 4323 3103 1541
f 6521 6517 6527
f 6527 6517 6519
f 6520 6528 6514
f 6514 6528 6529
f 6531 6532 6530
f 6530 6532 6533
f 5250 6534 6515
f 6515 6534 6535
f 6530 6533 6536
f 6536 6533 6537
f 6526 6538 6534
f 6534 6538 6537
f 6515 6535 6516
f 6516 6535 6539
f 4325 4321 4326
f 4326 4321 4320
f 4371 4326 6513
f 6513 4326 4320
f 6531 4731 6541
f 6541 4731 6540
f 4731 4730 6540
f 6540 4730 6542
f 4730 3121 6542
f 6542 3121 3120
f 6530 4328 6531
f 6531 4328 4731
f 4328 6530 4329
f 4329 6530 6536
f 4329 6536 6524
f 6524 6536 6543
f 6544 6545 6522
f 6522 6545 5248
f 6389 6388 5245
f 5245 6388 6373
f 6388 6546 6373
f 6373 6546 6475
f 4733 6546 6295
f 6295 6546 4377
f 4732 6475 4733
f 4733 6475 6546
f 4393 4432 4394
f 4394 4432 4435
f 4434 4672 4842
f 4842 4672 4671
f 4440 4439 4441
f 4441 4439 4438
f 4436 4450 4437
f 4437 4450 4398
f 4447 4444 4448
f 4448 4444 4392
f 4446 4464 4433
f 4433 4464 6547
f 4454 4423 4455
f 4455 4423 4422
f 4452 4481 4453
f 4453 4481 4480
f 4458 4389 4459
f 4459 4389 4388
f 4456 4471 4457
f 4457 4471 4468
f 4391 4460 4392
f 4392 4460 4448
f 4461 4467 4445
f 4445 4467 4465
f 4437 4398 4629
f 4629 4398 4397
f 4438 4628 4441
f 4441 4628 4631
f 4841 4629 4839
f 4839 4629 4397
f 4628 4842 4631
f 4631 4842 4671
f 4930 4989 4452
f 4452 4989 4481
f 4929 4927 4436
f 4436 4927 4450
f 4933 4387 4934
f 4934 4387 4386
f 4931 4475 4932
f 4932 4475 4474
f 4936 4449 4933
f 4933 4449 4387
f 4935 4472 4456
f 4456 4472 4471
f 4389 4458 4391
f 4391 4458 4460
f 4457 4468 4461
f 4461 4468 4467
f 4934 4386 4454
f 4454 4386 4423
f 4453 4480 4931
f 4931 4480 4475
f 4575 4997 4576
f 4576 4997 4639
f 4579 4596 4580
f 4580 4596 4595
f 4583 4582 4572
f 4572 4582 4569
f 4587 4944 4588
f 4588 4944 4562
f 4588 4562 4590
f 4590 4562 4561
f 4576 4639 4642
f 4642 4639 4638
f 4642 4845 4641
f 4641 4845 4846
f 4845 4590 4846
f 4846 4590 4561
f 4941 4938 4595
f 4595 4938 4580
f 4938 4940 4668
f 4668 4940 4669
f 4583 4942 4584
f 4584 4942 4947
f 4582 4587 4569
f 4569 4587 4586
f 5000 5001 4579
f 4579 5001 4596
f 4558 4560 4585
f 4585 4560 4586
f 4565 4639 4566
f 4566 4639 4997
f 4568 4567 4577
f 4577 4567 4578
f 4570 4554 4571
f 4571 4554 4556
f 4640 4565 4637
f 4637 4565 4546
f 4662 4664 4665
f 4665 4664 4844
f 4662 4558 4589
f 4589 4558 4585
f 4554 4570 4557
f 4557 4570 4560
f 4571 4667 4572
f 4572 4667 4943
f 4551 4670 4552
f 4552 4670 4666
f 4640 4664 4638
f 4638 4664 4663
f 4670 4568 4668
f 4668 4568 4577
f 4999 4996 4566
f 4566 4996 4543
f 4608 4564 4603
f 4603 4564 4563
f 4573 4593 4574
f 4574 4593 4592
f 4597 4614 4598
f 4598 4614 4613
f 4601 4600 4584
f 4584 4600 4581
f 4563 4562 4604
f 4604 4562 4944
f 4643 4593 4641
f 4641 4593 4573
f 4643 4847 4644
f 4644 4847 4848
f 4564 4847 4561
f 4561 4847 4846
f 4945 4941 4598
f 4598 4941 4595
f 4941 4945 4939
f 4939 4945 4946
f 4601 4948 4602
f 4602 4948 4620
f 4600 4604 4581
f 4581 4604 4944
f 5002 5003 4597
f 4597 5003 4614
f 4988 4759 4953
f 4953 4759 4402
f 4706 6548 4707
f 4707 6548 6549
f 4311 4928 4419
f 4419 4928 6550
f 4921 4920 6551
f 6551 4920 6552
f 4925 6553 4926
f 4926 6553 6554
f 4928 4921 4802
f 4802 4921 6551
f 6555 4985 6550
f 6550 4985 4419
f 4952 6556 4953
f 4953 6556 4649
f 4971 6557 4706
f 4706 6557 6548
f 4988 4648 4925
f 4925 4648 6553
f 4707 6549 5006
f 5006 6549 4987
f 4920 6510 6552
f 6552 6510 6518
f 6558 6510 6516
f 6516 6510 6509
f 6559 6558 6539
f 6539 6558 6516
f 6531 6541 6532
f 6532 6541 6560
f 6540 6561 6541
f 6541 6561 6529
f 6542 6562 6540
f 6540 6562 6561
f 6542 3120 6562
f 6562 3120 3142
f 4366 6563 4760
f 4760 6563 4970
f 4815 6564 4816
f 4816 6564 6565
f 3147 3146 6565
f 6565 3146 4816
f 6564 6563 6565
f 6565 6563 6566
f 4837 4385 4357
f 4357 4385 4358
f 6565 6566 3147
f 3147 6566 3149
f 4694 1209 3150
f 5247 5249 5248
f 5248 5249 6522
f 6372 6390 6545
f 6545 6390 6389
f 6375 5254 6376
f 6376 5254 5258
f 6377 6525 6378
f 6378 6525 5255
f 5260 6379 5258
f 5258 6379 6376
f 6380 6567 6381
f 6381 6567 6568
f 6382 6569 6383
f 6383 6569 6570
f 6377 6371 6525
f 6525 6371 6370
f 6379 5260 6384
f 6384 5260 6571
f 6385 6572 6382
f 6382 6572 6569
f 6378 5255 6375
f 6375 5255 5254
f 6386 6573 6387
f 6387 6573 6574
f 6545 6389 5248
f 5248 6389 5245
f 4675 4750 4676
f 4676 4750 6286
f 4734 6289 4735
f 4735 6289 6288
f 4804 6290 4805
f 4805 6290 4963
f 4811 4807 4812
f 4812 4807 4411
f 4954 6292 4955
f 4955 6292 4959
f 4964 4962 4965
f 4965 4962 4751
f 6285 4821 4812
f 4812 4821 4809
f 4675 4287 4965
f 4965 4287 4210
f 6294 4145 4955
f 4955 4145 4154
f 4964 4120 4805
f 4805 4120 4119
f 6298 4966 4734
f 4734 4966 6289
f 6300 6473 4735
f 4735 6473 4732
f 6297 6296 4676
f 4676 6296 4288
f 6523 3160 4330
f 4330 3160 3159
f 5253 5252 6525
f 6525 5252 5255
f 5256 5252 4305
f 4305 5252 5251
f 4304 5257 4305
f 4305 5257 5256
f 4424 5259 4304
f 4304 5259 5257
f 5261 6571 5259
f 5259 6571 5260
f 5262 6573 5261
f 5261 6573 6571
f 5264 6567 5265
f 5265 6567 6574
f 5266 6572 5267
f 5267 6572 6568
f 5268 6570 5269
f 5269 6570 6569
f 1807 3161 5268
f 5268 3161 6570
f 6524 6523 4329
f 4329 6523 4330
f 5253 6526 5250
f 5250 6526 6534
f 6543 6538 6544
f 6544 6538 6369
f 6524 6543 6522
f 6522 6543 6544
f 3071 5367 3052
f 3052 5367 3912
f 6493 3163 6494
f 6494 3163 3162
f 3164 445 3771
f 3771 445 3761
f 461 3165 3919
f 3919 3165 3920
f 330 410 3839
f 3839 410 3910
f 332 331 3552
f 3552 331 3551
f 464 304 3918
f 3918 304 3816
f 385 458 3766
f 3766 458 3894
f 412 415 3762
f 3762 415 3763
f 3166 337 3748
f 3748 337 3745
f 3072 3055 5370
f 5370 3055 3930
f 3073 5369 3056
f 3056 5369 3938
f 3167 3057 6496
f 6496 3057 3937
f 3069 3058 4808
f 4808 3058 3943
f 411 3166 3851
f 3851 3166 3748
f 3059 3163 3951
f 3951 3163 6493
f 336 3164 3772
f 3772 3164 3771
f 3053 3911 3162
f 3162 3911 6494
f 3054 3168 3929
f 3929 3168 3952
f 3165 830 3920
f 3920 830 3945
f 3170 3169 6497
f 6497 3169 6498
f 3171 1354 5005
f 5005 1354 4830
f 3172 3170 6503
f 6503 3170 6497
f 3169 3061 6498
f 6498 3061 4060
f 3173 3171 5006
f 5006 3171 5005
f 3079 3172 6334
f 6334 3172 6503
f 3174 3025 6299
f 6299 3025 6300
f 6576 6577 6575
f 6575 6577 6578
f 4612 4611 6579
f 6579 4611 6580
f 6582 6583 6581
f 6581 6583 6584
f 6584 6585 4618
f 4618 6585 4621
f 6586 6587 6589
f 6589 6587 6588
f 6588 6587 6590
f 6590 6587 6591
f 6592 4606 6590
f 6590 4606 4623
f 6594 6576 6593
f 6593 6576 6575
f 6595 6582 6579
f 6579 6582 6581
f 6580 6597 6596
f 6596 6597 6598
f 6577 6576 6599
f 6599 6576 6600
f 6595 6596 6601
f 6601 6596 6602
f 6583 6582 6603
f 6603 6582 6604
f 6586 6606 6605
f 6605 6606 6607
f 6587 6586 6608
f 6608 6586 6605
f 6587 6608 6591
f 6591 6608 6609
f 6576 6594 6600
f 6600 6594 6610
f 6582 6595 6604
f 6604 6595 6601
f 6599 6611 6577
f 6577 6611 6598
f 6613 6614 6612
f 6612 6614 6615
f 6617 6618 6616
f 6616 6618 6619
f 6621 6622 6620
f 6620 6622 6623
f 6625 6626 6624
f 6624 6626 6627
f 6629 6630 6628
f 6628 6630 6631
f 6633 6634 6632
f 6632 6634 6635
f 6637 6638 6636
f 6636 6638 6639
f 6640 6641 6637
f 6637 6641 6638
f 6643 6633 6642
f 6642 6633 6632
f 6645 6646 6644
f 6644 6646 6647
f 6646 6648 6647
f 6647 6648 6649
f 6651 6652 6650
f 6650 6652 6653
f 6653 6652 6654
f 6654 6652 6655
f 6656 6657 6659
f 6659 6657 6658
f 6661 6662 6660
f 6660 6662 6663
f 6662 6661 6664
f 6664 6661 6665
f 6667 6657 6666
f 6666 6657 6656
f 6669 6670 6668
f 6668 6670 6671
f 6672 6673 6670
f 6670 6673 6671
f 6674 6675 6677
f 6677 6675 6676
f 6675 6678 6676
f 6676 6678 6679
f 6681 6682 6680
f 6680 6682 6683
f 6684 6685 6683
f 6683 6685 6680
f 6687 6688 6686
f 6686 6688 6689
f 6687 6690 6688
f 6688 6690 6691
f 6619 6618 6633
f 6633 6618 6634
f 6632 6635 6693
f 6693 6635 6692
f 6617 6694 6636
f 6636 6694 6637
f 6695 6692 6639
f 6639 6692 6635
f 6637 6694 6640
f 6640 6694 6696
f 6698 6638 6697
f 6697 6638 6641
f 6643 6616 6633
f 6633 6616 6619
f 6642 6699 6641
f 6641 6699 6697
f 6646 6645 6700
f 6700 6645 6621
f 6644 6701 6654
f 6654 6701 6702
f 6700 6703 6646
f 6646 6703 6648
f 6693 6704 6649
f 6649 6704 6647
f 6620 6623 6651
f 6651 6623 6652
f 6693 6649 6699
f 6699 6649 6650
f 6652 6623 6655
f 6655 6623 6622
f 6654 6702 6653
f 6653 6702 6697
f 6615 6614 6657
f 6657 6614 6658
f 6705 6656 6704
f 6704 6656 6659
f 6613 6706 6660
f 6660 6706 6661
f 6704 6659 6701
f 6701 6659 6663
f 6661 6706 6665
f 6665 6706 6707
f 6708 6702 6664
f 6664 6702 6662
f 6612 6615 6667
f 6667 6615 6657
f 6666 6709 6664
f 6664 6709 6708
f 6629 6710 6669
f 6669 6710 6670
f 6668 6711 6679
f 6679 6711 6712
f 6713 6672 6710
f 6710 6672 6670
f 6714 6671 6705
f 6705 6671 6673
f 6628 6631 6674
f 6674 6631 6675
f 6705 6673 6709
f 6709 6673 6677
f 6631 6630 6675
f 6675 6630 6678
f 6712 6708 6679
f 6679 6708 6676
f 6625 6715 6682
f 6682 6715 6683
f 6716 6717 6681
f 6681 6717 6691
f 6718 6684 6715
f 6715 6684 6683
f 6719 6680 6714
f 6714 6680 6685
f 6624 6627 6686
f 6686 6627 6687
f 6689 6711 6685
f 6685 6711 6714
f 6627 6626 6687
f 6687 6626 6690
f 6717 6712 6691
f 6691 6712 6688
f 6612 6707 6613
f 6613 6707 6706
f 6616 6696 6617
f 6617 6696 6694
f 6703 6700 6620
f 6620 6700 6621
f 6715 6625 6718
f 6718 6625 6624
f 6710 6629 6713
f 6713 6629 6628
f 6639 6635 6636
f 6636 6635 6634
f 6641 6640 6642
f 6642 6640 6643
f 6654 6655 6644
f 6644 6655 6645
f 6651 6650 6648
f 6648 6650 6649
f 6659 6658 6663
f 6663 6658 6660
f 6665 6667 6664
f 6664 6667 6666
f 6678 6669 6679
f 6679 6669 6668
f 6673 6672 6677
f 6677 6672 6674
f 6690 6682 6691
f 6691 6682 6681
f 6685 6684 6689
f 6689 6684 6686
f 6636 6634 6617
f 6617 6634 6618
f 6638 6698 6639
f 6639 6698 6695
f 6640 6696 6643
f 6643 6696 6616
f 6693 6699 6632
f 6632 6699 6642
f 6655 6622 6645
f 6645 6622 6621
f 6704 6701 6647
f 6647 6701 6644
f 6651 6648 6620
f 6620 6648 6703
f 6650 6653 6699
f 6699 6653 6697
f 6613 6660 6614
f 6614 6660 6658
f 6663 6662 6701
f 6701 6662 6702
f 6665 6707 6667
f 6667 6707 6612
f 6705 6709 6656
f 6656 6709 6666
f 6630 6629 6678
f 6678 6629 6669
f 6714 6711 6671
f 6671 6711 6668
f 6672 6713 6674
f 6674 6713 6628
f 6677 6676 6709
f 6709 6676 6708
f 6626 6625 6690
f 6690 6625 6682
f 6680 6719 6681
f 6681 6719 6716
f 6684 6718 6686
f 6686 6718 6624
f 6711 6689 6712
f 6689 6688 6712
f 6593 6720 6594
f 6594 6720 6721
f 6722 6720 4607
f 4607 6720 4849
f 6592 6723 6722
f 6722 6723 6724
f 4610 4609 6578
f 6578 4609 6575
f 6596 6595 6580
f 6580 6595 6579
f 4618 4617 6584
f 6584 4617 6581
f 6589 6585 6586
f 6586 6585 6606
f 4622 4619 6588
f 6588 4619 6589
f 4622 6588 4623
f 4623 6588 6590
f 4609 4645 6575
f 6575 4645 6593
f 4617 4612 6581
f 6581 4612 6579
f 5004 4610 6597
f 6597 4610 6578
f 4645 4849 6593
f 6593 4849 6720
f 6724 6721 6722
f 6722 6721 6720
f 6722 4607 6592
f 6592 4607 4606
f 6725 6610 6721
f 6721 6610 6594
f 6723 6726 6724
f 6724 6726 6727
f 6727 6725 6724
f 6724 6725 6721
f 6728 6729 6605
f 6605 6729 6608
f 6605 6607 6728
f 6728 6607 6730
f 6731 6732 6604
f 6604 6732 6603
f 6733 6734 6725
f 6725 6734 6610
f 6735 6733 6727
f 6727 6733 6725
f 6735 6727 6736
f 6736 6727 6726
f 6591 6609 6723
f 6723 6609 6726
f 6723 6592 6591
f 6591 6592 6590
f 6738 6739 6737
f 6737 6739 6740
f 6740 6739 6742
f 6742 6739 6741
f 6743 6744 6741
f 6741 6744 6742
f 6745 6746 6743
f 6743 6746 6744
f 6747 6748 6745
f 6745 6748 6746
f 6749 6750 6747
f 6747 6750 6748
f 6752 6738 6751
f 6751 6738 6737
f 6754 6752 6753
f 6753 6752 6751
f 6756 6754 6755
f 6755 6754 6753
f 6758 6750 6757
f 6757 6750 6749
f 6760 6756 6759
f 6759 6756 6755
f 6762 6760 6761
f 6761 6760 6759
f 6764 6762 6763
f 6763 6762 6761
f 6757 6764 6758
f 6758 6764 6763
f 6766 6741 6765
f 6765 6741 6739
f 6767 6743 6766
f 6766 6743 6741
f 6768 6745 6767
f 6767 6745 6743
f 6769 6747 6768
f 6768 6747 6745
f 6770 6749 6769
f 6769 6749 6747
f 6772 6769 6771
f 6771 6769 6768
f 6773 6770 6772
f 6772 6770 6769
f 6774 6775 6772
f 6772 6775 6773
f 6777 6778 6776
f 6776 6778 6779
f 6775 6774 6778
f 6778 6774 6779
f 6771 6780 6772
f 6772 6780 6774
f 6780 6781 6774
f 6774 6781 6779
f 6781 6782 6779
f 6779 6782 6776
f 6784 6785 6783
f 6783 6785 6786
f 6786 6787 6783
f 6783 6787 6788
f 6790 6788 6789
f 6789 6788 6787
f 6786 6785 6791
f 6791 6785 6792
f 6791 6793 6786
f 6786 6793 6787
f 6793 6794 6787
f 6787 6794 6789
f 6795 6796 6794
f 6794 6796 6789
f 6790 6789 6797
f 6797 6789 6796
f 6798 6765 6738
f 6738 6765 6739
f 6799 6798 6752
f 6752 6798 6738
f 6767 6800 6768
f 6768 6800 6771
f 6766 6801 6767
f 6767 6801 6800
f 6802 6801 6765
f 6765 6801 6766
f 6798 6803 6765
f 6765 6803 6802
f 6804 6803 6799
f 6799 6803 6798
f 6805 6806 6804
f 6804 6806 6803
f 6807 6799 6754
f 6754 6799 6752
f 6808 6804 6807
f 6807 6804 6799
f 6809 6805 6808
f 6808 6805 6804
f 6810 6811 6805
f 6805 6811 6806
f 6812 6813 6810
f 6810 6813 6811
f 6814 6815 6796
f 6796 6815 6797
f 6813 6814 6816
f 6816 6814 6817
f 6816 6818 6813
f 6813 6818 6811
f 6819 6806 6818
f 6818 6806 6811
f 6802 6803 6819
f 6819 6803 6806
f 6757 6749 6820
f 6820 6749 6770
f 6820 6770 6821
f 6821 6770 6773
f 6821 6773 6822
f 6822 6773 6775
f 6822 6775 6823
f 6823 6775 6778
f 6824 6823 6777
f 6777 6823 6778
f 6784 6825 6777
f 6777 6825 6824
f 6826 6827 6788
f 6788 6827 6783
f 6828 6826 6790
f 6790 6826 6788
f 6829 6828 6797
f 6797 6828 6790
f 6815 6830 6797
f 6797 6830 6829
f 6832 6812 6831
f 6831 6812 6810
f 6831 6810 6809
f 6809 6810 6805
f 6736 6800 6735
f 6735 6800 6801
f 6733 6735 6802
f 6802 6735 6801
f 6734 6733 6819
f 6819 6733 6802
f 6833 6734 6818
f 6818 6734 6819
f 6834 6833 6816
f 6816 6833 6818
f 6816 6817 6834
f 6834 6817 6835
f 6837 6795 6836
f 6836 6795 6794
f 6836 6794 6731
f 6731 6794 6793
f 6732 6731 6791
f 6791 6731 6793
f 6791 6792 6732
f 6732 6792 6730
f 6729 6728 6781
f 6781 6728 6782
f 6838 6807 6756
f 6756 6807 6754
f 6839 6838 6760
f 6760 6838 6756
f 6840 6839 6762
f 6762 6839 6760
f 6841 6840 6764
f 6764 6840 6762
f 6820 6841 6757
f 6757 6841 6764
f 6841 6820 6842
f 6842 6820 6821
f 6840 6841 6843
f 6843 6841 6842
f 6839 6840 6844
f 6844 6840 6843
f 6838 6839 6845
f 6845 6839 6844
f 6807 6838 6808
f 6808 6838 6845
f 6842 6821 6846
f 6846 6821 6822
f 6843 6842 6847
f 6847 6842 6846
f 6844 6843 6848
f 6848 6843 6847
f 6845 6844 6849
f 6849 6844 6848
f 6808 6845 6809
f 6809 6845 6849
f 6850 6831 6849
f 6849 6831 6809
f 6851 6850 6848
f 6848 6850 6849
f 6847 6852 6848
f 6848 6852 6851
f 6853 6852 6846
f 6846 6852 6847
f 6846 6822 6853
f 6853 6822 6823
f 6853 6823 6854
f 6854 6823 6824
f 6854 6855 6853
f 6853 6855 6852
f 6856 6851 6855
f 6855 6851 6852
f 6856 6857 6851
f 6851 6857 6850
f 6857 6832 6850
f 6850 6832 6831
f 6825 6858 6824
f 6824 6858 6854
f 6860 6827 6859
f 6859 6827 6826
f 6859 6826 6861
f 6861 6826 6828
f 6862 6861 6829
f 6829 6861 6828
f 6830 6863 6829
f 6829 6863 6862
f 6863 6864 6862
f 6862 6864 6865
f 6858 6866 6854
f 6854 6866 6855
f 6867 6865 6866
f 6866 6865 6864
f 6869 6859 6868
f 6868 6859 6861
f 6867 6869 6865
f 6865 6869 6868
f 6861 6862 6868
f 6868 6862 6865
f 6867 6860 6869
f 6869 6860 6859
f 6753 6751 6698
f 6698 6751 6695
f 6697 6755 6698
f 6698 6755 6753
f 6759 6755 6702
f 6702 6755 6697
f 6761 6759 6708
f 6708 6759 6702
f 6763 6761 6712
f 6712 6761 6708
f 6758 6763 6717
f 6717 6763 6712
f 6750 6758 6716
f 6716 6758 6717
f 6719 6748 6716
f 6716 6748 6750
f 6714 6746 6719
f 6719 6746 6748
f 6705 6744 6714
f 6714 6744 6746
f 6704 6742 6705
f 6705 6742 6744
f 6740 6742 6693
f 6693 6742 6704
f 6737 6740 6692
f 6692 6740 6693
f 6751 6737 6695
f 6695 6737 6692
f 6601 6602 6836
f 6836 6602 6837
f 6604 6601 6731
f 6731 6601 6836
f 6599 6600 6834
f 6834 6600 6833
f 6834 6835 6599
f 6599 6835 6611
f 6600 6610 6833
f 6833 6610 6734
f 6780 6771 6870
f 6870 6771 6736
f 6736 6771 6800
f 6870 6729 6780
f 6780 6729 6781
f 6608 6729 6609
f 6609 6729 6870
f 6609 6870 6726
f 6726 6870 6736
f 5014 5015 5229
f 5229 5015 5230
f 4258 5015 4259
f 4259 5015 4878
f 3471 3013 4703
f 4703 3013 4704
f 2879 6337 1306
f 1306 6337 4785
f 829 3471 4316
f 4316 3471 4703
f 4702 3472 5223
f 5223 3472 1756
f 6871 6872 4534
f 4534 6872 4535
f 6871 4665 6872
f 6872 4665 4844
f 6871 6873 4665
f 4665 6873 4559
f 6871 4534 6873
f 6873 4534 4542
f 4153 4152 4822
f 4822 4152 4407
f 4152 4168 4407
f 4407 4168 4342
f 4343 4168 4923
f 4923 4168 4167
f 4363 4362 4972
f 4972 4362 4840
f 4362 4394 4840
f 4840 4394 4839
f 4401 4400 4986
f 4986 4400 4984
f 4435 4434 4841
f 4841 4434 4842
f 4506 4505 4530
f 4530 4505 4531
f 4506 4535 4507
f 4507 4535 4843
f 4661 4660 4516
f 4516 4660 4517
f 4673 4672 4937
f 4937 4672 6547
f 4400 4924 4984
f 4984 4924 5263
f 4673 4660 4674
f 4674 4660 4659
f 4505 4661 4531
f 4531 4661 4516
f 4952 4401 6874
f 6874 4401 4986
f 4954 4153 6875
f 6875 4153 4822
f 4363 4973 4364
f 4364 4973 4974
f 5264 4924 5267
f 5267 4924 4691
f 6293 6292 6876
f 6876 6292 6877
f 6380 4343 6387
f 6387 4343 4923
f 4394 4435 4839
f 4839 4435 4841
f 4672 4434 6547
f 6547 4434 4433
f 4973 6556 4974
f 4974 6556 6878
f 6567 6380 6574
f 6574 6380 6387
f 6292 4954 6877
f 6877 4954 6875
f 6567 5264 6568
f 6568 5264 5267
f 4145 4144 4154
f 4154 4144 4151
f 4194 4144 4425
f 4425 4144 4143
f 4355 4354 5263
f 5263 4354 4984
f 4360 4359 4364
f 4364 4359 4361
f 4444 4359 4392
f 4392 4359 4337
f 4447 4446 4432
f 4432 4446 4433
f 4464 4463 6547
f 6547 4463 4937
f 4519 4518 4654
f 4654 4518 4509
f 4533 4532 4499
f 4499 4532 4498
f 4533 4542 4530
f 4530 4542 4534
f 4519 4532 4516
f 4516 4532 4531
f 4922 4194 4426
f 4426 4194 4425
f 4463 4518 4937
f 4937 4518 4517
f 6555 4951 6874
f 6874 4951 6878
f 4958 4957 6290
f 6290 4957 6291
f 4334 4360 4712
f 4712 4360 4950
f 4985 4354 4419
f 4419 4354 4353
f 5262 4355 5265
f 5265 4355 5263
f 6294 4958 4804
f 4804 4958 6290
f 6386 4922 6384
f 6384 4922 4426
f 4444 4447 4393
f 4393 4447 4432
f 4464 4446 4465
f 4465 4446 4445
f 4985 6555 4986
f 4986 6555 6874
f 6573 6386 6571
f 6571 6386 6384
f 4145 6294 4146
f 4146 6294 4804
f 6573 5262 6574
f 6574 5262 5265
f 4542 4541 6873
f 6873 4541 4559
f 4535 6872 4843
f 4843 6872 4844
f 4104 4103 6879
f 6879 4103 6343
f 4105 6293 6307
f 6307 6293 6876
f 4104 4956 4105
f 4105 4956 6293
f 4956 4104 4957
f 4957 4104 6879
f 4957 6879 6291
f 6291 6879 6309
f 4648 4988 4649
f 4649 4988 4953
f 4802 4803 4928
f 4928 4803 6550
f 6550 4803 6555
f 6555 4803 4951
f 1516 3173 4987
f 4987 3173 5006
f 6519 6518 6558
f 6558 6518 6510
f 6527 6519 6559
f 6559 6519 6558
f 6528 6560 6529
f 6529 6560 6541
f 6548 4625 6549
f 6549 4625 4624
f 6551 6552 4746
f 4746 6552 6505
f 6553 4711 6554
f 6554 4711 4710
f 4802 6551 4713
f 4713 6551 4746
f 6556 4973 4649
f 4649 4973 4646
f 6557 4949 6548
f 6548 4949 4625
f 4648 4647 6553
f 6553 4647 4711
f 6549 4624 4987
f 4987 4624 4838
f 6552 6518 6505
f 6505 6518 6507
f 6561 4372 6529
f 6529 4372 6514
f 6562 4369 6561
f 6561 4369 4372
f 3142 3482 6562
f 6562 3482 4369
f 6556 4952 6878
f 6878 4952 6874
f 4951 4950 6878
f 6878 4950 4974
f 3168 440 3952
f 4204 4203 5341
f 5341 4203 6364
f 4219 4222 6429
f 6429 4222 4383
f 4319 4322 6506
f 6506 4322 4747
f 4340 4714 4341
f 4341 4714 4384
f 4375 4377 6388
f 6388 4377 6546
f 4378 4381 6311
f 6311 4381 4720
f 4449 4341 4387
f 4387 4341 4384
f 4473 4472 4477
f 4477 4472 4474
f 4492 4491 4487
f 4487 4491 4488
f 4523 4491 4522
f 4522 4491 4490
f 4492 4538 4493
f 4493 4538 4555
f 4538 4553 4555
f 4555 4553 4556
f 4620 4615 4621
f 4621 4615 4618
f 4652 4651 4368
f 4368 4651 4365
f 4523 4655 4524
f 4524 4655 4656
f 4553 4667 4556
f 4556 4667 4571
f 4651 1210 4365
f 4365 1210 1209
f 4698 4697 5223
f 5223 4697 6344
f 4340 4339 4322
f 4322 4339 4747
f 4726 4729 5287
f 5287 4729 4198
f 4381 4380 4737
f 4737 4380 6368
f 4836 4835 4451
f 4451 4835 4709
f 4910 6367 4911
f 4911 6367 6366
f 4912 4915 6450
f 6450 4915 6449
f 4927 4836 4450
f 4450 4836 4451
f 4930 4929 4439
f 4439 4929 4436
f 4936 4935 4459
f 4459 4935 4456
f 4473 4655 4470
f 4470 4655 4510
f 4942 4583 4943
f 4943 4583 4572
f 4948 4601 4947
f 4947 4601 4584
f 4949 4835 4625
f 4625 4835 4626
f 4966 4969 6289
f 6289 4969 4695
f 4971 4652 4926
f 4926 4652 4368
f 4203 4977 6364
f 6364 4977 6365
f 4990 4989 4443
f 4443 4989 4440
f 4990 4991 4478
f 4478 4991 4512
f 4992 4991 4528
f 4528 4991 4515
f 4992 4993 4527
f 4527 4993 4485
f 4994 4993 4502
f 4502 4993 4503
f 4994 4995 4482
f 4482 4995 4550
f 4543 4996 4544
f 4544 4996 4995
f 4999 4998 4567
f 4567 4998 4578
f 5000 4998 4575
f 4575 4998 4997
f 5002 5001 4592
f 4592 5001 4574
f 5003 5004 4614
f 4614 5004 4611
f 3483 4215 1755
f 1755 4215 4698
f 5274 5277 4195
f 4195 5277 4223
f 4726 5295 4727
f 4727 5295 6350
f 5309 5342 5310
f 5310 5342 6363
f 5315 5314 5316
f 5316 5314 5317
f 5339 6362 5340
f 5340 6362 5363
f 5310 6363 5339
f 5339 6363 6362
f 4204 5309 4201
f 4201 5309 5308
f 4915 5345 6449
f 6449 5345 6448
f 5345 5315 6448
f 6448 5315 5316
f 5348 5347 6351
f 6351 5347 6352
f 5365 4263 5340
f 5340 4263 4262
f 6295 6298 4733
f 4733 6298 4734
f 4969 6306 4695
f 4695 6306 4696
f 6306 4378 4696
f 4696 4378 6311
f 6369 6372 6544
f 6544 6372 6545
f 4375 6390 4373
f 4373 6390 4374
f 6421 6422 4911
f 4911 6422 4908
f 4910 4909 4737
f 4737 4909 4736
f 5277 4219 4223
f 4223 4219 6429
f 4697 4222 6344
f 6344 4222 4221
f 6436 6361 6437
f 6437 6361 6360
f 6438 6440 6437
f 6437 6440 6434
f 6438 6359 6441
f 6441 6359 6358
f 6442 6441 6357
f 6357 6441 6358
f 6442 6444 6443
f 6443 6444 6445
f 6446 6444 6355
f 6355 6444 6356
f 6446 4912 6447
f 6447 4912 6450
f 6436 6435 5365
f 5365 6435 4263
f 5314 5347 5317
f 5317 5347 5346
f 4319 6512 4320
f 4320 6512 6513
f 6520 6512 6521
f 6521 6512 6508
f 6528 6520 6527
f 6527 6520 6521
f 6532 6539 6533
f 6533 6539 6535
f 6533 6535 6537
f 6537 6535 6534
f 6538 6543 6537
f 6537 6543 6536
f 6295 4377 6296
f 6296 4377 4376
f 4989 4930 4440
f 4440 4930 4439
f 4927 4929 4422
f 4422 4929 4455
f 4449 4936 4388
f 4388 4936 4459
f 4472 4935 4474
f 4474 4935 4932
f 4942 4940 4947
f 4947 4940 4939
f 5001 5000 4574
f 4574 5000 4575
f 4669 4943 4666
f 4666 4943 4667
f 4996 4999 4547
f 4547 4999 4567
f 4948 4946 4620
f 4620 4946 4615
f 5003 5002 4591
f 4591 5002 4592
f 6557 4971 6554
f 6554 4971 4926
f 6532 6560 6539
f 6539 6560 6559
f 6390 6372 4374
f 4374 6372 6371
f 4966 6298 4967
f 4967 6298 6297
f 6538 6526 6369
f 6369 6526 6370
f 6585 6589 4621
f 4621 6589 4619
f 6597 6578 6598
f 6598 6578 6577
f 6606 6583 6607
f 6607 6583 6603
f 6611 6602 6598
f 6598 6602 6596
f 6585 6584 6606
f 6606 6584 6583
f 6597 6580 5004
f 5004 6580 4611
f 6607 6603 6730
f 6730 6603 6732
f 6776 6785 6777
f 6777 6785 6784
f 6785 6776 6792
f 6792 6776 6782
f 6815 6814 6812
f 6812 6814 6813
f 6817 6814 6795
f 6795 6814 6796
f 6825 6784 6827
f 6827 6784 6783
f 6830 6815 6832
f 6832 6815 6812
f 6817 6795 6835
f 6835 6795 6837
f 6792 6782 6730
f 6730 6782 6728
f 6858 6825 6860
f 6860 6825 6827
f 6863 6830 6857
f 6857 6830 6832
f 6864 6863 6856
f 6856 6863 6857
f 6866 6858 6867
f 6867 6858 6860
f 6866 6864 6855
f 6855 6864 6856
f 6835 6837 6611
f 6611 6837 6602
f 6560 6528 6559
f 6559 6528 6527
f 4949 6557 4710
f 4710 6557 6554
f 4430 4090 4175
f 4175 4090 4089
f 4777 4113 4155
f 4155 4113 4086
f 4175 4089 4176
f 4176 4089 4142
f 4199 4271 4200
f 4200 4271 4798
f 4199 4095 4272
f 4272 4095 5273
f 4406 4405 4404
f 4404 4405 4346
f 4410 4409 6877
f 6877 4409 6876
f 4409 4413 6876
f 6876 4413 6307
f 4415 4148 4416
f 4416 4148 4147
f 4690 4405 4344
f 4344 4405 4342
f 4693 4692 4352
f 4352 4692 4349
f 4701 4700 6337
f 6337 4700 6338
f 4778 4777 4081
f 4081 4777 4155
f 4821 4406 4809
f 4809 4406 4404
f 4176 4142 4181
f 4181 4142 4415
f 4760 4970 4399
f 4399 4970 4692
f 4200 5007 4096
f 4096 5007 4078
f 5266 4693 5269
f 5269 4693 4352
f 5270 5007 5361
f 5361 5007 4797
f 4778 5270 4779
f 4779 5270 5361
f 6285 4410 6875
f 6875 4410 6877
f 6308 4413 4687
f 4687 4413 4412
f 6480 6320 6481
f 6481 6320 6880
f 4701 2878 4702
f 4702 2878 3472
f 6339 6347 6340
f 6340 6347 6348
f 6341 6342 6346
f 6346 6342 6345
f 4416 6308 4414
f 4414 6308 4687
f 6385 4690 6381
f 6381 4690 4344
f 5282 6341 5280
f 5280 6341 6339
f 4700 6342 6338
f 6338 6342 5281
f 6340 6348 4272
f 4272 6348 4270
f 6480 6479 4828
f 4828 6479 4829
f 6490 6479 6489
f 6489 6479 6478
f 4090 4430 6490
f 6490 4430 4429
f 6563 6564 4970
f 4970 6564 4815
f 4694 6566 4366
f 4366 6566 6563
f 6572 6385 6568
f 6568 6385 6381
f 4821 6285 4822
f 4822 6285 6875
f 6572 5266 6569
f 6569 5266 5269
f 3482 3103 4369
f 4369 3103 4370
f 3121 4730 3485
f 3485 4730 4327
f 6277 6280 6273
f 6273 6280 6272
f 6267 6276 6278
f 6278 6276 6279
f 6278 6279 6277
f 6277 6279 6280
f 6279 6256 6280
f 6280 6256 6255
f 6256 3857 6255
f 6255 3857 3754
f 3857 3856 3754
f 3754 3856 3755
f 3856 3703 3755
f 3755 3703 3863
f 3703 3702 3863
f 3863 3702 3759
f 3702 3706 3759
f 3759 3706 3670
f 3706 3705 3670
f 3670 3705 3668
f 3705 3773 3668
f 3668 3773 3882
f 3882 3773 3883
f 3883 3773 3707
f 3707 3708 3883
f 3883 3708 3880
f 3708 3710 3880
f 3880 3710 3881
f 3709 5241 3710
f 3710 5241 3881
f 5241 3709 5234
f 5234 3709 3786
f 3693 3712 3786
f 3786 3712 5234
f 4051 4055 4052
f 4052 4055 4056
f 4056 4055 4057
f 4057 4055 4054
f 4066 5238 5236
f 5236 5238 3989
f 4066 4069 5238
f 5238 4069 4035
f 6881 3962 3960
f 3960 3962 3957
f 6883 4070 6882
f 6882 4070 3941
f 4070 6883 4071
f 4071 6883 6884
f 4071 6884 4072
f 4072 6884 6885
f 6885 6886 4072
f 4072 6886 4031
f 3955 6881 3956
f 3956 6881 3960
f 6884 3991 6885
f 6885 3991 3990
f 6883 6887 6884
f 6884 6887 3991
f 6887 6888 3991
f 3991 6888 3992
f 6888 6887 6889
f 6889 6887 6890
f 6887 6883 6890
f 6890 6883 6882
f 4058 5240 3953
f 3953 5240 3954
f 5236 6888 5239
f 5239 6888 6889
f 5237 6886 3990
f 3990 6886 6885
f 4034 4031 5237
f 5237 4031 6886
f 6881 6882 3962
f 3962 6882 3941
f 6881 3955 6882
f 6882 3955 6890
f 3955 3954 6890
f 6890 3954 6889
f 5239 6889 5240
f 5240 6889 3954
f 6888 5236 3992
f 3992 5236 3989
f 3869 3868 3888
f 3888 3868 4015
f 3868 4012 4015
f 4015 4012 4010
f 4012 4022 4010
f 4010 4022 4009
f 4022 4021 4009
f 4009 4021 4018
f 4020 3974 4001
f 4001 3974 3996
f 4021 4020 4029
f 4029 4020 4001
f 4085 4156 4086
f 4086 4156 4155
f 4113 4777 4114
f 4114 4777 4776
f 4130 4129 4094
f 4094 4129 4091
f 4139 4773 4140
f 4140 4773 4772
f 4149 4178 4150
f 4150 4178 5225
f 4160 4159 4087
f 4087 4159 4088
f 4149 4148 4179
f 4179 4148 4141
f 4085 4084 4183
f 4183 4084 6315
f 4179 4141 4159
f 4159 4141 4088
f 4192 4130 4162
f 4162 4130 4094
f 4197 5288 4198
f 4198 5288 5287
f 4229 4766 4230
f 4230 4766 4771
f 4245 4246 4242
f 4242 4246 4249
f 4183 6315 4418
f 4418 6315 6314
f 4679 4178 4680
f 4680 4178 4177
f 4724 4798 4725
f 4725 4798 4271
f 4728 5275 4729
f 4729 5275 5274
f 4230 4771 4249
f 4249 4771 4242
f 4724 4723 4799
f 4799 4723 5355
f 4823 4824 4891
f 4891 4824 6327
f 4823 4192 4161
f 4161 4192 4162
f 4893 4767 4229
f 4229 4767 4766
f 4894 4895 4898
f 4898 4895 4899
f 4106 4150 4103
f 4103 4150 5225
f 4680 4894 4677
f 4677 4894 4898
f 6420 4977 5301
f 5301 4977 4976
f 4679 4678 5226
f 5226 4678 4427
f 5228 5008 4893
f 4893 5008 4767
f 5285 6354 5286
f 5286 6354 5343
f 5289 5352 5290
f 5290 5352 5349
f 5290 5349 5295
f 5295 5349 5348
f 5302 5299 4202
f 4202 5299 4976
f 4725 4271 5311
f 5311 4271 4270
f 5325 4723 5326
f 5326 4723 4722
f 5335 5355 5325
f 5325 5355 4723
f 5326 4722 5286
f 5286 4722 5283
f 4799 5357 4797
f 4797 5357 5361
f 5359 5356 5335
f 5335 5356 5355
f 4775 4774 5356
f 5356 4774 5357
f 5359 5358 4092
f 4092 5358 4093
f 6316 4740 6317
f 6317 4740 4739
f 6318 4827 6316
f 6316 4827 4740
f 6319 4828 6318
f 6318 4828 4827
f 6320 6480 6319
f 6319 6480 4828
f 6484 6322 6485
f 6485 6322 6321
f 6487 6324 6331
f 6331 6324 6323
f 6331 6323 6330
f 6330 6323 6325
f 6325 6326 6330
f 6330 6326 6329
f 6326 6328 6329
f 6329 6328 5231
f 4824 4685 5228
f 5228 4685 5008
f 5226 6343 5225
f 5225 6343 4103
f 4728 4727 6349
f 6349 4727 5284
f 6350 6351 5285
f 5285 6351 6354
f 4247 4246 6418
f 6418 4246 6365
f 6400 6402 6401
f 6401 6402 6459
f 4197 4196 6409
f 6409 4196 6426
f 6412 4897 6328
f 6328 4897 5231
f 6413 4133 6412
f 6412 4133 4897
f 6414 4134 6413
f 6413 4134 4133
f 6415 4225 6414
f 6414 4225 4134
f 6416 4252 6415
f 6415 4252 4225
f 6417 4253 6416
f 6416 4253 4252
f 4253 6417 6366
f 6366 6417 6419
f 6366 6419 4911
f 4911 6419 6421
f 6422 6423 4908
f 4908 6423 5298
f 5298 6423 6396
f 6396 6423 6424
f 6409 6426 6425
f 6425 6426 6397
f 5300 5299 6399
f 6399 5299 6400
f 6465 6408 6401
f 6401 6408 6398
f 6424 6399 6425
f 6425 6399 6398
f 6349 5284 5311
f 5311 5284 5283
f 6465 6464 5289
f 5289 6464 5352
f 6488 6483 6492
f 6492 6483 6482
f 6486 6491 6482
f 6482 6491 6492
f 6491 4895 6492
f 6492 4895 4157
f 6488 4160 6489
f 6489 4160 4087
f 6501 6502 4418
f 4418 6502 4417
f 6504 6500 6317
f 6317 6500 6314
f 3497 3496 6501
f 6501 3496 6502
f 3499 3498 6504
f 6504 3498 6500
f 4729 5274 4198
f 4198 5274 4195
f 6418 6365 6420
f 6420 6365 4977
f 5295 5348 6350
f 6350 5348 6351
f 5301 6422 6420
f 6420 6422 6421
f 4113 4112 4086
f 4086 4112 4083
f 6320 4112 6880
f 6880 4112 4111
f 4091 4772 4092
f 4092 4772 4775
f 4129 4140 4091
f 4091 4140 4772
f 4137 4140 4128
f 4128 4140 4129
f 4128 6324 4137
f 4137 6324 6321
f 6324 6487 6321
f 6321 6487 6485
f 6487 6486 6485
f 6485 6486 6482
f 4774 4773 4779
f 4779 4773 4776
f 4773 4139 4776
f 4776 4139 4114
f 4139 4138 4114
f 4114 4138 4111
f 4138 6322 4111
f 4111 6322 6880
f 6322 6484 6880
f 6880 6484 6481
f 6484 6483 6481
f 6481 6483 6478
f 6879 6343 6309
f 6309 6343 4428
f 4106 4105 4900
f 4900 4105 6307
f 3500 3167 6495
f 6495 3167 6496
f 3500 6495 3070
f 3070 6495 5368
f 3502 5235 3501
f 3501 5235 4813
f 3024 3503 6473
f 6473 3503 6474
f 3503 3023 6474
f 6474 3023 6374
f 3504 1770 4348
f 4348 1770 4345
f 3502 3505 5235
f 5235 3505 4810
f 3498 3497 6500
f 6500 3497 6501
f 3496 3075 6502
f 6502 3075 6275
f 6299 4254 3174
f 3174 4254 3017
f 1769 3501 4814
f 4814 3501 4813
f 3506 3018 6476
f 6476 3018 4257
f 3507 3499 6499
f 6499 3499 6504
f 3030 4216 3483
f 3483 4216 4215
f 3077 3507 6333
f 6333 3507 6499
f 1784 3160 5249
f 5249 3160 6523
f 3015 3506 4240
f 4240 3506 6476
f 3508 3504 6383
f 6383 3504 4348
f 3509 3016 6477
f 6477 3016 4239
f 3028 3509 6467
f 6467 3509 6477
f 3022 1785 5246
f 5246 1785 5247
f 3161 3508 6570
f 6570 3508 6383
f 3150 3149 4694
f 4694 3149 6566
f 1327 4807 3510
f 3510 4807 4811
f 3510 4811 3505
f 3505 4811 4810
f 3146 3511 4816
f 4816 3511 4350
f 3511 1808 4350
f 4350 1808 4351
f 3485 4327 3159
f 3159 4327 4330
f 1326 3512 4806
f 4806 3512 6310
f 3512 1331 6310
f 6310 1331 4688

