# https://github.com/mikedh/trimesh
v -3.03890347 1.64478505 -148.61886597 0.65098039 0.74117647 0.85882353
v -3.03236127 1.63073504 -148.62513733 0.65098039 0.74117647 0.85882353
v -3.04525542 1.62760842 -148.61906433 0.65098039 0.74117647 0.85882353
v -3.05172157 1.63730502 -148.61044312 0.65098039 0.74117647 0.85882353
v -3.04093814 1.61859536 -148.62506104 0.65098039 0.74117647 0.85882353
v -3.02947497 1.61960816 -148.62908936 0.65098039 0.74117647 0.85882353
v -3.05423284 1.62102723 -148.61126709 0.65098039 0.74117647 0.85882353
v -3.06066227 1.62777209 -148.60134888 0.65098039 0.74117647 0.85882353
v -3.06423044 1.58507657 -148.60505676 0.65098039 0.74117647 0.85882353
v -3.07002878 1.58054948 -148.59696960 0.65098039 0.74117647 0.85882353
v -3.06900692 1.59249663 -148.59706116 0.65098039 0.74117647 0.85882353
v -3.06226850 1.59401584 -148.60478210 0.65098039 0.74117647 0.85882353
v -3.06520939 1.55913091 -148.60377502 0.65098039 0.74117647 0.85882353
v -3.05810237 1.55000091 -148.61105347 0.65098039 0.74117647 0.85882353
v -3.06282043 1.54045963 -148.60290527 0.65098039 0.74117647 0.85882353
v -3.06914544 1.54884410 -148.59434509 0.65098039 0.74117647 0.85882353
v -3.02149367 1.56285357 -148.62535095 0.65098039 0.74117647 0.85882353
v -3.02730751 1.55672836 -148.62594604 0.65098039 0.74117647 0.85882353
v -3.03079963 1.56360817 -148.62564087 0.65098039 0.74117647 0.85882353
v -3.02437210 1.56884980 -148.62449646 0.65098039 0.74117647 0.85882353
v -3.01091814 1.57210207 -148.62828064 0.65098039 0.74117647 0.85882353
v -3.01219654 1.57746768 -148.62489319 0.65098039 0.74117647 0.85882353
v -3.00630164 1.58116102 -148.62829590 0.65098039 0.74117647 0.85882353
v -3.00560594 1.57523632 -148.63281250 0.65098039 0.74117647 0.85882353
v -3.01664424 1.55715752 -148.62467957 0.65098039 0.74117647 0.85882353
v -3.02291584 1.55089498 -148.62483215 0.65098039 0.74117647 0.85882353
v -3.01636958 1.56805468 -148.62525940 0.65098039 0.74117647 0.85882353
v -3.01446748 1.56374478 -148.62724304 0.65098039 0.74117647 0.85882353
v -3.00962996 1.55813956 -148.63667297 0.65098039 0.74117647 0.85882353
v -3.01123834 1.56287575 -148.63531494 0.65098039 0.74117647 0.85882353
v -3.00652242 1.56411481 -148.64097595 0.65098039 0.74117647 0.85882353
v -3.00579262 1.55853796 -148.64053345 0.65098039 0.74117647 0.85882353
v -3.01446056 1.55714035 -148.62873840 0.65098039 0.74117647 0.85882353
v -3.01415086 1.56022859 -148.63107300 0.65098039 0.74117647 0.85882353
v -3.01150346 1.55652523 -148.63310242 0.65098039 0.74117647 0.85882353
v -3.01095963 1.55408406 -148.62997437 0.65098039 0.74117647 0.85882353
v -3.01001859 1.56799781 -148.63096619 0.65098039 0.74117647 0.85882353
v -3.00564599 1.57009935 -148.63681030 0.65098039 0.74117647 0.85882353
v -3.00033522 1.57160878 -148.64245605 0.65098039 0.74117647 0.85882353
v -3.00088596 1.56381941 -148.64668274 0.65098039 0.74117647 0.85882353
v -3.03964019 1.54385567 -148.62287903 0.65098039 0.74117647 0.85882353
v -3.03378725 1.55057716 -148.62541199 0.65098039 0.74117647 0.85882353
v -3.02911758 1.54547715 -148.62489319 0.65098039 0.74117647 0.85882353
v -3.03443480 1.54016137 -148.62350464 0.65098039 0.74117647 0.85882353
v -3.01301217 1.55100775 -148.62738037 0.65098039 0.74117647 0.85882353
v -3.01735139 1.53603983 -148.62895203 0.65098039 0.74117647 0.85882353
v -3.01740718 1.53970289 -148.62899780 0.65098039 0.74117647 0.85882353
v -3.01083899 1.54036236 -148.63143921 0.65098039 0.74117647 0.85882353
v -3.01146936 1.53696966 -148.63140869 0.65098039 0.74117647 0.85882353
v -3.04681253 1.52946544 -148.61619568 0.65098039 0.74117647 0.85882353
v -3.04048276 1.52834594 -148.61926270 0.65098039 0.74117647 0.85882353
v -3.04170704 1.52140808 -148.61717224 0.65098039 0.74117647 0.85882353
v -3.04768300 1.52105546 -148.61297607 0.65098039 0.74117647 0.85882353
v -3.03977036 1.51552534 -148.61613464 0.65098039 0.74117647 0.85882353
v -3.04702520 1.51307559 -148.61030579 0.65098039 0.74117647 0.85882353
v -3.03869271 1.49889112 -148.60974121 0.65098039 0.74117647 0.85882353
v -3.04308176 1.50510764 -148.60992432 0.65098039 0.74117647 0.85882353
v -3.03623009 1.50979900 -148.61622620 0.65098039 0.74117647 0.85882353
v -3.03085303 1.50465727 -148.61862183 0.65098039 0.74117647 0.85882353
v -3.01788616 1.50902033 -148.62391663 0.65098039 0.74117647 0.85882353
v -3.01202774 1.50749743 -148.62518311 0.65098039 0.74117647 0.85882353
v -3.01719284 1.49586725 -148.62452698 0.65098039 0.74117647 0.85882353
v -3.02381516 1.49941516 -148.62239075 0.65098039 0.74117647 0.85882353
v -3.01801300 1.52984786 -148.62501526 0.65098039 0.74117647 0.85882353
v -3.02223134 1.53010309 -148.62307739 0.65098039 0.74117647 0.85882353
v -3.02206349 1.53165770 -148.62530518 0.65098039 0.74117647 0.85882353
v -3.01753402 1.53266716 -148.62759399 0.65098039 0.74117647 0.85882353
v -3.02590775 1.53003836 -148.62197876 0.65098039 0.74117647 0.85882353
v -3.02759480 1.52985120 -148.62159729 0.65098039 0.74117647 0.85882353
v -3.02717447 1.53111041 -148.62266541 0.65098039 0.74117647 0.85882353
v -3.02568817 1.53081393 -148.62245178 0.65098039 0.74117647 0.85882353
v -3.02372885 1.53035378 -148.62268066 0.65098039 0.74117647 0.85882353
v -3.02280521 1.52844882 -148.62300110 0.65098039 0.74117647 0.85882353
v -3.02498174 1.52922797 -148.62236023 0.65098039 0.74117647 0.85882353
v -3.01902699 1.52751470 -148.62509155 0.65098039 0.74117647 0.85882353
v -3.00607681 1.52483249 -148.63047791 0.65098039 0.74117647 0.85882353
v -3.00980043 1.52547479 -148.62985229 0.65098039 0.74117647 0.85882353
v -3.00834775 1.52959895 -148.62831116 0.65098039 0.74117647 0.85882353
v -3.00521350 1.52936029 -148.62886047 0.65098039 0.74117647 0.85882353
v -3.02522945 1.53305554 -148.62391663 0.65098039 0.74117647 0.85882353
v -3.02766275 1.53454733 -148.62396240 0.65098039 0.74117647 0.85882353
v -3.02341437 1.53717566 -148.62638855 0.65098039 0.74117647 0.85882353
v -3.02244782 1.53435993 -148.62570190 0.65098039 0.74117647 0.85882353
v -3.03029299 1.53659177 -148.62435913 0.65098039 0.74117647 0.85882353
v -3.02936316 1.53243947 -148.62245178 0.65098039 0.74117647 0.85882353
v -3.03250408 1.53338933 -148.62252808 0.65098039 0.74117647 0.85882353
v -3.02713799 1.52812290 -148.62156677 0.65098039 0.74117647 0.85882353
v -3.03004646 1.52660418 -148.62069702 0.65098039 0.74117647 0.85882353
v -3.03033376 1.52923334 -148.62173462 0.65098039 0.74117647 0.85882353
v -3.02822828 1.52333081 -148.62104797 0.65098039 0.74117647 0.85882353
v -3.02474594 1.52618575 -148.62226868 0.65098039 0.74117647 0.85882353
v -3.02108788 1.52429581 -148.62445068 0.65098039 0.74117647 0.85882353
v -3.01625133 1.52255464 -148.62709045 0.65098039 0.74117647 0.85882353
v -3.01925898 1.51788139 -148.62480164 0.65098039 0.74117647 0.85882353
v -3.02445412 1.52032161 -148.62269592 0.65098039 0.74117647 0.85882353
v -3.02540088 1.54113567 -148.62600708 0.65098039 0.74117647 0.85882353
v -3.03470874 1.52880740 -148.62062073 0.65098039 0.74117647 0.85882353
v -3.03777790 1.53517270 -148.62118530 0.65098039 0.74117647 0.85882353
v -3.03494239 1.52405405 -148.61965942 0.65098039 0.74117647 0.85882353
v -3.03320694 1.51951051 -148.61921692 0.65098039 0.74117647 0.85882353
v -3.02938271 1.51527345 -148.62014771 0.65098039 0.74117647 0.85882353
v -3.02383208 1.51187944 -148.62208557 0.65098039 0.74117647 0.85882353
v -3.02166033 1.48693919 -148.61497498 0.65098039 0.74117647 0.85882353
v -3.02993989 1.49204409 -148.61340332 0.65098039 0.74117647 0.85882353
v -3.02822852 1.61153841 -148.62663269 0.65098039 0.74117647 0.85882353
v -3.03735852 1.61116529 -148.62567139 0.65098039 0.74117647 0.85882353
v -3.03892064 1.60302997 -148.62133789 0.65098039 0.74117647 0.85882353
v -3.04059219 1.60536265 -148.62147522 0.65098039 0.74117647 0.85882353
v -3.03487682 1.60678077 -148.62373352 0.65098039 0.74117647 0.85882353
v -3.03448868 1.60391593 -148.62278748 0.65098039 0.74117647 0.85882353
v -3.05524063 1.59597659 -148.60910034 0.65098039 0.74117647 0.85882353
v -3.04958224 1.59763718 -148.61260986 0.65098039 0.74117647 0.85882353
v -3.05033064 1.59389615 -148.61160278 0.65098039 0.74117647 0.85882353
v -3.05730605 1.58954263 -148.60934448 0.65098039 0.74117647 0.85882353
v -3.04224777 1.58625388 -148.61753845 0.65098039 0.74117647 0.85882353
v -3.04695392 1.58769727 -148.61517334 0.65098039 0.74117647 0.85882353
v -3.04237080 1.59415197 -148.61645508 0.65098039 0.74117647 0.85882353
v -3.03899145 1.59309316 -148.61824036 0.65098039 0.74117647 0.85882353
v -3.03508234 1.59239674 -148.61959839 0.65098039 0.74117647 0.85882353
v -3.03074741 1.59211493 -148.62023926 0.65098039 0.74117647 0.85882353
v -3.03146005 1.58680081 -148.61979675 0.65098039 0.74117647 0.85882353
v -3.03676820 1.58622241 -148.61911011 0.65098039 0.74117647 0.85882353
v -3.02828693 1.60745835 -148.62345886 0.65098039 0.74117647 0.85882353
v -3.02123046 1.60602498 -148.62202454 0.65098039 0.74117647 0.85882353
v -3.02287555 1.60321307 -148.62149048 0.65098039 0.74117647 0.85882353
v -3.02869511 1.60440636 -148.62312317 0.65098039 0.74117647 0.85882353
v -3.01421666 1.59555984 -148.61538696 0.65098039 0.74117647 0.85882353
v -3.01506281 1.59808397 -148.61656189 0.65098039 0.74117647 0.85882353
v -3.01131463 1.59936249 -148.61672974 0.65098039 0.74117647 0.85882353
v -3.01094437 1.59485722 -148.61610413 0.65098039 0.74117647 0.85882353
v -3.01332259 1.59207797 -148.61691284 0.65098039 0.74117647 0.85882353
v -3.01544976 1.59409189 -148.61624146 0.65098039 0.74117647 0.85882353
v -3.02876163 1.66512072 -148.61337280 0.65098039 0.74117647 0.85882353
v -3.02360535 1.64956880 -148.62332153 0.65098039 0.74117647 0.85882353
v -3.04576707 1.65893698 -148.60514832 0.65098039 0.74117647 0.85882353
v -3.05791998 1.64775586 -148.59667969 0.65098039 0.74117647 0.85882353
v -3.06710291 1.63427281 -148.58963013 0.65098039 0.74117647 0.85882353
v -3.05470920 1.53374457 -148.61048889 0.65098039 0.74117647 0.85882353
v -3.05745745 1.52469683 -148.60534668 0.65098039 0.74117647 0.85882353
v -3.06683350 1.53152680 -148.59506226 0.65098039 0.74117647 0.85882353
v -3.06607461 1.52113199 -148.59095764 0.65098039 0.74117647 0.85882353
v -3.05643654 1.51429486 -148.60223389 0.65098039 0.74117647 0.85882353
v -3.04439640 1.49537802 -148.59846497 0.65098039 0.74117647 0.85882353
v -3.05211616 1.50385189 -148.59999084 0.65098039 0.74117647 0.85882353
v -3.06251645 1.51077580 -148.58596802 0.65098039 0.74117647 0.85882353
v -3.07238173 1.52237487 -148.57194519 0.65098039 0.74117647 0.85882353
v -3.07369733 1.53027797 -148.57911682 0.65098039 0.74117647 0.85882353
v -3.07736087 1.53752208 -148.55946350 0.65098039 0.74117647 0.85882353
v -3.07005262 1.51321435 -148.56184387 0.65098039 0.74117647 0.85882353
v -3.07617736 1.53572178 -148.55116272 0.65098039 0.74117647 0.85882353
v -3.05555844 1.48026657 -148.56953430 0.65098039 0.74117647 0.85882353
v -3.05805159 1.46975851 -148.56990051 0.65098039 0.74117647 0.85882353
v -3.07077169 1.47379136 -148.55830383 0.65098039 0.74117647 0.85882353
v -3.06886816 1.48505974 -148.55876160 0.65098039 0.74117647 0.85882353
v -3.07289028 1.53887582 -148.58590698 0.65098039 0.74117647 0.85882353
v -3.07147980 1.60248733 -148.58937073 0.65098039 0.74117647 0.85882353
v -3.06547832 1.60294461 -148.59939575 0.65098039 0.74117647 0.85882353
v -3.07467389 1.58970976 -148.58726501 0.65098039 0.74117647 0.85882353
v -3.07384992 1.66067600 -148.56571960 0.65098039 0.74117647 0.85882353
v -3.06490898 1.65602970 -148.58213806 0.65098039 0.74117647 0.85882353
v -3.07399082 1.64108062 -148.57810974 0.65098039 0.74117647 0.85882353
v -3.08046246 1.64695096 -148.56335449 0.65098039 0.74117647 0.85882353
v -3.04433036 1.69409204 -148.56794739 0.65098039 0.74117647 0.85882353
v -3.03730989 1.68212724 -148.59249878 0.65098039 0.74117647 0.85882353
v -3.05105281 1.67175031 -148.58766174 0.65098039 0.74117647 0.85882353
v -3.05880356 1.68069673 -148.56817627 0.65098039 0.74117647 0.85882353
v -3.08509731 1.64767337 -148.55078125 0.65098039 0.74117647 0.85882353
v -3.08929324 1.64770913 -148.53277588 0.65098039 0.74117647 0.85882353
v -3.08497000 1.66177654 -148.52383423 0.65098039 0.74117647 0.85882353
v -3.07962656 1.66458058 -148.54551697 0.65098039 0.74117647 0.85882353
v -3.07385278 1.68096793 -148.51335144 0.65098039 0.74117647 0.85882353
v -3.06718254 1.68454623 -148.53988647 0.65098039 0.74117647 0.85882353
v -3.07653546 1.52036548 -148.54336548 0.65098039 0.74117647 0.85882353
v -3.07801819 1.53945041 -148.53871155 0.65098039 0.74117647 0.85882353
v -3.06675506 1.49803567 -148.56082153 0.65098039 0.74117647 0.85882353
v -3.07551551 1.50366879 -148.54640198 0.65098039 0.74117647 0.85882353
v -3.05674028 1.69396067 -148.50491333 0.65098039 0.74117647 0.85882353
v -3.04958129 1.69932270 -148.53564453 0.65098039 0.74117647 0.85882353
v -3.08852959 1.62279558 -148.48535156 0.65098039 0.74117647 0.85882353
v -3.08836317 1.64012265 -148.49220276 0.65098039 0.74117647 0.85882353
v -3.09281015 1.62929440 -148.50975037 0.65098039 0.74117647 0.85882353
v -3.09250784 1.61471272 -148.50143433 0.65098039 0.74117647 0.85882353
v -3.08083701 1.63011217 -148.46789551 0.65098039 0.74117647 0.85882353
v -3.07969236 1.65081358 -148.47570801 0.65098039 0.74117647 0.85882353
v -3.07852292 1.56631756 -148.48937988 0.65098039 0.74117647 0.85882353
v -3.07214522 1.54765058 -148.49609375 0.65098039 0.74117647 0.85882353
v -3.06639886 1.54803729 -148.48320007 0.65098039 0.74117647 0.85882353
v -3.07331538 1.56654215 -148.47416687 0.65098039 0.74117647 0.85882353
v -3.04937434 1.61503816 -148.61921692 0.65098039 0.74117647 0.85882353
v -3.04459739 1.60910964 -148.62231445 0.65098039 0.74117647 0.85882353
v -3.04955554 1.60583913 -148.61741638 0.65098039 0.74117647 0.85882353
v -3.05486465 1.60961688 -148.61274719 0.65098039 0.74117647 0.85882353
v -3.06062651 1.61276317 -148.60443115 0.65098039 0.74117647 0.85882353
v -3.06633878 1.61624622 -148.59367371 0.65098039 0.74117647 0.85882353
v -3.07856536 1.62709093 -148.57302856 0.65098039 0.74117647 0.85882353
v -3.08516598 1.63413548 -148.56030273 0.65098039 0.74117647 0.85882353
v -3.09134746 1.63426292 -148.53646851 0.65098039 0.74117647 0.85882353
v -3.08840418 1.63471651 -148.55020142 0.65098039 0.74117647 0.85882353
v -3.09390402 1.61720002 -148.51847839 0.65098039 0.74117647 0.85882353
v -3.09323907 1.60785317 -148.51359558 0.65098039 0.74117647 0.85882353
v -3.07929254 1.54917026 -148.52363586 0.65098039 0.74117647 0.85882353
v -3.07583880 1.52593040 -148.52716064 0.65098039 0.74117647 0.85882353
v -3.07210326 1.52741885 -148.51339722 0.65098039 0.74117647 0.85882353
v -3.07571721 1.54916286 -148.50801086 0.65098039 0.74117647 0.85882353
v -3.06250024 1.52802467 -148.49087524 0.65098039 0.74117647 0.85882353
v -3.06712747 1.52802086 -148.50186157 0.65098039 0.74117647 0.85882353
v -3.07754302 1.48971474 -148.53208923 0.65098039 0.74117647 0.85882353
v -3.08104920 1.47417319 -148.53222656 0.65098039 0.74117647 0.85882353
v -3.08084393 1.47389340 -148.51791382 0.65098039 0.74117647 0.85882353
v -3.07586718 1.48950744 -148.51838684 0.65098039 0.74117647 0.85882353
v -3.07871604 1.47106755 -148.50628662 0.65098039 0.74117647 0.85882353
v -3.07236981 1.46885180 -148.49636841 0.65098039 0.74117647 0.85882353
v -3.06697464 1.48827434 -148.49644470 0.65098039 0.74117647 0.85882353
v -3.07201719 1.48936510 -148.50601196 0.65098039 0.74117647 0.85882353
v -3.03355670 1.46163404 -148.57807922 0.65098039 0.74117647 0.85882353
v -3.03530812 1.45312262 -148.57803345 0.65098039 0.74117647 0.85882353
v -3.04766989 1.45660257 -148.57617188 0.65098039 0.74117647 0.85882353
v -3.04468536 1.46556544 -148.57572937 0.65098039 0.74117647 0.85882353
v -3.08665943 1.46095371 -148.53227234 0.65098039 0.74117647 0.85882353
v -3.08769679 1.46094847 -148.51768494 0.65098039 0.74117647 0.85882353
v -3.08270216 1.56581640 -148.50468445 0.65098039 0.74117647 0.85882353
v -3.08395791 1.56812716 -148.51612854 0.65098039 0.74117647 0.85882353
v -3.08611822 1.45726502 -148.50550842 0.65098039 0.74117647 0.85882353
v -3.06780887 1.50798547 -148.50555420 0.65098039 0.74117647 0.85882353
v -3.07258296 1.50722766 -148.51716614 0.65098039 0.74117647 0.85882353
v -3.05403399 1.52884340 -148.48205566 0.65098039 0.74117647 0.85882353
v -3.05806255 1.54876447 -148.47200012 0.65098039 0.74117647 0.85882353
v -3.01835918 1.57334805 -148.62377930 0.65098039 0.74117647 0.85882353
v -3.02131987 1.58884478 -148.61886597 0.65098039 0.74117647 0.85882353
v -3.02167702 1.59290135 -148.61894226 0.65098039 0.74117647 0.85882353
v -3.01794934 1.59346390 -148.61761475 0.65098039 0.74117647 0.85882353
v -3.01690340 1.59027195 -148.61784363 0.65098039 0.74117647 0.85882353
v -3.00532556 1.62916970 -148.62937927 0.65098039 0.74117647 0.85882353
v -3.00461221 1.61210644 -148.62890625 0.65098039 0.74117647 0.85882353
v -3.01738286 1.61727607 -148.63072205 0.65098039 0.74117647 0.85882353
v -3.01888442 1.63107944 -148.62858582 0.65098039 0.74117647 0.85882353
v -3.05120063 1.56200480 -148.61912537 0.65098039 0.74117647 0.85882353
v -3.04056597 1.56709099 -148.62350464 0.65098039 0.74117647 0.85882353
v -3.03795671 1.55762887 -148.62519836 0.65098039 0.74117647 0.85882353
v -3.04525876 1.55082321 -148.62190247 0.65098039 0.74117647 0.85882353
v -3.04618192 1.59858847 -148.61492920 0.65098039 0.74117647 0.85882353
v -3.04767084 1.60072398 -148.61523438 0.65098039 0.74117647 0.85882353
v -3.04467106 1.60027254 -148.61714172 0.65098039 0.74117647 0.85882353
v -3.04335690 1.53722417 -148.61987305 0.65098039 0.74117647 0.85882353
v -3.05058408 1.54232359 -148.61637878 0.65098039 0.74117647 0.85882353
v -3.07475567 1.57580531 -148.58631897 0.65098039 0.74117647 0.85882353
v -3.05893397 1.60259628 -148.60748291 0.65098039 0.74117647 0.85882353
v -3.02099895 1.70327687 -148.56672668 0.65098039 0.74117647 0.85882353
v -3.01515031 1.68883204 -148.59539795 0.65098039 0.74117647 0.85882353
v -3.03622937 1.70322609 -148.49952698 0.65098039 0.74117647 0.85882353
v -3.02844238 1.70843339 -148.53192139 0.65098039 0.74117647 0.85882353
v -3.06593251 1.65907836 -148.46060181 0.65098039 0.74117647 0.85882353
v -3.06764889 1.63623190 -148.45117188 0.65098039 0.74117647 0.85882353
v -3.05272365 1.64090300 -148.43917847 0.65098039 0.74117647 0.85882353
v -3.04719710 1.66631627 -148.45071411 0.65098039 0.74117647 0.85882353
v -3.06372881 1.56741476 -148.46134949 0.65098039 0.74117647 0.85882353
v -3.06496859 1.46895099 -148.48976135 0.65098039 0.74117647 0.85882353
v -3.05910754 1.48955178 -148.48815918 0.65098039 0.74117647 0.85882353
v -3.01137042 1.66831470 -148.61511230 0.65098039 0.74117647 0.85882353
v -3.00809360 1.64856648 -148.62486267 0.65098039 0.74117647 0.85882353
v -3.07283139 1.62076116 -148.58239746 0.65098039 0.74117647 0.85882353
v -3.06348062 1.57588100 -148.60818481 0.65098039 0.74117647 0.85882353
v -3.05758381 1.58290470 -148.61209106 0.65098039 0.74117647 0.85882353
v -3.05467892 1.57859063 -148.61564636 0.65098039 0.74117647 0.85882353
v -3.06037617 1.56883311 -148.61203003 0.65098039 0.74117647 0.85882353
v -3.06847310 1.56772804 -148.60006714 0.65098039 0.74117647 0.85882353
v -3.07266140 1.56052077 -148.58827209 0.65098039 0.74117647 0.85882353
v -3.07787538 1.55344939 -148.57452393 0.65098039 0.74117647 0.85882353
v -3.07843947 1.54277897 -148.56646729 0.65098039 0.74117647 0.85882353
v -3.09183455 1.64202642 -148.51754761 0.65098039 0.74117647 0.85882353
v -3.08734131 1.65508103 -148.50253296 0.65098039 0.74117647 0.85882353
v -3.07785988 1.66968608 -148.49047852 0.65098039 0.74117647 0.85882353
v -3.06233811 1.67977238 -148.47895813 0.65098039 0.74117647 0.85882353
v -3.09278059 1.63134289 -148.52331543 0.65098039 0.74117647 0.85882353
v -3.04236674 1.68764091 -148.47186279 0.65098039 0.74117647 0.85882353
v -3.00996661 1.54478121 -148.63055420 0.65098039 0.74117647 0.85882353
v -3.01769757 1.54532743 -148.62751770 0.65098039 0.74117647 0.85882353
v -3.00804257 1.54873133 -148.63021851 0.65098039 0.74117647 0.85882353
v -3.01150656 1.52106309 -148.62875366 0.65098039 0.74117647 0.85882353
v -3.00728130 1.52013445 -148.62933350 0.65098039 0.74117647 0.85882353
v -3.00900650 1.51496887 -148.62608337 0.65098039 0.74117647 0.85882353
v -3.01387143 1.51609194 -148.62593079 0.65098039 0.74117647 0.85882353
v -3.02503920 1.48352921 -148.60093689 0.65098039 0.74117647 0.85882353
v -3.03465629 1.48853278 -148.59945679 0.65098039 0.74117647 0.85882353
v -3.03154302 1.46979415 -148.57931519 0.65098039 0.74117647 0.85882353
v -3.04199028 1.47447240 -148.57606506 0.65098039 0.74117647 0.85882353
v -3.00628948 1.55683017 -148.63478088 0.65098039 0.74117647 0.85882353
v -3.00465202 1.55690455 -148.63484192 0.65098039 0.74117647 0.85882353
v -3.00497079 1.55591846 -148.63255310 0.65098039 0.74117647 0.85882353
v -3.00694323 1.55618119 -148.63261414 0.65098039 0.74117647 0.85882353
v -3.02404642 1.53121758 -148.62376404 0.65098039 0.74117647 0.85882353
v -3.00642872 1.53647816 -148.63243103 0.65098039 0.74117647 0.85882353
v -3.00338078 1.53601432 -148.63244629 0.65098039 0.74117647 0.85882353
v -3.00426078 1.53265691 -148.63090515 0.65098039 0.74117647 0.85882353
v -3.00733209 1.53308082 -148.63096619 0.65098039 0.74117647 0.85882353
v -3.05414557 1.49814677 -148.58039856 0.65098039 0.74117647 0.85882353
v -3.05345106 1.49022770 -148.57179260 0.65098039 0.74117647 0.85882353
v -3.07761335 1.47341609 -148.54783630 0.65098039 0.74117647 0.85882353
v -3.07573843 1.48792017 -148.54689026 0.65098039 0.74117647 0.85882353
v -3.07566500 1.50704420 -148.53059387 0.65098039 0.74117647 0.85882353
v -3.06336451 1.50977445 -148.49389648 0.65098039 0.74117647 0.85882353
v -3.05600142 1.50908184 -148.48608398 0.65098039 0.74117647 0.85882353
v -3.03638053 1.51243997 -148.47578430 0.65098039 0.74117647 0.85882353
v -3.03324366 1.53066659 -148.46971130 0.65098039 0.74117647 0.85882353
v -3.04504561 1.52971935 -148.47340393 0.65098039 0.74117647 0.85882353
v -3.04590607 1.51110697 -148.47949219 0.65098039 0.74117647 0.85882353
v -3.03871822 1.48653626 -148.58645630 0.65098039 0.74117647 0.85882353
v -3.02817559 1.48142254 -148.58900452 0.65098039 0.74117647 0.85882353
v -3.03004384 1.47728586 -148.58224487 0.65098039 0.74117647 0.85882353
v -3.04026413 1.48229980 -148.57891846 0.65098039 0.74117647 0.85882353
v -3.00132465 1.55334258 -148.63471985 0.65098039 0.74117647 0.85882353
v -2.99973774 1.55224216 -148.63586426 0.65098039 0.74117647 0.85882353
v -3.00094724 1.55040169 -148.63308716 0.65098039 0.74117647 0.85882353
v -3.00273180 1.55251431 -148.63296509 0.65098039 0.74117647 0.85882353
v -3.00826764 1.55451155 -148.63082886 0.65098039 0.74117647 0.85882353
v -3.00621939 1.55324328 -148.63064575 0.65098039 0.74117647 0.85882353
v -3.00681329 1.55147934 -148.63037109 0.65098039 0.74117647 0.85882353
v -3.00755119 1.55668473 -148.63563538 0.65098039 0.74117647 0.85882353
v -3.00861144 1.55566072 -148.63301086 0.65098039 0.74117647 0.85882353
v -3.00204563 1.55674338 -148.63931274 0.65098039 0.74117647 0.85882353
v -3.00506878 1.55678415 -148.63818359 0.65098039 0.74117647 0.85882353
v -3.00109339 1.55647731 -148.64389038 0.65098039 0.74117647 0.85882353
v -3.00297976 1.55445075 -148.63371277 0.65098039 0.74117647 0.85882353
v -3.00398111 1.55343723 -148.63217163 0.65098039 0.74117647 0.85882353
v -3.00699735 1.55524027 -148.63116455 0.65098039 0.74117647 0.85882353
v -3.00543976 1.55461693 -148.63110352 0.65098039 0.74117647 0.85882353
v -3.00273514 1.55690265 -148.63732910 0.65098039 0.74117647 0.85882353
v -3.00476050 1.55691910 -148.63645935 0.65098039 0.74117647 0.85882353
v -3.00026226 1.57805204 -148.63749695 0.65098039 0.74117647 0.85882353
v -2.99406862 1.57839322 -148.63864136 0.65098039 0.74117647 0.85882353
v -2.99354696 1.57134390 -148.64355469 0.65098039 0.74117647 0.85882353
v -2.99339724 1.56316650 -148.64788818 0.65098039 0.74117647 0.85882353
v -2.99455643 1.55562294 -148.64549255 0.65098039 0.74117647 0.85882353
v -3.02152729 1.47392893 -148.58282471 0.65098039 0.74117647 0.85882353
v -3.02297950 1.46657157 -148.58027649 0.65098039 0.74117647 0.85882353
v -2.99162364 1.64639926 -148.62280273 0.65098039 0.74117647 0.85882353
v -2.99253416 1.62650120 -148.62673950 0.65098039 0.74117647 0.85882353
v -3.02511334 1.53026879 -148.62223816 0.65098039 0.74117647 0.85882353
v -3.01965785 1.60977316 -148.62486267 0.65098039 0.74117647 0.85882353
v -3.04774261 1.57612467 -148.61965942 0.65098039 0.74117647 0.85882353
v -3.02572393 1.57534575 -148.62232971 0.65098039 0.74117647 0.85882353
v -3.03245330 1.57150364 -148.62333679 0.65098039 0.74117647 0.85882353
v -3.03217602 1.57950902 -148.62121582 0.65098039 0.74117647 0.85882353
v -3.02603889 1.58177710 -148.62060547 0.65098039 0.74117647 0.85882353
v -3.01070142 1.60628462 -148.62286377 0.65098039 0.74117647 0.85882353
v -3.00126839 1.60126662 -148.62570190 0.65098039 0.74117647 0.85882353
v -3.00637388 1.60033774 -148.62008667 0.65098039 0.74117647 0.85882353
v -3.00627971 1.59358644 -148.61940002 0.65098039 0.74117647 0.85882353
v -3.00197887 1.59197307 -148.62648010 0.65098039 0.74117647 0.85882353
v -3.00747943 1.58575726 -148.62342834 0.65098039 0.74117647 0.85882353
v -3.00994134 1.58880997 -148.61865234 0.65098039 0.74117647 0.85882353
v -3.04209828 1.60197723 -148.61923218 0.65098039 0.74117647 0.85882353
v -3.04470444 1.60356176 -148.61863708 0.65098039 0.74117647 0.85882353
v -3.01349187 1.58191490 -148.62155151 0.65098039 0.74117647 0.85882353
v -3.01948714 1.57860065 -148.62138367 0.65098039 0.74117647 0.85882353
v -3.02039957 1.58386254 -148.61947632 0.65098039 0.74117647 0.85882353
v -3.01503992 1.58597088 -148.61872864 0.65098039 0.74117647 0.85882353
v -3.03938842 1.57722592 -148.62123108 0.65098039 0.74117647 0.85882353
v -3.05270433 1.60173726 -148.61242676 0.65098039 0.74117647 0.85882353
v -3.04962158 1.59037828 -148.61279297 0.65098039 0.74117647 0.85882353
v -3.08553004 1.57344532 -148.52507019 0.65098039 0.74117647 0.85882353
v -3.08166289 1.56151891 -148.53042603 0.65098039 0.74117647 0.85882353
v -3.08529472 1.55178142 -148.54959106 0.65098039 0.74117647 0.85882353
v -3.08264971 1.54740262 -148.55207825 0.65098039 0.74117647 0.85882353
v -3.07802510 1.54988575 -148.54733276 0.65098039 0.74117647 0.85882353
v -3.08358526 1.55412173 -148.54508972 0.65098039 0.74117647 0.85882353
v -3.09344196 1.60533810 -148.53623962 0.65098039 0.74117647 0.85882353
v -3.09310770 1.61265028 -148.53263855 0.65098039 0.74117647 0.85882353
v -3.09230280 1.61323309 -148.53990173 0.65098039 0.74117647 0.85882353
v -3.09240460 1.60590887 -148.53860474 0.65098039 0.74117647 0.85882353
v -3.09028435 1.60851288 -148.54455566 0.65098039 0.74117647 0.85882353
v -3.08946085 1.61155462 -148.54713440 0.65098039 0.74117647 0.85882353
v -3.08902311 1.60332656 -148.54776001 0.65098039 0.74117647 0.85882353
v -3.09014726 1.60361695 -148.54457092 0.65098039 0.74117647 0.85882353
v -3.08974338 1.62234497 -148.54885864 0.65098039 0.74117647 0.85882353
v -3.08635497 1.61923051 -148.55813599 0.65098039 0.74117647 0.85882353
v -3.08655691 1.60806894 -148.55413818 0.65098039 0.74117647 0.85882353
v -3.07857966 1.60303974 -148.57565308 0.65098039 0.74117647 0.85882353
v -3.08164144 1.59332061 -148.56361389 0.65098039 0.74117647 0.85882353
v -3.08402586 1.60202408 -148.55998230 0.65098039 0.74117647 0.85882353
v -3.08174729 1.61269975 -148.56672668 0.65098039 0.74117647 0.85882353
v -3.08185220 1.55209517 -148.55589294 0.65098039 0.74117647 0.85882353
v -3.08086371 1.55937815 -148.55976868 0.65098039 0.74117647 0.85882353
v -3.07866120 1.55320108 -148.53875732 0.65098039 0.74117647 0.85882353
v -3.02870822 1.64649868 -148.43717957 0.65098039 0.74117647 0.85882353
v -3.02387667 1.67302608 -148.44946289 0.65098039 0.74117647 0.85882353
v -3.08704066 1.60430074 -148.48281860 0.65098039 0.74117647 0.85882353
v -3.07990527 1.60874987 -148.46640015 0.65098039 0.74117647 0.85882353
v -3.09087515 1.59930968 -148.49877930 0.65098039 0.74117647 0.85882353
v -3.09168196 1.59560871 -148.51187134 0.65098039 0.74117647 0.85882353
v -3.06884980 1.61460924 -148.45086670 0.65098039 0.74117647 0.85882353
v -3.05542183 1.61423397 -148.44029236 0.65098039 0.74117647 0.85882353
v -3.07916451 1.58633280 -148.57575989 0.65098039 0.74117647 0.85882353
v -3.08051252 1.58196378 -148.56353760 0.65098039 0.74117647 0.85882353
v -3.08458900 1.58477640 -148.48388672 0.65098039 0.74117647 0.85882353
v -3.07819748 1.58776736 -148.46842957 0.65098039 0.74117647 0.85882353
v -3.08729196 1.58251762 -148.49977112 0.65098039 0.74117647 0.85882353
v -3.08857608 1.58273363 -148.51260376 0.65098039 0.74117647 0.85882353
v -3.06660914 1.59227324 -148.45382690 0.65098039 0.74117647 0.85882353
v -3.04981852 1.56742167 -148.45303345 0.65098039 0.74117647 0.85882353
v -3.05069327 1.58899188 -148.44482422 0.65098039 0.74117647 0.85882353
v -3.08573294 1.56363130 -148.54962158 0.65098039 0.74117647 0.85882353
v -3.08332610 1.56142879 -148.55323792 0.65098039 0.74117647 0.85882353
v -3.08360553 1.55543828 -148.55187988 0.65098039 0.74117647 0.85882353
v -3.08715677 1.55792880 -148.55094910 0.65098039 0.74117647 0.85882353
v -3.07848310 1.57168460 -148.57389832 0.65098039 0.74117647 0.85882353
v -3.08066964 1.57046103 -148.56130981 0.65098039 0.74117647 0.85882353
v -3.00099611 1.58464217 -148.63265991 0.65098039 0.74117647 0.85882353
v -2.99446177 1.59275091 -148.62940979 0.65098039 0.74117647 0.85882353
v -2.99434018 1.58553517 -148.63412476 0.65098039 0.74117647 0.85882353
v -2.99427223 1.60117245 -148.62661743 0.65098039 0.74117647 0.85882353
v -3.00450778 1.70972371 -148.53199768 0.65098039 0.74117647 0.85882353
v -2.99812984 1.70478272 -148.56381226 0.65098039 0.74117647 0.85882353
v -3.01791477 1.69325972 -148.47111511 0.65098039 0.74117647 0.85882353
v -3.01177931 1.70628810 -148.50010681 0.65098039 0.74117647 0.85882353
v -3.00728631 1.50674653 -148.62562561 0.65098039 0.74117647 0.85882353
v -3.01055145 1.49408293 -148.62475586 0.65098039 0.74117647 0.85882353
v -3.00487542 1.54412580 -148.63195801 0.65098039 0.74117647 0.85882353
v -3.00201797 1.54322755 -148.63185120 0.65098039 0.74117647 0.85882353
v -3.00272608 1.53950620 -148.63241577 0.65098039 0.74117647 0.85882353
v -3.00569987 1.54025197 -148.63243103 0.65098039 0.74117647 0.85882353
v -3.01515055 1.60330558 -148.61935425 0.65098039 0.74117647 0.85882353
v -3.04640746 1.54932165 -148.46347046 0.65098039 0.74117647 0.85882353
v -3.05002117 1.49067950 -148.48214722 0.65098039 0.74117647 0.85882353
v -3.05478549 1.47005963 -148.48370361 0.65098039 0.74117647 0.85882353
v -3.08031154 1.45320129 -148.49534607 0.65098039 0.74117647 0.85882353
v -3.07115221 1.45133507 -148.48710632 0.65098039 0.74117647 0.85882353
v -3.00130248 1.54685378 -148.63185120 0.65098039 0.74117647 0.85882353
v -3.00395775 1.54768777 -148.63153076 0.65098039 0.74117647 0.85882353
v -3.00234246 1.55623603 -148.63574219 0.65098039 0.74117647 0.85882353
v -3.01199198 1.53325033 -148.62997437 0.65098039 0.74117647 0.85882353
v -3.00361729 1.55044127 -148.63168335 0.65098039 0.74117647 0.85882353
v -3.00422931 1.55244255 -148.63177490 0.65098039 0.74117647 0.85882353
v -2.99890614 1.54953074 -148.63308716 0.65098039 0.74117647 0.85882353
v -2.99979663 1.54638171 -148.63162231 0.65098039 0.74117647 0.85882353
v -3.02621078 1.58775783 -148.61968994 0.65098039 0.74117647 0.85882353
v -3.02607536 1.59233856 -148.61972046 0.65098039 0.74117647 0.85882353
v -2.99956870 1.55359721 -148.63966370 0.65098039 0.74117647 0.85882353
v -3.00070524 1.55487132 -148.63742065 0.65098039 0.74117647 0.85882353
v -2.99626803 1.55244899 -148.63943481 0.65098039 0.74117647 0.85882353
v -3.06118011 1.45882368 -148.56932068 0.65098039 0.74117647 0.85882353
v -3.07320666 1.46097970 -148.55850220 0.65098039 0.74117647 0.85882353
v -3.00141811 1.53569603 -148.63209534 0.65098039 0.74117647 0.85882353
v -3.00223231 1.53217220 -148.63063049 0.65098039 0.74117647 0.85882353
v -2.99299574 1.68919945 -148.59385681 0.65098039 0.74117647 0.85882353
v -3.03418303 1.56287575 -148.44950867 0.65098039 0.74117647 0.85882353
v -3.03507853 1.58336759 -148.44030762 0.65098039 0.74117647 0.85882353
v -3.08399105 1.58717358 -148.55574036 0.65098039 0.74117647 0.85882353
v -3.08703685 1.58350384 -148.55093384 0.65098039 0.74117647 0.85882353
v -3.08809423 1.59056735 -148.54920959 0.65098039 0.74117647 0.85882353
v -3.08536911 1.59432888 -148.55422974 0.65098039 0.74117647 0.85882353
v -3.02479935 1.45844102 -148.57876587 0.65098039 0.74117647 0.85882353
v -3.08238363 1.46112096 -148.54675293 0.65098039 0.74117647 0.85882353
v -3.06071925 1.45169914 -148.47955322 0.65098039 0.74117647 0.85882353
v -3.04613352 1.59690380 -148.61436462 0.65098039 0.74117647 0.85882353
v -3.04476976 1.59535754 -148.61492920 0.65098039 0.74117647 0.85882353
v -3.01813555 1.60098147 -148.61897278 0.65098039 0.74117647 0.85882353
v -3.03177762 1.61229920 -148.43316650 0.65098039 0.74117647 0.85882353
v -3.01443815 1.52619362 -148.62792969 0.65098039 0.74117647 0.85882353
v -3.01282549 1.52989578 -148.62722778 0.65098039 0.74117647 0.85882353
v -3.03976774 1.49266934 -148.47804260 0.65098039 0.74117647 0.85882353
v -3.02007985 1.47780967 -148.58929443 0.65098039 0.74117647 0.85882353
v -2.99816322 1.55146337 -148.63621521 0.65098039 0.74117647 0.85882353
v -3.03317475 1.54721475 -148.46015930 0.65098039 0.74117647 0.85882353
v -3.09217072 1.59715259 -148.54235840 0.65098039 0.74117647 0.85882353
v -3.09292316 1.59551859 -148.54548645 0.65098039 0.74117647 0.85882353
v -3.09251952 1.59219456 -148.54525757 0.65098039 0.74117647 0.85882353
v -3.09147120 1.59287667 -148.54377747 0.65098039 0.74117647 0.85882353
v -3.09246016 1.59836137 -148.54965210 0.65098039 0.74117647 0.85882353
v -3.09410238 1.59528375 -148.54800415 0.65098039 0.74117647 0.85882353
v -3.09566927 1.59829450 -148.54725647 0.65098039 0.74117647 0.85882353
v -3.09404874 1.60182762 -148.54837036 0.65098039 0.74117647 0.85882353
v -3.08761692 1.59957433 -148.55157471 0.65098039 0.74117647 0.85882353
v -3.09051847 1.59451485 -148.55041504 0.65098039 0.74117647 0.85882353
v -3.09696174 1.60044324 -148.54591370 0.65098039 0.74117647 0.85882353
v -3.09648728 1.60297489 -148.54710388 0.65098039 0.74117647 0.85882353
v -3.09417963 1.60469079 -148.54553223 0.65098039 0.74117647 0.85882353
v -3.09155297 1.60508752 -148.54141235 0.65098039 0.74117647 0.85882353
v -3.09932971 1.60448217 -148.54449463 0.65098039 0.74117647 0.85882353
v -3.09640527 1.60641694 -148.54206848 0.65098039 0.74117647 0.85882353
v -3.10279155 1.60485005 -148.54048157 0.65098039 0.74117647 0.85882353
v -3.09871268 1.60692382 -148.53764343 0.65098039 0.74117647 0.85882353
v -3.10509729 1.60240269 -148.53559875 0.65098039 0.74117647 0.85882353
v -3.10008717 1.60396099 -148.53240967 0.65098039 0.74117647 0.85882353
v -3.08406234 1.56870961 -148.55413818 0.65098039 0.74117647 0.85882353
v -3.08644748 1.56950796 -148.54826355 0.65098039 0.74117647 0.85882353
v -3.10644364 1.59724140 -148.53254700 0.65098039 0.74117647 0.85882353
v -3.10047102 1.59749079 -148.52966309 0.65098039 0.74117647 0.85882353
v -3.10655355 1.59054995 -148.53045654 0.65098039 0.74117647 0.85882353
v -3.10092950 1.59085202 -148.52789307 0.65098039 0.74117647 0.85882353
v -3.10518599 1.58358359 -148.53041077 0.65098039 0.74117647 0.85882353
v -3.10111547 1.58338737 -148.52807617 0.65098039 0.74117647 0.85882353
v -3.10395432 1.57650161 -148.53141785 0.65098039 0.74117647 0.85882353
v -3.10002303 1.57497478 -148.52937317 0.65098039 0.74117647 0.85882353
v -3.10155058 1.56927681 -148.53399658 0.65098039 0.74117647 0.85882353
v -3.09759903 1.56579518 -148.53179932 0.65098039 0.74117647 0.85882353
v -3.09995294 1.60261750 -148.53857422 0.65098039 0.74117647 0.85882353
v -3.10190678 1.59989548 -148.53536987 0.65098039 0.74117647 0.85882353
v -3.09135723 1.60162354 -148.53399658 0.65098039 0.74117647 0.85882353
v -3.09808373 1.60259342 -148.54266357 0.65098039 0.74117647 0.85882353
v -3.09286737 1.58802724 -148.53903198 0.65098039 0.74117647 0.85882353
v -3.09070683 1.59093261 -148.53747559 0.65098039 0.74117647 0.85882353
v -3.09075356 1.58949924 -148.53775024 0.65098039 0.74117647 0.85882353
v -3.09095955 1.58816481 -148.53572083 0.65098039 0.74117647 0.85882353
v -3.08677268 1.57642555 -148.55007935 0.65098039 0.74117647 0.85882353
v -3.08881688 1.57657075 -148.54702759 0.65098039 0.74117647 0.85882353
v -3.08875299 1.58191490 -148.54789734 0.65098039 0.74117647 0.85882353
v -3.08778763 1.57259059 -148.54611206 0.65098039 0.74117647 0.85882353
v -3.08701372 1.57399511 -148.54508972 0.65098039 0.74117647 0.85882353
v -3.08639812 1.57749271 -148.54550171 0.65098039 0.74117647 0.85882353
v -3.08595705 1.58187592 -148.54553223 0.65098039 0.74117647 0.85882353
v -3.08809423 1.57310224 -148.54330444 0.65098039 0.74117647 0.85882353
v -3.08920121 1.57109666 -148.54394531 0.65098039 0.74117647 0.85882353
v -3.08701372 1.57404375 -148.54277039 0.65098039 0.74117647 0.85882353
v -3.08632493 1.57465768 -148.54379272 0.65098039 0.74117647 0.85882353
v -3.08547449 1.57707453 -148.54287720 0.65098039 0.74117647 0.85882353
v -3.08637905 1.58050048 -148.54096985 0.65098039 0.74117647 0.85882353
v -3.08359766 1.57799327 -148.55513000 0.65098039 0.74117647 0.85882353
v -3.08854198 1.57666016 -148.53163147 0.65098039 0.74117647 0.85882353
v -3.08540940 1.56755400 -148.53460693 0.65098039 0.74117647 0.85882353
v -3.09775448 1.56425333 -148.53834534 0.65098039 0.74117647 0.85882353
v -3.09523678 1.55816722 -148.53723145 0.65098039 0.74117647 0.85882353
v -3.09107161 1.55488014 -148.54901123 0.65098039 0.74117647 0.85882353
v -3.09384322 1.55334437 -148.54328918 0.65098039 0.74117647 0.85882353
v -3.09089518 1.59656405 -148.53147888 0.65098039 0.74117647 0.85882353
v -3.09119272 1.59064293 -148.52995300 0.65098039 0.74117647 0.85882353
v -3.08338022 1.56021619 -148.53979492 0.65098039 0.74117647 0.85882353
v -3.09118152 1.58393741 -148.52926636 0.65098039 0.74117647 0.85882353
v -3.09921718 1.57298517 -148.53475952 0.65098039 0.74117647 0.85882353
v -3.09604931 1.56941128 -148.53758240 0.65098039 0.74117647 0.85882353
v -3.10152674 1.57818508 -148.53260803 0.65098039 0.74117647 0.85882353
v -3.08976102 1.56784868 -148.54504395 0.65098039 0.74117647 0.85882353
v -3.09053397 1.56228638 -148.54685974 0.65098039 0.74117647 0.85882353
v -3.09456778 1.56216645 -148.54301453 0.65098039 0.74117647 0.85882353
v -3.09256196 1.56798434 -148.54096985 0.65098039 0.74117647 0.85882353
v -3.09799576 1.57565093 -148.53707886 0.65098039 0.74117647 0.85882353
v -3.09424353 1.57325149 -148.53817749 0.65098039 0.74117647 0.85882353
v -3.09509468 1.57823896 -148.53680420 0.65098039 0.74117647 0.85882353
v -3.09163427 1.57625628 -148.53787231 0.65098039 0.74117647 0.85882353
v -3.08941984 1.57404518 -148.54074097 0.65098039 0.74117647 0.85882353
v -3.09120297 1.57166195 -148.54078674 0.65098039 0.74117647 0.85882353
v -3.08782101 1.57856023 -148.53689575 0.65098039 0.74117647 0.85882353
v -3.09157348 1.58165169 -148.53631592 0.65098039 0.74117647 0.85882353
v -3.08701587 1.57561398 -148.54058838 0.65098039 0.74117647 0.85882353
v -3.09712768 1.58106351 -148.53717041 0.65098039 0.74117647 0.85882353
v -3.09921813 1.58509231 -148.53662109 0.65098039 0.74117647 0.85882353
v -3.09660387 1.58722591 -148.53901672 0.65098039 0.74117647 0.85882353
v -3.09418392 1.58430088 -148.53741455 0.65098039 0.74117647 0.85882353
v -3.10240626 1.58410072 -148.53143311 0.65098039 0.74117647 0.85882353
v -3.10175800 1.58418465 -148.53439331 0.65098039 0.74117647 0.85882353
v -3.09992075 1.57953143 -148.53526306 0.65098039 0.74117647 0.85882353
v -3.10270476 1.58957791 -148.53427124 0.65098039 0.74117647 0.85882353
v -3.10264015 1.59049034 -148.53123474 0.65098039 0.74117647 0.85882353
v -3.10046697 1.58933783 -148.53610229 0.65098039 0.74117647 0.85882353
v -3.09871149 1.59008288 -148.53791809 0.65098039 0.74117647 0.85882353
v -3.10120249 1.59802544 -148.53689575 0.65098039 0.74117647 0.85882353
v -3.10221887 1.59442377 -148.53518677 0.65098039 0.74117647 0.85882353
v -3.10292578 1.59613872 -148.53288269 0.65098039 0.74117647 0.85882353
v -3.10084367 1.59297144 -148.53715515 0.65098039 0.74117647 0.85882353
v -3.09978342 1.59573340 -148.53823853 0.65098039 0.74117647 0.85882353
v -3.09828138 1.59392202 -148.53839111 0.65098039 0.74117647 0.85882353
v -3.09935236 1.59250522 -148.53744507 0.65098039 0.74117647 0.85882353
v -3.09555769 1.60013509 -148.54417419 0.65098039 0.74117647 0.85882353
v -3.09409475 1.59833479 -148.54530334 0.65098039 0.74117647 0.85882353
v -3.09715652 1.60064209 -148.54199219 0.65098039 0.74117647 0.85882353
v -3.09498334 1.60149097 -148.54188538 0.65098039 0.74117647 0.85882353
v -3.09596825 1.59863877 -148.54138184 0.65098039 0.74117647 0.85882353
v -3.09353518 1.60040855 -148.54193115 0.65098039 0.74117647 0.85882353
v -3.09486341 1.59661508 -148.54147339 0.65098039 0.74117647 0.85882353
v -3.09312415 1.59354401 -148.54154968 0.65098039 0.74117647 0.85882353
v -3.03610539 1.43517840 -148.58137512 0.65098039 0.74117647 0.85882353
v -3.03663540 1.44422746 -148.57936096 0.65098039 0.74117647 0.85882353
v -3.02540016 1.44104600 -148.57814026 0.65098039 0.74117647 0.85882353
v -3.02442169 1.43239141 -148.57908630 0.65098039 0.74117647 0.85882353
v -3.09673929 1.59509063 -148.54028320 0.65098039 0.74117647 0.85882353
v -3.09799910 1.59741735 -148.53985596 0.65098039 0.74117647 0.85882353
v -3.09910560 1.60011411 -148.53907776 0.65098039 0.74117647 0.85882353
v -3.09474397 1.59034562 -148.53968811 0.65098039 0.74117647 0.85882353
v -3.09630728 1.58978868 -148.53945923 0.65098039 0.74117647 0.85882353
v -3.09721732 1.59152317 -148.53913879 0.65098039 0.74117647 0.85882353
v -3.09535050 1.59251642 -148.54019165 0.65098039 0.74117647 0.85882353
v -3.08870173 1.58569050 -148.54747009 0.65098039 0.74117647 0.85882353
v -3.08796620 1.58447802 -148.54394531 0.65098039 0.74117647 0.85882353
v -3.08936548 1.58291173 -148.53982544 0.65098039 0.74117647 0.85882353
v -3.06821442 1.42209077 -148.58116150 0.65098039 0.74117647 0.85882353
v -3.08670926 1.42477727 -148.57337952 0.65098039 0.74117647 0.85882353
v -3.08386111 1.43192542 -148.56661987 0.65098039 0.74117647 0.85882353
v -3.06746864 1.42961955 -148.57418823 0.65098039 0.74117647 0.85882353
v -3.06156111 1.41117454 -148.60578918 0.65098039 0.74117647 0.85882353
v -3.05392218 1.39937139 -148.62104797 0.65098039 0.74117647 0.85882353
v -3.07293630 1.40494502 -148.61991882 0.65098039 0.74117647 0.85882353
v -3.08901048 1.41503334 -148.59857178 0.65098039 0.74117647 0.85882353
v -3.06226993 1.39184570 -148.63650513 0.65098039 0.74117647 0.85882353
v -3.04615021 1.38617373 -148.63569641 0.65098039 0.74117647 0.85882353
v -3.03886747 1.35310793 -148.68185425 0.65098039 0.74117647 0.85882353
v -3.04558825 1.36537790 -148.66708374 0.65098039 0.74117647 0.85882353
v -3.03150654 1.36252272 -148.66473389 0.65098039 0.74117647 0.85882353
v -3.02419496 1.35089183 -148.67921448 0.65098039 0.74117647 0.85882353
v -3.04445982 1.27713537 -148.74046326 0.65098039 0.74117647 0.85882353
v -3.03262782 1.28007412 -148.73959351 0.65098039 0.74117647 0.85882353
v -3.02586079 1.26285172 -148.73873901 0.65098039 0.74117647 0.85882353
v -3.03921580 1.25666642 -148.73919678 0.65098039 0.74117647 0.85882353
v -3.10356927 1.38058448 -148.66394043 0.65098039 0.74117647 0.85882353
v -3.10875726 1.37325978 -148.66906738 0.65098039 0.74117647 0.85882353
v -3.11446428 1.39266443 -148.66206360 0.65098039 0.74117647 0.85882353
v -3.10976553 1.39806604 -148.65571594 0.65098039 0.74117647 0.85882353
v -3.12969637 1.42071438 -148.55613708 0.65098039 0.74117647 0.85882353
v -3.12370372 1.42414641 -148.55026245 0.65098039 0.74117647 0.85882353
v -3.10826182 1.42088366 -148.56822205 0.65098039 0.74117647 0.85882353
v -3.11292648 1.41904140 -148.57601929 0.65098039 0.74117647 0.85882353
v -3.09710526 1.28739190 -148.71459961 0.65098039 0.74117647 0.85882353
v -3.08874965 1.30037773 -148.71710205 0.65098039 0.74117647 0.85882353
v -3.08396840 1.28749037 -148.72515869 0.65098039 0.74117647 0.85882353
v -3.09088135 1.27393007 -148.72253418 0.65098039 0.74117647 0.85882353
v -3.06724644 1.18420625 -148.71458435 0.65098039 0.74117647 0.85882353
v -3.04963183 1.18646896 -148.72286987 0.65098039 0.74117647 0.85882353
v -3.04639053 1.16566563 -148.72598267 0.65098039 0.74117647 0.85882353
v -3.06489205 1.16280723 -148.71653748 0.65098039 0.74117647 0.85882353
v -3.12156773 1.19689226 -148.67361450 0.65098039 0.74117647 0.85882353
v -3.11743116 1.17816925 -148.67144775 0.65098039 0.74117647 0.85882353
v -3.12582088 1.17493749 -148.64958191 0.65098039 0.74117647 0.85882353
v -3.13038564 1.19249594 -148.65185547 0.65098039 0.74117647 0.85882353
v -3.06461167 1.35418928 -148.68431091 0.65098039 0.74117647 0.85882353
v -3.07180119 1.36838126 -148.66928101 0.65098039 0.74117647 0.85882353
v -3.05925632 1.36716533 -148.66847229 0.65098039 0.74117647 0.85882353
v -3.05236244 1.35412192 -148.68348694 0.65098039 0.74117647 0.85882353
v -3.16002607 1.46671689 -148.76484680 0.65098039 0.74117647 0.85882353
v -3.15718031 1.45650244 -148.74099731 0.65098039 0.74117647 0.85882353
v -3.14903021 1.44372535 -148.74812317 0.65098039 0.74117647 0.85882353
v -3.15219498 1.45440745 -148.77255249 0.65098039 0.74117647 0.85882353
v -3.10253882 1.08673692 -148.68328857 0.65098039 0.74117647 0.85882353
v -3.10175395 1.07017660 -148.68684387 0.65098039 0.74117647 0.85882353
v -3.11160278 1.07127118 -148.66268921 0.65098039 0.74117647 0.85882353
v -3.11108494 1.08791423 -148.66026306 0.65098039 0.74117647 0.85882353
v -3.15584588 1.44113111 -148.64700317 0.65098039 0.74117647 0.85882353
v -3.17645979 1.44496536 -148.63743591 0.65098039 0.74117647 0.85882353
v -3.17401123 1.44261336 -148.62683105 0.65098039 0.74117647 0.85882353
v -3.15259171 1.43976498 -148.63815308 0.65098039 0.74117647 0.85882353
v -3.09984303 1.34510136 -148.68560791 0.65098039 0.74117647 0.85882353
v -3.10413790 1.35798097 -148.67683411 0.65098039 0.74117647 0.85882353
v -3.09783363 1.36635470 -148.67373657 0.65098039 0.74117647 0.85882353
v -3.09240103 1.35193133 -148.68429565 0.65098039 0.74117647 0.85882353
v -3.14449954 1.22576654 -148.65277100 0.65098039 0.74117647 0.85882353
v -3.14956117 1.24521506 -148.65129089 0.65098039 0.74117647 0.85882353
v -3.14124250 1.25059867 -148.66638184 0.65098039 0.74117647 0.85882353
v -3.13642359 1.23128462 -148.67056274 0.65098039 0.74117647 0.85882353
v -3.13028049 1.21372223 -148.67349243 0.65098039 0.74117647 0.85882353
v -3.13817477 1.20828938 -148.65330505 0.65098039 0.74117647 0.85882353
v -3.08456826 1.35303664 -148.68458557 0.65098039 0.74117647 0.85882353
v -3.09148836 1.37032962 -148.67103577 0.65098039 0.74117647 0.85882353
v -3.08266616 1.36911798 -148.67028809 0.65098039 0.74117647 0.85882353
v -3.07527971 1.35366654 -148.68453979 0.65098039 0.74117647 0.85882353
v -3.01923728 1.24635541 -148.73301697 0.65098039 0.74117647 0.85882353
v -3.03558302 1.23868155 -148.73298645 0.65098039 0.74117647 0.85882353
v -3.08604980 1.06835282 -148.70828247 0.65098039 0.74117647 0.85882353
v -3.08772898 1.08537722 -148.70417786 0.65098039 0.74117647 0.85882353
v -3.06856966 1.08369160 -148.71992493 0.65098039 0.74117647 0.85882353
v -3.06625462 1.06653643 -148.72431946 0.65098039 0.74117647 0.85882353
v -3.03390884 1.20821345 -148.72288513 0.65098039 0.74117647 0.85882353
v -3.05087948 1.20552301 -148.71958923 0.65098039 0.74117647 0.85882353
v -3.05011392 1.22115743 -148.72457886 0.65098039 0.74117647 0.85882353
v -3.03404069 1.22422028 -148.72544861 0.65098039 0.74117647 0.85882353
v -3.04422498 1.06610215 -148.73587036 0.65098039 0.74117647 0.85882353
v -3.04743624 1.08299232 -148.73109436 0.65098039 0.74117647 0.85882353
v -3.02613425 1.08382523 -148.73947144 0.65098039 0.74117647 0.85882353
v -3.02260542 1.06523812 -148.74499512 0.65098039 0.74117647 0.85882353
v -3.05372548 1.37785232 -148.65197754 0.65098039 0.74117647 0.85882353
v -3.03867602 1.37385213 -148.65019226 0.65098039 0.74117647 0.85882353
v -3.06617880 1.27484012 -148.73675537 0.65098039 0.74117647 0.85882353
v -3.05613828 1.27522755 -148.73953247 0.65098039 0.74117647 0.85882353
v -3.05218053 1.25398028 -148.73847961 0.65098039 0.74117647 0.85882353
v -3.06400776 1.25403368 -148.73597717 0.65098039 0.74117647 0.85882353
v -3.12208843 1.34157872 -148.67276001 0.65098039 0.74117647 0.85882353
v -3.12838554 1.35694218 -148.66990662 0.65098039 0.74117647 0.85882353
v -3.12130165 1.38049603 -148.66860962 0.65098039 0.74117647 0.85882353
v -3.11497378 1.36021376 -148.67314148 0.65098039 0.74117647 0.85882353
v -3.11320305 1.05450702 -148.66549683 0.65098039 0.74117647 0.85882353
v -3.10236216 1.05357695 -148.69035339 0.65098039 0.74117647 0.85882353
v -3.04287863 1.04831839 -148.73905945 0.65098039 0.74117647 0.85882353
v -3.02077270 1.04688048 -148.74847412 0.65098039 0.74117647 0.85882353
v -3.16500950 1.33394980 -148.66238403 0.65098039 0.74117647 0.85882353
v -3.15868139 1.34158635 -148.66415405 0.65098039 0.74117647 0.85882353
v -3.15624762 1.33138466 -148.66023254 0.65098039 0.74117647 0.85882353
v -3.16314483 1.32620323 -148.65838623 0.65098039 0.74117647 0.85882353
v -2.99812078 1.28443694 -148.72630310 0.65098039 0.74117647 0.85882353
v -3.00532532 1.26170278 -148.73149109 0.65098039 0.74117647 0.85882353
v -3.01549864 1.27586007 -148.73597717 0.65098039 0.74117647 0.85882353
v -3.01087999 1.29405904 -148.72946167 0.65098039 0.74117647 0.85882353
v -3.06361270 1.23525035 -148.72955322 0.65098039 0.74117647 0.85882353
v -3.05028844 1.23561633 -148.73191833 0.65098039 0.74117647 0.85882353
v -3.06520963 1.22066438 -148.72195435 0.65098039 0.74117647 0.85882353
v -2.98600316 1.27304125 -148.71955872 0.65098039 0.74117647 0.85882353
v -2.99512696 1.24429631 -148.72184753 0.65098039 0.74117647 0.85882353
v -3.02255845 1.37090087 -148.64805603 0.65098039 0.74117647 0.85882353
v -3.01559043 1.35995483 -148.66175842 0.65098039 0.74117647 0.85882353
v -3.02942061 1.38226056 -148.63496399 0.65098039 0.74117647 0.85882353
v -3.03538108 1.39434457 -148.62171936 0.65098039 0.74117647 0.85882353
v -3.01915169 1.39044905 -148.62083435 0.65098039 0.74117647 0.85882353
v -3.01308656 1.37876272 -148.63327026 0.65098039 0.74117647 0.85882353
v -3.04111886 1.40649319 -148.60887146 0.65098039 0.74117647 0.85882353
v -3.02400184 1.40248024 -148.60934448 0.65098039 0.74117647 0.85882353
v -3.04904556 1.41957235 -148.58616638 0.65098039 0.74117647 0.85882353
v -3.05025005 1.42703605 -148.57902527 0.65098039 0.74117647 0.85882353
v -3.11039448 1.34541440 -148.67900085 0.65098039 0.74117647 0.85882353
v -3.10751748 1.33276486 -148.68644714 0.65098039 0.74117647 0.85882353
v -3.06515694 1.04963791 -148.72727966 0.65098039 0.74117647 0.85882353
v -3.17609239 1.33309579 -148.52995300 0.65098039 0.74117647 0.85882353
v -3.18593311 1.34129357 -148.54606628 0.65098039 0.74117647 0.85882353
v -3.18215036 1.32626033 -148.54779053 0.65098039 0.74117647 0.85882353
v -3.17324758 1.31773853 -148.53155518 0.65098039 0.74117647 0.85882353
v -3.11988616 1.41918516 -148.58157349 0.65098039 0.74117647 0.85882353
v -3.13626075 1.41995883 -148.56071472 0.65098039 0.74117647 0.85882353
v -3.18803859 1.31327200 -148.62654114 0.65098039 0.74117647 0.85882353
v -3.18396306 1.30959368 -148.63035583 0.65098039 0.74117647 0.85882353
v -3.18122387 1.30145001 -148.61845398 0.65098039 0.74117647 0.85882353
v -3.18489385 1.30649805 -148.61415100 0.65098039 0.74117647 0.85882353
v -3.17891622 1.32587218 -148.65867615 0.65098039 0.74117647 0.85882353
v -3.18510556 1.32594693 -148.65731812 0.65098039 0.74117647 0.85882353
v -3.18909192 1.33381855 -148.67181396 0.65098039 0.74117647 0.85882353
v -3.18394709 1.33377314 -148.67253113 0.65098039 0.74117647 0.85882353
v -3.11460543 1.07265127 -148.63873291 0.65098039 0.74117647 0.85882353
v -3.11376095 1.08940482 -148.63609314 0.65098039 0.74117647 0.85882353
v -3.13564324 1.19390821 -148.59072876 0.65098039 0.74117647 0.85882353
v -3.14640832 1.21079016 -148.59579468 0.65098039 0.74117647 0.85882353
v -3.14627528 1.20727730 -148.61413574 0.65098039 0.74117647 0.85882353
v -3.13674140 1.19037879 -148.61047363 0.65098039 0.74117647 0.85882353
v -3.07197714 1.30655694 -148.48114014 0.65098039 0.74117647 0.85882353
v -3.09458876 1.30902588 -148.48681641 0.65098039 0.74117647 0.85882353
v -3.09256268 1.29557252 -148.48973083 0.65098039 0.74117647 0.85882353
v -3.06979632 1.29377079 -148.48367310 0.65098039 0.74117647 0.85882353
v -3.14595699 1.33158231 -148.49877930 0.65098039 0.74117647 0.85882353
v -3.12109900 1.32586956 -148.48976135 0.65098039 0.74117647 0.85882353
v -3.12187338 1.33856320 -148.48815918 0.65098039 0.74117647 0.85882353
v -3.14648366 1.34586811 -148.49792480 0.65098039 0.74117647 0.85882353
v -3.16194010 1.32487154 -148.51365662 0.65098039 0.74117647 0.85882353
v -3.15868664 1.30976093 -148.51559448 0.65098039 0.74117647 0.85882353
v -3.14970326 1.22425914 -148.63481140 0.65098039 0.74117647 0.85882353
v -3.15522909 1.24268651 -148.63565063 0.65098039 0.74117647 0.85882353
v -3.16358304 1.27144432 -148.63894653 0.65098039 0.74117647 0.85882353
v -3.16598654 1.28402567 -148.64096069 0.65098039 0.74117647 0.85882353
v -3.15845704 1.28744113 -148.64949036 0.65098039 0.74117647 0.85882353
v -3.15585446 1.27524424 -148.64920044 0.65098039 0.74117647 0.85882353
v -3.11718106 1.42975044 -148.54383850 0.65098039 0.74117647 0.85882353
v -3.13488507 1.42293251 -148.53121948 0.65098039 0.74117647 0.85882353
v -3.12585306 1.42755604 -148.52380371 0.65098039 0.74117647 0.85882353
v -3.10922241 1.38889265 -148.48646545 0.65098039 0.74117647 0.85882353
v -3.11727571 1.39529967 -148.49305725 0.65098039 0.74117647 0.85882353
v -3.12332296 1.38773227 -148.49409485 0.65098039 0.74117647 0.85882353
v -3.11117268 1.38123727 -148.48579407 0.65098039 0.74117647 0.85882353
v -3.08382773 1.23823643 -148.50367737 0.65098039 0.74117647 0.85882353
v -3.07977939 1.22195935 -148.51141357 0.65098039 0.74117647 0.85882353
v -3.05754805 1.22204709 -148.50175476 0.65098039 0.74117647 0.85882353
v -3.06254721 1.23834729 -148.49450684 0.65098039 0.74117647 0.85882353
v -3.17216468 1.29476833 -148.63720703 0.65098039 0.74117647 0.85882353
v -3.17563796 1.29535317 -148.63056946 0.65098039 0.74117647 0.85882353
v -3.17629886 1.30639386 -148.63906860 0.65098039 0.74117647 0.85882353
v -3.17209983 1.30647182 -148.64448547 0.65098039 0.74117647 0.85882353
v -3.17514014 1.28381729 -148.62449646 0.65098039 0.74117647 0.85882353
v -3.17125392 1.28283215 -148.63247681 0.65098039 0.74117647 0.85882353
v -3.16951847 1.26997793 -148.62910461 0.65098039 0.74117647 0.85882353
v -3.17328572 1.27071178 -148.61909485 0.65098039 0.74117647 0.85882353
v -3.15519285 1.22683406 -148.60102844 0.65098039 0.74117647 0.85882353
v -3.16339660 1.24359274 -148.60791016 0.65098039 0.74117647 0.85882353
v -3.15966654 1.24298763 -148.62205505 0.65098039 0.74117647 0.85882353
v -3.15375328 1.22487545 -148.61784363 0.65098039 0.74117647 0.85882353
v -3.03844357 1.16973639 -148.52322388 0.65098039 0.74117647 0.85882353
v -3.04433107 1.18633294 -148.51562500 0.65098039 0.74117647 0.85882353
v -3.06439877 1.18477476 -148.52287292 0.65098039 0.74117647 0.85882353
v -3.05777717 1.16640723 -148.52822876 0.65098039 0.74117647 0.85882353
v -3.15455723 1.36404562 -148.67060852 0.65098039 0.74117647 0.85882353
v -3.15613627 1.37082529 -148.68223572 0.65098039 0.74117647 0.85882353
v -3.14796257 1.38233757 -148.67999268 0.65098039 0.74117647 0.85882353
v -3.14676023 1.37657750 -148.67105103 0.65098039 0.74117647 0.85882353
v -3.20452142 1.34673262 -148.67442322 0.65098039 0.74117647 0.85882353
v -3.20775771 1.35125589 -148.67134094 0.65098039 0.74117647 0.85882353
v -3.21120286 1.35885203 -148.68252563 0.65098039 0.74117647 0.85882353
v -3.20841503 1.35431862 -148.68505859 0.65098039 0.74117647 0.85882353
v -3.16226149 1.36800790 -148.70637512 0.65098039 0.74117647 0.85882353
v -3.16168880 1.37515593 -148.73094177 0.65098039 0.74117647 0.85882353
v -3.15379071 1.38525701 -148.72355652 0.65098039 0.74117647 0.85882353
v -3.15518546 1.37754464 -148.70068359 0.65098039 0.74117647 0.85882353
v -3.15996408 1.41298795 -148.54762268 0.65098039 0.74117647 0.85882353
v -3.15253878 1.41573060 -148.54228210 0.65098039 0.74117647 0.85882353
v -3.14299679 1.41947091 -148.56529236 0.65098039 0.74117647 0.85882353
v -3.17377329 1.34638083 -148.69050598 0.65098039 0.74117647 0.85882353
v -3.18040681 1.34201932 -148.69126892 0.65098039 0.74117647 0.85882353
v -3.18413973 1.34851241 -148.71336365 0.65098039 0.74117647 0.85882353
v -3.17568517 1.35265803 -148.71313477 0.65098039 0.74117647 0.85882353
v -3.17439580 1.47558677 -148.75955200 0.65098039 0.74117647 0.85882353
v -3.17163301 1.46531916 -148.73579407 0.65098039 0.74117647 0.85882353
v -3.17136168 1.37554431 -148.76054382 0.65098039 0.74117647 0.85882353
v -3.16901708 1.36613965 -148.73606873 0.65098039 0.74117647 0.85882353
v -3.17850733 1.35969019 -148.73846436 0.65098039 0.74117647 0.85882353
v -3.18307900 1.37028420 -148.76338196 0.65098039 0.74117647 0.85882353
v -3.12829161 1.17428744 -148.60664368 0.65098039 0.74117647 0.85882353
v -3.12438679 1.17774415 -148.58656311 0.65098039 0.74117647 0.85882353
v -3.10406160 1.07582879 -148.59458923 0.65098039 0.74117647 0.85882353
v -3.10298395 1.09407556 -148.59181213 0.65098039 0.74117647 0.85882353
v -3.11052442 1.09175932 -148.61235046 0.65098039 0.74117647 0.85882353
v -3.11195040 1.07429528 -148.61531067 0.65098039 0.74117647 0.85882353
v -3.11627126 1.05570471 -148.64033508 0.65098039 0.74117647 0.85882353
v -3.10488963 1.05701733 -148.59643555 0.65098039 0.74117647 0.85882353
v -3.11317325 1.05642283 -148.61718750 0.65098039 0.74117647 0.85882353
v -3.10658836 1.44025373 -148.51814270 0.65098039 0.74117647 0.85882353
v -3.11600995 1.43315721 -148.51982117 0.65098039 0.74117647 0.85882353
v -3.11260128 1.42494559 -148.50340271 0.65098039 0.74117647 0.85882353
v -3.10357809 1.43472409 -148.50296021 0.65098039 0.74117647 0.85882353
v -3.12866855 0.94345933 -148.64854431 0.65098039 0.74117647 0.85882353
v -3.12405586 0.94389939 -148.67829895 0.65098039 0.74117647 0.85882353
v -3.12393093 0.91408420 -148.67868042 0.65098039 0.74117647 0.85882353
v -3.12629628 0.91279513 -148.64630127 0.65098039 0.74117647 0.85882353
v -3.08927822 1.40895367 -148.47952271 0.65098039 0.74117647 0.85882353
v -3.08343887 1.42279148 -148.48088074 0.65098039 0.74117647 0.85882353
v -3.09418583 1.42853642 -148.49119568 0.65098039 0.74117647 0.85882353
v -3.10232091 1.41618514 -148.49102783 0.65098039 0.74117647 0.85882353
v -3.13068056 0.97036833 -148.64920044 0.65098039 0.74117647 0.85882353
v -3.12391639 0.96885103 -148.67738342 0.65098039 0.74117647 0.85882353
v -3.10171437 1.44176531 -148.53584290 0.65098039 0.74117647 0.85882353
v -3.10943294 1.43546414 -148.53895569 0.65098039 0.74117647 0.85882353
v -3.09311938 1.44080448 -148.55108643 0.65098039 0.74117647 0.85882353
v -3.09820509 1.43350601 -148.55462646 0.65098039 0.74117647 0.85882353
v -3.08106852 1.44028401 -148.56250000 0.65098039 0.74117647 0.85882353
v -3.11316442 0.93934500 -148.70419312 0.65098039 0.74117647 0.85882353
v -3.11605525 0.91101933 -148.70590210 0.65098039 0.74117647 0.85882353
v -3.09454107 1.44565558 -148.50425720 0.65098039 0.74117647 0.85882353
v -3.08701444 1.44068837 -148.49299622 0.65098039 0.74117647 0.85882353
v -3.07783866 1.43682528 -148.48332214 0.65098039 0.74117647 0.85882353
v -3.06604600 1.43655109 -148.47512817 0.65098039 0.74117647 0.85882353
v -3.05213380 1.43680549 -148.46890259 0.65098039 0.74117647 0.85882353
v -3.04879236 1.45252442 -148.47479248 0.65098039 0.74117647 0.85882353
v -3.11502361 1.03842592 -148.66894531 0.65098039 0.74117647 0.85882353
v -3.11958408 1.03865659 -148.64254761 0.65098039 0.74117647 0.85882353
v -3.08339620 0.80573905 -148.57844543 0.65098039 0.74117647 0.85882353
v -3.08016181 0.78871518 -148.59252930 0.65098039 0.74117647 0.85882353
v -3.05229878 0.78901649 -148.57759094 0.65098039 0.74117647 0.85882353
v -3.05976677 0.80462968 -148.56239319 0.65098039 0.74117647 0.85882353
v -2.99748182 0.81876028 -148.54119873 0.65098039 0.74117647 0.85882353
v -3.03137326 0.80837452 -148.55093384 0.65098039 0.74117647 0.85882353
v -3.02122855 0.79570794 -148.56677246 0.65098039 0.74117647 0.85882353
v -2.98771310 0.80550212 -148.55967712 0.65098039 0.74117647 0.85882353
v -3.03061938 0.94230258 -148.51054382 0.65098039 0.74117647 0.85882353
v -3.03227425 0.96323800 -148.51554871 0.65098039 0.74117647 0.85882353
v -3.05846262 0.96092331 -148.52476501 0.65098039 0.74117647 0.85882353
v -3.05784464 0.93987894 -148.51943970 0.65098039 0.74117647 0.85882353
v -3.11651325 1.03915942 -148.61801147 0.65098039 0.74117647 0.85882353
v -3.10806727 1.03888547 -148.59686279 0.65098039 0.74117647 0.85882353
v -3.10294175 1.03776193 -148.69354248 0.65098039 0.74117647 0.85882353
v -3.10747719 0.78305340 -148.72683716 0.65098039 0.74117647 0.85882353
v -3.10445213 0.75117755 -148.72380066 0.65098039 0.74117647 0.85882353
v -3.11348653 0.74907029 -148.68704224 0.65098039 0.74117647 0.85882353
v -3.12080956 0.78058863 -148.69071960 0.65098039 0.74117647 0.85882353
v -3.09313536 0.74686778 -148.62452698 0.65098039 0.74117647 0.85882353
v -3.06620407 0.74707592 -148.60453796 0.65098039 0.74117647 0.85882353
v -3.07379866 0.76916707 -148.59985352 0.65098039 0.74117647 0.85882353
v -3.10121250 0.77249432 -148.62168884 0.65098039 0.74117647 0.85882353
v -2.99862289 1.04636168 -148.75604248 0.65098039 0.74117647 0.85882353
v -2.99668765 1.02702320 -148.75784302 0.65098039 0.74117647 0.85882353
v -3.01920819 1.02883291 -148.75032043 0.65098039 0.74117647 0.85882353
v -2.93740916 1.04452801 -148.75686646 0.65098039 0.74117647 0.85882353
v -2.93451595 1.02452922 -148.75849915 0.65098039 0.74117647 0.85882353
v -2.95393372 1.02524495 -148.76176453 0.65098039 0.74117647 0.85882353
v -2.95754695 1.04504299 -148.76042175 0.65098039 0.74117647 0.85882353
v -2.93713784 0.91160297 -148.75000000 0.65098039 0.74117647 0.85882353
v -2.94208050 0.93481421 -148.75387573 0.65098039 0.74117647 0.85882353
v -2.92605114 0.93568540 -148.74966431 0.65098039 0.74117647 0.85882353
v -2.92354035 0.91385019 -148.74578857 0.65098039 0.74117647 0.85882353
v -3.09604883 0.93475050 -148.72578430 0.65098039 0.74117647 0.85882353
v -3.09338069 0.95952898 -148.72291565 0.65098039 0.74117647 0.85882353
v -3.07004857 0.95428354 -148.73927307 0.65098039 0.74117647 0.85882353
v -3.07285070 0.93083143 -148.74342346 0.65098039 0.74117647 0.85882353
v -3.00958467 0.78588676 -148.58201599 0.65098039 0.74117647 0.85882353
v -2.97763991 0.79755700 -148.57937622 0.65098039 0.74117647 0.85882353
v -3.08440638 0.79010051 -148.75628662 0.65098039 0.74117647 0.85882353
v -3.08350992 0.75578082 -148.75570679 0.65098039 0.74117647 0.85882353
v -3.05268931 0.76065552 -148.77493286 0.65098039 0.74117647 0.85882353
v -3.05483818 0.79464018 -148.77308655 0.65098039 0.74117647 0.85882353
v -3.02209425 0.79708886 -148.77563477 0.65098039 0.74117647 0.85882353
v -3.01904368 0.76510131 -148.77729797 0.65098039 0.74117647 0.85882353
v -2.93288326 0.82611275 -148.71562195 0.65098039 0.74117647 0.85882353
v -2.93582439 0.82073438 -148.71278381 0.65098039 0.74117647 0.85882353
v -2.94787264 0.83815271 -148.73568726 0.65098039 0.74117647 0.85882353
v -2.93986964 0.84937179 -148.73849487 0.65098039 0.74117647 0.85882353
v -3.01394558 0.85611093 -148.51559448 0.65098039 0.74117647 0.85882353
v -3.04345727 0.84839088 -148.52462769 0.65098039 0.74117647 0.85882353
v -3.03759909 0.82699323 -148.53497314 0.65098039 0.74117647 0.85882353
v -3.00730157 0.83711481 -148.52537537 0.65098039 0.74117647 0.85882353
v -3.09547424 1.03843355 -148.57867432 0.65098039 0.74117647 0.85882353
v -3.09248924 1.05749297 -148.57931519 0.65098039 0.74117647 0.85882353
v -3.07772613 1.05873871 -148.56571960 0.65098039 0.74117647 0.85882353
v -3.07779741 1.07936621 -148.56443787 0.65098039 0.74117647 0.85882353
v -3.09271359 1.07739043 -148.57836914 0.65098039 0.74117647 0.85882353
v -3.10639930 1.19082010 -148.54930115 0.65098039 0.74117647 0.85882353
v -3.12047672 1.20616257 -148.55171204 0.65098039 0.74117647 0.85882353
v -3.12977099 1.19812489 -148.57098389 0.65098039 0.74117647 0.85882353
v -3.11759138 1.18350792 -148.56779480 0.65098039 0.74117647 0.85882353
v -3.11939931 1.31263816 -148.49293518 0.65098039 0.74117647 0.85882353
v -3.11733818 1.29909992 -148.49613953 0.65098039 0.74117647 0.85882353
v -3.03280139 0.75445342 -148.59147644 0.65098039 0.74117647 0.85882353
v -3.03261805 0.72819984 -148.59715271 0.65098039 0.74117647 0.85882353
v -2.99806190 0.73670518 -148.59680176 0.65098039 0.74117647 0.85882353
v -2.99144006 0.77000260 -148.59388733 0.65098039 0.74117647 0.85882353
v -3.08609438 0.72014320 -148.62643433 0.65098039 0.74117647 0.85882353
v -3.11069870 0.74875426 -148.65275574 0.65098039 0.74117647 0.85882353
v -3.10177064 0.71955568 -148.65191650 0.65098039 0.74117647 0.85882353
v -3.09901428 0.72020769 -148.72407532 0.65098039 0.74117647 0.85882353
v -3.10643125 0.71931541 -148.68641663 0.65098039 0.74117647 0.85882353
v -3.04855156 0.72784066 -148.77607727 0.65098039 0.74117647 0.85882353
v -3.01521039 0.73264408 -148.77735901 0.65098039 0.74117647 0.85882353
v -2.94499111 0.76605165 -148.72048950 0.65098039 0.74117647 0.85882353
v -2.94527984 0.74017656 -148.71528625 0.65098039 0.74117647 0.85882353
v -2.96125364 0.73836583 -148.74089050 0.65098039 0.74117647 0.85882353
v -2.96279573 0.76606828 -148.74467468 0.65098039 0.74117647 0.85882353
v -2.97950315 0.89790243 -148.75936890 0.65098039 0.74117647 0.85882353
v -2.99131870 0.87860435 -148.75956726 0.65098039 0.74117647 0.85882353
v -3.01980543 0.89320946 -148.76060486 0.65098039 0.74117647 0.85882353
v -3.01669908 0.91342759 -148.75794983 0.65098039 0.74117647 0.85882353
v -2.96085525 1.06546330 -148.75764465 0.65098039 0.74117647 0.85882353
v -2.94400382 1.06381845 -148.75489807 0.65098039 0.74117647 0.85882353
v -3.00095510 1.06580472 -148.75268555 0.65098039 0.74117647 0.85882353
v -2.97976375 1.06629992 -148.75724792 0.65098039 0.74117647 0.85882353
v -2.97712612 1.04554033 -148.76016235 0.65098039 0.74117647 0.85882353
v -2.97781968 1.15262055 -148.74487305 0.65098039 0.74117647 0.85882353
v -2.97204232 1.13059783 -148.74775696 0.65098039 0.74117647 0.85882353
v -2.99344969 1.12854648 -148.74658203 0.65098039 0.74117647 0.85882353
v -2.99983931 1.14988613 -148.74345398 0.65098039 0.74117647 0.85882353
v -3.00694823 1.17291594 -148.73918152 0.65098039 0.74117647 0.85882353
v -2.98439574 1.17592120 -148.73959351 0.65098039 0.74117647 0.85882353
v -2.99544597 1.21941364 -148.72019958 0.65098039 0.74117647 0.85882353
v -3.01536822 1.21327615 -148.72334290 0.65098039 0.74117647 0.85882353
v -3.01544380 1.23082960 -148.72499084 0.65098039 0.74117647 0.85882353
v -3.00665164 1.36687255 -148.64562988 0.65098039 0.74117647 0.85882353
v -3.00054622 1.35540843 -148.65855408 0.65098039 0.74117647 0.85882353
v -3.10113335 0.90674984 -148.73274231 0.65098039 0.74117647 0.85882353
v -2.95831013 0.77078712 -148.61293030 0.65098039 0.74117647 0.85882353
v -2.96603560 0.74086481 -148.61079407 0.65098039 0.74117647 0.85882353
v -2.94664860 0.74245119 -148.63427734 0.65098039 0.74117647 0.85882353
v -2.94295192 0.76896709 -148.63885498 0.65098039 0.74117647 0.85882353
v -3.11078167 0.96399760 -148.70137024 0.65098039 0.74117647 0.85882353
v -3.08554316 1.05173850 -148.71153259 0.65098039 0.74117647 0.85882353
v -3.08568454 1.03567386 -148.71421814 0.65098039 0.74117647 0.85882353
v -3.10585523 1.20764637 -148.69641113 0.65098039 0.74117647 0.85882353
v -3.10274982 1.18327022 -148.69068909 0.65098039 0.74117647 0.85882353
v -3.02343822 1.28604031 -148.73661804 0.65098039 0.74117647 0.85882353
v -3.02302003 1.29903710 -148.73175049 0.65098039 0.74117647 0.85882353
v -3.11905313 0.77789152 -148.65289307 0.65098039 0.74117647 0.85882353
v -3.04385567 0.69661772 -148.77560425 0.65098039 0.74117647 0.85882353
v -3.01164246 0.70056415 -148.77577209 0.65098039 0.74117647 0.85882353
v -3.00705409 0.67005467 -148.77307129 0.65098039 0.74117647 0.85882353
v -3.03831959 0.66652489 -148.77401733 0.65098039 0.74117647 0.85882353
v -2.94216895 0.71284151 -148.68386841 0.65098039 0.74117647 0.85882353
v -2.94706082 0.68227690 -148.68061829 0.65098039 0.74117647 0.85882353
v -2.94983888 0.68250161 -148.70599365 0.65098039 0.74117647 0.85882353
v -2.94703388 0.71194696 -148.71005249 0.65098039 0.74117647 0.85882353
v -2.95145106 0.65177429 -148.67951965 0.65098039 0.74117647 0.85882353
v -2.95383263 0.62229848 -148.67765808 0.65098039 0.74117647 0.85882353
v -2.95399547 0.62101132 -148.70147705 0.65098039 0.74117647 0.85882353
v -2.95251679 0.65145260 -148.70494080 0.65098039 0.74117647 0.85882353
v -3.07888103 0.72298717 -148.75663757 0.65098039 0.74117647 0.85882353
v -3.08455801 0.66179657 -148.72868347 0.65098039 0.74117647 0.85882353
v -3.09162235 0.69120276 -148.72645569 0.65098039 0.74117647 0.85882353
v -3.07247543 0.69276142 -148.75711060 0.65098039 0.74117647 0.85882353
v -3.06649828 0.66279268 -148.75738525 0.65098039 0.74117647 0.85882353
v -3.06169820 0.72237122 -148.60743713 0.65098039 0.74117647 0.85882353
v -2.93598700 0.76590335 -148.69500732 0.65098039 0.74117647 0.85882353
v -2.93821406 0.74136233 -148.68902588 0.65098039 0.74117647 0.85882353
v -2.96115160 0.67910266 -148.63493347 0.65098039 0.74117647 0.85882353
v -2.95378590 0.71128786 -148.63356018 0.65098039 0.74117647 0.85882353
v -2.97375989 0.70823193 -148.61225891 0.65098039 0.74117647 0.85882353
v -2.98031712 0.67618960 -148.61560059 0.65098039 0.74117647 0.85882353
v -3.07857966 0.66597962 -148.63571167 0.65098039 0.74117647 0.85882353
v -3.08167386 0.69299024 -148.63061523 0.65098039 0.74117647 0.85882353
v -3.09553933 0.69230419 -148.65737915 0.65098039 0.74117647 0.85882353
v -3.09062886 0.66503060 -148.66246033 0.65098039 0.74117647 0.85882353
v -3.09881210 0.69169617 -148.69113159 0.65098039 0.74117647 0.85882353
v -3.09181356 0.66323364 -148.69491577 0.65098039 0.74117647 0.85882353
v -3.07223749 0.60494530 -148.73298645 0.65098039 0.74117647 0.85882353
v -3.07796526 0.63309145 -148.73068237 0.65098039 0.74117647 0.85882353
v -3.05995417 0.63372213 -148.75744629 0.65098039 0.74117647 0.85882353
v -3.05333209 0.60542560 -148.75781250 0.65098039 0.74117647 0.85882353
v -3.08101320 0.60720491 -148.70178223 0.65098039 0.74117647 0.85882353
v -3.08621097 0.63510668 -148.69839478 0.65098039 0.74117647 0.85882353
v -3.08182168 0.61049581 -148.67257690 0.65098039 0.74117647 0.85882353
v -3.08628345 0.63756990 -148.66793823 0.65098039 0.74117647 0.85882353
v -3.07238293 0.61347449 -148.64938354 0.65098039 0.74117647 0.85882353
v -3.07601595 0.63953424 -148.64263916 0.65098039 0.74117647 0.85882353
v -3.05682993 0.61553204 -148.63177490 0.65098039 0.74117647 0.85882353
v -3.05821395 0.64079034 -148.62411499 0.65098039 0.74117647 0.85882353
v -3.03464937 0.64270866 -148.61341858 0.65098039 0.74117647 0.85882353
v -3.03591490 0.61709994 -148.62188721 0.65098039 0.74117647 0.85882353
v -3.01311731 0.61906064 -148.62020874 0.65098039 0.74117647 0.85882353
v -3.00976539 0.64542758 -148.61289978 0.65098039 0.74117647 0.85882353
v -2.97249103 0.62132728 -148.63818359 0.65098039 0.74117647 0.85882353
v -2.96766925 0.64907771 -148.63667297 0.65098039 0.74117647 0.85882353
v -2.98590755 0.64713502 -148.62005615 0.65098039 0.74117647 0.85882353
v -2.99063730 0.62030631 -148.62512207 0.65098039 0.74117647 0.85882353
v -2.98911524 0.52169216 -148.64022827 0.65098039 0.74117647 0.85882353
v -2.98399425 0.54621738 -148.63851929 0.65098039 0.74117647 0.85882353
v -3.00330091 0.54715741 -148.63603210 0.65098039 0.74117647 0.85882353
v -3.00696445 0.52311862 -148.63879395 0.65098039 0.74117647 0.85882353
v -3.02409625 0.52390337 -148.63726807 0.65098039 0.74117647 0.85882353
v -3.02126336 0.54726011 -148.63685608 0.65098039 0.74117647 0.85882353
v -3.03844714 0.54668343 -148.63967896 0.65098039 0.74117647 0.85882353
v -3.04125214 0.52334046 -148.63986206 0.65098039 0.74117647 0.85882353
v -3.06440496 0.54074478 -148.66488647 0.65098039 0.74117647 0.85882353
v -3.06587195 0.51628268 -148.66500854 0.65098039 0.74117647 0.85882353
v -3.05579352 0.52094948 -148.64913940 0.65098039 0.74117647 0.85882353
v -3.05360699 0.54464626 -148.64880371 0.65098039 0.74117647 0.85882353
v -3.07420731 0.53543627 -148.68449402 0.65098039 0.74117647 0.85882353
v -3.07330251 0.51080585 -148.68548584 0.65098039 0.74117647 0.85882353
v -3.07095599 0.53018463 -148.70988464 0.65098039 0.74117647 0.85882353
v -3.06694174 0.50500757 -148.70962524 0.65098039 0.74117647 0.85882353
v -3.05517173 0.52612638 -148.73352051 0.65098039 0.74117647 0.85882353
v -3.05127192 0.50095558 -148.73239136 0.65098039 0.74117647 0.85882353
v -2.95498276 0.53934562 -148.68629456 0.65098039 0.74117647 0.85882353
v -2.95692706 0.54288602 -148.66621399 0.65098039 0.74117647 0.85882353
v -2.96161580 0.51822686 -148.66166687 0.65098039 0.74117647 0.85882353
v -2.95724416 0.51476312 -148.68093872 0.65098039 0.74117647 0.85882353
v -2.97310710 0.53192794 -148.73027039 0.65098039 0.74117647 0.85882353
v -2.97549582 0.50620615 -148.72077942 0.65098039 0.74117647 0.85882353
v -2.98715210 0.50444120 -148.74414062 0.65098039 0.74117647 0.85882353
v -2.98818588 0.52978611 -148.75297546 0.65098039 0.74117647 0.85882353
v -3.06679988 0.57790971 -148.73454285 0.65098039 0.74117647 0.85882353
v -3.07611012 0.58082271 -148.70480347 0.65098039 0.74117647 0.85882353
v -3.07759619 0.58473384 -148.67704773 0.65098039 0.74117647 0.85882353
v -3.06795216 0.58868313 -148.65562439 0.65098039 0.74117647 0.85882353
v -2.97620368 0.59545356 -148.63815308 0.65098039 0.74117647 0.85882353
v -2.99524760 0.59520161 -148.62858582 0.65098039 0.74117647 0.85882353
v -2.95448709 0.59209621 -148.69732666 0.65098039 0.74117647 0.85882353
v -2.95479321 0.59438121 -148.67480469 0.65098039 0.74117647 0.85882353
v -3.01568031 0.55326903 -148.76670837 0.65098039 0.74117647 0.85882353
v -3.04151440 0.55104792 -148.75762939 0.65098039 0.74117647 0.85882353
v -3.04724669 0.57779688 -148.75823975 0.65098039 0.74117647 0.85882353
v -3.02069020 0.58058804 -148.76750183 0.65098039 0.74117647 0.85882353
v -3.07366014 0.55529237 -148.70770264 0.65098039 0.74117647 0.85882353
v -3.07488060 0.56000316 -148.68124390 0.65098039 0.74117647 0.85882353
v -3.06515217 0.56458056 -148.66125488 0.65098039 0.74117647 0.85882353
v -3.03711200 0.56963646 -148.63562012 0.65098039 0.74117647 0.85882353
v -3.05346203 0.56790560 -148.64500427 0.65098039 0.74117647 0.85882353
v -3.01895666 0.57056987 -148.63264465 0.65098039 0.74117647 0.85882353
v -2.98031306 0.57085180 -148.63827515 0.65098039 0.74117647 0.85882353
v -2.99932742 0.57098085 -148.63211060 0.65098039 0.74117647 0.85882353
v -2.95520782 0.56474912 -148.69184875 0.65098039 0.74117647 0.85882353
v -2.95559001 0.56784809 -148.67085266 0.65098039 0.74117647 0.85882353
v -3.00985694 0.50154817 -148.75737000 0.65098039 0.74117647 0.85882353
v -3.03439689 0.49954587 -148.75117493 0.65098039 0.74117647 0.85882353
v -3.03720808 0.52471411 -148.75527954 0.65098039 0.74117647 0.85882353
v -3.01202750 0.52573395 -148.76495361 0.65098039 0.74117647 0.85882353
v -3.00929356 0.47895312 -148.74505615 0.65098039 0.74117647 0.85882353
v -2.99014020 0.48102131 -148.73426819 0.65098039 0.74117647 0.85882353
v -3.04287267 0.49833399 -148.63887024 0.65098039 0.74117647 0.85882353
v -3.02736402 0.49935773 -148.63441467 0.65098039 0.74117647 0.85882353
v -3.05762720 0.49481195 -148.64756775 0.65098039 0.74117647 0.85882353
v -3.06334019 0.47823185 -148.70976257 0.65098039 0.74117647 0.85882353
v -3.07211399 0.48456889 -148.68508911 0.65098039 0.74117647 0.85882353
v -3.04677248 0.47438714 -148.73094177 0.65098039 0.74117647 0.85882353
v -3.02989364 0.47730491 -148.74440002 0.65098039 0.74117647 0.85882353
v -2.97227740 0.46569625 -148.65625000 0.65098039 0.74117647 0.85882353
v -2.96795702 0.46200991 -148.67355347 0.65098039 0.74117647 0.85882353
v -2.96287274 0.49094862 -148.67810059 0.65098039 0.74117647 0.85882353
v -2.96886897 0.49329475 -148.66021729 0.65098039 0.74117647 0.85882353
v -2.99467325 0.47026497 -148.63229370 0.65098039 0.74117647 0.85882353
v -2.99386835 0.49710622 -148.64176941 0.65098039 0.74117647 0.85882353
v -3.01012921 0.49839756 -148.63722229 0.65098039 0.74117647 0.85882353
v -3.01135159 0.47217292 -148.62512207 0.65098039 0.74117647 0.85882353
v -3.04732537 0.47028592 -148.62963867 0.65098039 0.74117647 0.85882353
v -3.03003287 0.47237754 -148.62432861 0.65098039 0.74117647 0.85882353
v -3.06246209 0.46742001 -148.64060974 0.65098039 0.74117647 0.85882353
v -3.07103157 0.45570514 -148.68339539 0.65098039 0.74117647 0.85882353
v -3.07274699 0.46235350 -148.65919495 0.65098039 0.74117647 0.85882353
v -3.06846595 0.49067301 -148.66336060 0.65098039 0.74117647 0.85882353
v -3.06089735 0.44947132 -148.71038818 0.65098039 0.74117647 0.85882353
v -3.03519773 0.41495588 -148.72251892 0.65098039 0.74117647 0.85882353
v -3.06018806 0.41848317 -148.70899963 0.65098039 0.74117647 0.85882353
v -3.03639269 0.44522530 -148.72752380 0.65098039 0.74117647 0.85882353
v -3.00212479 0.32157803 -148.69830322 0.65098039 0.74117647 0.85882353
v -2.99859047 0.28807199 -148.69056702 0.65098039 0.74117647 0.85882353
v -3.01921082 0.28785104 -148.69332886 0.65098039 0.74117647 0.85882353
v -3.02530813 0.32065892 -148.70199585 0.65098039 0.74117647 0.85882353
v -2.96945357 0.43647084 -148.64869690 0.65098039 0.74117647 0.85882353
v -2.96736932 0.43322548 -148.66824341 0.65098039 0.74117647 0.85882353
v -3.01109004 0.44309291 -148.61364746 0.65098039 0.74117647 0.85882353
v -2.99192190 0.44138518 -148.62121582 0.65098039 0.74117647 0.85882353
v -3.07268333 0.39407760 -148.67553711 0.65098039 0.74117647 0.85882353
v -3.07448268 0.40059423 -148.64927673 0.65098039 0.74117647 0.85882353
v -3.07478380 0.43207455 -148.65530396 0.65098039 0.74117647 0.85882353
v -3.07266569 0.42526570 -148.68145752 0.65098039 0.74117647 0.85882353
v -2.95670176 0.33888385 -148.64926147 0.65098039 0.74117647 0.85882353
v -2.95825505 0.37126982 -148.65492249 0.65098039 0.74117647 0.85882353
v -2.96126366 0.37454626 -148.63371277 0.65098039 0.74117647 0.85882353
v -2.95959949 0.34155056 -148.62977600 0.65098039 0.74117647 0.85882353
v -3.00710011 0.41212282 -148.60423279 0.65098039 0.74117647 0.85882353
v -3.00369692 0.37950808 -148.59802246 0.65098039 0.74117647 0.85882353
v -2.98473525 0.37839171 -148.60534668 0.65098039 0.74117647 0.85882353
v -2.98710132 0.41065201 -148.61288452 0.65098039 0.74117647 0.85882353
v -3.06132555 0.32739571 -148.66407776 0.65098039 0.74117647 0.85882353
v -3.06388783 0.33202952 -148.64001465 0.65098039 0.74117647 0.85882353
v -3.07107925 0.36728641 -148.64376831 0.65098039 0.74117647 0.85882353
v -3.06879973 0.36151457 -148.66955566 0.65098039 0.74117647 0.85882353
v -3.03368807 0.38456792 -148.71713257 0.65098039 0.74117647 0.85882353
v -3.03108573 0.35286722 -148.70989990 0.65098039 0.74117647 0.85882353
v -3.05482793 0.35634089 -148.69563293 0.65098039 0.74117647 0.85882353
v -3.05889225 0.38779217 -148.70272827 0.65098039 0.74117647 0.85882353
v -3.00825906 0.38580832 -148.71330261 0.65098039 0.74117647 0.85882353
v -3.00623012 0.35449839 -148.70631409 0.65098039 0.74117647 0.85882353
v -2.96314979 0.26950273 -148.62702942 0.65098039 0.74117647 0.85882353
v -2.96027350 0.26493886 -148.64297485 0.65098039 0.74117647 0.85882353
v -2.95852733 0.30260533 -148.64591980 0.65098039 0.74117647 0.85882353
v -2.96157813 0.30646017 -148.62828064 0.65098039 0.74117647 0.85882353
v -3.00144339 0.34500897 -148.59645081 0.65098039 0.74117647 0.85882353
v -2.99865699 0.30839872 -148.59851074 0.65098039 0.74117647 0.85882353
v -2.98206615 0.30876738 -148.60452271 0.65098039 0.74117647 0.85882353
v -2.98280025 0.34462157 -148.60296631 0.65098039 0.74117647 0.85882353
v -3.04216433 0.25534520 -148.65258789 0.65098039 0.74117647 0.85882353
v -3.04284906 0.25897476 -148.63264465 0.65098039 0.74117647 0.85882353
v -3.05408740 0.29552564 -148.63650513 0.65098039 0.74117647 0.85882353
v -3.05222225 0.29196954 -148.65797424 0.65098039 0.74117647 0.85882353
v -3.01323247 0.25222409 -148.68414307 0.65098039 0.74117647 0.85882353
v -3.03274393 0.25284460 -148.67298889 0.65098039 0.74117647 0.85882353
v -3.04101539 0.28899479 -148.68145752 0.65098039 0.74117647 0.85882353
v -2.99460626 0.25263286 -148.68237305 0.65098039 0.74117647 0.85882353
v -2.99053788 0.21755236 -148.67634583 0.65098039 0.74117647 0.85882353
v -3.00621033 0.21717024 -148.67750549 0.65098039 0.74117647 0.85882353
v -2.96277285 0.23401386 -148.62588501 0.65098039 0.74117647 0.85882353
v -2.96195817 0.23016912 -148.64083862 0.65098039 0.74117647 0.85882353
v -2.97625613 0.23714250 -148.60646057 0.65098039 0.74117647 0.85882353
v -2.98020172 0.27210054 -148.60612488 0.65098039 0.74117647 0.85882353
v -2.99489856 0.27238637 -148.60031128 0.65098039 0.74117647 0.85882353
v -2.98951077 0.23786908 -148.60058594 0.65098039 0.74117647 0.85882353
v -3.02624989 0.26515225 -148.60610962 0.65098039 0.74117647 0.85882353
v -3.01837444 0.23119164 -148.60636902 0.65098039 0.74117647 0.85882353
v -3.00463867 0.23567957 -148.60044861 0.65098039 0.74117647 0.85882353
v -3.01119733 0.26982459 -148.60021973 0.65098039 0.74117647 0.85882353
v -3.03158522 0.22575659 -148.62974548 0.65098039 0.74117647 0.85882353
v -3.02660561 0.22851485 -148.61593628 0.65098039 0.74117647 0.85882353
v -3.03711271 0.26233187 -148.61666870 0.65098039 0.74117647 0.85882353
v -3.03250456 0.22225207 -148.64851379 0.65098039 0.74117647 0.85882353
v -3.02335620 0.21855575 -148.66738892 0.65098039 0.74117647 0.85882353
v -2.94442010 0.79844749 -148.62998962 0.65098039 0.74117647 0.85882353
v -2.95220685 0.79105896 -148.62113953 0.65098039 0.74117647 0.85882353
v -2.94065309 0.78683662 -148.64735413 0.65098039 0.74117647 0.85882353
v -2.93666840 0.79678547 -148.65649414 0.65098039 0.74117647 0.85882353
v -2.96163487 0.67852437 -148.73461914 0.65098039 0.74117647 0.85882353
v -2.96153331 0.70942199 -148.73767090 0.65098039 0.74117647 0.85882353
v -2.96093106 0.61786604 -148.72674561 0.65098039 0.74117647 0.85882353
v -2.96179581 0.64759332 -148.73196411 0.65098039 0.74117647 0.85882353
v -2.96181631 0.58895415 -148.72120667 0.65098039 0.74117647 0.85882353
v -2.96098399 0.53479600 -148.70799255 0.65098039 0.74117647 0.85882353
v -2.96257377 0.56116956 -148.71470642 0.65098039 0.74117647 0.85882353
v -2.96318150 0.50976801 -148.70187378 0.65098039 0.74117647 0.85882353
v -2.96788263 0.48429298 -148.69702148 0.65098039 0.74117647 0.85882353
v -2.97184563 0.45632172 -148.69345093 0.65098039 0.74117647 0.85882353
v -2.97065926 0.39881140 -148.68342590 0.65098039 0.74117647 0.85882353
v -2.97355247 0.42810425 -148.68881226 0.65098039 0.74117647 0.85882353
v -2.96286345 0.40262896 -148.66169739 0.65098039 0.74117647 0.85882353
v -2.96459389 0.33357453 -148.67140198 0.65098039 0.74117647 0.85882353
v -2.96682620 0.36706075 -148.67767334 0.65098039 0.74117647 0.85882353
v -2.96585536 0.25972366 -148.65972900 0.65098039 0.74117647 0.85882353
v -2.96486640 0.29687655 -148.66549683 0.65098039 0.74117647 0.85882353
v -2.96797609 0.22511715 -148.65608215 0.65098039 0.74117647 0.85882353
v -2.99437284 0.82175720 -148.76332092 0.65098039 0.74117647 0.85882353
v -2.99602008 0.84417927 -148.76144409 0.65098039 0.74117647 0.85882353
v -2.97028828 0.83171356 -148.75091553 0.65098039 0.74117647 0.85882353
v -2.96824074 0.81369895 -148.74945068 0.65098039 0.74117647 0.85882353
v -2.93154597 0.81303746 -148.68489075 0.65098039 0.74117647 0.85882353
v -2.93301177 0.81139177 -148.68074036 0.65098039 0.74117647 0.85882353
v -2.93323326 0.81407964 -148.69551086 0.65098039 0.74117647 0.85882353
v -2.93120956 0.81670547 -148.69810486 0.65098039 0.74117647 0.85882353
v -3.06129408 0.55157077 -148.73504639 0.65098039 0.74117647 0.85882353
v -3.05455494 0.59142828 -148.63876343 0.65098039 0.74117647 0.85882353
v -3.01606035 0.59447134 -148.62684631 0.65098039 0.74117647 0.85882353
v -3.03651261 0.59309876 -148.62989807 0.65098039 0.74117647 0.85882353
v -2.97198272 0.55785859 -148.73910522 0.65098039 0.74117647 0.85882353
v -2.99026823 0.55592597 -148.75859070 0.65098039 0.74117647 0.85882353
v -2.99412131 0.58312881 -148.76245117 0.65098039 0.74117647 0.85882353
v -2.97434616 0.58571577 -148.74467468 0.65098039 0.74117647 0.85882353
v -3.00926852 0.41347080 -148.71907043 0.65098039 0.74117647 0.85882353
v -2.98810077 0.42063206 -148.70666504 0.65098039 0.74117647 0.85882353
v -2.98743367 0.39171487 -148.69999695 0.65098039 0.74117647 0.85882353
v -3.01048493 0.43878725 -148.72557068 0.65098039 0.74117647 0.85882353
v -3.06645322 0.43787491 -148.63394165 0.65098039 0.74117647 0.85882353
v -3.05109072 0.44136775 -148.62042236 0.65098039 0.74117647 0.85882353
v -3.02955794 0.41240969 -148.60406494 0.65098039 0.74117647 0.85882353
v -3.03193116 0.44308734 -148.61390686 0.65098039 0.74117647 0.85882353
v -3.05072117 0.41041914 -148.61117554 0.65098039 0.74117647 0.85882353
v -2.97816300 0.64256918 -148.75506592 0.65098039 0.74117647 0.85882353
v -2.97561288 0.61407161 -148.74981689 0.65098039 0.74117647 0.85882353
v -2.99838877 0.61117542 -148.76602173 0.65098039 0.74117647 0.85882353
v -3.00239062 0.64025533 -148.76969910 0.65098039 0.74117647 0.85882353
v -3.10162711 1.11206150 -148.58963013 0.65098039 0.74117647 0.85882353
v -3.10877442 1.10916603 -148.60923767 0.65098039 0.74117647 0.85882353
v -3.08823705 1.24525046 -148.72186279 0.65098039 0.74117647 0.85882353
v -3.07627249 1.23841333 -148.72630310 0.65098039 0.74117647 0.85882353
v -3.08037043 1.22256756 -148.71763611 0.65098039 0.74117647 0.85882353
v -3.09537506 1.22864747 -148.71163940 0.65098039 0.74117647 0.85882353
v -3.10641122 1.24032545 -148.70698547 0.65098039 0.74117647 0.85882353
v -3.09785509 1.25613213 -148.71694946 0.65098039 0.74117647 0.85882353
v -3.11402869 1.25466168 -148.70075989 0.65098039 0.74117647 0.85882353
v -3.10517359 1.27022350 -148.70979309 0.65098039 0.74117647 0.85882353
v -3.13051677 1.32785463 -148.66760254 0.65098039 0.74117647 0.85882353
v -3.13474011 1.34080541 -148.66618347 0.65098039 0.74117647 0.85882353
v -2.97366405 1.22005868 -148.71667480 0.65098039 0.74117647 0.85882353
v -2.96849036 1.19951046 -148.72674561 0.65098039 0.74117647 0.85882353
v -2.99066663 1.19851637 -148.73138428 0.65098039 0.74117647 0.85882353
v -2.97454357 1.02554703 -148.76144409 0.65098039 0.74117647 0.85882353
v -2.98567295 0.93364418 -148.75740051 0.65098039 0.74117647 0.85882353
v -2.96164989 0.93372750 -148.75697327 0.65098039 0.74117647 0.85882353
v -2.95436049 0.90739882 -148.75352478 0.65098039 0.74117647 0.85882353
v -2.92551899 0.84849173 -148.72706604 0.65098039 0.74117647 0.85882353
v -2.91996837 0.83567923 -148.71250916 0.65098039 0.74117647 0.85882353
v -2.92371607 0.82060289 -148.69564819 0.65098039 0.74117647 0.85882353
v -2.92695880 0.81403184 -148.68344116 0.65098039 0.74117647 0.85882353
v -3.07475781 1.16214573 -148.53796387 0.65098039 0.74117647 0.85882353
v -3.08184910 1.18078852 -148.53442383 0.65098039 0.74117647 0.85882353
v -3.07326007 1.31930137 -148.47898865 0.65098039 0.74117647 0.85882353
v -3.09596658 1.32156706 -148.48469543 0.65098039 0.74117647 0.85882353
v -3.09720516 1.34505773 -148.48049927 0.65098039 0.74117647 0.85882353
v -3.07478714 1.34200597 -148.47462463 0.65098039 0.74117647 0.85882353
v -3.07508492 1.35306883 -148.47286987 0.65098039 0.74117647 0.85882353
v -3.09599257 1.35595608 -148.47903442 0.65098039 0.74117647 0.85882353
v -3.06976700 1.42139459 -148.47213745 0.65098039 0.74117647 0.85882353
v -3.07300234 1.40493822 -148.47177124 0.65098039 0.74117647 0.85882353
v -2.93471766 0.81088924 -148.66352844 0.65098039 0.74117647 0.85882353
v -2.93640518 0.80789852 -148.65443420 0.65098039 0.74117647 0.85882353
v -2.93353415 0.80876553 -148.67480469 0.65098039 0.74117647 0.85882353
v -2.94578314 0.78848469 -148.72518921 0.65098039 0.74117647 0.85882353
v -2.94797850 0.80615723 -148.72967529 0.65098039 0.74117647 0.85882353
v -2.93646407 0.80062109 -148.70652771 0.65098039 0.74117647 0.85882353
v -2.93567181 0.78577667 -148.70106506 0.65098039 0.74117647 0.85882353
v -3.12483454 0.81390166 -148.69622803 0.65098039 0.74117647 0.85882353
v -3.10960960 0.81567991 -148.73196411 0.65098039 0.74117647 0.85882353
v -3.04280877 0.77411711 -148.58644104 0.65098039 0.74117647 0.85882353
v -3.19330668 1.40047836 -148.81257629 0.65098039 0.74117647 0.85882353
v -3.18847394 1.38408256 -148.78787231 0.65098039 0.74117647 0.85882353
v -3.20277619 1.38537669 -148.78817749 0.65098039 0.74117647 0.85882353
v -3.20679212 1.40293121 -148.81259155 0.65098039 0.74117647 0.85882353
v -3.10744381 1.24028850 -148.51593018 0.65098039 0.74117647 0.85882353
v -3.10607862 1.22034860 -148.52897644 0.65098039 0.74117647 0.85882353
v -3.10379386 1.42687035 -148.56039429 0.65098039 0.74117647 0.85882353
v -3.15559530 1.42387021 -148.57920837 0.65098039 0.74117647 0.85882353
v -3.14922476 1.42023563 -148.57144165 0.65098039 0.74117647 0.85882353
v -3.13356519 1.42276859 -148.59095764 0.65098039 0.74117647 0.85882353
v -3.13844037 1.42700338 -148.59645081 0.65098039 0.74117647 0.85882353
v -3.19495487 1.36342287 -148.55850220 0.65098039 0.74117647 0.85882353
v -3.18819594 1.35786819 -148.54521179 0.65098039 0.74117647 0.85882353
v -3.18617797 1.37551308 -148.54553223 0.65098039 0.74117647 0.85882353
v -3.19227123 1.37969422 -148.55737305 0.65098039 0.74117647 0.85882353
v -3.05542469 0.91668421 -148.51495361 0.65098039 0.74117647 0.85882353
v -3.02825499 0.92012906 -148.50634766 0.65098039 0.74117647 0.85882353
v -3.04484797 1.10706496 -148.54211426 0.65098039 0.74117647 0.85882353
v -3.04772091 1.12759686 -148.53717041 0.65098039 0.74117647 0.85882353
v -3.06477952 1.12273741 -148.54580688 0.65098039 0.74117647 0.85882353
v -3.06298828 1.10246897 -148.55009460 0.65098039 0.74117647 0.85882353
v -3.13108802 1.23088336 -148.54202271 0.65098039 0.74117647 0.85882353
v -3.13649583 1.22028196 -148.55941772 0.65098039 0.74117647 0.85882353
v -2.98472285 1.29870832 -148.71093750 0.65098039 0.74117647 0.85882353
v -2.99731112 1.30573428 -148.71611023 0.65098039 0.74117647 0.85882353
v -2.99992990 1.32227933 -148.70341492 0.65098039 0.74117647 0.85882353
v -2.98649311 1.31770623 -148.69860840 0.65098039 0.74117647 0.85882353
v -3.21881890 1.38143039 -148.74375916 0.65098039 0.74117647 0.85882353
v -3.20982718 1.37465358 -148.75852966 0.65098039 0.74117647 0.85882353
v -3.20126796 1.35954666 -148.73417664 0.65098039 0.74117647 0.85882353
v -3.20852709 1.36235285 -148.72407532 0.65098039 0.74117647 0.85882353
v -3.10660338 0.79641116 -148.61520386 0.65098039 0.74117647 0.85882353
v -3.12557149 0.81300151 -148.65226746 0.65098039 0.74117647 0.85882353
v -3.11985087 1.13925266 -148.62611389 0.65098039 0.74117647 0.85882353
v -3.11458659 1.12272775 -148.62834167 0.65098039 0.74117647 0.85882353
v -3.11108327 1.12560570 -148.60551453 0.65098039 0.74117647 0.85882353
v -3.11733556 1.14129710 -148.60292053 0.65098039 0.74117647 0.85882353
v -3.13505363 1.19019938 -148.63093567 0.65098039 0.74117647 0.85882353
v -3.12894201 1.17381597 -148.62806702 0.65098039 0.74117647 0.85882353
v -3.14352870 1.20650315 -148.63368225 0.65098039 0.74117647 0.85882353
v -3.17251372 1.32773805 -148.66004944 0.65098039 0.74117647 0.85882353
v -3.16940975 1.32071972 -148.65486145 0.65098039 0.74117647 0.85882353
v -3.17485356 1.31792164 -148.65100098 0.65098039 0.74117647 0.85882353
v -2.96556711 0.79197168 -148.74751282 0.65098039 0.74117647 0.85882353
v -2.96771264 0.85942936 -148.75199890 0.65098039 0.74117647 0.85882353
v -2.95772290 0.87197018 -148.75257874 0.65098039 0.74117647 0.85882353
v -2.93278337 0.81182021 -148.67143250 0.65098039 0.74117647 0.85882353
v -2.93019056 0.81163889 -148.67240906 0.65098039 0.74117647 0.85882353
v -3.07785630 1.44935489 -148.55970764 0.65098039 0.74117647 0.85882353
v -3.08832717 1.44912291 -148.54824829 0.65098039 0.74117647 0.85882353
v -3.16851878 1.35946023 -148.71105957 0.65098039 0.74117647 0.85882353
v -3.16773605 1.35281110 -148.68876648 0.65098039 0.74117647 0.85882353
v -3.16024113 1.29953432 -148.65075684 0.65098039 0.74117647 0.85882353
v -3.16140914 1.31304932 -148.65437317 0.65098039 0.74117647 0.85882353
v -3.15360212 1.31953025 -148.65809631 0.65098039 0.74117647 0.85882353
v -3.15087056 1.30611777 -148.65682983 0.65098039 0.74117647 0.85882353
v -3.16722298 1.29592466 -148.64418030 0.65098039 0.74117647 0.85882353
v -3.16749835 1.30870533 -148.64973450 0.65098039 0.74117647 0.85882353
v -3.09751964 1.38454771 -148.65959167 0.65098039 0.74117647 0.85882353
v -3.10435152 1.39958239 -148.64996338 0.65098039 0.74117647 0.85882353
v -3.09733152 1.39967561 -148.64477539 0.65098039 0.74117647 0.85882353
v -3.09057856 1.38559222 -148.65653992 0.65098039 0.74117647 0.85882353
v -3.08001280 1.38288319 -148.65454102 0.65098039 0.74117647 0.85882353
v -3.08900213 1.39786935 -148.64010620 0.65098039 0.74117647 0.85882353
v -3.07672334 1.39573121 -148.63775635 0.65098039 0.74117647 0.85882353
v -3.06740546 1.38122058 -148.65312195 0.65098039 0.74117647 0.85882353
v -3.08790302 1.42013574 -148.58309937 0.65098039 0.74117647 0.85882353
v -3.06597376 1.41805482 -148.59217834 0.65098039 0.74117647 0.85882353
v -3.04569030 1.41485596 -148.59709167 0.65098039 0.74117647 0.85882353
v -3.02855110 1.41147256 -148.59918213 0.65098039 0.74117647 0.85882353
v -3.07559609 1.39004540 -148.47007751 0.65098039 0.74117647 0.85882353
v -3.09692883 1.39333129 -148.48014832 0.65098039 0.74117647 0.85882353
v -3.09469128 1.37848186 -148.47761536 0.65098039 0.74117647 0.85882353
v -3.07525849 1.37647450 -148.47023010 0.65098039 0.74117647 0.85882353
v -3.05706024 1.37498951 -148.46463013 0.65098039 0.74117647 0.85882353
v -3.05705166 1.38882518 -148.46382141 0.65098039 0.74117647 0.85882353
v -3.06624913 1.43901706 -148.56988525 0.65098039 0.74117647 0.85882353
v -3.05032015 1.43694913 -148.57627869 0.65098039 0.74117647 0.85882353
v -3.03480315 1.42616153 -148.58407593 0.65098039 0.74117647 0.85882353
v -3.19206214 1.47846651 -148.75871277 0.65098039 0.74117647 0.85882353
v -3.18969679 1.46827960 -148.73535156 0.65098039 0.74117647 0.85882353
v -3.09699154 1.44909549 -148.51795959 0.65098039 0.74117647 0.85882353
v -3.09462786 1.44961405 -148.53356934 0.65098039 0.74117647 0.85882353
v -3.20967531 1.47425008 -148.76106262 0.65098039 0.74117647 0.85882353
v -3.20726347 1.46370435 -148.73738098 0.65098039 0.74117647 0.85882353
v -3.11301875 1.41673040 -148.60763550 0.65098039 0.74117647 0.85882353
v -3.11988330 1.41894305 -148.61151123 0.65098039 0.74117647 0.85882353
v -3.12672186 1.41992235 -148.58621216 0.65098039 0.74117647 0.85882353
v -3.06444764 1.44801068 -148.56832886 0.65098039 0.74117647 0.85882353
v -3.05032635 1.44656754 -148.57641602 0.65098039 0.74117647 0.85882353
v -3.12375212 0.84721065 -148.70384216 0.65098039 0.74117647 0.85882353
v -3.10752416 0.84709418 -148.73626709 0.65098039 0.74117647 0.85882353
v -3.10340500 1.10337472 -148.67916870 0.65098039 0.74117647 0.85882353
v -3.08987021 1.10235107 -148.69955444 0.65098039 0.74117647 0.85882353
v -2.93671250 1.15469956 -148.73281860 0.65098039 0.74117647 0.85882353
v -2.93240166 1.13404560 -148.73666382 0.65098039 0.74117647 0.85882353
v -2.95171905 1.13185906 -148.74382019 0.65098039 0.74117647 0.85882353
v -2.95685410 1.15408373 -148.74053955 0.65098039 0.74117647 0.85882353
v -2.95221210 1.21874881 -148.70980835 0.65098039 0.74117647 0.85882353
v -2.94703913 1.19834638 -148.71846008 0.65098039 0.74117647 0.85882353
v -3.02567101 1.45006847 -148.57791138 0.65098039 0.74117647 0.85882353
v -2.96344852 1.08720052 -148.75309753 0.65098039 0.74117647 0.85882353
v -2.96723199 1.10931802 -148.74971008 0.65098039 0.74117647 0.85882353
v -2.94715118 1.10974121 -148.74572754 0.65098039 0.74117647 0.85882353
v -2.94279265 1.08497047 -148.74890137 0.65098039 0.74117647 0.85882353
v -2.93135810 1.06216395 -148.75033569 0.65098039 0.74117647 0.85882353
v -2.92863870 1.05194020 -148.75265503 0.65098039 0.74117647 0.85882353
v -2.93303466 0.89255339 -148.74742126 0.65098039 0.74117647 0.85882353
v -2.92289019 0.89466119 -148.74372864 0.65098039 0.74117647 0.85882353
v -3.15020084 1.43537545 -148.68344116 0.65098039 0.74117647 0.85882353
v -3.16429424 1.44790721 -148.67752075 0.65098039 0.74117647 0.85882353
v -3.16071248 1.44456673 -148.66444397 0.65098039 0.74117647 0.85882353
v -3.14777684 1.43185186 -148.67198181 0.65098039 0.74117647 0.85882353
v -3.00494957 1.08572471 -148.74742126 0.65098039 0.74117647 0.85882353
v -2.98358917 1.08742952 -148.75259399 0.65098039 0.74117647 0.85882353
v -3.11830664 1.32846093 -148.67752075 0.65098039 0.74117647 0.85882353
v -3.12716222 1.31406021 -148.67140198 0.65098039 0.74117647 0.85882353
v -2.97551107 1.24206758 -148.71275330 0.65098039 0.74117647 0.85882353
v -3.01113915 1.31098604 -148.71983337 0.65098039 0.74117647 0.85882353
v -3.01412201 1.32562995 -148.70753479 0.65098039 0.74117647 0.85882353
v -3.02505279 1.31358385 -148.72247314 0.65098039 0.74117647 0.85882353
v -3.02830768 1.32746339 -148.71035767 0.65098039 0.74117647 0.85882353
v -2.93346477 0.81091607 -148.66062927 0.65098039 0.74117647 0.85882353
v -2.93525124 0.81403828 -148.65892029 0.65098039 0.74117647 0.85882353
v -3.22371435 1.38961089 -148.66691589 0.65098039 0.74117647 0.85882353
v -3.22132564 1.38168526 -148.67216492 0.65098039 0.74117647 0.85882353
v -3.21921492 1.37337279 -148.65946960 0.65098039 0.74117647 0.85882353
v -3.22241211 1.38211226 -148.65444946 0.65098039 0.74117647 0.85882353
v -2.93602967 0.76705897 -148.66790771 0.65098039 0.74117647 0.85882353
v -2.93477607 0.78477901 -148.67465210 0.65098039 0.74117647 0.85882353
v -2.96642685 0.79545391 -148.60151672 0.65098039 0.74117647 0.85882353
v -2.95058155 0.80075884 -148.61277771 0.65098039 0.74117647 0.85882353
v -2.95158863 0.81069529 -148.60113525 0.65098039 0.74117647 0.85882353
v -2.95360470 0.81149983 -148.59164429 0.65098039 0.74117647 0.85882353
v -2.98492098 0.73488933 -148.76342773 0.65098039 0.74117647 0.85882353
v -2.98795652 0.76639938 -148.76504517 0.65098039 0.74117647 0.85882353
v -2.98269892 0.70356810 -148.76115417 0.65098039 0.74117647 0.85882353
v -2.98029041 0.67268026 -148.75845337 0.65098039 0.74117647 0.85882353
v -2.97970629 0.48046216 -148.71472168 0.65098039 0.74117647 0.85882353
v -2.98724222 0.45087698 -148.71473694 0.65098039 0.74117647 0.85882353
v -2.98526049 0.36010262 -148.69345093 0.65098039 0.74117647 0.85882353
v -2.98274326 0.32678193 -148.68670654 0.65098039 0.74117647 0.85882353
v -2.98076749 0.29138863 -148.67945862 0.65098039 0.74117647 0.85882353
v -2.97799778 0.22067362 -148.66848755 0.65098039 0.74117647 0.85882353
v -2.97918439 0.25470608 -148.67265320 0.65098039 0.74117647 0.85882353
v -3.22290254 1.46604085 -148.76812744 0.65098039 0.74117647 0.85882353
v -3.23222256 1.45598483 -148.77790833 0.65098039 0.74117647 0.85882353
v -3.22920847 1.44122005 -148.75210571 0.65098039 0.74117647 0.85882353
v -3.22022629 1.45310068 -148.74195862 0.65098039 0.74117647 0.85882353
v -3.16223621 1.38437378 -148.75485229 0.65098039 0.74117647 0.85882353
v -3.16542435 1.39555216 -148.77784729 0.65098039 0.74117647 0.85882353
v -3.15703773 1.40570569 -148.77099609 0.65098039 0.74117647 0.85882353
v -3.15447950 1.39507914 -148.74748230 0.65098039 0.74117647 0.85882353
v -3.16957164 1.40780640 -148.80195618 0.65098039 0.74117647 0.85882353
v -3.17576933 1.38767123 -148.78384399 0.65098039 0.74117647 0.85882353
v -3.18080926 1.40207624 -148.80850220 0.65098039 0.74117647 0.85882353
v -3.21948195 1.41012585 -148.80828857 0.65098039 0.74117647 0.85882353
v -3.21536016 1.39163780 -148.78402710 0.65098039 0.74117647 0.85882353
v -3.22517824 1.40182924 -148.77543640 0.65098039 0.74117647 0.85882353
v -3.22852778 1.42052186 -148.80184937 0.65098039 0.74117647 0.85882353
v -3.23558235 1.44424868 -148.78749084 0.65098039 0.74117647 0.85882353
v -3.23395038 1.43207884 -148.79547119 0.65098039 0.74117647 0.85882353
v -3.23123384 1.41589594 -148.76983643 0.65098039 0.74117647 0.85882353
v -3.23253322 1.43000150 -148.76269531 0.65098039 0.74117647 0.85882353
v -3.15058517 1.44096065 -148.77992249 0.65098039 0.74117647 0.85882353
v -3.14711905 1.42979956 -148.75578308 0.65098039 0.74117647 0.85882353
v -3.15029669 1.41742587 -148.76347351 0.65098039 0.74117647 0.85882353
v -3.15362549 1.42874706 -148.78738403 0.65098039 0.74117647 0.85882353
v -3.18251324 1.45238900 -148.67355347 0.65098039 0.74117647 0.85882353
v -3.17943311 1.44987345 -148.65879822 0.65098039 0.74117647 0.85882353
v -3.13370419 1.36467171 -148.66752625 0.65098039 0.74117647 0.85882353
v -3.14137363 1.37085474 -148.66587830 0.65098039 0.74117647 0.85882353
v -3.13441849 1.38934255 -148.66941833 0.65098039 0.74117647 0.85882353
v -3.12887311 1.38377869 -148.66903687 0.65098039 0.74117647 0.85882353
v -3.16880226 1.45635521 -148.71290588 0.65098039 0.74117647 0.85882353
v -3.18766594 1.46016908 -148.71253967 0.65098039 0.74117647 0.85882353
v -3.18510389 1.45510793 -148.69090271 0.65098039 0.74117647 0.85882353
v -3.16655064 1.45091844 -148.69311523 0.65098039 0.74117647 0.85882353
v -3.14457917 1.41941857 -148.73278809 0.65098039 0.74117647 0.85882353
v -3.14193702 1.41013074 -148.71147156 0.65098039 0.74117647 0.85882353
v -3.14646482 1.39709926 -148.71751404 0.65098039 0.74117647 0.85882353
v -3.14795160 1.40676558 -148.74021912 0.65098039 0.74117647 0.85882353
v -3.18987703 1.35748971 -148.73777771 0.65098039 0.74117647 0.85882353
v -3.19657946 1.36963618 -148.76296997 0.65098039 0.74117647 0.85882353
v -3.14094067 1.41448498 -148.67767334 0.65098039 0.74117647 0.85882353
v -3.14193225 1.41911292 -148.68952942 0.65098039 0.74117647 0.85882353
v -3.11557484 1.31579661 -148.68415833 0.65098039 0.74117647 0.85882353
v -3.14809179 1.29424572 -148.65766907 0.65098039 0.74117647 0.85882353
v -3.14535069 1.28170562 -148.65902710 0.65098039 0.74117647 0.85882353
v -3.07408547 1.25695086 -148.73246765 0.65098039 0.74117647 0.85882353
v -3.07430196 1.27558804 -148.73318481 0.65098039 0.74117647 0.85882353
v -3.13029504 1.25951576 -148.68078613 0.65098039 0.74117647 0.85882353
v -3.12546539 1.24127400 -148.68708801 0.65098039 0.74117647 0.85882353
v -3.08008671 1.27665949 -148.72969055 0.65098039 0.74117647 0.85882353
v -3.08302236 1.26308799 -148.72821045 0.65098039 0.74117647 0.85882353
v -3.03175211 1.19004571 -148.72880554 0.65098039 0.74117647 0.85882353
v -3.03212190 1.41831422 -148.58996582 0.65098039 0.74117647 0.85882353
v -3.14336491 1.42473412 -148.70466614 0.65098039 0.74117647 0.85882353
v -3.15198660 1.43949127 -148.69847107 0.65098039 0.74117647 0.85882353
v -3.20086956 1.35060072 -148.70661926 0.65098039 0.74117647 0.85882353
v -3.19338655 1.34831429 -148.71176147 0.65098039 0.74117647 0.85882353
v -3.18752956 1.34028506 -148.69075012 0.65098039 0.74117647 0.85882353
v -3.19414520 1.34128261 -148.68927002 0.65098039 0.74117647 0.85882353
v -3.16568208 1.25755143 -148.56791687 0.65098039 0.74117647 0.85882353
v -3.16612482 1.25059032 -148.58070374 0.65098039 0.74117647 0.85882353
v -3.15249228 1.23388386 -148.56878662 0.65098039 0.74117647 0.85882353
v -3.15100026 1.24184120 -148.55348206 0.65098039 0.74117647 0.85882353
v -3.22474098 1.40756178 -148.66337585 0.65098039 0.74117647 0.85882353
v -3.22386622 1.40272236 -148.64935303 0.65098039 0.74117647 0.85882353
v -3.22059083 1.41607952 -148.64920044 0.65098039 0.74117647 0.85882353
v -3.22150850 1.42000842 -148.66513062 0.65098039 0.74117647 0.85882353
v -3.21288514 1.43073916 -148.65092468 0.65098039 0.74117647 0.85882353
v -3.19926786 1.44452000 -148.65403748 0.65098039 0.74117647 0.85882353
v -3.20107412 1.44761062 -148.67077637 0.65098039 0.74117647 0.85882353
v -3.21439838 1.43431282 -148.66790771 0.65098039 0.74117647 0.85882353
v -3.12632585 0.88209021 -148.67608643 0.65098039 0.74117647 0.85882353
v -3.12608981 0.88400936 -148.64358521 0.65098039 0.74117647 0.85882353
v -3.04171181 1.03035688 -148.74060059 0.65098039 0.74117647 0.85882353
v -3.06465650 1.03232849 -148.72941589 0.65098039 0.74117647 0.85882353
v -3.01565456 0.93917483 -148.75596619 0.65098039 0.74117647 0.85882353
v -2.93654680 0.81583822 -148.71151733 0.65098039 0.74117647 0.85882353
v -2.94908643 0.82863450 -148.73564148 0.65098039 0.74117647 0.85882353
v -2.93837595 0.74197745 -148.66198730 0.65098039 0.74117647 0.85882353
v -3.11846542 0.87882960 -148.70605469 0.65098039 0.74117647 0.85882353
v -2.95076895 0.68119597 -148.65744019 0.65098039 0.74117647 0.85882353
v -2.94436502 0.71239102 -148.65881348 0.65098039 0.74117647 0.85882353
v -3.00651765 0.67308283 -148.60606384 0.65098039 0.74117647 0.85882353
v -3.00287318 0.70368850 -148.60078430 0.65098039 0.74117647 0.85882353
v -3.03284383 0.69853926 -148.60153198 0.65098039 0.74117647 0.85882353
v -3.03331780 0.66967452 -148.60649109 0.65098039 0.74117647 0.85882353
v -3.05998325 0.69473493 -148.61132812 0.65098039 0.74117647 0.85882353
v -3.05872965 0.66714466 -148.61662292 0.65098039 0.74117647 0.85882353
v -3.02634382 0.60837251 -148.76966858 0.65098039 0.74117647 0.85882353
v -3.02592921 0.37879106 -148.59780884 0.65098039 0.74117647 0.85882353
v -3.04088855 0.34027752 -148.60392761 0.65098039 0.74117647 0.85882353
v -3.02166295 0.34319976 -148.59645081 0.65098039 0.74117647 0.85882353
v -3.04703736 0.37666005 -148.60556030 0.65098039 0.74117647 0.85882353
v -3.06645393 0.40651530 -148.62677002 0.65098039 0.74117647 0.85882353
v -3.06291723 0.37291434 -148.62168884 0.65098039 0.74117647 0.85882353
v -3.04832244 0.32358927 -148.68919373 0.65098039 0.74117647 0.85882353
v -3.01689124 0.30648029 -148.59838867 0.65098039 0.74117647 0.85882353
v -3.03399849 0.30245417 -148.60520935 0.65098039 0.74117647 0.85882353
v -3.05619836 0.33676422 -148.61941528 0.65098039 0.74117647 0.85882353
v -3.04744911 0.29938185 -148.61831665 0.65098039 0.74117647 0.85882353
v -2.93416119 0.79725528 -148.68151855 0.65098039 0.74117647 0.85882353
v -2.95758915 0.81161773 -148.57666016 0.65098039 0.74117647 0.85882353
v -3.08141136 0.85152996 -148.75634766 0.65098039 0.74117647 0.85882353
v -3.08387494 0.82131863 -148.75712585 0.65098039 0.74117647 0.85882353
v -2.99550724 0.86222970 -148.75956726 0.65098039 0.74117647 0.85882353
v -3.02334046 0.87323648 -148.76377869 0.65098039 0.74117647 0.85882353
v -3.05178022 1.10021412 -148.72702026 0.65098039 0.74117647 0.85882353
v -3.03076816 1.10202336 -148.73542786 0.65098039 0.74117647 0.85882353
v -3.06095815 1.14075947 -148.71966553 0.65098039 0.74117647 0.85882353
v -3.05672193 1.11940813 -148.72334290 0.65098039 0.74117647 0.85882353
v -3.07611799 1.12011957 -148.71183777 0.65098039 0.74117647 0.85882353
v -3.07971263 1.14022326 -148.70773315 0.65098039 0.74117647 0.85882353
v -3.10939789 1.13903213 -148.67289734 0.65098039 0.74117647 0.85882353
v -3.10557032 1.12069154 -148.67555237 0.65098039 0.74117647 0.85882353
v -3.11279249 1.12101305 -148.65257263 0.65098039 0.74117647 0.85882353
v -3.11755323 1.13875711 -148.64991760 0.65098039 0.74117647 0.85882353
v -3.11262774 1.10608459 -148.63200378 0.65098039 0.74117647 0.85882353
v -3.11155486 1.10414505 -148.65618896 0.65098039 0.74117647 0.85882353
v -3.08294415 1.13738024 -148.55455017 0.65098039 0.74117647 0.85882353
v -3.08939886 1.15643978 -148.55070496 0.65098039 0.74117647 0.85882353
v -3.10141158 1.15068388 -148.56523132 0.65098039 0.74117647 0.85882353
v -3.09466076 1.13319647 -148.56933594 0.65098039 0.74117647 0.85882353
v -2.94519210 0.88445997 -148.75080872 0.65098039 0.74117647 0.85882353
v -2.93331861 0.81111181 -148.69165039 0.65098039 0.74117647 0.85882353
v -2.99185252 0.79585898 -148.76504517 0.65098039 0.74117647 0.85882353
v -3.02297115 0.82673305 -148.77111816 0.65098039 0.74117647 0.85882353
v -3.05495405 0.82556725 -148.76931763 0.65098039 0.74117647 0.85882353
v -3.16230607 1.36135638 -148.68579102 0.65098039 0.74117647 0.85882353
v -3.17892146 1.29140902 -148.60891724 0.65098039 0.74117647 0.85882353
v -3.18108940 1.29811049 -148.60243225 0.65098039 0.74117647 0.85882353
v -3.20268393 1.45013440 -148.68977356 0.65098039 0.74117647 0.85882353
v -3.21552634 1.43688965 -148.68768311 0.65098039 0.74117647 0.85882353
v -3.14067340 1.40260649 -148.69340515 0.65098039 0.74117647 0.85882353
v -3.15781689 1.44227171 -148.65507507 0.65098039 0.74117647 0.85882353
v -3.14182043 1.42844129 -148.65713501 0.65098039 0.74117647 0.85882353
v -3.14501071 1.42928123 -148.66354370 0.65098039 0.74117647 0.85882353
v -3.04563904 0.92399967 -148.75273132 0.65098039 0.74117647 0.85882353
v -3.04842997 0.90078473 -148.75787354 0.65098039 0.74117647 0.85882353
v -3.07586741 0.90434027 -148.74992371 0.65098039 0.74117647 0.85882353
v -2.94470167 0.80478281 -148.62492371 0.65098039 0.74117647 0.85882353
v -2.94781160 0.80918837 -148.61674500 0.65098039 0.74117647 0.85882353
v -2.97063470 0.84635001 -148.75238037 0.65098039 0.74117647 0.85882353
v -2.95972252 0.62217414 -148.65611267 0.65098039 0.74117647 0.85882353
v -2.95575094 0.65077305 -148.65710449 0.65098039 0.74117647 0.85882353
v -2.96201396 0.59541947 -148.65431213 0.65098039 0.74117647 0.85882353
v -2.96454072 0.56998050 -148.65216064 0.65098039 0.74117647 0.85882353
v -2.96765971 0.54500705 -148.64910889 0.65098039 0.74117647 0.85882353
v -2.97314405 0.52023447 -148.64747620 0.65098039 0.74117647 0.85882353
v -2.97980213 0.49575785 -148.64811707 0.65098039 0.74117647 0.85882353
v -2.98163819 0.46844804 -148.64239502 0.65098039 0.74117647 0.85882353
v -2.96513820 0.40583679 -148.64044189 0.65098039 0.74117647 0.85882353
v -2.97768879 0.43932730 -148.63385010 0.65098039 0.74117647 0.85882353
v -2.97367334 0.40876240 -148.62489319 0.65098039 0.74117647 0.85882353
v -2.97076678 0.37662017 -148.61778259 0.65098039 0.74117647 0.85882353
v -2.96987176 0.30802375 -148.61473083 0.65098039 0.74117647 0.85882353
v -2.96878362 0.34360501 -148.61439514 0.65098039 0.74117647 0.85882353
v -2.97004533 0.27200139 -148.61492920 0.65098039 0.74117647 0.85882353
v -2.96735644 0.23652560 -148.61546326 0.65098039 0.74117647 0.85882353
v -2.93708992 0.81015933 -148.65089417 0.65098039 0.74117647 0.85882353
v -2.94068623 0.80790079 -148.63795471 0.65098039 0.74117647 0.85882353
v -3.10439444 1.41523528 -148.60403442 0.65098039 0.74117647 0.85882353
v -3.14026904 1.31611156 -148.66204834 0.65098039 0.74117647 0.85882353
v -3.14393425 1.32821059 -148.66183472 0.65098039 0.74117647 0.85882353
v -3.13986754 1.39715457 -148.67990112 0.65098039 0.74117647 0.85882353
v -2.96425271 0.81896478 -148.55921936 0.65098039 0.74117647 0.85882353
v -2.97079539 0.83123505 -148.54171753 0.65098039 0.74117647 0.85882353
v -3.22793365 1.41360688 -148.73895264 0.65098039 0.74117647 0.85882353
v -3.22641516 1.42586803 -148.72811890 0.65098039 0.74117647 0.85882353
v -3.14716625 1.38877201 -148.69618225 0.65098039 0.74117647 0.85882353
v -3.14133859 1.34994531 -148.66438293 0.65098039 0.74117647 0.85882353
v -3.14814544 1.35728025 -148.66362000 0.65098039 0.74117647 0.85882353
v -3.16434622 1.58806169 -148.81831360 0.65098039 0.74117647 0.85882353
v -3.15095520 1.60158873 -148.81661987 0.65098039 0.74117647 0.85882353
v -3.15780234 1.60742891 -148.82368469 0.65098039 0.74117647 0.85882353
v -3.17179489 1.59360623 -148.82638550 0.65098039 0.74117647 0.85882353
v -3.15505481 1.58069134 -148.81468201 0.65098039 0.74117647 0.85882353
v -3.14202332 1.59422088 -148.81408691 0.65098039 0.74117647 0.85882353
v -3.11923289 1.55567241 -148.85592651 0.65098039 0.74117647 0.85882353
v -3.11003590 1.57425392 -148.85559082 0.65098039 0.74117647 0.85882353
v -3.11300230 1.57392669 -148.84280396 0.65098039 0.74117647 0.85882353
v -3.12284827 1.55609965 -148.84269714 0.65098039 0.74117647 0.85882353
v -3.12132120 1.60087705 -148.81600952 0.65098039 0.74117647 0.85882353
v -3.13313484 1.58683538 -148.81594849 0.65098039 0.74117647 0.85882353
v -3.12521076 1.58042169 -148.82252502 0.65098039 0.74117647 0.85882353
v -3.11411786 1.59571409 -148.82266235 0.65098039 0.74117647 0.85882353
v -3.12823343 1.56499362 -148.88104248 0.65098039 0.74117647 0.85882353
v -3.13621593 1.54541373 -148.88262939 0.65098039 0.74117647 0.85882353
v -3.14692259 1.55256724 -148.88916016 0.65098039 0.74117647 0.85882353
v -3.13870049 1.57196784 -148.88600159 0.65098039 0.74117647 0.85882353
v -3.15942240 1.48944163 -148.84898376 0.65098039 0.74117647 0.85882353
v -3.16514730 1.48059750 -148.84550476 0.65098039 0.74117647 0.85882353
v -3.16376972 1.47600746 -148.85777283 0.65098039 0.74117647 0.85882353
v -3.15724325 1.48637962 -148.86189270 0.65098039 0.74117647 0.85882353
v -3.19092393 1.56041956 -148.82064819 0.65098039 0.74117647 0.85882353
v -3.17765450 1.57397103 -148.81959534 0.65098039 0.74117647 0.85882353
v -3.18530059 1.57880330 -148.82925415 0.65098039 0.74117647 0.85882353
v -3.19871998 1.56346679 -148.83229065 0.65098039 0.74117647 0.85882353
v -3.15871692 1.53455091 -148.82054138 0.65098039 0.74117647 0.85882353
v -3.16983604 1.51976895 -148.82070923 0.65098039 0.74117647 0.85882353
v -3.16129303 1.51177382 -148.82986450 0.65098039 0.74117647 0.85882353
v -3.15007973 1.52673173 -148.83062744 0.65098039 0.74117647 0.85882353
v -3.21057940 1.54706883 -148.83595276 0.65098039 0.74117647 0.85882353
v -3.20422435 1.54625106 -148.82261658 0.65098039 0.74117647 0.85882353
v -3.13640380 1.56503630 -148.82212830 0.65098039 0.74117647 0.85882353
v -3.14733672 1.54961586 -148.82119751 0.65098039 0.74117647 0.85882353
v -3.13949990 1.54250503 -148.83067322 0.65098039 0.74117647 0.85882353
v -3.12899351 1.55931449 -148.83134460 0.65098039 0.74117647 0.85882353
v -3.11146784 1.60170388 -148.87387085 0.65098039 0.74117647 0.85882353
v -3.12006235 1.58381593 -148.87805176 0.65098039 0.74117647 0.85882353
v -3.13017750 1.59033251 -148.88182068 0.65098039 0.74117647 0.85882353
v -3.12087464 1.60794187 -148.87654114 0.65098039 0.74117647 0.85882353
v -3.10818863 1.59263897 -148.83184814 0.65098039 0.74117647 0.85882353
v -3.11862993 1.57606030 -148.83163452 0.65098039 0.74117647 0.85882353
v -3.10334682 1.59116638 -148.84257507 0.65098039 0.74117647 0.85882353
v -3.14765477 1.62580585 -148.84387207 0.65098039 0.74117647 0.85882353
v -3.16148615 1.61076140 -148.84945679 0.65098039 0.74117647 0.85882353
v -3.16131592 1.61025286 -148.83534241 0.65098039 0.74117647 0.85882353
v -3.14737511 1.62456119 -148.83114624 0.65098039 0.74117647 0.85882353
v -3.13914037 1.51898742 -148.85441589 0.65098039 0.74117647 0.85882353
v -3.12896132 1.53697038 -148.85557556 0.65098039 0.74117647 0.85882353
v -3.13288784 1.53833437 -148.84252930 0.65098039 0.74117647 0.85882353
v -3.14333630 1.52127767 -148.84182739 0.65098039 0.74117647 0.85882353
v -3.18040228 1.55281973 -148.81491089 0.65098039 0.74117647 0.85882353
v -3.16779804 1.56664228 -148.81507874 0.65098039 0.74117647 0.85882353
v -3.17514753 1.59523821 -148.85520935 0.65098039 0.74117647 0.85882353
v -3.18802047 1.57831788 -148.86067200 0.65098039 0.74117647 0.85882353
v -3.18865800 1.57973266 -148.84378052 0.65098039 0.74117647 0.85882353
v -3.17527580 1.59531093 -148.83949280 0.65098039 0.74117647 0.85882353
v -3.19261909 1.55449283 -148.88073730 0.65098039 0.74117647 0.85882353
v -3.18206906 1.57376480 -148.87532043 0.65098039 0.74117647 0.85882353
v -3.17168498 1.56695318 -148.88514709 0.65098039 0.74117647 0.85882353
v -3.18128252 1.54693413 -148.88984680 0.65098039 0.74117647 0.85882353
v -3.14826345 1.50151682 -148.86610413 0.65098039 0.74117647 0.85882353
v -3.14961290 1.50242782 -148.85171509 0.65098039 0.74117647 0.85882353
v -3.14461946 1.52497816 -148.88269043 0.65098039 0.74117647 0.85882353
v -3.15262794 1.50455332 -148.88146973 0.65098039 0.74117647 0.85882353
v -3.16365409 1.51057267 -148.89179993 0.65098039 0.74117647 0.85882353
v -3.15548706 1.53188252 -148.89122009 0.65098039 0.74117647 0.85882353
v -3.19759464 1.51121116 -148.81352234 0.65098039 0.74117647 0.85882353
v -3.19106889 1.51846027 -148.81381226 0.65098039 0.74117647 0.85882353
v -3.20404387 1.52753472 -148.81565857 0.65098039 0.74117647 0.85882353
v -3.21148157 1.51828289 -148.81640625 0.65098039 0.74117647 0.85882353
v -3.21486712 1.53223729 -148.82531738 0.65098039 0.74117647 0.85882353
v -3.22259331 1.52025843 -148.82647705 0.65098039 0.74117647 0.85882353
v -3.23514605 1.49537706 -148.83473206 0.65098039 0.74117647 0.85882353
v -3.23278809 1.50397968 -148.83934021 0.65098039 0.74117647 0.85882353
v -3.23508096 1.49435282 -148.85189819 0.65098039 0.74117647 0.85882353
v -3.23667455 1.48549986 -148.84611511 0.65098039 0.74117647 0.85882353
v -3.21268940 1.51228774 -148.89117432 0.65098039 0.74117647 0.85882353
v -3.20313931 1.53395510 -148.88667297 0.65098039 0.74117647 0.85882353
v -3.19033813 1.52536464 -148.89443970 0.65098039 0.74117647 0.85882353
v -3.19956803 1.50208640 -148.89790344 0.65098039 0.74117647 0.85882353
v -3.19058728 1.47465706 -148.89515686 0.65098039 0.74117647 0.85882353
v -3.18520832 1.49439001 -148.89714050 0.65098039 0.74117647 0.85882353
v -3.17136097 1.48964584 -148.89030457 0.65098039 0.74117647 0.85882353
v -3.17642379 1.47314286 -148.88638306 0.65098039 0.74117647 0.85882353
v -3.18984771 1.42971230 -148.85055542 0.65098039 0.74117647 0.85882353
v -3.19049072 1.44146323 -148.86473083 0.65098039 0.74117647 0.85882353
v -3.17876124 1.44237185 -148.85820007 0.65098039 0.74117647 0.85882353
v -3.17811608 1.43214560 -148.84524536 0.65098039 0.74117647 0.85882353
v -3.16392565 1.45488262 -148.83807373 0.65098039 0.74117647 0.85882353
v -3.16254687 1.46454883 -148.82891846 0.65098039 0.74117647 0.85882353
v -3.15910435 1.45848966 -148.81866455 0.65098039 0.74117647 0.85882353
v -3.16165304 1.44724870 -148.82711792 0.65098039 0.74117647 0.85882353
v -3.20021081 1.49592137 -148.79873657 0.65098039 0.74117647 0.85882353
v -3.20235038 1.49869823 -148.80549622 0.65098039 0.74117647 0.85882353
v -3.21886659 1.49979138 -148.80867004 0.65098039 0.74117647 0.85882353
v -3.21792984 1.49397516 -148.80113220 0.65098039 0.74117647 0.85882353
v -3.22013593 1.49296093 -148.89311218 0.65098039 0.74117647 0.85882353
v -3.20667458 1.47888446 -148.89938354 0.65098039 0.74117647 0.85882353
v -3.16583037 1.46154928 -148.84567261 0.65098039 0.74117647 0.85882353
v -3.16643023 1.46827888 -148.85235596 0.65098039 0.74117647 0.85882353
v -3.16679358 1.47436965 -148.84049988 0.65098039 0.74117647 0.85882353
v -3.16508436 1.46940494 -148.83544922 0.65098039 0.74117647 0.85882353
v -3.17547846 1.48738360 -148.81857300 0.65098039 0.74117647 0.85882353
v -3.17671299 1.49019814 -148.82286072 0.65098039 0.74117647 0.85882353
v -3.18742085 1.49822378 -148.81617737 0.65098039 0.74117647 0.85882353
v -3.18737125 1.49538493 -148.81320190 0.65098039 0.74117647 0.85882353
v -3.20249987 1.50185657 -148.81005859 0.65098039 0.74117647 0.85882353
v -3.20119381 1.50626445 -148.81277466 0.65098039 0.74117647 0.85882353
v -3.21576405 1.51132607 -148.81575012 0.65098039 0.74117647 0.85882353
v -3.21797276 1.50524282 -148.81291199 0.65098039 0.74117647 0.85882353
v -3.22428703 1.48130679 -148.88934326 0.65098039 0.74117647 0.85882353
v -3.22504354 1.47124052 -148.88351440 0.65098039 0.74117647 0.85882353
v -3.23195577 1.47810411 -148.87391663 0.65098039 0.74117647 0.85882353
v -3.23147249 1.48883462 -148.87820435 0.65098039 0.74117647 0.85882353
v -3.17895198 1.46131587 -148.87931824 0.65098039 0.74117647 0.85882353
v -3.19167972 1.46204329 -148.88679504 0.65098039 0.74117647 0.85882353
v -3.17584467 1.49400473 -148.82608032 0.65098039 0.74117647 0.85882353
v -3.17015338 1.48207927 -148.83020020 0.65098039 0.74117647 0.85882353
v -3.16943765 1.48668671 -148.83493042 0.65098039 0.74117647 0.85882353
v -3.22695231 1.51068282 -148.82548523 0.65098039 0.74117647 0.85882353
v -3.20146012 1.43062687 -148.85340881 0.65098039 0.74117647 0.85882353
v -3.19861627 1.41717148 -148.83628845 0.65098039 0.74117647 0.85882353
v -3.21097350 1.42061281 -148.83583069 0.65098039 0.74117647 0.85882353
v -3.21304131 1.43369889 -148.85299683 0.65098039 0.74117647 0.85882353
v -3.18592286 1.41756916 -148.83325195 0.65098039 0.74117647 0.85882353
v -3.17464113 1.42117667 -148.82682800 0.65098039 0.74117647 0.85882353
v -3.15500212 1.45104265 -148.80218506 0.65098039 0.74117647 0.85882353
v -3.15762115 1.43939853 -148.81033325 0.65098039 0.74117647 0.85882353
v -3.15698671 1.46396065 -148.79452515 0.65098039 0.74117647 0.85882353
v -3.16133380 1.47111225 -148.81112671 0.65098039 0.74117647 0.85882353
v -3.16813898 1.48277664 -148.80455017 0.65098039 0.74117647 0.85882353
v -3.16370463 1.47573447 -148.78739929 0.65098039 0.74117647 0.85882353
v -3.19613147 1.48734140 -148.78077698 0.65098039 0.74117647 0.85882353
v -3.21379995 1.48448396 -148.78413391 0.65098039 0.74117647 0.85882353
v -3.22950339 1.48786283 -148.80914307 0.65098039 0.74117647 0.85882353
v -3.22676849 1.47764373 -148.79194641 0.65098039 0.74117647 0.85882353
v -3.16950560 1.44742715 -148.84838867 0.65098039 0.74117647 0.85882353
v -3.17060280 1.45554948 -148.85760498 0.65098039 0.74117647 0.85882353
v -3.17021918 1.59177613 -148.86991882 0.65098039 0.74117647 0.85882353
v -3.15785360 1.60869908 -148.86343384 0.65098039 0.74117647 0.85882353
v -3.15019751 1.60331130 -148.87380981 0.65098039 0.74117647 0.85882353
v -3.16144133 1.58574343 -148.87983704 0.65098039 0.74117647 0.85882353
v -3.14072418 1.59686065 -148.87995911 0.65098039 0.74117647 0.85882353
v -3.13048673 1.61397445 -148.87393188 0.65098039 0.74117647 0.85882353
v -3.15722561 1.55824661 -148.81550598 0.65098039 0.74117647 0.85882353
v -3.14533520 1.57272255 -148.81585693 0.65098039 0.74117647 0.85882353
v -3.12946606 1.60738587 -148.81301880 0.65098039 0.74117647 0.85882353
v -3.18474650 1.50225353 -148.81837463 0.65098039 0.74117647 0.85882353
v -3.17911339 1.50863481 -148.81961060 0.65098039 0.74117647 0.85882353
v -3.23531699 1.47660518 -148.85682678 0.65098039 0.74117647 0.85882353
v -3.23580599 1.46846128 -148.84802246 0.65098039 0.74117647 0.85882353
v -3.23767853 1.47758985 -148.83824158 0.65098039 0.74117647 0.85882353
v -3.22849560 1.50244927 -148.87828064 0.65098039 0.74117647 0.85882353
v -3.23221636 1.50544262 -148.85844421 0.65098039 0.74117647 0.85882353
v -3.22291803 1.52560496 -148.85597229 0.65098039 0.74117647 0.85882353
v -3.22214675 1.52058554 -148.87509155 0.65098039 0.74117647 0.85882353
v -3.22455001 1.46128774 -148.87544250 0.65098039 0.74117647 0.85882353
v -3.22416306 1.45114517 -148.86412048 0.65098039 0.74117647 0.85882353
v -3.23173308 1.45916033 -148.85668945 0.65098039 0.74117647 0.85882353
v -3.23206830 1.46877050 -148.86695862 0.65098039 0.74117647 0.85882353
v -3.18163395 1.49169612 -148.80032349 0.65098039 0.74117647 0.85882353
v -3.18531895 1.49353087 -148.80815125 0.65098039 0.74117647 0.85882353
v -3.23811507 1.45817351 -148.81083679 0.65098039 0.74117647 0.85882353
v -3.23491764 1.46910167 -148.80261230 0.65098039 0.74117647 0.85882353
v -3.23593760 1.47961485 -148.81845093 0.65098039 0.74117647 0.85882353
v -3.23803830 1.46953988 -148.82696533 0.65098039 0.74117647 0.85882353
v -3.23608756 1.48760283 -148.82807922 0.65098039 0.74117647 0.85882353
v -3.23605394 1.44659948 -148.81826782 0.65098039 0.74117647 0.85882353
v -3.23630476 1.45903683 -148.83538818 0.65098039 0.74117647 0.85882353
v -3.17700934 1.48429465 -148.78211975 0.65098039 0.74117647 0.85882353
v -3.22321582 1.43988991 -148.84931946 0.65098039 0.74117647 0.85882353
v -3.22194910 1.42687702 -148.83123779 0.65098039 0.74117647 0.85882353
v -3.23058844 1.43619084 -148.82518005 0.65098039 0.74117647 0.85882353
v -3.23119640 1.44883776 -148.84288025 0.65098039 0.74117647 0.85882353
v -3.15050960 1.57874739 -148.88523865 0.65098039 0.74117647 0.85882353
v -3.15972424 1.55958295 -148.88960266 0.65098039 0.74117647 0.85882353
v -3.16641092 1.47297597 -148.87283325 0.65098039 0.74117647 0.85882353
v -3.16035199 1.48604941 -148.87788391 0.65098039 0.74117647 0.85882353
v -3.16994023 1.46387959 -148.86605835 0.65098039 0.74117647 0.85882353
v -3.12091422 1.55895376 -148.87023926 0.65098039 0.74117647 0.85882353
v -3.11256671 1.57785344 -148.86860657 0.65098039 0.74117647 0.85882353
v -3.13848186 1.52003741 -148.86915588 0.65098039 0.74117647 0.85882353
v -3.12967134 1.53949761 -148.87016296 0.65098039 0.74117647 0.85882353
v -3.20000124 1.55996799 -148.86592102 0.65098039 0.74117647 0.85882353
v -3.20268822 1.45414901 -148.87998962 0.65098039 0.74117647 0.85882353
v -3.20416212 1.46332359 -148.89010620 0.65098039 0.74117647 0.85882353
v -3.19125509 1.45215297 -148.87666321 0.65098039 0.74117647 0.85882353
v -3.16459227 1.42885828 -148.81823730 0.65098039 0.74117647 0.85882353
v -3.16836190 1.43829846 -148.83660889 0.65098039 0.74117647 0.85882353
v -3.21705437 1.47321630 -148.89402771 0.65098039 0.74117647 0.85882353
v -3.16029119 1.41735554 -148.79455566 0.65098039 0.74117647 0.85882353
v -3.22874427 1.51512396 -148.84188843 0.65098039 0.74117647 0.85882353
v -3.23004985 1.49572909 -148.81738281 0.65098039 0.74117647 0.85882353
v -3.22914243 1.50292397 -148.82250977 0.65098039 0.74117647 0.85882353
v -3.14426041 1.62088442 -148.82046509 0.65098039 0.74117647 0.85882353
v -3.16907215 1.54366755 -148.81494141 0.65098039 0.74117647 0.85882353
v -3.17109394 1.50034165 -148.82929993 0.65098039 0.74117647 0.85882353
v -3.16406918 1.49418390 -148.83816528 0.65098039 0.74117647 0.85882353
v -3.20192647 1.44325829 -148.86822510 0.65098039 0.74117647 0.85882353
v -3.21304822 1.44596457 -148.86848450 0.65098039 0.74117647 0.85882353
v -3.21336007 1.45640564 -148.88018799 0.65098039 0.74117647 0.85882353
v -3.16526437 1.47561908 -148.82051086 0.65098039 0.74117647 0.85882353
v -3.17205715 1.48597574 -148.81358337 0.65098039 0.74117647 0.85882353
v -3.10447383 1.59603691 -148.86618042 0.65098039 0.74117647 0.85882353
v -3.16853571 1.47860456 -148.82630920 0.65098039 0.74117647 0.85882353
v -3.22063923 1.53066945 -148.84001160 0.65098039 0.74117647 0.85882353
v -3.07420158 1.33078003 -148.47659302 0.65098039 0.74117647 0.85882353
v -3.05320311 1.31909537 -148.47204590 0.65098039 0.74117647 0.85882353
v -3.05417824 1.33046699 -148.47007751 0.65098039 0.74117647 0.85882353
v -3.11761117 1.22482944 -148.69183350 0.65098039 0.74117647 0.85882353
v -3.06726885 1.20469022 -148.71482849 0.65098039 0.74117647 0.85882353
v -3.08485055 1.20480657 -148.70794678 0.65098039 0.74117647 0.85882353
v -3.13705659 1.30401027 -148.66450500 0.65098039 0.74117647 0.85882353
v -3.13444805 1.29072642 -148.66815186 0.65098039 0.74117647 0.85882353
v -3.15295267 1.34749234 -148.66392517 0.65098039 0.74117647 0.85882353
v -3.14847016 1.33891213 -148.66204834 0.65098039 0.74117647 0.85882353
v -3.11938095 1.27066422 -148.69314575 0.65098039 0.74117647 0.85882353
v -3.09234357 1.60904050 -148.52685547 0.65098039 0.74117647 0.85882353
v -3.09164214 1.60296679 -148.52319336 0.65098039 0.74117647 0.85882353
v -3.09313679 1.62189174 -148.52819824 0.65098039 0.74117647 0.85882353
v -2.93184042 1.07347417 -148.74649048 0.65098039 0.74117647 0.85882353
v -2.91785097 1.05123806 -148.74699402 0.65098039 0.74117647 0.85882353
v -2.91636348 1.04059148 -148.74978638 0.65098039 0.74117647 0.85882353
v -3.09250593 1.59071136 -148.54086304 0.65098039 0.74117647 0.85882353
v -3.09179425 1.58589590 -148.53540039 0.65098039 0.74117647 0.85882353
v -3.09460235 1.58839607 -148.53910828 0.65098039 0.74117647 0.85882353
v -3.09203053 1.59211302 -148.54292297 0.65098039 0.74117647 0.85882353
v -3.09177470 1.59122205 -148.54257202 0.65098039 0.74117647 0.85882353
v -3.09213233 1.62319660 -148.53889465 0.65098039 0.74117647 0.85882353
v -3.09015679 1.59423351 -148.52197266 0.65098039 0.74117647 0.85882353
v -3.08847332 1.58482766 -148.52267456 0.65098039 0.74117647 0.85882353
v -3.09124207 1.60916138 -148.54232788 0.65098039 0.74117647 0.85882353
v -3.04475403 1.03970122 -148.54541016 0.65098039 0.74117647 0.85882353
v -3.04872322 1.02062368 -148.54190063 0.65098039 0.74117647 0.85882353
v -3.02574992 1.02265525 -148.53231812 0.65098039 0.74117647 0.85882353
v -3.02300191 1.04127848 -148.53683472 0.65098039 0.74117647 0.85882353
v -3.00120330 1.00896239 -148.51802063 0.65098039 0.74117647 0.85882353
v -3.00028396 1.02687979 -148.52320862 0.65098039 0.74117647 0.85882353
v -3.02919579 1.00254738 -148.52711487 0.65098039 0.74117647 0.85882353
v -3.12291622 0.96311116 -148.59222412 0.65098039 0.74117647 0.85882353
v -3.12114096 0.98555088 -148.59371948 0.65098039 0.74117647 0.85882353
v -3.12825394 0.98859632 -148.61996460 0.65098039 0.74117647 0.85882353
v -3.12999249 0.96687943 -148.62011719 0.65098039 0.74117647 0.85882353
v -3.12580323 1.00756729 -148.64694214 0.65098039 0.74117647 0.85882353
v -3.12897444 0.99035269 -148.64866638 0.65098039 0.74117647 0.85882353
v -3.12459469 1.00731611 -148.61944580 0.65098039 0.74117647 0.85882353
v -3.11902380 1.00679028 -148.67440796 0.65098039 0.74117647 0.85882353
v -3.12175035 0.98910415 -148.67594910 0.65098039 0.74117647 0.85882353
v -3.10619760 1.00432134 -148.69854736 0.65098039 0.74117647 0.85882353
v -3.10871053 0.98536634 -148.70021057 0.65098039 0.74117647 0.85882353
v -3.09092975 0.98062420 -148.72018433 0.65098039 0.74117647 0.85882353
v -3.06811380 0.97581869 -148.73632812 0.65098039 0.74117647 0.85882353
v -3.04398489 0.94722372 -148.74946594 0.65098039 0.74117647 0.85882353
v -3.04251027 0.97027153 -148.74751282 0.65098039 0.74117647 0.85882353
v -3.01655841 0.96498895 -148.75463867 0.65098039 0.74117647 0.85882353
v -2.99024200 0.96105021 -148.75889587 0.65098039 0.74117647 0.85882353
v -2.96668553 0.95961839 -148.76019287 0.65098039 0.74117647 0.85882353
v -2.94593692 0.95934111 -148.75772095 0.65098039 0.74117647 0.85882353
v -2.92837667 0.95966959 -148.75393677 0.65098039 0.74117647 0.85882353
v -2.91359067 0.95988774 -148.74826050 0.65098039 0.74117647 0.85882353
v -2.91335917 0.93583095 -148.74467468 0.65098039 0.74117647 0.85882353
v -3.08869934 1.40783000 -148.62147522 0.65098039 0.74117647 0.85882353
v -3.13641548 1.41138983 -148.51428223 0.65098039 0.74117647 0.85882353
v -3.14374685 1.41919708 -148.53706360 0.65098039 0.74117647 0.85882353
v -3.14653587 1.40640187 -148.52033997 0.65098039 0.74117647 0.85882353
v -3.17805266 1.34979129 -148.52980042 0.65098039 0.74117647 0.85882353
v -3.16427231 1.34066010 -148.51306152 0.65098039 0.74117647 0.85882353
v -3.16432834 1.35651374 -148.51333618 0.65098039 0.74117647 0.85882353
v -3.17697406 1.36863780 -148.53083801 0.65098039 0.74117647 0.85882353
v -3.13229465 1.39801335 -148.50334167 0.65098039 0.74117647 0.85882353
v -3.12457681 1.40232491 -148.50003052 0.65098039 0.74117647 0.85882353
v -3.14170051 1.39133573 -148.50669861 0.65098039 0.74117647 0.85882353
v -3.13046551 1.37936020 -148.49513245 0.65098039 0.74117647 0.85882353
v -3.11474442 1.37168372 -148.48565674 0.65098039 0.74117647 0.85882353
v -3.17241979 1.41362476 -148.56613159 0.65098039 0.74117647 0.85882353
v -3.17903495 1.41734552 -148.57762146 0.65098039 0.74117647 0.85882353
v -3.19065881 1.40112484 -148.56991577 0.65098039 0.74117647 0.85882353
v -3.18535709 1.39753246 -148.55883789 0.65098039 0.74117647 0.85882353
v -3.19363976 1.34809899 -148.56105042 0.65098039 0.74117647 0.85882353
v -3.19981050 1.35396099 -148.57336426 0.65098039 0.74117647 0.85882353
v -3.19659209 1.34082055 -148.57687378 0.65098039 0.74117647 0.85882353
v -3.18996906 1.33421040 -148.56370544 0.65098039 0.74117647 0.85882353
v -3.19297099 1.43415141 -148.61621094 0.65098039 0.74117647 0.85882353
v -3.19582748 1.43834567 -148.62919617 0.65098039 0.74117647 0.85882353
v -3.20932031 1.42405057 -148.62222290 0.65098039 0.74117647 0.85882353
v -3.20546198 1.41932702 -148.60824585 0.65098039 0.74117647 0.85882353
v -3.20029545 1.36840177 -148.56993103 0.65098039 0.74117647 0.85882353
v -3.13035703 1.24486637 -148.52841187 0.65098039 0.74117647 0.85882353
v -3.14960098 1.25323319 -148.54183960 0.65098039 0.74117647 0.85882353
v -3.16463852 1.26536429 -148.55619812 0.65098039 0.74117647 0.85882353
v -3.18363690 1.30413961 -148.59681702 0.65098039 0.74117647 0.85882353
v -3.17822766 1.28602517 -148.59226990 0.65098039 0.74117647 0.85882353
v -3.17999792 1.29392362 -148.58544922 0.65098039 0.74117647 0.85882353
v -3.18804932 1.31240535 -148.60841370 0.65098039 0.74117647 0.85882353
v -3.19191217 1.31834090 -148.61961365 0.65098039 0.74117647 0.85882353
v -3.13704062 1.42777038 -148.65121460 0.65098039 0.74117647 0.85882353
v -3.12814140 1.40888524 -148.66423035 0.65098039 0.74117647 0.85882353
v -3.13444114 1.40999520 -148.66609192 0.65098039 0.74117647 0.85882353
v -3.19589543 1.33111143 -148.64848328 0.65098039 0.74117647 0.85882353
v -3.19277906 1.32861733 -148.65214539 0.65098039 0.74117647 0.85882353
v -3.18915772 1.32075834 -148.64112854 0.65098039 0.74117647 0.85882353
v -3.19207382 1.32316077 -148.63739014 0.65098039 0.74117647 0.85882353
v -3.16559410 1.41199601 -148.55584717 0.65098039 0.74117647 0.85882353
v -3.21717453 1.40762162 -148.61926270 0.65098039 0.74117647 0.85882353
v -3.21955633 1.39317560 -148.62168884 0.65098039 0.74117647 0.85882353
v -3.21550179 1.38732386 -148.60723877 0.65098039 0.74117647 0.85882353
v -3.21241307 1.40264797 -148.60542297 0.65098039 0.74117647 0.85882353
v -3.21944237 1.37977457 -148.62330627 0.65098039 0.74117647 0.85882353
v -3.21746254 1.36854506 -148.62612915 0.65098039 0.74117647 0.85882353
v -3.21340084 1.36171842 -148.61326599 0.65098039 0.74117647 0.85882353
v -3.21568871 1.37354279 -148.60954285 0.65098039 0.74117647 0.85882353
v -3.19977832 1.33620977 -148.64605713 0.65098039 0.74117647 0.85882353
v -3.19511366 1.32647228 -148.63204956 0.65098039 0.74117647 0.85882353
v -3.17811131 1.44722795 -148.64709473 0.65098039 0.74117647 0.85882353
v -3.16678977 1.43527055 -148.60179138 0.65098039 0.74117647 0.85882353
v -3.16176748 1.42936754 -148.59008789 0.65098039 0.74117647 0.85882353
v -3.14215064 1.43184185 -148.60623169 0.65098039 0.74117647 0.85882353
v -3.14570189 1.43538332 -148.61595154 0.65098039 0.74117647 0.85882353
v -3.16012526 1.35324287 -148.67047119 0.65098039 0.74117647 0.85882353
v -3.16564107 1.34601068 -148.67146301 0.65098039 0.74117647 0.85882353
v -3.17161846 1.33896601 -148.67170715 0.65098039 0.74117647 0.85882353
v -3.18046355 1.31701136 -148.64692688 0.65098039 0.74117647 0.85882353
v -3.17777777 1.33520484 -148.67301941 0.65098039 0.74117647 0.85882353
v -3.13839293 1.39207029 -148.67189026 0.65098039 0.74117647 0.85882353
v -3.13836408 1.41120696 -148.67037964 0.65098039 0.74117647 0.85882353
v -3.12573481 1.42466211 -148.62385559 0.65098039 0.74117647 0.85882353
v -3.12868524 1.42650366 -148.63308716 0.65098039 0.74117647 0.85882353
v -3.19790292 1.44123113 -148.64068604 0.65098039 0.74117647 0.85882353
v -3.21202731 1.42681766 -148.63569641 0.65098039 0.74117647 0.85882353
v -3.20154786 1.34417224 -148.67872620 0.65098039 0.74117647 0.85882353
v -3.19632053 1.33640134 -148.66630554 0.65098039 0.74117647 0.85882353
v -3.19959807 1.33860421 -148.66223145 0.65098039 0.74117647 0.85882353
v -3.18013215 1.30747509 -148.63415527 0.65098039 0.74117647 0.85882353
v -3.18488669 1.31768537 -148.64404297 0.65098039 0.74117647 0.85882353
v -3.18478274 1.42289305 -148.58990479 0.65098039 0.74117647 0.85882353
v -3.22221041 1.39665055 -148.63565063 0.65098039 0.74117647 0.85882353
v -3.21960807 1.41091919 -148.63430786 0.65098039 0.74117647 0.85882353
v -3.21086383 1.36709452 -148.59696960 0.65098039 0.74117647 0.85882353
v -3.20548916 1.36015296 -148.58502197 0.65098039 0.74117647 0.85882353
v -3.20547199 1.37450457 -148.58128357 0.65098039 0.74117647 0.85882353
v -3.21085882 1.38067257 -148.59384155 0.65098039 0.74117647 0.85882353
v -3.21654534 1.36457276 -148.64633179 0.65098039 0.74117647 0.85882353
v -3.22078085 1.37436843 -148.64085388 0.65098039 0.74117647 0.85882353
v -3.20250368 1.34699440 -148.58860779 0.65098039 0.74117647 0.85882353
v -3.20837641 1.35398495 -148.60070801 0.65098039 0.74117647 0.85882353
v -3.20318842 1.34268618 -148.65882874 0.65098039 0.74117647 0.85882353
v -3.12407374 1.42259383 -148.61643982 0.65098039 0.74117647 0.85882353
v -3.10672808 1.41224229 -148.63037109 0.65098039 0.74117647 0.85882353
v -3.11214375 1.41478229 -148.63499451 0.65098039 0.74117647 0.85882353
v -3.11505151 1.41431761 -148.64186096 0.65098039 0.74117647 0.85882353
v -3.11891556 1.41302395 -148.65031433 0.65098039 0.74117647 0.85882353
v -3.12318921 1.40998435 -148.65876770 0.65098039 0.74117647 0.85882353
v -3.09943628 1.40965533 -148.62580872 0.65098039 0.74117647 0.85882353
v -3.21565652 1.46466541 -148.88864136 0.65098039 0.74117647 0.85882353
v -3.19862247 1.34280181 -148.68489075 0.65098039 0.74117647 0.85882353
v -3.20652056 1.35248423 -148.69104004 0.65098039 0.74117647 0.85882353
v -3.20443392 1.35180545 -148.69854736 0.65098039 0.74117647 0.85882353
v -3.22589183 1.39952254 -148.74401855 0.65098039 0.74117647 0.85882353
v -3.00424004 1.51962876 -148.62910461 0.65098039 0.74117647 0.85882353
v -3.00544643 1.51442504 -148.62597656 0.65098039 0.74117647 0.85882353
v -3.00048995 1.54262829 -148.63148499 0.65098039 0.74117647 0.85882353
v -3.00090694 1.53910494 -148.63191223 0.65098039 0.74117647 0.85882353
v -3.23520350 1.48532879 -148.86293030 0.65098039 0.74117647 0.85882353
v -3.23385668 1.49345708 -148.86752319 0.65098039 0.74117647 0.85882353
v -3.21134496 1.54085565 -148.87089539 0.65098039 0.74117647 0.85882353
v -3.21254492 1.54478216 -148.85240173 0.65098039 0.74117647 0.85882353
v -3.20110321 1.56289029 -148.84832764 0.65098039 0.74117647 0.85882353
v -3.19291186 1.53966284 -148.81535339 0.65098039 0.74117647 0.85882353
v -3.18072271 1.52978992 -148.81449890 0.65098039 0.74117647 0.85882353
v -3.15429902 1.50627971 -148.84039307 0.65098039 0.74117647 0.85882353
v -3.17697001 1.51761389 -148.89573669 0.65098039 0.74117647 0.85882353
v -3.11172462 1.64076662 -148.80799866 0.65098039 0.74117647 0.85882353
v -3.09852576 1.65388918 -148.80427551 0.65098039 0.74117647 0.85882353
v -3.10470581 1.66109538 -148.80780029 0.65098039 0.74117647 0.85882353
v -3.11787868 1.64763641 -148.81274414 0.65098039 0.74117647 0.85882353
v -3.08518744 1.66591525 -148.80026245 0.65098039 0.74117647 0.85882353
v -3.09191108 1.64729166 -148.80621338 0.65098039 0.74117647 0.85882353
v -3.07937884 1.65920782 -148.80366516 0.65098039 0.74117647 0.85882353
v -3.08608198 1.64211202 -148.81182861 0.65098039 0.74117647 0.85882353
v -3.07477283 1.65503204 -148.80963135 0.65098039 0.74117647 0.85882353
v -3.07048726 1.65268600 -148.81771851 0.65098039 0.74117647 0.85882353
v -3.08082604 1.63927174 -148.81971741 0.65098039 0.74117647 0.85882353
v -3.07732296 1.63873672 -148.82838440 0.65098039 0.74117647 0.85882353
v -3.06758857 1.65282118 -148.82611084 0.65098039 0.74117647 0.85882353
v -3.08480573 1.62396479 -148.83995056 0.65098039 0.74117647 0.85882353
v -3.08443236 1.62615776 -148.84999084 0.65098039 0.74117647 0.85882353
v -3.07632256 1.64307570 -148.84620667 0.65098039 0.74117647 0.85882353
v -3.07577300 1.64023352 -148.83741760 0.65098039 0.74117647 0.85882353
v -3.07616854 1.66790342 -148.85255432 0.65098039 0.74117647 0.85882353
v -3.08523059 1.65268731 -148.85859680 0.65098039 0.74117647 0.85882353
v -3.09259081 1.65830994 -148.85823059 0.65098039 0.74117647 0.85882353
v -3.08211684 1.67292583 -148.85226440 0.65098039 0.74117647 0.85882353
v -3.11628199 1.65220404 -148.85333252 0.65098039 0.74117647 0.85882353
v -3.10548234 1.66828012 -148.84738159 0.65098039 0.74117647 0.85882353
v -3.09927082 1.66364884 -148.85430908 0.65098039 0.74117647 0.85882353
v -3.10989952 1.64720941 -148.86068726 0.65098039 0.74117647 0.85882353
v -3.09511614 1.68335891 -148.84249878 0.65098039 0.74117647 0.85882353
v -3.10817528 1.67001867 -148.83807373 0.65098039 0.74117647 0.85882353
v -3.09777069 1.68409705 -148.83270264 0.65098039 0.74117647 0.85882353
v -3.11691761 1.62066483 -148.81095886 0.65098039 0.74117647 0.85882353
v -3.12488532 1.62778544 -148.81129456 0.65098039 0.74117647 0.85882353
v -3.13774633 1.61458755 -148.81433105 0.65098039 0.74117647 0.85882353
v -3.09190202 1.62486768 -148.82099915 0.65098039 0.74117647 0.85882353
v -3.09756017 1.62838960 -148.81344604 0.65098039 0.74117647 0.85882353
v -3.10938644 1.61457086 -148.81494141 0.65098039 0.74117647 0.85882353
v -3.10303402 1.61039376 -148.82225037 0.65098039 0.74117647 0.85882353
v -3.10152817 1.59204054 -148.85470581 0.65098039 0.74117647 0.85882353
v -3.09302473 1.60955429 -148.85287476 0.65098039 0.74117647 0.85882353
v -3.09429574 1.60779166 -148.84158325 0.65098039 0.74117647 0.85882353
v -3.08761954 1.62354612 -148.83001709 0.65098039 0.74117647 0.85882353
v -3.09794903 1.60820508 -148.83123779 0.65098039 0.74117647 0.85882353
v -3.08760953 1.63050413 -148.85890198 0.65098039 0.74117647 0.85882353
v -3.07933187 1.64729273 -148.85426331 0.65098039 0.74117647 0.85882353
v -3.12087822 1.65251029 -148.82182312 0.65098039 0.74117647 0.85882353
v -3.10800910 1.66622663 -148.81668091 0.65098039 0.74117647 0.85882353
v -3.10866046 1.66909838 -148.82733154 0.65098039 0.74117647 0.85882353
v -3.12133503 1.65495229 -148.83239746 0.65098039 0.74117647 0.85882353
v -3.09602523 1.61356449 -148.86283875 0.65098039 0.74117647 0.85882353
v -3.13386250 1.63848495 -148.82649231 0.65098039 0.74117647 0.85882353
v -3.13416862 1.64050412 -148.83810425 0.65098039 0.74117647 0.85882353
v -3.12004352 1.65499210 -148.84379578 0.65098039 0.74117647 0.85882353
v -3.13228559 1.64000416 -148.85012817 0.65098039 0.74117647 0.85882353
v -3.09616113 1.67920136 -148.81164551 0.65098039 0.74117647 0.85882353
v -3.09196615 1.67367649 -148.80319214 0.65098039 0.74117647 0.85882353
v -3.13124228 1.63435531 -148.81677246 0.65098039 0.74117647 0.85882353
v -3.09389257 1.63610435 -148.86457825 0.65098039 0.74117647 0.85882353
v -3.10275197 1.61907303 -148.86926270 0.65098039 0.74117647 0.85882353
v -3.11140537 1.62512410 -148.87092590 0.65098039 0.74117647 0.85882353
v -3.10205102 1.64182305 -148.86497498 0.65098039 0.74117647 0.85882353
v -3.13873696 1.61970067 -148.86689758 0.65098039 0.74117647 0.85882353
v -3.12729383 1.63622308 -148.86032104 0.65098039 0.74117647 0.85882353
v -3.12004066 1.63071680 -148.86727905 0.65098039 0.74117647 0.85882353
v -3.08871794 1.67868376 -148.84924316 0.65098039 0.74117647 0.85882353
v -3.14497423 1.62438965 -148.85670471 0.65098039 0.74117647 0.85882353
v -3.01427746 1.70657349 -148.80339050 0.65098039 0.74117647 0.85882353
v -3.00912929 1.70505667 -148.79458618 0.65098039 0.74117647 0.85882353
v -3.01290679 1.69609141 -148.79631042 0.65098039 0.74117647 0.85882353
v -3.01872396 1.69802427 -148.80570984 0.65098039 0.74117647 0.85882353
v -3.02089953 1.67468929 -148.79843140 0.65098039 0.74117647 0.85882353
v -3.01503944 1.67690778 -148.78724670 0.65098039 0.74117647 0.85882353
v -3.02180481 1.67181420 -148.78195190 0.65098039 0.74117647 0.85882353
v -3.02848148 1.66855526 -148.79283142 0.65098039 0.74117647 0.85882353
v -3.00742817 1.70459747 -148.78564453 0.65098039 0.74117647 0.85882353
v -3.00973272 1.69533992 -148.78784180 0.65098039 0.74117647 0.85882353
v -3.01096392 1.70439816 -148.77861023 0.65098039 0.74117647 0.85882353
v -3.00504494 1.71267629 -148.78288269 0.65098039 0.74117647 0.85882353
v -3.00964117 1.71502042 -148.77738953 0.65098039 0.74117647 0.85882353
v -3.00633478 1.72248054 -148.77580261 0.65098039 0.74117647 0.85882353
v -3.01338673 1.72818160 -148.77638245 0.65098039 0.74117647 0.85882353
v -3.02074099 1.71873498 -148.77667236 0.65098039 0.74117647 0.85882353
v -3.03423166 1.73123479 -148.79479980 0.65098039 0.74117647 0.85882353
v -3.02240205 1.73892713 -148.79205322 0.65098039 0.74117647 0.85882353
v -3.02545404 1.74219656 -148.80178833 0.65098039 0.74117647 0.85882353
v -3.03691602 1.73376942 -148.80433655 0.65098039 0.74117647 0.85882353
v -3.02924609 1.74083066 -148.82159424 0.65098039 0.74117647 0.85882353
v -3.04022670 1.73256636 -148.82228088 0.65098039 0.74117647 0.85882353
v -3.03835869 1.73336601 -148.81324768 0.65098039 0.74117647 0.85882353
v -3.02638412 1.74195743 -148.81143188 0.65098039 0.74117647 0.85882353
v -3.02173471 1.71016407 -148.81660461 0.65098039 0.74117647 0.85882353
v -3.01947045 1.70849562 -148.81123352 0.65098039 0.74117647 0.85882353
v -3.02451396 1.70099258 -148.81428528 0.65098039 0.74117647 0.85882353
v -3.02725005 1.70273018 -148.82012939 0.65098039 0.74117647 0.85882353
v -3.01408672 1.70067954 -148.76847839 0.65098039 0.74117647 0.85882353
v -3.01094437 1.69996262 -148.77091980 0.65098039 0.74117647 0.85882353
v -3.01610994 1.70743418 -148.77487183 0.65098039 0.74117647 0.85882353
v -3.02244425 1.70545244 -148.77348328 0.65098039 0.74117647 0.85882353
v -3.03940058 1.68546009 -148.83895874 0.65098039 0.74117647 0.85882353
v -3.03922725 1.68249631 -148.83247375 0.65098039 0.74117647 0.85882353
v -3.04721355 1.67554641 -148.83190918 0.65098039 0.74117647 0.85882353
v -3.04828620 1.67830133 -148.83949280 0.65098039 0.74117647 0.85882353
v -3.04115868 1.66686749 -148.80940247 0.65098039 0.74117647 0.85882353
v -3.05084062 1.66826391 -148.79959106 0.65098039 0.74117647 0.85882353
v -3.05568099 1.66722214 -148.80474854 0.65098039 0.74117647 0.85882353
v -3.04669476 1.66873932 -148.81559753 0.65098039 0.74117647 0.85882353
v -3.03501678 1.66684580 -148.80220032 0.65098039 0.74117647 0.85882353
v -3.03767085 1.67128253 -148.78594971 0.65098039 0.74117647 0.85882353
v -3.04470015 1.66902947 -148.79370117 0.65098039 0.74117647 0.85882353
v -3.02916241 1.67437899 -148.77622986 0.65098039 0.74117647 0.85882353
v -3.05227447 1.68274188 -148.84698486 0.65098039 0.74117647 0.85882353
v -3.04605532 1.68871665 -148.84910583 0.65098039 0.74117647 0.85882353
v -2.96590161 1.74608767 -148.77026367 0.65098039 0.74117647 0.85882353
v -2.97021222 1.74304938 -148.77145386 0.65098039 0.74117647 0.85882353
v -2.96898842 1.74487138 -148.77621460 0.65098039 0.74117647 0.85882353
v -2.96469045 1.74809647 -148.77485657 0.65098039 0.74117647 0.85882353
v -3.06089187 1.70143533 -148.84907532 0.65098039 0.74117647 0.85882353
v -3.06408048 1.69528246 -148.84931946 0.65098039 0.74117647 0.85882353
v -3.06924009 1.70093751 -148.84436035 0.65098039 0.74117647 0.85882353
v -3.06538773 1.70650542 -148.84248352 0.65098039 0.74117647 0.85882353
v -3.05522752 1.70924735 -148.84928894 0.65098039 0.74117647 0.85882353
v -3.05951524 1.71364176 -148.84066772 0.65098039 0.74117647 0.85882353
v -2.97185349 1.75529623 -148.76388550 0.65098039 0.74117647 0.85882353
v -2.97700191 1.75286651 -148.76557922 0.65098039 0.74117647 0.85882353
v -2.97492504 1.74825287 -148.76545715 0.65098039 0.74117647 0.85882353
v -2.96985483 1.75066090 -148.76400757 0.65098039 0.74117647 0.85882353
v -3.00900030 1.71315718 -148.80010986 0.65098039 0.74117647 0.85882353
v -3.00472450 1.71172452 -148.79164124 0.65098039 0.74117647 0.85882353
v -2.99295759 1.72446036 -148.78913879 0.65098039 0.74117647 0.85882353
v -2.99479580 1.72234082 -148.78349304 0.65098039 0.74117647 0.85882353
v -2.99967194 1.71721733 -148.78752136 0.65098039 0.74117647 0.85882353
v -3.00143623 1.71969557 -148.79641724 0.65098039 0.74117647 0.85882353
v -3.00924373 1.72406101 -148.81472778 0.65098039 0.74117647 0.85882353
v -3.00534964 1.72356737 -148.80767822 0.65098039 0.74117647 0.85882353
v -3.01330376 1.71724975 -148.81008911 0.65098039 0.74117647 0.85882353
v -3.01680994 1.71786809 -148.81733704 0.65098039 0.74117647 0.85882353
v -3.01786804 1.71843743 -148.82882690 0.65098039 0.74117647 0.85882353
v -3.01693749 1.71939182 -148.83468628 0.65098039 0.74117647 0.85882353
v -3.01107240 1.72560525 -148.83322144 0.65098039 0.74117647 0.85882353
v -3.01111174 1.72516227 -148.82664490 0.65098039 0.74117647 0.85882353
v -2.99676466 1.73624945 -148.81694031 0.65098039 0.74117647 0.85882353
v -2.99773240 1.73744226 -148.82212830 0.65098039 0.74117647 0.85882353
v -2.99300122 1.74443650 -148.81910706 0.65098039 0.74117647 0.85882353
v -2.99190950 1.74364185 -148.81428528 0.65098039 0.74117647 0.85882353
v -3.06760645 1.69019198 -148.85000610 0.65098039 0.74117647 0.85882353
v -3.07366991 1.69580126 -148.84574890 0.65098039 0.74117647 0.85882353
v -3.03226662 1.73705912 -148.84072876 0.65098039 0.74117647 0.85882353
v -3.02460122 1.74372220 -148.84178162 0.65098039 0.74117647 0.85882353
v -3.02305722 1.73912382 -148.85084534 0.65098039 0.74117647 0.85882353
v -3.03105903 1.73190999 -148.84965515 0.65098039 0.74117647 0.85882353
v -3.06708050 1.70994914 -148.83341980 0.65098039 0.74117647 0.85882353
v -3.07216501 1.70493007 -148.83557129 0.65098039 0.74117647 0.85882353
v -2.97248650 1.75984716 -148.76683044 0.65098039 0.74117647 0.85882353
v -2.97786736 1.75754929 -148.76837158 0.65098039 0.74117647 0.85882353
v -3.03479338 1.68273044 -148.77259827 0.65098039 0.74117647 0.85882353
v -3.04435420 1.68026829 -148.78256226 0.65098039 0.74117647 0.85882353
v -3.05210805 1.67814708 -148.79067993 0.65098039 0.74117647 0.85882353
v -3.05780458 1.67634988 -148.79565430 0.65098039 0.74117647 0.85882353
v -3.06296945 1.67355406 -148.79783630 0.65098039 0.74117647 0.85882353
v -2.99808836 1.72464013 -148.79937744 0.65098039 0.74117647 0.85882353
v -3.01442289 1.71314347 -148.80752563 0.65098039 0.74117647 0.85882353
v -3.02307439 1.71067643 -148.82080078 0.65098039 0.74117647 0.85882353
v -3.02315664 1.71356797 -148.84884644 0.65098039 0.74117647 0.85882353
v -3.02141976 1.71310401 -148.84164429 0.65098039 0.74117647 0.85882353
v -3.02541995 1.70655692 -148.84155273 0.65098039 0.74117647 0.85882353
v -3.02878761 1.70814872 -148.85084534 0.65098039 0.74117647 0.85882353
v -3.02583289 1.72659111 -148.85414124 0.65098039 0.74117647 0.85882353
v -3.01832223 1.73324561 -148.85418701 0.65098039 0.74117647 0.85882353
v -3.01377797 1.72889316 -148.85145569 0.65098039 0.74117647 0.85882353
v -3.02017546 1.72270894 -148.85220337 0.65098039 0.74117647 0.85882353
v -3.01750278 1.69998431 -148.76429749 0.65098039 0.74117647 0.85882353
v -3.02686071 1.70064473 -148.77091980 0.65098039 0.74117647 0.85882353
v -3.05323529 1.69565701 -148.85202026 0.65098039 0.74117647 0.85882353
v -3.05732250 1.68960261 -148.85084534 0.65098039 0.74117647 0.85882353
v -3.06233454 1.68398213 -148.84934998 0.65098039 0.74117647 0.85882353
v -3.03311586 1.69247651 -148.82707214 0.65098039 0.74117647 0.85882353
v -3.03188848 1.69194508 -148.82315063 0.65098039 0.74117647 0.85882353
v -3.03700686 1.67847407 -148.82363892 0.65098039 0.74117647 0.85882353
v -3.03894830 1.68065548 -148.82833862 0.65098039 0.74117647 0.85882353
v -3.02176762 1.68704486 -148.80883789 0.65098039 0.74117647 0.85882353
v -3.01572609 1.68575144 -148.79861450 0.65098039 0.74117647 0.85882353
v -3.02708578 1.67493105 -148.80918884 0.65098039 0.74117647 0.85882353
v -3.04683495 1.67248631 -148.82531738 0.65098039 0.74117647 0.85882353
v -3.05386853 1.66829967 -148.82371521 0.65098039 0.74117647 0.85882353
v -3.05421281 1.67115283 -148.83134460 0.65098039 0.74117647 0.85882353
v -3.05527258 1.67451930 -148.83923340 0.65098039 0.74117647 0.85882353
v -3.05805111 1.67884564 -148.84603882 0.65098039 0.74117647 0.85882353
v -3.06008101 1.66290426 -148.82427979 0.65098039 0.74117647 0.85882353
v -3.06002116 1.66554952 -148.83241272 0.65098039 0.74117647 0.85882353
v -3.06140852 1.66935217 -148.84028625 0.65098039 0.74117647 0.85882353
v -3.06418157 1.67386150 -148.84640503 0.65098039 0.74117647 0.85882353
v -3.08575511 1.69351459 -148.83929443 0.65098039 0.74117647 0.85882353
v -3.07817554 1.69982743 -148.83753967 0.65098039 0.74117647 0.85882353
v -3.08009315 1.68939900 -148.84689331 0.65098039 0.74117647 0.85882353
v -3.06421280 1.66357350 -148.80659485 0.65098039 0.74117647 0.85882353
v -3.06161952 1.66237521 -148.81542969 0.65098039 0.74117647 0.85882353
v -3.05456233 1.66698432 -148.81449890 0.65098039 0.74117647 0.85882353
v -3.06878424 1.66837072 -148.79980469 0.65098039 0.74117647 0.85882353
v -3.01163054 1.67904949 -148.77848816 0.65098039 0.74117647 0.85882353
v -3.00954914 1.68694448 -148.78068542 0.65098039 0.74117647 0.85882353
v -3.00596642 1.68794775 -148.77415466 0.65098039 0.74117647 0.85882353
v -3.00712585 1.68148303 -148.77157593 0.65098039 0.74117647 0.85882353
v -3.00198221 1.71880054 -148.78027344 0.65098039 0.74117647 0.85882353
v -2.99765754 1.72393274 -148.77789307 0.65098039 0.74117647 0.85882353
v -3.00162959 1.72823930 -148.77435303 0.65098039 0.74117647 0.85882353
v -3.04029655 1.69572449 -148.85089111 0.65098039 0.74117647 0.85882353
v -3.03469467 1.69314098 -148.84164429 0.65098039 0.74117647 0.85882353
v -2.99169636 1.72815228 -148.79322815 0.65098039 0.74117647 0.85882353
v -2.98280549 1.74954557 -148.76763916 0.65098039 0.74117647 0.85882353
v -2.99244595 1.74310493 -148.77093506 0.65098039 0.74117647 0.85882353
v -2.98970437 1.73761082 -148.77107239 0.65098039 0.74117647 0.85882353
v -2.98032379 1.74463916 -148.76739502 0.65098039 0.74117647 0.85882353
v -2.98830032 1.73719096 -148.79206848 0.65098039 0.74117647 0.85882353
v -2.98384857 1.74226880 -148.78799438 0.65098039 0.74117647 0.85882353
v -2.98309183 1.73652792 -148.78637695 0.65098039 0.74117647 0.85882353
v -2.98806953 1.73197794 -148.78938293 0.65098039 0.74117647 0.85882353
v -2.99865842 1.73795390 -148.82858276 0.65098039 0.74117647 0.85882353
v -2.99484086 1.74368167 -148.82615662 0.65098039 0.74117647 0.85882353
v -3.00867367 1.74436235 -148.79084778 0.65098039 0.74117647 0.85882353
v -3.02011323 1.73503673 -148.78251648 0.65098039 0.74117647 0.85882353
v -3.01004219 1.74061751 -148.78108215 0.65098039 0.74117647 0.85882353
v -3.01079106 1.72474790 -148.82096863 0.65098039 0.74117647 0.85882353
v -3.00401449 1.73127985 -148.82453918 0.65098039 0.74117647 0.85882353
v -3.00336790 1.73041272 -148.81921387 0.65098039 0.74117647 0.85882353
v -2.99591398 1.72776389 -148.80047607 0.65098039 0.74117647 0.85882353
v -2.99932122 1.72796464 -148.80561829 0.65098039 0.74117647 0.85882353
v -2.99404526 1.73236442 -148.80235291 0.65098039 0.74117647 0.85882353
v -2.99176598 1.73107123 -148.79664612 0.65098039 0.74117647 0.85882353
v -3.03347254 1.71717000 -148.85511780 0.65098039 0.74117647 0.85882353
v -3.04026151 1.72448802 -148.84930420 0.65098039 0.74117647 0.85882353
v -2.97243667 1.74462390 -148.76765442 0.65098039 0.74117647 0.85882353
v -2.96781921 1.74735069 -148.76638794 0.65098039 0.74117647 0.85882353
v -3.07351875 1.68398368 -148.85006714 0.65098039 0.74117647 0.85882353
v -3.06808019 1.67867351 -148.84974670 0.65098039 0.74117647 0.85882353
v -3.01799107 1.71811068 -148.82304382 0.65098039 0.74117647 0.85882353
v -3.02956581 1.72672296 -148.78523254 0.65098039 0.74117647 0.85882353
v -3.02380252 1.71053040 -148.82553101 0.65098039 0.74117647 0.85882353
v -3.01109743 1.74993134 -148.82905579 0.65098039 0.74117647 0.85882353
v -3.00578165 1.75495481 -148.82771301 0.65098039 0.74117647 0.85882353
v -3.00194883 1.75126529 -148.83145142 0.65098039 0.74117647 0.85882353
v -3.00697660 1.74697626 -148.83438110 0.65098039 0.74117647 0.85882353
v -2.97619033 1.74980664 -148.78337097 0.65098039 0.74117647 0.85882353
v -2.97133780 1.75438738 -148.78071594 0.65098039 0.74117647 0.85882353
v -2.96941066 1.74927998 -148.77960205 0.65098039 0.74117647 0.85882353
v -2.97444725 1.74432349 -148.78198242 0.65098039 0.74117647 0.85882353
v -2.98903751 1.72847247 -148.78576660 0.65098039 0.74117647 0.85882353
v -2.98335481 1.73278546 -148.78279114 0.65098039 0.74117647 0.85882353
v -2.98483706 1.73153448 -148.77796936 0.65098039 0.74117647 0.85882353
v -2.99083281 1.72673392 -148.78085327 0.65098039 0.74117647 0.85882353
v -2.99341893 1.72851777 -148.77624512 0.65098039 0.74117647 0.85882353
v -2.98720646 1.73364174 -148.77375793 0.65098039 0.74117647 0.85882353
v -2.97933650 1.75511813 -148.78143311 0.65098039 0.74117647 0.85882353
v -2.98699093 1.74817991 -148.78572083 0.65098039 0.74117647 0.85882353
v -2.99189639 1.75052643 -148.78063965 0.65098039 0.74117647 0.85882353
v -2.98280168 1.75680709 -148.77607727 0.65098039 0.74117647 0.85882353
v -3.05095053 1.72418666 -148.82290649 0.65098039 0.74117647 0.85882353
v -3.04122400 1.73143315 -148.83178711 0.65098039 0.74117647 0.85882353
v -3.05150104 1.72323298 -148.83181763 0.65098039 0.74117647 0.85882353
v -3.01882887 1.74805522 -148.82106018 0.65098039 0.74117647 0.85882353
v -3.01918697 1.74477267 -148.83197021 0.65098039 0.74117647 0.85882353
v -3.03075457 1.73921061 -148.83163452 0.65098039 0.74117647 0.85882353
v -3.04166746 1.72926259 -148.84007263 0.65098039 0.74117647 0.85882353
v -2.99563241 1.74435997 -148.79418945 0.65098039 0.74117647 0.85882353
v -3.00032711 1.74813938 -148.79356384 0.65098039 0.74117647 0.85882353
v -2.99876285 1.74544549 -148.78652954 0.65098039 0.74117647 0.85882353
v -3.02324700 1.71037006 -148.83244324 0.65098039 0.74117647 0.85882353
v -2.97790885 1.74078321 -148.76968384 0.65098039 0.74117647 0.85882353
v -3.06747746 1.69435048 -148.79609680 0.65098039 0.74117647 0.85882353
v -3.06107569 1.69876742 -148.79393005 0.65098039 0.74117647 0.85882353
v -3.06476879 1.70848894 -148.80274963 0.65098039 0.74117647 0.85882353
v -3.07155132 1.70205426 -148.80360413 0.65098039 0.74117647 0.85882353
v -2.97428179 1.74033999 -148.77825928 0.65098039 0.74117647 0.85882353
v -2.97533727 1.73880339 -148.77357483 0.65098039 0.74117647 0.85882353
v -2.99932790 1.74017119 -148.83432007 0.65098039 0.74117647 0.85882353
v -3.00005078 1.74441886 -148.83712769 0.65098039 0.74117647 0.85882353
v -2.99786210 1.74818206 -148.83360291 0.65098039 0.74117647 0.85882353
v -2.99643135 1.74529099 -148.83099365 0.65098039 0.74117647 0.85882353
v -3.05141354 1.72146273 -148.83995056 0.65098039 0.74117647 0.85882353
v -3.01899815 1.74830604 -148.84326172 0.65098039 0.74117647 0.85882353
v -3.01623154 1.74427438 -148.85160828 0.65098039 0.74117647 0.85882353
v -3.06052637 1.71602392 -148.83229065 0.65098039 0.74117647 0.85882353
v -3.06749439 1.71106601 -148.82348633 0.65098039 0.74117647 0.85882353
v -3.06041098 1.71683395 -148.82316589 0.65098039 0.74117647 0.85882353
v -3.01243186 1.74908149 -148.80976868 0.65098039 0.74117647 0.85882353
v -3.04947972 1.72491717 -148.81475830 0.65098039 0.74117647 0.85882353
v -3.05946326 1.71706712 -148.81509399 0.65098039 0.74117647 0.85882353
v -3.06736994 1.71053767 -148.81416321 0.65098039 0.74117647 0.85882353
v -3.07354784 1.70532441 -148.81443787 0.65098039 0.74117647 0.85882353
v -3.07329440 1.70604825 -148.82447815 0.65098039 0.74117647 0.85882353
v -2.98403430 1.75436711 -148.77059937 0.65098039 0.74117647 0.85882353
v -2.97689581 1.76011705 -148.77363586 0.65098039 0.74117647 0.85882353
v -3.08811235 1.69378948 -148.82876587 0.65098039 0.74117647 0.85882353
v -3.07980919 1.70052814 -148.82632446 0.65098039 0.74117647 0.85882353
v -3.08812380 1.69229054 -148.81837463 0.65098039 0.74117647 0.85882353
v -3.08018637 1.69974613 -148.81593323 0.65098039 0.74117647 0.85882353
v -3.05531788 1.71439981 -148.79872131 0.65098039 0.74117647 0.85882353
v -3.05777311 1.71678519 -148.80682373 0.65098039 0.74117647 0.85882353
v -3.04498243 1.72299016 -148.79727173 0.65098039 0.74117647 0.85882353
v -3.04797339 1.72506237 -148.80639648 0.65098039 0.74117647 0.85882353
v -3.01401734 1.74876761 -148.79949951 0.65098039 0.74117647 0.85882353
v -2.96258616 1.76574183 -148.77305603 0.65098039 0.74117647 0.85882353
v -2.96046352 1.76291156 -148.77575684 0.65098039 0.74117647 0.85882353
v -2.96664095 1.75815487 -148.77864075 0.65098039 0.74117647 0.85882353
v -2.96900272 1.76177382 -148.77587891 0.65098039 0.74117647 0.85882353
v -2.97408652 1.75870156 -148.77850342 0.65098039 0.74117647 0.85882353
v -2.97160506 1.76269627 -148.77157593 0.65098039 0.74117647 0.85882353
v -3.03988767 1.71772766 -148.78781128 0.65098039 0.74117647 0.85882353
v -2.99031639 1.73801434 -148.79872131 0.65098039 0.74117647 0.85882353
v -3.04945278 1.70520234 -148.78919983 0.65098039 0.74117647 0.85882353
v -3.03738976 1.70316148 -148.77815247 0.65098039 0.74117647 0.85882353
v -3.03145742 1.71227932 -148.77818298 0.65098039 0.74117647 0.85882353
v -3.04874754 1.69136930 -148.78277588 0.65098039 0.74117647 0.85882353
v -3.05757809 1.68818331 -148.78959656 0.65098039 0.74117647 0.85882353
v -3.06822443 1.68138957 -148.79542542 0.65098039 0.74117647 0.85882353
v -3.06338286 1.68488097 -148.79367065 0.65098039 0.74117647 0.85882353
v -3.07456827 1.67574525 -148.79679871 0.65098039 0.74117647 0.85882353
v -3.03827810 1.69272590 -148.77401733 0.65098039 0.74117647 0.85882353
v -2.95885110 1.75266862 -148.77372742 0.65098039 0.74117647 0.85882353
v -2.95954084 1.75016332 -148.76908875 0.65098039 0.74117647 0.85882353
v -3.07318139 1.68993998 -148.79750061 0.65098039 0.74117647 0.85882353
v -3.08116221 1.68349290 -148.79939270 0.65098039 0.74117647 0.85882353
v -3.01144886 1.68610573 -148.78887939 0.65098039 0.74117647 0.85882353
v -3.02876115 1.70246148 -148.82769775 0.65098039 0.74117647 0.85882353
v -3.02867818 1.70145273 -148.83316040 0.65098039 0.74117647 0.85882353
v -3.02965808 1.70007825 -148.84172058 0.65098039 0.74117647 0.85882353
v -3.03434086 1.70202112 -148.85130310 0.65098039 0.74117647 0.85882353
v -3.08658576 1.68960857 -148.80738831 0.65098039 0.74117647 0.85882353
v -3.06699038 1.65521598 -148.83451843 0.65098039 0.74117647 0.85882353
v -3.06853867 1.65883827 -148.84246826 0.65098039 0.74117647 0.85882353
v -3.09740758 1.68198800 -148.82241821 0.65098039 0.74117647 0.85882353
v -2.96127415 1.75097132 -148.76499939 0.65098039 0.74117647 0.85882353
v -2.99485445 1.75014281 -148.81488037 0.65098039 0.74117647 0.85882353
v -2.99343204 1.75007844 -148.81280518 0.65098039 0.74117647 0.85882353
v -3.01651263 1.67461300 -148.77430725 0.65098039 0.74117647 0.85882353
v -3.01074553 1.67833912 -148.76754761 0.65098039 0.74117647 0.85882353
v -3.01757526 1.68785787 -148.75938416 0.65098039 0.74117647 0.85882353
v -3.02621770 1.68469048 -148.76502991 0.65098039 0.74117647 0.85882353
v -3.02217317 1.67697382 -148.76861572 0.65098039 0.74117647 0.85882353
v -3.01455927 1.68106484 -148.76274109 0.65098039 0.74117647 0.85882353
v -3.03329659 1.69284320 -148.83029175 0.65098039 0.74117647 0.85882353
v -3.03349304 1.69327784 -148.83482361 0.65098039 0.74117647 0.85882353
v -3.04877782 1.71684933 -148.84904480 0.65098039 0.74117647 0.85882353
v -3.04209399 1.70981169 -148.85472107 0.65098039 0.74117647 0.85882353
v -2.99657369 1.73276126 -148.77349854 0.65098039 0.74117647 0.85882353
v -2.99982309 1.73822880 -148.77404785 0.65098039 0.74117647 0.85882353
v -3.00632286 1.73424411 -148.77537537 0.65098039 0.74117647 0.85882353
v -2.99401331 1.74828732 -148.77484131 0.65098039 0.74117647 0.85882353
v -2.99152875 1.74323642 -148.78985596 0.65098039 0.74117647 0.85882353
v -2.99163079 1.74204922 -148.79469299 0.65098039 0.74117647 0.85882353
v -3.02813697 1.68997383 -148.81718445 0.65098039 0.74117647 0.85882353
v -3.03291845 1.67656064 -148.81745911 0.65098039 0.74117647 0.85882353
v -3.00792861 1.69565344 -148.77445984 0.65098039 0.74117647 0.85882353
v -3.00953460 1.69484925 -148.78068542 0.65098039 0.74117647 0.85882353
v -3.00212312 1.72895718 -148.81257629 0.65098039 0.74117647 0.85882353
v -3.00319004 1.75492406 -148.80490112 0.65098039 0.74117647 0.85882353
v -3.00504041 1.75358224 -148.79737854 0.65098039 0.74117647 0.85882353
v -2.99627590 1.73403835 -148.80999756 0.65098039 0.74117647 0.85882353
v -2.96284604 1.75416803 -148.76246643 0.65098039 0.74117647 0.85882353
v -2.96472263 1.75878954 -148.76213074 0.65098039 0.74117647 0.85882353
v -3.00206208 1.74404645 -148.77856445 0.65098039 0.74117647 0.85882353
v -3.00431347 1.73180985 -148.83123779 0.65098039 0.74117647 0.85882353
v -2.99808979 1.75354743 -148.80946350 0.65098039 0.74117647 0.85882353
v -3.00449491 1.75213981 -148.81326294 0.65098039 0.74117647 0.85882353
v -3.01295257 1.73792386 -148.85354614 0.65098039 0.74117647 0.85882353
v -3.07797670 1.69683909 -148.80514526 0.65098039 0.74117647 0.85882353
v -2.96505427 1.75276351 -148.77836609 0.65098039 0.74117647 0.85882353
v -2.95911098 1.75737309 -148.77671814 0.65098039 0.74117647 0.85882353
v -2.96477103 1.76585865 -148.76951599 0.65098039 0.74117647 0.85882353
v -2.96586633 1.76324892 -148.76527405 0.65098039 0.74117647 0.85882353
v -3.04880357 1.70233822 -148.85337830 0.65098039 0.74117647 0.85882353
v -3.02807927 1.70306921 -148.82394409 0.65098039 0.74117647 0.85882353
v -3.07163477 1.66310120 -148.84921265 0.65098039 0.74117647 0.85882353
v -3.02888894 1.69360185 -148.76617432 0.65098039 0.74117647 0.85882353
v -3.01912475 1.69547939 -148.75996399 0.65098039 0.74117647 0.85882353
v -2.99168110 1.73957324 -148.80754089 0.65098039 0.74117647 0.85882353
v -3.01396632 1.74768996 -148.83682251 0.65098039 0.74117647 0.85882353
v -3.00259709 1.75604677 -148.81436157 0.65098039 0.74117647 0.85882353
v -3.00685549 1.75746465 -148.82015991 0.65098039 0.74117647 0.85882353
v -3.01188040 1.75319815 -148.82072449 0.65098039 0.74117647 0.85882353
v -2.99716544 1.75407648 -148.81407166 0.65098039 0.74117647 0.85882353
v -2.96012521 1.76661229 -148.76354980 0.65098039 0.74117647 0.85882353
v -2.95917630 1.76902437 -148.76777649 0.65098039 0.74117647 0.85882353
v -2.95882487 1.76222038 -148.76033020 0.65098039 0.74117647 0.85882353
v -2.95744300 1.75745630 -148.76118469 0.65098039 0.74117647 0.85882353
v -2.95652127 1.75426674 -148.76388550 0.65098039 0.74117647 0.85882353
v -2.95735812 1.76891804 -148.77127075 0.65098039 0.74117647 0.85882353
v -2.95570636 1.76620746 -148.77384949 0.65098039 0.74117647 0.85882353
v -2.95483756 1.76076102 -148.77499390 0.65098039 0.74117647 0.85882353
v -2.95266342 1.77156854 -148.77012634 0.65098039 0.74117647 0.85882353
v -2.95348454 1.77222490 -148.76626587 0.65098039 0.74117647 0.85882353
v -2.94723272 1.76771259 -148.75769043 0.65098039 0.74117647 0.85882353
v -2.94742346 1.77073956 -148.75820923 0.65098039 0.74117647 0.85882353
v -2.95061207 1.76933122 -148.75910950 0.65098039 0.74117647 0.85882353
v -2.95268989 1.76628160 -148.75874329 0.65098039 0.74117647 0.85882353
v -2.94287705 1.77010012 -148.75755310 0.65098039 0.74117647 0.85882353
v -2.94352055 1.77320647 -148.75765991 0.65098039 0.74117647 0.85882353
v -2.94817734 1.77371812 -148.76052856 0.65098039 0.74117647 0.85882353
v -2.95180011 1.77121520 -148.76124573 0.65098039 0.74117647 0.85882353
v -2.94417000 1.77657485 -148.75987244 0.65098039 0.74117647 0.85882353
v -2.94414091 1.77777290 -148.76344299 0.65098039 0.74117647 0.85882353
v -2.94789696 1.77485204 -148.76403809 0.65098039 0.74117647 0.85882353
v -2.95114231 1.77269816 -148.76391602 0.65098039 0.74117647 0.85882353
v -2.95500064 1.76953244 -148.76203918 0.65098039 0.74117647 0.85882353
v -2.93952894 1.77316999 -148.75827026 0.65098039 0.74117647 0.85882353
v -2.93828106 1.77710772 -148.76101685 0.65098039 0.74117647 0.85882353
v -2.94056177 1.77849340 -148.75961304 0.65098039 0.74117647 0.85882353
v -2.94087219 1.77512383 -148.75769043 0.65098039 0.74117647 0.85882353
v -2.95239902 1.76084900 -148.76002502 0.65098039 0.74117647 0.85882353
v -2.94669628 1.76429796 -148.75927734 0.65098039 0.74117647 0.85882353
v -2.94197917 1.76743650 -148.75927734 0.65098039 0.74117647 0.85882353
v -2.93862247 1.77095699 -148.76034546 0.65098039 0.74117647 0.85882353
v -2.94528556 1.76220655 -148.76188660 0.65098039 0.74117647 0.85882353
v -2.94098687 1.76624656 -148.76190186 0.65098039 0.74117647 0.85882353
v -2.93851423 1.76947379 -148.76281738 0.65098039 0.74117647 0.85882353
v -2.94416451 1.76210880 -148.76539612 0.65098039 0.74117647 0.85882353
v -2.94031119 1.76656461 -148.76472473 0.65098039 0.74117647 0.85882353
v -2.95172286 1.75750422 -148.76280212 0.65098039 0.74117647 0.85882353
v -2.95086217 1.75666118 -148.76660156 0.65098039 0.74117647 0.85882353
v -2.93889356 1.76899600 -148.76458740 0.65098039 0.74117647 0.85882353
v -2.93763113 1.77495909 -148.76307678 0.65098039 0.74117647 0.85882353
v -2.94812560 1.77508903 -148.76696777 0.65098039 0.74117647 0.85882353
v -2.94366455 1.77751803 -148.76632690 0.65098039 0.74117647 0.85882353
v -2.94748306 1.77421522 -148.76942444 0.65098039 0.74117647 0.85882353
v -2.94291377 1.77639389 -148.76828003 0.65098039 0.74117647 0.85882353
v -2.94139981 1.77963686 -148.76269531 0.65098039 0.74117647 0.85882353
v -2.94009018 1.77896523 -148.76470947 0.65098039 0.74117647 0.85882353
v -2.95549130 1.75330949 -148.76788330 0.65098039 0.74117647 0.85882353
v -2.95493174 1.75605536 -148.77250671 0.65098039 0.74117647 0.85882353
v -2.95055318 1.75920463 -148.77105713 0.65098039 0.74117647 0.85882353
v -2.94393826 1.76429915 -148.76968384 0.65098039 0.74117647 0.85882353
v -2.95072556 1.76383328 -148.77334595 0.65098039 0.74117647 0.85882353
v -2.95118618 1.76906157 -148.77249146 0.65098039 0.74117647 0.85882353
v -2.94626427 1.77216315 -148.77104187 0.65098039 0.74117647 0.85882353
v -2.94497728 1.76838183 -148.77180481 0.65098039 0.74117647 0.85882353
v -2.94199157 1.77414894 -148.76954651 0.65098039 0.74117647 0.85882353
v -2.94107103 1.77132463 -148.76971436 0.65098039 0.74117647 0.85882353
v -2.94028664 1.76851463 -148.76782227 0.65098039 0.74117647 0.85882353
v -2.93922567 1.77453661 -148.76766968 0.65098039 0.74117647 0.85882353
v -2.93946910 1.77699804 -148.76651001 0.65098039 0.74117647 0.85882353
v -2.93803787 1.77268100 -148.76499939 0.65098039 0.74117647 0.85882353
v -2.93878889 1.77081394 -148.76644897 0.65098039 0.74117647 0.85882353
v -2.93936181 1.77244544 -148.76805115 0.65098039 0.74117647 0.85882353
v -2.96346569 1.76588345 -148.79531860 0.65098039 0.74117647 0.85882353
v -2.96938658 1.76136947 -148.79585266 0.65098039 0.74117647 0.85882353
v -2.96932483 1.76288056 -148.80055237 0.65098039 0.74117647 0.85882353
v -2.96342063 1.76775312 -148.80001831 0.65098039 0.74117647 0.85882353
v -2.97080398 1.77265978 -148.78736877 0.65098039 0.74117647 0.85882353
v -2.97670269 1.76918054 -148.78816223 0.65098039 0.74117647 0.85882353
v -2.97339272 1.76480031 -148.78900146 0.65098039 0.74117647 0.85882353
v -2.96730709 1.76839828 -148.78857422 0.65098039 0.74117647 0.85882353
v -2.97303915 1.77684784 -148.79148865 0.65098039 0.74117647 0.85882353
v -2.97906375 1.77355218 -148.79223633 0.65098039 0.74117647 0.85882353
v -2.98331475 1.76449919 -148.78910828 0.65098039 0.74117647 0.85882353
v -2.99314165 1.75526381 -148.79185486 0.65098039 0.74117647 0.85882353
v -2.98923898 1.75088835 -148.79348755 0.65098039 0.74117647 0.85882353
v -2.97967815 1.76007056 -148.79028320 0.65098039 0.74117647 0.85882353
v -2.98787427 1.75529742 -148.81044006 0.65098039 0.74117647 0.85882353
v -2.98653460 1.75045919 -148.80938721 0.65098039 0.74117647 0.85882353
v -2.97088456 1.76229310 -148.79212952 0.65098039 0.74117647 0.85882353
v -2.96473145 1.76614356 -148.79153442 0.65098039 0.74117647 0.85882353
v -2.97833538 1.76458883 -148.80734253 0.65098039 0.74117647 0.85882353
v -2.97206640 1.77051377 -148.80578613 0.65098039 0.74117647 0.85882353
v -2.97014880 1.76621294 -148.80427551 0.65098039 0.74117647 0.85882353
v -2.97632003 1.76014543 -148.80592346 0.65098039 0.74117647 0.85882353
v -2.98587561 1.74679399 -148.80474854 0.65098039 0.74117647 0.85882353
v -2.98531437 1.74510574 -148.79898071 0.65098039 0.74117647 0.85882353
v -2.98664236 1.74736428 -148.79541016 0.65098039 0.74117647 0.85882353
v -2.98135662 1.76897073 -148.80557251 0.65098039 0.74117647 0.85882353
v -2.99117899 1.76024699 -148.80784607 0.65098039 0.74117647 0.85882353
v -2.99493623 1.76222229 -148.80245972 0.65098039 0.74117647 0.85882353
v -2.98438406 1.77085471 -148.80029297 0.65098039 0.74117647 0.85882353
v -2.97705960 1.75686264 -148.79307556 0.65098039 0.74117647 0.85882353
v -2.97568202 1.75674152 -148.80181885 0.65098039 0.74117647 0.85882353
v -2.97556067 1.75534868 -148.79687500 0.65098039 0.74117647 0.85882353
v -2.98562336 1.76887679 -148.79350281 0.65098039 0.74117647 0.85882353
v -2.97773361 1.77536988 -148.79901123 0.65098039 0.74117647 0.85882353
v -2.96181011 1.78391695 -148.80027771 0.65098039 0.74117647 0.85882353
v -2.95903778 1.78161335 -148.80287170 0.65098039 0.74117647 0.85882353
v -2.96638083 1.77539301 -148.80488586 0.65098039 0.74117647 0.85882353
v -2.96907020 1.77840042 -148.80242920 0.65098039 0.74117647 0.85882353
v -2.97470665 1.77394748 -148.80378723 0.65098039 0.74117647 0.85882353
v -2.97193098 1.77895164 -148.79766846 0.65098039 0.74117647 0.85882353
v -2.95509386 1.77472067 -148.79925537 0.65098039 0.74117647 0.85882353
v -2.95522046 1.77220607 -148.79457092 0.65098039 0.74117647 0.85882353
v -2.95629954 1.77212119 -148.79078674 0.65098039 0.74117647 0.85882353
v -2.99640322 1.76058102 -148.79542542 0.65098039 0.74117647 0.85882353
v -2.95888662 1.77400208 -148.78811646 0.65098039 0.74117647 0.85882353
v -2.96254683 1.77780557 -148.78672791 0.65098039 0.74117647 0.85882353
v -2.96427298 1.77119207 -148.80378723 0.65098039 0.74117647 0.85882353
v -2.95645499 1.77777338 -148.80267334 0.65098039 0.74117647 0.85882353
v -2.96431541 1.78408051 -148.79614258 0.65098039 0.74117647 0.85882353
v -2.96530247 1.78186750 -148.79046631 0.65098039 0.74117647 0.85882353
v -2.95842934 1.78642917 -148.78993225 0.65098039 0.74117647 0.85882353
v -2.95789289 1.78842711 -148.79516602 0.65098039 0.74117647 0.85882353
v -2.95596075 1.78264284 -148.78605652 0.65098039 0.74117647 0.85882353
v -2.95318413 1.77851391 -148.78739929 0.65098039 0.74117647 0.85882353
v -2.95140433 1.77639937 -148.79011536 0.65098039 0.74117647 0.85882353
v -2.95600510 1.78826880 -148.79861450 0.65098039 0.74117647 0.85882353
v -2.95387506 1.78606772 -148.80105591 0.65098039 0.74117647 0.85882353
v -2.95190692 1.78200722 -148.80131531 0.65098039 0.74117647 0.85882353
v -2.95042229 1.79243779 -148.79756165 0.65098039 0.74117647 0.85882353
v -2.95118046 1.79340529 -148.79418945 0.65098039 0.74117647 0.85882353
v -2.93924189 1.79406834 -148.78555298 0.65098039 0.74117647 0.85882353
v -2.94064522 1.79693985 -148.78570557 0.65098039 0.74117647 0.85882353
v -2.94457817 1.79371428 -148.78613281 0.65098039 0.74117647 0.85882353
v -2.94393730 1.79076242 -148.78515625 0.65098039 0.74117647 0.85882353
v -2.94775867 1.79198909 -148.78662109 0.65098039 0.74117647 0.85882353
v -2.94950795 1.78828835 -148.78552246 0.65098039 0.74117647 0.85882353
v -2.94426894 1.79701877 -148.78855896 0.65098039 0.74117647 0.85882353
v -2.94892550 1.79354954 -148.78916931 0.65098039 0.74117647 0.85882353
v -2.94176722 1.80049062 -148.78804016 0.65098039 0.74117647 0.85882353
v -2.94193506 1.80116892 -148.79173279 0.65098039 0.74117647 0.85882353
v -2.94601750 1.79695821 -148.79202271 0.65098039 0.74117647 0.85882353
v -2.94876504 1.79455757 -148.79208374 0.65098039 0.74117647 0.85882353
v -2.93587089 1.79812860 -148.78634644 0.65098039 0.74117647 0.85882353
v -2.93774104 1.79967594 -148.78556824 0.65098039 0.74117647 0.85882353
v -2.95250273 1.79102612 -148.78944397 0.65098039 0.74117647 0.85882353
v -2.94844103 1.78296733 -148.78689575 0.65098039 0.74117647 0.85882353
v -2.94264817 1.78740287 -148.78646851 0.65098039 0.74117647 0.85882353
v -2.93764615 1.79189563 -148.78691101 0.65098039 0.74117647 0.85882353
v -2.93457127 1.79612708 -148.78817749 0.65098039 0.74117647 0.85882353
v -2.94119477 1.78507066 -148.78918457 0.65098039 0.74117647 0.85882353
v -2.93660450 1.79022384 -148.78924561 0.65098039 0.74117647 0.85882353
v -2.93455124 1.79433346 -148.79048157 0.65098039 0.74117647 0.85882353
v -2.94040442 1.78486347 -148.79316711 0.65098039 0.74117647 0.85882353
v -2.93627787 1.79030371 -148.79260254 0.65098039 0.74117647 0.85882353
v -2.94711971 1.78016710 -148.78976440 0.65098039 0.74117647 0.85882353
v -2.94670177 1.77966499 -148.79364014 0.65098039 0.74117647 0.85882353
v -2.93499970 1.79346514 -148.79234314 0.65098039 0.74117647 0.85882353
v -2.93440318 1.79999208 -148.79074097 0.65098039 0.74117647 0.85882353
v -2.93532777 1.80233598 -148.78887939 0.65098039 0.74117647 0.85882353
v -2.93792367 1.80374169 -148.78729248 0.65098039 0.74117647 0.85882353
v -2.94571257 1.79664636 -148.79441833 0.65098039 0.74117647 0.85882353
v -2.94092369 1.80035377 -148.79379272 0.65098039 0.74117647 0.85882353
v -2.94499755 1.79649138 -148.79676819 0.65098039 0.74117647 0.85882353
v -2.94013023 1.79977727 -148.79560852 0.65098039 0.74117647 0.85882353
v -2.93889236 1.80396676 -148.79103088 0.65098039 0.74117647 0.85882353
v -2.93744278 1.80311608 -148.79234314 0.65098039 0.74117647 0.85882353
v -2.95063019 1.77647400 -148.79399109 0.65098039 0.74117647 0.85882353
v -2.95075965 1.77854252 -148.79824829 0.65098039 0.74117647 0.85882353
v -2.94688559 1.78165483 -148.79785156 0.65098039 0.74117647 0.85882353
v -2.94088197 1.78712606 -148.79736328 0.65098039 0.74117647 0.85882353
v -2.94800997 1.78550816 -148.80065918 0.65098039 0.74117647 0.85882353
v -2.94926977 1.79011655 -148.79997253 0.65098039 0.74117647 0.85882353
v -2.94406796 1.79446769 -148.79861450 0.65098039 0.74117647 0.85882353
v -2.94260693 1.79092216 -148.79942322 0.65098039 0.74117647 0.85882353
v -2.93953800 1.79778266 -148.79682922 0.65098039 0.74117647 0.85882353
v -2.93852353 1.79504681 -148.79751587 0.65098039 0.74117647 0.85882353
v -2.93699002 1.79207134 -148.79598999 0.65098039 0.74117647 0.85882353
v -2.93641710 1.79908490 -148.79508972 0.65098039 0.74117647 0.85882353
v -2.93650484 1.80140018 -148.79388428 0.65098039 0.74117647 0.85882353
v -2.93456173 1.79753590 -148.79261780 0.65098039 0.74117647 0.85882353
v -2.93530440 1.79519129 -148.79432678 0.65098039 0.74117647 0.85882353
v -2.93658495 1.79676533 -148.79586792 0.65098039 0.74117647 0.85882353
v -2.97230029 1.76803780 -148.81887817 0.65098039 0.74117647 0.85882353
v -2.97708273 1.76439285 -148.81880188 0.65098039 0.74117647 0.85882353
v -2.97702241 1.76383901 -148.82369995 0.65098039 0.74117647 0.85882353
v -2.97213364 1.76752996 -148.82394409 0.65098039 0.74117647 0.85882353
v -2.97909522 1.77617216 -148.81472778 0.65098039 0.74117647 0.85882353
v -2.98489881 1.77222824 -148.81405640 0.65098039 0.74117647 0.85882353
v -2.98141789 1.76939273 -148.81355286 0.65098039 0.74117647 0.85882353
v -2.97642803 1.77338433 -148.81407166 0.65098039 0.74117647 0.85882353
v -2.98086929 1.77840185 -148.81867981 0.65098039 0.74117647 0.85882353
v -2.98711205 1.77436900 -148.81864929 0.65098039 0.74117647 0.85882353
v -2.99029279 1.76773214 -148.81393433 0.65098039 0.74117647 0.85882353
v -2.99743795 1.76105905 -148.81449890 0.65098039 0.74117647 0.85882353
v -2.99289989 1.75783515 -148.81442261 0.65098039 0.74117647 0.85882353
v -2.98610663 1.76478195 -148.81344604 0.65098039 0.74117647 0.85882353
v -2.97866035 1.76663852 -148.81527710 0.65098039 0.74117647 0.85882353
v -2.97397113 1.77055645 -148.81546021 0.65098039 0.74117647 0.85882353
v -2.98514557 1.76256609 -148.83070374 0.65098039 0.74117647 0.85882353
v -2.98014736 1.76793599 -148.83010864 0.65098039 0.74117647 0.85882353
v -2.97821522 1.76534319 -148.82788086 0.65098039 0.74117647 0.85882353
v -2.98327017 1.76002049 -148.82830811 0.65098039 0.74117647 0.85882353
v -2.99014020 1.75003481 -148.82495117 0.65098039 0.74117647 0.85882353
v -2.98940778 1.75105047 -148.81983948 0.65098039 0.74117647 0.85882353
v -2.99027491 1.75417733 -148.81657410 0.65098039 0.74117647 0.85882353
v -2.98839521 1.76650190 -148.83023071 0.65098039 0.74117647 0.85882353
v -2.99621630 1.75802302 -148.83078003 0.65098039 0.74117647 0.85882353
v -2.99972343 1.76185918 -148.82681274 0.65098039 0.74117647 0.85882353
v -2.99199629 1.76944351 -148.82569885 0.65098039 0.74117647 0.85882353
v -2.98301387 1.76193690 -148.81550598 0.65098039 0.74117647 0.85882353
v -2.98166561 1.75846672 -148.82412720 0.65098039 0.74117647 0.85882353
v -2.98155236 1.75940609 -148.81909180 0.65098039 0.74117647 0.85882353
v -2.99290586 1.76958895 -148.81895447 0.65098039 0.74117647 0.85882353
v -2.98624516 1.77397919 -148.82502747 0.65098039 0.74117647 0.85882353
v -2.97061276 1.78308368 -148.82763672 0.65098039 0.74117647 0.85882353
v -2.96810198 1.78015733 -148.82948303 0.65098039 0.74117647 0.85882353
v -2.97529626 1.77259183 -148.83039856 0.65098039 0.74117647 0.85882353
v -2.97812104 1.77613616 -148.82893372 0.65098039 0.74117647 0.85882353
v -2.98317170 1.77138281 -148.82962036 0.65098039 0.74117647 0.85882353
v -2.98035812 1.77843499 -148.82437134 0.65098039 0.74117647 0.85882353
v -2.96509194 1.77390456 -148.82409668 0.65098039 0.74117647 0.85882353
v -2.96519279 1.77364063 -148.81929016 0.65098039 0.74117647 0.85882353
v -2.96688914 1.77603030 -148.81602478 0.65098039 0.74117647 0.85882353
v -3.00055242 1.76306033 -148.81953430 0.65098039 0.74117647 0.85882353
v -2.99302363 1.75379157 -148.83155823 0.65098039 0.74117647 0.85882353
v -2.96874404 1.77858353 -148.81463623 0.65098039 0.74117647 0.85882353
v -2.97094560 1.78151679 -148.81494141 0.65098039 0.74117647 0.85882353
v -2.97341323 1.76941609 -148.82829285 0.65098039 0.74117647 0.85882353
v -2.96631455 1.77628875 -148.82826233 0.65098039 0.74117647 0.85882353
v -2.97262692 1.78462052 -148.82353210 0.65098039 0.74117647 0.85882353
v -2.97310710 1.78405356 -148.81837463 0.65098039 0.74117647 0.85882353
v -2.96748304 1.78823280 -148.81820679 0.65098039 0.74117647 0.85882353
v -2.96746731 1.78910065 -148.82327271 0.65098039 0.74117647 0.85882353
v -2.96525621 1.78581595 -148.81471252 0.65098039 0.74117647 0.85882353
v -2.96330404 1.78261137 -148.81494141 0.65098039 0.74117647 0.85882353
v -2.96201348 1.77982569 -148.81637573 0.65098039 0.74117647 0.85882353
v -2.96552229 1.78745508 -148.82696533 0.65098039 0.74117647 0.85882353
v -2.96341896 1.78481436 -148.82844543 0.65098039 0.74117647 0.85882353
v -2.96221328 1.78054905 -148.82765198 0.65098039 0.74117647 0.85882353
v -2.96156859 1.79072642 -148.82696533 0.65098039 0.74117647 0.85882353
v -2.96222854 1.79261374 -148.82308960 0.65098039 0.74117647 0.85882353
v -2.95075178 1.79547834 -148.81465149 0.65098039 0.74117647 0.85882353
v -2.95172977 1.79739118 -148.81550598 0.65098039 0.74117647 0.85882353
v -2.95516586 1.79415774 -148.81575012 0.65098039 0.74117647 0.85882353
v -2.95455551 1.79240203 -148.81439209 0.65098039 0.74117647 0.85882353
v -2.95825863 1.79248834 -148.81585693 0.65098039 0.74117647 0.85882353
v -2.96002316 1.78990245 -148.81475830 0.65098039 0.74117647 0.85882353
v -2.95681286 1.79653549 -148.81817627 0.65098039 0.74117647 0.85882353
v -2.95992279 1.79363513 -148.81816101 0.65098039 0.74117647 0.85882353
v -2.95329857 1.79988337 -148.81823730 0.65098039 0.74117647 0.85882353
v -2.95381451 1.79959369 -148.82229614 0.65098039 0.74117647 0.85882353
v -2.95719767 1.79609776 -148.82208252 0.65098039 0.74117647 0.85882353
v -2.96006107 1.79413819 -148.82127380 0.65098039 0.74117647 0.85882353
v -2.94799590 1.79887438 -148.81579590 0.65098039 0.74117647 0.85882353
v -2.94954348 1.80000043 -148.81582642 0.65098039 0.74117647 0.85882353
v -2.96284986 1.79134083 -148.81825256 0.65098039 0.74117647 0.85882353
v -2.95908380 1.78602076 -148.81488037 0.65098039 0.74117647 0.85882353
v -2.95368743 1.78962326 -148.81483459 0.65098039 0.74117647 0.85882353
v -2.94955039 1.79312372 -148.81529236 0.65098039 0.74117647 0.85882353
v -2.94692349 1.79633427 -148.81700134 0.65098039 0.74117647 0.85882353
v -2.95277476 1.78707957 -148.81671143 0.65098039 0.74117647 0.85882353
v -2.94883347 1.79108524 -148.81723022 0.65098039 0.74117647 0.85882353
v -2.94681215 1.79397488 -148.81867981 0.65098039 0.74117647 0.85882353
v -2.95221353 1.78536797 -148.81951904 0.65098039 0.74117647 0.85882353
v -2.94849920 1.78988624 -148.81973267 0.65098039 0.74117647 0.85882353
v -2.95800304 1.78308845 -148.81665039 0.65098039 0.74117647 0.85882353
v -2.95758629 1.78090763 -148.81959534 0.65098039 0.74117647 0.85882353
v -2.94725513 1.79258823 -148.82017517 0.65098039 0.74117647 0.85882353
v -2.94670558 1.79903579 -148.82081604 0.65098039 0.74117647 0.85882353
v -2.94790077 1.80177140 -148.81930542 0.65098039 0.74117647 0.85882353
v -2.95023036 1.80277610 -148.81825256 0.65098039 0.74117647 0.85882353
v -2.95748663 1.79551506 -148.82473755 0.65098039 0.74117647 0.85882353
v -2.95340681 1.79867435 -148.82464600 0.65098039 0.74117647 0.85882353
v -2.95688677 1.79374957 -148.82685852 0.65098039 0.74117647 0.85882353
v -2.95256114 1.79706264 -148.82615662 0.65098039 0.74117647 0.85882353
v -2.95139837 1.80203986 -148.82164001 0.65098039 0.74117647 0.85882353
v -2.95032215 1.80132651 -148.82307434 0.65098039 0.74117647 0.85882353
v -2.96121478 1.77769780 -148.81935120 0.65098039 0.74117647 0.85882353
v -2.96133733 1.77782130 -148.82376099 0.65098039 0.74117647 0.85882353
v -2.95790100 1.78102040 -148.82357788 0.65098039 0.74117647 0.85882353
v -2.95250416 1.78592372 -148.82356262 0.65098039 0.74117647 0.85882353
v -2.95899868 1.78365755 -148.82734680 0.65098039 0.74117647 0.85882353
v -2.96014905 1.78763723 -148.82809448 0.65098039 0.74117647 0.85882353
v -2.95567226 1.79118896 -148.82774353 0.65098039 0.74117647 0.85882353
v -2.95420599 1.78809762 -148.82684326 0.65098039 0.74117647 0.85882353
v -2.95144463 1.79469657 -148.82669067 0.65098039 0.74117647 0.85882353
v -2.95025396 1.79216266 -148.82595825 0.65098039 0.74117647 0.85882353
v -2.94892406 1.79034972 -148.82318115 0.65098039 0.74117647 0.85882353
v -2.94873381 1.79647851 -148.82496643 0.65098039 0.74117647 0.85882353
v -2.94944334 1.79917312 -148.82438660 0.65098039 0.74117647 0.85882353
v -2.94681311 1.79598546 -148.82176208 0.65098039 0.74117647 0.85882353
v -2.94744706 1.79346991 -148.82254028 0.65098039 0.74117647 0.85882353
v -2.94843817 1.79421878 -148.82481384 0.65098039 0.74117647 0.85882353
v -2.99170017 1.75128007 -148.82897949 0.65098039 0.74117647 0.85882353
v -2.98746681 1.76057792 -148.84669495 0.65098039 0.74117647 0.85882353
v -2.99089622 1.75734448 -148.84538269 0.65098039 0.74117647 0.85882353
v -2.99124670 1.75627780 -148.84916687 0.65098039 0.74117647 0.85882353
v -2.98785973 1.75940967 -148.85047913 0.65098039 0.74117647 0.85882353
v -2.99378967 1.76888776 -148.84503174 0.65098039 0.74117647 0.85882353
v -2.99803734 1.76549530 -148.84342957 0.65098039 0.74117647 0.85882353
v -2.99484944 1.76289845 -148.84165955 0.65098039 0.74117647 0.85882353
v -2.99080610 1.76644421 -148.84320068 0.65098039 0.74117647 0.85882353
v -2.99585581 1.76947808 -148.84962463 0.65098039 0.74117647 0.85882353
v -3.00028777 1.76599240 -148.84834290 0.65098039 0.74117647 0.85882353
v -3.00242424 1.76080608 -148.84188843 0.65098039 0.74117647 0.85882353
v -3.00928617 1.75322127 -148.83915710 0.65098039 0.74117647 0.85882353
v -3.00439358 1.75106835 -148.83824158 0.65098039 0.74117647 0.85882353
v -2.99895000 1.75813723 -148.84022522 0.65098039 0.74117647 0.85882353
v -3.00907230 1.74143362 -148.85278320 0.65098039 0.74117647 0.85882353
v -3.00442386 1.74625230 -148.85330200 0.65098039 0.74117647 0.85882353
v -3.00156188 1.74495530 -148.85054016 0.65098039 0.74117647 0.85882353
v -3.00598478 1.73897910 -148.85017395 0.65098039 0.74117647 0.85882353
v -2.99221039 1.75978804 -148.84254456 0.65098039 0.74117647 0.85882353
v -2.98854876 1.76331758 -148.84411621 0.65098039 0.74117647 0.85882353
v -2.99845076 1.75351214 -148.85458374 0.65098039 0.74117647 0.85882353
v -2.99484730 1.75800085 -148.85568237 0.65098039 0.74117647 0.85882353
v -2.99256039 1.75655627 -148.85282898 0.65098039 0.74117647 0.85882353
v -2.99574900 1.75215840 -148.85183716 0.65098039 0.74117647 0.85882353
v -3.00330210 1.73877740 -148.84600830 0.65098039 0.74117647 0.85882353
v -2.99970818 1.74493861 -148.84686279 0.65098039 0.74117647 0.85882353
v -2.99961066 1.74604821 -148.84297180 0.65098039 0.74117647 0.85882353
v -3.00132036 1.74027228 -148.84136963 0.65098039 0.74117647 0.85882353
v -3.00065136 1.74823856 -148.84020996 0.65098039 0.74117647 0.85882353
v -3.00182319 1.75611210 -148.85501099 0.65098039 0.74117647 0.85882353
v -3.00792050 1.74853468 -148.85368347 0.65098039 0.74117647 0.85882353
v -3.01183629 1.75144029 -148.85148621 0.65098039 0.74117647 0.85882353
v -3.00449467 1.75934553 -148.85250854 0.65098039 0.74117647 0.85882353
v -2.99585652 1.75540733 -148.84146118 0.65098039 0.74117647 0.85882353
v -2.99449539 1.75200272 -148.84822083 0.65098039 0.74117647 0.85882353
v -2.99433589 1.75312996 -148.84436035 0.65098039 0.74117647 0.85882353
v -3.00501275 1.76128864 -148.84669495 0.65098039 0.74117647 0.85882353
v -2.99999022 1.76405311 -148.85351562 0.65098039 0.74117647 0.85882353
v -2.98900414 1.76902843 -148.85885620 0.65098039 0.74117647 0.85882353
v -2.98690271 1.76640940 -148.85855103 0.65098039 0.74117647 0.85882353
v -2.99134183 1.76158500 -148.85704041 0.65098039 0.74117647 0.85882353
v -2.99405694 1.76452875 -148.85751343 0.65098039 0.74117647 0.85882353
v -2.99780703 1.76089096 -148.85621643 0.65098039 0.74117647 0.85882353
v -2.99590063 1.76770544 -148.85476685 0.65098039 0.74117647 0.85882353
v -2.98343253 1.76372600 -148.85214233 0.65098039 0.74117647 0.85882353
v -2.98274207 1.76501513 -148.84844971 0.65098039 0.74117647 0.85882353
v -2.98381519 1.76759076 -148.84602356 0.65098039 0.74117647 0.85882353
v -3.01319003 1.75392032 -148.84436035 0.65098039 0.74117647 0.85882353
v -2.98550916 1.77063704 -148.84513855 0.65098039 0.74117647 0.85882353
v -2.98808241 1.77306771 -148.84667969 0.65098039 0.74117647 0.85882353
v -2.98914242 1.75979280 -148.85420227 0.65098039 0.74117647 0.85882353
v -2.98484993 1.76442957 -148.85585022 0.65098039 0.74117647 0.85882353
v -2.99048495 1.77193546 -148.85621643 0.65098039 0.74117647 0.85882353
v -2.99037600 1.77354002 -148.85107422 0.65098039 0.74117647 0.85882353
v -2.98620796 1.77725673 -148.85209656 0.65098039 0.74117647 0.85882353
v -2.98632360 1.77575278 -148.85711670 0.65098039 0.74117647 0.85882353
v -2.98393726 1.77634001 -148.84783936 0.65098039 0.74117647 0.85882353
v -2.98166323 1.77386236 -148.84648132 0.65098039 0.74117647 0.85882353
v -2.98050547 1.77056718 -148.84745789 0.65098039 0.74117647 0.85882353
v -2.98505521 1.77234936 -148.85968018 0.65098039 0.74117647 0.85882353
v -2.98354864 1.76987767 -148.85906982 0.65098039 0.74117647 0.85882353
v -2.98216152 1.76789308 -148.85643005 0.65098039 0.74117647 0.85882353
v -2.98146057 1.77594209 -148.86022949 0.65098039 0.74117647 0.85882353
v -2.98205614 1.77944613 -148.85763550 0.65098039 0.74117647 0.85882353
v -2.97211409 1.78352714 -148.84988403 0.65098039 0.74117647 0.85882353
v -2.97354817 1.78472733 -148.85087585 0.65098039 0.74117647 0.85882353
v -2.97586083 1.78254867 -148.85040283 0.65098039 0.74117647 0.85882353
v -2.97531843 1.78114867 -148.84890747 0.65098039 0.74117647 0.85882353
v -2.97877383 1.78106952 -148.85046387 0.65098039 0.74117647 0.85882353
v -2.97984982 1.77916312 -148.84884644 0.65098039 0.74117647 0.85882353
v -2.97780967 1.78368592 -148.85334778 0.65098039 0.74117647 0.85882353
v -2.98033094 1.78135514 -148.85302734 0.65098039 0.74117647 0.85882353
v -2.97497272 1.78646278 -148.85395813 0.65098039 0.74117647 0.85882353
v -2.97497416 1.78524661 -148.85812378 0.65098039 0.74117647 0.85882353
v -2.97801018 1.78302622 -148.85755920 0.65098039 0.74117647 0.85882353
v -2.98038602 1.78144550 -148.85632324 0.65098039 0.74117647 0.85882353
v -2.96985769 1.78602839 -148.85169983 0.65098039 0.74117647 0.85882353
v -2.97157621 1.78682470 -148.85173035 0.65098039 0.74117647 0.85882353
v -2.98271155 1.77970791 -148.85266113 0.65098039 0.74117647 0.85882353
v -2.97854185 1.77642941 -148.84745789 0.65098039 0.74117647 0.85882353
v -2.97434211 1.77917171 -148.84828186 0.65098039 0.74117647 0.85882353
v -2.97026014 1.78216195 -148.84976196 0.65098039 0.74117647 0.85882353
v -2.96829009 1.78434873 -148.85255432 0.65098039 0.74117647 0.85882353
v -2.97367001 1.77675676 -148.84928894 0.65098039 0.74117647 0.85882353
v -2.97000718 1.77984214 -148.85098267 0.65098039 0.74117647 0.85882353
v -2.96835160 1.78185296 -148.85330200 0.65098039 0.74117647 0.85882353
v -2.97389936 1.77439022 -148.85115051 0.65098039 0.74117647 0.85882353
v -2.97038484 1.77795005 -148.85258484 0.65098039 0.74117647 0.85882353
v -2.97781754 1.77346683 -148.84814453 0.65098039 0.74117647 0.85882353
v -2.97793818 1.77081275 -148.85006714 0.65098039 0.74117647 0.85882353
v -2.96890235 1.78018451 -148.85382080 0.65098039 0.74117647 0.85882353
v -2.96872258 1.78515315 -148.85594177 0.65098039 0.74117647 0.85882353
v -2.96992207 1.78732181 -148.85546875 0.65098039 0.74117647 0.85882353
v -2.97227669 1.78848767 -148.85473633 0.65098039 0.74117647 0.85882353
v -2.97792959 1.78164029 -148.85969543 0.65098039 0.74117647 0.85882353
v -2.97417808 1.78401423 -148.86001587 0.65098039 0.74117647 0.85882353
v -2.97746181 1.77898955 -148.86071777 0.65098039 0.74117647 0.85882353
v -2.97300720 1.78210711 -148.86042786 0.65098039 0.74117647 0.85882353
v -2.97290087 1.78728580 -148.85780334 0.65098039 0.74117647 0.85882353
v -2.97151852 1.78618217 -148.85861206 0.65098039 0.74117647 0.85882353
v -2.97999048 1.76814580 -148.84968567 0.65098039 0.74117647 0.85882353
v -2.98056459 1.76716805 -148.85284424 0.65098039 0.74117647 0.85882353
v -2.97834063 1.76963377 -148.85351562 0.65098039 0.74117647 0.85882353
v -2.97443199 1.77319527 -148.85423279 0.65098039 0.74117647 0.85882353
v -2.97945070 1.77059484 -148.85719299 0.65098039 0.74117647 0.85882353
v -2.98057246 1.77276945 -148.85960388 0.65098039 0.74117647 0.85882353
v -2.97644997 1.77638078 -148.86013794 0.65098039 0.74117647 0.85882353
v -2.97536182 1.77407479 -148.85789490 0.65098039 0.74117647 0.85882353
v -2.97225165 1.77980423 -148.85966492 0.65098039 0.74117647 0.85882353
v -2.97151160 1.77799797 -148.85780334 0.65098039 0.74117647 0.85882353
v -2.97081733 1.77721190 -148.85502625 0.65098039 0.74117647 0.85882353
v -2.96972585 1.78207278 -148.85806274 0.65098039 0.74117647 0.85882353
v -2.97023845 1.78420734 -148.85876465 0.65098039 0.74117647 0.85882353
v -2.96852398 1.78269386 -148.85592651 0.65098039 0.74117647 0.85882353
v -2.96911454 1.78036690 -148.85557556 0.65098039 0.74117647 0.85882353
v -2.96978068 1.78037715 -148.85725403 0.65098039 0.74117647 0.85882353
v -3.01156092 1.74418414 -148.85321045 0.65098039 0.74117647 0.85882353
v -3.00839043 1.70221877 -148.75781250 0.65098039 0.74117647 0.85882353
v -3.00574279 1.70277095 -148.76211548 0.65098039 0.74117647 0.85882353
v -3.00020742 1.69598758 -148.76788330 0.65098039 0.74117647 0.85882353
v -2.99896789 1.68964779 -148.76744080 0.65098039 0.74117647 0.85882353
v -3.00009751 1.68423080 -148.76419067 0.65098039 0.74117647 0.85882353
v -3.00280881 1.68322468 -148.75976562 0.65098039 0.74117647 0.85882353
v -3.00558138 1.68601084 -148.75566101 0.65098039 0.74117647 0.85882353
v -3.00288153 1.70107603 -148.76560974 0.65098039 0.74117647 0.85882353
v -3.01018095 1.69848871 -148.75373840 0.65098039 0.74117647 0.85882353
v -3.00878119 1.69155288 -148.75289917 0.65098039 0.74117647 0.85882353
v -3.00068474 1.69482660 -148.74696350 0.65098039 0.74117647 0.85882353
v -3.00283694 1.70149207 -148.74790955 0.65098039 0.74117647 0.85882353
v -2.99771476 1.68880391 -148.74946594 0.65098039 0.74117647 0.85882353
v -2.99552774 1.68564296 -148.75408936 0.65098039 0.74117647 0.85882353
v -2.99418473 1.68615723 -148.75944519 0.65098039 0.74117647 0.85882353
v -3.00194836 1.70514083 -148.75254822 0.65098039 0.74117647 0.85882353
v -2.99993038 1.70547795 -148.75759888 0.65098039 0.74117647 0.85882353
v -2.99742055 1.70242918 -148.76185608 0.65098039 0.74117647 0.85882353
v -2.99569297 1.70791984 -148.74723816 0.65098039 0.74117647 0.85882353
v -2.99387193 1.70559406 -148.74121094 0.65098039 0.74117647 0.85882353
v -2.98020697 1.69540977 -148.73812866 0.65098039 0.74117647 0.85882353
v -2.98235607 1.69751716 -148.73510742 0.65098039 0.74117647 0.85882353
v -2.98552942 1.69604361 -148.73802185 0.65098039 0.74117647 0.85882353
v -2.98403049 1.69318795 -148.74089050 0.65098039 0.74117647 0.85882353
v -2.98806572 1.69602478 -148.73965454 0.65098039 0.74117647 0.85882353
v -2.98948121 1.69271898 -148.74314880 0.65098039 0.74117647 0.85882353
v -2.98778605 1.70090485 -148.73536682 0.65098039 0.74117647 0.85882353
v -2.98965764 1.70017910 -148.73796082 0.65098039 0.74117647 0.85882353
v -2.98880506 1.70648837 -148.73562622 0.65098039 0.74117647 0.85882353
v -2.99081826 1.70436096 -148.73739624 0.65098039 0.74117647 0.85882353
v -2.98481369 1.70206332 -148.73199463 0.65098039 0.74117647 0.85882353
v -2.97987413 1.69931149 -148.73263550 0.65098039 0.74117647 0.85882353
v -2.98125410 1.70337415 -148.73068237 0.65098039 0.74117647 0.85882353
v -2.97754478 1.69890976 -148.73471069 0.65098039 0.74117647 0.85882353
v -2.99280167 1.69865108 -148.74119568 0.65098039 0.74117647 0.85882353
v -2.98872066 1.68856859 -148.74908447 0.65098039 0.74117647 0.85882353
v -2.98263001 1.69132257 -148.74468994 0.65098039 0.74117647 0.85882353
v -2.97815681 1.69477797 -148.74113464 0.65098039 0.74117647 0.85882353
v -2.97576761 1.69962668 -148.73806763 0.65098039 0.74117647 0.85882353
v -2.98141074 1.69240689 -148.74961853 0.65098039 0.74117647 0.85882353
v -2.97730327 1.69677842 -148.74479675 0.65098039 0.74117647 0.85882353
v -2.97587895 1.70101047 -148.74147034 0.65098039 0.74117647 0.85882353
v -2.98199368 1.69632697 -148.75312805 0.65098039 0.74117647 0.85882353
v -2.97816896 1.69995236 -148.74708557 0.65098039 0.74117647 0.85882353
v -2.98826528 1.68841541 -148.75534058 0.65098039 0.74117647 0.85882353
v -2.98909092 1.69233847 -148.75971985 0.65098039 0.74117647 0.85882353
v -2.97665906 1.70229506 -148.74357605 0.65098039 0.74117647 0.85882353
v -2.97644925 1.70529580 -148.73603821 0.65098039 0.74117647 0.85882353
v -2.97762156 1.70456481 -148.73217773 0.65098039 0.74117647 0.85882353
v -2.98919964 1.70929778 -148.73837280 0.65098039 0.74117647 0.85882353
v -2.98595262 1.70732093 -148.73271179 0.65098039 0.74117647 0.85882353
v -2.98512959 1.71025395 -148.73544312 0.65098039 0.74117647 0.85882353
v -2.98933172 1.71054089 -148.74272156 0.65098039 0.74117647 0.85882353
v -2.98392153 1.71125317 -148.73904419 0.65098039 0.74117647 0.85882353
v -2.98289490 1.70725250 -148.73088074 0.65098039 0.74117647 0.85882353
v -2.98109722 1.70906734 -148.73292542 0.65098039 0.74117647 0.85882353
v -2.99411082 1.69070542 -148.76342773 0.65098039 0.74117647 0.85882353
v -2.99503040 1.69680166 -148.76420593 0.65098039 0.74117647 0.85882353
v -2.99069619 1.69845819 -148.76033020 0.65098039 0.74117647 0.85882353
v -2.98411846 1.70196176 -148.75378418 0.65098039 0.74117647 0.85882353
v -2.99265909 1.70461488 -148.75769043 0.65098039 0.74117647 0.85882353
v -2.99483061 1.70818615 -148.75277710 0.65098039 0.74117647 0.85882353
v -2.98815775 1.71007013 -148.74700928 0.65098039 0.74117647 0.85882353
v -2.98625040 1.70739508 -148.75146484 0.65098039 0.74117647 0.85882353
v -2.98273540 1.71034598 -148.74263000 0.65098039 0.74117647 0.85882353
v -2.98162675 1.70786738 -148.74554443 0.65098039 0.74117647 0.85882353
v -2.97960329 1.70413899 -148.74720764 0.65098039 0.74117647 0.85882353
v -2.97922683 1.70867860 -148.74015808 0.65098039 0.74117647 0.85882353
v -2.97956300 1.70954108 -148.73654175 0.65098039 0.74117647 0.85882353
v -2.97680855 1.70529461 -148.73977661 0.65098039 0.74117647 0.85882353
v -2.97779632 1.70508552 -148.74299622 0.65098039 0.74117647 0.85882353
v -2.97931242 1.70750999 -148.74267578 0.65098039 0.74117647 0.85882353
v -3.00898600 1.73382878 -148.85081482 0.65098039 0.74117647 0.85882353
v -3.00619268 1.73294926 -148.84555054 0.65098039 0.74117647 0.85882353
v -3.01151729 1.72734332 -148.84623718 0.65098039 0.74117647 0.85882353
v -3.01725698 1.72040963 -148.84757996 0.65098039 0.74117647 0.85882353
v -3.02525187 1.71673417 -148.85316467 0.65098039 0.74117647 0.85882353
v -3.01645970 1.71993029 -148.84104919 0.65098039 0.74117647 0.85882353
v -3.01050901 1.72672164 -148.84010315 0.65098039 0.74117647 0.85882353
v -3.00393462 1.73409748 -148.83866882 0.65098039 0.74117647 0.85882353
v -3.02066422 1.71425128 -148.83612061 0.65098039 0.74117647 0.85882353
v -3.03433728 1.60225511 -148.62132263 0.65098039 0.74117647 0.85882353
v -3.03810000 1.60178125 -148.61993408 0.65098039 0.74117647 0.85882353
v -3.04052806 1.59643126 -148.61708069 0.65098039 0.74117647 0.85882353
v -3.03771782 1.59571934 -148.61831665 0.65098039 0.74117647 0.85882353
v -3.03423071 1.59513474 -148.61920166 0.65098039 0.74117647 0.85882353
v -3.03026485 1.59483767 -148.61950684 0.65098039 0.74117647 0.85882353
v -3.02395368 1.60160422 -148.62051392 0.65098039 0.74117647 0.85882353
v -3.02932501 1.60257363 -148.62158203 0.65098039 0.74117647 0.85882353
v -3.01582837 1.59563935 -148.61541748 0.65098039 0.74117647 0.85882353
v -3.01751637 1.59706068 -148.61602783 0.65098039 0.74117647 0.85882353
v -3.01656675 1.59480357 -148.61587524 0.65098039 0.74117647 0.85882353
v -3.02222013 1.59475279 -148.61811829 0.65098039 0.74117647 0.85882353
v -3.01880240 1.59491372 -148.61653137 0.65098039 0.74117647 0.85882353
v -3.04287386 1.60007453 -148.61691284 0.65098039 0.74117647 0.85882353
v -3.04403710 1.59914851 -148.61581421 0.65098039 0.74117647 0.85882353
v -3.04075480 1.60093617 -148.61833191 0.65098039 0.74117647 0.85882353
v -3.02603936 1.59475684 -148.61911011 0.65098039 0.74117647 0.85882353
v -3.04392123 1.59816301 -148.61540222 0.65098039 0.74117647 0.85882353
v -3.04264927 1.59729791 -148.61582947 0.65098039 0.74117647 0.85882353
v -3.02000904 1.59965110 -148.61830139 0.65098039 0.74117647 0.85882353
v -3.03429937 1.59744883 -148.61946106 0.65098039 0.74117647 0.85882353
v -3.03019357 1.59716475 -148.61991882 0.65098039 0.74117647 0.85882353
v -3.02499890 1.59944248 -148.62025452 0.65098039 0.74117647 0.85882353
v -3.02992225 1.60000086 -148.62089539 0.65098039 0.74117647 0.85882353
v -3.02227974 1.59661603 -148.61860657 0.65098039 0.74117647 0.85882353
v -3.02005219 1.59627748 -148.61735535 0.65098039 0.74117647 0.85882353
v -3.03763437 1.59766340 -148.61860657 0.65098039 0.74117647 0.85882353
v -3.02585530 1.59697747 -148.61962891 0.65098039 0.74117647 0.85882353
v -3.03455949 1.60012531 -148.62036133 0.65098039 0.74117647 0.85882353
v -3.01950574 1.59706092 -148.61737061 0.65098039 0.74117647 0.85882353
v -3.02130294 1.59836102 -148.61885071 0.65098039 0.74117647 0.85882353
v -3.04314542 1.59864140 -148.61602783 0.65098039 0.74117647 0.85882353
v -3.04310799 1.59834099 -148.61595154 0.65098039 0.74117647 0.85882353
v -3.00471592 1.38788319 -148.61833191 0.65098039 0.74117647 0.85882353
v -2.99827862 1.37573314 -148.63069153 0.65098039 0.74117647 0.85882353
v -3.03796816 1.59969258 -148.61912537 0.65098039 0.74117647 0.85882353
v -3.04196215 1.59798431 -148.61648560 0.65098039 0.74117647 0.85882353
v -3.04010558 1.59774613 -148.61747742 0.65098039 0.74117647 0.85882353
v -3.04032588 1.59930468 -148.61788940 0.65098039 0.74117647 0.85882353
v -3.04213572 1.59899187 -148.61682129 0.65098039 0.74117647 0.85882353
v -3.15420294 1.44624805 -148.71780396 0.65098039 0.74117647 0.85882353
v -3.14623570 1.43330026 -148.72503662 0.65098039 0.74117647 0.85882353
v -3.20498061 1.45473206 -148.71296692 0.65098039 0.74117647 0.85882353
v -3.21931624 1.43867159 -148.71305847 0.65098039 0.74117647 0.85882353
v -2.98806739 1.10839832 -148.74903870 0.65098039 0.74117647 0.85882353
v -3.10404801 1.12905276 -148.58601379 0.65098039 0.74117647 0.85882353
v -3.11071944 1.14514148 -148.58232117 0.65098039 0.74117647 0.85882353
v -3.05224752 1.14697957 -148.53250122 0.65098039 0.74117647 0.85882353
v -3.06886721 1.14222836 -148.54179382 0.65098039 0.74117647 0.85882353
v -3.09637403 1.13996112 -148.69244385 0.65098039 0.74117647 0.85882353
v -3.09260082 1.12059212 -148.69555664 0.65098039 0.74117647 0.85882353
v -3.04162693 1.14300215 -148.72888184 0.65098039 0.74117647 0.85882353
v -3.03624272 1.12113953 -148.73173523 0.65098039 0.74117647 0.85882353
v -3.07228613 1.10122156 -148.71565247 0.65098039 0.74117647 0.85882353
v -3.07914019 1.09904635 -148.56149292 0.65098039 0.74117647 0.85882353
v -3.07972050 1.11864209 -148.55770874 0.65098039 0.74117647 0.85882353
v -3.09182262 1.11513495 -148.57238770 0.65098039 0.74117647 0.85882353
v -3.09237814 1.09666705 -148.57443237 0.65098039 0.74117647 0.85882353
v -3.02794600 1.13268805 -148.53416443 0.65098039 0.74117647 0.85882353
v -3.03279901 1.15147030 -148.52899170 0.65098039 0.74117647 0.85882353
v -3.11423016 1.15810728 -148.67169189 0.65098039 0.74117647 0.85882353
v -3.12245679 1.15666401 -148.64888000 0.65098039 0.74117647 0.85882353
v -3.12294364 1.15749002 -148.60290527 0.65098039 0.74117647 0.85882353
v -3.11698627 1.16155505 -148.58241272 0.65098039 0.74117647 0.85882353
v -3.09612799 1.17438841 -148.54914856 0.65098039 0.74117647 0.85882353
v -3.10812116 1.16780829 -148.56498718 0.65098039 0.74117647 0.85882353
v -3.02772427 1.16940355 -148.73387146 0.65098039 0.74117647 0.85882353
v -3.01217341 1.19449186 -148.73194885 0.65098039 0.74117647 0.85882353
v -3.10049105 1.16049945 -148.69125366 0.65098039 0.74117647 0.85882353
v -2.96277833 1.17677474 -148.73481750 0.65098039 0.74117647 0.85882353
v -3.07194996 1.20382166 -148.51698303 0.65098039 0.74117647 0.85882353
v -3.09176230 1.19931102 -148.53147888 0.65098039 0.74117647 0.85882353
v -3.12527728 1.15627813 -148.62562561 0.65098039 0.74117647 0.85882353
v -2.99450183 1.34565234 -148.67164612 0.65098039 0.74117647 0.85882353
v -2.98979282 1.33274674 -148.68548584 0.65098039 0.74117647 0.85882353
v -3.00391221 1.33666182 -148.68977356 0.65098039 0.74117647 0.85882353
v -3.00938058 1.34842134 -148.67543030 0.65098039 0.74117647 0.85882353
v -3.01837087 1.33903766 -148.69364929 0.65098039 0.74117647 0.85882353
v -3.03283787 1.34050024 -148.69647217 0.65098039 0.74117647 0.85882353
v -3.04635453 1.34101772 -148.69804382 0.65098039 0.74117647 0.85882353
v -3.07925534 1.33762717 -148.69808960 0.65098039 0.74117647 0.85882353
v -3.06939721 1.33958685 -148.69882202 0.65098039 0.74117647 0.85882353
v -3.09594440 1.33145142 -148.69537354 0.65098039 0.74117647 0.85882353
v -3.08782554 1.33566165 -148.69694519 0.65098039 0.74117647 0.85882353
v -3.10428357 1.31913793 -148.69451904 0.65098039 0.74117647 0.85882353
v -3.11320686 1.30219626 -148.69184875 0.65098039 0.74117647 0.85882353
v -3.12235403 1.28468454 -148.68614197 0.65098039 0.74117647 0.85882353
v -3.12475920 1.29993343 -148.67765808 0.65098039 0.74117647 0.85882353
v -3.10962415 1.28641057 -148.70123291 0.65098039 0.74117647 0.85882353
v -3.10102534 1.30344963 -148.70465088 0.65098039 0.74117647 0.85882353
v -3.09260607 1.31491709 -148.70733643 0.65098039 0.74117647 0.85882353
v -2.97263455 1.29160130 -148.70396423 0.65098039 0.74117647 0.85882353
v -2.97261167 1.26715386 -148.71060181 0.65098039 0.74117647 0.85882353
v -3.01019716 1.39964342 -148.60618591 0.65098039 0.74117647 0.85882353
v -3.16869211 1.53928351 -148.89302063 0.65098039 0.74117647 0.85882353
v -3.10426950 1.63416815 -148.80819702 0.65098039 0.74117647 0.85882353
v -3.09527159 1.36724126 -148.47746277 0.65098039 0.74117647 0.85882353
v -3.07471609 1.36412263 -148.47111511 0.65098039 0.74117647 0.85882353
v -3.05618572 1.35201859 -148.46614075 0.65098039 0.74117647 0.85882353
v -3.05695033 1.36288762 -148.46470642 0.65098039 0.74117647 0.85882353
v -3.15715885 1.40004277 -148.52635193 0.65098039 0.74117647 0.85882353
v -3.15155697 1.38285613 -148.51077271 0.65098039 0.74117647 0.85882353
v -3.13771939 1.36945200 -148.49670410 0.65098039 0.74117647 0.85882353
v -3.11813378 1.36149955 -148.48640442 0.65098039 0.74117647 0.85882353
v -3.08523369 1.18350232 -148.70483398 0.65098039 0.74117647 0.85882353
v -3.09683800 1.33335042 -148.48263550 0.65098039 0.74117647 0.85882353
v -3.12082815 1.35056090 -148.48722839 0.65098039 0.74117647 0.85882353
v -3.14367557 1.35870743 -148.49783325 0.65098039 0.74117647 0.85882353
v -3.16048670 1.37221575 -148.51387024 0.65098039 0.74117647 0.85882353
v -3.17034459 1.39122272 -148.53396606 0.65098039 0.74117647 0.85882353
v -3.17898679 1.39489126 -148.54814148 0.65098039 0.74117647 0.85882353
v -3.19724631 1.38423073 -148.56817627 0.65098039 0.74117647 0.85882353
v -3.20209742 1.38988256 -148.58009338 0.65098039 0.74117647 0.85882353
v -3.19608426 1.40651965 -148.58255005 0.65098039 0.74117647 0.85882353
v -3.20122647 1.41269994 -148.59478760 0.65098039 0.74117647 0.85882353
v -3.20769644 1.39619994 -148.59240723 0.65098039 0.74117647 0.85882353
v -3.22289181 1.42196536 -148.68174744 0.65098039 0.74117647 0.85882353
v -3.22395062 1.42022347 -148.69778442 0.65098039 0.74117647 0.85882353
v -3.22528124 1.41214061 -148.70988464 0.65098039 0.74117647 0.85882353
v -3.22472906 1.40112078 -148.71876526 0.65098039 0.74117647 0.85882353
v -3.22204280 1.38866341 -148.72251892 0.65098039 0.74117647 0.85882353
v -3.21695042 1.37486124 -148.71987915 0.65098039 0.74117647 0.85882353
v -3.21092892 1.36211944 -148.71089172 0.65098039 0.74117647 0.85882353
v -3.19322777 1.33516598 -148.67030334 0.65098039 0.74117647 0.85882353
v -3.18900490 1.32667303 -148.65545654 0.65098039 0.74117647 0.85882353
v -3.17873240 1.29766154 -148.62413025 0.65098039 0.74117647 0.85882353
v -3.17728448 1.28658462 -148.61640930 0.65098039 0.74117647 0.85882353
v -3.15416861 1.22944582 -148.58522034 0.65098039 0.74117647 0.85882353
v -3.16550851 1.24589705 -148.59455872 0.65098039 0.74117647 0.85882353
v -3.14250445 1.21394944 -148.57727051 0.65098039 0.74117647 0.85882353
v -3.08973336 1.00139785 -148.55871582 0.65098039 0.74117647 0.85882353
v -3.08463407 1.02014971 -148.56243896 0.65098039 0.74117647 0.85882353
v -3.10030985 1.02110803 -148.57798767 0.65098039 0.74117647 0.85882353
v -3.10523033 1.00283098 -148.57490540 0.65098039 0.74117647 0.85882353
v -3.02140927 1.06280017 -148.54244995 0.65098039 0.74117647 0.85882353
v -3.04266691 1.06077588 -148.54791260 0.65098039 0.74117647 0.85882353
v -3.11664534 1.02292037 -148.67272949 0.65098039 0.74117647 0.85882353
v -3.12210083 1.02318490 -148.64448547 0.65098039 0.74117647 0.85882353
v -3.12010622 1.02288723 -148.61891174 0.65098039 0.74117647 0.85882353
v -3.11230969 1.02229619 -148.59677124 0.65098039 0.74117647 0.85882353
v -3.10416627 1.02189994 -148.69689941 0.65098039 0.74117647 0.85882353
v -2.99479222 1.00664437 -148.75892639 0.65098039 0.74117647 0.85882353
v -3.01801014 1.00914049 -148.75192261 0.65098039 0.74117647 0.85882353
v -2.93219614 1.00447035 -148.75889587 0.65098039 0.74117647 0.85882353
v -2.95105481 1.00436234 -148.76205444 0.65098039 0.74117647 0.85882353
v -3.08658743 1.01881146 -148.71647644 0.65098039 0.74117647 0.85882353
v -2.97189546 1.00510597 -148.76243591 0.65098039 0.74117647 0.85882353
v -3.04139304 1.01196778 -148.74284363 0.65098039 0.74117647 0.85882353
v -3.06541777 1.01512146 -148.73168945 0.65098039 0.74117647 0.85882353
v -3.08024693 1.03851700 -148.56433105 0.65098039 0.74117647 0.85882353
v -3.06354666 1.03935969 -148.55368042 0.65098039 0.74117647 0.85882353
v -3.06120491 1.05976081 -148.55578613 0.65098039 0.74117647 0.85882353
v -3.08663082 1.25310755 -148.49641418 0.65098039 0.74117647 0.85882353
v -3.10847855 1.25607646 -148.50663757 0.65098039 0.74117647 0.85882353
v -3.12929845 1.26038313 -148.51895142 0.65098039 0.74117647 0.85882353
v -3.15194654 1.27981234 -148.52580261 0.65098039 0.74117647 0.85882353
v -3.16753078 1.28913188 -148.54057312 0.65098039 0.74117647 0.85882353
v -3.16518402 1.27590549 -148.54753113 0.65098039 0.74117647 0.85882353
v -3.14900494 1.26632452 -148.53248596 0.65098039 0.74117647 0.85882353
v -3.18309617 1.30989110 -148.57203674 0.65098039 0.74117647 0.85882353
v -3.18874812 1.31903207 -148.58551025 0.65098039 0.74117647 0.85882353
v -3.18550396 1.31065655 -148.59075928 0.65098039 0.74117647 0.85882353
v -3.18110442 1.30114162 -148.57839966 0.65098039 0.74117647 0.85882353
v -3.19108629 1.31839514 -148.60246277 0.65098039 0.74117647 0.85882353
v -3.19576120 1.32549858 -148.61531067 0.65098039 0.74117647 0.85882353
v -3.19915366 1.33287144 -148.62832642 0.65098039 0.74117647 0.85882353
v -3.20425844 1.34222555 -148.64263916 0.65098039 0.74117647 0.85882353
v -3.21391273 1.35856724 -148.63166809 0.65098039 0.74117647 0.85882353
v -3.20958304 1.35108495 -148.61795044 0.65098039 0.74117647 0.85882353
v -3.18592310 1.32110596 -148.56710815 0.65098039 0.74117647 0.85882353
v -3.17908025 1.31248510 -148.55093384 0.65098039 0.74117647 0.85882353
v -3.09069657 1.28125429 -148.49226379 0.65098039 0.74117647 0.85882353
v -3.06802750 1.27927208 -148.48666382 0.65098039 0.74117647 0.85882353
v -3.13257003 1.27511740 -148.67494202 0.65098039 0.74117647 0.85882353
v -3.14316654 1.26652741 -148.66197205 0.65098039 0.74117647 0.85882353
v -3.15193415 1.26079607 -148.64918518 0.65098039 0.74117647 0.85882353
v -3.15898490 1.25745034 -148.63716125 0.65098039 0.74117647 0.85882353
v -3.16569948 1.25648737 -148.62582397 0.65098039 0.74117647 0.85882353
v -3.17028546 1.25695276 -148.61405945 0.65098039 0.74117647 0.85882353
v -3.17198539 1.25979352 -148.60200500 0.65098039 0.74117647 0.85882353
v -3.17546487 1.27379119 -148.60954285 0.65098039 0.74117647 0.85882353
v -3.17301226 1.26444149 -148.59078979 0.65098039 0.74117647 0.85882353
v -3.17661095 1.27852178 -148.60023499 0.65098039 0.74117647 0.85882353
v -3.17338276 1.27114320 -148.57962036 0.65098039 0.74117647 0.85882353
v -3.17407656 1.27945447 -148.57006836 0.65098039 0.74117647 0.85882353
v -3.17510390 1.28891969 -148.56268311 0.65098039 0.74117647 0.85882353
v -3.17670226 1.29954553 -148.55638123 0.65098039 0.74117647 0.85882353
v -3.15554714 1.29465508 -148.52037048 0.65098039 0.74117647 0.85882353
v -3.17003298 1.30272865 -148.53515625 0.65098039 0.74117647 0.85882353
v -3.14031005 1.30382431 -148.50447083 0.65098039 0.74117647 0.85882353
v -3.14382386 1.31786776 -148.50114441 0.65098039 0.74117647 0.85882353
v -3.13224363 1.27472711 -148.51281738 0.65098039 0.74117647 0.85882353
v -3.13687086 1.28881359 -148.50883484 0.65098039 0.74117647 0.85882353
v -3.12365317 1.41434908 -148.50527954 0.65098039 0.74117647 0.85882353
v -3.11068082 1.40446496 -148.49180603 0.65098039 0.74117647 0.85882353
v -3.21419859 1.36599994 -148.69364929 0.65098039 0.74117647 0.85882353
v -3.21595144 1.37091660 -148.70526123 0.65098039 0.74117647 0.85882353
v -3.21148539 1.36138058 -148.70011902 0.65098039 0.74117647 0.85882353
v -3.21133137 1.36027992 -148.69274902 0.65098039 0.74117647 0.85882353
v -3.21970248 1.38094115 -148.70610046 0.65098039 0.74117647 0.85882353
v -3.22039175 1.38207626 -148.68948364 0.65098039 0.74117647 0.85882353
v -3.22219849 1.39088869 -148.70295715 0.65098039 0.74117647 0.85882353
v -3.21732998 1.37359977 -148.69294739 0.65098039 0.74117647 0.85882353
v -3.22419858 1.40013885 -148.69613647 0.65098039 0.74117647 0.85882353
v -3.22295547 1.39036846 -148.68440247 0.65098039 0.74117647 0.85882353
v -3.22493839 1.40676332 -148.68705750 0.65098039 0.74117647 0.85882353
v -3.22438836 1.39711308 -148.67793274 0.65098039 0.74117647 0.85882353
v -3.22516012 1.40171313 -148.67269897 0.65098039 0.74117647 0.85882353
v -3.22484207 1.40946972 -148.67613220 0.65098039 0.74117647 0.85882353
v -3.22241044 1.38462281 -148.63691711 0.65098039 0.74117647 0.85882353
v -3.22437334 1.39168406 -148.65042114 0.65098039 0.74117647 0.85882353
v -3.22531939 1.39768910 -148.66337585 0.65098039 0.74117647 0.85882353
v -3.20756459 1.34896421 -148.65570068 0.65098039 0.74117647 0.85882353
v -3.21184015 1.35774481 -148.66833496 0.65098039 0.74117647 0.85882353
v -3.21490145 1.36584973 -148.68072510 0.65098039 0.74117647 0.85882353
v -3.21860528 1.37380636 -148.67694092 0.65098039 0.74117647 0.85882353
v -3.21574497 1.36500096 -148.66433716 0.65098039 0.74117647 0.85882353
v -3.21223807 1.35625505 -148.65132141 0.65098039 0.74117647 0.85882353
v -3.08858228 1.26664352 -148.49362183 0.65098039 0.74117647 0.85882353
v -3.11031628 1.26981330 -148.50143433 0.65098039 0.74117647 0.85882353
v -3.19464302 1.32674170 -148.59782410 0.65098039 0.74117647 0.85882353
v -3.19965529 1.33348083 -148.60945129 0.65098039 0.74117647 0.85882353
v -3.20440722 1.34100378 -148.62246704 0.65098039 0.74117647 0.85882353
v -3.20876527 1.34909630 -148.63708496 0.65098039 0.74117647 0.85882353
v -3.20436740 1.34330654 -148.60537720 0.65098039 0.74117647 0.85882353
v -3.19869089 1.33652043 -148.59320068 0.65098039 0.74117647 0.85882353
v -3.19232678 1.32913089 -148.58110046 0.65098039 0.74117647 0.85882353
v -3.11393642 1.28455448 -148.49905396 0.65098039 0.74117647 0.85882353
v -3.06662798 1.26506329 -148.48757935 0.65098039 0.74117647 0.85882353
v -3.13337088 1.42739391 -148.64257812 0.65098039 0.74117647 0.85882353
v -3.14970946 1.43812370 -148.62774658 0.65098039 0.74117647 0.85882353
v -3.17120600 1.43952811 -148.61454773 0.65098039 0.74117647 0.85882353
v -3.18920398 1.42886853 -148.60289001 0.65098039 0.74117647 0.85882353
v -3.05670428 1.40437412 -148.46385193 0.65098039 0.74117647 0.85882353
v -3.17952847 1.45168447 -148.86915588 0.65098039 0.74117647 0.85882353
v -3.03755474 1.22298431 -148.49320984 0.65098039 0.74117647 0.85882353
v -3.04228520 1.23838973 -148.48661804 0.65098039 0.74117647 0.85882353
v -3.01928258 1.17301548 -148.52055359 0.65098039 0.74117647 0.85882353
v -3.02566934 1.18760502 -148.50999451 0.65098039 0.74117647 0.85882353
v -3.04249430 1.08448708 -148.54721069 0.65098039 0.74117647 0.85882353
v -3.02231145 1.08858335 -148.54286194 0.65098039 0.74117647 0.85882353
v -3.02457452 1.11210454 -148.53862000 0.65098039 0.74117647 0.85882353
v -2.99913788 1.04451013 -148.52917480 0.65098039 0.74117647 0.85882353
v -2.99809813 1.06614792 -148.53819275 0.65098039 0.74117647 0.85882353
v -3.00449896 1.11646366 -148.53791809 0.65098039 0.74117647 0.85882353
v -3.00893641 1.13729239 -148.53378296 0.65098039 0.74117647 0.85882353
v -3.05145741 1.20520115 -148.50852966 0.65098039 0.74117647 0.85882353
v -3.06578732 1.25253522 -148.48808289 0.65098039 0.74117647 0.85882353
v -3.04639745 1.26576912 -148.48060608 0.65098039 0.74117647 0.85882353
v -3.04777956 1.28026044 -148.47952271 0.65098039 0.74117647 0.85882353
v -3.05006099 1.29396915 -148.47694397 0.65098039 0.74117647 0.85882353
v -3.05032134 1.31228065 -148.72523499 0.65098039 0.74117647 0.85882353
v -3.05380726 1.32682538 -148.71296692 0.65098039 0.74117647 0.85882353
v -3.04164290 1.32755303 -148.71217346 0.65098039 0.74117647 0.85882353
v -3.03827405 1.31332874 -148.72460938 0.65098039 0.74117647 0.85882353
v -3.07151818 1.30933070 -148.72244263 0.65098039 0.74117647 0.85882353
v -3.07515430 1.32352018 -148.71105957 0.65098039 0.74117647 0.85882353
v -3.06499529 1.32545090 -148.71240234 0.65098039 0.74117647 0.85882353
v -3.06154990 1.31094193 -148.72430420 0.65098039 0.74117647 0.85882353
v -3.08407259 1.32040179 -148.70930481 0.65098039 0.74117647 0.85882353
v -3.08070946 1.30627823 -148.71989441 0.65098039 0.74117647 0.85882353
v -3.04736400 1.29606414 -148.73501587 0.65098039 0.74117647 0.85882353
v -3.05880928 1.29479384 -148.73416138 0.65098039 0.74117647 0.85882353
v -3.03539300 1.29765129 -148.73431396 0.65098039 0.74117647 0.85882353
v -3.07694983 1.29166174 -148.72854614 0.65098039 0.74117647 0.85882353
v -3.06851530 1.29353940 -148.73168945 0.65098039 0.74117647 0.85882353
v -3.01760244 1.48051310 -148.60073853 0.65098039 0.74117647 0.85882353
v -3.01417136 1.48454595 -148.61439514 0.65098039 0.74117647 0.85882353
v -3.00350785 1.52433777 -148.63034058 0.65098039 0.74117647 0.85882353
v -3.00306892 1.52880156 -148.62866211 0.65098039 0.74117647 0.85882353
v -3.01439166 1.47202730 -148.58193970 0.65098039 0.74117647 0.85882353
v -3.01596427 1.46473610 -148.57945251 0.65098039 0.74117647 0.85882353
v -3.00329518 1.50656366 -148.62454224 0.65098039 0.74117647 0.85882353
v -3.00468278 1.49321103 -148.62345886 0.65098039 0.74117647 0.85882353
v -2.99800038 1.54929829 -148.63290405 0.65098039 0.74117647 0.85882353
v -2.99869156 1.54610896 -148.63124084 0.65098039 0.74117647 0.85882353
v -2.99990296 1.53544950 -148.63172913 0.65098039 0.74117647 0.85882353
v -3.00066566 1.53182578 -148.63024902 0.65098039 0.74117647 0.85882353
v -3.01705599 1.45653939 -148.57780457 0.65098039 0.74117647 0.85882353
v -3.01296568 1.47673512 -148.58767700 0.65098039 0.74117647 0.85882353
v -3.01622200 1.43920851 -148.57595825 0.65098039 0.74117647 0.85882353
v -3.01511407 1.43048072 -148.57621765 0.65098039 0.74117647 0.85882353
v -3.02227640 1.42399240 -148.58238220 0.65098039 0.74117647 0.85882353
v -3.01892185 1.41623259 -148.58863831 0.65098039 0.74117647 0.85882353
v -2.97431827 1.31143308 -148.69358826 0.65098039 0.74117647 0.85882353
v -2.98609376 1.35101974 -148.65539551 0.65098039 0.74117647 0.85882353
v -2.98028255 1.34303522 -148.66876221 0.65098039 0.74117647 0.85882353
v -2.99210906 1.36223590 -148.64251709 0.65098039 0.74117647 0.85882353
v -3.01449060 1.40874231 -148.59709167 0.65098039 0.74117647 0.85882353
v -3.01698852 1.44796491 -148.57658386 0.65098039 0.74117647 0.85882353
v -3.00198507 1.51947236 -148.62878418 0.65098039 0.74117647 0.85882353
v -3.00270200 1.51409793 -148.62539673 0.65098039 0.74117647 0.85882353
v -2.99917126 1.54237461 -148.63101196 0.65098039 0.74117647 0.85882353
v -2.99952078 1.53892708 -148.63136292 0.65098039 0.74117647 0.85882353
v -2.99253798 1.38682961 -148.61407471 0.65098039 0.74117647 0.85882353
v -2.98583055 1.37406301 -148.62655640 0.65098039 0.74117647 0.85882353
v -2.97701716 1.32795930 -148.68142700 0.65098039 0.74117647 0.85882353
v -2.95957661 1.28867006 -148.69795227 0.65098039 0.74117647 0.85882353
v -2.95733833 1.26375103 -148.70332336 0.65098039 0.74117647 0.85882353
v -2.99856520 1.39848804 -148.60238647 0.65098039 0.74117647 0.85882353
v -2.95560336 1.24064136 -148.70486450 0.65098039 0.74117647 0.85882353
v -3.11891603 0.83091295 -148.62002563 0.65098039 0.74117647 0.85882353
v -3.10446787 0.81479073 -148.59875488 0.65098039 0.74117647 0.85882353
v -3.10177922 0.83113372 -148.58177185 0.65098039 0.74117647 0.85882353
v -3.11285973 0.84339225 -148.59700012 0.65098039 0.74117647 0.85882353
v -3.12194204 0.88616979 -148.61363220 0.65098039 0.74117647 0.85882353
v -3.12417436 0.91267675 -148.61637878 0.65098039 0.74117647 0.85882353
v -3.12722778 0.94006944 -148.61840820 0.65098039 0.74117647 0.85882353
v -3.08585978 0.82448494 -148.56501770 0.65098039 0.74117647 0.85882353
v -3.06862307 0.84444195 -148.53781128 0.65098039 0.74117647 0.85882353
v -3.06506777 0.82295853 -148.54949951 0.65098039 0.74117647 0.85882353
v -3.12099457 0.93729091 -148.59117126 0.65098039 0.74117647 0.85882353
v -3.11808014 0.91159391 -148.58943176 0.65098039 0.74117647 0.85882353
v -3.10904074 0.85161316 -148.58346558 0.65098039 0.74117647 0.85882353
v -3.11242414 0.86534601 -148.58540344 0.65098039 0.74117647 0.85882353
v -3.11923957 0.86198097 -148.60725403 0.65098039 0.74117647 0.85882353
v -3.08787179 0.84411931 -148.55477905 0.65098039 0.74117647 0.85882353
v -3.10121536 0.84683049 -148.57107544 0.65098039 0.74117647 0.85882353
v -3.05344272 1.00088954 -148.53742981 0.65098039 0.74117647 0.85882353
v -3.05714631 0.98115802 -148.53111267 0.65098039 0.74117647 0.85882353
v -3.03191233 0.98318636 -148.52166748 0.65098039 0.74117647 0.85882353
v -3.11732483 1.00534487 -148.59580994 0.65098039 0.74117647 0.85882353
v -3.10904527 0.98321122 -148.57189941 0.65098039 0.74117647 0.85882353
v -2.97837543 0.84698868 -148.52586365 0.65098039 0.74117647 0.85882353
v -3.10313630 0.86458784 -148.56649780 0.65098039 0.74117647 0.85882353
v -3.07124567 0.86730540 -148.53129578 0.65098039 0.74117647 0.85882353
v -3.09027553 0.86519825 -148.54821777 0.65098039 0.74117647 0.85882353
v -3.07976079 0.93809134 -148.53198242 0.65098039 0.74117647 0.85882353
v -3.09721804 0.93656886 -148.54820251 0.65098039 0.74117647 0.85882353
v -3.09480524 0.91236758 -148.54544067 0.65098039 0.74117647 0.85882353
v -3.07782125 0.91440809 -148.52851868 0.65098039 0.74117647 0.85882353
v -3.11071897 0.93583423 -148.56739807 0.65098039 0.74117647 0.85882353
v -3.11125112 0.96080565 -148.56945801 0.65098039 0.74117647 0.85882353
v -3.07974291 0.96020448 -148.53657532 0.65098039 0.74117647 0.85882353
v -3.09705448 0.96014082 -148.55157471 0.65098039 0.74117647 0.85882353
v -3.09432292 0.98205221 -148.55508423 0.65098039 0.74117647 0.85882353
v -3.10818052 0.91050458 -148.56575012 0.65098039 0.74117647 0.85882353
v -3.07440615 0.89036870 -148.52769470 0.65098039 0.74117647 0.85882353
v -3.05091429 0.89332592 -148.51342773 0.65098039 0.74117647 0.85882353
v -3.02370334 0.89818907 -148.50567627 0.65098039 0.74117647 0.85882353
v -2.99543095 0.90027797 -148.49983215 0.65098039 0.74117647 0.85882353
v -2.99852490 0.92280710 -148.49798584 0.65098039 0.74117647 0.85882353
v -3.07732391 0.98126650 -148.54188538 0.65098039 0.74117647 0.85882353
v -3.06741309 1.02041447 -148.55143738 0.65098039 0.74117647 0.85882353
v -3.07315969 1.00089264 -148.54750061 0.65098039 0.74117647 0.85882353
v -3.06097603 1.08179402 -148.55438232 0.65098039 0.74117647 0.85882353
v -3.03182125 0.63710248 -148.77095032 0.65098039 0.74117647 0.85882353
v -2.93937707 0.80359477 -148.64288330 0.65098039 0.74117647 0.85882353
v -2.93445611 0.80415082 -148.66670227 0.65098039 0.74117647 0.85882353
v -3.10374403 0.87864220 -148.73455811 0.65098039 0.74117647 0.85882353
v -3.12773323 0.84936893 -148.66790771 0.65098039 0.74117647 0.85882353
v -3.12487388 0.85614359 -148.63542175 0.65098039 0.74117647 0.85882353
v -2.93706322 0.81025231 -148.70947266 0.65098039 0.74117647 0.85882353
v -2.94907260 0.81911147 -148.73327637 0.65098039 0.74117647 0.85882353
v -3.08031893 0.87784213 -148.75624084 0.65098039 0.74117647 0.85882353
v -3.02536559 0.85237360 -148.76751709 0.65098039 0.74117647 0.85882353
v -2.93342543 0.80604303 -148.68719482 0.65098039 0.74117647 0.85882353
v -3.11510134 0.88704348 -148.58717346 0.65098039 0.74117647 0.85882353
v -3.10557938 0.88598347 -148.56515503 0.65098039 0.74117647 0.85882353
v -3.09233904 0.88793409 -148.54533386 0.65098039 0.74117647 0.85882353
v -3.04776955 0.87061208 -148.51683044 0.65098039 0.74117647 0.85882353
v -3.01899934 0.87655246 -148.50880432 0.65098039 0.74117647 0.85882353
v -2.99120927 0.88081270 -148.50529480 0.65098039 0.74117647 0.85882353
v -2.93528819 0.86991841 -148.74345398 0.65098039 0.74117647 0.85882353
v -2.92273808 0.87991762 -148.74136353 0.65098039 0.74117647 0.85882353
v -2.92967415 0.88128054 -148.74409485 0.65098039 0.74117647 0.85882353
v -2.91356874 0.89428091 -148.73918152 0.65098039 0.74117647 0.85882353
v -2.91450429 0.87875038 -148.73612976 0.65098039 0.74117647 0.85882353
v -2.92489529 0.86460280 -148.73680115 0.65098039 0.74117647 0.85882353
v -2.91622901 0.86361170 -148.73069763 0.65098039 0.74117647 0.85882353
v -2.91842628 0.85033560 -148.72154236 0.65098039 0.74117647 0.85882353
v -2.99275422 0.98533660 -148.75881958 0.65098039 0.74117647 0.85882353
v -3.01685905 0.98829496 -148.75297546 0.65098039 0.74117647 0.85882353
v -2.93020773 0.98304123 -148.75720215 0.65098039 0.74117647 0.85882353
v -2.94863701 0.98275065 -148.76054382 0.65098039 0.74117647 0.85882353
v -3.08833838 1.00081110 -148.71838379 0.65098039 0.74117647 0.85882353
v -2.96948361 0.98342329 -148.76153564 0.65098039 0.74117647 0.85882353
v -3.04121232 0.99188030 -148.74491882 0.65098039 0.74117647 0.85882353
v -3.06650543 0.99637812 -148.73381042 0.65098039 0.74117647 0.85882353
v -3.00044060 0.96744227 -148.50485229 0.65098039 0.74117647 0.85882353
v -3.00113654 0.98915803 -148.51133728 0.65098039 0.74117647 0.85882353
v -2.91366291 0.98374623 -148.75151062 0.65098039 0.74117647 0.85882353
v -3.00750113 1.48341823 -148.61302185 0.65098039 0.74117647 0.85882353
v -3.01062131 1.47951174 -148.59889221 0.65098039 0.74117647 0.85882353
v -2.99111056 1.66765356 -148.61250305 0.65098039 0.74117647 0.85882353
v -3.04395437 1.47195673 -148.47874451 0.65098039 0.74117647 0.85882353
v -2.99332809 1.61177325 -148.62750244 0.65098039 0.74117647 0.85882353
v -3.00141478 1.52837849 -148.62818909 0.65098039 0.74117647 0.85882353
v -2.99722171 1.55125523 -148.63589478 0.65098039 0.74117647 0.85882353
v -3.01308179 1.42165899 -148.57833862 0.65098039 0.74117647 0.85882353
v -3.00922370 1.41347051 -148.58404541 0.65098039 0.74117647 0.85882353
v -2.93809295 0.81138217 -148.64567566 0.65098039 0.74117647 0.85882353
v -3.00384688 1.40698671 -148.59289551 0.65098039 0.74117647 0.85882353
v -2.94284034 0.81019640 -148.63223267 0.65098039 0.74117647 0.85882353
v -3.01357150 1.15592837 -148.52824402 0.65098039 0.74117647 0.85882353
v -2.96229982 0.19888413 -148.64170837 0.65098039 0.74117647 0.85882353
v -2.96202898 0.20244318 -148.62660217 0.65098039 0.74117647 0.85882353
v -2.96104622 0.17368311 -148.62966919 0.65098039 0.74117647 0.85882353
v -2.96030664 0.17134804 -148.64431763 0.65098039 0.74117647 0.85882353
v -2.98345709 0.20688182 -148.60038757 0.65098039 0.74117647 0.85882353
v -2.97128963 0.20580190 -148.60717773 0.65098039 0.74117647 0.85882353
v -2.99801350 0.20546478 -148.60002136 0.65098039 0.74117647 0.85882353
v -3.01029563 0.20199770 -148.60636902 0.65098039 0.74117647 0.85882353
v -3.00118256 0.17470473 -148.60577393 0.65098039 0.74117647 0.85882353
v -2.99082565 0.17760044 -148.59851074 0.65098039 0.74117647 0.85882353
v -3.01732183 0.19902426 -148.61598206 0.65098039 0.74117647 0.85882353
v -3.01460576 0.16902876 -148.62568665 0.65098039 0.74117647 0.85882353
v -3.02177668 0.19621307 -148.62785339 0.65098039 0.74117647 0.85882353
v -3.02290368 0.19295472 -148.64610291 0.65098039 0.74117647 0.85882353
v -3.01513982 0.16677552 -148.64328003 0.65098039 0.74117647 0.85882353
v -3.01448798 0.18867099 -148.66403198 0.65098039 0.74117647 0.85882353
v -3.00817323 0.16326314 -148.66125488 0.65098039 0.74117647 0.85882353
v -2.99994493 0.18715715 -148.67407227 0.65098039 0.74117647 0.85882353
v -2.96748543 0.19440037 -148.65718079 0.65098039 0.74117647 0.85882353
v -2.96378160 0.16782039 -148.66027832 0.65098039 0.74117647 0.85882353
v -2.97787905 0.17880535 -148.59954834 0.65098039 0.74117647 0.85882353
v -2.96815467 0.17716825 -148.60827637 0.65098039 0.74117647 0.85882353
v -2.96393800 0.17544538 -148.61918640 0.65098039 0.74117647 0.85882353
v -2.96528196 0.20425767 -148.61578369 0.65098039 0.74117647 0.85882353
v -2.95734143 0.14650387 -148.63273621 0.65098039 0.74117647 0.85882353
v -2.95268488 0.14547682 -148.64825439 0.65098039 0.74117647 0.85882353
v -2.97168899 0.15164191 -148.59735107 0.65098039 0.74117647 0.85882353
v -2.96540594 0.14941472 -148.61090088 0.65098039 0.74117647 0.85882353
v -2.99280334 0.14850700 -148.60392761 0.65098039 0.74117647 0.85882353
v -2.98436165 0.15136606 -148.59445190 0.65098039 0.74117647 0.85882353
v -3.01166964 0.14299703 -148.62278748 0.65098039 0.74117647 0.85882353
v -3.00247383 0.14579320 -148.61312866 0.65098039 0.74117647 0.85882353
v -3.00851011 0.17196441 -148.61502075 0.65098039 0.74117647 0.85882353
v -3.01152396 0.14103538 -148.63952637 0.65098039 0.74117647 0.85882353
v -3.00494242 0.13841611 -148.66117859 0.65098039 0.74117647 0.85882353
v -2.95787692 0.14240295 -148.66557312 0.65098039 0.74117647 0.85882353
v -2.96146703 0.14752918 -148.62193298 0.65098039 0.74117647 0.85882353
v -3.01506543 0.02081257 -148.79194641 0.65098039 0.74117647 0.85882353
v -3.01484990 0.02538830 -148.79255676 0.65098039 0.74117647 0.85882353
v -3.01066828 0.02623099 -148.79403687 0.65098039 0.74117647 0.85882353
v -3.00844479 0.02138680 -148.79389954 0.65098039 0.74117647 0.85882353
v -2.97863674 0.02485019 -148.80848694 0.65098039 0.74117647 0.85882353
v -2.97921538 0.03436279 -148.81297302 0.65098039 0.74117647 0.85882353
v -2.97068334 0.03478914 -148.81146240 0.65098039 0.74117647 0.85882353
v -2.96722960 0.02465338 -148.80740356 0.65098039 0.74117647 0.85882353
v -2.99474406 0.02200484 -148.80412292 0.65098039 0.74117647 0.85882353
v -2.99481225 0.01932055 -148.80020142 0.65098039 0.74117647 0.85882353
v -2.99948025 0.01850724 -148.79875183 0.65098039 0.74117647 0.85882353
v -3.00216842 0.02056849 -148.80227661 0.65098039 0.74117647 0.85882353
v -3.03309274 0.02703118 -148.76210022 0.65098039 0.74117647 0.85882353
v -3.03178740 0.02330041 -148.75897217 0.65098039 0.74117647 0.85882353
v -3.03583264 0.02319270 -148.75674438 0.65098039 0.74117647 0.85882353
v -3.03805804 0.02618796 -148.75845337 0.65098039 0.74117647 0.85882353
v -3.02099562 0.02193242 -148.77999878 0.65098039 0.74117647 0.85882353
v -3.01990581 0.01849419 -148.77639771 0.65098039 0.74117647 0.85882353
v -3.02394819 0.01867741 -148.77452087 0.65098039 0.74117647 0.85882353
v -3.02661562 0.02101231 -148.77645874 0.65098039 0.74117647 0.85882353
v -2.98019171 0.04259795 -148.79092407 0.65098039 0.74117647 0.85882353
v -2.96726108 0.04704231 -148.79081726 0.65098039 0.74117647 0.85882353
v -2.96843576 0.03908998 -148.80294800 0.65098039 0.74117647 0.85882353
v -2.98071408 0.03841347 -148.80378723 0.65098039 0.74117647 0.85882353
v -2.96037960 0.03311867 -148.79864502 0.65098039 0.74117647 0.85882353
v -2.95835948 0.03975326 -148.78517151 0.65098039 0.74117647 0.85882353
v -2.96293640 0.03139251 -148.78149414 0.65098039 0.74117647 0.85882353
v -2.96537280 0.02800578 -148.79428101 0.65098039 0.74117647 0.85882353
v -2.97527027 0.02808386 -148.78256226 0.65098039 0.74117647 0.85882353
v -2.97648907 0.02524704 -148.79403687 0.65098039 0.74117647 0.85882353
v -2.98367810 0.03209013 -148.78686523 0.65098039 0.74117647 0.85882353
v -2.98671460 0.02897555 -148.79946899 0.65098039 0.74117647 0.85882353
v -3.00263667 0.02968138 -148.78506470 0.65098039 0.74117647 0.85882353
v -2.99977350 0.03745121 -148.78816223 0.65098039 0.74117647 0.85882353
v -3.00189590 0.03059512 -148.79829407 0.65098039 0.74117647 0.85882353
v -3.00602770 0.02378553 -148.79487610 0.65098039 0.74117647 0.85882353
v -2.98933506 0.03833622 -148.79142761 0.65098039 0.74117647 0.85882353
v -2.99390173 0.03156370 -148.80062866 0.65098039 0.74117647 0.85882353
v -2.98328710 0.02965051 -148.78933716 0.65098039 0.74117647 0.85882353
v -2.98705697 0.02496386 -148.78413391 0.65098039 0.74117647 0.85882353
v -2.99135256 0.02139640 -148.79489136 0.65098039 0.74117647 0.85882353
v -2.98734093 0.02599192 -148.80030823 0.65098039 0.74117647 0.85882353
v -2.99631286 0.02417296 -148.78199768 0.65098039 0.74117647 0.85882353
v -2.99974132 0.01991570 -148.79212952 0.65098039 0.74117647 0.85882353
v -3.01562357 0.03571850 -148.77850342 0.65098039 0.74117647 0.85882353
v -3.00561643 0.03610522 -148.78228760 0.65098039 0.74117647 0.85882353
v -3.00842500 0.02950186 -148.78965759 0.65098039 0.74117647 0.85882353
v -3.01564193 0.02896863 -148.78770447 0.65098039 0.74117647 0.85882353
v -3.00240946 0.02311301 -148.78889465 0.65098039 0.74117647 0.85882353
v -3.00016212 0.02747589 -148.78071594 0.65098039 0.74117647 0.85882353
v -3.00413537 0.02310449 -148.77636719 0.65098039 0.74117647 0.85882353
v -3.00678921 0.01976997 -148.78547668 0.65098039 0.74117647 0.85882353
v -3.01314044 0.02255088 -148.77386475 0.65098039 0.74117647 0.85882353
v -3.01387572 0.01849627 -148.78361511 0.65098039 0.74117647 0.85882353
v -3.01892877 0.02861267 -148.77610779 0.65098039 0.74117647 0.85882353
v -3.01884699 0.02298325 -148.78552246 0.65098039 0.74117647 0.85882353
v -3.03149104 0.02923888 -148.76130676 0.65098039 0.74117647 0.85882353
v -3.02962327 0.03636944 -148.76402283 0.65098039 0.74117647 0.85882353
v -3.02872658 0.03006238 -148.77267456 0.65098039 0.74117647 0.85882353
v -3.02999949 0.02354068 -148.76962280 0.65098039 0.74117647 0.85882353
v -3.02238846 0.03615516 -148.76844788 0.65098039 0.74117647 0.85882353
v -3.02317739 0.03087866 -148.77545166 0.65098039 0.74117647 0.85882353
v -3.01742077 0.02689201 -148.77589417 0.65098039 0.74117647 0.85882353
v -3.01828623 0.03085643 -148.76968384 0.65098039 0.74117647 0.85882353
v -3.01828122 0.02358234 -148.76428223 0.65098039 0.74117647 0.85882353
v -3.01765299 0.02015555 -148.77175903 0.65098039 0.74117647 0.85882353
v -3.02584386 0.02327710 -148.76000977 0.65098039 0.74117647 0.85882353
v -3.02492142 0.01930207 -148.76881409 0.65098039 0.74117647 0.85882353
v -3.04159951 0.03756922 -148.74673462 0.65098039 0.74117647 0.85882353
v -3.04072165 0.03345633 -148.75474548 0.65098039 0.74117647 0.85882353
v -3.04091525 0.02809626 -148.75186157 0.65098039 0.74117647 0.85882353
v -3.04092574 0.03198874 -148.74285889 0.65098039 0.74117647 0.85882353
v -3.03577185 0.03809732 -148.75239563 0.65098039 0.74117647 0.85882353
v -3.03562784 0.03390759 -148.75767517 0.65098039 0.74117647 0.85882353
v -3.03059006 0.02999264 -148.75761414 0.65098039 0.74117647 0.85882353
v -3.03188300 0.03338248 -148.75344849 0.65098039 0.74117647 0.85882353
v -3.02969170 0.02620453 -148.74858093 0.65098039 0.74117647 0.85882353
v -3.02930284 0.02401066 -148.75428772 0.65098039 0.74117647 0.85882353
v -3.03565073 0.02668267 -148.74380493 0.65098039 0.74117647 0.85882353
v -3.03614759 0.02325803 -148.75109863 0.65098039 0.74117647 0.85882353
v -2.98277092 0.04628795 -148.77763367 0.65098039 0.74117647 0.85882353
v -2.96698403 0.05417287 -148.77815247 0.65098039 0.74117647 0.85882353
v -2.96847963 0.02538007 -148.80274963 0.65098039 0.74117647 0.85882353
v -2.95804095 0.04508239 -148.77198792 0.65098039 0.74117647 0.85882353
v -2.97481298 0.02376217 -148.80250549 0.65098039 0.74117647 0.85882353
v -2.97822881 0.03033406 -148.77125549 0.65098039 0.74117647 0.85882353
v -2.96309972 0.03550029 -148.76820374 0.65098039 0.74117647 0.85882353
v -2.98202062 0.03418082 -148.78195190 0.65098039 0.74117647 0.85882353
v -3.00148129 0.02634746 -148.80352783 0.65098039 0.74117647 0.85882353
v -2.99714780 0.02730590 -148.76661682 0.65098039 0.74117647 0.85882353
v -2.99953365 0.03092843 -148.77624512 0.65098039 0.74117647 0.85882353
v -2.99654937 0.02713168 -148.80488586 0.65098039 0.74117647 0.85882353
v -3.00024295 0.04325360 -148.77343750 0.65098039 0.74117647 0.85882353
v -3.01589894 0.04092544 -148.76222229 0.65098039 0.74117647 0.85882353
v -3.00908518 0.01842755 -148.79066467 0.65098039 0.74117647 0.85882353
v -3.01260233 0.01760679 -148.78965759 0.65098039 0.74117647 0.85882353
v -3.01410699 0.02575940 -148.75761414 0.65098039 0.74117647 0.85882353
v -3.01871419 0.03230661 -148.76792908 0.65098039 0.74117647 0.85882353
v -3.02712750 0.02618909 -148.77783203 0.65098039 0.74117647 0.85882353
v -3.02710700 0.02627856 -148.74537659 0.65098039 0.74117647 0.85882353
v -3.03229380 0.03320974 -148.75306702 0.65098039 0.74117647 0.85882353
v -3.02380109 0.02619690 -148.77897644 0.65098039 0.74117647 0.85882353
v -3.03079224 0.04191798 -148.74946594 0.65098039 0.74117647 0.85882353
v -3.03825712 0.02925950 -148.75805664 0.65098039 0.74117647 0.85882353
v -3.03552747 0.02794367 -148.73326111 0.65098039 0.74117647 0.85882353
v -3.04173112 0.03525096 -148.73088074 0.65098039 0.74117647 0.85882353
v -3.03572536 0.02998072 -148.76042175 0.65098039 0.74117647 0.85882353
v -3.04098511 0.04263955 -148.73713684 0.65098039 0.74117647 0.85882353
v -2.97253370 0.16394496 -148.67182922 0.65098039 0.74117647 0.85882353
v -2.97559810 0.19021994 -148.66870117 0.65098039 0.74117647 0.85882353
v -2.98655653 0.18711209 -148.67459106 0.65098039 0.74117647 0.85882353
v -2.98364568 0.16108763 -148.67645264 0.65098039 0.74117647 0.85882353
v -2.99558067 0.16125333 -148.67337036 0.65098039 0.74117647 0.85882353
v -2.96891189 0.13957363 -148.67779541 0.65098039 0.74117647 0.85882353
v -2.98178458 0.13729411 -148.68110657 0.65098039 0.74117647 0.85882353
v -2.99328685 0.13670462 -148.67527771 0.65098039 0.74117647 0.85882353
v -3.01280856 0.11949748 -148.63473511 0.65098039 0.74117647 0.85882353
v -3.01077175 0.12285691 -148.61715698 0.65098039 0.74117647 0.85882353
v -2.99894071 0.12581855 -148.60768127 0.65098039 0.74117647 0.85882353
v -2.98954463 0.12854069 -148.59736633 0.65098039 0.74117647 0.85882353
v -2.97970772 0.13134617 -148.58837891 0.65098039 0.74117647 0.85882353
v -2.95531821 0.12025732 -148.66900635 0.65098039 0.74117647 0.85882353
v -2.96694946 0.11953396 -148.68519592 0.65098039 0.74117647 0.85882353
v -2.98176098 0.11824089 -148.68991089 0.65098039 0.74117647 0.85882353
v -2.99498892 0.11689764 -148.68168640 0.65098039 0.74117647 0.85882353
v -2.96266699 0.06372947 -148.76403809 0.65098039 0.74117647 0.85882353
v -2.98082948 0.06199443 -148.76327515 0.65098039 0.74117647 0.85882353
v -2.97686791 0.07500273 -148.74682617 0.65098039 0.74117647 0.85882353
v -2.96055698 0.06837958 -148.74366760 0.65098039 0.74117647 0.85882353
v -2.99668050 0.05682713 -148.75738525 0.65098039 0.74117647 0.85882353
v -2.99408126 0.07218218 -148.74090576 0.65098039 0.74117647 0.85882353
v -3.01179409 0.05349177 -148.74707031 0.65098039 0.74117647 0.85882353
v -3.00805998 0.06724375 -148.73048401 0.65098039 0.74117647 0.85882353
v -3.02603412 0.05160481 -148.73498535 0.65098039 0.74117647 0.85882353
v -3.02056050 0.06264752 -148.71876526 0.65098039 0.74117647 0.85882353
v -3.03816462 0.04893845 -148.72377014 0.65098039 0.74117647 0.85882353
v -3.03193498 0.05659020 -148.70677185 0.65098039 0.74117647 0.85882353
v -3.04213524 0.03986591 -148.71649170 0.65098039 0.74117647 0.85882353
v -3.03773499 0.04653001 -148.69854736 0.65098039 0.74117647 0.85882353
v -2.95359492 0.05045325 -148.75672913 0.65098039 0.74117647 0.85882353
v -2.95393276 0.05543953 -148.73623657 0.65098039 0.74117647 0.85882353
v -2.96039176 0.03848463 -148.75054932 0.65098039 0.74117647 0.85882353
v -2.96062136 0.04211682 -148.73054504 0.65098039 0.74117647 0.85882353
v -2.97588062 0.03535497 -148.74771118 0.65098039 0.74117647 0.85882353
v -2.97493887 0.03941327 -148.72686768 0.65098039 0.74117647 0.85882353
v -3.03128886 0.03515297 -148.69898987 0.65098039 0.74117647 0.85882353
v -3.03451800 0.02981895 -148.71786499 0.65098039 0.74117647 0.85882353
v -2.99332690 0.03304887 -148.74127197 0.65098039 0.74117647 0.85882353
v -2.99163485 0.03797323 -148.72039795 0.65098039 0.74117647 0.85882353
v -3.00923395 0.03042865 -148.73295593 0.65098039 0.74117647 0.85882353
v -3.00679350 0.03525978 -148.71215820 0.65098039 0.74117647 0.85882353
v -3.02281284 0.02907413 -148.72462463 0.65098039 0.74117647 0.85882353
v -3.01996708 0.03363770 -148.70446777 0.65098039 0.74117647 0.85882353
v -2.97080946 0.08641356 -148.72491455 0.65098039 0.74117647 0.85882353
v -2.98989630 0.08876097 -148.72283936 0.65098039 0.74117647 0.85882353
v -3.00270796 0.08336455 -148.71192932 0.65098039 0.74117647 0.85882353
v -3.01455593 0.07644254 -148.69927979 0.65098039 0.74117647 0.85882353
v -3.02471662 0.06623834 -148.68623352 0.65098039 0.74117647 0.85882353
v -3.03137779 0.05459392 -148.67778015 0.65098039 0.74117647 0.85882353
v -3.01269364 0.09294534 -148.67475891 0.65098039 0.74117647 0.85882353
v -3.01778960 0.07319266 -148.66232300 0.65098039 0.74117647 0.85882353
v -3.02188396 0.05981463 -148.65629578 0.65098039 0.74117647 0.85882353
v -3.01443172 0.06513172 -148.63481140 0.65098039 0.74117647 0.85882353
v -3.01366758 0.07906222 -148.63865662 0.65098039 0.74117647 0.85882353
v -3.00228190 0.08615804 -148.59976196 0.65098039 0.74117647 0.85882353
v -3.00806952 0.08361965 -148.61717224 0.65098039 0.74117647 0.85882353
v -3.00957727 0.06973094 -148.61309814 0.65098039 0.74117647 0.85882353
v -3.00347638 0.07124460 -148.59469604 0.65098039 0.74117647 0.85882353
v -3.01196980 0.09672862 -148.64776611 0.65098039 0.74117647 0.85882353
v -3.00850630 0.10120016 -148.62580872 0.65098039 0.74117647 0.85882353
v -3.00248480 0.10502082 -148.60977173 0.65098039 0.74117647 0.85882353
v -2.98581576 0.07600605 -148.57510376 0.65098039 0.74117647 0.85882353
v -2.98797059 0.09188187 -148.57772827 0.65098039 0.74117647 0.85882353
v -2.99623275 0.08855981 -148.58770752 0.65098039 0.74117647 0.85882353
v -2.99632883 0.07318729 -148.58294678 0.65098039 0.74117647 0.85882353
v -2.96883345 0.07715160 -148.57240295 0.65098039 0.74117647 0.85882353
v -2.97159576 0.09389955 -148.57255554 0.65098039 0.74117647 0.85882353
v -2.95591688 0.09197778 -148.58456421 0.65098039 0.74117647 0.85882353
v -2.95308638 0.07651764 -148.58296204 0.65098039 0.74117647 0.85882353
v -2.98833132 0.11073333 -148.58819580 0.65098039 0.74117647 0.85882353
v -2.99556756 0.10767215 -148.59844971 0.65098039 0.74117647 0.85882353
v -2.97572589 0.11306524 -148.58140564 0.65098039 0.74117647 0.85882353
v -2.96224141 0.11193854 -148.59136963 0.65098039 0.74117647 0.85882353
v -2.95062852 0.08935970 -148.60342407 0.65098039 0.74117647 0.85882353
v -2.95702791 0.10907501 -148.60775757 0.65098039 0.74117647 0.85882353
v -2.94638419 0.07437468 -148.60078430 0.65098039 0.74117647 0.85882353
v -2.95855737 0.07318246 -148.71942139 0.65098039 0.74117647 0.85882353
v -2.95667982 0.06139070 -148.71289062 0.65098039 0.74117647 0.85882353
v -2.99944115 0.10108763 -148.69523621 0.65098039 0.74117647 0.85882353
v -2.98487926 0.10415703 -148.70477295 0.65098039 0.74117647 0.85882353
v -2.96492529 0.10072809 -148.69877625 0.65098039 0.74117647 0.85882353
v -2.95420551 0.08035129 -148.69415283 0.65098039 0.74117647 0.85882353
v -2.95616031 0.06594044 -148.68734741 0.65098039 0.74117647 0.85882353
v -2.94997907 0.08261555 -148.66954041 0.65098039 0.74117647 0.85882353
v -2.95389152 0.06910568 -148.66442871 0.65098039 0.74117647 0.85882353
v -2.96269846 0.05096453 -148.70765686 0.65098039 0.74117647 0.85882353
v -2.96341276 0.05842620 -148.68283081 0.65098039 0.74117647 0.85882353
v -2.96011257 0.06183499 -148.66027832 0.65098039 0.74117647 0.85882353
v -2.94771671 0.08448255 -148.64846802 0.65098039 0.74117647 0.85882353
v -2.94974327 0.07120317 -148.64456177 0.65098039 0.74117647 0.85882353
v -2.94918585 0.08677626 -148.63165283 0.65098039 0.74117647 0.85882353
v -2.94760847 0.07261354 -148.62864685 0.65098039 0.74117647 0.85882353
v -2.94636059 0.07341629 -148.61532593 0.65098039 0.74117647 0.85882353
v -2.95046401 0.08805376 -148.61824036 0.65098039 0.74117647 0.85882353
v -2.95268822 0.10538810 -148.63333130 0.65098039 0.74117647 0.85882353
v -2.95484328 0.10734397 -148.62103271 0.65098039 0.74117647 0.85882353
v -2.95105267 0.10276610 -148.65063477 0.65098039 0.74117647 0.85882353
v -2.95273423 0.10137004 -148.67225647 0.65098039 0.74117647 0.85882353
v -3.02631402 0.04255265 -148.67721558 0.65098039 0.74117647 0.85882353
v -3.01921892 0.04942095 -148.65545654 0.65098039 0.74117647 0.85882353
v -3.01079059 0.05563706 -148.63453674 0.65098039 0.74117647 0.85882353
v -3.00421357 0.05838603 -148.61303711 0.65098039 0.74117647 0.85882353
v -2.99658012 0.06000739 -148.59632874 0.65098039 0.74117647 0.85882353
v -2.98967171 0.06195265 -148.58622742 0.65098039 0.74117647 0.85882353
v -2.98057580 0.06487352 -148.57948303 0.65098039 0.74117647 0.85882353
v -2.96717834 0.06718165 -148.57893372 0.65098039 0.74117647 0.85882353
v -2.95559311 0.06697243 -148.58596802 0.65098039 0.74117647 0.85882353
v -2.95060825 0.06416810 -148.59983826 0.65098039 0.74117647 0.85882353
v -2.95003700 0.06200415 -148.61242676 0.65098039 0.74117647 0.85882353
v -2.95508385 0.06204373 -148.64064026 0.65098039 0.74117647 0.85882353
v -2.95139551 0.06144470 -148.62522888 0.65098039 0.74117647 0.85882353
v -2.95011902 0.12249863 -148.65074158 0.65098039 0.74117647 0.85882353
v -2.95263004 0.12495202 -148.63381958 0.65098039 0.74117647 0.85882353
v -2.95670033 0.12661982 -148.62257385 0.65098039 0.74117647 0.85882353
v -2.96711731 0.13056099 -148.59654236 0.65098039 0.74117647 0.85882353
v -2.96160388 0.12809449 -148.61151123 0.65098039 0.74117647 0.85882353
v -2.97452664 0.04584819 -148.70251465 0.65098039 0.74117647 0.85882353
v -2.98992801 0.04398507 -148.69596863 0.65098039 0.74117647 0.85882353
v -3.00411463 0.04152840 -148.68827820 0.65098039 0.74117647 0.85882353
v -3.01622152 0.04002392 -148.68156433 0.65098039 0.74117647 0.85882353
v -3.01068735 0.04637223 -148.65872192 0.65098039 0.74117647 0.85882353
v -2.99952745 0.04749364 -148.66406250 0.65098039 0.74117647 0.85882353
v -2.98586226 0.04920185 -148.67082214 0.65098039 0.74117647 0.85882353
v -2.97304678 0.05316347 -148.67788696 0.65098039 0.74117647 0.85882353
v -3.00274801 0.05138463 -148.63764954 0.65098039 0.74117647 0.85882353
v -2.99272752 0.05145198 -148.64251709 0.65098039 0.74117647 0.85882353
v -2.97982788 0.05292791 -148.64797974 0.65098039 0.74117647 0.85882353
v -2.96869540 0.05612963 -148.65501404 0.65098039 0.74117647 0.85882353
v -2.96267533 0.05625117 -148.63523865 0.65098039 0.74117647 0.85882353
v -2.97266936 0.05462182 -148.62828064 0.65098039 0.74117647 0.85882353
v -2.98453331 0.05388814 -148.62332153 0.65098039 0.74117647 0.85882353
v -2.99419451 0.05454457 -148.61775208 0.65098039 0.74117647 0.85882353
v -2.98727107 0.05697393 -148.60235596 0.65098039 0.74117647 0.85882353
v -2.97824478 0.05661094 -148.60853577 0.65098039 0.74117647 0.85882353
v -2.96754646 0.05678707 -148.61366272 0.65098039 0.74117647 0.85882353
v -2.95900989 0.05744356 -148.61976624 0.65098039 0.74117647 0.85882353
v -2.98213077 0.05896378 -148.59349060 0.65098039 0.74117647 0.85882353
v -2.96765828 0.06264079 -148.58583069 0.65098039 0.74117647 0.85882353
v -2.97607613 0.06090170 -148.58767700 0.65098039 0.74117647 0.85882353
v -2.95981121 0.06223583 -148.58978271 0.65098039 0.74117647 0.85882353
v -2.95741296 0.06051117 -148.59939575 0.65098039 0.74117647 0.85882353
v -2.95754480 0.05872959 -148.60923767 0.65098039 0.74117647 0.85882353
v -2.96413660 0.05998975 -148.59796143 0.65098039 0.74117647 0.85882353
v -2.96544075 0.05849916 -148.60493469 0.65098039 0.74117647 0.85882353
v -2.97473073 0.05850238 -148.59992981 0.65098039 0.74117647 0.85882353
v -2.97141194 0.06014758 -148.59405518 0.65098039 0.74117647 0.85882353
v -2.96395254 0.06128842 -148.59265137 0.65098039 0.74117647 0.85882353
v -2.96768832 0.06133866 -148.59074402 0.65098039 0.74117647 0.85882353
v -3.00490022 0.11480218 -148.66085815 0.65098039 0.74117647 0.85882353
v -3.05456901 1.42199957 -148.46572876 0.65098039 0.74117647 0.85882353
v -3.05508327 1.34131694 -148.46803284 0.65098039 0.74117647 0.85882353
v -2.99695086 0.46387514 -148.72714233 0.65098039 0.74117647 0.85882353
v -3.01062226 0.45954803 -148.73358154 0.65098039 0.74117647 0.85882353
v -3.02553272 0.45994931 -148.73634338 0.65098039 0.74117647 0.85882353
v -3.05257726 0.87760282 -148.76576233 0.65098039 0.74117647 0.85882353
v -3.00979710 1.10554385 -148.74328613 0.65098039 0.74117647 0.85882353
v -3.02165651 1.14635289 -148.73722839 0.65098039 0.74117647 0.85882353
v -3.01540828 1.12498343 -148.74017334 0.65098039 0.74117647 0.85882353
v -3.05498528 0.85329235 -148.76809692 0.65098039 0.74117647 0.85882353
v -3.08327150 1.16146111 -148.70544434 0.65098039 0.74117647 0.85882353
v -2.98597193 0.86399662 -148.51368713 0.65098039 0.74117647 0.85882353
v -3.05205870 1.30711985 -148.47438049 0.65098039 0.74117647 0.85882353
v -3.05854559 1.34085178 -148.69866943 0.65098039 0.74117647 0.85882353
v -3.00004029 0.94551384 -148.50028992 0.65098039 0.74117647 0.85882353
v -3.09193707 1.59250367 -148.54769897 0.65098039 0.74117647 0.85882353
v -3.09001374 1.59127307 -148.54556274 0.65098039 0.74117647 0.85882353
v -3.08999538 1.58777738 -148.54472351 0.65098039 0.74117647 0.85882353
v -3.08985090 1.58694744 -148.54026794 0.65098039 0.74117647 0.85882353
v -3.09007549 1.58568239 -148.53686523 0.65098039 0.74117647 0.85882353
v -3.09084225 1.58532941 -148.53536987 0.65098039 0.74117647 0.85882353
v -3.09190345 1.58860517 -148.54266357 0.65098039 0.74117647 0.85882353
v -3.09081173 1.59164500 -148.53965759 0.65098039 0.74117647 0.85882353
v -3.09139633 1.59082222 -148.54333496 0.65098039 0.74117647 0.85882353
v -3.09204340 1.59014177 -148.54435730 0.65098039 0.74117647 0.85882353
v -2.97978806 1.35976291 -148.63833618 0.65098039 0.74117647 0.85882353
v -2.97381425 1.34959435 -148.65144348 0.65098039 0.74117647 0.85882353
v -2.96950173 1.34106863 -148.66555786 0.65098039 0.74117647 0.85882353
v -2.96533680 1.32494736 -148.67736816 0.65098039 0.74117647 0.85882353
v -3.00142360 1.52402329 -148.62998962 0.65098039 0.74117647 0.85882353
v -2.91900921 1.06282306 -148.74485779 0.65098039 0.74117647 0.85882353
v -2.92184877 1.07527661 -148.74075317 0.65098039 0.74117647 0.85882353
v -3.00093961 1.09352517 -148.54054260 0.65098039 0.74117647 0.85882353
v -2.91557932 1.02454257 -148.75218201 0.65098039 0.74117647 0.85882353
v -2.92397666 1.09077752 -148.74044800 0.65098039 0.74117647 0.85882353
v -3.03237033 1.20637488 -148.50114441 0.65098039 0.74117647 0.85882353
v -2.96274781 1.30851781 -148.68840027 0.65098039 0.74117647 0.85882353
v -2.91454244 1.00512207 -148.75294495 0.65098039 0.74117647 0.85882353
v -3.04585171 1.25223994 -148.48056030 0.65098039 0.74117647 0.85882353
v -2.92768931 1.11232436 -148.73950195 0.65098039 0.74117647 0.85882353
v -2.91348314 0.91354001 -148.74191284 0.65098039 0.74117647 0.85882353
v -2.94140172 1.17616522 -148.72648621 0.65098039 0.74117647 0.85882353
v -2.95439410 1.63661218 -148.59623718 0.65098039 0.74117647 0.85882353
v -2.94577384 1.62749958 -148.58418274 0.65098039 0.74117647 0.85882353
v -2.95057750 1.61845493 -148.59486389 0.65098039 0.74117647 0.85882353
v -2.95879769 1.62378502 -148.60583496 0.65098039 0.74117647 0.85882353
v -2.95317554 1.61026597 -148.60276794 0.65098039 0.74117647 0.85882353
v -2.96115136 1.61257017 -148.61148071 0.65098039 0.74117647 0.85882353
v -2.94237137 1.61625910 -148.57409668 0.65098039 0.74117647 0.85882353
v -2.94611835 1.61097121 -148.58485413 0.65098039 0.74117647 0.85882353
v -2.94453812 1.57494807 -148.57722473 0.65098039 0.74117647 0.85882353
v -2.94582534 1.58432984 -148.57745361 0.65098039 0.74117647 0.85882353
v -2.94265938 1.58144689 -148.56820679 0.65098039 0.74117647 0.85882353
v -2.94285560 1.56927514 -148.56732178 0.65098039 0.74117647 0.85882353
v -2.94824648 1.54838872 -148.57670593 0.65098039 0.74117647 0.85882353
v -2.95011830 1.53964889 -148.56562805 0.65098039 0.74117647 0.85882353
v -2.95369101 1.53227973 -148.57737732 0.65098039 0.74117647 0.85882353
v -2.95299029 1.54160666 -148.58642578 0.65098039 0.74117647 0.85882353
v -2.97728205 1.55928135 -148.61425781 0.65098039 0.74117647 0.85882353
v -2.97406006 1.56481957 -148.61181641 0.65098039 0.74117647 0.85882353
v -2.96909952 1.55880928 -148.61022949 0.65098039 0.74117647 0.85882353
v -2.97326088 1.55251670 -148.61257935 0.65098039 0.74117647 0.85882353
v -2.98391724 1.57039642 -148.62103271 0.65098039 0.74117647 0.85882353
v -2.98647213 1.57422519 -148.62780762 0.65098039 0.74117647 0.85882353
v -2.98644781 1.57955194 -148.62290955 0.65098039 0.74117647 0.85882353
v -2.98307991 1.57503748 -148.61724854 0.65098039 0.74117647 0.85882353
v -2.98266697 1.55440617 -148.61618042 0.65098039 0.74117647 0.85882353
v -2.97884369 1.54742908 -148.61386108 0.65098039 0.74117647 0.85882353
v -2.98243761 1.56118739 -148.61952209 0.65098039 0.74117647 0.85882353
v -2.98085260 1.56529307 -148.61636353 0.65098039 0.74117647 0.85882353
v -2.98415875 1.55607343 -148.63076782 0.65098039 0.74117647 0.85882353
v -2.98596287 1.55687571 -148.63578796 0.65098039 0.74117647 0.85882353
v -2.98462415 1.56246483 -148.63569641 0.65098039 0.74117647 0.85882353
v -2.98294091 1.56083298 -148.62886047 0.65098039 0.74117647 0.85882353
v -2.98289227 1.55448389 -148.62100220 0.65098039 0.74117647 0.85882353
v -2.98623753 1.55169535 -148.62390137 0.65098039 0.74117647 0.85882353
v -2.98422432 1.55430532 -148.62640381 0.65098039 0.74117647 0.85882353
v -2.98212171 1.55781531 -148.62373352 0.65098039 0.74117647 0.85882353
v -2.98413634 1.56551898 -148.62507629 0.65098039 0.74117647 0.85882353
v -2.98579526 1.56855154 -148.63221741 0.65098039 0.74117647 0.85882353
v -2.98821998 1.57041168 -148.63919067 0.65098039 0.74117647 0.85882353
v -2.98742008 1.56278324 -148.64283752 0.65098039 0.74117647 0.85882353
v -2.96598554 1.53872538 -148.60546875 0.65098039 0.74117647 0.85882353
v -2.97114849 1.53572464 -148.60870361 0.65098039 0.74117647 0.85882353
v -2.97455239 1.54149246 -148.61169434 0.65098039 0.74117647 0.85882353
v -2.96920657 1.54568136 -148.60968018 0.65098039 0.74117647 0.85882353
v -2.98646450 1.54871035 -148.62046814 0.65098039 0.74117647 0.85882353
v -2.98511171 1.53335977 -148.62190247 0.65098039 0.74117647 0.85882353
v -2.98957181 1.53496039 -148.62652588 0.65098039 0.74117647 0.85882353
v -2.98923063 1.53888178 -148.62615967 0.65098039 0.74117647 0.85882353
v -2.98424721 1.53724170 -148.62129211 0.65098039 0.74117647 0.85882353
v -2.96401930 1.52375507 -148.59619141 0.65098039 0.74117647 0.85882353
v -2.96544623 1.51554227 -148.59262085 0.65098039 0.74117647 0.85882353
v -2.97040725 1.51677608 -148.60032654 0.65098039 0.74117647 0.85882353
v -2.96897721 1.52327156 -148.60223389 0.65098039 0.74117647 0.85882353
v -2.97356200 1.51075792 -148.60002136 0.65098039 0.74117647 0.85882353
v -2.96913314 1.50735962 -148.59127808 0.65098039 0.74117647 0.85882353
v -2.97942376 1.49344635 -148.59652710 0.65098039 0.74117647 0.85882353
v -2.98218703 1.50090158 -148.60638428 0.65098039 0.74117647 0.85882353
v -2.97775006 1.50569391 -148.60212708 0.65098039 0.74117647 0.85882353
v -2.97394204 1.50029659 -148.59265137 0.65098039 0.74117647 0.85882353
v -2.99082112 1.50738120 -148.61657715 0.65098039 0.74117647 0.85882353
v -2.98716068 1.49685013 -148.61233521 0.65098039 0.74117647 0.85882353
v -2.99276543 1.49404228 -148.61814880 0.65098039 0.74117647 0.85882353
v -2.99569440 1.50651407 -148.62026978 0.65098039 0.74117647 0.85882353
v -2.98731494 1.52743363 -148.61837769 0.65098039 0.74117647 0.85882353
v -2.98618293 1.53004515 -148.62071228 0.65098039 0.74117647 0.85882353
v -2.98313832 1.52880037 -148.61666870 0.65098039 0.74117647 0.85882353
v -2.98413444 1.52680302 -148.61518860 0.65098039 0.74117647 0.85882353
v -2.98071623 1.52613807 -148.61166382 0.65098039 0.74117647 0.85882353
v -2.98055005 1.52689886 -148.61254883 0.65098039 0.74117647 0.85882353
v -2.97899580 1.52753282 -148.61204529 0.65098039 0.74117647 0.85882353
v -2.97919345 1.52588129 -148.61065674 0.65098039 0.74117647 0.85882353
v -2.98217154 1.52641702 -148.61312866 0.65098039 0.74117647 0.85882353
v -2.98168135 1.52528501 -148.61225891 0.65098039 0.74117647 0.85882353
v -2.98355722 1.52466106 -148.61416626 0.65098039 0.74117647 0.85882353
v -2.98623300 1.52422988 -148.61766052 0.65098039 0.74117647 0.85882353
v -2.99683404 1.52372503 -148.62802124 0.65098039 0.74117647 0.85882353
v -2.99760532 1.52820849 -148.62677002 0.65098039 0.74117647 0.85882353
v -2.99495173 1.52796388 -148.62504578 0.65098039 0.74117647 0.85882353
v -2.99355817 1.52373362 -148.62580872 0.65098039 0.74117647 0.85882353
v -2.97986603 1.52913904 -148.61405945 0.65098039 0.74117647 0.85882353
v -2.98175049 1.53116059 -148.61726379 0.65098039 0.74117647 0.85882353
v -2.98017693 1.53421569 -148.61677551 0.65098039 0.74117647 0.85882353
v -2.97773123 1.53105032 -148.61335754 0.65098039 0.74117647 0.85882353
v -2.97486806 1.53333569 -148.61154175 0.65098039 0.74117647 0.85882353
v -2.97350264 1.52886295 -148.60844421 0.65098039 0.74117647 0.85882353
v -2.97674131 1.52816200 -148.61073303 0.65098039 0.74117647 0.85882353
v -2.98047686 1.52412295 -148.61058044 0.65098039 0.74117647 0.85882353
v -2.97691417 1.52522969 -148.60877991 0.65098039 0.74117647 0.85882353
v -2.97829890 1.52226067 -148.60813904 0.65098039 0.74117647 0.85882353
v -2.98048043 1.51963472 -148.60957336 0.65098039 0.74117647 0.85882353
v -2.98237133 1.52258205 -148.61242676 0.65098039 0.74117647 0.85882353
v -2.98499870 1.52127194 -148.61592102 0.65098039 0.74117647 0.85882353
v -2.98341990 1.51731181 -148.61268616 0.65098039 0.74117647 0.85882353
v -2.98738503 1.51547778 -148.61691284 0.65098039 0.74117647 0.85882353
v -2.98860121 1.52006578 -148.62054443 0.65098039 0.74117647 0.85882353
v -2.97805977 1.53770554 -148.61494446 0.65098039 0.74117647 0.85882353
v -2.97349048 1.52426600 -148.60609436 0.65098039 0.74117647 0.85882353
v -2.96947980 1.52976561 -148.60522461 0.65098039 0.74117647 0.85882353
v -2.97482252 1.51953340 -148.60490417 0.65098039 0.74117647 0.85882353
v -2.97759247 1.51548898 -148.60578918 0.65098039 0.74117647 0.85882353
v -2.98557305 1.50918174 -148.61245728 0.65098039 0.74117647 0.85882353
v -2.98105121 1.51189280 -148.60845947 0.65098039 0.74117647 0.85882353
v -2.98582554 1.48783159 -148.60226440 0.65098039 0.74117647 0.85882353
v -2.99332190 1.48417974 -148.60763550 0.65098039 0.74117647 0.85882353
v -2.95672560 1.60358977 -148.60514832 0.65098039 0.74117647 0.85882353
v -2.96421242 1.60524702 -148.61036682 0.65098039 0.74117647 0.85882353
v -2.95768261 1.59598589 -148.60173035 0.65098039 0.74117647 0.85882353
v -2.96067691 1.59704292 -148.60479736 0.65098039 0.74117647 0.85882353
v -2.95964646 1.59968567 -148.60494995 0.65098039 0.74117647 0.85882353
v -2.95607543 1.59824491 -148.60066223 0.65098039 0.74117647 0.85882353
v -2.94976211 1.58710957 -148.58410645 0.65098039 0.74117647 0.85882353
v -2.94863367 1.58025551 -148.58369446 0.65098039 0.74117647 0.85882353
v -2.95296931 1.58527398 -148.58859253 0.65098039 0.74117647 0.85882353
v -2.95290756 1.58942938 -148.58975220 0.65098039 0.74117647 0.85882353
v -2.95885754 1.57812929 -148.59771729 0.65098039 0.74117647 0.85882353
v -2.96019411 1.58525991 -148.59973145 0.65098039 0.74117647 0.85882353
v -2.95777845 1.58585858 -148.59678650 0.65098039 0.74117647 0.85882353
v -2.95550489 1.57911181 -148.59375000 0.65098039 0.74117647 0.85882353
v -2.96337461 1.58510065 -148.60256958 0.65098039 0.74117647 0.85882353
v -2.96296215 1.57862234 -148.60125732 0.65098039 0.74117647 0.85882353
v -2.96712613 1.58012271 -148.60409546 0.65098039 0.74117647 0.85882353
v -2.96707964 1.58568192 -148.60456848 0.65098039 0.74117647 0.85882353
v -2.96592045 1.60114908 -148.60789490 0.65098039 0.74117647 0.85882353
v -2.96566391 1.59801197 -148.60737610 0.65098039 0.74117647 0.85882353
v -2.97180700 1.59797144 -148.60806274 0.65098039 0.74117647 0.85882353
v -2.97300100 1.60136127 -148.60928345 0.65098039 0.74117647 0.85882353
v -2.98254800 1.59171963 -148.60652161 0.65098039 0.74117647 0.85882353
v -2.98502278 1.59175897 -148.60874939 0.65098039 0.74117647 0.85882353
v -2.98411250 1.59589481 -148.60916138 0.65098039 0.74117647 0.85882353
v -2.98148727 1.59415245 -148.60699463 0.65098039 0.74117647 0.85882353
v -2.98135114 1.58985233 -148.60665894 0.65098039 0.74117647 0.85882353
v -2.98298669 1.58843911 -148.60830688 0.65098039 0.74117647 0.85882353
v -2.96043730 1.65916955 -148.59472656 0.65098039 0.74117647 0.85882353
v -2.94834614 1.64955211 -148.58296204 0.65098039 0.74117647 0.85882353
v -2.96408820 1.64276028 -148.60772705 0.65098039 0.74117647 0.85882353
v -2.94055486 1.63632727 -148.57098389 0.65098039 0.74117647 0.85882353
v -2.93830943 1.62189651 -148.56123352 0.65098039 0.74117647 0.85882353
v -2.95519686 1.52273464 -148.56999207 0.65098039 0.74117647 0.85882353
v -2.96016192 1.51747203 -148.58227539 0.65098039 0.74117647 0.85882353
v -2.95876360 1.52683330 -148.58766174 0.65098039 0.74117647 0.85882353
v -2.95899868 1.51228213 -148.56501770 0.65098039 0.74117647 0.85882353
v -2.96381974 1.50745797 -148.57951355 0.65098039 0.74117647 0.85882353
v -2.97799683 1.48920155 -148.58071899 0.65098039 0.74117647 0.85882353
v -2.96946907 1.49749136 -148.57868958 0.65098039 0.74117647 0.85882353
v -2.95588946 1.52064610 -148.54823303 0.65098039 0.74117647 0.85882353
v -2.96116757 1.51202822 -148.54255676 0.65098039 0.74117647 0.85882353
v -2.96543050 1.50151443 -148.56079102 0.65098039 0.74117647 0.85882353
v -2.95914125 1.52553153 -148.52838135 0.65098039 0.74117647 0.85882353
v -2.96426129 1.52197671 -148.52127075 0.65098039 0.74117647 0.85882353
v -2.96938610 1.50271225 -148.53440857 0.65098039 0.74117647 0.85882353
v -2.98355103 1.47002411 -148.54891968 0.65098039 0.74117647 0.85882353
v -2.97594357 1.47292364 -148.53450012 0.65098039 0.74117647 0.85882353
v -2.97714305 1.46085262 -148.53289795 0.65098039 0.74117647 0.85882353
v -2.98245764 1.45928764 -148.54853821 0.65098039 0.74117647 0.85882353
v -2.95217395 1.53022170 -148.55496216 0.65098039 0.74117647 0.85882353
v -2.94153762 1.59210443 -148.55924988 0.65098039 0.74117647 0.85882353
v -2.94134712 1.57799315 -148.55604553 0.65098039 0.74117647 0.85882353
v -2.94399071 1.59289122 -148.57102966 0.65098039 0.74117647 0.85882353
v -2.93774033 1.65361142 -148.53488159 0.65098039 0.74117647 0.85882353
v -2.93434167 1.63435507 -148.53106689 0.65098039 0.74117647 0.85882353
v -2.93540192 1.62846971 -148.54687500 0.65098039 0.74117647 0.85882353
v -2.93839931 1.64568043 -148.55433655 0.65098039 0.74117647 0.85882353
v -2.96099353 1.68855929 -148.54916382 0.65098039 0.74117647 0.85882353
v -2.94659758 1.67238688 -148.54125977 0.65098039 0.74117647 0.85882353
v -2.94552827 1.66242743 -148.56488037 0.65098039 0.74117647 0.85882353
v -2.95853758 1.67629206 -148.57571411 0.65098039 0.74117647 0.85882353
v -2.93579745 1.63714004 -148.51396179 0.65098039 0.74117647 0.85882353
v -2.94086099 1.65579033 -148.51315308 0.65098039 0.74117647 0.85882353
v -2.94399905 1.65112042 -148.49182129 0.65098039 0.74117647 0.85882353
v -2.93862915 1.63529336 -148.49809265 0.65098039 0.74117647 0.85882353
v -2.95076418 1.67511225 -148.51391602 0.65098039 0.74117647 0.85882353
v -2.95543694 1.67059755 -148.48782349 0.65098039 0.74117647 0.85882353
v -2.96647620 1.52570081 -148.51046753 0.65098039 0.74117647 0.85882353
v -2.97014332 1.50650144 -148.51547241 0.65098039 0.74117647 0.85882353
v -2.97300291 1.49010193 -148.51829529 0.65098039 0.74117647 0.85882353
v -2.97469640 1.48689699 -148.53517151 0.65098039 0.74117647 0.85882353
v -2.97225380 1.68515015 -148.48655701 0.65098039 0.74117647 0.85882353
v -2.96623945 1.69151497 -148.51715088 0.65098039 0.74117647 0.85882353
v -2.96255636 1.61014771 -148.45994568 0.65098039 0.74117647 0.85882353
v -2.95456862 1.60105348 -148.47126770 0.65098039 0.74117647 0.85882353
v -2.94772172 1.61558127 -148.47807312 0.65098039 0.74117647 0.85882353
v -2.95627117 1.62800407 -148.46525574 0.65098039 0.74117647 0.85882353
v -2.97456598 1.61980295 -148.44834900 0.65098039 0.74117647 0.85882353
v -2.96862650 1.64062750 -148.45368958 0.65098039 0.74117647 0.85882353
v -2.98172259 1.55651402 -148.46812439 0.65098039 0.74117647 0.85882353
v -2.99256849 1.56028557 -148.45874023 0.65098039 0.74117647 0.85882353
v -2.99862480 1.54195428 -148.46942139 0.65098039 0.74117647 0.85882353
v -2.98887610 1.53877068 -148.47744751 0.65098039 0.74117647 0.85882353
v -2.94818497 1.60551620 -148.59440613 0.65098039 0.74117647 0.85882353
v -2.94682050 1.59990811 -148.58673096 0.65098039 0.74117647 0.85882353
v -2.95070434 1.59738493 -148.59327698 0.65098039 0.74117647 0.85882353
v -2.95245051 1.60128450 -148.59907532 0.65098039 0.74117647 0.85882353
v -2.94169712 1.60451746 -148.56527710 0.65098039 0.74117647 0.85882353
v -2.94470358 1.60246348 -148.57678223 0.65098039 0.74117647 0.85882353
v -2.93641520 1.61349320 -148.53936768 0.65098039 0.74117647 0.85882353
v -2.93585587 1.61854041 -148.52716064 0.65098039 0.74117647 0.85882353
v -2.93810892 1.62107491 -148.50123596 0.65098039 0.74117647 0.85882353
v -2.93622613 1.62130690 -148.51405334 0.65098039 0.74117647 0.85882353
v -2.95026994 1.59356165 -148.48127747 0.65098039 0.74117647 0.85882353
v -2.94581556 1.60294437 -148.48554993 0.65098039 0.74117647 0.85882353
v -2.96924400 1.53553081 -148.49751282 0.65098039 0.74117647 0.85882353
v -2.97987485 1.53627801 -148.48731995 0.65098039 0.74117647 0.85882353
v -2.98588872 1.51733613 -148.49333191 0.65098039 0.74117647 0.85882353
v -2.97584367 1.51326752 -148.50233459 0.65098039 0.74117647 0.85882353
v -3.00371838 1.52371669 -148.47799683 0.65098039 0.74117647 0.85882353
v -2.99647760 1.52157164 -148.48558044 0.65098039 0.74117647 0.85882353
v -2.98148966 1.47893476 -148.50399780 0.65098039 0.74117647 0.85882353
v -2.99100447 1.48209953 -148.49317932 0.65098039 0.74117647 0.85882353
v -2.99179816 1.46690202 -148.48983765 0.65098039 0.74117647 0.85882353
v -2.98305821 1.46509790 -148.50207520 0.65098039 0.74117647 0.85882353
v -3.00251126 1.46670055 -148.48114014 0.65098039 0.74117647 0.85882353
v -3.00186539 1.48408937 -148.48468018 0.65098039 0.74117647 0.85882353
v -3.01296377 1.48529005 -148.47904968 0.65098039 0.74117647 0.85882353
v -3.01414084 1.46600354 -148.47689819 0.65098039 0.74117647 0.85882353
v -3.00166440 1.45657790 -148.56858826 0.65098039 0.74117647 0.85882353
v -2.99251270 1.45796013 -148.55998230 0.65098039 0.74117647 0.85882353
v -2.99077129 1.44925284 -148.55967712 0.65098039 0.74117647 0.85882353
v -3.00115681 1.44847393 -148.56777954 0.65098039 0.74117647 0.85882353
v -2.98304796 1.45267892 -148.49847412 0.65098039 0.74117647 0.85882353
v -2.99086499 1.45439816 -148.48492432 0.65098039 0.74117647 0.85882353
v -2.97317886 1.55414200 -148.47908020 0.65098039 0.74117647 0.85882353
v -2.96409869 1.55418956 -148.48747253 0.65098039 0.74117647 0.85882353
v -3.00194860 1.45277905 -148.47575378 0.65098039 0.74117647 0.85882353
v -2.98971796 1.49883032 -148.49406433 0.65098039 0.74117647 0.85882353
v -3.00006223 1.50221181 -148.48631287 0.65098039 0.74117647 0.85882353
v -3.01251769 1.52507615 -148.47261047 0.65098039 0.74117647 0.85882353
v -3.00864291 1.54445815 -148.46348572 0.65098039 0.74117647 0.85882353
v -2.97891927 1.57006216 -148.61354065 0.65098039 0.74117647 0.85882353
v -2.97583365 1.58413363 -148.60722351 0.65098039 0.74117647 0.85882353
v -2.97973847 1.58607006 -148.60778809 0.65098039 0.74117647 0.85882353
v -2.97870469 1.58888245 -148.60693359 0.65098039 0.74117647 0.85882353
v -2.97515130 1.58772218 -148.60668945 0.65098039 0.74117647 0.85882353
v -2.98053336 1.62616086 -148.62298584 0.65098039 0.74117647 0.85882353
v -2.96847534 1.62628913 -148.61637878 0.65098039 0.74117647 0.85882353
v -2.97106743 1.61247540 -148.61869812 0.65098039 0.74117647 0.85882353
v -2.98353195 1.60968447 -148.62306213 0.65098039 0.74117647 0.85882353
v -2.95427513 1.55398297 -148.59651184 0.65098039 0.74117647 0.85882353
v -2.96012926 1.54418492 -148.60145569 0.65098039 0.74117647 0.85882353
v -2.96424556 1.55188596 -148.60708618 0.65098039 0.74117647 0.85882353
v -2.96116996 1.56056762 -148.60412598 0.65098039 0.74117647 0.85882353
v -2.95481420 1.59078217 -148.59344482 0.65098039 0.74117647 0.85882353
v -2.95513010 1.59269333 -148.59593201 0.65098039 0.74117647 0.85882353
v -2.95334291 1.59299445 -148.59295654 0.65098039 0.74117647 0.85882353
v -2.96427083 1.53151703 -148.60066223 0.65098039 0.74117647 0.85882353
v -2.95862174 1.53545356 -148.59440613 0.65098039 0.74117647 0.85882353
v -2.94367886 1.56336617 -148.55448914 0.65098039 0.74117647 0.85882353
v -2.94676208 1.59298515 -148.58071899 0.65098039 0.74117647 0.85882353
v -2.97785401 1.69933581 -148.55693054 0.65098039 0.74117647 0.85882353
v -2.97390866 1.68534136 -148.58567810 0.65098039 0.74117647 0.85882353
v -2.98481035 1.70287299 -148.52243042 0.65098039 0.74117647 0.85882353
v -2.99132872 1.69706869 -148.49055481 0.65098039 0.74117647 0.85882353
v -2.98461342 1.65163183 -148.44682312 0.65098039 0.74117647 0.85882353
v -3.00420690 1.66085124 -148.44429016 0.65098039 0.74117647 0.85882353
v -3.01011801 1.63536954 -148.43647766 0.65098039 0.74117647 0.85882353
v -2.98998523 1.62820363 -148.44006348 0.65098039 0.74117647 0.85882353
v -3.00411153 1.56310940 -148.45106506 0.65098039 0.74117647 0.85882353
v -3.02192020 1.48692632 -148.47673035 0.65098039 0.74117647 0.85882353
v -3.02435040 1.46710801 -148.47619629 0.65098039 0.74117647 0.85882353
v -2.97514987 1.66559005 -148.60565186 0.65098039 0.74117647 0.85882353
v -2.97713590 1.64569163 -148.61715698 0.65098039 0.74117647 0.85882353
v -2.93890786 1.60760856 -148.55267334 0.65098039 0.74117647 0.85882353
v -2.94506121 1.56629753 -148.57994080 0.65098039 0.74117647 0.85882353
v -2.94805408 1.55891144 -148.58636475 0.65098039 0.74117647 0.85882353
v -2.95044637 1.56982791 -148.59138489 0.65098039 0.74117647 0.85882353
v -2.94853783 1.57429707 -148.58622742 0.65098039 0.74117647 0.85882353
v -2.94504786 1.55769312 -148.56959534 0.65098039 0.74117647 0.85882353
v -2.94712782 1.54967427 -148.55632019 0.65098039 0.74117647 0.85882353
v -2.95003796 1.54249287 -148.54148865 0.65098039 0.74117647 0.85882353
v -2.95426035 1.53166676 -148.53434753 0.65098039 0.74117647 0.85882353
v -2.95113802 1.64373887 -148.47431946 0.65098039 0.74117647 0.85882353
v -2.94361973 1.62897825 -148.48497009 0.65098039 0.74117647 0.85882353
v -2.97748661 1.67195702 -148.46214294 0.65098039 0.74117647 0.85882353
v -2.96193933 1.65866935 -148.46711731 0.65098039 0.74117647 0.85882353
v -2.94201231 1.61796546 -148.48979187 0.65098039 0.74117647 0.85882353
v -2.99733067 1.68300653 -148.46257019 0.65098039 0.74117647 0.85882353
v -2.98929143 1.54303002 -148.62533569 0.65098039 0.74117647 0.85882353
v -2.99026895 1.54712486 -148.62548828 0.65098039 0.74117647 0.85882353
v -2.98348618 1.54263473 -148.61909485 0.65098039 0.74117647 0.85882353
v -2.99268627 1.51924276 -148.62413025 0.65098039 0.74117647 0.85882353
v -2.99214697 1.51429081 -148.62054443 0.65098039 0.74117647 0.85882353
v -2.99666286 1.51392198 -148.62265015 0.65098039 0.74117647 0.85882353
v -2.99660110 1.51901817 -148.62649536 0.65098039 0.74117647 0.85882353
v -2.99634910 1.47999215 -148.59352112 0.65098039 0.74117647 0.85882353
v -2.98751783 1.48327756 -148.58734131 0.65098039 0.74117647 0.85882353
v -3.00201678 1.46482539 -148.56993103 0.65098039 0.74117647 0.85882353
v -2.99343061 1.46668434 -148.56103516 0.65098039 0.74117647 0.85882353
v -2.98843861 1.55484152 -148.63020325 0.65098039 0.74117647 0.85882353
v -2.98847723 1.55419302 -148.62803650 0.65098039 0.74117647 0.85882353
v -2.99018002 1.55474544 -148.62890625 0.65098039 0.74117647 0.85882353
v -2.98970699 1.55526567 -148.63088989 0.65098039 0.74117647 0.85882353
v -2.98142648 1.52781773 -148.61399841 0.65098039 0.74117647 0.85882353
v -2.99355912 1.53535914 -148.62936401 0.65098039 0.74117647 0.85882353
v -2.99423146 1.53169250 -148.62777710 0.65098039 0.74117647 0.85882353
v -2.99697423 1.53166389 -148.62905884 0.65098039 0.74117647 0.85882353
v -2.99645305 1.53520036 -148.63063049 0.65098039 0.74117647 0.85882353
v -2.97684765 1.48960495 -148.55934143 0.65098039 0.74117647 0.85882353
v -2.98271489 1.48127794 -148.55133057 0.65098039 0.74117647 0.85882353
v -2.97801995 1.46265244 -148.51615906 0.65098039 0.74117647 0.85882353
v -2.97585130 1.47569263 -148.51803589 0.65098039 0.74117647 0.85882353
v -2.97876382 1.49475956 -148.50422668 0.65098039 0.74117647 0.85882353
v -3.00854254 1.50442219 -148.48002625 0.65098039 0.74117647 0.85882353
v -3.01729250 1.50687099 -148.47647095 0.65098039 0.74117647 0.85882353
v -3.02605844 1.50885701 -148.47482300 0.65098039 0.74117647 0.85882353
v -3.02191281 1.52846432 -148.47000122 0.65098039 0.74117647 0.85882353
v -2.98930407 1.48049021 -148.57298279 0.65098039 0.74117647 0.85882353
v -2.99192882 1.47513819 -148.56480408 0.65098039 0.74117647 0.85882353
v -3.00075078 1.47270608 -148.57353210 0.65098039 0.74117647 0.85882353
v -2.99893332 1.47726488 -148.58111572 0.65098039 0.74117647 0.85882353
v -2.99367142 1.55267644 -148.63284302 0.65098039 0.74117647 0.85882353
v -2.99341655 1.55169833 -148.63049316 0.65098039 0.74117647 0.85882353
v -2.99527454 1.54963636 -148.63159180 0.65098039 0.74117647 0.85882353
v -2.99485159 1.55162907 -148.63452148 0.65098039 0.74117647 0.85882353
v -2.98826027 1.55253351 -148.62615967 0.65098039 0.74117647 0.85882353
v -2.99053764 1.54999292 -148.62628174 0.65098039 0.74117647 0.85882353
v -2.99059272 1.55194259 -148.62654114 0.65098039 0.74117647 0.85882353
v -2.98706079 1.55358601 -148.62771606 0.65098039 0.74117647 0.85882353
v -2.98693204 1.55481339 -148.63049316 0.65098039 0.74117647 0.85882353
v -2.99033308 1.55542016 -148.63604736 0.65098039 0.74117647 0.85882353
v -2.98958755 1.55577946 -148.64088440 0.65098039 0.74117647 0.85882353
v -2.98793006 1.55520797 -148.63377380 0.65098039 0.74117647 0.85882353
v -2.99206662 1.55399776 -148.63107300 0.65098039 0.74117647 0.85882353
v -2.99240828 1.55285621 -148.62910461 0.65098039 0.74117647 0.85882353
v -2.99072194 1.55353761 -148.62713623 0.65098039 0.74117647 0.85882353
v -2.98903775 1.55360198 -148.62687683 0.65098039 0.74117647 0.85882353
v -2.99050617 1.55545497 -148.63394165 0.65098039 0.74117647 0.85882353
v -2.98910570 1.55529666 -148.63227844 0.65098039 0.74117647 0.85882353
v -2.98925352 1.57691145 -148.63442993 0.65098039 0.74117647 0.85882353
v -3.00928402 1.46419501 -148.57598877 0.65098039 0.74117647 0.85882353
v -3.00825000 1.47164035 -148.57867432 0.65098039 0.74117647 0.85882353
v -2.98123336 1.52642059 -148.61228943 0.65098039 0.74117647 0.85882353
v -2.97296238 1.60564923 -148.61346436 0.65098039 0.74117647 0.85882353
v -2.95512486 1.56814337 -148.59753418 0.65098039 0.74117647 0.85882353
v -2.97237992 1.57062888 -148.60926819 0.65098039 0.74117647 0.85882353
v -2.97177267 1.57637000 -148.60728455 0.65098039 0.74117647 0.85882353
v -2.96672344 1.57317352 -148.60496521 0.65098039 0.74117647 0.85882353
v -2.96716332 1.56587672 -148.60723877 0.65098039 0.74117647 0.85882353
v -2.98152804 1.60292602 -148.61500549 0.65098039 0.74117647 0.85882353
v -2.98679614 1.59759307 -148.61442566 0.65098039 0.74117647 0.85882353
v -2.98916459 1.59939647 -148.62155151 0.65098039 0.74117647 0.85882353
v -2.98781037 1.59127402 -148.61392212 0.65098039 0.74117647 0.85882353
v -2.98552418 1.58613765 -148.61170959 0.65098039 0.74117647 0.85882353
v -2.98630095 1.58358812 -148.61747742 0.65098039 0.74117647 0.85882353
v -2.98935008 1.59023905 -148.62255859 0.65098039 0.74117647 0.85882353
v -2.95432448 1.59588838 -148.59664917 0.65098039 0.74117647 0.85882353
v -2.95604682 1.59446383 -148.59870911 0.65098039 0.74117647 0.85882353
v -2.98241663 1.57897961 -148.61344910 0.65098039 0.74117647 0.85882353
v -2.98147416 1.58257520 -148.61001587 0.65098039 0.74117647 0.85882353
v -2.97689462 1.57953954 -148.60877991 0.65098039 0.74117647 0.85882353
v -2.97769856 1.57472336 -148.61091614 0.65098039 0.74117647 0.85882353
v -2.96126080 1.57009077 -148.60183716 0.65098039 0.74117647 0.85882353
v -2.95025420 1.59293294 -148.58789062 0.65098039 0.74117647 0.85882353
v -2.95381689 1.58157849 -148.59014893 0.65098039 0.74117647 0.85882353
v -2.96121049 1.54859710 -148.50134277 0.65098039 0.74117647 0.85882353
v -2.95750952 1.55933428 -148.49423218 0.65098039 0.74117647 0.85882353
v -2.95606995 1.54117680 -148.51704407 0.65098039 0.74117647 0.85882353
v -2.95689082 1.54289436 -148.51394653 0.65098039 0.74117647 0.85882353
v -2.96204424 1.53640985 -148.51620483 0.65098039 0.74117647 0.85882353
v -2.95900154 1.53603935 -148.52021790 0.65098039 0.74117647 0.85882353
v -2.94319057 1.59241629 -148.49945068 0.65098039 0.74117647 0.85882353
v -2.94291019 1.59218287 -148.50355530 0.65098039 0.74117647 0.85882353
v -2.94171047 1.59853983 -148.50460815 0.65098039 0.74117647 0.85882353
v -2.94326162 1.59838247 -148.49748230 0.65098039 0.74117647 0.85882353
v -2.94072628 1.59421921 -148.50994873 0.65098039 0.74117647 0.85882353
v -2.94184589 1.59099007 -148.50988770 0.65098039 0.74117647 0.85882353
v -2.94105053 1.59017444 -148.51296997 0.65098039 0.74117647 0.85882353
v -2.94021273 1.59709144 -148.51210022 0.65098039 0.74117647 0.85882353
v -2.94042206 1.59435725 -148.51947021 0.65098039 0.74117647 0.85882353
v -2.93833590 1.60528243 -148.52322388 0.65098039 0.74117647 0.85882353
v -2.93856764 1.60802650 -148.51339722 0.65098039 0.74117647 0.85882353
v -2.94096279 1.59048128 -148.54339600 0.65098039 0.74117647 0.85882353
v -2.93930650 1.59968853 -148.53318787 0.65098039 0.74117647 0.85882353
v -2.94236755 1.58931601 -148.52548218 0.65098039 0.74117647 0.85882353
v -2.94396615 1.58034873 -148.52978516 0.65098039 0.74117647 0.85882353
v -2.95179510 1.54606247 -148.52801514 0.65098039 0.74117647 0.85882353
v -2.95457196 1.53886056 -148.52442932 0.65098039 0.74117647 0.85882353
v -2.96275210 1.54089785 -148.50956726 0.65098039 0.74117647 0.85882353
v -2.97995973 1.59930491 -148.44761658 0.65098039 0.74117647 0.85882353
v -2.96777630 1.59224677 -148.45829773 0.65098039 0.74117647 0.85882353
v -2.96006608 1.58631325 -148.46963501 0.65098039 0.74117647 0.85882353
v -2.95507693 1.58181548 -148.48049927 0.65098039 0.74117647 0.85882353
v -2.99355960 1.60689402 -148.43794250 0.65098039 0.74117647 0.85882353
v -3.01073718 1.60922801 -148.43476868 0.65098039 0.74117647 0.85882353
v -2.94223595 1.57337046 -148.54251099 0.65098039 0.74117647 0.85882353
v -2.94557166 1.56820965 -148.53045654 0.65098039 0.74117647 0.85882353
v -2.97432709 1.57414567 -148.46136475 0.65098039 0.74117647 0.85882353
v -2.98565555 1.57912922 -148.44982910 0.65098039 0.74117647 0.85882353
v -2.96592498 1.57007909 -148.47242737 0.65098039 0.74117647 0.85882353
v -2.95934534 1.56856537 -148.48202515 0.65098039 0.74117647 0.85882353
v -2.99902749 1.58685267 -148.44198608 0.65098039 0.74117647 0.85882353
v -3.01671171 1.58701181 -148.43829346 0.65098039 0.74117647 0.85882353
v -3.01779771 1.56346846 -148.44799805 0.65098039 0.74117647 0.85882353
v -2.94923472 1.54840064 -148.51716614 0.65098039 0.74117647 0.85882353
v -2.94938350 1.54267526 -148.51733398 0.65098039 0.74117647 0.85882353
v -2.95229197 1.54149234 -148.51951599 0.65098039 0.74117647 0.85882353
v -2.95100522 1.54684234 -148.52127075 0.65098039 0.74117647 0.85882353
v -2.94824457 1.55652666 -148.52944946 0.65098039 0.74117647 0.85882353
v -2.94599724 1.55804110 -148.54107666 0.65098039 0.74117647 0.85882353
v -2.98929620 1.58340967 -148.62928772 0.65098039 0.74117647 0.85882353
v -2.99887586 1.49310899 -148.62164307 0.65098039 0.74117647 0.85882353
v -2.99960089 1.50645018 -148.62307739 0.65098039 0.74117647 0.85882353
v -2.99349666 1.54298759 -148.62889099 0.65098039 0.74117647 0.85882353
v -2.99339342 1.53913736 -148.62933350 0.65098039 0.74117647 0.85882353
v -2.99627805 1.53874922 -148.63061523 0.65098039 0.74117647 0.85882353
v -2.99627781 1.54246140 -148.63026428 0.65098039 0.74117647 0.85882353
v -2.97973633 1.59961152 -148.60949707 0.65098039 0.74117647 0.85882353
v -3.01929808 1.54625082 -148.45967102 0.65098039 0.74117647 0.85882353
v -3.03059578 1.48977041 -148.47671509 0.65098039 0.74117647 0.85882353
v -3.03392434 1.46953583 -148.47663879 0.65098039 0.74117647 0.85882353
v -3.01391482 1.44974947 -148.47125244 0.65098039 0.74117647 0.85882353
v -3.02567244 1.44914031 -148.47064209 0.65098039 0.74117647 0.85882353
v -2.99613190 1.54621029 -148.63046265 0.65098039 0.74117647 0.85882353
v -2.99352312 1.54652202 -148.62879944 0.65098039 0.74117647 0.85882353
v -2.99131083 1.55501199 -148.63281250 0.65098039 0.74117647 0.85882353
v -2.99035764 1.53113461 -148.62507629 0.65098039 0.74117647 0.85882353
v -2.99251747 1.55146766 -148.62857056 0.65098039 0.74117647 0.85882353
v -2.99335313 1.54940534 -148.62893677 0.65098039 0.74117647 0.85882353
v -2.99708414 1.54917622 -148.63264465 0.65098039 0.74117647 0.85882353
v -2.99756336 1.54602814 -148.63111877 0.65098039 0.74117647 0.85882353
v -2.97153950 1.58211184 -148.60615540 0.65098039 0.74117647 0.85882353
v -2.97117162 1.58658957 -148.60597229 0.65098039 0.74117647 0.85882353
v -2.99241400 1.55409622 -148.63519287 0.65098039 0.74117647 0.85882353
v -2.99310923 1.55318069 -148.63784790 0.65098039 0.74117647 0.85882353
v -2.98195195 1.44945276 -148.54689026 0.65098039 0.74117647 0.85882353
v -2.97810030 1.45008111 -148.53010559 0.65098039 0.74117647 0.85882353
v -2.99894810 1.53175902 -148.62979126 0.65098039 0.74117647 0.85882353
v -2.99833226 1.53517795 -148.63131714 0.65098039 0.74117647 0.85882353
v -2.94621158 1.57391310 -148.52104187 0.65098039 0.74117647 0.85882353
v -2.94416308 1.58151770 -148.51927185 0.65098039 0.74117647 0.85882353
v -2.94433403 1.57674384 -148.51354980 0.65098039 0.74117647 0.85882353
v -2.94659781 1.57064295 -148.51493835 0.65098039 0.74117647 0.85882353
v -3.00974560 1.45607567 -148.57438660 0.65098039 0.74117647 0.85882353
v -2.97850537 1.45105958 -148.51330566 0.65098039 0.74117647 0.85882353
v -3.03688931 1.45124555 -148.47207642 0.65098039 0.74117647 0.85882353
v -2.95609975 1.58695459 -148.59422302 0.65098039 0.74117647 0.85882353
v -2.95520735 1.58879066 -148.59284973 0.65098039 0.74117647 0.85882353
v -2.97761536 1.59675431 -148.60752869 0.65098039 0.74117647 0.85882353
v -2.98985052 1.52394438 -148.62236023 0.65098039 0.74117647 0.85882353
v -2.99134064 1.52777195 -148.62229919 0.65098039 0.74117647 0.85882353
v -3.00659251 1.47617936 -148.58561707 0.65098039 0.74117647 0.85882353
v -2.99623942 1.55109119 -148.63563538 0.65098039 0.74117647 0.85882353
v -2.94517660 1.58491671 -148.50590515 0.65098039 0.74117647 0.85882353
v -2.94576693 1.58154953 -148.50608826 0.65098039 0.74117647 0.85882353
v -2.94238400 1.58027101 -148.50738525 0.65098039 0.74117647 0.85882353
v -2.94186926 1.58338404 -148.50822449 0.65098039 0.74117647 0.85882353
v -2.93896985 1.58650231 -148.51332092 0.65098039 0.74117647 0.85882353
v -2.93787026 1.58970022 -148.51184082 0.65098039 0.74117647 0.85882353
v -2.93728662 1.58632851 -148.50956726 0.65098039 0.74117647 0.85882353
v -2.93887305 1.58380592 -148.51007080 0.65098039 0.74117647 0.85882353
v -2.94157457 1.58717871 -148.51655579 0.65098039 0.74117647 0.85882353
v -2.94151902 1.58276749 -148.51362610 0.65098039 0.74117647 0.85882353
v -2.93564343 1.59107780 -148.50991821 0.65098039 0.74117647 0.85882353
v -2.93655729 1.58846736 -148.50834656 0.65098039 0.74117647 0.85882353
v -2.94181919 1.59169436 -148.50767517 0.65098039 0.74117647 0.85882353
v -2.93873334 1.59253669 -148.50933838 0.65098039 0.74117647 0.85882353
v -2.93842101 1.59467590 -148.50497437 0.65098039 0.74117647 0.85882353
v -2.93390560 1.59224606 -148.50584412 0.65098039 0.74117647 0.85882353
v -2.93754411 1.59462810 -148.49847412 0.65098039 0.74117647 0.85882353
v -2.93266416 1.59158814 -148.50016785 0.65098039 0.74117647 0.85882353
v -2.93850422 1.59072566 -148.49302673 0.65098039 0.74117647 0.85882353
v -2.93315840 1.58845592 -148.49459839 0.65098039 0.74117647 0.85882353
v -2.94944310 1.55479729 -148.52157593 0.65098039 0.74117647 0.85882353
v -2.95128226 1.55667019 -148.51524353 0.65098039 0.74117647 0.85882353
v -2.93974280 1.58476603 -148.49040222 0.65098039 0.74117647 0.85882353
v -2.93401814 1.58330750 -148.49121094 0.65098039 0.74117647 0.85882353
v -2.94126320 1.57742620 -148.48904419 0.65098039 0.74117647 0.85882353
v -2.93572164 1.57664275 -148.48944092 0.65098039 0.74117647 0.85882353
v -2.94305992 1.56956291 -148.48927307 0.65098039 0.74117647 0.85882353
v -2.93794847 1.56946874 -148.48962402 0.65098039 0.74117647 0.85882353
v -2.94421291 1.56152749 -148.49201965 0.65098039 0.74117647 0.85882353
v -2.93944097 1.56232691 -148.49227905 0.65098039 0.74117647 0.85882353
v -2.94633007 1.55210280 -148.49674988 0.65098039 0.74117647 0.85882353
v -2.94096327 1.55516720 -148.49693298 0.65098039 0.74117647 0.85882353
v -2.93680763 1.58691478 -148.49581909 0.65098039 0.74117647 0.85882353
v -2.93669391 1.58965111 -148.49996948 0.65098039 0.74117647 0.85882353
v -2.94500995 1.58883333 -148.49763489 0.65098039 0.74117647 0.85882353
v -2.93668699 1.59020281 -148.50483704 0.65098039 0.74117647 0.85882353
v -2.94867110 1.57652593 -148.49851990 0.65098039 0.74117647 0.85882353
v -2.94885206 1.57336879 -148.50035095 0.65098039 0.74117647 0.85882353
v -2.94497061 1.57381558 -148.50299072 0.65098039 0.74117647 0.85882353
v -2.94787002 1.57639921 -148.50167847 0.65098039 0.74117647 0.85882353
v -2.94625139 1.56919742 -148.51110840 0.65098039 0.74117647 0.85882353
v -2.94667077 1.56337571 -148.51081848 0.65098039 0.74117647 0.85882353
v -2.94748974 1.56331801 -148.51538086 0.65098039 0.74117647 0.85882353
v -2.94932413 1.55970001 -148.51089478 0.65098039 0.74117647 0.85882353
v -2.95000672 1.56430626 -148.50970459 0.65098039 0.74117647 0.85882353
v -2.95005369 1.56115532 -148.50942993 0.65098039 0.74117647 0.85882353
v -2.95073223 1.56836033 -148.50987244 0.65098039 0.74117647 0.85882353
v -2.95015001 1.55956340 -148.50811768 0.65098039 0.74117647 0.85882353
v -2.94939971 1.55794144 -148.50946045 0.65098039 0.74117647 0.85882353
v -2.95116973 1.56062031 -148.50765991 0.65098039 0.74117647 0.85882353
v -2.95131516 1.56154704 -148.50843811 0.65098039 0.74117647 0.85882353
v -2.95237517 1.56324482 -148.50788879 0.65098039 0.74117647 0.85882353
v -2.95273948 1.56610060 -148.50582886 0.65098039 0.74117647 0.85882353
v -2.94742584 1.56440854 -148.52162170 0.65098039 0.74117647 0.85882353
v -2.95511651 1.55523586 -148.50337219 0.65098039 0.74117647 0.85882353
v -2.95170474 1.56290579 -148.49896240 0.65098039 0.74117647 0.85882353
v -2.94325781 1.54976368 -148.50280762 0.65098039 0.74117647 0.85882353
v -2.94733715 1.54440832 -148.50337219 0.65098039 0.74117647 0.85882353
v -2.94847846 1.54017544 -148.51496887 0.65098039 0.74117647 0.85882353
v -2.94765234 1.54017425 -148.50984192 0.65098039 0.74117647 0.85882353
v -2.94704676 1.58396959 -148.49664307 0.65098039 0.74117647 0.85882353
v -2.94814014 1.57760406 -148.49525452 0.65098039 0.74117647 0.85882353
v -2.95637774 1.54918003 -148.51026917 0.65098039 0.74117647 0.85882353
v -2.94992828 1.57084942 -148.49629211 0.65098039 0.74117647 0.85882353
v -2.94262195 1.55898929 -148.49792480 0.65098039 0.74117647 0.85882353
v -2.94477224 1.55528986 -148.50254822 0.65098039 0.74117647 0.85882353
v -2.94018483 1.56400585 -148.49443054 0.65098039 0.74117647 0.85882353
v -2.94882107 1.55441713 -148.51167297 0.65098039 0.74117647 0.85882353
v -2.94631863 1.55378342 -148.50735474 0.65098039 0.74117647 0.85882353
v -2.94507194 1.54806495 -148.50885010 0.65098039 0.74117647 0.85882353
v -2.94683433 1.54773641 -148.51350403 0.65098039 0.74117647 0.85882353
v -2.94664478 1.55902505 -148.50300598 0.65098039 0.74117647 0.85882353
v -2.94365382 1.56198144 -148.49995422 0.65098039 0.74117647 0.85882353
v -2.94972825 1.56119895 -148.50236511 0.65098039 0.74117647 0.85882353
v -2.94699049 1.56415486 -148.49958801 0.65098039 0.74117647 0.85882353
v -2.95013499 1.55978668 -148.50581360 0.65098039 0.74117647 0.85882353
v -2.94848680 1.55767465 -148.50660706 0.65098039 0.74117647 0.85882353
v -2.95321393 1.56309271 -148.50253296 0.65098039 0.74117647 0.85882353
v -2.95064330 1.56736565 -148.49929810 0.65098039 0.74117647 0.85882353
v -2.95209789 1.56119609 -148.50593567 0.65098039 0.74117647 0.85882353
v -2.94391584 1.56736922 -148.49868774 0.65098039 0.74117647 0.85882353
v -2.94672036 1.57055116 -148.49821472 0.65098039 0.74117647 0.85882353
v -2.94272375 1.57363987 -148.49981689 0.65098039 0.74117647 0.85882353
v -2.94093990 1.57104874 -148.49871826 0.65098039 0.74117647 0.85882353
v -2.94105935 1.56550837 -148.49729919 0.65098039 0.74117647 0.85882353
v -2.93883681 1.56989574 -148.49572754 0.65098039 0.74117647 0.85882353
v -2.93940711 1.57002664 -148.49247742 0.65098039 0.74117647 0.85882353
v -2.93797016 1.57538009 -148.49501038 0.65098039 0.74117647 0.85882353
v -2.93850112 1.57653689 -148.49200439 0.65098039 0.74117647 0.85882353
v -2.93919349 1.57497561 -148.49789429 0.65098039 0.74117647 0.85882353
v -2.94019985 1.57580781 -148.50042725 0.65098039 0.74117647 0.85882353
v -2.93727231 1.58260870 -148.49310303 0.65098039 0.74117647 0.85882353
v -2.93747067 1.58049035 -148.49577332 0.65098039 0.74117647 0.85882353
v -2.93723798 1.58444691 -148.49783325 0.65098039 0.74117647 0.85882353
v -2.93821454 1.57886982 -148.49835205 0.65098039 0.74117647 0.85882353
v -2.93829370 1.58199334 -148.50001526 0.65098039 0.74117647 0.85882353
v -2.93923783 1.57801509 -148.50016785 0.65098039 0.74117647 0.85882353
v -2.93951344 1.57966876 -148.50160217 0.65098039 0.74117647 0.85882353
v -2.93983412 1.58784127 -148.50715637 0.65098039 0.74117647 0.85882353
v -2.94080853 1.58589840 -148.50834656 0.65098039 0.74117647 0.85882353
v -2.93890023 1.58804345 -148.50421143 0.65098039 0.74117647 0.85882353
v -2.94036078 1.58546805 -148.50434875 0.65098039 0.74117647 0.85882353
v -2.94109392 1.58623743 -148.50598145 0.65098039 0.74117647 0.85882353
v -2.94247723 1.58517480 -148.50639343 0.65098039 0.74117647 0.85882353
v -2.94139338 1.58316350 -148.50488281 0.65098039 0.74117647 0.85882353
v -2.94398189 1.58176684 -148.50349426 0.65098039 0.74117647 0.85882353
v -2.99643111 1.43181109 -148.56869507 0.65098039 0.74117647 0.85882353
v -3.00651312 1.43097615 -148.57330322 0.65098039 0.74117647 0.85882353
v -3.00859165 1.43936992 -148.57283020 0.65098039 0.74117647 0.85882353
v -2.99898410 1.43991780 -148.56793213 0.65098039 0.74117647 0.85882353
v -2.93943238 1.58404350 -148.50201416 0.65098039 0.74117647 0.85882353
v -2.94028735 1.58126378 -148.50344849 0.65098039 0.74117647 0.85882353
v -2.93815494 1.58696890 -148.50076294 0.65098039 0.74117647 0.85882353
v -2.94345474 1.57799006 -148.50073242 0.65098039 0.74117647 0.85882353
v -2.94201183 1.57940042 -148.50254822 0.65098039 0.74117647 0.85882353
v -2.94081020 1.57750463 -148.50196838 0.65098039 0.74117647 0.85882353
v -2.94222426 1.57642138 -148.50090027 0.65098039 0.74117647 0.85882353
v -2.94675207 1.57305205 -148.51031494 0.65098039 0.74117647 0.85882353
v -2.94960141 1.57181764 -148.50724792 0.65098039 0.74117647 0.85882353
v -2.95057821 1.56897712 -148.50354004 0.65098039 0.74117647 0.85882353
v -2.97168207 1.42003226 -148.54095459 0.65098039 0.74117647 0.85882353
v -2.97701073 1.42571831 -148.53997803 0.65098039 0.74117647 0.85882353
v -2.96913218 1.42708814 -148.52104187 0.65098039 0.74117647 0.85882353
v -2.96348977 1.42240596 -148.52024841 0.65098039 0.74117647 0.85882353
v -2.95624971 1.41252494 -148.55847168 0.65098039 0.74117647 0.85882353
v -2.94339776 1.41727996 -148.53231812 0.65098039 0.74117647 0.85882353
v -2.93762755 1.40677404 -148.55915833 0.65098039 0.74117647 0.85882353
v -2.94866490 1.40023375 -148.57359314 0.65098039 0.74117647 0.85882353
v -2.93070149 1.39286816 -148.57803345 0.65098039 0.74117647 0.85882353
v -2.94075131 1.38666391 -148.58847046 0.65098039 0.74117647 0.85882353
v -2.91100740 1.35269141 -148.62330627 0.65098039 0.74117647 0.85882353
v -2.92180300 1.35085773 -148.63223267 0.65098039 0.74117647 0.85882353
v -2.92801785 1.36281729 -148.61776733 0.65098039 0.74117647 0.85882353
v -2.91747236 1.36547375 -148.60864258 0.65098039 0.74117647 0.85882353
v -2.87072611 1.28762388 -148.66697693 0.65098039 0.74117647 0.85882353
v -2.87393761 1.26884747 -148.67030334 0.65098039 0.74117647 0.85882353
v -2.88405681 1.27269959 -148.67864990 0.65098039 0.74117647 0.85882353
v -2.87987185 1.28951740 -148.67417908 0.65098039 0.74117647 0.85882353
v -2.88368154 1.38344526 -148.56239319 0.65098039 0.74117647 0.85882353
v -2.88842559 1.40458083 -148.55181885 0.65098039 0.74117647 0.85882353
v -2.88027000 1.39892340 -148.55053711 0.65098039 0.74117647 0.85882353
v -2.87658334 1.37509811 -148.56089783 0.65098039 0.74117647 0.85882353
v -2.94877768 1.42049801 -148.47149658 0.65098039 0.74117647 0.85882353
v -2.94690418 1.41871357 -148.49694824 0.65098039 0.74117647 0.85882353
v -2.95420265 1.41901588 -148.49745178 0.65098039 0.74117647 0.85882353
v -2.95579529 1.42284250 -148.47384644 0.65098039 0.74117647 0.85882353
v -2.84947371 1.29478836 -148.60627747 0.65098039 0.74117647 0.85882353
v -2.84847951 1.28443837 -148.61895752 0.65098039 0.74117647 0.85882353
v -2.85136318 1.29452419 -148.62371826 0.65098039 0.74117647 0.85882353
v -2.85320520 1.30490637 -148.61233521 0.65098039 0.74117647 0.85882353
v -2.86153674 1.20328164 -148.63331604 0.65098039 0.74117647 0.85882353
v -2.85712528 1.18335819 -148.63459778 0.65098039 0.74117647 0.85882353
v -2.86603904 1.18323672 -148.65359497 0.65098039 0.74117647 0.85882353
v -2.87013030 1.20267487 -148.65132141 0.65098039 0.74117647 0.85882353
v -2.84894228 1.21965647 -148.56262207 0.65098039 0.74117647 0.85882353
v -2.85326934 1.21441901 -148.53932190 0.65098039 0.74117647 0.85882353
v -2.85409355 1.19970751 -148.54052734 0.65098039 0.74117647 0.85882353
v -2.84833455 1.20289469 -148.56394958 0.65098039 0.74117647 0.85882353
v -2.89248300 1.35414267 -148.60562134 0.65098039 0.74117647 0.85882353
v -2.90101933 1.35397816 -148.61422729 0.65098039 0.74117647 0.85882353
v -2.90759397 1.36717916 -148.59954834 0.65098039 0.74117647 0.85882353
v -2.89865422 1.36809969 -148.59091187 0.65098039 0.74117647 0.85882353
v -2.80486679 1.50365448 -148.58244324 0.65098039 0.74117647 0.85882353
v -2.80200171 1.49094534 -148.59371948 0.65098039 0.74117647 0.85882353
v -2.81718802 1.47587609 -148.58045959 0.65098039 0.74117647 0.85882353
v -2.81953692 1.48832083 -148.56959534 0.65098039 0.74117647 0.85882353
v -2.83313060 1.11531723 -148.57679749 0.65098039 0.74117647 0.85882353
v -2.84238148 1.11701715 -148.55506897 0.65098039 0.74117647 0.85882353
v -2.83646297 1.10022831 -148.55731201 0.65098039 0.74117647 0.85882353
v -2.82766438 1.09807754 -148.57986450 0.65098039 0.74117647 0.85882353
v -2.88261199 1.45196247 -148.50308228 0.65098039 0.74117647 0.85882353
v -2.88967204 1.44857574 -148.49922180 0.65098039 0.74117647 0.85882353
v -2.88634658 1.44920254 -148.47538757 0.65098039 0.74117647 0.85882353
v -2.87844801 1.45454252 -148.47956848 0.65098039 0.74117647 0.85882353
v -2.86929512 1.34361887 -148.57937622 0.65098039 0.74117647 0.85882353
v -2.87422156 1.35067248 -148.58482361 0.65098039 0.74117647 0.85882353
v -2.87932611 1.36635900 -148.57347107 0.65098039 0.74117647 0.85882353
v -2.87285972 1.35765338 -148.57028198 0.65098039 0.74117647 0.85882353
v -2.85032058 1.24148870 -148.52862549 0.65098039 0.74117647 0.85882353
v -2.84696174 1.24737048 -148.54804993 0.65098039 0.74117647 0.85882353
v -2.84948611 1.26332211 -148.53892517 0.65098039 0.74117647 0.85882353
v -2.85160518 1.25758171 -148.52183533 0.65098039 0.74117647 0.85882353
v -2.84674597 1.23337471 -148.55577087 0.65098039 0.74117647 0.85882353
v -2.85070372 1.22719979 -148.53453064 0.65098039 0.74117647 0.85882353
v -2.87870526 1.35341835 -148.59022522 0.65098039 0.74117647 0.85882353
v -2.88490176 1.35375619 -148.59745789 0.65098039 0.74117647 0.85882353
v -2.89092922 1.37003517 -148.58340454 0.65098039 0.74117647 0.85882353
v -2.88569188 1.37109041 -148.57713318 0.65098039 0.74117647 0.85882353
v -2.87884736 1.25114846 -148.66857910 0.65098039 0.74117647 0.85882353
v -2.89115787 1.25610542 -148.67921448 0.65098039 0.74117647 0.85882353
v -2.82434988 1.09472847 -148.60380554 0.65098039 0.74117647 0.85882353
v -2.82645464 1.09050512 -148.62716675 0.65098039 0.74117647 0.85882353
v -2.83152556 1.10900426 -148.62332153 0.65098039 0.74117647 0.85882353
v -2.82956052 1.11273074 -148.60018921 0.65098039 0.74117647 0.85882353
v -2.88445783 1.22031689 -148.66317749 0.65098039 0.74117647 0.85882353
v -2.88407397 1.23678851 -148.66423035 0.65098039 0.74117647 0.85882353
v -2.87373066 1.23566532 -148.65155029 0.65098039 0.74117647 0.85882353
v -2.87401676 1.21989632 -148.64918518 0.65098039 0.74117647 0.85882353
v -2.83339167 1.08569419 -148.64939880 0.65098039 0.74117647 0.85882353
v -2.84375405 1.08176208 -148.67127991 0.65098039 0.74117647 0.85882353
v -2.84911633 1.10145676 -148.66680908 0.65098039 0.74117647 0.85882353
v -2.83866024 1.10494149 -148.64564514 0.65098039 0.74117647 0.85882353
v -2.92395568 1.37864661 -148.59381104 0.65098039 0.74117647 0.85882353
v -2.93405342 1.37478554 -148.60324097 0.65098039 0.74117647 0.85882353
v -2.85766768 1.28608465 -148.64897156 0.65098039 0.74117647 0.85882353
v -2.85852122 1.26822555 -148.65066528 0.65098039 0.74117647 0.85882353
v -2.86531210 1.26776278 -148.66076660 0.65098039 0.74117647 0.85882353
v -2.86328030 1.28659773 -148.65843201 0.65098039 0.74117647 0.85882353
v -2.86512470 1.34402585 -148.55116272 0.65098039 0.74117647 0.85882353
v -2.86979532 1.36145782 -148.55815125 0.65098039 0.74117647 0.85882353
v -2.87125468 1.38689685 -148.54876709 0.65098039 0.74117647 0.85882353
v -2.86463690 1.35967708 -148.54527283 0.65098039 0.74117647 0.85882353
v -2.83029461 1.08328032 -148.55909729 0.65098039 0.74117647 0.85882353
v -2.82163620 1.08122122 -148.58230591 0.65098039 0.74117647 0.85882353
v -2.82884097 1.06630111 -148.65263367 0.65098039 0.74117647 0.85882353
v -2.83928871 1.06187844 -148.67477417 0.65098039 0.74117647 0.85882353
v -2.83867216 1.34420180 -148.51321411 0.65098039 0.74117647 0.85882353
v -2.84385586 1.33343101 -148.51310730 0.65098039 0.74117647 0.85882353
v -2.84814477 1.33830070 -148.52091980 0.65098039 0.74117647 0.85882353
v -2.84374094 1.34910047 -148.52008057 0.65098039 0.74117647 0.85882353
v -2.91213989 1.28868818 -148.68820190 0.65098039 0.74117647 0.85882353
v -2.90026093 1.29904914 -148.68052673 0.65098039 0.74117647 0.85882353
v -2.89312005 1.28290987 -148.68298340 0.65098039 0.74117647 0.85882353
v -2.90314794 1.26820016 -148.68730164 0.65098039 0.74117647 0.85882353
v -2.86115623 1.25096202 -148.64651489 0.65098039 0.74117647 0.85882353
v -2.86443305 1.23697340 -148.63922119 0.65098039 0.74117647 0.85882353
v -2.86891890 1.24998021 -148.65739441 0.65098039 0.74117647 0.85882353
v -2.92581630 1.27643013 -148.69332886 0.65098039 0.74117647 0.85882353
v -2.91569519 1.24999619 -148.68901062 0.65098039 0.74117647 0.85882353
v -2.94527221 1.37081146 -148.61283875 0.65098039 0.74117647 0.85882353
v -2.93917656 1.35967112 -148.62649536 0.65098039 0.74117647 0.85882353
v -2.95181537 1.38279319 -148.59999084 0.65098039 0.74117647 0.85882353
v -2.96277595 1.37925053 -148.61051941 0.65098039 0.74117647 0.85882353
v -2.97045660 1.39131188 -148.59866333 0.65098039 0.74117647 0.85882353
v -2.95968986 1.39500213 -148.58744812 0.65098039 0.74117647 0.85882353
v -2.97787094 1.40314054 -148.58836365 0.65098039 0.74117647 0.85882353
v -2.96728086 1.40702760 -148.57615662 0.65098039 0.74117647 0.85882353
v -2.98161483 1.41826248 -148.55937195 0.65098039 0.74117647 0.85882353
v -2.98649240 1.42414403 -148.55651855 0.65098039 0.74117647 0.85882353
v -2.86733913 1.34541464 -148.56587219 0.65098039 0.74117647 0.85882353
v -2.86398363 1.33252716 -148.57324219 0.65098039 0.74117647 0.85882353
v -2.82143879 1.07160389 -148.63008118 0.65098039 0.74117647 0.85882353
v -2.93538284 1.33858085 -148.41903687 0.65098039 0.74117647 0.85882353
v -2.93507123 1.32381034 -148.42176819 0.65098039 0.74117647 0.85882353
v -2.91647840 1.33116817 -148.42573547 0.65098039 0.74117647 0.85882353
v -2.91686130 1.34542775 -148.42210388 0.65098039 0.74117647 0.85882353
v -2.94237685 1.42068243 -148.46830750 0.65098039 0.74117647 0.85882353
v -2.93978930 1.41986990 -148.49417114 0.65098039 0.74117647 0.85882353
v -2.85157323 1.32533813 -148.46865845 0.65098039 0.74117647 0.85882353
v -2.86391807 1.31729221 -148.46295166 0.65098039 0.74117647 0.85882353
v -2.86090469 1.31329751 -148.46868896 0.65098039 0.74117647 0.85882353
v -2.85061407 1.32145143 -148.47436523 0.65098039 0.74117647 0.85882353
v -2.83231091 1.33973122 -148.50010681 0.65098039 0.74117647 0.85882353
v -2.82019019 1.35306251 -148.50486755 0.65098039 0.74117647 0.85882353
v -2.81704378 1.35560250 -148.49980164 0.65098039 0.74117647 0.85882353
v -2.83051157 1.34160924 -148.49450684 0.65098039 0.74117647 0.85882353
v -2.84969687 1.10050809 -148.53881836 0.65098039 0.74117647 0.85882353
v -2.85673070 1.11717951 -148.53643799 0.65098039 0.74117647 0.85882353
v -2.89312053 1.21336055 -148.48654175 0.65098039 0.74117647 0.85882353
v -2.87606072 1.21170104 -148.50233459 0.65098039 0.74117647 0.85882353
v -2.87082911 1.22580719 -148.49794006 0.65098039 0.74117647 0.85882353
v -2.88551426 1.22820103 -148.48233032 0.65098039 0.74117647 0.85882353
v -3.03354239 1.30930591 -148.46263123 0.65098039 0.74117647 0.85882353
v -3.03257418 1.29608536 -148.46511841 0.65098039 0.74117647 0.85882353
v -3.01330566 1.30054808 -148.45184326 0.65098039 0.74117647 0.85882353
v -3.01424766 1.31370807 -148.44873047 0.65098039 0.74117647 0.85882353
v -2.97661662 1.33941054 -148.42324829 0.65098039 0.74117647 0.85882353
v -2.97846389 1.35179448 -148.42240906 0.65098039 0.74117647 0.85882353
v -2.99905539 1.34472513 -148.43267822 0.65098039 0.74117647 0.85882353
v -2.99743080 1.33230138 -148.43395996 0.65098039 0.74117647 0.85882353
v -2.95468497 1.33155870 -148.41993713 0.65098039 0.74117647 0.85882353
v -2.95387864 1.31734931 -148.42283630 0.65098039 0.74117647 0.85882353
v -2.85694647 1.25476074 -148.50566101 0.65098039 0.74117647 0.85882353
v -2.85793543 1.23926365 -148.51075745 0.65098039 0.74117647 0.85882353
v -2.85206914 1.28030753 -148.49754333 0.65098039 0.74117647 0.85882353
v -2.85110450 1.28363323 -148.51150513 0.65098039 0.74117647 0.85882353
v -2.85007644 1.29563832 -148.50900269 0.65098039 0.74117647 0.85882353
v -2.84960699 1.29372597 -148.49739075 0.65098039 0.74117647 0.85882353
v -2.96280169 1.42695308 -148.47590637 0.65098039 0.74117647 0.85882353
v -2.97014356 1.42566371 -148.45658875 0.65098039 0.74117647 0.85882353
v -2.96111226 1.42247427 -148.45315552 0.65098039 0.74117647 0.85882353
v -3.00767589 1.39443660 -148.44354248 0.65098039 0.74117647 0.85882353
v -3.00726914 1.38710248 -148.44140625 0.65098039 0.74117647 0.85882353
v -2.99420238 1.39337134 -148.43867493 0.65098039 0.74117647 0.85882353
v -2.99763751 1.39951158 -148.44270325 0.65098039 0.74117647 0.85882353
v -3.00209570 1.24348402 -148.46400452 0.65098039 0.74117647 0.85882353
v -3.02250767 1.24034190 -148.47486877 0.65098039 0.74117647 0.85882353
v -3.01818109 1.22528875 -148.48226929 0.65098039 0.74117647 0.85882353
v -2.99552655 1.22852457 -148.47167969 0.65098039 0.74117647 0.85882353
v -2.85029578 1.30532980 -148.48966980 0.65098039 0.74117647 0.85882353
v -2.84614468 1.31705236 -148.49543762 0.65098039 0.74117647 0.85882353
v -2.84739304 1.31787491 -148.48728943 0.65098039 0.74117647 0.85882353
v -2.85368013 1.30675602 -148.48153687 0.65098039 0.74117647 0.85882353
v -2.85779738 1.29488730 -148.47764587 0.65098039 0.74117647 0.85882353
v -2.86103511 1.28221607 -148.47520447 0.65098039 0.74117647 0.85882353
v -2.85542870 1.28004408 -148.48551941 0.65098039 0.74117647 0.85882353
v -2.85326767 1.29301286 -148.48637390 0.65098039 0.74117647 0.85882353
v -2.87873697 1.24239337 -148.47981262 0.65098039 0.74117647 0.85882353
v -2.86735868 1.24036133 -148.49443054 0.65098039 0.74117647 0.85882353
v -2.86357307 1.25460196 -148.49041748 0.65098039 0.74117647 0.85882353
v -2.87081218 1.25635040 -148.47526550 0.65098039 0.74117647 0.85882353
v -3.00339437 1.17289019 -148.50721741 0.65098039 0.74117647 0.85882353
v -2.98564243 1.17384195 -148.49665833 0.65098039 0.74117647 0.85882353
v -2.98911619 1.19207525 -148.48960876 0.65098039 0.74117647 0.85882353
v -3.00815940 1.19024324 -148.49873352 0.65098039 0.74117647 0.85882353
v -2.84533834 1.37801576 -148.52743530 0.65098039 0.74117647 0.85882353
v -2.85214472 1.39074206 -148.53344727 0.65098039 0.74117647 0.85882353
v -2.84674335 1.40019941 -148.53771973 0.65098039 0.74117647 0.85882353
v -2.83682466 1.38926101 -148.53297424 0.65098039 0.74117647 0.85882353
v -2.80436039 1.37649965 -148.49110413 0.65098039 0.74117647 0.85882353
v -2.79553628 1.38758349 -148.49623108 0.65098039 0.74117647 0.85882353
v -2.79657793 1.39215207 -148.49198914 0.65098039 0.74117647 0.85882353
v -2.80572009 1.38101292 -148.48623657 0.65098039 0.74117647 0.85882353
v -2.81539035 1.39236879 -148.54331970 0.65098039 0.74117647 0.85882353
v -2.82624960 1.40027189 -148.54429626 0.65098039 0.74117647 0.85882353
v -2.81370759 1.41226673 -148.55999756 0.65098039 0.74117647 0.85882353
v -2.80099201 1.40421128 -148.55917358 0.65098039 0.74117647 0.85882353
v -2.93779731 1.41423535 -148.44224548 0.65098039 0.74117647 0.85882353
v -2.93676996 1.42078245 -148.46545410 0.65098039 0.74117647 0.85882353
v -2.94471931 1.41677547 -148.44598389 0.65098039 0.74117647 0.85882353
v -2.81407142 1.36882663 -148.52496338 0.65098039 0.74117647 0.85882353
v -2.79857731 1.38172579 -148.53753662 0.65098039 0.74117647 0.85882353
v -2.79262948 1.38020968 -148.53240967 0.65098039 0.74117647 0.85882353
v -2.80874729 1.36662555 -148.52003479 0.65098039 0.74117647 0.85882353
v -2.80093122 1.51312041 -148.56767273 0.65098039 0.74117647 0.85882353
v -2.81609058 1.49781513 -148.55482483 0.65098039 0.74117647 0.85882353
v -2.77421474 1.41412616 -148.57148743 0.65098039 0.74117647 0.85882353
v -2.76373768 1.41326737 -148.56571960 0.65098039 0.74117647 0.85882353
v -2.78133488 1.39622784 -148.55279541 0.65098039 0.74117647 0.85882353
v -2.79018331 1.39918780 -148.55714417 0.65098039 0.74117647 0.85882353
v -2.89906049 1.19889271 -148.49092102 0.65098039 0.74117647 0.85882353
v -2.88077664 1.19751716 -148.50477600 0.65098039 0.74117647 0.85882353
v -2.88605642 1.09838986 -148.51365662 0.65098039 0.74117647 0.85882353
v -2.86692715 1.09978867 -148.52409363 0.65098039 0.74117647 0.85882353
v -2.87451220 1.11654842 -148.52210999 0.65098039 0.74117647 0.85882353
v -2.89342403 1.11564565 -148.51188660 0.65098039 0.74117647 0.85882353
v -2.84422946 1.08357358 -148.54010010 0.65098039 0.74117647 0.85882353
v -2.88006330 1.08021426 -148.51576233 0.65098039 0.74117647 0.85882353
v -2.86085868 1.08219826 -148.52598572 0.65098039 0.74117647 0.85882353
v -2.98387814 1.43639755 -148.46829224 0.65098039 0.74117647 0.85882353
v -2.99635768 1.43264461 -148.45954895 0.65098039 0.74117647 0.85882353
v -2.99186563 1.42471433 -148.45336914 0.65098039 0.74117647 0.85882353
v -2.97791529 1.43020773 -148.46177673 0.65098039 0.74117647 0.85882353
v -2.80278516 0.97139758 -148.53622437 0.65098039 0.74117647 0.85882353
v -2.79991341 0.94073349 -148.53627014 0.65098039 0.74117647 0.85882353
v -2.78352594 0.94002569 -148.56288147 0.65098039 0.74117647 0.85882353
v -2.78912163 0.97168273 -148.56239319 0.65098039 0.74117647 0.85882353
v -3.02289033 1.41107893 -148.45217896 0.65098039 0.74117647 0.85882353
v -3.00671530 1.41785073 -148.45152283 0.65098039 0.74117647 0.85882353
v -3.01063132 1.42757177 -148.45722961 0.65098039 0.74117647 0.85882353
v -3.02456522 1.42292464 -148.45825195 0.65098039 0.74117647 0.85882353
v -2.79534912 0.99784017 -148.56221008 0.65098039 0.74117647 0.85882353
v -2.80846190 0.99988157 -148.53617859 0.65098039 0.74117647 0.85882353
v -2.97514629 1.43546796 -148.48582458 0.65098039 0.74117647 0.85882353
v -2.96906400 1.43083501 -148.48036194 0.65098039 0.74117647 0.85882353
v -2.96667171 1.42843461 -148.50152588 0.65098039 0.74117647 0.85882353
v -2.97140527 1.43412602 -148.50523376 0.65098039 0.74117647 0.85882353
v -2.97347021 1.43337226 -148.52377319 0.65098039 0.74117647 0.85882353
v -2.77332830 0.93554467 -148.58975220 0.65098039 0.74117647 0.85882353
v -2.78143287 0.96373689 -148.58982849 0.65098039 0.74117647 0.85882353
v -2.99930096 1.44195366 -148.46786499 0.65098039 0.74117647 0.85882353
v -3.01245189 1.43748116 -148.46432495 0.65098039 0.74117647 0.85882353
v -3.02564335 1.43514514 -148.46408081 0.65098039 0.74117647 0.85882353
v -3.03869534 1.43544388 -148.46606445 0.65098039 0.74117647 0.85882353
v -2.83682728 1.06714427 -148.53935242 0.65098039 0.74117647 0.85882353
v -2.82331944 1.06675601 -148.55972290 0.65098039 0.74117647 0.85882353
v -2.85888696 0.82462734 -148.49807739 0.65098039 0.74117647 0.85882353
v -2.88756609 0.81985378 -148.49847412 0.65098039 0.74117647 0.85882353
v -2.88124037 0.80192602 -148.51460266 0.65098039 0.74117647 0.85882353
v -2.85024834 0.80645913 -148.51034546 0.65098039 0.74117647 0.85882353
v -2.95056534 0.82478440 -148.52206421 0.65098039 0.74117647 0.85882353
v -2.94509387 0.81002373 -148.54124451 0.65098039 0.74117647 0.85882353
v -2.91431570 0.80435413 -148.52514648 0.65098039 0.74117647 0.85882353
v -2.91816497 0.81953716 -148.50694275 0.65098039 0.74117647 0.85882353
v -2.96917295 0.94860703 -148.48918152 0.65098039 0.74117647 0.85882353
v -2.94120383 0.95129013 -148.47952271 0.65098039 0.74117647 0.85882353
v -2.94132829 0.97277379 -148.48562622 0.65098039 0.74117647 0.85882353
v -2.96889210 0.97035503 -148.49407959 0.65098039 0.74117647 0.85882353
v -2.87341499 1.06313753 -148.51336670 0.65098039 0.74117647 0.85882353
v -2.85364461 1.06539285 -148.52388000 0.65098039 0.74117647 0.85882353
v -2.81571794 1.06422293 -148.58387756 0.65098039 0.74117647 0.85882353
v -2.75519252 0.80708015 -148.61035156 0.65098039 0.74117647 0.85882353
v -2.76194191 0.80703330 -148.57215881 0.65098039 0.74117647 0.85882353
v -2.76516604 0.77492511 -148.57310486 0.65098039 0.74117647 0.85882353
v -2.75682950 0.77440649 -148.60845947 0.65098039 0.74117647 0.85882353
v -2.81458187 0.76916826 -148.52993774 0.65098039 0.74117647 0.85882353
v -2.81413245 0.79485857 -148.52380371 0.65098039 0.74117647 0.85882353
v -2.84774995 0.78662074 -148.51928711 0.65098039 0.74117647 0.85882353
v -2.84743786 0.76479661 -148.52636719 0.65098039 0.74117647 0.85882353
v -2.85129547 1.05785775 -148.69544983 0.65098039 0.74117647 0.85882353
v -2.83637094 1.04236603 -148.67701721 0.65098039 0.74117647 0.85882353
v -2.84894037 1.03761339 -148.69757080 0.65098039 0.74117647 0.85882353
v -2.89596057 1.04788136 -148.74003601 0.65098039 0.74117647 0.85882353
v -2.87811351 1.05114591 -148.72749329 0.65098039 0.74117647 0.85882353
v -2.87825084 1.03061712 -148.73072815 0.65098039 0.74117647 0.85882353
v -2.89575863 1.02740741 -148.74281311 0.65098039 0.74117647 0.85882353
v -2.88764167 0.91285962 -148.72964478 0.65098039 0.74117647 0.85882353
v -2.90156054 0.91404241 -148.73614502 0.65098039 0.74117647 0.85882353
v -2.89978933 0.93614995 -148.73818970 0.65098039 0.74117647 0.85882353
v -2.88449311 0.93592554 -148.72949219 0.65098039 0.74117647 0.85882353
v -2.78020668 0.95475805 -148.61737061 0.65098039 0.74117647 0.85882353
v -2.78818989 0.94661772 -148.64500427 0.65098039 0.74117647 0.85882353
v -2.79423451 0.97083914 -148.64097595 0.65098039 0.74117647 0.85882353
v -2.78761077 0.98051870 -148.61454773 0.65098039 0.74117647 0.85882353
v -2.93995500 0.80071819 -148.56135559 0.65098039 0.74117647 0.85882353
v -2.91364288 0.79262638 -148.54277039 0.65098039 0.74117647 0.85882353
v -2.75917268 0.77418923 -148.64648438 0.65098039 0.74117647 0.85882353
v -2.76035619 0.80799377 -148.64707947 0.65098039 0.74117647 0.85882353
v -2.77664709 0.77460992 -148.68162537 0.65098039 0.74117647 0.85882353
v -2.80578423 0.77563989 -148.70252991 0.65098039 0.74117647 0.85882353
v -2.80667615 0.80754328 -148.70126343 0.65098039 0.74117647 0.85882353
v -2.77811742 0.80754435 -148.67951965 0.65098039 0.74117647 0.85882353
v -2.90954018 0.83009374 -148.70079041 0.65098039 0.74117647 0.85882353
v -2.89309001 0.85336113 -148.71455383 0.65098039 0.74117647 0.85882353
v -2.88885498 0.84485149 -148.70730591 0.65098039 0.74117647 0.85882353
v -2.90855289 0.82720798 -148.69371033 0.65098039 0.74117647 0.85882353
v -2.96148443 0.86215633 -148.49667358 0.65098039 0.74117647 0.85882353
v -2.95672607 0.84371197 -148.50630188 0.65098039 0.74117647 0.85882353
v -2.92566204 0.83812749 -148.49339294 0.65098039 0.74117647 0.85882353
v -2.93189263 0.85950911 -148.48376465 0.65098039 0.74117647 0.85882353
v -2.90003228 1.07741201 -148.51066589 0.65098039 0.74117647 0.85882353
v -2.89419675 1.05914843 -148.50747681 0.65098039 0.74117647 0.85882353
v -2.91971564 1.07438231 -148.50947571 0.65098039 0.74117647 0.85882353
v -2.90580654 1.09628141 -148.50834656 0.65098039 0.74117647 0.85882353
v -2.92565298 1.09450769 -148.50785828 0.65098039 0.74117647 0.85882353
v -2.94302583 1.20659804 -148.47607422 0.65098039 0.74117647 0.85882353
v -2.92009783 1.20173585 -148.48097229 0.65098039 0.74117647 0.85882353
v -2.91442156 1.21632063 -148.47521973 0.65098039 0.74117647 0.85882353
v -2.93794703 1.22139382 -148.46788025 0.65098039 0.74117647 0.85882353
v -2.99336767 1.30670261 -148.43914795 0.65098039 0.74117647 0.85882353
v -2.99531698 1.31958652 -148.43637085 0.65098039 0.74117647 0.85882353
v -2.88349199 0.76638663 -148.53459167 0.65098039 0.74117647 0.85882353
v -2.91835070 0.77652872 -148.55963135 0.65098039 0.74117647 0.85882353
v -2.90670323 0.74570405 -148.55630493 0.65098039 0.74117647 0.85882353
v -2.87675667 0.74218690 -148.53820801 0.65098039 0.74117647 0.85882353
v -2.81611729 0.74191213 -148.53451538 0.65098039 0.74117647 0.85882353
v -2.78971291 0.74392575 -148.54864502 0.65098039 0.74117647 0.85882353
v -2.78605700 0.77329695 -148.54484558 0.65098039 0.74117647 0.85882353
v -2.76877213 0.74389702 -148.57545471 0.65098039 0.74117647 0.85882353
v -2.75832009 0.74269438 -148.61129761 0.65098039 0.74117647 0.85882353
v -2.77660275 0.74200982 -148.68405151 0.65098039 0.74117647 0.85882353
v -2.80672741 0.74275112 -148.70358276 0.65098039 0.74117647 0.85882353
v -2.89773369 0.77130342 -148.69088745 0.65098039 0.74117647 0.85882353
v -2.87156868 0.77204996 -148.70373535 0.65098039 0.74117647 0.85882353
v -2.87235069 0.74521130 -148.69949341 0.65098039 0.74117647 0.85882353
v -2.89832211 0.74590862 -148.68403625 0.65098039 0.74117647 0.85882353
v -2.85023522 0.90530491 -148.71032715 0.65098039 0.74117647 0.85882353
v -2.82281017 0.92329240 -148.69018555 0.65098039 0.74117647 0.85882353
v -2.81902933 0.90279543 -148.68951416 0.65098039 0.74117647 0.85882353
v -2.84410024 0.88740683 -148.70339966 0.65098039 0.74117647 0.85882353
v -2.89433646 1.06817329 -148.73481750 0.65098039 0.74117647 0.85882353
v -2.88028431 1.07209754 -148.72404480 0.65098039 0.74117647 0.85882353
v -2.86457181 1.05428982 -148.71345520 0.65098039 0.74117647 0.85882353
v -2.86740637 1.07536697 -148.71041870 0.65098039 0.74117647 0.85882353
v -2.85520315 1.07829535 -148.69232178 0.65098039 0.74117647 0.85882353
v -2.89800739 1.15975332 -148.71240234 0.65098039 0.74117647 0.85882353
v -2.88266802 1.16065097 -148.69635010 0.65098039 0.74117647 0.85882353
v -2.87984157 1.13917518 -148.70083618 0.65098039 0.74117647 0.85882353
v -2.89489841 1.13790953 -148.71696472 0.65098039 0.74117647 0.85882353
v -2.90248775 1.18285298 -148.70529175 0.65098039 0.74117647 0.85882353
v -2.88743687 1.18410063 -148.68978882 0.65098039 0.74117647 0.85882353
v -2.91509438 1.22613668 -148.68778992 0.65098039 0.74117647 0.85882353
v -2.89760065 1.24034297 -148.67681885 0.65098039 0.74117647 0.85882353
v -2.89791918 1.22287941 -148.67626953 0.65098039 0.74117647 0.85882353
v -2.95628715 1.36725974 -148.62254333 0.65098039 0.74117647 0.85882353
v -2.95076823 1.35641098 -148.63533020 0.65098039 0.74117647 0.85882353
v -2.77096677 0.92756546 -148.61990356 0.65098039 0.74117647 0.85882353
v -2.93554139 0.77515739 -148.59167480 0.65098039 0.74117647 0.85882353
v -2.93741417 0.77336752 -148.62004089 0.65098039 0.74117647 0.85882353
v -2.93315148 0.74740607 -148.61151123 0.65098039 0.74117647 0.85882353
v -2.92690587 0.74747407 -148.58293152 0.65098039 0.74117647 0.85882353
v -2.78837848 0.99007189 -148.58850098 0.65098039 0.74117647 0.85882353
v -2.81876135 1.07723796 -148.60659790 0.65098039 0.74117647 0.85882353
v -2.81387472 1.05947733 -148.60867310 0.65098039 0.74117647 0.85882353
v -2.84985185 1.22805035 -148.59107971 0.65098039 0.74117647 0.85882353
v -2.84939981 1.20575619 -148.58932495 0.65098039 0.74117647 0.85882353
v -2.89020705 1.30474544 -148.67265320 0.65098039 0.74117647 0.85882353
v -2.88688159 1.29314780 -148.67712402 0.65098039 0.74117647 0.85882353
v -2.78333569 0.80347240 -148.54051208 0.65098039 0.74117647 0.85882353
v -2.77814722 0.71005428 -148.68475342 0.65098039 0.74117647 0.85882353
v -2.78095889 0.67939341 -148.68469238 0.65098039 0.74117647 0.85882353
v -2.81007791 0.67946351 -148.70112610 0.65098039 0.74117647 0.85882353
v -2.80796194 0.71078420 -148.70304871 0.65098039 0.74117647 0.85882353
v -2.91267276 0.71681613 -148.65559387 0.65098039 0.74117647 0.85882353
v -2.89651370 0.71699429 -148.67710876 0.65098039 0.74117647 0.85882353
v -2.89341831 0.68695772 -148.66996765 0.65098039 0.74117647 0.85882353
v -2.90723205 0.68670511 -148.64820862 0.65098039 0.74117647 0.85882353
v -2.90144134 0.65633786 -148.64302063 0.65098039 0.74117647 0.85882353
v -2.88863206 0.65583777 -148.66531372 0.65098039 0.74117647 0.85882353
v -2.88725638 0.62580514 -148.65994263 0.65098039 0.74117647 0.85882353
v -2.89728808 0.62758684 -148.63829041 0.65098039 0.74117647 0.85882353
v -2.75983810 0.74156761 -148.65007019 0.65098039 0.74117647 0.85882353
v -2.76272488 0.68200880 -148.61999512 0.65098039 0.74117647 0.85882353
v -2.76338100 0.67948377 -148.65483093 0.65098039 0.74117647 0.85882353
v -2.76189876 0.71002614 -148.65242004 0.65098039 0.74117647 0.85882353
v -2.76079392 0.71209127 -148.61595154 0.65098039 0.74117647 0.85882353
v -2.84524560 0.74019682 -148.53088379 0.65098039 0.74117647 0.85882353
v -2.91649079 0.74553138 -148.66383362 0.65098039 0.74117647 0.85882353
v -2.91742897 0.77008265 -148.67228699 0.65098039 0.74117647 0.85882353
v -2.91478324 0.68520325 -148.60067749 0.65098039 0.74117647 0.85882353
v -2.90649223 0.68471575 -148.57589722 0.65098039 0.74117647 0.85882353
v -2.91665959 0.71581739 -148.57807922 0.65098039 0.74117647 0.85882353
v -2.92468858 0.71642834 -148.60525513 0.65098039 0.74117647 0.85882353
v -2.81163692 0.68655396 -148.54466248 0.65098039 0.74117647 0.85882353
v -2.78886271 0.68680847 -148.56089783 0.65098039 0.74117647 0.85882353
v -2.78961515 0.71497440 -148.55502319 0.65098039 0.74117647 0.85882353
v -2.81408286 0.71420503 -148.53968811 0.65098039 0.74117647 0.85882353
v -2.77065706 0.71436632 -148.58184814 0.65098039 0.74117647 0.85882353
v -2.77206230 0.68503022 -148.58731079 0.65098039 0.74117647 0.85882353
v -2.76536345 0.62353337 -148.62814331 0.65098039 0.74117647 0.85882353
v -2.77016020 0.62115371 -148.65942383 0.65098039 0.74117647 0.85882353
v -2.76598406 0.64982384 -148.65711975 0.65098039 0.74117647 0.85882353
v -2.76399708 0.65240914 -148.62417603 0.65098039 0.74117647 0.85882353
v -2.77234483 0.62785733 -148.59701538 0.65098039 0.74117647 0.85882353
v -2.77239466 0.65623206 -148.59242249 0.65098039 0.74117647 0.85882353
v -2.78753304 0.65876907 -148.56645203 0.65098039 0.74117647 0.85882353
v -2.78599310 0.63118577 -148.57192993 0.65098039 0.74117647 0.85882353
v -2.80646896 0.63322544 -148.55694580 0.65098039 0.74117647 0.85882353
v -2.80875421 0.66001856 -148.55055237 0.65098039 0.74117647 0.85882353
v -2.83317256 0.65929466 -148.54403687 0.65098039 0.74117647 0.85882353
v -2.82889342 0.63370728 -148.54986572 0.65098039 0.74117647 0.85882353
v -2.85812473 0.65854335 -148.54682922 0.65098039 0.74117647 0.85882353
v -2.88029003 0.65813422 -148.55860901 0.65098039 0.74117647 0.85882353
v -2.87172985 0.63234556 -148.56159973 0.65098039 0.74117647 0.85882353
v -2.85132909 0.63303101 -148.55184937 0.65098039 0.74117647 0.85882353
v -2.89861917 0.62960422 -148.59507751 0.65098039 0.74117647 0.85882353
v -2.88873553 0.63099051 -148.57594299 0.65098039 0.74117647 0.85882353
v -2.89749718 0.65697324 -148.57566833 0.65098039 0.74117647 0.85882353
v -2.90598297 0.65618855 -148.59757996 0.65098039 0.74117647 0.85882353
v -2.87318778 0.53079647 -148.58369446 0.65098039 0.74117647 0.85882353
v -2.85786986 0.53423655 -148.57440186 0.65098039 0.74117647 0.85882353
v -2.86615324 0.55789900 -148.57580566 0.65098039 0.74117647 0.85882353
v -2.88139153 0.55472445 -148.58685303 0.65098039 0.74117647 0.85882353
v -2.84346676 0.53696799 -148.56495667 0.65098039 0.74117647 0.85882353
v -2.82674408 0.53902400 -148.55934143 0.65098039 0.74117647 0.85882353
v -2.83347249 0.56165540 -148.56219482 0.65098039 0.74117647 0.85882353
v -2.84995341 0.56007630 -148.56796265 0.65098039 0.74117647 0.85882353
v -2.79762363 0.55975771 -148.57188416 0.65098039 0.74117647 0.85882353
v -2.81528378 0.56191707 -148.56268311 0.65098039 0.74117647 0.85882353
v -2.80897331 0.53915405 -148.56085205 0.65098039 0.74117647 0.85882353
v -2.79212666 0.53641284 -148.57066345 0.65098039 0.74117647 0.85882353
v -2.77537680 0.53232062 -148.58468628 0.65098039 0.74117647 0.85882353
v -2.77845216 0.55611324 -148.58459473 0.65098039 0.74117647 0.85882353
v -2.76801229 0.52611542 -148.60668945 0.65098039 0.74117647 0.85882353
v -2.76799846 0.55015880 -148.60618591 0.65098039 0.74117647 0.85882353
v -2.77150011 0.54431367 -148.63447571 0.65098039 0.74117647 0.85882353
v -2.77144814 0.51985270 -148.63430786 0.65098039 0.74117647 0.85882353
v -2.88539410 0.54433680 -148.64057922 0.65098039 0.74117647 0.85882353
v -2.88172102 0.51919842 -148.63333130 0.65098039 0.74117647 0.85882353
v -2.88756204 0.52400827 -148.61552429 0.65098039 0.74117647 0.85882353
v -2.89272785 0.54848266 -148.62321472 0.65098039 0.74117647 0.85882353
v -2.84952664 0.53914547 -148.67044067 0.65098039 0.74117647 0.85882353
v -2.82650113 0.53898287 -148.68560791 0.65098039 0.74117647 0.85882353
v -2.82779694 0.51300168 -148.67593384 0.65098039 0.74117647 0.85882353
v -2.84824181 0.51332450 -148.66127014 0.65098039 0.74117647 0.85882353
v -2.77204347 0.60105920 -148.60108948 0.65098039 0.74117647 0.85882353
v -2.76661539 0.59591842 -148.63169861 0.65098039 0.74117647 0.85882353
v -2.80436230 0.60764754 -148.56378174 0.65098039 0.74117647 0.85882353
v -2.78451657 0.60513687 -148.57742310 0.65098039 0.74117647 0.85882353
v -2.89260936 0.60406142 -148.59260559 0.65098039 0.74117647 0.85882353
v -2.88069296 0.60605848 -148.57620239 0.65098039 0.74117647 0.85882353
v -2.88598800 0.59732759 -148.65441895 0.65098039 0.74117647 0.85882353
v -2.89518595 0.59989089 -148.63398743 0.65098039 0.74117647 0.85882353
v -2.79594278 0.56557322 -148.68525696 0.65098039 0.74117647 0.85882353
v -2.79399180 0.59257770 -148.68429565 0.65098039 0.74117647 0.85882353
v -2.77342415 0.59350216 -148.66217041 0.65098039 0.74117647 0.85882353
v -2.77665210 0.56658995 -148.66375732 0.65098039 0.74117647 0.85882353
v -2.76986718 0.57519138 -148.60421753 0.65098039 0.74117647 0.85882353
v -2.78209615 0.58033395 -148.58204651 0.65098039 0.74117647 0.85882353
v -2.80153060 0.58335179 -148.56903076 0.65098039 0.74117647 0.85882353
v -2.82030296 0.58496100 -148.56039429 0.65098039 0.74117647 0.85882353
v -2.83905959 0.58476543 -148.56086731 0.65098039 0.74117647 0.85882353
v -2.85643959 0.58381736 -148.56758118 0.65098039 0.74117647 0.85882353
v -2.87337875 0.58185995 -148.57632446 0.65098039 0.74117647 0.85882353
v -2.88700271 0.57939386 -148.58998108 0.65098039 0.74117647 0.85882353
v -2.89438653 0.57353973 -148.62860107 0.65098039 0.74117647 0.85882353
v -2.88577342 0.57003629 -148.64776611 0.65098039 0.74117647 0.85882353
v -2.80156159 0.51361394 -148.67631531 0.65098039 0.74117647 0.85882353
v -2.79830742 0.53806752 -148.68421936 0.65098039 0.74117647 0.85882353
v -2.77822876 0.54065073 -148.66307068 0.65098039 0.74117647 0.85882353
v -2.77944469 0.51541078 -148.65940857 0.65098039 0.74117647 0.85882353
v -2.80329013 0.49135470 -148.66462708 0.65098039 0.74117647 0.85882353
v -2.82518077 0.49035141 -148.66348267 0.65098039 0.74117647 0.85882353
v -2.83673930 0.51372057 -148.55961609 0.65098039 0.74117647 0.85882353
v -2.82021761 0.51553702 -148.55592346 0.65098039 0.74117647 0.85882353
v -2.80310893 0.51502919 -148.55729675 0.65098039 0.74117647 0.85882353
v -2.77142882 0.50781846 -148.58212280 0.65098039 0.74117647 0.85882353
v -2.76680756 0.50035691 -148.60671997 0.65098039 0.74117647 0.85882353
v -2.77237153 0.49356583 -148.63368225 0.65098039 0.74117647 0.85882353
v -2.78300452 0.49320218 -148.65417480 0.65098039 0.74117647 0.85882353
v -2.87076283 0.47282928 -148.60185242 0.65098039 0.74117647 0.85882353
v -2.87790155 0.49956527 -148.60891724 0.65098039 0.74117647 0.85882353
v -2.87289453 0.49474648 -148.62516785 0.65098039 0.74117647 0.85882353
v -2.86516786 0.46826223 -148.61766052 0.65098039 0.74117647 0.85882353
v -2.86088300 0.48038325 -148.57064819 0.65098039 0.74117647 0.85882353
v -2.84913731 0.48479289 -148.55723572 0.65098039 0.74117647 0.85882353
v -2.85056877 0.51041317 -148.56980896 0.65098039 0.74117647 0.85882353
v -2.86334324 0.50697887 -148.58094788 0.65098039 0.74117647 0.85882353
v -2.83215976 0.48773065 -148.54800415 0.65098039 0.74117647 0.85882353
v -2.81411695 0.48918214 -148.54542542 0.65098039 0.74117647 0.85882353
v -2.79584694 0.48953021 -148.54798889 0.65098039 0.74117647 0.85882353
v -2.76647520 0.48064500 -148.57881165 0.65098039 0.74117647 0.85882353
v -2.78458381 0.51290452 -148.56570435 0.65098039 0.74117647 0.85882353
v -2.77817845 0.48683634 -148.55880737 0.65098039 0.74117647 0.85882353
v -2.76316881 0.47199079 -148.60775757 0.65098039 0.74117647 0.85882353
v -2.77462673 0.43403369 -148.63056946 0.65098039 0.74117647 0.85882353
v -2.77734184 0.46391746 -148.63546753 0.65098039 0.74117647 0.85882353
v -2.75868368 0.44223064 -148.60511780 0.65098039 0.74117647 0.85882353
v -2.79738975 0.33701751 -148.61997986 0.65098039 0.74117647 0.85882353
v -2.77281618 0.34059113 -148.61190796 0.65098039 0.74117647 0.85882353
v -2.77621317 0.30691159 -148.60478210 0.65098039 0.74117647 0.85882353
v -2.79729915 0.30332747 -148.61175537 0.65098039 0.74117647 0.85882353
v -2.86177421 0.44005334 -148.61082458 0.65098039 0.74117647 0.85882353
v -2.86910844 0.44349232 -148.59266663 0.65098039 0.74117647 0.85882353
v -2.86123157 0.45134726 -148.55931091 0.65098039 0.74117647 0.85882353
v -2.84742284 0.45625862 -148.54534912 0.65098039 0.74117647 0.85882353
v -2.75737000 0.42155918 -148.56790161 0.65098039 0.74117647 0.85882353
v -2.76073813 0.45162094 -148.57508850 0.65098039 0.74117647 0.85882353
v -2.77236795 0.45803055 -148.55290222 0.65098039 0.74117647 0.85882353
v -2.76922464 0.42775607 -148.54550171 0.65098039 0.74117647 0.85882353
v -2.86138964 0.34505764 -148.59242249 0.65098039 0.74117647 0.85882353
v -2.86837721 0.34748191 -148.57472229 0.65098039 0.74117647 0.85882353
v -2.87134886 0.38049179 -148.57968140 0.65098039 0.74117647 0.85882353
v -2.86362696 0.37760940 -148.59851074 0.65098039 0.74117647 0.85882353
v -2.84892845 0.42482787 -148.53649902 0.65098039 0.74117647 0.85882353
v -2.86266661 0.41992843 -148.55111694 0.65098039 0.74117647 0.85882353
v -2.86226177 0.38783434 -148.54504395 0.65098039 0.74117647 0.85882353
v -2.84843802 0.39200634 -148.53094482 0.65098039 0.74117647 0.85882353
v -2.75910139 0.35410315 -148.55984497 0.65098039 0.74117647 0.85882353
v -2.75674248 0.38911381 -148.56288147 0.65098039 0.74117647 0.85882353
v -2.76773500 0.39480349 -148.54037476 0.65098039 0.74117647 0.85882353
v -2.76864743 0.35857961 -148.53822327 0.65098039 0.74117647 0.85882353
v -2.77216196 0.40467104 -148.62496948 0.65098039 0.74117647 0.85882353
v -2.75609732 0.41282713 -148.59841919 0.65098039 0.74117647 0.85882353
v -2.75620914 0.38178298 -148.59217834 0.65098039 0.74117647 0.85882353
v -2.77080631 0.37329388 -148.61827087 0.65098039 0.74117647 0.85882353
v -2.79886889 0.40136158 -148.63307190 0.65098039 0.74117647 0.85882353
v -2.79733348 0.37033567 -148.62664795 0.65098039 0.74117647 0.85882353
v -2.85309720 0.27619934 -148.56756592 0.65098039 0.74117647 0.85882353
v -2.86088181 0.31264761 -148.57080078 0.65098039 0.74117647 0.85882353
v -2.85474730 0.30915838 -148.58691406 0.65098039 0.74117647 0.85882353
v -2.84727907 0.27203494 -148.58142090 0.65098039 0.74117647 0.85882353
v -2.84480143 0.35729191 -148.52873230 0.65098039 0.74117647 0.85882353
v -2.85875368 0.35385555 -148.54212952 0.65098039 0.74117647 0.85882353
v -2.85242391 0.31791767 -148.54182434 0.65098039 0.74117647 0.85882353
v -2.83993506 0.32052365 -148.52970886 0.65098039 0.74117647 0.85882353
v -2.76737761 0.27797443 -148.55563354 0.65098039 0.74117647 0.85882353
v -2.76269054 0.31680632 -148.55726624 0.65098039 0.74117647 0.85882353
v -2.77237892 0.32011777 -148.53753662 0.65098039 0.74117647 0.85882353
v -2.77702975 0.28139007 -148.53768921 0.65098039 0.74117647 0.85882353
v -2.77890301 0.27013105 -148.59719849 0.65098039 0.74117647 0.85882353
v -2.76193285 0.31210190 -148.58380127 0.65098039 0.74117647 0.85882353
v -2.76586938 0.27411392 -148.57833862 0.65098039 0.74117647 0.85882353
v -2.78233171 0.23325145 -148.59281921 0.65098039 0.74117647 0.85882353
v -2.79791975 0.23071522 -148.59898376 0.65098039 0.74117647 0.85882353
v -2.79801297 0.26719674 -148.60414124 0.65098039 0.74117647 0.85882353
v -2.83984303 0.23746568 -148.57704163 0.65098039 0.74117647 0.85882353
v -2.84657168 0.24049437 -148.56513977 0.65098039 0.74117647 0.85882353
v -2.84355855 0.24515384 -148.54277039 0.65098039 0.74117647 0.85882353
v -2.83418059 0.24855572 -148.53205872 0.65098039 0.74117647 0.85882353
v -2.83583736 0.28404206 -148.53109741 0.65098039 0.74117647 0.85882353
v -2.84663534 0.28107467 -148.54205322 0.65098039 0.74117647 0.85882353
v -2.80428004 0.28369987 -148.52183533 0.65098039 0.74117647 0.85882353
v -2.82072020 0.28484669 -148.52383423 0.65098039 0.74117647 0.85882353
v -2.82044888 0.24945319 -148.52557373 0.65098039 0.74117647 0.85882353
v -2.80550790 0.24812007 -148.52438354 0.65098039 0.74117647 0.85882353
v -2.78260541 0.24590319 -148.53910828 0.65098039 0.74117647 0.85882353
v -2.78948331 0.28310981 -148.52636719 0.65098039 0.74117647 0.85882353
v -2.79326200 0.24747914 -148.52890015 0.65098039 0.74117647 0.85882353
v -2.77267694 0.24305022 -148.55525208 0.65098039 0.74117647 0.85882353
v -2.77038527 0.23768967 -148.57604980 0.65098039 0.74117647 0.85882353
v -2.94033432 0.80293220 -148.61892700 0.65098039 0.74117647 0.85882353
v -2.93442917 0.80159426 -148.64334106 0.65098039 0.74117647 0.85882353
v -2.93642974 0.79132569 -148.63098145 0.65098039 0.74117647 0.85882353
v -2.93838239 0.79578710 -148.60462952 0.65098039 0.74117647 0.85882353
v -2.86993098 0.68404883 -148.68978882 0.65098039 0.74117647 0.85882353
v -2.87110329 0.71615291 -148.69483948 0.65098039 0.74117647 0.85882353
v -2.86850953 0.62329328 -148.67932129 0.65098039 0.74117647 0.85882353
v -2.86784244 0.65242714 -148.68531799 0.65098039 0.74117647 0.85882353
v -2.86859536 0.59477389 -148.67251587 0.65098039 0.74117647 0.85882353
v -2.86905169 0.56700313 -148.66487122 0.65098039 0.74117647 0.85882353
v -2.87054467 0.54019701 -148.65686035 0.65098039 0.74117647 0.85882353
v -2.86729670 0.51455021 -148.64799500 0.65098039 0.74117647 0.85882353
v -2.86005092 0.48972836 -148.63964844 0.65098039 0.74117647 0.85882353
v -2.85256839 0.46317258 -148.63336182 0.65098039 0.74117647 0.85882353
v -2.84694600 0.40687579 -148.62139893 0.65098039 0.74117647 0.85882353
v -2.86246014 0.40955359 -148.60404968 0.65098039 0.74117647 0.85882353
v -2.84765005 0.43563887 -148.62713623 0.65098039 0.74117647 0.85882353
v -2.84464860 0.34182501 -148.60972595 0.65098039 0.74117647 0.85882353
v -2.84659195 0.37558058 -148.61585999 0.65098039 0.74117647 0.85882353
v -2.84046507 0.30517918 -148.60221863 0.65098039 0.74117647 0.85882353
v -2.83482885 0.26812759 -148.59465027 0.65098039 0.74117647 0.85882353
v -2.82843065 0.23372972 -148.58900452 0.65098039 0.74117647 0.85882353
v -2.83863974 0.83046085 -148.70744324 0.65098039 0.74117647 0.85882353
v -2.86829400 0.82082880 -148.70726013 0.65098039 0.74117647 0.85882353
v -2.86599779 0.83906746 -148.70793152 0.65098039 0.74117647 0.85882353
v -2.83873820 0.85295558 -148.70570374 0.65098039 0.74117647 0.85882353
v -2.92397547 0.81541204 -148.67745972 0.65098039 0.74117647 0.85882353
v -2.91851330 0.81997192 -148.68797302 0.65098039 0.74117647 0.85882353
v -2.91808748 0.81921381 -148.68133545 0.65098039 0.74117647 0.85882353
v -2.92479205 0.81546474 -148.66999817 0.65098039 0.74117647 0.85882353
v -2.76854873 0.56989837 -148.63421631 0.65098039 0.74117647 0.85882353
v -2.82458806 0.60882169 -148.55586243 0.65098039 0.74117647 0.85882353
v -2.84486294 0.60863483 -148.55744934 0.65098039 0.74117647 0.85882353
v -2.86358237 0.60767561 -148.56513977 0.65098039 0.74117647 0.85882353
v -2.84891772 0.56479228 -148.68090820 0.65098039 0.74117647 0.85882353
v -2.84638047 0.59271419 -148.68667603 0.65098039 0.74117647 0.85882353
v -2.82125616 0.59241301 -148.69277954 0.65098039 0.74117647 0.85882353
v -2.82412291 0.56541038 -148.69026184 0.65098039 0.74117647 0.85882353
v -2.80179548 0.42779371 -148.63903809 0.65098039 0.74117647 0.85882353
v -2.82432890 0.40313447 -148.62992859 0.65098039 0.74117647 0.85882353
v -2.82670856 0.43086749 -148.63697815 0.65098039 0.74117647 0.85882353
v -2.80312967 0.45234564 -148.64567566 0.65098039 0.74117647 0.85882353
v -2.80926704 0.46165165 -148.53421021 0.65098039 0.74117647 0.85882353
v -2.78975248 0.46153831 -148.53869629 0.65098039 0.74117647 0.85882353
v -2.82911301 0.42933163 -148.52731323 0.65098039 0.74117647 0.85882353
v -2.80779290 0.43160436 -148.52432251 0.65098039 0.74117647 0.85882353
v -2.82894874 0.45982000 -148.53723145 0.65098039 0.74117647 0.85882353
v -2.84185767 0.64915574 -148.69766235 0.65098039 0.74117647 0.85882353
v -2.81323338 0.64912105 -148.69851685 0.65098039 0.74117647 0.85882353
v -2.81726503 0.62013686 -148.69541931 0.65098039 0.74117647 0.85882353
v -2.84471774 0.62093639 -148.69293213 0.65098039 0.74117647 0.85882353
v -2.88206673 1.13263202 -148.51960754 0.65098039 0.74117647 0.85882353
v -2.89980245 1.13309145 -148.50997925 0.65098039 0.74117647 0.85882353
v -2.84956813 1.26157272 -148.62348938 0.65098039 0.74117647 0.85882353
v -2.85022473 1.24670339 -148.61010742 0.65098039 0.74117647 0.85882353
v -2.85641599 1.24020827 -148.62545776 0.65098039 0.74117647 0.85882353
v -2.85450435 1.25495195 -148.63526917 0.65098039 0.74117647 0.85882353
v -2.84673357 1.25638533 -148.59773254 0.65098039 0.74117647 0.85882353
v -2.84699345 1.27082145 -148.61201477 0.65098039 0.74117647 0.85882353
v -2.84721661 1.28201008 -148.59919739 0.65098039 0.74117647 0.85882353
v -2.84627295 1.26789498 -148.58613586 0.65098039 0.74117647 0.85882353
v -2.86217237 1.33288145 -148.54090881 0.65098039 0.74117647 0.85882353
v -2.86150813 1.34436560 -148.53665161 0.65098039 0.74117647 0.85882353
v -2.90823650 1.20535040 -148.69764709 0.65098039 0.74117647 0.85882353
v -2.92667460 1.20295227 -148.70967102 0.65098039 0.74117647 0.85882353
v -2.93240571 1.22300744 -148.70042419 0.65098039 0.74117647 0.85882353
v -2.86274195 1.03334165 -148.71548462 0.65098039 0.74117647 0.85882353
v -2.84836650 0.93836427 -148.70391846 0.65098039 0.74117647 0.85882353
v -2.87280869 0.90950334 -148.72088623 0.65098039 0.74117647 0.85882353
v -2.86751413 0.93601143 -148.71835327 0.65098039 0.74117647 0.85882353
v -2.91035223 0.85008115 -148.71795654 0.65098039 0.74117647 0.85882353
v -2.96521950 1.17293549 -148.49099731 0.65098039 0.74117647 0.85882353
v -2.96743393 1.19192708 -148.48461914 0.65098039 0.74117647 0.85882353
v -3.01591349 1.32660937 -148.44662476 0.65098039 0.74117647 0.85882353
v -3.03483868 1.32141018 -148.46003723 0.65098039 0.74117647 0.85882353
v -3.01984549 1.34929109 -148.44519043 0.65098039 0.74117647 0.85882353
v -3.02171326 1.36045873 -148.44551086 0.65098039 0.74117647 0.85882353
v -3.03870559 1.35523534 -148.45666504 0.65098039 0.74117647 0.85882353
v -3.03757644 1.34447122 -148.45762634 0.65098039 0.74117647 0.85882353
v -3.04036808 1.42056274 -148.46070862 0.65098039 0.74117647 0.85882353
v -3.04020929 1.40697050 -148.45692444 0.65098039 0.74117647 0.85882353
v -2.93107462 0.81311148 -148.65713501 0.65098039 0.74117647 0.85882353
v -2.92728877 0.81304097 -148.66302490 0.65098039 0.74117647 0.85882353
v -2.93426180 0.81109285 -148.64694214 0.65098039 0.74117647 0.85882353
v -2.89596295 0.79379296 -148.69596863 0.65098039 0.74117647 0.85882353
v -2.91552901 0.79003727 -148.67953491 0.65098039 0.74117647 0.85882353
v -2.91301346 0.80562222 -148.68453979 0.65098039 0.74117647 0.85882353
v -2.89400196 0.81195813 -148.69953918 0.65098039 0.74117647 0.85882353
v -2.75517678 0.83884358 -148.61375427 0.65098039 0.74117647 0.85882353
v -2.75982332 0.84050995 -148.57511902 0.65098039 0.74117647 0.85882353
v -2.88182950 0.78632706 -148.52642822 0.65098039 0.74117647 0.85882353
v -2.73139715 1.45628881 -148.59156799 0.65098039 0.74117647 0.85882353
v -2.72293234 1.46174765 -148.58287048 0.65098039 0.74117647 0.85882353
v -2.73784733 1.43864870 -148.56968689 0.65098039 0.74117647 0.85882353
v -2.74675894 1.43384504 -148.57846069 0.65098039 0.74117647 0.85882353
v -2.97772002 1.24865544 -148.45463562 0.65098039 0.74117647 0.85882353
v -2.96582627 1.23101568 -148.46363831 0.65098039 0.74117647 0.85882353
v -2.96089864 1.42336750 -148.49832153 0.65098039 0.74117647 0.85882353
v -2.92385244 1.42484355 -148.46472168 0.65098039 0.74117647 0.85882353
v -2.92280126 1.42995954 -148.48973083 0.65098039 0.74117647 0.85882353
v -2.92915559 1.42455554 -148.48895264 0.65098039 0.74117647 0.85882353
v -2.93032122 1.42171073 -148.46456909 0.65098039 0.74117647 0.85882353
v -2.90422583 1.36795187 -148.42182922 0.65098039 0.74117647 0.85882353
v -2.90967512 1.38338757 -148.42292786 0.65098039 0.74117647 0.85882353
v -2.92177677 1.37869513 -148.42100525 0.65098039 0.74117647 0.85882353
v -2.91850829 1.36151314 -148.41920471 0.65098039 0.74117647 0.85882353
v -2.96942401 0.92652339 -148.48641968 0.65098039 0.74117647 0.85882353
v -2.94133258 0.92869103 -148.47578430 0.65098039 0.74117647 0.85882353
v -2.97206187 1.11323488 -148.51419067 0.65098039 0.74117647 0.85882353
v -2.95271850 1.11356401 -148.50729370 0.65098039 0.74117647 0.85882353
v -2.95887065 1.13320804 -148.50242615 0.65098039 0.74117647 0.85882353
v -2.97798395 1.13399208 -148.50927734 0.65098039 0.74117647 0.85882353
v -2.94249821 1.24480438 -148.45315552 0.65098039 0.74117647 0.85882353
v -2.92304325 1.23662591 -148.46159363 0.65098039 0.74117647 0.85882353
v -2.93178177 1.30093193 -148.68698120 0.65098039 0.74117647 0.85882353
v -2.93619132 1.31864715 -148.67509460 0.65098039 0.74117647 0.85882353
v -2.92280674 1.32333302 -148.66772461 0.65098039 0.74117647 0.85882353
v -2.91811204 1.30824971 -148.67993164 0.65098039 0.74117647 0.85882353
v -2.75552154 1.42802978 -148.52847290 0.65098039 0.74117647 0.85882353
v -2.77200937 1.40212548 -148.52162170 0.65098039 0.74117647 0.85882353
v -2.76916862 1.40047288 -148.53373718 0.65098039 0.74117647 0.85882353
v -2.75012422 1.42364371 -148.54487610 0.65098039 0.74117647 0.85882353
v -2.78353381 0.83905971 -148.53703308 0.65098039 0.74117647 0.85882353
v -2.81649256 0.81953073 -148.51657104 0.65098039 0.74117647 0.85882353
v -2.86650610 1.16587663 -148.52363586 0.65098039 0.74117647 0.85882353
v -2.88436985 1.16568303 -148.50756836 0.65098039 0.74117647 0.85882353
v -2.88480711 1.14873278 -148.51376343 0.65098039 0.74117647 0.85882353
v -2.86702895 1.14878488 -148.52893066 0.65098039 0.74117647 0.85882353
v -2.86286592 1.21198297 -148.51971436 0.65098039 0.74117647 0.85882353
v -2.86546350 1.19757175 -148.52139282 0.65098039 0.74117647 0.85882353
v -2.85923147 1.22516811 -148.51547241 0.65098039 0.74117647 0.85882353
v -2.84155369 1.32794774 -148.49832153 0.65098039 0.74117647 0.85882353
v -2.84229326 1.32853723 -148.50502014 0.65098039 0.74117647 0.85882353
v -2.83534169 1.34001350 -148.50704956 0.65098039 0.74117647 0.85882353
v -2.87002301 0.79845548 -148.70619202 0.65098039 0.74117647 0.85882353
v -2.86616492 0.86687362 -148.71041870 0.65098039 0.74117647 0.85882353
v -2.87205601 0.87781775 -148.71578979 0.65098039 0.74117647 0.85882353
v -2.92890453 0.81337142 -148.66699219 0.65098039 0.74117647 0.85882353
v -2.97534394 1.44096661 -148.50952148 0.65098039 0.74117647 0.85882353
v -2.97662735 1.44023919 -148.52667236 0.65098039 0.74117647 0.85882353
v -2.82061982 1.37411726 -148.52839661 0.65098039 0.74117647 0.85882353
v -2.80597162 1.38581860 -148.54145813 0.65098039 0.74117647 0.85882353
v -2.84893155 1.30828083 -148.50900269 0.65098039 0.74117647 0.85882353
v -2.85221744 1.31394982 -148.52006531 0.65098039 0.74117647 0.85882353
v -2.85068369 1.32756233 -148.52008057 0.65098039 0.74117647 0.85882353
v -2.84725285 1.32215858 -148.51177979 0.65098039 0.74117647 0.85882353
v -2.84552240 1.31894517 -148.50367737 0.65098039 0.74117647 0.85882353
v -2.84856367 1.30524278 -148.49851990 0.65098039 0.74117647 0.85882353
v -2.89110255 1.38790393 -148.56491089 0.65098039 0.74117647 0.85882353
v -2.89775419 1.38792586 -148.56916809 0.65098039 0.74117647 0.85882353
v -2.90377355 1.40409088 -148.55674744 0.65098039 0.74117647 0.85882353
v -2.89625621 1.40554130 -148.55390930 0.65098039 0.74117647 0.85882353
v -2.90492392 1.38421488 -148.57600403 0.65098039 0.74117647 0.85882353
v -2.91404557 1.38155806 -148.58447266 0.65098039 0.74117647 0.85882353
v -2.92107368 1.39646769 -148.56816101 0.65098039 0.74117647 0.85882353
v -2.91159606 1.40039992 -148.56040955 0.65098039 0.74117647 0.85882353
v -2.95611501 1.41994405 -148.52352905 0.65098039 0.74117647 0.85882353
v -2.96450281 1.41815066 -148.54707336 0.65098039 0.74117647 0.85882353
v -2.97477508 1.41461182 -148.56611633 0.65098039 0.74117647 0.85882353
v -2.98416471 1.41160560 -148.58033752 0.65098039 0.74117647 0.85882353
v -3.03929758 1.39253664 -148.45520020 0.65098039 0.74117647 0.85882353
v -3.03933167 1.37850833 -148.45570374 0.65098039 0.74117647 0.85882353
v -3.02181149 1.38269043 -148.44705200 0.65098039 0.74117647 0.85882353
v -3.01937985 1.39704847 -148.44764709 0.65098039 0.74117647 0.85882353
v -2.98007321 1.43219459 -148.54145813 0.65098039 0.74117647 0.85882353
v -2.98839021 1.43199039 -148.55709839 0.65098039 0.74117647 0.85882353
v -2.99366593 1.42419767 -148.57019043 0.65098039 0.74117647 0.85882353
v -2.78954840 1.51834047 -148.55389404 0.65098039 0.74117647 0.85882353
v -2.80518675 1.50335121 -148.54072571 0.65098039 0.74117647 0.85882353
v -2.98751354 1.44397354 -148.47773743 0.65098039 0.74117647 0.85882353
v -2.97926092 1.44266868 -148.49299622 0.65098039 0.74117647 0.85882353
v -2.79029536 1.50288343 -148.53009033 0.65098039 0.74117647 0.85882353
v -2.77360535 1.51852226 -148.54376221 0.65098039 0.74117647 0.85882353
v -2.92673254 1.41970754 -148.51731873 0.65098039 0.74117647 0.85882353
v -2.93470120 1.42125893 -148.49092102 0.65098039 0.74117647 0.85882353
v -2.92171931 1.42216754 -148.51409912 0.65098039 0.74117647 0.85882353
v -2.98141193 1.43965173 -148.54341125 0.65098039 0.74117647 0.85882353
v -2.98868346 1.44005537 -148.55865479 0.65098039 0.74117647 0.85882353
v -2.76186967 0.87288630 -148.58178711 0.65098039 0.74117647 0.85882353
v -2.75874662 0.86938572 -148.61735535 0.65098039 0.74117647 0.85882353
v -2.83521676 1.12999177 -148.59693909 0.65098039 0.74117647 0.85882353
v -2.83920670 1.13197649 -148.57403564 0.65098039 0.74117647 0.85882353
v -2.91634226 1.15739477 -148.72444153 0.65098039 0.74117647 0.85882353
v -2.91318822 1.13570666 -148.72898865 0.65098039 0.74117647 0.85882353
v -3.00976062 1.44798422 -148.57328796 0.65098039 0.74117647 0.85882353
v -2.88598967 1.09420645 -148.72189331 0.65098039 0.74117647 0.85882353
v -2.90344119 1.08906412 -148.73413086 0.65098039 0.74117647 0.85882353
v -2.90904260 1.11344957 -148.73161316 0.65098039 0.74117647 0.85882353
v -2.89112782 1.11630106 -148.71955872 0.65098039 0.74117647 0.85882353
v -2.90624452 1.06431484 -148.74049377 0.65098039 0.74117647 0.85882353
v -2.90606523 1.05399561 -148.74285889 0.65098039 0.74117647 0.85882353
v -2.89233303 0.89376664 -148.72761536 0.65098039 0.74117647 0.85882353
v -2.90293169 0.89517057 -148.73364258 0.65098039 0.74117647 0.85882353
v -2.85671425 1.45490646 -148.53785706 0.65098039 0.74117647 0.85882353
v -2.86627245 1.44824576 -148.53088379 0.65098039 0.74117647 0.85882353
v -2.86796403 1.45996618 -148.51498413 0.65098039 0.74117647 0.85882353
v -2.85657358 1.46712589 -148.52201843 0.65098039 0.74117647 0.85882353
v -2.87234020 1.09707260 -148.70687866 0.65098039 0.74117647 0.85882353
v -2.86014652 1.09920013 -148.68775940 0.65098039 0.74117647 0.85882353
v -2.86341858 1.33096182 -148.55744934 0.65098039 0.74117647 0.85882353
v -2.86085606 1.32019496 -148.54547119 0.65098039 0.74117647 0.85882353
v -2.93583393 1.24555945 -148.69696045 0.65098039 0.74117647 0.85882353
v -2.90571213 1.31412876 -148.67195129 0.65098039 0.74117647 0.85882353
v -2.91058040 1.32707238 -148.66006470 0.65098039 0.74117647 0.85882353
v -2.89912891 1.32939887 -148.65209961 0.65098039 0.74117647 0.85882353
v -2.89444399 1.31751204 -148.66407776 0.65098039 0.74117647 0.85882353
v -2.93308783 0.81477523 -148.65664673 0.65098039 0.74117647 0.85882353
v -2.81104517 1.41749573 -148.46775818 0.65098039 0.74117647 0.85882353
v -2.81967688 1.40654278 -148.45953369 0.65098039 0.74117647 0.85882353
v -2.81491089 1.39952040 -148.46612549 0.65098039 0.74117647 0.85882353
v -2.80599999 1.41187668 -148.47387695 0.65098039 0.74117647 0.85882353
v -2.92857814 0.78861177 -148.65687561 0.65098039 0.74117647 0.85882353
v -2.92968941 0.77067280 -148.64750671 0.65098039 0.74117647 0.85882353
v -2.93783712 0.79803282 -148.58406067 0.65098039 0.74117647 0.85882353
v -2.94473648 0.80332601 -148.60392761 0.65098039 0.74117647 0.85882353
v -2.84055901 0.74292457 -148.70773315 0.65098039 0.74117647 0.85882353
v -2.83932781 0.77446193 -148.70904541 0.65098039 0.74117647 0.85882353
v -2.84106278 0.71166438 -148.70561218 0.65098039 0.74117647 0.85882353
v -2.84121203 0.67949235 -148.70201111 0.65098039 0.74117647 0.85882353
v -2.84235501 0.48815536 -148.65107727 0.65098039 0.74117647 0.85882353
v -2.82989860 0.45993948 -148.64622498 0.65098039 0.74117647 0.85882353
v -2.82261801 0.37224799 -148.62306213 0.65098039 0.74117647 0.85882353
v -2.82126141 0.33892921 -148.61598206 0.65098039 0.74117647 0.85882353
v -2.81920838 0.30303195 -148.60877991 0.65098039 0.74117647 0.85882353
v -2.81711578 0.26603144 -148.60124207 0.65098039 0.74117647 0.85882353
v -2.81389427 0.23069322 -148.59698486 0.65098039 0.74117647 0.85882353
v -2.75700474 1.51506138 -148.53860474 0.65098039 0.74117647 0.85882353
v -2.77338362 1.49692798 -148.52301025 0.65098039 0.74117647 0.85882353
v -2.75757098 1.49010873 -148.52464294 0.65098039 0.74117647 0.85882353
v -2.74143529 1.50962090 -148.53974915 0.65098039 0.74117647 0.85882353
v -2.78614235 1.41867399 -148.57435608 0.65098039 0.74117647 0.85882353
v -2.79963946 1.42630196 -148.57530212 0.65098039 0.74117647 0.85882353
v -2.78454208 1.44253707 -148.58923340 0.65098039 0.74117647 0.85882353
v -2.77109933 1.43583822 -148.58758545 0.65098039 0.74117647 0.85882353
v -2.75554156 1.45463705 -148.60064697 0.65098039 0.74117647 0.85882353
v -2.74263883 1.45368791 -148.59741211 0.65098039 0.74117647 0.85882353
v -2.75858974 1.43250322 -148.58419800 0.65098039 0.74117647 0.85882353
v -2.71921682 1.47013855 -148.57183838 0.65098039 0.74117647 0.85882353
v -2.71954656 1.48058844 -148.56091309 0.65098039 0.74117647 0.85882353
v -2.73503065 1.45668697 -148.54586792 0.65098039 0.74117647 0.85882353
v -2.73298836 1.44753456 -148.55879211 0.65098039 0.74117647 0.85882353
v -2.72970009 1.50191593 -148.54492188 0.65098039 0.74117647 0.85882353
v -2.74563456 1.48207259 -148.53019714 0.65098039 0.74117647 0.85882353
v -2.73828149 1.47096539 -148.53698730 0.65098039 0.74117647 0.85882353
v -2.72230792 1.49180126 -148.55229187 0.65098039 0.74117647 0.85882353
v -2.79400015 1.47822773 -148.60017395 0.65098039 0.74117647 0.85882353
v -2.78231311 1.46727729 -148.60264587 0.65098039 0.74117647 0.85882353
v -2.79780936 1.45140004 -148.58889771 0.65098039 0.74117647 0.85882353
v -2.80935073 1.46289968 -148.58657837 0.65098039 0.74117647 0.85882353
v -2.86186743 1.46554816 -148.49407959 0.65098039 0.74117647 0.85882353
v -2.84922576 1.47297812 -148.50338745 0.65098039 0.74117647 0.85882353
v -2.86304760 1.37513971 -148.53855896 0.65098039 0.74117647 0.85882353
v -2.86785817 1.39425743 -148.54234314 0.65098039 0.74117647 0.85882353
v -2.86458898 1.40059733 -148.53968811 0.65098039 0.74117647 0.85882353
v -2.85862637 1.38296199 -148.53372192 0.65098039 0.74117647 0.85882353
v -2.83074069 1.48427415 -148.54293823 0.65098039 0.74117647 0.85882353
v -2.84419584 1.47456074 -148.53179932 0.65098039 0.74117647 0.85882353
v -2.83563304 1.48093379 -148.51539612 0.65098039 0.74117647 0.85882353
v -2.82069612 1.49052739 -148.52822876 0.65098039 0.74117647 0.85882353
v -2.82434440 1.44808221 -148.57331848 0.65098039 0.74117647 0.85882353
v -2.81316948 1.43670654 -148.57518005 0.65098039 0.74117647 0.85882353
v -2.82642913 1.42256618 -148.56076050 0.65098039 0.74117647 0.85882353
v -2.83720851 1.43454576 -148.56121826 0.65098039 0.74117647 0.85882353
v -2.75473189 1.41663003 -148.55682373 0.65098039 0.74117647 0.85882353
v -2.77378702 1.39654028 -148.54502869 0.65098039 0.74117647 0.85882353
v -2.86063004 1.43172073 -148.54092407 0.65098039 0.74117647 0.85882353
v -2.85240293 1.43950319 -148.54814148 0.65098039 0.74117647 0.85882353
v -2.86035609 1.31866193 -148.56459045 0.65098039 0.74117647 0.85882353
v -2.85314894 1.28996539 -148.52627563 0.65098039 0.74117647 0.85882353
v -2.85278082 1.30206275 -148.52230835 0.65098039 0.74117647 0.85882353
v -2.85346866 1.27112293 -148.64051819 0.65098039 0.74117647 0.85882353
v -2.85365820 1.28648329 -148.63951111 0.65098039 0.74117647 0.85882353
v -2.84603715 1.25639725 -148.56826782 0.65098039 0.74117647 0.85882353
v -2.84870195 1.27088428 -148.55702209 0.65098039 0.74117647 0.85882353
v -2.84999347 1.27629602 -148.63023376 0.65098039 0.74117647 0.85882353
v -2.85139632 1.28650272 -148.63154602 0.65098039 0.74117647 0.85882353
v -2.88018012 1.20305276 -148.66796875 0.65098039 0.74117647 0.85882353
v -2.99029851 1.41734242 -148.57391357 0.65098039 0.74117647 0.85882353
v -2.84568429 1.46283937 -148.54675293 0.65098039 0.74117647 0.85882353
v -2.84338713 1.44810915 -148.55662537 0.65098039 0.74117647 0.85882353
v -2.78699923 1.38454175 -148.51504517 0.65098039 0.74117647 0.85882353
v -2.80174613 1.36939335 -148.50807190 0.65098039 0.74117647 0.85882353
v -2.80481744 1.36719251 -148.51422119 0.65098039 0.74117647 0.85882353
v -2.78768730 1.38189089 -148.52413940 0.65098039 0.74117647 0.85882353
v -2.90418625 1.27247536 -148.44598389 0.65098039 0.74117647 0.85882353
v -2.92283869 1.25753641 -148.44708252 0.65098039 0.74117647 0.85882353
v -2.90764427 1.24967992 -148.45538330 0.65098039 0.74117647 0.85882353
v -2.89163804 1.26552463 -148.45353699 0.65098039 0.74117647 0.85882353
v -2.81818247 1.43367267 -148.46353149 0.65098039 0.74117647 0.85882353
v -2.82184696 1.44584751 -148.46664429 0.65098039 0.74117647 0.85882353
v -2.83374977 1.43680525 -148.45503235 0.65098039 0.74117647 0.85882353
v -2.82803535 1.42460990 -148.45401001 0.65098039 0.74117647 0.85882353
v -2.84126043 1.45014024 -148.46064758 0.65098039 0.74117647 0.85882353
v -2.82810497 1.45930219 -148.47355652 0.65098039 0.74117647 0.85882353
v -2.83767295 1.46963477 -148.48582458 0.65098039 0.74117647 0.85882353
v -2.85092235 1.46162260 -148.47406006 0.65098039 0.74117647 0.85882353
v -2.79809523 0.91141474 -148.53193665 0.65098039 0.74117647 0.85882353
v -2.77872467 0.90939611 -148.55943298 0.65098039 0.74117647 0.85882353
v -2.81718564 1.05329084 -148.63237000 0.65098039 0.74117647 0.85882353
v -2.82504988 1.04740429 -148.65498352 0.65098039 0.74117647 0.85882353
v -2.82631516 0.94797850 -148.68577576 0.65098039 0.74117647 0.85882353
v -2.88955426 0.83586621 -148.70448303 0.65098039 0.74117647 0.85882353
v -2.90996861 0.82208264 -148.69029236 0.65098039 0.74117647 0.85882353
v -2.92778516 0.74595475 -148.63897705 0.65098039 0.74117647 0.85882353
v -2.76652360 0.90354121 -148.58763123 0.65098039 0.74117647 0.85882353
v -2.92183828 0.71658361 -148.63157654 0.65098039 0.74117647 0.85882353
v -2.91405058 0.68615842 -148.62524414 0.65098039 0.74117647 0.85882353
v -2.88807392 0.68474704 -148.55610657 0.65098039 0.74117647 0.85882353
v -2.86407971 0.68509483 -148.54310608 0.65098039 0.74117647 0.85882353
v -2.87010431 0.71340585 -148.54023743 0.65098039 0.74117647 0.85882353
v -2.89683318 0.71417010 -148.55499268 0.65098039 0.74117647 0.85882353
v -2.83747053 0.68561918 -148.53907776 0.65098039 0.74117647 0.85882353
v -2.84131432 0.71319771 -148.53491211 0.65098039 0.74117647 0.85882353
v -2.78979492 0.62068129 -148.68362427 0.65098039 0.74117647 0.85882353
v -2.82880616 0.39552957 -148.52140808 0.65098039 0.74117647 0.85882353
v -2.80582500 0.36051923 -148.51751709 0.65098039 0.74117647 0.85882353
v -2.80683088 0.39809334 -148.51847839 0.65098039 0.74117647 0.85882353
v -2.82635188 0.35942945 -148.51997375 0.65098039 0.74117647 0.85882353
v -2.78576851 0.39774072 -148.52525330 0.65098039 0.74117647 0.85882353
v -2.78685451 0.43146488 -148.53042603 0.65098039 0.74117647 0.85882353
v -2.75843954 0.34806332 -148.58833313 0.65098039 0.74117647 0.85882353
v -2.82286334 0.32220250 -148.52131653 0.65098039 0.74117647 0.85882353
v -2.80405736 0.32238546 -148.51931763 0.65098039 0.74117647 0.85882353
v -2.78519678 0.36104774 -148.52366638 0.65098039 0.74117647 0.85882353
v -2.78657746 0.32217848 -148.52471924 0.65098039 0.74117647 0.85882353
v -2.92564821 0.80201268 -148.66552734 0.65098039 0.74117647 0.85882353
v -2.76267552 0.83892196 -148.64939880 0.65098039 0.74117647 0.85882353
v -2.76753068 0.86809373 -148.65052795 0.65098039 0.74117647 0.85882353
v -2.81453276 0.88381243 -148.69256592 0.65098039 0.74117647 0.85882353
v -2.84027481 0.87113529 -148.70419312 0.65098039 0.74117647 0.85882353
v -2.85418153 1.12033010 -148.66317749 0.65098039 0.74117647 0.85882353
v -2.84355426 1.12325740 -148.64247131 0.65098039 0.74117647 0.85882353
v -2.85300350 1.16294765 -148.63693237 0.65098039 0.74117647 0.85882353
v -2.84577680 1.16463387 -148.61537170 0.65098039 0.74117647 0.85882353
v -2.84204078 1.14504504 -148.61744690 0.65098039 0.74117647 0.85882353
v -2.84822583 1.14243174 -148.63981628 0.65098039 0.74117647 0.85882353
v -2.84498167 1.16622472 -148.56759644 0.65098039 0.74117647 0.85882353
v -2.85309505 1.16600287 -148.54377747 0.65098039 0.74117647 0.85882353
v -2.85265422 1.14867854 -148.54840088 0.65098039 0.74117647 0.85882353
v -2.84361148 1.14847445 -148.57096863 0.65098039 0.74117647 0.85882353
v -2.84883499 1.13264823 -148.55258179 0.65098039 0.74117647 0.85882353
v -2.86379838 1.13277793 -148.53379822 0.65098039 0.74117647 0.85882353
v -2.94240594 1.15191031 -148.49517822 0.65098039 0.74117647 0.85882353
v -2.92259836 1.15091097 -148.49752808 0.65098039 0.74117647 0.85882353
v -2.92413402 1.16911650 -148.49037170 0.65098039 0.74117647 0.85882353
v -2.94453931 1.17127371 -148.48899841 0.65098039 0.74117647 0.85882353
v -2.88179636 0.88842666 -148.72277832 0.65098039 0.74117647 0.85882353
v -2.92053819 0.81583899 -148.67626953 0.65098039 0.74117647 0.85882353
v -2.83855009 0.80416346 -148.70883179 0.65098039 0.74117647 0.85882353
v -2.80854869 0.83676171 -148.69871521 0.65098039 0.74117647 0.85882353
v -2.78139758 0.83840609 -148.67820740 0.65098039 0.74117647 0.85882353
v -2.82813716 1.38084507 -148.53047180 0.65098039 0.74117647 0.85882353
v -2.87340593 1.30993509 -148.45855713 0.65098039 0.74117647 0.85882353
v -2.86851501 1.30372214 -148.46409607 0.65098039 0.74117647 0.85882353
v -2.81261659 1.46728301 -148.48851013 0.65098039 0.74117647 0.85882353
v -2.82277679 1.47823215 -148.50048828 0.65098039 0.74117647 0.85882353
v -2.84727931 1.42344213 -148.55113220 0.65098039 0.74117647 0.85882353
v -2.87646103 1.45494127 -148.50895691 0.65098039 0.74117647 0.85882353
v -2.87385821 1.44320071 -148.52668762 0.65098039 0.74117647 0.85882353
v -2.88031769 1.44088292 -148.52354431 0.65098039 0.74117647 0.85882353
v -2.80248022 0.93451589 -148.66844177 0.65098039 0.74117647 0.85882353
v -2.77901649 0.91954637 -148.64903259 0.65098039 0.74117647 0.85882353
v -2.79612017 0.91198134 -148.67195129 0.65098039 0.74117647 0.85882353
v -2.94287300 0.80706173 -148.62052917 0.65098039 0.74117647 0.85882353
v -2.86501789 0.85371357 -148.70912170 0.65098039 0.74117647 0.85882353
v -2.90712953 0.65645641 -148.62081909 0.65098039 0.74117647 0.85882353
v -2.90167236 0.62846005 -148.61686707 0.65098039 0.74117647 0.85882353
v -2.89775085 0.60205662 -148.61265564 0.65098039 0.74117647 0.85882353
v -2.89452934 0.57665426 -148.60861206 0.65098039 0.74117647 0.85882353
v -2.89066410 0.55204302 -148.60418701 0.65098039 0.74117647 0.85882353
v -2.88367295 0.52784956 -148.59861755 0.65098039 0.74117647 0.85882353
v -2.87397599 0.50404286 -148.59446716 0.65098039 0.74117647 0.85882353
v -2.86841464 0.47707182 -148.58564758 0.65098039 0.74117647 0.85882353
v -2.87027192 0.41261062 -148.58561707 0.65098039 0.74117647 0.85882353
v -2.86983562 0.41615626 -148.56739807 0.65098039 0.74117647 0.85882353
v -2.86856937 0.44732553 -148.57504272 0.65098039 0.74117647 0.85882353
v -2.86997867 0.38385087 -148.56146240 0.65098039 0.74117647 0.85882353
v -2.86726403 0.35030878 -148.55751038 0.65098039 0.74117647 0.85882353
v -2.85927463 0.31530446 -148.55557251 0.65098039 0.74117647 0.85882353
v -2.85215044 0.27919126 -148.55432129 0.65098039 0.74117647 0.85882353
v -2.84746170 0.24318439 -148.55368042 0.65098039 0.74117647 0.85882353
v -2.93533373 0.81147265 -148.64868164 0.65098039 0.74117647 0.85882353
v -2.93900800 0.80998611 -148.63520813 0.65098039 0.74117647 0.85882353
v -2.93237090 1.41795516 -148.52273560 0.65098039 0.74117647 0.85882353
v -2.85746670 1.32282114 -148.53053284 0.65098039 0.74117647 0.85882353
v -2.85610223 1.33370590 -148.52841187 0.65098039 0.74117647 0.85882353
v -2.85488439 1.41477084 -148.54302979 0.65098039 0.74117647 0.85882353
v -2.76039958 1.46173167 -148.51675415 0.65098039 0.74117647 0.85882353
v -2.77242041 1.46978879 -148.51011658 0.65098039 0.74117647 0.85882353
v -2.83806586 1.41046476 -148.54702759 0.65098039 0.74117647 0.85882353
v -2.85862494 1.35958123 -148.53269958 0.65098039 0.74117647 0.85882353
v -2.85500407 1.36943483 -148.52896118 0.65098039 0.74117647 0.85882353
v -2.79846478 1.63423193 -148.62196350 0.65098039 0.74117647 0.85882353
v -2.78689146 1.64300632 -148.62309265 0.65098039 0.74117647 0.85882353
v -2.80200267 1.65298939 -148.63256836 0.65098039 0.74117647 0.85882353
v -2.81240749 1.64389420 -148.63218689 0.65098039 0.74117647 0.85882353
v -2.80682421 1.62388659 -148.62660217 0.65098039 0.74117647 0.85882353
v -2.81906223 1.63406181 -148.63693237 0.65098039 0.74117647 0.85882353
v -2.79287386 1.60060453 -148.68290710 0.65098039 0.74117647 0.85882353
v -2.80066657 1.59824109 -148.67100525 0.65098039 0.74117647 0.85882353
v -2.81116366 1.61310983 -148.67900085 0.65098039 0.74117647 0.85882353
v -2.80344534 1.61602759 -148.68997192 0.65098039 0.74117647 0.85882353
v -2.83333302 1.63572931 -148.65534973 0.65098039 0.74117647 0.85882353
v -2.83190393 1.62969398 -148.66499329 0.65098039 0.74117647 0.85882353
v -2.82101011 1.61747694 -148.65599060 0.65098039 0.74117647 0.85882353
v -2.82194424 1.62499499 -148.64543152 0.65098039 0.74117647 0.85882353
v -2.77030253 1.61712050 -148.69161987 0.65098039 0.74117647 0.85882353
v -2.76152086 1.62694168 -148.68698120 0.65098039 0.74117647 0.85882353
v -2.74895573 1.61109364 -148.68222046 0.65098039 0.74117647 0.85882353
v -2.75926280 1.60150933 -148.68666077 0.65098039 0.74117647 0.85882353
v -2.75498176 1.54317284 -148.64611816 0.65098039 0.74117647 0.85882353
v -2.74517179 1.54399991 -148.65653992 0.65098039 0.74117647 0.85882353
v -2.74097586 1.53393030 -148.64819336 0.65098039 0.74117647 0.85882353
v -2.75166368 1.53510284 -148.63891602 0.65098039 0.74117647 0.85882353
v -2.77125955 1.61352611 -148.60246277 0.65098039 0.74117647 0.85882353
v -2.75718522 1.62022209 -148.60545349 0.65098039 0.74117647 0.85882353
v -2.77162099 1.63185823 -148.61378479 0.65098039 0.74117647 0.85882353
v -2.78495479 1.62369394 -148.61175537 0.65098039 0.74117647 0.85882353
v -2.78944492 1.58206010 -148.62696838 0.65098039 0.74117647 0.85882353
v -2.78578711 1.57421541 -148.64004517 0.65098039 0.74117647 0.85882353
v -2.77519655 1.56260014 -148.63032532 0.65098039 0.74117647 0.85882353
v -2.77870369 1.57083201 -148.61720276 0.65098039 0.74117647 0.85882353
v -2.75746346 1.60286975 -148.59426880 0.65098039 0.74117647 0.85882353
v -2.74321914 1.60745955 -148.59837341 0.65098039 0.74117647 0.85882353
v -2.81057835 1.60549521 -148.64604187 0.65098039 0.74117647 0.85882353
v -2.80646968 1.59995174 -148.65850830 0.65098039 0.74117647 0.85882353
v -2.79648924 1.58668113 -148.64930725 0.65098039 0.74117647 0.85882353
v -2.80020165 1.59355807 -148.63635254 0.65098039 0.74117647 0.85882353
v -2.79613233 1.64657569 -148.70080566 0.65098039 0.74117647 0.85882353
v -2.78937125 1.65529549 -148.69577026 0.65098039 0.74117647 0.85882353
v -2.77502728 1.64165163 -148.69137573 0.65098039 0.74117647 0.85882353
v -2.78300333 1.63252568 -148.69644165 0.65098039 0.74117647 0.85882353
v -2.82792807 1.62699878 -148.67567444 0.65098039 0.74117647 0.85882353
v -2.82229877 1.62736511 -148.68643188 0.65098039 0.74117647 0.85882353
v -2.81678176 1.61363471 -148.66749573 0.65098039 0.74117647 0.85882353
v -2.79725480 1.67271280 -148.65466309 0.65098039 0.74117647 0.85882353
v -2.80671024 1.66924405 -148.64677429 0.65098039 0.74117647 0.85882353
v -2.79047871 1.65865636 -148.63752747 0.65098039 0.74117647 0.85882353
v -2.78033781 1.66170871 -148.64657593 0.65098039 0.74117647 0.85882353
v -2.77273250 1.56985188 -148.66551208 0.65098039 0.74117647 0.85882353
v -2.78025889 1.56977987 -148.65315247 0.65098039 0.74117647 0.85882353
v -2.79059458 1.58402109 -148.66250610 0.65098039 0.74117647 0.85882353
v -2.78274035 1.58520818 -148.67472839 0.65098039 0.74117647 0.85882353
v -2.78308201 1.60286593 -148.60528564 0.65098039 0.74117647 0.85882353
v -2.79480743 1.61336756 -148.61575317 0.65098039 0.74117647 0.85882353
v -2.76345658 1.65002680 -148.63948059 0.65098039 0.74117647 0.85882353
v -2.77455783 1.64799106 -148.62921143 0.65098039 0.74117647 0.85882353
v -2.75884438 1.63581347 -148.62127686 0.65098039 0.74117647 0.85882353
v -2.74812317 1.63704753 -148.63189697 0.65098039 0.74117647 0.85882353
v -2.72552013 1.62040281 -148.64064026 0.65098039 0.74117647 0.85882353
v -2.72512913 1.61248875 -148.65504456 0.65098039 0.74117647 0.85882353
v -2.73946643 1.62870049 -148.65963745 0.65098039 0.74117647 0.85882353
v -2.74094725 1.63490415 -148.64579773 0.65098039 0.74117647 0.85882353
v -2.76247048 1.55512381 -148.65524292 0.65098039 0.74117647 0.85882353
v -2.75248456 1.55805159 -148.66641235 0.65098039 0.74117647 0.85882353
v -2.74870801 1.58450532 -148.68005371 0.65098039 0.74117647 0.85882353
v -2.73717976 1.59428787 -148.67666626 0.65098039 0.74117647 0.85882353
v -2.72629118 1.57628250 -148.67037964 0.65098039 0.74117647 0.85882353
v -2.73942304 1.56594563 -148.67253113 0.65098039 0.74117647 0.85882353
v -2.76196218 1.56532717 -148.58964539 0.65098039 0.74117647 0.85882353
v -2.74980974 1.57466769 -148.58326721 0.65098039 0.74117647 0.85882353
v -2.75790405 1.58264422 -148.58950806 0.65098039 0.74117647 0.85882353
v -2.76753688 1.57175207 -148.59715271 0.65098039 0.74117647 0.85882353
v -2.74455476 1.59097719 -148.58757019 0.65098039 0.74117647 0.85882353
v -2.73517084 1.58016133 -148.58164978 0.65098039 0.74117647 0.85882353
v -2.71282268 1.56071055 -148.57637024 0.65098039 0.74117647 0.85882353
v -2.70122766 1.55664563 -148.58323669 0.65098039 0.74117647 0.85882353
v -2.70196939 1.56702447 -148.58869934 0.65098039 0.74117647 0.85882353
v -2.71488214 1.57056308 -148.58204651 0.65098039 0.74117647 0.85882353
v -2.69572616 1.58763480 -148.63220215 0.65098039 0.74117647 0.85882353
v -2.69684649 1.57663178 -148.64538574 0.65098039 0.74117647 0.85882353
v -2.71092486 1.59523702 -148.65075684 0.65098039 0.74117647 0.85882353
v -2.71006417 1.60481882 -148.63684082 0.65098039 0.74117647 0.85882353
v -2.69718838 1.54884791 -148.65106201 0.65098039 0.74117647 0.85882353
v -2.71178389 1.54228234 -148.65652466 0.65098039 0.74117647 0.85882353
v -2.71710753 1.55808568 -148.66342163 0.65098039 0.74117647 0.85882353
v -2.70471811 1.56677508 -148.65640259 0.65098039 0.74117647 0.85882353
v -2.71672893 1.49146771 -148.61930847 0.65098039 0.74117647 0.85882353
v -2.72806978 1.48969221 -148.62309265 0.65098039 0.74117647 0.85882353
v -2.72072649 1.50455141 -148.63212585 0.65098039 0.74117647 0.85882353
v -2.70887756 1.50823903 -148.62922668 0.65098039 0.74117647 0.85882353
v -2.74761176 1.50612307 -148.63003540 0.65098039 0.74117647 0.85882353
v -2.75490212 1.49511957 -148.62387085 0.65098039 0.74117647 0.85882353
v -2.76646256 1.50380850 -148.62091064 0.65098039 0.74117647 0.85882353
v -2.75902653 1.51324058 -148.62562561 0.65098039 0.74117647 0.85882353
v -2.76100302 1.54548311 -148.57395935 0.65098039 0.74117647 0.85882353
v -2.74506736 1.54729915 -148.56408691 0.65098039 0.74117647 0.85882353
v -2.74168587 1.55435848 -148.56759644 0.65098039 0.74117647 0.85882353
v -2.75621629 1.55066383 -148.57661438 0.65098039 0.74117647 0.85882353
v -2.68393135 1.57137489 -148.62683105 0.65098039 0.74117647 0.85882353
v -2.68421602 1.55709505 -148.64016724 0.65098039 0.74117647 0.85882353
v -2.74328256 1.51584888 -148.63554382 0.65098039 0.74117647 0.85882353
v -2.75498033 1.52080846 -148.62936401 0.65098039 0.74117647 0.85882353
v -2.75224328 1.52835155 -148.63369751 0.65098039 0.74117647 0.85882353
v -2.74076700 1.52534652 -148.64097595 0.65098039 0.74117647 0.85882353
v -2.76600051 1.53773189 -148.60742188 0.65098039 0.74117647 0.85882353
v -2.76387787 1.54665446 -148.59295654 0.65098039 0.74117647 0.85882353
v -2.76522303 1.55072999 -148.59635925 0.65098039 0.74117647 0.85882353
v -2.76536250 1.54225552 -148.61116028 0.65098039 0.74117647 0.85882353
v -2.75617480 1.55482888 -148.57922363 0.65098039 0.74117647 0.85882353
v -2.74229074 1.56129646 -148.57202148 0.65098039 0.74117647 0.85882353
v -2.74578428 1.56805694 -148.57640076 0.65098039 0.74117647 0.85882353
v -2.75886369 1.56031430 -148.58363342 0.65098039 0.74117647 0.85882353
v -2.67915821 1.55903971 -148.62120056 0.65098039 0.74117647 0.85882353
v -2.68568611 1.56603789 -148.60960388 0.65098039 0.74117647 0.85882353
v -2.68383074 1.55490649 -148.60650635 0.65098039 0.74117647 0.85882353
v -2.67981172 1.54815006 -148.61743164 0.65098039 0.74117647 0.85882353
v -2.69771767 1.53437233 -148.64453125 0.65098039 0.74117647 0.85882353
v -2.71114326 1.52922988 -148.64904785 0.65098039 0.74117647 0.85882353
v -2.76459360 1.54641223 -148.61651611 0.65098039 0.74117647 0.85882353
v -2.76004648 1.53979325 -148.62873840 0.65098039 0.74117647 0.85882353
v -2.76136637 1.53432584 -148.62384033 0.65098039 0.74117647 0.85882353
v -2.72999215 1.57153094 -148.57632446 0.65098039 0.74117647 0.85882353
v -2.70707870 1.49580193 -148.61384583 0.65098039 0.74117647 0.85882353
v -2.69922733 1.50125980 -148.60632324 0.65098039 0.74117647 0.85882353
v -2.70941353 1.48373890 -148.59590149 0.65098039 0.74117647 0.85882353
v -2.71684766 1.47841668 -148.60404968 0.65098039 0.74117647 0.85882353
v -2.72693205 1.47508764 -148.60983276 0.65098039 0.74117647 0.85882353
v -2.73915982 1.47447681 -148.61363220 0.65098039 0.74117647 0.85882353
v -2.76693821 1.48282945 -148.61514282 0.65098039 0.74117647 0.85882353
v -2.77880383 1.49259925 -148.61213684 0.65098039 0.74117647 0.85882353
v -2.78703618 1.50479770 -148.60566711 0.65098039 0.74117647 0.85882353
v -2.79008698 1.51689768 -148.59513855 0.65098039 0.74117647 0.85882353
v -2.77712774 1.52842402 -148.60328674 0.65098039 0.74117647 0.85882353
v -2.77430654 1.51539111 -148.61431885 0.65098039 0.74117647 0.85882353
v -2.77426887 1.53289056 -148.56623840 0.65098039 0.74117647 0.85882353
v -2.75804186 1.53408098 -148.55575562 0.65098039 0.74117647 0.85882353
v -2.73009324 1.54566944 -148.56170654 0.65098039 0.74117647 0.85882353
v -2.74106312 1.53242600 -148.55200195 0.65098039 0.74117647 0.85882353
v -2.72942948 1.51464152 -148.63945007 0.65098039 0.74117647 0.85882353
v -2.73402166 1.50364470 -148.63249207 0.65098039 0.74117647 0.85882353
v -2.75641608 1.64870369 -148.65148926 0.65098039 0.74117647 0.85882353
v -2.75418878 1.64333296 -148.66479492 0.65098039 0.74117647 0.85882353
v -2.76984549 1.65666604 -148.67030334 0.65098039 0.74117647 0.85882353
v -2.77332425 1.66111875 -148.65753174 0.65098039 0.74117647 0.85882353
v -2.78599548 1.66295552 -148.68672180 0.65098039 0.74117647 0.85882353
v -2.77078700 1.64976263 -148.68197632 0.65098039 0.74117647 0.85882353
v -2.81080842 1.61406231 -148.63479614 0.65098039 0.74117647 0.85882353
v -2.80002379 1.60289741 -148.62486267 0.65098039 0.74117647 0.85882353
v -2.83155727 1.64393020 -148.64685059 0.65098039 0.74117647 0.85882353
v -2.76624417 1.55487990 -148.60287476 0.65098039 0.74117647 0.85882353
v -2.77013445 1.56094360 -148.60926819 0.65098039 0.74117647 0.85882353
v -2.69154429 1.55087805 -148.59225464 0.65098039 0.74117647 0.85882353
v -2.70250320 1.54607379 -148.57749939 0.65098039 0.74117647 0.85882353
v -2.69413829 1.53991795 -148.58624268 0.65098039 0.74117647 0.85882353
v -2.69204640 1.57848644 -148.61203003 0.65098039 0.74117647 0.85882353
v -2.70338774 1.59354961 -148.61529541 0.65098039 0.74117647 0.85882353
v -2.71687174 1.59399009 -148.60150146 0.65098039 0.74117647 0.85882353
v -2.70334005 1.57855487 -148.59724426 0.65098039 0.74117647 0.85882353
v -2.68301821 1.53794074 -148.61376953 0.65098039 0.74117647 0.85882353
v -2.68493724 1.54469848 -148.60266113 0.65098039 0.74117647 0.85882353
v -2.68938541 1.53270745 -148.59567261 0.65098039 0.74117647 0.85882353
v -2.68805933 1.52501845 -148.60624695 0.65098039 0.74117647 0.85882353
v -2.77248931 1.53890681 -148.58920288 0.65098039 0.74117647 0.85882353
v -2.76565480 1.54343402 -148.59152222 0.65098039 0.74117647 0.85882353
v -2.71535635 1.52006435 -148.55886841 0.65098039 0.74117647 0.85882353
v -2.70737123 1.53390861 -148.56910706 0.65098039 0.74117647 0.85882353
v -2.71732807 1.54104400 -148.56393433 0.65098039 0.74117647 0.85882353
v -2.72589087 1.52825141 -148.55433655 0.65098039 0.74117647 0.85882353
v -2.71321988 1.55129576 -148.57098389 0.65098039 0.74117647 0.85882353
v -2.70900106 1.51076078 -148.56587219 0.65098039 0.74117647 0.85882353
v -2.70025802 1.52629423 -148.57682800 0.65098039 0.74117647 0.85882353
v -2.78623104 1.52707291 -148.58091736 0.65098039 0.74117647 0.85882353
v -2.69591188 1.50899291 -148.59576416 0.65098039 0.74117647 0.85882353
v -2.69675303 1.51788259 -148.58570862 0.65098039 0.74117647 0.85882353
v -2.70623565 1.50102067 -148.57466125 0.65098039 0.74117647 0.85882353
v -2.70603895 1.49128199 -148.58505249 0.65098039 0.74117647 0.85882353
v -2.75621939 1.63557911 -148.67698669 0.65098039 0.74117647 0.85882353
v -2.74263382 1.62009025 -148.67225647 0.65098039 0.74117647 0.85882353
v -2.72709131 1.53643894 -148.65605164 0.65098039 0.74117647 0.85882353
v -2.73161197 1.54926097 -148.66418457 0.65098039 0.74117647 0.85882353
v -2.72662807 1.52563906 -148.64776611 0.65098039 0.74117647 0.85882353
v -2.78193116 1.60778880 -148.69107056 0.65098039 0.74117647 0.85882353
v -2.79318547 1.62313032 -148.69648743 0.65098039 0.74117647 0.85882353
v -2.76171660 1.57479239 -148.67617798 0.65098039 0.74117647 0.85882353
v -2.77159524 1.59136462 -148.68417358 0.65098039 0.74117647 0.85882353
v -2.73267913 1.62333488 -148.62617493 0.65098039 0.74117647 0.85882353
v -2.69259453 1.52722454 -148.63146973 0.65098039 0.74117647 0.85882353
v -2.70274997 1.52195644 -148.63746643 0.65098039 0.74117647 0.85882353
v -2.68676615 1.53961635 -148.63708496 0.65098039 0.74117647 0.85882353
v -2.75337315 1.47669768 -148.61557007 0.65098039 0.74117647 0.85882353
v -2.74131274 1.49056959 -148.62466431 0.65098039 0.74117647 0.85882353
v -2.67848396 1.55206704 -148.63011169 0.65098039 0.74117647 0.85882353
v -2.76928663 1.45936203 -148.60272217 0.65098039 0.74117647 0.85882353
v -2.71981120 1.58111978 -148.58697510 0.65098039 0.74117647 0.85882353
v -2.72671318 1.56263077 -148.57159424 0.65098039 0.74117647 0.85882353
v -2.72654533 1.55445027 -148.56697083 0.65098039 0.74117647 0.85882353
v -2.81700063 1.66266131 -148.64215088 0.65098039 0.74117647 0.85882353
v -2.78909421 1.59173226 -148.61485291 0.65098039 0.74117647 0.85882353
v -2.76737285 1.55327034 -148.62217712 0.65098039 0.74117647 0.85882353
v -2.76233315 1.54661012 -148.63464355 0.65098039 0.74117647 0.85882353
v -2.68538809 1.53226972 -148.62393188 0.65098039 0.74117647 0.85882353
v -2.69119287 1.51824045 -148.61648560 0.65098039 0.74117647 0.85882353
v -2.69918060 1.51308560 -148.62400818 0.65098039 0.74117647 0.85882353
v -2.76942539 1.53453279 -148.60667419 0.65098039 0.74117647 0.85882353
v -2.76701617 1.52333403 -148.61833191 0.65098039 0.74117647 0.85882353
v -2.80495381 1.63770461 -148.70138550 0.65098039 0.74117647 0.85882353
v -2.76330519 1.52878261 -148.62072754 0.65098039 0.74117647 0.85882353
v -2.72944856 1.59404755 -148.59362793 0.65098039 0.74117647 0.85882353
v -3.03618431 1.33312082 -148.45854187 0.65098039 0.74117647 0.85882353
v -2.84627199 1.24285412 -148.57868958 0.65098039 0.74117647 0.85882353
v -2.86550903 1.22181463 -148.63316345 0.65098039 0.74117647 0.85882353
v -2.85820532 1.22428417 -148.61479187 0.65098039 0.74117647 0.85882353
v -2.85587192 1.29835904 -148.53993225 0.65098039 0.74117647 0.85882353
v -2.85730529 1.31121039 -148.53448486 0.65098039 0.74117647 0.85882353
v -2.85306168 1.34728146 -148.52786255 0.65098039 0.74117647 0.85882353
v -2.84955978 1.35704422 -148.52566528 0.65098039 0.74117647 0.85882353
v -2.84878826 1.28050423 -148.57398987 0.65098039 0.74117647 0.85882353
v -2.94583559 1.59464240 -148.49269104 0.65098039 0.74117647 0.85882353
v -2.94884896 1.58800578 -148.49003601 0.65098039 0.74117647 0.85882353
v -2.94192171 1.60771537 -148.49340820 0.65098039 0.74117647 0.85882353
v -2.91012788 1.07612705 -148.73890686 0.65098039 0.74117647 0.85882353
v -2.94693661 1.58061790 -148.50077820 0.65098039 0.74117647 0.85882353
v -2.95005083 1.57222724 -148.49858093 0.65098039 0.74117647 0.85882353
v -2.94461083 1.57584214 -148.49937439 0.65098039 0.74117647 0.85882353
v -2.94709659 1.58172846 -148.50268555 0.65098039 0.74117647 0.85882353
v -2.94684696 1.58280134 -148.50332642 0.65098039 0.74117647 0.85882353
v -2.93954563 1.60879064 -148.50328064 0.65098039 0.74117647 0.85882353
v -2.95167303 1.57962680 -148.48953247 0.65098039 0.74117647 0.85882353
v -2.95423818 1.57026601 -148.49075317 0.65098039 0.74117647 0.85882353
v -2.94140744 1.59484553 -148.50788879 0.65098039 0.74117647 0.85882353
v -2.95392561 1.04745221 -148.51252747 0.65098039 0.74117647 0.85882353
v -2.97602892 1.04483497 -148.52003479 0.65098039 0.74117647 0.85882353
v -2.97416592 1.02692735 -148.51390076 0.65098039 0.74117647 0.85882353
v -2.94960952 1.02930403 -148.50762939 0.65098039 0.74117647 0.85882353
v -2.97207618 1.00788355 -148.50782776 0.65098039 0.74117647 0.85882353
v -2.84956813 0.98915541 -148.49780273 0.65098039 0.74117647 0.85882353
v -2.82676744 0.99541789 -148.51464844 0.65098039 0.74117647 0.85882353
v -2.83327508 1.01650524 -148.51681519 0.65098039 0.74117647 0.85882353
v -2.85477018 1.01080644 -148.50138855 0.65098039 0.74117647 0.85882353
v -2.82240939 1.03598046 -148.53787231 0.65098039 0.74117647 0.85882353
v -2.84109950 1.03375208 -148.51901245 0.65098039 0.74117647 0.85882353
v -2.81490755 1.02015781 -148.53787231 0.65098039 0.74117647 0.85882353
v -2.80194378 1.01825786 -148.56246948 0.65098039 0.74117647 0.85882353
v -2.80898452 1.03521132 -148.56146240 0.65098039 0.74117647 0.85882353
v -2.79572201 1.01218867 -148.58782959 0.65098039 0.74117647 0.85882353
v -2.80246997 1.03063917 -148.58709717 0.65098039 0.74117647 0.85882353
v -2.79554677 1.00317585 -148.61224365 0.65098039 0.74117647 0.85882353
v -2.80099082 0.99386775 -148.63703918 0.65098039 0.74117647 0.85882353
v -2.80734444 0.96020281 -148.66496277 0.65098039 0.74117647 0.85882353
v -2.82897472 0.97524428 -148.68344116 0.65098039 0.74117647 0.85882353
v -2.81266117 0.98432404 -148.66137695 0.65098039 0.74117647 0.85882353
v -2.86446714 0.96396577 -148.71818542 0.65098039 0.74117647 0.85882353
v -2.84671450 0.96781611 -148.70274353 0.65098039 0.74117647 0.85882353
v -2.89810681 0.96080536 -148.74098206 0.65098039 0.74117647 0.85882353
v -2.88156152 0.96198368 -148.73121643 0.65098039 0.74117647 0.85882353
v -2.92651272 1.41146576 -148.54843140 0.65098039 0.74117647 0.85882353
v -2.97142386 1.41282535 -148.44279480 0.65098039 0.74117647 0.85882353
v -2.96186209 1.40866065 -148.43855286 0.65098039 0.74117647 0.85882353
v -2.95265007 1.41945267 -148.45016479 0.65098039 0.74117647 0.85882353
v -2.93585420 1.35437632 -148.41744995 0.65098039 0.74117647 0.85882353
v -2.93685555 1.37204003 -148.41983032 0.65098039 0.74117647 0.85882353
v -2.95686626 1.36126852 -148.41847229 0.65098039 0.74117647 0.85882353
v -2.95626259 1.34567666 -148.41813660 0.65098039 0.74117647 0.85882353
v -2.98208117 1.40202165 -148.43907166 0.65098039 0.74117647 0.85882353
v -2.98806977 1.40520072 -148.44276428 0.65098039 0.74117647 0.85882353
v -2.97474456 1.39647865 -148.43385315 0.65098039 0.74117647 0.85882353
v -3.00512075 1.37745571 -148.43812561 0.65098039 0.74117647 0.85882353
v -2.98926377 1.38622403 -148.43412781 0.65098039 0.74117647 0.85882353
v -2.92064118 1.41515446 -148.44371033 0.65098039 0.74117647 0.85882353
v -2.91571259 1.40009737 -148.42947388 0.65098039 0.74117647 0.85882353
v -2.90585160 1.40505242 -148.43125916 0.65098039 0.74117647 0.85882353
v -2.91086173 1.41977966 -148.44541931 0.65098039 0.74117647 0.85882353
v -2.90052557 1.35301185 -148.42527771 0.65098039 0.74117647 0.85882353
v -2.89845037 1.33990932 -148.43107605 0.65098039 0.74117647 0.85882353
v -2.88688040 1.34743023 -148.43231201 0.65098039 0.74117647 0.85882353
v -2.88953638 1.36004806 -148.42646790 0.65098039 0.74117647 0.85882353
v -2.88148594 1.44146442 -148.45407104 0.65098039 0.74117647 0.85882353
v -2.87564850 1.42648339 -148.43946838 0.65098039 0.74117647 0.85882353
v -2.86429882 1.43425286 -148.44432068 0.65098039 0.74117647 0.85882353
v -2.87158561 1.44775009 -148.45852661 0.65098039 0.74117647 0.85882353
v -2.89419103 1.37381411 -148.42330933 0.65098039 0.74117647 0.85882353
v -2.95659208 1.25627422 -148.44668579 0.65098039 0.74117647 0.85882353
v -2.93487453 1.26779091 -148.44125366 0.65098039 0.74117647 0.85882353
v -2.91507888 1.27958488 -148.43971252 0.65098039 0.74117647 0.85882353
v -2.87779856 1.31499791 -148.45365906 0.65098039 0.74117647 0.85882353
v -2.88578606 1.30671120 -148.44931030 0.65098039 0.74117647 0.85882353
v -2.88086128 1.29942775 -148.45397949 0.65098039 0.74117647 0.85882353
v -2.86782503 1.32168067 -148.45709229 0.65098039 0.74117647 0.85882353
v -2.85430789 1.32948041 -148.46238708 0.65098039 0.74117647 0.85882353
v -2.87232351 1.42248464 -148.53611755 0.65098039 0.74117647 0.85882353
v -2.87665009 1.42006040 -148.53794861 0.65098039 0.74117647 0.85882353
v -2.88641691 1.43867743 -148.52156067 0.65098039 0.74117647 0.85882353
v -2.82938552 1.34857345 -148.47944641 0.65098039 0.74117647 0.85882353
v -2.84098649 1.33562160 -148.47291565 0.65098039 0.74117647 0.85882353
v -2.83997965 1.33261490 -148.47869873 0.65098039 0.74117647 0.85882353
v -2.82836032 1.34615397 -148.48429871 0.65098039 0.74117647 0.85882353
v -2.92917371 1.41336107 -148.44288635 0.65098039 0.74117647 0.85882353
v -2.85655689 1.41974759 -148.43847656 0.65098039 0.74117647 0.85882353
v -2.86887288 1.41149044 -148.43350220 0.65098039 0.74117647 0.85882353
v -2.86119080 1.39852667 -148.43267822 0.65098039 0.74117647 0.85882353
v -2.84928775 1.40779638 -148.43881226 0.65098039 0.74117647 0.85882353
v -2.84403825 1.39563608 -148.44090271 0.65098039 0.74117647 0.85882353
v -2.85564208 1.38565636 -148.43466187 0.65098039 0.74117647 0.85882353
v -2.85201144 1.37398386 -148.43952942 0.65098039 0.74117647 0.85882353
v -2.84072518 1.38445568 -148.44525146 0.65098039 0.74117647 0.85882353
v -2.82988358 1.35311985 -148.47413635 0.65098039 0.74117647 0.85882353
v -2.84304881 1.33959293 -148.46667480 0.65098039 0.74117647 0.85882353
v -2.87091589 1.45906711 -148.48574829 0.65098039 0.74117647 0.85882353
v -2.90629864 1.43668628 -148.46841431 0.65098039 0.74117647 0.85882353
v -2.90707994 1.43939209 -148.49372864 0.65098039 0.74117647 0.85882353
v -2.91556525 1.43407440 -148.49136353 0.65098039 0.74117647 0.85882353
v -2.91559315 1.43026590 -148.46649170 0.65098039 0.74117647 0.85882353
v -2.83436704 1.36077571 -148.51882935 0.65098039 0.74117647 0.85882353
v -2.83976293 1.36752272 -148.52307129 0.65098039 0.74117647 0.85882353
v -2.82867575 1.35554504 -148.51519775 0.65098039 0.74117647 0.85882353
v -2.84095240 1.32914233 -148.49053955 0.65098039 0.74117647 0.85882353
v -2.82374334 1.35302067 -148.51020813 0.65098039 0.74117647 0.85882353
v -2.86031914 1.40668726 -148.53848267 0.65098039 0.74117647 0.85882353
v -2.86709023 1.42541921 -148.53688049 0.65098039 0.74117647 0.85882353
v -2.90187240 1.43354940 -148.51814270 0.65098039 0.74117647 0.85882353
v -2.90983057 1.43024206 -148.51571655 0.65098039 0.74117647 0.85882353
v -2.86181140 1.45338988 -148.46383667 0.65098039 0.74117647 0.85882353
v -2.85281801 1.44089627 -148.45043945 0.65098039 0.74117647 0.85882353
v -2.81657910 1.36259770 -148.48521423 0.65098039 0.74117647 0.85882353
v -2.81567979 1.35996628 -148.48989868 0.65098039 0.74117647 0.85882353
v -2.80330896 1.37330198 -148.49601746 0.65098039 0.74117647 0.85882353
v -2.84898877 1.31929064 -148.48063660 0.65098039 0.74117647 0.85882353
v -2.83952999 1.33094573 -148.48399353 0.65098039 0.74117647 0.85882353
v -2.90187335 1.42528009 -148.44720459 0.65098039 0.74117647 0.85882353
v -2.84425807 1.42705274 -148.44551086 0.65098039 0.74117647 0.85882353
v -2.83766937 1.41506410 -148.44604492 0.65098039 0.74117647 0.85882353
v -2.86707544 1.37610078 -148.43043518 0.65098039 0.74117647 0.85882353
v -2.87267017 1.38923526 -148.42797852 0.65098039 0.74117647 0.85882353
v -2.88346672 1.38105512 -148.42509460 0.65098039 0.74117647 0.85882353
v -2.87828636 1.36744010 -148.42774963 0.65098039 0.74117647 0.85882353
v -2.82912040 1.39522648 -148.45193481 0.65098039 0.74117647 0.85882353
v -2.82475996 1.38724279 -148.45935059 0.65098039 0.74117647 0.85882353
v -2.87485647 1.35537767 -148.43383789 0.65098039 0.74117647 0.85882353
v -2.86335421 1.36408329 -148.43594360 0.65098039 0.74117647 0.85882353
v -2.81671596 1.36745811 -148.48051453 0.65098039 0.74117647 0.85882353
v -2.91682053 1.42616630 -148.51338196 0.65098039 0.74117647 0.85882353
v -2.90698433 1.42114997 -148.53639221 0.65098039 0.74117647 0.85882353
v -2.91301560 1.41801119 -148.53915405 0.65098039 0.74117647 0.85882353
v -2.89109492 1.42235732 -148.53790283 0.65098039 0.74117647 0.85882353
v -2.89956450 1.42255211 -148.53663635 0.65098039 0.74117647 0.85882353
v -2.88244104 1.42027998 -148.53913879 0.65098039 0.74117647 0.85882353
v -2.91840196 1.41451228 -148.54270935 0.65098039 0.74117647 0.85882353
v -2.68084311 1.54263473 -148.62829590 0.65098039 0.74117647 0.85882353
v -2.80127478 1.37233210 -148.50202942 0.65098039 0.74117647 0.85882353
v -2.78956890 1.38592243 -148.50733948 0.65098039 0.74117647 0.85882353
v -2.79245400 1.38637829 -148.50132751 0.65098039 0.74117647 0.85882353
v -2.75452280 1.44882035 -148.52279663 0.65098039 0.74117647 0.85882353
v -3.00000548 1.51396227 -148.62455750 0.65098039 0.74117647 0.85882353
v -2.99948406 1.51917338 -148.62805176 0.65098039 0.74117647 0.85882353
v -2.99797249 1.53873205 -148.63116455 0.65098039 0.74117647 0.85882353
v -2.99777389 1.54228401 -148.63076782 0.65098039 0.74117647 0.85882353
v -2.69162798 1.56108785 -148.59675598 0.65098039 0.74117647 0.85882353
v -2.69285178 1.56871915 -148.60092163 0.65098039 0.74117647 0.85882353
v -2.71780348 1.60877967 -148.62011719 0.65098039 0.74117647 0.85882353
v -2.74438524 1.62248552 -148.61381531 0.65098039 0.74117647 0.85882353
v -2.73009801 1.60842013 -148.60742188 0.65098039 0.74117647 0.85882353
v -2.77058697 1.59263158 -148.59600830 0.65098039 0.74117647 0.85882353
v -2.77780676 1.58084607 -148.60473633 0.65098039 0.74117647 0.85882353
v -2.76963639 1.55697703 -148.64363098 0.65098039 0.74117647 0.85882353
v -2.71659303 1.58542538 -148.66233826 0.65098039 0.74117647 0.85882353
v -2.85531378 1.67211640 -148.65930176 0.65098039 0.74117647 0.85882353
v -2.84829879 1.68165755 -148.65902710 0.65098039 0.74117647 0.85882353
v -2.86441541 1.69122601 -148.66691589 0.65098039 0.74117647 0.85882353
v -2.87036037 1.68130827 -148.66769409 0.65098039 0.74117647 0.85882353
v -2.88509345 1.69047761 -148.67553711 0.65098039 0.74117647 0.85882353
v -2.88618660 1.68227887 -148.68208313 0.65098039 0.74117647 0.85882353
v -2.87263632 1.67293692 -148.67358398 0.65098039 0.74117647 0.85882353
v -2.88368654 1.67799985 -148.69041443 0.65098039 0.74117647 0.85882353
v -2.87125731 1.66753292 -148.68212891 0.65098039 0.74117647 0.85882353
v -2.87908030 1.67641234 -148.69894409 0.65098039 0.74117647 0.85882353
v -2.87413239 1.67717052 -148.70613098 0.65098039 0.74117647 0.85882353
v -2.86293316 1.66542482 -148.69888306 0.65098039 0.74117647 0.85882353
v -2.86749244 1.66523278 -148.69088745 0.65098039 0.74117647 0.85882353
v -2.84566474 1.65461588 -148.69960022 0.65098039 0.74117647 0.85882353
v -2.85733604 1.66805816 -148.70620728 0.65098039 0.74117647 0.85882353
v -2.85097647 1.67276073 -148.71211243 0.65098039 0.74117647 0.85882353
v -2.83866262 1.65886307 -148.70715332 0.65098039 0.74117647 0.85882353
v -2.85254288 1.69949603 -148.71905518 0.65098039 0.74117647 0.85882353
v -2.85015082 1.70587969 -148.71488953 0.65098039 0.74117647 0.85882353
v -2.83480740 1.69430947 -148.70982361 0.65098039 0.74117647 0.85882353
v -2.83790255 1.68709683 -148.71464539 0.65098039 0.74117647 0.85882353
v -2.81990981 1.69303107 -148.68840027 0.65098039 0.74117647 0.85882353
v -2.81824040 1.68800449 -148.69738770 0.65098039 0.74117647 0.85882353
v -2.83442235 1.70039690 -148.70249939 0.65098039 0.74117647 0.85882353
v -2.83616376 1.70537925 -148.69387817 0.65098039 0.74117647 0.85882353
v -2.85034800 1.71754742 -148.69905090 0.65098039 0.74117647 0.85882353
v -2.85627866 1.71824408 -148.69084167 0.65098039 0.74117647 0.85882353
v -2.84060240 1.70706129 -148.68568420 0.65098039 0.74117647 0.85882353
v -2.82589293 1.65373683 -148.64205933 0.65098039 0.74117647 0.85882353
v -2.84050393 1.66301394 -148.65083313 0.65098039 0.74117647 0.85882353
v -2.84496140 1.65359163 -148.65620422 0.65098039 0.74117647 0.85882353
v -2.85556817 1.65332758 -148.68232727 0.65098039 0.74117647 0.85882353
v -2.84353590 1.64166856 -148.67361450 0.65098039 0.74117647 0.85882353
v -2.84561658 1.64619350 -148.66436768 0.65098039 0.74117647 0.85882353
v -2.85853314 1.65677190 -148.67332458 0.65098039 0.74117647 0.85882353
v -2.81454873 1.63068438 -148.69619751 0.65098039 0.74117647 0.85882353
v -2.83372474 1.64123797 -148.69308472 0.65098039 0.74117647 0.85882353
v -2.82648110 1.64498031 -148.70150757 0.65098039 0.74117647 0.85882353
v -2.85126352 1.65289187 -148.69117737 0.65098039 0.74117647 0.85882353
v -2.83929563 1.64017344 -148.68338013 0.65098039 0.74117647 0.85882353
v -2.83066893 1.66556668 -148.71084595 0.65098039 0.74117647 0.85882353
v -2.84384394 1.67940867 -148.71516418 0.65098039 0.74117647 0.85882353
v -2.84003448 1.68931437 -148.66331482 0.65098039 0.74117647 0.85882353
v -2.83167362 1.69386077 -148.67016602 0.65098039 0.74117647 0.85882353
v -2.84840584 1.70455146 -148.67779541 0.65098039 0.74117647 0.85882353
v -2.85665965 1.69961452 -148.67109680 0.65098039 0.74117647 0.85882353
v -2.81797314 1.65170741 -148.70593262 0.65098039 0.74117647 0.85882353
v -2.81461120 1.68334925 -148.66258240 0.65098039 0.74117647 0.85882353
v -2.82325554 1.67926335 -148.65528870 0.65098039 0.74117647 0.85882353
v -2.82452297 1.69530272 -148.67866516 0.65098039 0.74117647 0.85882353
v -2.80768299 1.68401980 -148.67199707 0.65098039 0.74117647 0.85882353
v -2.87225461 1.70893729 -148.67810059 0.65098039 0.74117647 0.85882353
v -2.87998843 1.70038986 -148.67445374 0.65098039 0.74117647 0.85882353
v -2.83267617 1.67221320 -148.65066528 0.65098039 0.74117647 0.85882353
v -2.82361841 1.67358279 -148.71012878 0.65098039 0.74117647 0.85882353
v -2.81943846 1.68158150 -148.70526123 0.65098039 0.74117647 0.85882353
v -2.80427337 1.66846776 -148.70057678 0.65098039 0.74117647 0.85882353
v -2.80985141 1.66012549 -148.70553589 0.65098039 0.74117647 0.85882353
v -2.78668880 1.66894507 -148.67626953 0.65098039 0.74117647 0.85882353
v -2.80257797 1.67551923 -148.69190979 0.65098039 0.74117647 0.85882353
v -2.80350471 1.68096554 -148.68232727 0.65098039 0.74117647 0.85882353
v -2.84981823 1.71191406 -148.70831299 0.65098039 0.74117647 0.85882353
v -2.79020190 1.67278457 -148.66510010 0.65098039 0.74117647 0.85882353
v -2.93927574 1.71750498 -148.73492432 0.65098039 0.74117647 0.85882353
v -2.93306756 1.71023846 -148.73275757 0.65098039 0.74117647 0.85882353
v -2.94293642 1.70567036 -148.73091125 0.65098039 0.74117647 0.85882353
v -2.94849515 1.71345711 -148.73266602 0.65098039 0.74117647 0.85882353
v -2.93236661 1.68634605 -148.72615051 0.65098039 0.74117647 0.85882353
v -2.93035436 1.68054152 -148.71611023 0.65098039 0.74117647 0.85882353
v -2.94317794 1.68060243 -148.71502686 0.65098039 0.74117647 0.85882353
v -2.94478011 1.68551064 -148.72361755 0.65098039 0.74117647 0.85882353
v -2.95608711 1.71102619 -148.72836304 0.65098039 0.74117647 0.85882353
v -2.95099878 1.70300126 -148.72785950 0.65098039 0.74117647 0.85882353
v -2.95866418 1.70961213 -148.72221375 0.65098039 0.74117647 0.85882353
v -2.96345711 1.71928358 -148.72218323 0.65098039 0.74117647 0.85882353
v -2.96161914 1.71757174 -148.72874451 0.65098039 0.74117647 0.85882353
v -2.96871161 1.72534704 -148.72373962 0.65098039 0.74117647 0.85882353
v -2.95763159 1.72490776 -148.71366882 0.65098039 0.74117647 0.85882353
v -2.96501899 1.73278809 -148.71922302 0.65098039 0.74117647 0.85882353
v -2.93974113 1.74453068 -148.71557617 0.65098039 0.74117647 0.85882353
v -2.93161869 1.75021100 -148.71945190 0.65098039 0.74117647 0.85882353
v -2.94287086 1.75569105 -148.72677612 0.65098039 0.74117647 0.85882353
v -2.95093369 1.74905837 -148.72290039 0.65098039 0.74117647 0.85882353
v -2.92532921 1.76011753 -148.73654175 0.65098039 0.74117647 0.85882353
v -2.93496466 1.75870967 -148.73190308 0.65098039 0.74117647 0.85882353
v -2.92411208 1.75288486 -148.72363281 0.65098039 0.74117647 0.85882353
v -2.91590238 1.75415182 -148.72825623 0.65098039 0.74117647 0.85882353
v -2.92581415 1.72484267 -148.73782349 0.65098039 0.74117647 0.85882353
v -2.91790962 1.71907949 -148.73580933 0.65098039 0.74117647 0.85882353
v -2.92371845 1.71566844 -148.73394775 0.65098039 0.74117647 0.85882353
v -2.93077707 1.72193360 -148.73600769 0.65098039 0.74117647 0.85882353
v -2.96268106 1.70383263 -148.71406555 0.65098039 0.74117647 0.85882353
v -2.95543218 1.71113110 -148.71044922 0.65098039 0.74117647 0.85882353
v -2.95894456 1.71258020 -148.71597290 0.65098039 0.74117647 0.85882353
v -2.96295214 1.70339727 -148.71804810 0.65098039 0.74117647 0.85882353
v -2.89205432 1.70906353 -148.73916626 0.65098039 0.74117647 0.85882353
v -2.88409138 1.70380473 -148.73234558 0.65098039 0.74117647 0.85882353
v -2.88983917 1.69924998 -148.72773743 0.65098039 0.74117647 0.85882353
v -2.89614677 1.70495868 -148.73448181 0.65098039 0.74117647 0.85882353
v -2.90924621 1.68397272 -148.71717834 0.65098039 0.74117647 0.85882353
v -2.90111589 1.68809557 -148.71693420 0.65098039 0.74117647 0.85882353
v -2.90306211 1.68570757 -148.70259094 0.65098039 0.74117647 0.85882353
v -2.91121531 1.68505168 -148.70353699 0.65098039 0.74117647 0.85882353
v -2.91871786 1.68148661 -148.71691895 0.65098039 0.74117647 0.85882353
v -2.91948843 1.68386078 -148.70399475 0.65098039 0.74117647 0.85882353
v -2.93048096 1.68337750 -148.70504761 0.65098039 0.74117647 0.85882353
v -2.94347000 1.68306398 -148.70619202 0.65098039 0.74117647 0.85882353
v -2.87746310 1.71095538 -148.73527527 0.65098039 0.74117647 0.85882353
v -2.88150263 1.71567512 -148.74163818 0.65098039 0.74117647 0.85882353
v -3.00309300 1.73992348 -148.75382996 0.65098039 0.74117647 0.85882353
v -3.00054765 1.74206448 -148.75820923 0.65098039 0.74117647 0.85882353
v -2.99646330 1.74028420 -148.75497437 0.65098039 0.74117647 0.85882353
v -2.99897838 1.73802507 -148.75054932 0.65098039 0.74117647 0.85882353
v -2.87585759 1.73180556 -148.73161316 0.65098039 0.74117647 0.85882353
v -2.87888288 1.73688316 -148.72387695 0.65098039 0.74117647 0.85882353
v -2.87336493 1.73214805 -148.72158813 0.65098039 0.74117647 0.85882353
v -2.87196112 1.72603250 -148.72895813 0.65098039 0.74117647 0.85882353
v -2.88094807 1.73847556 -148.73585510 0.65098039 0.74117647 0.85882353
v -2.88568687 1.74255407 -148.72694397 0.65098039 0.74117647 0.85882353
v -3.00628901 1.74898958 -148.74626160 0.65098039 0.74117647 0.85882353
v -3.00638461 1.74398232 -148.74711609 0.65098039 0.74117647 0.85882353
v -3.00187397 1.74291265 -148.74368286 0.65098039 0.74117647 0.85882353
v -3.00136757 1.74818516 -148.74288940 0.65098039 0.74117647 0.85882353
v -2.95508051 1.71897674 -148.73437500 0.65098039 0.74117647 0.85882353
v -2.94662261 1.72267842 -148.73701477 0.65098039 0.74117647 0.85882353
v -2.96715474 1.72874403 -148.74226379 0.65098039 0.74117647 0.85882353
v -2.95554924 1.72705901 -148.74038696 0.65098039 0.74117647 0.85882353
v -2.96264410 1.72248328 -148.73576355 0.65098039 0.74117647 0.85882353
v -2.97007251 1.72543550 -148.73724365 0.65098039 0.74117647 0.85882353
v -2.93829751 1.73627353 -148.74682617 0.65098039 0.74117647 0.85882353
v -2.93020773 1.73175573 -148.74256897 0.65098039 0.74117647 0.85882353
v -2.93752789 1.72930276 -148.74029541 0.65098039 0.74117647 0.85882353
v -2.94574213 1.73366785 -148.74487305 0.65098039 0.74117647 0.85882353
v -2.92088962 1.73507380 -148.75047302 0.65098039 0.74117647 0.85882353
v -2.92840934 1.74027586 -148.75408936 0.65098039 0.74117647 0.85882353
v -2.92348456 1.74191761 -148.75868225 0.65098039 0.74117647 0.85882353
v -2.91718268 1.73701859 -148.75512695 0.65098039 0.74117647 0.85882353
v -2.94731212 1.74699402 -148.75831604 0.65098039 0.74117647 0.85882353
v -2.95419860 1.75227714 -148.76087952 0.65098039 0.74117647 0.85882353
v -2.95011640 1.75491810 -148.76307678 0.65098039 0.74117647 0.85882353
v -2.94321489 1.74929571 -148.76107788 0.65098039 0.74117647 0.85882353
v -2.86798573 1.72798872 -148.71905518 0.65098039 0.74117647 0.85882353
v -2.86725545 1.72107196 -148.72563171 0.65098039 0.74117647 0.85882353
v -2.90795946 1.76072001 -148.74807739 0.65098039 0.74117647 0.85882353
v -2.90096760 1.75684786 -148.75480652 0.65098039 0.74117647 0.85882353
v -2.90643740 1.76209974 -148.76200867 0.65098039 0.74117647 0.85882353
v -2.91356707 1.76572347 -148.75489807 0.65098039 0.74117647 0.85882353
v -2.88497138 1.73898125 -148.71585083 0.65098039 0.74117647 0.85882353
v -2.87852812 1.73519874 -148.71302795 0.65098039 0.74117647 0.85882353
v -3.00452733 1.75414276 -148.74803162 0.65098039 0.74117647 0.85882353
v -2.99956560 1.75338221 -148.74459839 0.65098039 0.74117647 0.85882353
v -2.93024421 1.69273639 -148.69895935 0.65098039 0.74117647 0.85882353
v -2.94391727 1.69107294 -148.70094299 0.65098039 0.74117647 0.85882353
v -2.91931915 1.69352698 -148.69709778 0.65098039 0.74117647 0.85882353
v -2.91177416 1.69367361 -148.69551086 0.65098039 0.74117647 0.85882353
v -2.90521193 1.69196963 -148.69216919 0.65098039 0.74117647 0.85882353
v -2.95661831 1.73201728 -148.74481201 0.65098039 0.74117647 0.85882353
v -2.93772912 1.72511292 -148.73777771 0.65098039 0.74117647 0.85882353
v -2.92191148 1.72624469 -148.73991394 0.65098039 0.74117647 0.85882353
v -2.90171027 1.73592770 -148.75962830 0.65098039 0.74117647 0.85882353
v -2.89593530 1.73199821 -148.75660706 0.65098039 0.74117647 0.85882353
v -2.90425110 1.72789741 -148.75294495 0.65098039 0.74117647 0.85882353
v -2.90788102 1.73325062 -148.75610352 0.65098039 0.74117647 0.85882353
v -2.89907026 1.75060511 -148.76159668 0.65098039 0.74117647 0.85882353
v -2.90310359 1.74501848 -148.76414490 0.65098039 0.74117647 0.85882353
v -2.90900993 1.74974203 -148.76841736 0.65098039 0.74117647 0.85882353
v -2.90504479 1.75547171 -148.76725769 0.65098039 0.74117647 0.85882353
v -2.96341634 1.70230949 -148.70924377 0.65098039 0.74117647 0.85882353
v -2.95306778 1.70636821 -148.70561218 0.65098039 0.74117647 0.85882353
v -2.87615275 1.72453010 -148.73847961 0.65098039 0.74117647 0.85882353
v -2.87291026 1.71880388 -148.73384094 0.65098039 0.74117647 0.85882353
v -2.86931372 1.71390271 -148.72904968 0.65098039 0.74117647 0.85882353
v -2.90651655 1.71199942 -148.73591614 0.65098039 0.74117647 0.85882353
v -2.89903927 1.70216727 -148.73173523 0.65098039 0.74117647 0.85882353
v -2.90367651 1.69819736 -148.72991943 0.65098039 0.74117647 0.85882353
v -2.91027331 1.70997429 -148.73405457 0.65098039 0.74117647 0.85882353
v -2.92644882 1.70021033 -148.73219299 0.65098039 0.74117647 0.85882353
v -2.92031956 1.68926215 -148.72808838 0.65098039 0.74117647 0.85882353
v -2.93759775 1.69624639 -148.73031616 0.65098039 0.74117647 0.85882353
v -2.89436102 1.69446516 -148.72351074 0.65098039 0.74117647 0.85882353
v -2.88427496 1.69524658 -148.72183228 0.65098039 0.74117647 0.85882353
v -2.88963199 1.69055307 -148.71678162 0.65098039 0.74117647 0.85882353
v -2.87849474 1.70099258 -148.72651672 0.65098039 0.74117647 0.85882353
v -2.87322092 1.70735705 -148.72927856 0.65098039 0.74117647 0.85882353
v -2.87781644 1.68996990 -148.71711731 0.65098039 0.74117647 0.85882353
v -2.88322973 1.68575668 -148.71163940 0.65098039 0.74117647 0.85882353
v -2.87198925 1.69622779 -148.72122192 0.65098039 0.74117647 0.85882353
v -2.86717248 1.70280862 -148.72361755 0.65098039 0.74117647 0.85882353
v -2.86225224 1.72669446 -148.70364380 0.65098039 0.74117647 0.85882353
v -2.85993433 1.72160828 -148.71310425 0.65098039 0.74117647 0.85882353
v -2.87139988 1.73165107 -148.70938110 0.65098039 0.74117647 0.85882353
v -2.89474630 1.68403363 -148.69656372 0.65098039 0.74117647 0.85882353
v -2.89596844 1.68716264 -148.70979309 0.65098039 0.74117647 0.85882353
v -2.88927126 1.68407965 -148.70515442 0.65098039 0.74117647 0.85882353
v -2.89759326 1.68882418 -148.68763733 0.65098039 0.74117647 0.85882353
v -2.95301962 1.68535542 -148.72155762 0.65098039 0.74117647 0.85882353
v -2.96081042 1.68518066 -148.72106934 0.65098039 0.74117647 0.85882353
v -2.96153069 1.69182897 -148.72421265 0.65098039 0.74117647 0.85882353
v -2.95465422 1.69308591 -148.72442627 0.65098039 0.74117647 0.85882353
v -2.97395182 1.73041487 -148.72663879 0.65098039 0.74117647 0.85882353
v -2.97324157 1.72579837 -148.73152161 0.65098039 0.74117647 0.85882353
v -2.96749139 1.72183466 -148.72964478 0.65098039 0.74117647 0.85882353
v -2.89529347 1.71630669 -148.74562073 0.65098039 0.74117647 0.85882353
v -2.88570428 1.72194433 -148.74787903 0.65098039 0.74117647 0.85882353
v -2.96594238 1.73271585 -148.74613953 0.65098039 0.74117647 0.85882353
v -2.99551082 1.74652624 -148.73907471 0.65098039 0.74117647 0.85882353
v -2.99629188 1.74101090 -148.74008179 0.65098039 0.74117647 0.85882353
v -2.98634291 1.73688960 -148.73431396 0.65098039 0.74117647 0.85882353
v -2.98579311 1.74301291 -148.73309326 0.65098039 0.74117647 0.85882353
v -2.97121334 1.74035001 -148.74917603 0.65098039 0.74117647 0.85882353
v -2.97205257 1.73472333 -148.74723816 0.65098039 0.74117647 0.85882353
v -2.97862720 1.73717880 -148.75033569 0.65098039 0.74117647 0.85882353
v -2.97824216 1.74328995 -148.75097656 0.65098039 0.74117647 0.85882353
v -2.94346285 1.75557375 -148.76634216 0.65098039 0.74117647 0.85882353
v -2.93782759 1.75105643 -148.76490784 0.65098039 0.74117647 0.85882353
v -2.96151018 1.75117636 -148.73324585 0.65098039 0.74117647 0.85882353
v -2.96698046 1.74534738 -148.72514343 0.65098039 0.74117647 0.85882353
v -2.95833826 1.74179268 -148.71803284 0.65098039 0.74117647 0.85882353
v -2.93285418 1.73856783 -148.75027466 0.65098039 0.74117647 0.85882353
v -2.94017029 1.74280524 -148.75451660 0.65098039 0.74117647 0.85882353
v -2.93598795 1.74489689 -148.75787354 0.65098039 0.74117647 0.85882353
v -2.95770645 1.73485041 -148.74719238 0.65098039 0.74117647 0.85882353
v -2.96400523 1.73623252 -148.74847412 0.65098039 0.74117647 0.85882353
v -2.95860100 1.73915529 -148.75036621 0.65098039 0.74117647 0.85882353
v -2.95186877 1.73657775 -148.74816895 0.65098039 0.74117647 0.85882353
v -2.89418602 1.75107121 -148.74717712 0.65098039 0.74117647 0.85882353
v -2.89199686 1.74319172 -148.75640869 0.65098039 0.74117647 0.85882353
v -3.00515866 1.74080801 -148.74977112 0.65098039 0.74117647 0.85882353
v -3.00102401 1.73925400 -148.74641418 0.65098039 0.74117647 0.85882353
v -2.86119032 1.71489835 -148.72070312 0.65098039 0.74117647 0.85882353
v -2.86353159 1.70853829 -148.72384644 0.65098039 0.74117647 0.85882353
v -2.92523575 1.73336887 -148.74591064 0.65098039 0.74117647 0.85882353
v -2.94798994 1.73640585 -148.71232605 0.65098039 0.74117647 0.85882353
v -2.91792130 1.72724092 -148.74295044 0.65098039 0.74117647 0.85882353
v -2.93321848 1.76609302 -148.75625610 0.65098039 0.74117647 0.85882353
v -2.93039513 1.76390266 -148.76281738 0.65098039 0.74117647 0.85882353
v -2.93728280 1.76527047 -148.76492310 0.65098039 0.74117647 0.85882353
v -2.93881106 1.76914287 -148.75994873 0.65098039 0.74117647 0.85882353
v -2.98767853 1.74799991 -148.75465393 0.65098039 0.74117647 0.85882353
v -2.98875642 1.74194360 -148.75460815 0.65098039 0.74117647 0.85882353
v -2.99438453 1.74500179 -148.75761414 0.65098039 0.74117647 0.85882353
v -2.99341488 1.75074601 -148.75740051 0.65098039 0.74117647 0.85882353
v -2.97329235 1.73087847 -148.74363708 0.65098039 0.74117647 0.85882353
v -2.97575188 1.72851217 -148.73901367 0.65098039 0.74117647 0.85882353
v -2.98279715 1.73145914 -148.74241638 0.65098039 0.74117647 0.85882353
v -2.98034120 1.73325133 -148.74708557 0.65098039 0.74117647 0.85882353
v -2.97817898 1.72968078 -148.73411560 0.65098039 0.74117647 0.85882353
v -2.98515010 1.73285902 -148.73767090 0.65098039 0.74117647 0.85882353
v -2.98823643 1.75381255 -148.75160217 0.65098039 0.74117647 0.85882353
v -2.99046040 1.75523329 -148.74578857 0.65098039 0.74117647 0.85882353
v -2.98041511 1.75208831 -148.74078369 0.65098039 0.74117647 0.85882353
v -2.97916627 1.74960375 -148.74746704 0.65098039 0.74117647 0.85882353
v -2.90675163 1.74788260 -148.72090149 0.65098039 0.74117647 0.85882353
v -2.89963484 1.74891734 -148.72628784 0.65098039 0.74117647 0.85882353
v -2.90805817 1.75509071 -148.73426819 0.65098039 0.74117647 0.85882353
v -2.91632342 1.76099515 -148.74256897 0.65098039 0.74117647 0.85882353
v -2.92462301 1.76392293 -148.75173950 0.65098039 0.74117647 0.85882353
v -2.93407679 1.76463580 -148.74441528 0.65098039 0.74117647 0.85882353
v -2.90107417 1.75472927 -148.73968506 0.65098039 0.74117647 0.85882353
v -2.96753001 1.74941659 -148.74530029 0.65098039 0.74117647 0.85882353
v -2.97116947 1.74943113 -148.73838806 0.65098039 0.74117647 0.85882353
v -2.96608520 1.75400972 -148.74153137 0.65098039 0.74117647 0.85882353
v -2.91265583 1.72892904 -148.74821472 0.65098039 0.74117647 0.85882353
v -2.99555588 1.73715687 -148.74296570 0.65098039 0.74117647 0.85882353
v -2.90755582 1.71449971 -148.69056702 0.65098039 0.74117647 0.85882353
v -2.90118170 1.72431517 -148.69309998 0.65098039 0.74117647 0.85882353
v -2.90881634 1.72922754 -148.69839478 0.65098039 0.74117647 0.85882353
v -2.91486883 1.71699953 -148.69461060 0.65098039 0.74117647 0.85882353
v -2.99078512 1.73781896 -148.75180054 0.65098039 0.74117647 0.85882353
v -2.99347019 1.73566484 -148.74760437 0.65098039 0.74117647 0.85882353
v -2.93347120 1.75452304 -148.76811218 0.65098039 0.74117647 0.85882353
v -2.93923521 1.75815082 -148.76852417 0.65098039 0.74117647 0.85882353
v -2.93707609 1.76174045 -148.76922607 0.65098039 0.74117647 0.85882353
v -2.93160009 1.75975037 -148.76947021 0.65098039 0.74117647 0.85882353
v -2.89337993 1.74872804 -148.73200989 0.65098039 0.74117647 0.85882353
v -2.91116047 1.76516771 -148.76766968 0.65098039 0.74117647 0.85882353
v -2.91701341 1.76918912 -148.76013184 0.65098039 0.74117647 0.85882353
v -2.89167452 1.74350452 -148.71989441 0.65098039 0.74117647 0.85882353
v -2.89863276 1.74245131 -148.71394348 0.65098039 0.74117647 0.85882353
v -2.89221811 1.73788047 -148.70854187 0.65098039 0.74117647 0.85882353
v -2.94655514 1.76208997 -148.74230957 0.65098039 0.74117647 0.85882353
v -2.91391587 1.74649811 -148.71650696 0.65098039 0.74117647 0.85882353
v -2.90544415 1.74064589 -148.70986938 0.65098039 0.74117647 0.85882353
v -2.89894772 1.73495340 -148.70321655 0.65098039 0.74117647 0.85882353
v -2.89300132 1.73060799 -148.69848633 0.65098039 0.74117647 0.85882353
v -2.88603067 1.73400593 -148.70452881 0.65098039 0.74117647 0.85882353
v -2.99351740 1.75207257 -148.74092102 0.65098039 0.74117647 0.85882353
v -2.99662161 1.75661612 -148.74916077 0.65098039 0.74117647 0.85882353
v -2.87835217 1.73003578 -148.70001221 0.65098039 0.74117647 0.85882353
v -2.86871099 1.72578716 -148.69488525 0.65098039 0.74117647 0.85882353
v -2.87629652 1.72170663 -148.68914795 0.65098039 0.74117647 0.85882353
v -2.88570929 1.72652626 -148.69395447 0.65098039 0.74117647 0.85882353
v -2.91245365 1.73729610 -148.70582581 0.65098039 0.74117647 0.85882353
v -2.91926765 1.73242295 -148.70248413 0.65098039 0.74117647 0.85882353
v -2.92106915 1.74380302 -148.71270752 0.65098039 0.74117647 0.85882353
v -2.92900562 1.73893094 -148.70921326 0.65098039 0.74117647 0.85882353
v -2.95318913 1.75904155 -148.73474121 0.65098039 0.74117647 0.85882353
v -3.00662994 1.75870919 -148.76107788 0.65098039 0.74117647 0.85882353
v -2.99951506 1.75654531 -148.75715637 0.65098039 0.74117647 0.85882353
v -2.99832702 1.75291348 -148.76033020 0.65098039 0.74117647 0.85882353
v -3.00532603 1.75591469 -148.76408386 0.65098039 0.74117647 0.85882353
v -2.99417186 1.75532007 -148.75434875 0.65098039 0.74117647 0.85882353
v -3.00176811 1.75744700 -148.75231934 0.65098039 0.74117647 0.85882353
v -2.93744993 1.73025608 -148.70622253 0.65098039 0.74117647 0.85882353
v -2.96512556 1.74328685 -148.75144958 0.65098039 0.74117647 0.85882353
v -2.92726755 1.71986365 -148.69960022 0.65098039 0.74117647 0.85882353
v -2.94787908 1.72085583 -148.70614624 0.65098039 0.74117647 0.85882353
v -2.94169474 1.71256781 -148.70143127 0.65098039 0.74117647 0.85882353
v -2.91845012 1.70455337 -148.69320679 0.65098039 0.74117647 0.85882353
v -2.92851615 1.70394826 -148.69609070 0.65098039 0.74117647 0.85882353
v -2.90419841 1.70142961 -148.68705750 0.65098039 0.74117647 0.85882353
v -2.91089225 1.70353198 -148.69068909 0.65098039 0.74117647 0.85882353
v -2.89650965 1.69749796 -148.68186951 0.65098039 0.74117647 0.85882353
v -2.94212317 1.70126390 -148.69906616 0.65098039 0.74117647 0.85882353
v -3.00874400 1.74228191 -148.75881958 0.65098039 0.74117647 0.85882353
v -3.00607681 1.74505925 -148.76289368 0.65098039 0.74117647 0.85882353
v -2.90060902 1.71157217 -148.68621826 0.65098039 0.74117647 0.85882353
v -2.89239311 1.70735025 -148.68066406 0.65098039 0.74117647 0.85882353
v -2.94745779 1.69432139 -148.72727966 0.65098039 0.74117647 0.85882353
v -2.90688157 1.72169018 -148.74458313 0.65098039 0.74117647 0.85882353
v -2.91103029 1.72092724 -148.74053955 0.65098039 0.74117647 0.85882353
v -2.89082670 1.72763920 -148.75303650 0.65098039 0.74117647 0.85882353
v -2.90030384 1.72258639 -148.74989319 0.65098039 0.74117647 0.85882353
v -2.88469672 1.71595764 -148.68357849 0.65098039 0.74117647 0.85882353
v -2.86881185 1.68066311 -148.71217346 0.65098039 0.74117647 0.85882353
v -2.86261058 1.68621588 -148.71650696 0.65098039 0.74117647 0.85882353
v -2.86403012 1.71459675 -148.68429565 0.65098039 0.74117647 0.85882353
v -3.01127720 1.74294639 -148.75488281 0.65098039 0.74117647 0.85882353
v -2.95602798 1.75847960 -148.75938416 0.65098039 0.74117647 0.85882353
v -2.95391273 1.75988793 -148.75942993 0.65098039 0.74117647 0.85882353
v -2.95259333 1.68078709 -148.71453857 0.65098039 0.74117647 0.85882353
v -2.96142960 1.68219852 -148.71531677 0.65098039 0.74117647 0.85882353
v -2.96400285 1.68947434 -148.70654297 0.65098039 0.74117647 0.85882353
v -2.96284771 1.68425131 -148.71020508 0.65098039 0.74117647 0.85882353
v -2.95381832 1.68291378 -148.70742798 0.65098039 0.74117647 0.85882353
v -2.95455933 1.68969131 -148.70304871 0.65098039 0.74117647 0.85882353
v -2.90382290 1.71322489 -148.73823547 0.65098039 0.74117647 0.85882353
v -2.90067196 1.71481907 -148.74163818 0.65098039 0.74117647 0.85882353
v -2.88723803 1.74490285 -148.74084473 0.65098039 0.74117647 0.85882353
v -2.88540936 1.73757923 -148.74958801 0.65098039 0.74117647 0.85882353
v -2.97904873 1.73400187 -148.73016357 0.65098039 0.74117647 0.85882353
v -2.97153187 1.73738503 -148.72439575 0.65098039 0.74117647 0.85882353
v -2.97760534 1.74031186 -148.72888184 0.65098039 0.74117647 0.85882353
v -2.98316741 1.74893296 -148.73503113 0.65098039 0.74117647 0.85882353
v -2.96872520 1.74663067 -148.74845886 0.65098039 0.74117647 0.85882353
v -2.97259378 1.74651551 -148.74604797 0.65098039 0.74117647 0.85882353
v -2.91080403 1.69369364 -148.72903442 0.65098039 0.74117647 0.85882353
v -2.91695118 1.70578289 -148.73291016 0.65098039 0.74117647 0.85882353
v -2.95626593 1.70100856 -148.72433472 0.65098039 0.74117647 0.85882353
v -2.96173239 1.69983482 -148.72250366 0.65098039 0.74117647 0.85882353
v -2.94534111 1.73961544 -148.75079346 0.65098039 0.74117647 0.85882353
v -2.95704460 1.76401520 -148.74742126 0.65098039 0.74117647 0.85882353
v -2.96131229 1.76133847 -148.74095154 0.65098039 0.74117647 0.85882353
v -2.95214248 1.74299121 -148.75386047 0.65098039 0.74117647 0.85882353
v -3.01283216 1.75079203 -148.75149536 0.65098039 0.74117647 0.85882353
v -3.01290178 1.74587393 -148.75241089 0.65098039 0.74117647 0.85882353
v -2.97461057 1.74692798 -148.73068237 0.65098039 0.74117647 0.85882353
v -2.93062925 1.74673903 -148.76223755 0.65098039 0.74117647 0.85882353
v -2.94985151 1.76376152 -148.75111389 0.65098039 0.74117647 0.85882353
v -2.95641541 1.76245070 -148.75396729 0.65098039 0.74117647 0.85882353
v -2.90972137 1.75851011 -148.77075195 0.65098039 0.74117647 0.85882353
v -2.89384389 1.72058654 -148.68867493 0.65098039 0.74117647 0.85882353
v -2.99848843 1.74715018 -148.76101685 0.65098039 0.74117647 0.85882353
v -3.00441504 1.75029373 -148.76533508 0.65098039 0.74117647 0.85882353
v -3.00833845 1.75883365 -148.75697327 0.65098039 0.74117647 0.85882353
v -3.01081729 1.75575256 -148.75300598 0.65098039 0.74117647 0.85882353
v -2.88012695 1.73136568 -148.74386597 0.65098039 0.74117647 0.85882353
v -2.91438246 1.72028792 -148.73782349 0.65098039 0.74117647 0.85882353
v -2.85682797 1.69309473 -148.71905518 0.65098039 0.74117647 0.85882353
v -2.95379829 1.69839954 -148.70188904 0.65098039 0.74117647 0.85882353
v -2.96423888 1.69664359 -148.70584106 0.65098039 0.74117647 0.85882353
v -2.95835400 1.74666333 -148.75640869 0.65098039 0.74117647 0.85882353
v -2.92469764 1.76669669 -148.75947571 0.65098039 0.74117647 0.85882353
v -2.94001102 1.76783824 -148.75018311 0.65098039 0.74117647 0.85882353
v -2.94438386 1.77066398 -148.75436401 0.65098039 0.74117647 0.85882353
v -2.95139050 1.76734114 -148.75340271 0.65098039 0.74117647 0.85882353
v -2.95454907 1.76415753 -148.75709534 0.65098039 0.74117647 0.85882353
v -3.01342297 1.76057696 -148.76048279 0.65098039 0.74117647 0.85882353
v -3.01609778 1.75756121 -148.75674438 0.65098039 0.74117647 0.85882353
v -3.01839399 1.75283480 -148.75534058 0.65098039 0.74117647 0.85882353
v -3.01795554 1.74790382 -148.75622559 0.65098039 0.74117647 0.85882353
v -3.01567006 1.74500012 -148.75845337 0.65098039 0.74117647 0.85882353
v -3.01172400 1.76049209 -148.76420593 0.65098039 0.74117647 0.85882353
v -3.01017547 1.75762010 -148.76696777 0.65098039 0.74117647 0.85882353
v -3.00909281 1.75222874 -148.76789856 0.65098039 0.74117647 0.85882353
v -3.01582098 1.76192570 -148.76734924 0.65098039 0.74117647 0.85882353
v -3.01862168 1.76234651 -148.76417542 0.65098039 0.74117647 0.85882353
v -3.02859855 1.75497580 -148.76283264 0.65098039 0.74117647 0.85882353
v -3.02405095 1.75508857 -148.75926208 0.65098039 0.74117647 0.85882353
v -3.02545929 1.75788689 -148.76162720 0.65098039 0.74117647 0.85882353
v -3.02843523 1.75834131 -148.76358032 0.65098039 0.74117647 0.85882353
v -3.03141975 1.75937939 -148.76628113 0.65098039 0.74117647 0.85882353
v -3.03154778 1.75601101 -148.76643372 0.65098039 0.74117647 0.85882353
v -3.02310491 1.76006722 -148.76226807 0.65098039 0.74117647 0.85882353
v -3.02628589 1.76158357 -148.76472473 0.65098039 0.74117647 0.85882353
v -3.02385426 1.76339555 -148.76715088 0.65098039 0.74117647 0.85882353
v -3.02710724 1.76477361 -148.76969910 0.65098039 0.74117647 0.85882353
v -3.02963281 1.76308727 -148.76739502 0.65098039 0.74117647 0.85882353
v -3.02169847 1.76202297 -148.76451111 0.65098039 0.74117647 0.85882353
v -3.02031469 1.75902224 -148.75999451 0.65098039 0.74117647 0.85882353
v -3.03352547 1.75840855 -148.76965332 0.65098039 0.74117647 0.85882353
v -3.03330874 1.76056385 -148.76838684 0.65098039 0.74117647 0.85882353
v -3.03248715 1.76369572 -148.76997375 0.65098039 0.74117647 0.85882353
v -3.03290915 1.76220298 -148.77246094 0.65098039 0.74117647 0.85882353
v -3.02212262 1.74967718 -148.75955200 0.65098039 0.74117647 0.85882353
v -3.02688599 1.75160789 -148.76382446 0.65098039 0.74117647 0.85882353
v -3.03030944 1.75362659 -148.76803589 0.65098039 0.74117647 0.85882353
v -3.03227973 1.75636482 -148.77156067 0.65098039 0.74117647 0.85882353
v -3.02511692 1.74985838 -148.76637268 0.65098039 0.74117647 0.85882353
v -3.02848744 1.75277877 -148.77027893 0.65098039 0.74117647 0.85882353
v -3.03003263 1.75539947 -148.77316284 0.65098039 0.74117647 0.85882353
v -3.02320790 1.75016999 -148.76966858 0.65098039 0.74117647 0.85882353
v -3.02686548 1.75331378 -148.77261353 0.65098039 0.74117647 0.85882353
v -3.01718450 1.74665415 -148.76502991 0.65098039 0.74117647 0.85882353
v -3.01969147 1.74692166 -148.76162720 0.65098039 0.74117647 0.85882353
v -3.02847910 1.75531507 -148.77395630 0.65098039 0.74117647 0.85882353
v -3.03150392 1.76019955 -148.77430725 0.65098039 0.74117647 0.85882353
v -3.02152061 1.76387644 -148.76885986 0.65098039 0.74117647 0.85882353
v -3.02529573 1.76493025 -148.77188110 0.65098039 0.74117647 0.85882353
v -3.01995707 1.76316023 -148.77102661 0.65098039 0.74117647 0.85882353
v -3.02407408 1.76388144 -148.77395630 0.65098039 0.74117647 0.85882353
v -3.02943301 1.76505542 -148.77360535 0.65098039 0.74117647 0.85882353
v -3.03003049 1.76557732 -148.77137756 0.65098039 0.74117647 0.85882353
v -3.01276779 1.74441707 -148.76206970 0.65098039 0.74117647 0.85882353
v -3.01024079 1.74751568 -148.76579285 0.65098039 0.74117647 0.85882353
v -3.01465321 1.74944139 -148.76875305 0.65098039 0.74117647 0.85882353
v -3.02056789 1.75250292 -148.77307129 0.65098039 0.74117647 0.85882353
v -3.01321936 1.75405002 -148.77044678 0.65098039 0.74117647 0.85882353
v -3.01422024 1.75909925 -148.76983643 0.65098039 0.74117647 0.85882353
v -3.01893854 1.76080489 -148.77284241 0.65098039 0.74117647 0.85882353
v -3.01866317 1.75693274 -148.77395630 0.65098039 0.74117647 0.85882353
v -3.02321744 1.76156044 -148.77529907 0.65098039 0.74117647 0.85882353
v -3.02336311 1.75861883 -148.77581787 0.65098039 0.74117647 0.85882353
v -3.02498364 1.75543904 -148.77484131 0.65098039 0.74117647 0.85882353
v -3.02689457 1.76101303 -148.77624512 0.65098039 0.74117647 0.85882353
v -3.02821755 1.76325083 -148.77540588 0.65098039 0.74117647 0.85882353
v -3.02943611 1.75854802 -148.77519226 0.65098039 0.74117647 0.85882353
v -3.02606034 1.75911093 -148.77613831 0.65098039 0.74117647 0.85882353
v -3.02745056 1.75714755 -148.77523804 0.65098039 0.74117647 0.85882353
v -2.99131870 1.76301980 -148.77214050 0.65098039 0.74117647 0.85882353
v -2.98800302 1.76512289 -148.77577209 0.65098039 0.74117647 0.85882353
v -2.98314571 1.76253867 -148.77096558 0.65098039 0.74117647 0.85882353
v -2.98641205 1.76036644 -148.76760864 0.65098039 0.74117647 0.85882353
v -2.99439621 1.76990938 -148.76258850 0.65098039 0.74117647 0.85882353
v -2.99516892 1.76485205 -148.76516724 0.65098039 0.74117647 0.85882353
v -2.99051857 1.76290512 -148.76054382 0.65098039 0.74117647 0.85882353
v -2.98950815 1.76810360 -148.75810242 0.65098039 0.74117647 0.85882353
v -2.99063683 1.77491379 -148.76383972 0.65098039 0.74117647 0.85882353
v -2.98557520 1.77338886 -148.75950623 0.65098039 0.74117647 0.85882353
v -2.98379898 1.76523328 -148.75326538 0.65098039 0.74117647 0.85882353
v -2.98483682 1.76001096 -148.75590515 0.65098039 0.74117647 0.85882353
v -2.97411180 1.75399947 -148.74983215 0.65098039 0.74117647 0.85882353
v -2.97363186 1.75890374 -148.74639893 0.65098039 0.74117647 0.85882353
v -2.96294022 1.75583792 -148.76309204 0.65098039 0.74117647 0.85882353
v -2.96245241 1.76102614 -148.76239014 0.65098039 0.74117647 0.85882353
v -2.99396777 1.76267576 -148.76873779 0.65098039 0.74117647 0.85882353
v -2.98907900 1.76041985 -148.76420593 0.65098039 0.74117647 0.85882353
v -2.97306252 1.76690912 -148.76829529 0.65098039 0.74117647 0.85882353
v -2.97440052 1.76223588 -148.76896667 0.65098039 0.74117647 0.85882353
v -2.98051381 1.76595688 -148.77301025 0.65098039 0.74117647 0.85882353
v -2.97909331 1.77039623 -148.77272034 0.65098039 0.74117647 0.85882353
v -2.97010040 1.74935484 -148.75637817 0.65098039 0.74117647 0.85882353
v -2.96597457 1.75162244 -148.76025391 0.65098039 0.74117647 0.85882353
v -2.97284842 1.75092936 -148.75311279 0.65098039 0.74117647 0.85882353
v -2.97306061 1.77155805 -148.76541138 0.65098039 0.74117647 0.85882353
v -2.97534013 1.77354002 -148.76029968 0.65098039 0.74117647 0.85882353
v -2.96539807 1.76811504 -148.75254822 0.65098039 0.74117647 0.85882353
v -2.96325159 1.76613426 -148.75849915 0.65098039 0.74117647 0.85882353
v -2.98328090 1.75718713 -148.75965881 0.65098039 0.74117647 0.85882353
v -2.97709084 1.75856495 -148.76670837 0.65098039 0.74117647 0.85882353
v -2.98056126 1.75652456 -148.76335144 0.65098039 0.74117647 0.85882353
v -2.97968340 1.77072382 -148.75480652 0.65098039 0.74117647 0.85882353
v -2.98121142 1.77586031 -148.76515198 0.65098039 0.74117647 0.85882353
v -2.99178076 1.77971697 -148.77857971 0.65098039 0.74117647 0.85882353
v -2.98454261 1.77649307 -148.77372742 0.65098039 0.74117647 0.85882353
v -2.98398161 1.77327847 -148.77699280 0.65098039 0.74117647 0.85882353
v -2.99126458 1.77705026 -148.78208923 0.65098039 0.74117647 0.85882353
v -2.97927380 1.77407837 -148.76998901 0.65098039 0.74117647 0.85882353
v -2.98657322 1.77758479 -148.76893616 0.65098039 0.74117647 0.85882353
v -2.99856091 1.76684761 -148.77873230 0.65098039 0.74117647 0.85882353
v -2.99518156 1.76932263 -148.78213501 0.65098039 0.74117647 0.85882353
v -3.00102949 1.76628447 -148.77522278 0.65098039 0.74117647 0.85882353
v -2.96972084 1.76553249 -148.74681091 0.65098039 0.74117647 0.85882353
v -3.00119638 1.77277923 -148.76895142 0.65098039 0.74117647 0.85882353
v -3.00194120 1.76821995 -148.77183533 0.65098039 0.74117647 0.85882353
v -2.98531342 1.76873684 -148.77778625 0.65098039 0.74117647 0.85882353
v -2.99220228 1.77286577 -148.78363037 0.65098039 0.74117647 0.85882353
v -2.99381208 1.78036404 -148.77407837 0.65098039 0.74117647 0.85882353
v -2.99750757 1.77755523 -148.76959229 0.65098039 0.74117647 0.85882353
v -2.99944186 1.78274155 -148.77873230 0.65098039 0.74117647 0.85882353
v -3.00306845 1.78012538 -148.77484131 0.65098039 0.74117647 0.85882353
v -3.00666046 1.77569127 -148.77401733 0.65098039 0.74117647 0.85882353
v -3.00678134 1.77106595 -148.77642822 0.65098039 0.74117647 0.85882353
v -3.00525999 1.76921678 -148.77925110 0.65098039 0.74117647 0.85882353
v -2.99727631 1.78225708 -148.78257751 0.65098039 0.74117647 0.85882353
v -2.99624324 1.77975655 -148.78541565 0.65098039 0.74117647 0.85882353
v -2.99654293 1.77549601 -148.78678894 0.65098039 0.74117647 0.85882353
v -3.00214934 1.78493810 -148.78678894 0.65098039 0.74117647 0.85882353
v -3.00492811 1.78587890 -148.78366089 0.65098039 0.74117647 0.85882353
v -3.01953125 1.78208256 -148.78720093 0.65098039 0.74117647 0.85882353
v -3.01624322 1.77993488 -148.78306580 0.65098039 0.74117647 0.85882353
v -3.01545644 1.78321791 -148.78366089 0.65098039 0.74117647 0.85882353
v -3.01911020 1.78518796 -148.78643799 0.65098039 0.74117647 0.85882353
v -3.01186562 1.77911568 -148.77897644 0.65098039 0.74117647 0.85882353
v -3.01267958 1.78246403 -148.78143311 0.65098039 0.74117647 0.85882353
v -3.01043963 1.78465748 -148.78228760 0.65098039 0.74117647 0.85882353
v -3.01334882 1.78672338 -148.78471375 0.65098039 0.74117647 0.85882353
v -3.01052475 1.78812408 -148.78726196 0.65098039 0.74117647 0.85882353
v -3.01374578 1.79035640 -148.78997803 0.65098039 0.74117647 0.85882353
v -3.01703215 1.78916693 -148.78739929 0.65098039 0.74117647 0.85882353
v -3.00840998 1.78633666 -148.78440857 0.65098039 0.74117647 0.85882353
v -3.02133417 1.78716874 -148.78895569 0.65098039 0.74117647 0.85882353
v -3.02125764 1.78548694 -148.79081726 0.65098039 0.74117647 0.85882353
v -3.00766802 1.78301668 -148.77929688 0.65098039 0.74117647 0.85882353
v -3.01099515 1.77391672 -148.78004456 0.65098039 0.74117647 0.85882353
v -3.01538014 1.77658916 -148.78450012 0.65098039 0.74117647 0.85882353
v -3.01848817 1.77978110 -148.78915405 0.65098039 0.74117647 0.85882353
v -3.01980257 1.78357911 -148.79306030 0.65098039 0.74117647 0.85882353
v -3.01362205 1.77498174 -148.78744507 0.65098039 0.74117647 0.85882353
v -3.01684904 1.77866101 -148.79168701 0.65098039 0.74117647 0.85882353
v -3.01798773 1.78234315 -148.79454041 0.65098039 0.74117647 0.85882353
v -3.01106405 1.77506685 -148.79080200 0.65098039 0.74117647 0.85882353
v -3.01483536 1.77897954 -148.79415894 0.65098039 0.74117647 0.85882353
v -3.00582170 1.77161908 -148.78558350 0.65098039 0.74117647 0.85882353
v -3.00877428 1.77160764 -148.78250122 0.65098039 0.74117647 0.85882353
v -3.01628304 1.78168178 -148.79531860 0.65098039 0.74117647 0.85882353
v -3.02046919 1.78979373 -148.79322815 0.65098039 0.74117647 0.85882353
v -3.01899576 1.78758955 -148.79527283 0.65098039 0.74117647 0.85882353
v -3.02065706 1.79114723 -148.79022217 0.65098039 0.74117647 0.85882353
v -3.00855112 1.78782630 -148.78895569 0.65098039 0.74117647 0.85882353
v -3.01209426 1.78989720 -148.79203796 0.65098039 0.74117647 0.85882353
v -3.00664687 1.78752112 -148.79080200 0.65098039 0.74117647 0.85882353
v -3.01085782 1.78954005 -148.79400635 0.65098039 0.74117647 0.85882353
v -3.01625919 1.79154754 -148.79385376 0.65098039 0.74117647 0.85882353
v -3.01687217 1.79205203 -148.79176331 0.65098039 0.74117647 0.85882353
v -3.00253534 1.76953030 -148.78231812 0.65098039 0.74117647 0.85882353
v -2.99916029 1.77181411 -148.78529358 0.65098039 0.74117647 0.85882353
v -3.00248861 1.77372861 -148.78880310 0.65098039 0.74117647 0.85882353
v -3.00781178 1.77732682 -148.79383850 0.65098039 0.74117647 0.85882353
v -2.99997592 1.77752972 -148.78981018 0.65098039 0.74117647 0.85882353
v -3.00052118 1.78214860 -148.78890991 0.65098039 0.74117647 0.85882353
v -3.00550938 1.78504801 -148.79280090 0.65098039 0.74117647 0.85882353
v -3.00552678 1.78123474 -148.79432678 0.65098039 0.74117647 0.85882353
v -3.01006866 1.78723097 -148.79559326 0.65098039 0.74117647 0.85882353
v -3.01011062 1.78396940 -148.79670715 0.65098039 0.74117647 0.85882353
v -3.01211309 1.78084350 -148.79621887 0.65098039 0.74117647 0.85882353
v -3.01403213 1.78757119 -148.79698181 0.65098039 0.74117647 0.85882353
v -3.01523709 1.79010534 -148.79585266 0.65098039 0.74117647 0.85882353
v -3.01697111 1.78531981 -148.79637146 0.65098039 0.74117647 0.85882353
v -3.01315832 1.78518271 -148.79731750 0.65098039 0.74117647 0.85882353
v -3.01491785 1.78340816 -148.79667664 0.65098039 0.74117647 0.85882353
v -2.96905088 1.77266598 -148.78118896 0.65098039 0.74117647 0.85882353
v -2.96501493 1.77276897 -148.78479004 0.65098039 0.74117647 0.85882353
v -2.96126270 1.77058434 -148.78047180 0.65098039 0.74117647 0.85882353
v -2.96548724 1.77035165 -148.77716064 0.65098039 0.74117647 0.85882353
v -2.97012949 1.78103399 -148.77406311 0.65098039 0.74117647 0.85882353
v -2.97164369 1.77810860 -148.77525330 0.65098039 0.74117647 0.85882353
v -2.96820211 1.77527475 -148.77084351 0.65098039 0.74117647 0.85882353
v -2.96633387 1.77845120 -148.76876831 0.65098039 0.74117647 0.85882353
v -2.96634722 1.78421593 -148.77525330 0.65098039 0.74117647 0.85882353
v -2.96171284 1.78173757 -148.77006531 0.65098039 0.74117647 0.85882353
v -2.96235037 1.77563977 -148.76403809 0.65098039 0.74117647 0.85882353
v -2.96455836 1.77196860 -148.76675415 0.65098039 0.74117647 0.85882353
v -2.95782518 1.76678014 -148.76113892 0.65098039 0.74117647 0.85882353
v -2.95581913 1.77091432 -148.75776672 0.65098039 0.74117647 0.85882353
v -2.97130990 1.77512956 -148.77793884 0.65098039 0.74117647 0.85882353
v -2.96785164 1.77237630 -148.77380371 0.65098039 0.74117647 0.85882353
v -2.95101762 1.77178407 -148.77850342 0.65098039 0.74117647 0.85882353
v -2.95315790 1.76884341 -148.77862549 0.65098039 0.74117647 0.85882353
v -2.95765066 1.77257276 -148.78247070 0.65098039 0.74117647 0.85882353
v -2.95571613 1.77540207 -148.78233337 0.65098039 0.74117647 0.85882353
v -2.95334482 1.76062608 -148.76708984 0.65098039 0.74117647 0.85882353
v -2.94880867 1.76053476 -148.76998901 0.65098039 0.74117647 0.85882353
v -2.95658350 1.76315117 -148.76429749 0.65098039 0.74117647 0.85882353
v -2.95048237 1.77628088 -148.77581787 0.65098039 0.74117647 0.85882353
v -2.95220804 1.77961493 -148.77047729 0.65098039 0.74117647 0.85882353
v -2.94477081 1.77387786 -148.76449585 0.65098039 0.74117647 0.85882353
v -2.94315720 1.76983237 -148.76931763 0.65098039 0.74117647 0.85882353
v -2.96410918 1.76896477 -148.77012634 0.65098039 0.74117647 0.85882353
v -2.95696855 1.76665688 -148.77687073 0.65098039 0.74117647 0.85882353
v -2.96140194 1.76674628 -148.77345276 0.65098039 0.74117647 0.85882353
v -2.95696926 1.77886081 -148.76544189 0.65098039 0.74117647 0.85882353
v -2.95701718 1.78225589 -148.77478027 0.65098039 0.74117647 0.85882353
v -2.96657825 1.78682232 -148.78982544 0.65098039 0.74117647 0.85882353
v -2.95945621 1.78215027 -148.78381348 0.65098039 0.74117647 0.85882353
v -2.95934558 1.77828002 -148.78680420 0.65098039 0.74117647 0.85882353
v -2.96612167 1.78346777 -148.79270935 0.65098039 0.74117647 0.85882353
v -2.95509100 1.77932549 -148.77984619 0.65098039 0.74117647 0.85882353
v -2.96194482 1.78493547 -148.77932739 0.65098039 0.74117647 0.85882353
v -2.97474098 1.77673936 -148.78790283 0.65098039 0.74117647 0.85882353
v -2.97083592 1.77706671 -148.79122925 0.65098039 0.74117647 0.85882353
v -2.97678304 1.77891064 -148.78472900 0.65098039 0.74117647 0.85882353
v -2.95002460 1.77430701 -148.75914001 0.65098039 0.74117647 0.85882353
v -2.94302201 1.76522231 -148.77243042 0.65098039 0.74117647 0.85882353
v -2.97637963 1.78476095 -148.78121948 0.65098039 0.74117647 0.85882353
v -2.97751570 1.78183436 -148.78227234 0.65098039 0.74117647 0.85882353
v -2.96112251 1.77487326 -148.78704834 0.65098039 0.74117647 0.85882353
v -2.96726727 1.77959347 -148.79333496 0.65098039 0.74117647 0.85882353
v -2.96890998 1.78887844 -148.78579712 0.65098039 0.74117647 0.85882353
v -2.97289848 1.78793931 -148.78193665 0.65098039 0.74117647 0.85882353
v -2.97334981 1.79188895 -148.79020691 0.65098039 0.74117647 0.85882353
v -2.97736788 1.79064941 -148.78668213 0.65098039 0.74117647 0.85882353
v -2.98100829 1.78771663 -148.78584290 0.65098039 0.74117647 0.85882353
v -2.98162413 1.78435659 -148.78709412 0.65098039 0.74117647 0.85882353
v -2.98037004 1.78143048 -148.78924561 0.65098039 0.74117647 0.85882353
v -2.97130609 1.78993297 -148.79409790 0.65098039 0.74117647 0.85882353
v -2.97076416 1.78673124 -148.79624939 0.65098039 0.74117647 0.85882353
v -2.97126365 1.78250360 -148.79655457 0.65098039 0.74117647 0.85882353
v -2.97451735 1.79217863 -148.79737854 0.65098039 0.74117647 0.85882353
v -2.97742748 1.79420018 -148.79421997 0.65098039 0.74117647 0.85882353
v -2.99240565 1.79380894 -148.79782104 0.65098039 0.74117647 0.85882353
v -2.98952436 1.79167700 -148.79441833 0.65098039 0.74117647 0.85882353
v -2.98824453 1.79360271 -148.79496765 0.65098039 0.74117647 0.85882353
v -2.99122691 1.79581094 -148.79753113 0.65098039 0.74117647 0.85882353
v -2.98517346 1.79053116 -148.79029846 0.65098039 0.74117647 0.85882353
v -2.98573065 1.79273367 -148.79249573 0.65098039 0.74117647 0.85882353
v -2.98301435 1.79433537 -148.79292297 0.65098039 0.74117647 0.85882353
v -2.98572946 1.79642749 -148.79547119 0.65098039 0.74117647 0.85882353
v -2.98212028 1.79643679 -148.79768372 0.65098039 0.74117647 0.85882353
v -2.98492265 1.79846668 -148.80036926 0.65098039 0.74117647 0.85882353
v -2.98862982 1.79842687 -148.79827881 0.65098039 0.74117647 0.85882353
v -2.98057079 1.79527426 -148.79479980 0.65098039 0.74117647 0.85882353
v -2.99280405 1.79754090 -148.79951477 0.65098039 0.74117647 0.85882353
v -2.99372363 1.79625559 -148.80072021 0.65098039 0.74117647 0.85882353
v -2.98081183 1.79287791 -148.79043579 0.65098039 0.74117647 0.85882353
v -2.98531055 1.78634071 -148.79093933 0.65098039 0.74117647 0.85882353
v -2.98922086 1.78848577 -148.79513550 0.65098039 0.74117647 0.85882353
v -2.99219704 1.79121113 -148.79919434 0.65098039 0.74117647 0.85882353
v -2.99289584 1.79374695 -148.80230713 0.65098039 0.74117647 0.85882353
v -2.98743773 1.78589416 -148.79707336 0.65098039 0.74117647 0.85882353
v -2.99040818 1.78877997 -148.80093384 0.65098039 0.74117647 0.85882353
v -2.99106741 1.79123926 -148.80357361 0.65098039 0.74117647 0.85882353
v -2.98474240 1.78450370 -148.79928589 0.65098039 0.74117647 0.85882353
v -2.98802304 1.78770995 -148.80268860 0.65098039 0.74117647 0.85882353
v -2.98070765 1.78179669 -148.79498291 0.65098039 0.74117647 0.85882353
v -2.98348784 1.78335571 -148.79278564 0.65098039 0.74117647 0.85882353
v -2.98923445 1.78997397 -148.80407715 0.65098039 0.74117647 0.85882353
v -2.99142838 1.79868960 -148.80299377 0.65098039 0.74117647 0.85882353
v -2.99045873 1.79619861 -148.80491638 0.65098039 0.74117647 0.85882353
v -2.99100161 1.79987693 -148.80070496 0.65098039 0.74117647 0.85882353
v -2.97984099 1.79581976 -148.79904175 0.65098039 0.74117647 0.85882353
v -2.98309731 1.79758644 -148.80201721 0.65098039 0.74117647 0.85882353
v -2.97831774 1.79396963 -148.80090332 0.65098039 0.74117647 0.85882353
v -2.98217821 1.79597998 -148.80378723 0.65098039 0.74117647 0.85882353
v -2.98681092 1.79901099 -148.80357361 0.65098039 0.74117647 0.85882353
v -2.98746991 1.79977465 -148.80191040 0.65098039 0.74117647 0.85882353
v -2.97788477 1.77961993 -148.79174805 0.65098039 0.74117647 0.85882353
v -2.97423005 1.77992606 -148.79441833 0.65098039 0.74117647 0.85882353
v -2.97729492 1.78208423 -148.79734802 0.65098039 0.74117647 0.85882353
v -2.98156166 1.78513288 -148.80175781 0.65098039 0.74117647 0.85882353
v -2.97440863 1.78450871 -148.79919434 0.65098039 0.74117647 0.85882353
v -2.97405148 1.78869033 -148.79905701 0.65098039 0.74117647 0.85882353
v -2.97792339 1.79118085 -148.80236816 0.65098039 0.74117647 0.85882353
v -2.97866344 1.78770471 -148.80299377 0.65098039 0.74117647 0.85882353
v -2.98185706 1.79349566 -148.80497742 0.65098039 0.74117647 0.85882353
v -2.98259926 1.79067159 -148.80561829 0.65098039 0.74117647 0.85882353
v -2.98524284 1.78844953 -148.80465698 0.65098039 0.74117647 0.85882353
v -2.98550272 1.79454017 -148.80618286 0.65098039 0.74117647 0.85882353
v -2.98602700 1.79706073 -148.80525208 0.65098039 0.74117647 0.85882353
v -2.98901868 1.79343629 -148.80564880 0.65098039 0.74117647 0.85882353
v -2.98512030 1.79226518 -148.80627441 0.65098039 0.74117647 0.85882353
v -2.98751974 1.79105639 -148.80554199 0.65098039 0.74117647 0.85882353
v -2.94500065 1.76241851 -148.77178955 0.65098039 0.74117647 0.85882353
v -2.93504357 1.77518821 -148.78681946 0.65098039 0.74117647 0.85882353
v -2.93174744 1.77417016 -148.78878784 0.65098039 0.74117647 0.85882353
v -2.92999530 1.77181077 -148.78521729 0.65098039 0.74117647 0.85882353
v -2.93303347 1.77274203 -148.78326416 0.65098039 0.74117647 0.85882353
v -2.93532753 1.78419971 -148.78131104 0.65098039 0.74117647 0.85882353
v -2.93764901 1.78104520 -148.78228760 0.65098039 0.74117647 0.85882353
v -2.93579650 1.77830052 -148.77822876 0.65098039 0.74117647 0.85882353
v -2.93326092 1.78172684 -148.77687073 0.65098039 0.74117647 0.85882353
v -2.93033409 1.78554010 -148.78282166 0.65098039 0.74117647 0.85882353
v -2.92796040 1.78322315 -148.77841187 0.65098039 0.74117647 0.85882353
v -2.93103719 1.77796960 -148.77235413 0.65098039 0.74117647 0.85882353
v -2.93387198 1.77448130 -148.77404785 0.65098039 0.74117647 0.85882353
v -2.93017530 1.76832533 -148.76774597 0.65098039 0.74117647 0.85882353
v -2.92726445 1.77168870 -148.76495361 0.65098039 0.74117647 0.85882353
v -2.91356301 1.76074767 -148.77330017 0.65098039 0.74117647 0.85882353
v -2.91690922 1.75760531 -148.77334595 0.65098039 0.74117647 0.85882353
v -2.92025542 1.76235414 -148.77764893 0.65098039 0.74117647 0.85882353
v -2.91658640 1.76457644 -148.77764893 0.65098039 0.74117647 0.85882353
v -2.93716335 1.77778220 -148.78451538 0.65098039 0.74117647 0.85882353
v -2.93533254 1.77501678 -148.78076172 0.65098039 0.74117647 0.85882353
v -2.92109823 1.77069569 -148.78375244 0.65098039 0.74117647 0.85882353
v -2.92456508 1.76869226 -148.78366089 0.65098039 0.74117647 0.85882353
v -2.92656851 1.77226353 -148.78666687 0.65098039 0.74117647 0.85882353
v -2.92348409 1.77417326 -148.78703308 0.65098039 0.74117647 0.85882353
v -2.92141414 1.75611997 -148.77259827 0.65098039 0.74117647 0.85882353
v -2.92654562 1.75655198 -148.77122498 0.65098039 0.74117647 0.85882353
v -2.92775106 1.76238990 -148.77388000 0.65098039 0.74117647 0.85882353
v -2.92425680 1.76168609 -148.77644348 0.65098039 0.74117647 0.85882353
v -2.92969966 1.76486397 -148.77148438 0.65098039 0.74117647 0.85882353
v -2.91942954 1.77403951 -148.78181458 0.65098039 0.74117647 0.85882353
v -2.92100048 1.77774167 -148.77804565 0.65098039 0.74117647 0.85882353
v -2.91553950 1.77141929 -148.77124023 0.65098039 0.74117647 0.85882353
v -2.91493726 1.76785016 -148.77549744 0.65098039 0.74117647 0.85882353
v -2.93333626 1.77143812 -148.77716064 0.65098039 0.74117647 0.85882353
v -2.92813396 1.76822948 -148.78210449 0.65098039 0.74117647 0.85882353
v -2.93148518 1.76920128 -148.77978516 0.65098039 0.74117647 0.85882353
v -2.92547894 1.77968812 -148.77375793 0.65098039 0.74117647 0.85882353
v -2.92374492 1.78127551 -148.78218079 0.65098039 0.74117647 0.85882353
v -2.92714787 1.78373766 -148.79421997 0.65098039 0.74117647 0.85882353
v -2.92399311 1.78021336 -148.78904724 0.65098039 0.74117647 0.85882353
v -2.92481375 1.77675843 -148.79064941 0.65098039 0.74117647 0.85882353
v -2.92755651 1.78052354 -148.79559326 0.65098039 0.74117647 0.85882353
v -2.92215204 1.77754903 -148.78547668 0.65098039 0.74117647 0.85882353
v -2.92597103 1.78368759 -148.78613281 0.65098039 0.74117647 0.85882353
v -2.93810654 1.77869773 -148.79188538 0.65098039 0.74117647 0.85882353
v -2.93442726 1.77741218 -148.79374695 0.65098039 0.74117647 0.85882353
v -2.93994308 1.78127861 -148.78976440 0.65098039 0.74117647 0.85882353
v -2.92100406 1.77393985 -148.76571655 0.65098039 0.74117647 0.85882353
v -2.93845510 1.78730917 -148.78689575 0.65098039 0.74117647 0.85882353
v -2.94049382 1.78430128 -148.78794861 0.65098039 0.74117647 0.85882353
v -2.92810869 1.77472854 -148.79022217 0.65098039 0.74117647 0.85882353
v -2.93048501 1.77830195 -148.79521179 0.65098039 0.74117647 0.85882353
v -2.92926502 1.78693986 -148.79145813 0.65098039 0.74117647 0.85882353
v -2.93367696 1.78849316 -148.78820801 0.65098039 0.74117647 0.85882353
v -2.93191147 1.78998899 -148.79571533 0.65098039 0.74117647 0.85882353
v -2.93630099 1.79149818 -148.79234314 0.65098039 0.74117647 0.85882353
v -2.94104457 1.78990126 -148.79107666 0.65098039 0.74117647 0.85882353
v -2.94280767 1.78668213 -148.79171753 0.65098039 0.74117647 0.85882353
v -2.94202805 1.78367233 -148.79327393 0.65098039 0.74117647 0.85882353
v -2.92990875 1.78675580 -148.79835510 0.65098039 0.74117647 0.85882353
v -2.93039989 1.78354859 -148.79913330 0.65098039 0.74117647 0.85882353
v -2.93280649 1.78121924 -148.79827881 0.65098039 0.74117647 0.85882353
v -2.93280888 1.78910637 -148.80126953 0.65098039 0.74117647 0.85882353
v -2.93520308 1.79267406 -148.79914856 0.65098039 0.74117647 0.85882353
v -2.94888902 1.79468393 -148.80235291 0.65098039 0.74117647 0.85882353
v -2.94698668 1.79305172 -148.79905701 0.65098039 0.74117647 0.85882353
v -2.94539833 1.79455900 -148.79951477 0.65098039 0.74117647 0.85882353
v -2.94747734 1.79613709 -148.80194092 0.65098039 0.74117647 0.85882353
v -2.94354343 1.79215860 -148.79525757 0.65098039 0.74117647 0.85882353
v -2.94326639 1.79369712 -148.79702759 0.65098039 0.74117647 0.85882353
v -2.94035339 1.79430509 -148.79748535 0.65098039 0.74117647 0.85882353
v -2.94234276 1.79605460 -148.79988098 0.65098039 0.74117647 0.85882353
v -2.93920016 1.79536414 -148.80183411 0.65098039 0.74117647 0.85882353
v -2.94115686 1.79719305 -148.80480957 0.65098039 0.74117647 0.85882353
v -2.94440389 1.79805923 -148.80242920 0.65098039 0.74117647 0.85882353
v -2.93795395 1.79453325 -148.79943848 0.65098039 0.74117647 0.85882353
v -2.94854331 1.79782295 -148.80369568 0.65098039 0.74117647 0.85882353
v -2.94945812 1.79670835 -148.80499268 0.65098039 0.74117647 0.85882353
v -2.93867111 1.79334903 -148.79554749 0.65098039 0.74117647 0.85882353
v -2.94472456 1.78885245 -148.79521179 0.65098039 0.74117647 0.85882353
v -2.94753265 1.79093766 -148.79934692 0.65098039 0.74117647 0.85882353
v -2.94942951 1.79304171 -148.80337524 0.65098039 0.74117647 0.85882353
v -2.94921803 1.79472399 -148.80648804 0.65098039 0.74117647 0.85882353
v -2.94636250 1.78848076 -148.80004883 0.65098039 0.74117647 0.85882353
v -2.94839263 1.79098558 -148.80424500 0.65098039 0.74117647 0.85882353
v -2.94812679 1.79279613 -148.80709839 0.65098039 0.74117647 0.85882353
v -2.94402099 1.78639412 -148.80126953 0.65098039 0.74117647 0.85882353
v -2.94633102 1.78929901 -148.80511475 0.65098039 0.74117647 0.85882353
v -2.94145250 1.78360820 -148.79777527 0.65098039 0.74117647 0.85882353
v -2.94390726 1.78607631 -148.79629517 0.65098039 0.74117647 0.85882353
v -2.94707942 1.79135680 -148.80717468 0.65098039 0.74117647 0.85882353
v -2.94674969 1.79805112 -148.80726624 0.65098039 0.74117647 0.85882353
v -2.94675303 1.79567838 -148.80848694 0.65098039 0.74117647 0.85882353
v -2.94599342 1.79949474 -148.80497742 0.65098039 0.74117647 0.85882353
v -2.93710041 1.79407740 -148.80334473 0.65098039 0.74117647 0.85882353
v -2.93991756 1.79590535 -148.80670166 0.65098039 0.74117647 0.85882353
v -2.93588305 1.79139304 -148.80455017 0.65098039 0.74117647 0.85882353
v -2.93964338 1.79365373 -148.80793762 0.65098039 0.74117647 0.85882353
v -2.94309855 1.79740262 -148.80802917 0.65098039 0.74117647 0.85882353
v -2.94300508 1.79863977 -148.80636597 0.65098039 0.74117647 0.85882353
v -2.93988061 1.78124619 -148.79499817 0.65098039 0.74117647 0.85882353
v -2.93628550 1.78023410 -148.79678345 0.65098039 0.74117647 0.85882353
v -2.93808603 1.78244257 -148.79946899 0.65098039 0.74117647 0.85882353
v -2.94094276 1.78532958 -148.80293274 0.65098039 0.74117647 0.85882353
v -2.93493557 1.78339529 -148.80104065 0.65098039 0.74117647 0.85882353
v -2.93297029 1.78573084 -148.80183411 0.65098039 0.74117647 0.85882353
v -2.93629074 1.78867364 -148.80529785 0.65098039 0.74117647 0.85882353
v -2.93811417 1.78624392 -148.80471802 0.65098039 0.74117647 0.85882353
v -2.94020367 1.79126501 -148.80819702 0.65098039 0.74117647 0.85882353
v -2.94167900 1.78942823 -148.80773926 0.65098039 0.74117647 0.85882353
v -2.94392896 1.78863978 -148.80638123 0.65098039 0.74117647 0.85882353
v -2.94375563 1.79301500 -148.80909729 0.65098039 0.74117647 0.85882353
v -2.94339681 1.79521537 -148.80908203 0.65098039 0.74117647 0.85882353
v -2.94636345 1.79338956 -148.80854797 0.65098039 0.74117647 0.85882353
v -2.94396377 1.79138160 -148.80867004 0.65098039 0.74117647 0.85882353
v -2.94565487 1.79135466 -148.80805969 0.65098039 0.74117647 0.85882353
v -2.91258836 1.76414156 -148.77212524 0.65098039 0.74117647 0.85882353
v -2.97422314 1.70126379 -148.71185303 0.65098039 0.74117647 0.85882353
v -2.97336698 1.70290494 -148.71653748 0.65098039 0.74117647 0.85882353
v -2.97046542 1.69056153 -148.72541809 0.65098039 0.74117647 0.85882353
v -2.97129583 1.69693971 -148.72480774 0.65098039 0.74117647 0.85882353
v -2.97054243 1.68508887 -148.72213745 0.65098039 0.74117647 0.85882353
v -2.97309875 1.68438101 -148.71284485 0.65098039 0.74117647 0.85882353
v -2.97201300 1.68320942 -148.71734619 0.65098039 0.74117647 0.85882353
v -2.97255611 1.70169663 -148.72103882 0.65098039 0.74117647 0.85882353
v -2.97481155 1.69624591 -148.70860291 0.65098039 0.74117647 0.85882353
v -2.97415209 1.68920541 -148.70910645 0.65098039 0.74117647 0.85882353
v -2.98476171 1.69618130 -148.71029663 0.65098039 0.74117647 0.85882353
v -2.98453951 1.68898916 -148.71092224 0.65098039 0.74117647 0.85882353
v -2.98317075 1.68350792 -148.71479797 0.65098039 0.74117647 0.85882353
v -2.98057055 1.68243384 -148.71954346 0.65098039 0.74117647 0.85882353
v -2.97801757 1.68470144 -148.72381592 0.65098039 0.74117647 0.85882353
v -2.98327303 1.70146966 -148.71321106 0.65098039 0.74117647 0.85882353
v -2.98124528 1.70329356 -148.71783447 0.65098039 0.74117647 0.85882353
v -2.97915888 1.70113325 -148.72293091 0.65098039 0.74117647 0.85882353
v -2.99209332 1.70147157 -148.71472168 0.65098039 0.74117647 0.85882353
v -2.99661446 1.69654846 -148.71264648 0.65098039 0.74117647 0.85882353
v -3.00467753 1.68357944 -148.72015381 0.65098039 0.74117647 0.85882353
v -2.99946499 1.68340135 -148.71928406 0.65098039 0.74117647 0.85882353
v -3.00145555 1.68538666 -148.71638489 0.65098039 0.74117647 0.85882353
v -3.00558472 1.68486249 -148.71655273 0.65098039 0.74117647 0.85882353
v -2.99399233 1.68410635 -148.71704102 0.65098039 0.74117647 0.85882353
v -2.99856377 1.68620658 -148.71563721 0.65098039 0.74117647 0.85882353
v -2.99967504 1.68997502 -148.71354675 0.65098039 0.74117647 0.85882353
v -3.00294447 1.68957710 -148.71318054 0.65098039 0.74117647 0.85882353
v -3.00058770 1.69391537 -148.71270752 0.65098039 0.74117647 0.85882353
v -3.00367117 1.69481325 -148.71243286 0.65098039 0.74117647 0.85882353
v -3.00711274 1.68882298 -148.71307373 0.65098039 0.74117647 0.85882353
v -3.00932884 1.68532038 -148.71655273 0.65098039 0.74117647 0.85882353
v -3.01082516 1.68864560 -148.71432495 0.65098039 0.74117647 0.85882353
v -3.00953555 1.68508387 -148.71977234 0.65098039 0.74117647 0.85882353
v -2.99502039 1.68994319 -148.71333313 0.65098039 0.74117647 0.85882353
v -2.98907232 1.68238187 -148.72128296 0.65098039 0.74117647 0.85882353
v -2.99683428 1.68289542 -148.72280884 0.65098039 0.74117647 0.85882353
v -3.00366950 1.68410110 -148.72387695 0.65098039 0.74117647 0.85882353
v -3.00861692 1.68675423 -148.72346497 0.65098039 0.74117647 0.85882353
v -2.99453306 1.68528724 -148.72691345 0.65098039 0.74117647 0.85882353
v -3.00202465 1.68723536 -148.72694397 0.65098039 0.74117647 0.85882353
v -3.00639701 1.68949461 -148.72566223 0.65098039 0.74117647 0.85882353
v -2.99324584 1.69033861 -148.72879028 0.65098039 0.74117647 0.85882353
v -3.00085497 1.69121599 -148.72775269 0.65098039 0.74117647 0.85882353
v -2.98328137 1.68951988 -148.72793579 0.65098039 0.74117647 0.85882353
v -2.98545098 1.68429756 -148.72546387 0.65098039 0.74117647 0.85882353
v -3.00447845 1.69168425 -148.72656250 0.65098039 0.74117647 0.85882353
v -3.01252556 1.68954611 -148.71795654 0.65098039 0.74117647 0.85882353
v -3.01076388 1.69149566 -148.72172546 0.65098039 0.74117647 0.85882353
v -3.00248075 1.69847274 -148.71398926 0.65098039 0.74117647 0.85882353
v -3.00747490 1.69435096 -148.71272278 0.65098039 0.74117647 0.85882353
v -3.00718474 1.69782400 -148.71502686 0.65098039 0.74117647 0.85882353
v -2.99996209 1.70144045 -148.71665955 0.65098039 0.74117647 0.85882353
v -3.00583029 1.69986653 -148.71839905 0.65098039 0.74117647 0.85882353
v -3.01096153 1.69511771 -148.71603394 0.65098039 0.74117647 0.85882353
v -3.01059341 1.69289351 -148.71321106 0.65098039 0.74117647 0.85882353
v -2.97669363 1.68950033 -148.72654724 0.65098039 0.74117647 0.85882353
v -2.97744322 1.69574308 -148.72607422 0.65098039 0.74117647 0.85882353
v -2.98387241 1.69625163 -148.72720337 0.65098039 0.74117647 0.85882353
v -2.99312878 1.69608474 -148.72781372 0.65098039 0.74117647 0.85882353
v -2.98568678 1.70149660 -148.72367859 0.65098039 0.74117647 0.85882353
v -2.98876810 1.70373130 -148.71888733 0.65098039 0.74117647 0.85882353
v -2.99749470 1.70280600 -148.72073364 0.65098039 0.74117647 0.85882353
v -2.99500751 1.70093012 -148.72500610 0.65098039 0.74117647 0.85882353
v -3.00397396 1.70028496 -148.72190857 0.65098039 0.74117647 0.85882353
v -3.00194979 1.69860685 -148.72492981 0.65098039 0.74117647 0.85882353
v -3.00089169 1.69519973 -148.72689819 0.65098039 0.74117647 0.85882353
v -3.00724530 1.69686890 -148.72285461 0.65098039 0.74117647 0.85882353
v -3.00961757 1.69646335 -148.71983337 0.65098039 0.74117647 0.85882353
v -3.00798702 1.69300818 -148.72416687 0.65098039 0.74117647 0.85882353
v -3.00514340 1.69663572 -148.72460938 0.65098039 0.74117647 0.85882353
v -3.00507855 1.69411206 -148.72569275 0.65098039 0.74117647 0.85882353
v -2.91337347 1.75364423 -148.77137756 0.65098039 0.74117647 0.85882353
v -2.91882992 1.75117111 -148.77009583 0.65098039 0.74117647 0.85882353
v -2.91397333 1.74668300 -148.76686096 0.65098039 0.74117647 0.85882353
v -2.90781236 1.74127889 -148.76329041 0.65098039 0.74117647 0.85882353
v -2.89826059 1.74067760 -148.76100159 0.65098039 0.74117647 0.85882353
v -2.91290998 1.73891187 -148.75956726 0.65098039 0.74117647 0.85882353
v -2.91890144 1.74457335 -148.76332092 0.65098039 0.74117647 0.85882353
v -2.92574406 1.75043893 -148.76739502 0.65098039 0.74117647 0.85882353
v -2.91250277 1.73286629 -148.75315857 0.65098039 0.74117647 0.85882353
v -2.95904541 1.59444904 -148.60102844 0.65098039 0.74117647 0.85882353
v -2.96156335 1.59539628 -148.60354614 0.65098039 0.74117647 0.85882353
v -2.96070266 1.58828235 -148.60028076 0.65098039 0.74117647 0.85882353
v -2.95858836 1.58867836 -148.59823608 0.65098039 0.74117647 0.85882353
v -2.96721125 1.58857179 -148.60414124 0.65098039 0.74117647 0.85882353
v -2.96349955 1.58811951 -148.60256958 0.65098039 0.74117647 0.85882353
v -2.96577501 1.59622860 -148.60578918 0.65098039 0.74117647 0.85882353
v -2.97112393 1.59620523 -148.60661316 0.65098039 0.74117647 0.85882353
v -2.97956896 1.59276485 -148.60530090 0.65098039 0.74117647 0.85882353
v -2.98129272 1.59149230 -148.60572815 0.65098039 0.74117647 0.85882353
v -2.98057699 1.59050918 -148.60585022 0.65098039 0.74117647 0.85882353
v -2.97842622 1.59034503 -148.60551453 0.65098039 0.74117647 0.85882353
v -2.97474360 1.58968282 -148.60563660 0.65098039 0.74117647 0.85882353
v -2.95618057 1.59132648 -148.59513855 0.65098039 0.74117647 0.85882353
v -2.95656729 1.59244990 -148.59638977 0.65098039 0.74117647 0.85882353
v -2.95758963 1.59360480 -148.59870911 0.65098039 0.74117647 0.85882353
v -2.97094941 1.58906817 -148.60540771 0.65098039 0.74117647 0.85882353
v -2.95723081 1.58934236 -148.59619141 0.65098039 0.74117647 0.85882353
v -2.95644188 1.59020996 -148.59503174 0.65098039 0.74117647 0.85882353
v -2.97597384 1.59512806 -148.60615540 0.65098039 0.74117647 0.85882353
v -2.96662664 1.59080982 -148.60447693 0.65098039 0.74117647 0.85882353
v -2.96295023 1.59049737 -148.60279846 0.65098039 0.74117647 0.85882353
v -2.96599555 1.59356308 -148.60514832 0.65098039 0.74117647 0.85882353
v -2.97054100 1.59378362 -148.60617065 0.65098039 0.74117647 0.85882353
v -2.97660923 1.59139264 -148.60562134 0.65098039 0.74117647 0.85882353
v -2.97407937 1.59139490 -148.60588074 0.65098039 0.74117647 0.85882353
v -2.96031094 1.59029293 -148.60064697 0.65098039 0.74117647 0.85882353
v -2.97045588 1.59124148 -148.60571289 0.65098039 0.74117647 0.85882353
v -2.96219802 1.59298718 -148.60308838 0.65098039 0.74117647 0.85882353
v -2.97457147 1.59338403 -148.60620117 0.65098039 0.74117647 0.85882353
v -2.97702193 1.59253907 -148.60575867 0.65098039 0.74117647 0.85882353
v -2.95679617 1.59112191 -148.59590149 0.65098039 0.74117647 0.85882353
v -2.95685410 1.59061766 -148.59591675 0.65098039 0.74117647 0.85882353
v -2.98118401 1.38813174 -148.60745239 0.65098039 0.74117647 0.85882353
v -2.97406125 1.37603211 -148.61961365 0.65098039 0.74117647 0.85882353
v -2.95983291 1.59233475 -148.60079956 0.65098039 0.74117647 0.85882353
v -2.95745540 1.59045577 -148.59700012 0.65098039 0.74117647 0.85882353
v -2.95859504 1.59031534 -148.59861755 0.65098039 0.74117647 0.85882353
v -2.95825124 1.59194613 -148.59864807 0.65098039 0.74117647 0.85882353
v -2.95727468 1.59151697 -148.59696960 0.65098039 0.74117647 0.85882353
v -2.83155608 1.46063638 -148.56744385 0.65098039 0.74117647 0.85882353
v -2.83396101 1.47366118 -148.55715942 0.65098039 0.74117647 0.85882353
v -2.80660367 1.48857212 -148.51564026 0.65098039 0.74117647 0.85882353
v -2.79173660 1.47616529 -148.50459290 0.65098039 0.74117647 0.85882353
v -2.87668037 1.11849844 -148.70373535 0.65098039 0.74117647 0.85882353
v -2.90366340 1.14928949 -148.50341797 0.65098039 0.74117647 0.85882353
v -2.90413404 1.16687441 -148.49598694 0.65098039 0.74117647 0.85882353
v -2.98219013 1.15386438 -148.50302124 0.65098039 0.74117647 0.85882353
v -2.96258163 1.15257561 -148.49699402 0.65098039 0.74117647 0.85882353
v -2.83969712 1.14763057 -148.59440613 0.65098039 0.74117647 0.85882353
v -2.84266567 1.16598928 -148.59210205 0.65098039 0.74117647 0.85882353
v -2.85792232 1.13974357 -148.66018677 0.65098039 0.74117647 0.85882353
v -2.86158609 1.16121423 -148.65679932 0.65098039 0.74117647 0.85882353
v -2.83661437 1.12693226 -148.62008667 0.65098039 0.74117647 0.85882353
v -2.93251228 1.11414576 -148.50433350 0.65098039 0.74117647 0.85882353
v -2.91283703 1.11500883 -148.50587463 0.65098039 0.74117647 0.85882353
v -2.91913104 1.13382518 -148.50312805 0.65098039 0.74117647 0.85882353
v -2.93859673 1.13343525 -148.50062561 0.65098039 0.74117647 0.85882353
v -2.99886870 1.15451527 -148.51435852 0.65098039 0.74117647 0.85882353
v -2.99440622 1.13507199 -148.52043152 0.65098039 0.74117647 0.85882353
v -2.84606576 1.18497121 -148.56526184 0.65098039 0.74117647 0.85882353
v -2.85332108 1.18358815 -148.54129028 0.65098039 0.74117647 0.85882353
v -2.88347268 1.18200982 -148.50479126 0.65098039 0.74117647 0.85882353
v -2.90298390 1.18356085 -148.49281311 0.65098039 0.74117647 0.85882353
v -2.92339444 1.18656707 -148.48593140 0.65098039 0.74117647 0.85882353
v -2.94505334 1.18976641 -148.48368835 0.65098039 0.74117647 0.85882353
v -2.87522435 1.18361211 -148.67250061 0.65098039 0.74117647 0.85882353
v -2.89256048 1.20446074 -148.68348694 0.65098039 0.74117647 0.85882353
v -2.84494209 1.18568861 -148.59069824 0.65098039 0.74117647 0.85882353
v -2.92075539 1.18001676 -148.71784973 0.65098039 0.74117647 0.85882353
v -2.96805644 1.21050763 -148.47547913 0.65098039 0.74117647 0.85882353
v -2.99242973 1.21080625 -148.48069763 0.65098039 0.74117647 0.85882353
v -2.86615062 1.18238676 -148.52124023 0.65098039 0.74117647 0.85882353
v -2.94630527 1.34589291 -148.64875793 0.65098039 0.74117647 0.85882353
v -2.93365502 1.34866261 -148.64031982 0.65098039 0.74117647 0.85882353
v -2.92798400 1.33648717 -148.65415955 0.65098039 0.74117647 0.85882353
v -2.94080067 1.33254623 -148.66213989 0.65098039 0.74117647 0.85882353
v -2.91598511 1.33908546 -148.64649963 0.65098039 0.74117647 0.85882353
v -2.90472150 1.34092069 -148.63818359 0.65098039 0.74117647 0.85882353
v -2.89462590 1.34186685 -148.62933350 0.65098039 0.74117647 0.85882353
v -2.87266994 1.33908486 -148.60366821 0.65098039 0.74117647 0.85882353
v -2.87864351 1.34070659 -148.61190796 0.65098039 0.74117647 0.85882353
v -2.86421704 1.33157301 -148.58929443 0.65098039 0.74117647 0.85882353
v -2.86821413 1.33646607 -148.59608459 0.65098039 0.74117647 0.85882353
v -2.85948610 1.32050169 -148.58247375 0.65098039 0.74117647 0.85882353
v -2.85589504 1.30690455 -148.57426453 0.65098039 0.74117647 0.85882353
v -2.85862303 1.30674434 -148.55274963 0.65098039 0.74117647 0.85882353
v -2.85359383 1.29284847 -148.56340027 0.65098039 0.74117647 0.85882353
v -2.85050774 1.29429126 -148.58612061 0.65098039 0.74117647 0.85882353
v -2.85397434 1.30778706 -148.59359741 0.65098039 0.74117647 0.85882353
v -2.85857654 1.31811392 -148.60020447 0.65098039 0.74117647 0.85882353
v -2.94101024 1.26938105 -148.69738770 0.65098039 0.74117647 0.85882353
v -2.94597530 1.29324150 -148.69210815 0.65098039 0.74117647 0.85882353
v -2.98809886 1.39973235 -148.59648132 0.65098039 0.74117647 0.85882353
v -2.72937894 1.60332108 -148.66732788 0.65098039 0.74117647 0.85882353
v -2.85865259 1.66302502 -148.66490173 0.65098039 0.74117647 0.85882353
v -3.03974342 1.36645842 -148.45623779 0.65098039 0.74117647 0.85882353
v -3.02221012 1.37146258 -148.44633484 0.65098039 0.74117647 0.85882353
v -2.96641564 1.38961995 -148.42932129 0.65098039 0.74117647 0.85882353
v -2.95267153 1.40280604 -148.43370056 0.65098039 0.74117647 0.85882353
v -2.98463273 1.37665343 -148.42901611 0.65098039 0.74117647 0.85882353
v -3.00319266 1.36749077 -148.43562317 0.65098039 0.74117647 0.85882353
v -2.85405850 1.20472801 -148.61283875 0.65098039 0.74117647 0.85882353
v -3.01715517 1.33872080 -148.44567871 0.65098039 0.74117647 0.85882353
v -3.00076246 1.35660076 -148.43376160 0.65098039 0.74117647 0.85882353
v -2.98072124 1.36512995 -148.42494202 0.65098039 0.74117647 0.85882353
v -2.95988798 1.37687254 -148.42228699 0.65098039 0.74117647 0.85882353
v -2.94010305 1.39371133 -148.42712402 0.65098039 0.74117647 0.85882353
v -2.92577267 1.39721370 -148.42857361 0.65098039 0.74117647 0.85882353
v -2.89985967 1.38891888 -148.42480469 0.65098039 0.74117647 0.85882353
v -2.89001107 1.39521313 -148.42724609 0.65098039 0.74117647 0.85882353
v -2.87964249 1.40277719 -148.43002319 0.65098039 0.74117647 0.85882353
v -2.88598871 1.41824532 -148.43621826 0.65098039 0.74117647 0.85882353
v -2.89618921 1.41068196 -148.43371582 0.65098039 0.74117647 0.85882353
v -2.80908513 1.45311952 -148.47915649 0.65098039 0.74117647 0.85882353
v -2.79537559 1.45609713 -148.49127197 0.65098039 0.74117647 0.85882353
v -2.78290510 1.45245910 -148.49934387 0.65098039 0.74117647 0.85882353
v -2.77340293 1.44506621 -148.50605774 0.65098039 0.74117647 0.85882353
v -2.76892138 1.43306375 -148.51101685 0.65098039 0.74117647 0.85882353
v -2.77113533 1.41693926 -148.51350403 0.65098039 0.74117647 0.85882353
v -2.77901196 1.40051079 -148.51133728 0.65098039 0.74117647 0.85882353
v -2.81471729 1.35874963 -148.49528503 0.65098039 0.74117647 0.85882353
v -2.82815504 1.34451628 -148.48945618 0.65098039 0.74117647 0.85882353
v -2.85701180 1.31022596 -148.47514343 0.65098039 0.74117647 0.85882353
v -2.86308718 1.29835653 -148.47035217 0.65098039 0.74117647 0.85882353
v -2.87990618 1.26050234 -148.46340942 0.65098039 0.74117647 0.85882353
v -2.89253592 1.24509430 -148.46687317 0.65098039 0.74117647 0.85882353
v -2.90343237 1.23121476 -148.47061157 0.65098039 0.74117647 0.85882353
v -2.90401554 1.01972270 -148.49623108 0.65098039 0.74117647 0.85882353
v -2.88355684 1.02471662 -148.49848938 0.65098039 0.74117647 0.85882353
v -2.88896227 1.04123032 -148.50404358 0.65098039 0.74117647 0.85882353
v -2.90957975 1.03703475 -148.50205994 0.65098039 0.74117647 0.85882353
v -2.95869017 1.06863117 -148.51741028 0.65098039 0.74117647 0.85882353
v -2.97876048 1.06681013 -148.52679443 0.65098039 0.74117647 0.85882353
v -2.82975006 1.05074978 -148.53903198 0.65098039 0.74117647 0.85882353
v -2.81642342 1.05069041 -148.56066895 0.65098039 0.74117647 0.85882353
v -2.86804104 1.04569793 -148.51054382 0.65098039 0.74117647 0.85882353
v -2.84803963 1.04875398 -148.52201843 0.65098039 0.74117647 0.85882353
v -2.80944633 1.04746997 -148.58575439 0.65098039 0.74117647 0.85882353
v -2.83379102 1.02183962 -148.67932129 0.65098039 0.74117647 0.85882353
v -2.84736800 1.01646256 -148.69969177 0.65098039 0.74117647 0.85882353
v -2.87872696 1.00930750 -148.73274231 0.65098039 0.74117647 0.85882353
v -2.89622021 1.00695419 -148.74429321 0.65098039 0.74117647 0.85882353
v -2.80836320 1.04193318 -148.61035156 0.65098039 0.74117647 0.85882353
v -2.86240745 1.01229346 -148.71778870 0.65098039 0.74117647 0.85882353
v -2.81227732 1.03480506 -148.63418579 0.65098039 0.74117647 0.85882353
v -2.82120204 1.02796400 -148.65707397 0.65098039 0.74117647 0.85882353
v -2.93913031 1.07154810 -148.51162720 0.65098039 0.74117647 0.85882353
v -2.93420291 1.05116987 -148.50778198 0.65098039 0.74117647 0.85882353
v -2.91480279 1.05499899 -148.50569153 0.65098039 0.74117647 0.85882353
v -3.00809026 1.25734878 -148.45854187 0.65098039 0.74117647 0.85882353
v -2.98721170 1.26253748 -148.44952393 0.65098039 0.74117647 0.85882353
v -2.96446919 1.27062702 -148.44244385 0.65098039 0.74117647 0.85882353
v -2.94871783 1.29085886 -148.43096924 0.65098039 0.74117647 0.85882353
v -2.94392991 1.27877522 -148.43640137 0.65098039 0.74117647 0.85882353
v -2.92322707 1.28915536 -148.43476868 0.65098039 0.74117647 0.85882353
v -2.92902374 1.29965806 -148.42982483 0.65098039 0.74117647 0.85882353
v -2.89523625 1.31833291 -148.44030762 0.65098039 0.74117647 0.85882353
v -2.89140368 1.31198752 -148.44494629 0.65098039 0.74117647 0.85882353
v -2.88189459 1.32022274 -148.44850159 0.65098039 0.74117647 0.85882353
v -2.88407016 1.32691193 -148.44355774 0.65098039 0.74117647 0.85882353
v -2.87079668 1.32714319 -148.45149231 0.65098039 0.74117647 0.85882353
v -2.85716081 1.33536339 -148.45524597 0.65098039 0.74117647 0.85882353
v -2.84397840 1.34628749 -148.46144104 0.65098039 0.74117647 0.85882353
v -2.83098245 1.35939980 -148.46763611 0.65098039 0.74117647 0.85882353
v -2.83729959 1.37480354 -148.45152283 0.65098039 0.74117647 0.85882353
v -2.84940481 1.36323977 -148.44599915 0.65098039 0.74117647 0.85882353
v -2.89738655 1.32816672 -148.43586731 0.65098039 0.74117647 0.85882353
v -2.91517234 1.31878972 -148.42974854 0.65098039 0.74117647 0.85882353
v -3.01294422 1.28602648 -148.45487976 0.65098039 0.74117647 0.85882353
v -3.03125381 1.28162909 -148.46777344 0.65098039 0.74117647 0.85882353
v -2.85326171 1.28448606 -148.54754639 0.65098039 0.74117647 0.85882353
v -2.85230803 1.27627385 -148.53176880 0.65098039 0.74117647 0.85882353
v -2.85249472 1.27059412 -148.51614380 0.65098039 0.74117647 0.85882353
v -2.85477233 1.26734161 -148.50144958 0.65098039 0.74117647 0.85882353
v -2.85848427 1.26688099 -148.48712158 0.65098039 0.74117647 0.85882353
v -2.86485052 1.26895165 -148.47434998 0.65098039 0.74117647 0.85882353
v -2.86777186 1.28604960 -148.46646118 0.65098039 0.74117647 0.85882353
v -2.87248302 1.27373707 -148.46411133 0.65098039 0.74117647 0.85882353
v -2.87466908 1.29221559 -148.45950317 0.65098039 0.74117647 0.85882353
v -2.88097787 1.28001714 -148.45556641 0.65098039 0.74117647 0.85882353
v -2.88954711 1.28731251 -148.44882202 0.65098039 0.74117647 0.85882353
v -2.89832950 1.29366255 -148.44308472 0.65098039 0.74117647 0.85882353
v -2.90573430 1.30128825 -148.43801880 0.65098039 0.74117647 0.85882353
v -2.91122580 1.30919695 -148.43363953 0.65098039 0.74117647 0.85882353
v -2.93299842 1.31130910 -148.42562866 0.65098039 0.74117647 0.85882353
v -2.95114279 1.30403090 -148.42660522 0.65098039 0.74117647 0.85882353
v -2.97346306 1.31188405 -148.42845154 0.65098039 0.74117647 0.85882353
v -2.97538877 1.32503510 -148.42472839 0.65098039 0.74117647 0.85882353
v -2.97106338 1.29809344 -148.43353271 0.65098039 0.74117647 0.85882353
v -2.96928787 1.28419030 -148.43789673 0.65098039 0.74117647 0.85882353
v -2.98479700 1.41559672 -148.44653320 0.65098039 0.74117647 0.85882353
v -3.00206232 1.40752053 -148.44630432 0.65098039 0.74117647 0.85882353
v -2.78838301 1.40208745 -148.49806213 0.65098039 0.74117647 0.85882353
v -2.78927016 1.39561963 -148.50003052 0.65098039 0.74117647 0.85882353
v -2.78472471 1.39810038 -148.50460815 0.65098039 0.74117647 0.85882353
v -2.78042936 1.40988326 -148.50469971 0.65098039 0.74117647 0.85882353
v -2.78001332 1.42137074 -148.50155640 0.65098039 0.74117647 0.85882353
v -2.79249668 1.41827559 -148.48855591 0.65098039 0.74117647 0.85882353
v -2.78878951 1.41118121 -148.49464417 0.65098039 0.74117647 0.85882353
v -2.78373241 1.43098140 -148.49655151 0.65098039 0.74117647 0.85882353
v -2.79070520 1.43742990 -148.48979187 0.65098039 0.74117647 0.85882353
v -2.79781532 1.42436767 -148.48187256 0.65098039 0.74117647 0.85882353
v -2.79927754 1.44100618 -148.48202515 0.65098039 0.74117647 0.85882353
v -2.80388880 1.42877603 -148.47554016 0.65098039 0.74117647 0.85882353
v -2.80874968 1.43977737 -148.47340393 0.65098039 0.74117647 0.85882353
v -2.80917501 1.43063951 -148.47062683 0.65098039 0.74117647 0.85882353
v -2.83372331 1.40438247 -148.44763184 0.65098039 0.74117647 0.85882353
v -2.82418489 1.41413665 -148.45489502 0.65098039 0.74117647 0.85882353
v -2.81537938 1.42373943 -148.46353149 0.65098039 0.74117647 0.85882353
v -2.81819606 1.37285781 -148.47453308 0.65098039 0.74117647 0.85882353
v -2.80748749 1.38677418 -148.48066711 0.65098039 0.74117647 0.85882353
v -2.79756331 1.39962804 -148.48753357 0.65098039 0.74117647 0.85882353
v -2.80120516 1.40604091 -148.48081970 0.65098039 0.74117647 0.85882353
v -2.81051731 1.39301753 -148.47384644 0.65098039 0.74117647 0.85882353
v -2.82095933 1.37954593 -148.46710205 0.65098039 0.74117647 0.85882353
v -3.01173806 1.27100015 -148.45652771 0.65098039 0.74117647 0.85882353
v -2.99231768 1.27678835 -148.44531250 0.65098039 0.74117647 0.85882353
v -2.87197423 1.33488250 -148.44592285 0.65098039 0.74117647 0.85882353
v -2.86058974 1.34261036 -148.44842529 0.65098039 0.74117647 0.85882353
v -2.84747648 1.35321999 -148.45317078 0.65098039 0.74117647 0.85882353
v -2.83376145 1.36663914 -148.45947266 0.65098039 0.74117647 0.85882353
v -2.86119509 1.35300553 -148.44210815 0.65098039 0.74117647 0.85882353
v -2.87324142 1.34442043 -148.43983459 0.65098039 0.74117647 0.85882353
v -2.88572741 1.33649564 -148.43826294 0.65098039 0.74117647 0.85882353
v -2.99239445 1.29148066 -148.44233704 0.65098039 0.74117647 0.85882353
v -3.02973461 1.26700258 -148.46893311 0.65098039 0.74117647 0.85882353
v -2.89358139 1.43659091 -148.51962280 0.65098039 0.74117647 0.85882353
v -2.89780498 1.44424176 -148.49685669 0.65098039 0.74117647 0.85882353
v -2.89550090 1.44382977 -148.47190857 0.65098039 0.74117647 0.85882353
v -2.89118862 1.43388820 -148.45057678 0.65098039 0.74117647 0.85882353
v -2.71505260 1.51712096 -148.64053345 0.65098039 0.74117647 0.85882353
v -2.98931360 1.11446631 -148.52500916 0.65098039 0.74117647 0.85882353
v -2.98383522 1.09181368 -148.52796936 0.65098039 0.74117647 0.85882353
v -2.96536660 1.09188414 -148.51792908 0.65098039 0.74117647 0.85882353
v -3.01331139 1.20830059 -148.49040222 0.65098039 0.74117647 0.85882353
v -3.02775431 1.25366163 -148.46940613 0.65098039 0.74117647 0.85882353
v -2.87510180 1.31757307 -148.64862061 0.65098039 0.74117647 0.85882353
v -2.88410544 1.31804764 -148.65652466 0.65098039 0.74117647 0.85882353
v -2.88879061 1.33008599 -148.64381409 0.65098039 0.74117647 0.85882353
v -2.87988520 1.32993031 -148.63526917 0.65098039 0.74117647 0.85882353
v -2.86205649 1.31470156 -148.63035583 0.65098039 0.74117647 0.85882353
v -2.86765885 1.31666517 -148.63963318 0.65098039 0.74117647 0.85882353
v -2.87255907 1.32851768 -148.62626648 0.65098039 0.74117647 0.85882353
v -2.86681724 1.32657421 -148.61732483 0.65098039 0.74117647 0.85882353
v -2.85754251 1.31125939 -148.62109375 0.65098039 0.74117647 0.85882353
v -2.86235690 1.32366395 -148.60859680 0.65098039 0.74117647 0.85882353
v -2.86440516 1.30332398 -148.65113831 0.65098039 0.74117647 0.85882353
v -2.87143612 1.30440903 -148.65966797 0.65098039 0.74117647 0.85882353
v -2.88058543 1.30521095 -148.66687012 0.65098039 0.74117647 0.85882353
v -2.85482812 1.29946828 -148.63227844 0.65098039 0.74117647 0.85882353
v -2.85878348 1.30197453 -148.64157104 0.65098039 0.74117647 0.85882353
v -3.00396538 1.47895670 -148.59724426 0.65098039 0.74117647 0.85882353
v -3.00071454 1.48327255 -148.61080933 0.65098039 0.74117647 0.85882353
v -2.99943304 1.52377319 -148.62916565 0.65098039 0.74117647 0.85882353
v -2.99963737 1.52819014 -148.62767029 0.65098039 0.74117647 0.85882353
v -2.99980330 1.41518950 -148.58024597 0.65098039 0.74117647 0.85882353
v -3.00367355 1.42289686 -148.57534790 0.65098039 0.74117647 0.85882353
v -2.94971299 1.31237304 -148.68200684 0.65098039 0.74117647 0.85882353
v -2.95835042 1.34249187 -148.65750122 0.65098039 0.74117647 0.85882353
v -2.96213961 1.35161972 -148.64398193 0.65098039 0.74117647 0.85882353
v -2.96746683 1.36292100 -148.63146973 0.65098039 0.74117647 0.85882353
v -2.99387169 1.40873337 -148.58712769 0.65098039 0.74117647 0.85882353
v -2.95335865 1.32768822 -148.67018127 0.65098039 0.74117647 0.85882353
v -2.81016159 0.85616189 -148.51472473 0.65098039 0.74117647 0.85882353
v -2.83161139 0.83676529 -148.50364685 0.65098039 0.74117647 0.85882353
v -2.82964158 0.86718225 -148.50042725 0.65098039 0.74117647 0.85882353
v -2.84564710 0.85269666 -148.49276733 0.65098039 0.74117647 0.85882353
v -2.82004213 0.94000995 -148.51354980 0.65098039 0.74117647 0.85882353
v -2.81949115 0.91210353 -148.51043701 0.65098039 0.74117647 0.85882353
v -2.82214284 0.96870458 -148.51394653 0.65098039 0.74117647 0.85882353
v -2.86813879 0.84349233 -148.48683167 0.65098039 0.74117647 0.85882353
v -2.89501476 0.83843583 -148.48704529 0.65098039 0.74117647 0.85882353
v -2.90248895 0.85961479 -148.47798157 0.65098039 0.74117647 0.85882353
v -2.84453416 0.96382415 -148.49667358 0.65098039 0.74117647 0.85882353
v -2.84225321 0.93770063 -148.49568176 0.65098039 0.74117647 0.85882353
v -2.84234309 0.87435353 -148.49171448 0.65098039 0.74117647 0.85882353
v -2.82182503 0.88737494 -148.50621033 0.65098039 0.74117647 0.85882353
v -2.84118462 0.88906026 -148.49230957 0.65098039 0.74117647 0.85882353
v -2.87651968 0.86298025 -148.47941589 0.65098039 0.74117647 0.85882353
v -2.85565329 0.86825335 -148.48539734 0.65098039 0.74117647 0.85882353
v -2.94615579 1.01108849 -148.50061035 0.65098039 0.74117647 0.85882353
v -2.96865201 0.99035239 -148.50044250 0.65098039 0.74117647 0.85882353
v -2.94219518 0.99267882 -148.49334717 0.65098039 0.74117647 0.85882353
v -2.86142349 1.02973402 -148.50613403 0.65098039 0.74117647 0.85882353
v -2.87662458 1.00571179 -148.49288940 0.65098039 0.74117647 0.85882353
v -2.85994649 0.88634205 -148.48216248 0.65098039 0.74117647 0.85882353
v -2.88211107 0.88376367 -148.47518921 0.65098039 0.74117647 0.85882353
v -2.90824246 0.88241738 -148.47340393 0.65098039 0.74117647 0.85882353
v -2.91457748 0.95387882 -148.47583008 0.65098039 0.74117647 0.85882353
v -2.91407514 0.93107319 -148.47203064 0.65098039 0.74117647 0.85882353
v -2.88854575 0.93188870 -148.47465515 0.65098039 0.74117647 0.85882353
v -2.88987756 0.95671713 -148.47790527 0.65098039 0.74117647 0.85882353
v -2.87115860 0.98388511 -148.48762512 0.65098039 0.74117647 0.85882353
v -2.86693788 0.96003687 -148.48486328 0.65098039 0.74117647 0.85882353
v -2.91662431 0.97617102 -148.48185730 0.65098039 0.74117647 0.85882353
v -2.89367080 0.97996616 -148.48258972 0.65098039 0.74117647 0.85882353
v -2.89867520 1.00106835 -148.48895264 0.65098039 0.74117647 0.85882353
v -2.86429691 0.93414563 -148.48301697 0.65098039 0.74117647 0.85882353
v -2.94114828 0.90499902 -148.47505188 0.65098039 0.74117647 0.85882353
v -2.91280890 0.90639806 -148.47064209 0.65098039 0.74117647 0.85882353
v -2.96914101 0.90437555 -148.48678589 0.65098039 0.74117647 0.85882353
v -2.92012024 0.99685878 -148.48925781 0.65098039 0.74117647 0.85882353
v -2.92463160 1.01531696 -148.49752808 0.65098039 0.74117647 0.85882353
v -2.92930269 1.03326464 -148.50402832 0.65098039 0.74117647 0.85882353
v -2.94546914 1.09294760 -148.51095581 0.65098039 0.74117647 0.85882353
v -2.78519988 0.64962566 -148.68400574 0.65098039 0.74117647 0.85882353
v -2.93088150 0.80885720 -148.65489197 0.65098039 0.74117647 0.85882353
v -2.93793559 0.80769384 -148.63446045 0.65098039 0.74117647 0.85882353
v -2.76435065 0.90068984 -148.61956787 0.65098039 0.74117647 0.85882353
v -2.77760148 0.87750953 -148.55047607 0.65098039 0.74117647 0.85882353
v -2.80024743 0.88339484 -148.52548218 0.65098039 0.74117647 0.85882353
v -2.89120531 0.82590950 -148.70184326 0.65098039 0.74117647 0.85882353
v -2.91106176 0.81572890 -148.68788147 0.65098039 0.74117647 0.85882353
v -2.77166224 0.89435929 -148.65147400 0.65098039 0.74117647 0.85882353
v -2.81128836 0.86288512 -148.69644165 0.65098039 0.74117647 0.85882353
v -2.92298627 0.81108797 -148.67192078 0.65098039 0.74117647 0.85882353
v -2.84095001 0.91166580 -148.49383545 0.65098039 0.74117647 0.85882353
v -2.86181211 0.90865767 -148.48208618 0.65098039 0.74117647 0.85882353
v -2.88576722 0.90697074 -148.47422791 0.65098039 0.74117647 0.85882353
v -2.93796897 0.88151419 -148.47734070 0.65098039 0.74117647 0.85882353
v -2.96616840 0.88248074 -148.49006653 0.65098039 0.74117647 0.85882353
v -2.89367819 0.87311125 -148.72346497 0.65098039 0.74117647 0.85882353
v -2.89606810 0.88314831 -148.72795105 0.65098039 0.74117647 0.85882353
v -2.90478683 0.88081384 -148.73141479 0.65098039 0.74117647 0.85882353
v -2.90622306 0.86612725 -148.72619629 0.65098039 0.74117647 0.85882353
v -2.83151841 0.99968815 -148.68098450 0.65098039 0.74117647 0.85882353
v -2.84682250 0.99353731 -148.70077515 0.65098039 0.74117647 0.85882353
v -2.87999558 0.98662615 -148.73266602 0.65098039 0.74117647 0.85882353
v -2.89710212 0.98488623 -148.74325562 0.65098039 0.74117647 0.85882353
v -2.80211377 1.02343035 -148.61158752 0.65098039 0.74117647 0.85882353
v -2.86321831 0.98945081 -148.71859741 0.65098039 0.74117647 0.85882353
v -2.80681229 1.01517344 -148.63557434 0.65098039 0.74117647 0.85882353
v -2.81734109 1.00669658 -148.65859985 0.65098039 0.74117647 0.85882353
v -2.83256292 0.20671898 -148.57623291 0.65098039 0.74117647 0.85882353
v -2.82858181 0.17923540 -148.57838440 0.65098039 0.74117647 0.85882353
v -2.83252859 0.18196136 -148.56474304 0.65098039 0.74117647 0.85882353
v -2.83924270 0.20931917 -148.56367493 0.65098039 0.74117647 0.85882353
v -2.83405519 0.21666378 -148.53343201 0.65098039 0.74117647 0.85882353
v -2.84188962 0.21334410 -148.54391479 0.65098039 0.74117647 0.85882353
v -2.82162571 0.21808475 -148.52684021 0.65098039 0.74117647 0.85882353
v -2.82288480 0.18913144 -148.52722168 0.65098039 0.74117647 0.85882353
v -2.80998707 0.18837053 -148.52897644 0.65098039 0.74117647 0.85882353
v -2.80787349 0.21734941 -148.52658081 0.65098039 0.74117647 0.85882353
v -2.79643035 0.21637470 -148.53224182 0.65098039 0.74117647 0.85882353
v -2.78885651 0.18614089 -148.54209900 0.65098039 0.74117647 0.85882353
v -2.78020883 0.18476111 -148.55734253 0.65098039 0.74117647 0.85882353
v -2.77730417 0.21226186 -148.55657959 0.65098039 0.74117647 0.85882353
v -2.78680444 0.21493256 -148.54136658 0.65098039 0.74117647 0.85882353
v -2.77463841 0.20629793 -148.57614136 0.65098039 0.74117647 0.85882353
v -2.77693152 0.18017334 -148.57637024 0.65098039 0.74117647 0.85882353
v -2.78465676 0.20226258 -148.59115601 0.65098039 0.74117647 0.85882353
v -2.82168531 0.20354438 -148.58889771 0.65098039 0.74117647 0.85882353
v -2.81931949 0.17668825 -148.59272766 0.65098039 0.74117647 0.85882353
v -2.83453584 0.18803269 -148.53367615 0.65098039 0.74117647 0.85882353
v -2.83929276 0.18481535 -148.54577637 0.65098039 0.74117647 0.85882353
v -2.84329319 0.21057081 -148.55459595 0.65098039 0.74117647 0.85882353
v -2.83571482 0.18344295 -148.55548096 0.65098039 0.74117647 0.85882353
v -2.83147240 0.15421057 -148.56849670 0.65098039 0.74117647 0.85882353
v -2.82948637 0.15281117 -148.58410645 0.65098039 0.74117647 0.85882353
v -2.83601594 0.16067505 -148.53292847 0.65098039 0.74117647 0.85882353
v -2.83511996 0.15794402 -148.54666138 0.65098039 0.74117647 0.85882353
v -2.81232595 0.16118038 -148.53070068 0.65098039 0.74117647 0.85882353
v -2.82514238 0.16230041 -148.52519226 0.65098039 0.74117647 0.85882353
v -2.78761125 0.15909600 -148.53999329 0.65098039 0.74117647 0.85882353
v -2.79915714 0.18734288 -148.53443909 0.65098039 0.74117647 0.85882353
v -2.79967499 0.16007131 -148.53443909 0.65098039 0.74117647 0.85882353
v -2.77888536 0.15888363 -148.55560303 0.65098039 0.74117647 0.85882353
v -2.77456665 0.15602714 -148.57751465 0.65098039 0.74117647 0.85882353
v -2.81834936 0.15160000 -148.59883118 0.65098039 0.74117647 0.85882353
v -2.83153248 0.15629894 -148.55749512 0.65098039 0.74117647 0.85882353
v -2.69139671 0.04777020 -148.69323730 0.65098039 0.74117647 0.85882353
v -2.69672608 0.04609334 -148.69778442 0.65098039 0.74117647 0.85882353
v -2.69611669 0.05153459 -148.69703674 0.65098039 0.74117647 0.85882353
v -2.69266152 0.05183280 -148.69395447 0.65098039 0.74117647 0.85882353
v -2.71882010 0.04449719 -148.72016907 0.65098039 0.74117647 0.85882353
v -2.72976494 0.04091781 -148.72421265 0.65098039 0.74117647 0.85882353
v -2.72736287 0.05252433 -148.72705078 0.65098039 0.74117647 0.85882353
v -2.71942425 0.05417943 -148.72438049 0.65098039 0.74117647 0.85882353
v -2.70396805 0.04424679 -148.71105957 0.65098039 0.74117647 0.85882353
v -2.69757676 0.04473412 -148.70658875 0.65098039 0.74117647 0.85882353
v -2.70117807 0.04140788 -148.70446777 0.65098039 0.74117647 0.85882353
v -2.70516276 0.04137015 -148.70741272 0.65098039 0.74117647 0.85882353
v -2.68842745 0.05496138 -148.65910339 0.65098039 0.74117647 0.85882353
v -2.68528438 0.05477816 -148.65351868 0.65098039 0.74117647 0.85882353
v -2.68720317 0.05185354 -148.65298462 0.65098039 0.74117647 0.85882353
v -2.69001865 0.05069041 -148.65612793 0.65098039 0.74117647 0.85882353
v -2.69029188 0.04918045 -148.67991638 0.65098039 0.74117647 0.85882353
v -2.68679500 0.04942113 -148.67471313 0.65098039 0.74117647 0.85882353
v -2.68914652 0.04630750 -148.67340088 0.65098039 0.74117647 0.85882353
v -2.69150782 0.04539496 -148.67646790 0.65098039 0.74117647 0.85882353
v -2.72750473 0.06274766 -148.70510864 0.65098039 0.74117647 0.85882353
v -2.72105885 0.05911970 -148.71672058 0.65098039 0.74117647 0.85882353
v -2.73350096 0.05686551 -148.72102356 0.65098039 0.74117647 0.85882353
v -2.74137974 0.06391406 -148.71110535 0.65098039 0.74117647 0.85882353
v -2.74110293 0.04795665 -148.71946716 0.65098039 0.74117647 0.85882353
v -2.73567963 0.04304695 -148.71231079 0.65098039 0.74117647 0.85882353
v -2.74418402 0.04519248 -148.70164490 0.65098039 0.74117647 0.85882353
v -2.74981880 0.05296308 -148.70823669 0.65098039 0.74117647 0.85882353
v -2.72376680 0.04271752 -148.70755005 0.65098039 0.74117647 0.85882353
v -2.73067451 0.04489201 -148.69694519 0.65098039 0.74117647 0.85882353
v -2.72199106 0.05235916 -148.69726562 0.65098039 0.74117647 0.85882353
v -2.71341228 0.05034691 -148.70932007 0.65098039 0.74117647 0.85882353
v -2.70531368 0.05332994 -148.68994141 0.65098039 0.74117647 0.85882353
v -2.69717860 0.04857552 -148.69798279 0.65098039 0.74117647 0.85882353
v -2.70134234 0.05464071 -148.70288086 0.65098039 0.74117647 0.85882353
v -2.70916581 0.06057829 -148.69477844 0.65098039 0.74117647 0.85882353
v -2.70783114 0.05378002 -148.70803833 0.65098039 0.74117647 0.85882353
v -2.71786714 0.05960405 -148.70147705 0.65098039 0.74117647 0.85882353
v -2.72198296 0.04961419 -148.69970703 0.65098039 0.74117647 0.85882353
v -2.71314168 0.04672301 -148.71018982 0.65098039 0.74117647 0.85882353
v -2.71136308 0.04250723 -148.70358276 0.65098039 0.74117647 0.85882353
v -2.71990728 0.04498762 -148.69387817 0.65098039 0.74117647 0.85882353
v -2.71208072 0.04574466 -148.68942261 0.65098039 0.74117647 0.85882353
v -2.70384240 0.04278624 -148.69812012 0.65098039 0.74117647 0.85882353
v -2.69854331 0.06142157 -148.68046570 0.65098039 0.74117647 0.85882353
v -2.69429541 0.05474144 -148.68891907 0.65098039 0.74117647 0.85882353
v -2.70031691 0.05398500 -148.69332886 0.65098039 0.74117647 0.85882353
v -2.70648718 0.05996579 -148.68727112 0.65098039 0.74117647 0.85882353
v -2.70427990 0.04634732 -148.69473267 0.65098039 0.74117647 0.85882353
v -2.70087862 0.04369569 -148.68989563 0.65098039 0.74117647 0.85882353
v -2.70738316 0.04644555 -148.68258667 0.65098039 0.74117647 0.85882353
v -2.71010804 0.04993612 -148.68759155 0.65098039 0.74117647 0.85882353
v -2.69967604 0.04793650 -148.67716980 0.65098039 0.74117647 0.85882353
v -2.69499779 0.04378158 -148.68545532 0.65098039 0.74117647 0.85882353
v -2.69436121 0.05540687 -148.67788696 0.65098039 0.74117647 0.85882353
v -2.69064307 0.04958564 -148.68525696 0.65098039 0.74117647 0.85882353
v -2.68921447 0.05745107 -148.65931702 0.65098039 0.74117647 0.85882353
v -2.68686342 0.05135590 -148.66702271 0.65098039 0.74117647 0.85882353
v -2.68851566 0.05632746 -148.67054749 0.65098039 0.74117647 0.85882353
v -2.69159675 0.06342369 -148.66223145 0.65098039 0.74117647 0.85882353
v -2.69251370 0.05673403 -148.67517090 0.65098039 0.74117647 0.85882353
v -2.69640088 0.06214398 -148.66952515 0.65098039 0.74117647 0.85882353
v -2.69574356 0.05229831 -148.67742920 0.65098039 0.74117647 0.85882353
v -2.69540572 0.04614359 -148.67300415 0.65098039 0.74117647 0.85882353
v -2.69868612 0.04929334 -148.66635132 0.65098039 0.74117647 0.85882353
v -2.69822979 0.05590129 -148.67201233 0.65098039 0.74117647 0.85882353
v -2.69053864 0.04649460 -148.66807556 0.65098039 0.74117647 0.85882353
v -2.69364810 0.05031735 -148.65957642 0.65098039 0.74117647 0.85882353
v -2.68938851 0.06637651 -148.64169312 0.65098039 0.74117647 0.85882353
v -2.68956304 0.06039637 -148.63742065 0.65098039 0.74117647 0.85882353
v -2.68566823 0.05768180 -148.64680481 0.65098039 0.74117647 0.85882353
v -2.68653655 0.06251925 -148.64958191 0.65098039 0.74117647 0.85882353
v -2.68969965 0.06205291 -148.65417480 0.65098039 0.74117647 0.85882353
v -2.69206047 0.06606859 -148.64916992 0.65098039 0.74117647 0.85882353
v -2.69287491 0.05763167 -148.65602112 0.65098039 0.74117647 0.85882353
v -2.69368601 0.05130190 -148.65251160 0.65098039 0.74117647 0.85882353
v -2.69585228 0.05316937 -148.64718628 0.65098039 0.74117647 0.85882353
v -2.69352651 0.06023258 -148.65127563 0.65098039 0.74117647 0.85882353
v -2.68900418 0.05215305 -148.64778137 0.65098039 0.74117647 0.85882353
v -2.69258356 0.05489886 -148.64050293 0.65098039 0.74117647 0.85882353
v -2.74868321 0.06967354 -148.70037842 0.65098039 0.74117647 0.85882353
v -2.73121166 0.06570154 -148.69227600 0.65098039 0.74117647 0.85882353
v -2.72930932 0.04159766 -148.71899414 0.65098039 0.74117647 0.85882353
v -2.75704312 0.05668151 -148.69680786 0.65098039 0.74117647 0.85882353
v -2.72286224 0.04133999 -148.71606445 0.65098039 0.74117647 0.85882353
v -2.73390818 0.04718274 -148.68579102 0.65098039 0.74117647 0.85882353
v -2.75094342 0.04804277 -148.68991089 0.65098039 0.74117647 0.85882353
v -2.72679043 0.05301327 -148.69305420 0.65098039 0.74117647 0.85882353
v -2.69901538 0.05007070 -148.70753479 0.65098039 0.74117647 0.85882353
v -2.71283531 0.05325007 -148.68353271 0.65098039 0.74117647 0.85882353
v -2.71809006 0.04821444 -148.67541504 0.65098039 0.74117647 0.85882353
v -2.70272398 0.04979300 -148.71040344 0.65098039 0.74117647 0.85882353
v -2.71644688 0.06586999 -148.68165588 0.65098039 0.74117647 0.85882353
v -2.70564151 0.06702614 -148.66590881 0.65098039 0.74117647 0.85882353
v -2.69655895 0.04306012 -148.69419861 0.65098039 0.74117647 0.85882353
v -2.69357705 0.04329294 -148.69181824 0.65098039 0.74117647 0.85882353
v -2.70551991 0.05034721 -148.66149902 0.65098039 0.74117647 0.85882353
v -2.69850254 0.05731362 -148.66996765 0.65098039 0.74117647 0.85882353
v -2.68739724 0.05302435 -148.67521667 0.65098039 0.74117647 0.85882353
v -2.69282722 0.06035596 -148.65069580 0.65098039 0.74117647 0.85882353
v -2.69888973 0.05298513 -148.64533997 0.65098039 0.74117647 0.85882353
v -2.68954921 0.05372840 -148.67820740 0.65098039 0.74117647 0.85882353
v -2.69754124 0.07026774 -148.64869690 0.65098039 0.74117647 0.85882353
v -2.68662548 0.05832928 -148.65370178 0.65098039 0.74117647 0.85882353
v -2.69428587 0.06400102 -148.62669373 0.65098039 0.74117647 0.85882353
v -2.69701195 0.05568320 -148.63064575 0.65098039 0.74117647 0.85882353
v -2.68795729 0.05872804 -148.65676880 0.65098039 0.74117647 0.85882353
v -2.69388247 0.07154232 -148.63287354 0.65098039 0.74117647 0.85882353
v -2.81032014 0.20051748 -148.59745789 0.65098039 0.74117647 0.85882353
v -2.80712795 0.17515624 -148.60078430 0.65098039 0.74117647 0.85882353
v -2.79741049 0.19951630 -148.59814453 0.65098039 0.74117647 0.85882353
v -2.78470135 0.17633086 -148.59194946 0.65098039 0.74117647 0.85882353
v -2.79475212 0.17410058 -148.59962463 0.65098039 0.74117647 0.85882353
v -2.80292988 0.15110880 -148.60707092 0.65098039 0.74117647 0.85882353
v -2.78141451 0.15191931 -148.59432983 0.65098039 0.74117647 0.85882353
v -2.78957701 0.15084535 -148.60380554 0.65098039 0.74117647 0.85882353
v -2.78780127 0.13920730 -148.53437805 0.65098039 0.74117647 0.85882353
v -2.77584648 0.13832515 -148.55015564 0.65098039 0.74117647 0.85882353
v -2.80196238 0.14000064 -148.53103638 0.65098039 0.74117647 0.85882353
v -2.82788038 0.14196306 -148.52108765 0.65098039 0.74117647 0.85882353
v -2.81447077 0.14131087 -148.52529907 0.65098039 0.74117647 0.85882353
v -2.79718590 0.13103145 -148.61495972 0.65098039 0.74117647 0.85882353
v -2.81417990 0.12977058 -148.60301208 0.65098039 0.74117647 0.85882353
v -2.78151393 0.13207388 -148.61282349 0.65098039 0.74117647 0.85882353
v -2.77171564 0.13359261 -148.60012817 0.65098039 0.74117647 0.85882353
v -2.76086307 0.07643014 -148.68955994 0.65098039 0.74117647 0.85882353
v -2.77184510 0.07982641 -148.67169189 0.65098039 0.74117647 0.85882353
v -2.75689435 0.09028453 -148.66870117 0.65098039 0.74117647 0.85882353
v -2.74386096 0.07874626 -148.68132019 0.65098039 0.74117647 0.85882353
v -2.74232554 0.09074485 -148.65515137 0.65098039 0.74117647 0.85882353
v -2.72999477 0.07725823 -148.66844177 0.65098039 0.74117647 0.85882353
v -2.73121834 0.08957940 -148.63954163 0.65098039 0.74117647 0.85882353
v -2.71854806 0.07786870 -148.65312195 0.65098039 0.74117647 0.85882353
v -2.72271180 0.08764428 -148.62362671 0.65098039 0.74117647 0.85882353
v -2.70970058 0.07817596 -148.63648987 0.65098039 0.74117647 0.85882353
v -2.71632147 0.08237332 -148.60816956 0.65098039 0.74117647 0.85882353
v -2.70282555 0.07685441 -148.62153625 0.65098039 0.74117647 0.85882353
v -2.71205688 0.07316273 -148.59822083 0.65098039 0.74117647 0.85882353
v -2.70006895 0.06811643 -148.61280823 0.65098039 0.74117647 0.85882353
v -2.76839447 0.06001431 -148.68493652 0.65098039 0.74117647 0.85882353
v -2.77756262 0.06433487 -148.66731262 0.65098039 0.74117647 0.85882353
v -2.76113510 0.04940253 -148.67561340 0.65098039 0.74117647 0.85882353
v -2.77057314 0.05157673 -148.65792847 0.65098039 0.74117647 0.85882353
v -2.74689198 0.04991668 -148.66621399 0.65098039 0.74117647 0.85882353
v -2.75760579 0.05240744 -148.64817810 0.65098039 0.74117647 0.85882353
v -2.71563244 0.05996436 -148.60066223 0.65098039 0.74117647 0.85882353
v -2.70437121 0.05613858 -148.61660767 0.65098039 0.74117647 0.85882353
v -2.73292732 0.05121356 -148.65364075 0.65098039 0.74117647 0.85882353
v -2.74427819 0.05468315 -148.63575745 0.65098039 0.74117647 0.85882353
v -2.72119188 0.05166060 -148.63999939 0.65098039 0.74117647 0.85882353
v -2.73289347 0.05526865 -148.62232971 0.65098039 0.74117647 0.85882353
v -2.71198034 0.05275184 -148.62716675 0.65098039 0.74117647 0.85882353
v -2.72356319 0.05602819 -148.61010742 0.65098039 0.74117647 0.85882353
v -2.77244663 0.09952992 -148.65133667 0.65098039 0.74117647 0.85882353
v -2.75588298 0.10542244 -148.64112854 0.65098039 0.74117647 0.85882353
v -2.74570870 0.10357261 -148.62481689 0.65098039 0.74117647 0.85882353
v -2.73893499 0.09834796 -148.60829163 0.65098039 0.74117647 0.85882353
v -2.73330283 0.08910996 -148.59271240 0.65098039 0.74117647 0.85882353
v -2.72786283 0.07938510 -148.58248901 0.65098039 0.74117647 0.85882353
v -2.75414276 0.11298829 -148.58747864 0.65098039 0.74117647 0.85882353
v -2.75134897 0.09393054 -148.57440186 0.65098039 0.74117647 0.85882353
v -2.74632788 0.08228922 -148.56639099 0.65098039 0.74117647 0.85882353
v -2.76705241 0.09832472 -148.55416870 0.65098039 0.74117647 0.85882353
v -2.76360965 0.08515722 -148.54962158 0.65098039 0.74117647 0.85882353
v -2.79445124 0.10206455 -148.52197266 0.65098039 0.74117647 0.85882353
v -2.79143000 0.08750504 -148.51593018 0.65098039 0.74117647 0.85882353
v -2.77872300 0.08791655 -148.53155518 0.65098039 0.74117647 0.85882353
v -2.78222799 0.10130364 -148.53604126 0.65098039 0.74117647 0.85882353
v -2.76843190 0.11591148 -148.56375122 0.65098039 0.74117647 0.85882353
v -2.78195906 0.11967081 -148.54336548 0.65098039 0.74117647 0.85882353
v -2.79422116 0.12107587 -148.53033447 0.65098039 0.74117647 0.85882353
v -2.81616926 0.08819443 -148.50370789 0.65098039 0.74117647 0.85882353
v -2.80299401 0.08758575 -148.50714111 0.65098039 0.74117647 0.85882353
v -2.80477095 0.10277742 -148.51283264 0.65098039 0.74117647 0.85882353
v -2.81683779 0.10405225 -148.50685120 0.65098039 0.74117647 0.85882353
v -2.83432961 0.10319942 -148.50756836 0.65098039 0.74117647 0.85882353
v -2.83257484 0.08626574 -148.50793457 0.65098039 0.74117647 0.85882353
v -2.84348464 0.09906435 -148.52413940 0.65098039 0.74117647 0.85882353
v -2.84293127 0.08280838 -148.52279663 0.65098039 0.74117647 0.85882353
v -2.81595707 0.12312585 -148.51663208 0.65098039 0.74117647 0.85882353
v -2.80523014 0.12167007 -148.52290344 0.65098039 0.74117647 0.85882353
v -2.83080626 0.12321693 -148.51480103 0.65098039 0.74117647 0.85882353
v -2.83923817 0.12001818 -148.52867126 0.65098039 0.74117647 0.85882353
v -2.83375263 0.11703604 -148.54455566 0.65098039 0.74117647 0.85882353
v -2.83761501 0.09578186 -148.54199219 0.65098039 0.74117647 0.85882353
v -2.84042978 0.07999080 -148.54116821 0.65098039 0.74117647 0.85882353
v -2.78315473 0.08353353 -148.64982605 0.65098039 0.74117647 0.85882353
v -2.78509092 0.07089061 -148.64462280 0.65098039 0.74117647 0.85882353
v -2.75847673 0.11931115 -148.61085510 0.65098039 0.74117647 0.85882353
v -2.77007270 0.11932641 -148.62669373 0.65098039 0.74117647 0.85882353
v -2.79037189 0.11145800 -148.62861633 0.65098039 0.74117647 0.85882353
v -2.79763174 0.08918846 -148.62754822 0.65098039 0.74117647 0.85882353
v -2.79509640 0.07535708 -148.62022400 0.65098039 0.74117647 0.85882353
v -2.80585933 0.07790107 -148.59872437 0.65098039 0.74117647 0.85882353
v -2.81069112 0.09024960 -148.60517883 0.65098039 0.74117647 0.85882353
v -2.77986979 0.06082302 -148.63638306 0.65098039 0.74117647 0.85882353
v -2.78909254 0.06868726 -148.61293030 0.65098039 0.74117647 0.85882353
v -2.80050659 0.07176042 -148.59249878 0.65098039 0.74117647 0.85882353
v -2.81779456 0.07863194 -148.58119202 0.65098039 0.74117647 0.85882353
v -2.82112408 0.09126061 -148.58583069 0.65098039 0.74117647 0.85882353
v -2.82643819 0.07947046 -148.56677246 0.65098039 0.74117647 0.85882353
v -2.82704973 0.09377211 -148.56951904 0.65098039 0.74117647 0.85882353
v -2.83180094 0.09526604 -148.55645752 0.65098039 0.74117647 0.85882353
v -2.83378077 0.07967263 -148.55490112 0.65098039 0.74117647 0.85882353
v -2.82736373 0.11362791 -148.57073975 0.65098039 0.74117647 0.85882353
v -2.83049870 0.11569369 -148.55830383 0.65098039 0.74117647 0.85882353
v -2.82187366 0.11055171 -148.58746338 0.65098039 0.74117647 0.85882353
v -2.81118536 0.10984617 -148.60737610 0.65098039 0.74117647 0.85882353
v -2.73041391 0.06613475 -148.58334351 0.65098039 0.74117647 0.85882353
v -2.74713039 0.07112831 -148.56637573 0.65098039 0.74117647 0.85882353
v -2.76453733 0.07516682 -148.54975891 0.65098039 0.74117647 0.85882353
v -2.78027582 0.07648599 -148.53230286 0.65098039 0.74117647 0.85882353
v -2.79448414 0.07588965 -148.51940918 0.65098039 0.74117647 0.85882353
v -2.80518126 0.07581615 -148.51261902 0.65098039 0.74117647 0.85882353
v -2.82947683 0.07622975 -148.51388550 0.65098039 0.74117647 0.85882353
v -2.81664157 0.07651103 -148.50952148 0.65098039 0.74117647 0.85882353
v -2.83684111 0.07385260 -148.52432251 0.65098039 0.74117647 0.85882353
v -2.83449268 0.07066220 -148.53886414 0.65098039 0.74117647 0.85882353
v -2.82884598 0.06906551 -148.55052185 0.65098039 0.74117647 0.85882353
v -2.81277514 0.07079726 -148.57530212 0.65098039 0.74117647 0.85882353
v -2.82200599 0.06894612 -148.56211853 0.65098039 0.74117647 0.85882353
v -2.82728601 0.13016921 -148.58703613 0.65098039 0.74117647 0.85882353
v -2.83169746 0.13255346 -148.57012939 0.65098039 0.74117647 0.85882353
v -2.83160806 0.13502324 -148.55845642 0.65098039 0.74117647 0.85882353
v -2.83615947 0.14010733 -148.53227234 0.65098039 0.74117647 0.85882353
v -2.83343482 0.13711005 -148.54681396 0.65098039 0.74117647 0.85882353
v -2.76926994 0.05802912 -148.62661743 0.65098039 0.74117647 0.85882353
v -2.75697112 0.05976182 -148.61466980 0.65098039 0.74117647 0.85882353
v -2.74616075 0.06052357 -148.60206604 0.65098039 0.74117647 0.85882353
v -2.73753452 0.06160933 -148.59127808 0.65098039 0.74117647 0.85882353
v -2.75282764 0.06624800 -148.57258606 0.65098039 0.74117647 0.85882353
v -2.76100087 0.06516612 -148.58161926 0.65098039 0.74117647 0.85882353
v -2.77129316 0.06392008 -148.59294128 0.65098039 0.74117647 0.85882353
v -2.78134894 0.06519341 -148.60443115 0.65098039 0.74117647 0.85882353
v -2.76973462 0.06937128 -148.55572510 0.65098039 0.74117647 0.85882353
v -2.77674246 0.06745738 -148.56393433 0.65098039 0.74117647 0.85882353
v -2.78617764 0.06621057 -148.57357788 0.65098039 0.74117647 0.85882353
v -2.79409623 0.06722552 -148.58435059 0.65098039 0.74117647 0.85882353
v -2.80712605 0.06616729 -148.56752014 0.65098039 0.74117647 0.85882353
v -2.80077147 0.06650668 -148.55746460 0.65098039 0.74117647 0.85882353
v -2.79255319 0.06812876 -148.54872131 0.65098039 0.74117647 0.85882353
v -2.78629017 0.07072490 -148.53997803 0.65098039 0.74117647 0.85882353
v -2.79932308 0.07138050 -148.52818298 0.65098039 0.74117647 0.85882353
v -2.80472445 0.06937045 -148.53733826 0.65098039 0.74117647 0.85882353
v -2.81164980 0.06753498 -148.54586792 0.65098039 0.74117647 0.85882353
v -2.81663418 0.06665099 -148.55432129 0.65098039 0.74117647 0.85882353
v -2.80821347 0.07189840 -148.52209473 0.65098039 0.74117647 0.85882353
v -2.82501459 0.07202762 -148.51994324 0.65098039 0.74117647 0.85882353
v -2.81651688 0.07255459 -148.51919556 0.65098039 0.74117647 0.85882353
v -2.83018708 0.07044512 -148.52653503 0.65098039 0.74117647 0.85882353
v -2.82770848 0.06858647 -148.53623962 0.65098039 0.74117647 0.85882353
v -2.82278085 0.06736141 -148.54515076 0.65098039 0.74117647 0.85882353
v -2.81764126 0.06855303 -148.53865051 0.65098039 0.74117647 0.85882353
v -2.82208872 0.06951898 -148.53271484 0.65098039 0.74117647 0.85882353
v -2.81169176 0.07031763 -148.53091431 0.65098039 0.74117647 0.85882353
v -2.81752706 0.07111573 -148.52673340 0.65098039 0.74117647 0.85882353
v -2.82487488 0.07055926 -148.52784729 0.65098039 0.74117647 0.85882353
v -2.82247305 0.07131749 -148.52491760 0.65098039 0.74117647 0.85882353
v -2.77071452 0.13323373 -148.57788086 0.65098039 0.74117647 0.85882353
v -2.80361319 0.47309095 -148.65338135 0.65098039 0.74117647 0.85882353
v -2.81926775 0.47515696 -148.65394592 0.65098039 0.74117647 0.85882353
v -2.78849363 0.47628582 -148.64842224 0.65098039 0.74117647 0.85882353
v -2.79021978 0.88955528 -148.67527771 0.65098039 0.74117647 0.85882353
v -2.86474538 1.11949992 -148.68376160 0.65098039 0.74117647 0.85882353
v -2.87098479 1.16103828 -148.67678833 0.65098039 0.74117647 0.85882353
v -2.86813045 1.13909602 -148.68069458 0.65098039 0.74117647 0.85882353
v -2.78547668 0.86574686 -148.67739868 0.65098039 0.74117647 0.85882353
v -2.84950876 1.18481266 -148.61396790 0.65098039 0.74117647 0.85882353
v -2.88606620 1.34179926 -148.62048340 0.65098039 0.74117647 0.85882353
v -2.94105291 1.58048940 -148.51034546 0.65098039 0.74117647 0.85882353
v -2.94348741 1.57720423 -148.50973511 0.65098039 0.74117647 0.85882353
v -2.94538593 1.57469916 -148.50761414 0.65098039 0.74117647 0.85882353
v -2.94627452 1.57202768 -148.50527954 0.65098039 0.74117647 0.85882353
v -2.94772983 1.57031155 -148.50257874 0.65098039 0.74117647 0.85882353
v -2.95056701 1.57067633 -148.49952698 0.65098039 0.74117647 0.85882353
v -2.94400358 1.57582831 -148.50492859 0.65098039 0.74117647 0.85882353
v -2.94707561 1.57860327 -148.50286865 0.65098039 0.74117647 0.85882353
v -2.94641972 1.58044696 -148.50424194 0.65098039 0.74117647 0.85882353
v -2.94315362 1.57798314 -148.50646973 0.65098039 0.74117647 0.85882353
f 2 3 1
f 1 3 4
f 3 2 5
f 5 2 6
f 3 7 4
f 4 7 8
f 10 11 9
f 9 11 12
f 14 15 13
f 13 15 16
f 18 19 17
f 17 19 20
f 22 23 21
f 21 23 24
f 26 18 25
f 25 18 17
f 27 28 17
f 17 28 25
f 30 31 29
f 29 31 32
f 34 35 33
f 33 35 36
f 21 24 37
f 37 24 38
f 40 31 39
f 39 31 38
f 34 33 28
f 28 33 25
f 41 42 44
f 44 42 43
f 36 45 33
f 33 45 25
f 46 47 49
f 49 47 48
f 51 52 50
f 50 52 53
f 55 53 54
f 54 53 52
f 57 58 56
f 56 58 59
f 61 62 60
f 60 62 63
f 65 66 64
f 64 66 67
f 69 70 68
f 68 70 71
f 65 73 72
f 72 73 74
f 64 75 65
f 65 75 73
f 77 78 76
f 76 78 79
f 80 81 83
f 83 81 82
f 81 85 84
f 84 85 86
f 88 89 87
f 87 89 69
f 88 87 90
f 90 87 91
f 93 94 92
f 92 94 95
f 96 84 43
f 43 84 44
f 51 98 97
f 97 98 86
f 97 99 51
f 51 99 52
f 54 52 100
f 100 52 99
f 58 101 59
f 59 101 102
f 62 103 63
f 63 103 104
f 105 106 6
f 6 106 5
f 108 109 107
f 107 109 110
f 112 113 111
f 111 113 114
f 116 117 115
f 115 117 118
f 120 121 119
f 119 121 122
f 124 125 123
f 123 125 126
f 128 129 127
f 127 129 130
f 130 131 127
f 127 131 132
f 134 1 133
f 133 1 135
f 1 4 135
f 135 4 136
f 4 8 136
f 136 8 137
f 138 139 15
f 15 139 140
f 140 139 141
f 141 139 142
f 144 57 143
f 143 57 56
f 145 146 141
f 141 146 147
f 146 149 148
f 148 149 150
f 152 153 151
f 151 153 154
f 141 147 140
f 140 147 155
f 157 11 156
f 156 11 158
f 160 161 159
f 159 161 162
f 164 165 163
f 163 165 166
f 165 160 166
f 166 160 159
f 168 169 167
f 167 169 170
f 169 171 170
f 170 171 172
f 149 173 150
f 150 173 174
f 175 176 149
f 149 176 173
f 178 172 177
f 177 172 171
f 180 181 179
f 179 181 182
f 184 180 183
f 183 180 179
f 186 187 185
f 185 187 188
f 190 191 189
f 189 191 192
f 7 193 8
f 8 193 194
f 196 162 195
f 195 162 161
f 197 168 198
f 198 168 167
f 181 199 182
f 182 199 200
f 202 203 201
f 201 203 204
f 187 186 205
f 205 186 206
f 208 209 207
f 207 209 210
f 212 213 211
f 211 213 214
f 215 216 218
f 218 216 217
f 220 209 219
f 219 209 208
f 204 186 221
f 221 186 185
f 201 204 222
f 222 204 221
f 223 211 220
f 220 211 209
f 224 225 214
f 214 225 210
f 203 206 204
f 204 206 186
f 227 187 226
f 226 187 205
f 27 228 21
f 21 228 22
f 230 231 229
f 229 231 232
f 234 235 233
f 233 235 236
f 238 239 237
f 237 239 240
f 119 122 118
f 118 122 115
f 112 242 241
f 241 242 243
f 98 51 244
f 244 51 50
f 245 138 14
f 14 138 15
f 11 10 158
f 158 10 246
f 89 85 69
f 69 85 70
f 11 157 12
f 12 157 247
f 249 164 248
f 248 164 163
f 177 250 178
f 178 250 251
f 253 254 252
f 252 254 255
f 187 227 188
f 188 227 256
f 212 257 213
f 213 257 258
f 260 134 259
f 259 134 133
f 165 164 135
f 135 164 133
f 160 165 136
f 136 165 135
f 136 137 160
f 160 137 161
f 137 261 161
f 161 261 195
f 263 264 262
f 262 264 265
f 13 16 266
f 266 16 267
f 268 267 155
f 155 267 16
f 147 269 155
f 155 269 268
f 162 196 167
f 167 196 198
f 167 170 162
f 162 170 159
f 170 172 159
f 159 172 166
f 172 178 166
f 166 178 163
f 178 251 163
f 163 251 248
f 168 270 169
f 169 270 271
f 272 273 171
f 171 273 177
f 271 272 169
f 169 272 171
f 168 197 270
f 270 197 274
f 250 177 275
f 275 177 273
f 277 45 276
f 276 45 278
f 280 281 279
f 279 281 282
f 284 104 283
f 283 104 103
f 285 215 286
f 286 215 218
f 288 289 287
f 287 289 290
f 291 80 66
f 66 80 83
f 293 294 292
f 292 294 295
f 73 91 74
f 74 91 87
f 91 73 92
f 92 73 75
f 279 77 280
f 280 77 76
f 80 291 70
f 70 291 71
f 277 47 96
f 96 47 82
f 297 175 296
f 296 175 149
f 299 154 298
f 298 154 153
f 225 300 210
f 210 300 207
f 224 301 206
f 206 301 205
f 210 209 214
f 214 209 211
f 226 205 302
f 302 205 301
f 304 305 303
f 303 305 306
f 308 309 307
f 307 309 310
f 72 291 65
f 65 291 66
f 66 83 67
f 67 83 46
f 312 313 311
f 311 313 314
f 316 317 315
f 315 317 36
f 29 318 35
f 35 318 319
f 321 32 320
f 320 32 322
f 311 314 323
f 323 314 324
f 315 325 316
f 316 325 326
f 318 287 319
f 319 287 290
f 328 321 327
f 327 321 320
f 329 330 39
f 39 330 331
f 332 333 40
f 40 333 322
f 309 334 285
f 285 334 335
f 236 2 134
f 134 2 1
f 260 336 233
f 233 336 337
f 237 14 265
f 265 14 13
f 84 86 44
f 44 86 98
f 189 192 7
f 7 192 193
f 44 98 41
f 41 98 244
f 237 240 14
f 14 240 245
f 7 3 189
f 189 3 5
f 338 71 72
f 72 71 291
f 262 265 266
f 266 265 13
f 124 123 339
f 339 123 105
f 123 109 105
f 105 109 106
f 189 5 190
f 190 5 106
f 111 114 12
f 12 114 9
f 264 340 265
f 265 340 237
f 342 343 341
f 341 343 344
f 6 235 105
f 105 235 339
f 234 346 345
f 345 346 347
f 349 350 348
f 348 350 351
f 107 352 108
f 108 352 353
f 355 356 354
f 354 356 357
f 237 340 238
f 238 340 358
f 12 247 111
f 111 247 359
f 264 263 116
f 116 263 360
f 361 362 222
f 222 362 201
f 364 365 363
f 363 365 366
f 368 369 367
f 367 369 370
f 372 373 371
f 371 373 374
f 375 376 372
f 372 376 377
f 378 379 381
f 381 379 380
f 382 383 269
f 269 383 268
f 150 174 365
f 365 174 384
f 380 377 381
f 381 377 376
f 271 270 180
f 180 270 181
f 273 272 252
f 252 272 184
f 272 271 184
f 184 271 180
f 181 270 274
f 252 255 273
f 273 255 275
f 254 385 255
f 255 385 386
f 387 388 179
f 179 388 183
f 389 387 182
f 182 387 179
f 182 200 389
f 389 200 390
f 388 391 183
f 183 391 253
f 391 392 253
f 253 392 254
f 394 379 393
f 393 379 378
f 185 188 395
f 395 188 396
f 221 185 397
f 397 185 395
f 222 221 398
f 398 221 397
f 188 256 396
f 396 256 399
f 400 401 256
f 256 401 399
f 402 403 405
f 405 403 404
f 148 150 364
f 364 150 365
f 393 406 394
f 394 406 407
f 158 246 393
f 393 246 406
f 342 19 238
f 238 19 239
f 23 22 350
f 350 22 354
f 244 50 245
f 245 50 138
f 55 142 53
f 53 142 139
f 145 144 296
f 296 144 143
f 355 228 341
f 341 228 20
f 41 240 42
f 42 240 239
f 283 308 284
f 284 308 307
f 349 409 408
f 408 409 410
f 244 245 41
f 41 245 240
f 268 383 406
f 406 383 407
f 346 411 349
f 349 411 409
f 251 412 248
f 248 412 413
f 275 414 250
f 250 414 415
f 25 45 26
f 26 45 277
f 43 26 96
f 96 26 277
f 416 417 61
f 61 417 62
f 329 24 408
f 408 24 23
f 31 40 32
f 32 40 322
f 39 38 329
f 329 38 24
f 37 38 30
f 30 38 31
f 418 419 421
f 421 419 420
f 78 295 79
f 79 295 294
f 124 339 422
f 422 339 345
f 232 131 357
f 357 131 351
f 2 236 6
f 6 236 235
f 252 184 253
f 253 184 183
f 227 423 256
f 256 423 400
f 423 227 305
f 305 227 226
f 424 258 425
f 425 258 257
f 426 427 212
f 212 427 257
f 259 133 249
f 249 133 164
f 419 418 428
f 428 418 429
f 327 430 328
f 328 430 288
f 49 431 46
f 46 431 67
f 306 302 424
f 424 302 258
f 313 432 314
f 314 432 433
f 32 321 29
f 29 321 318
f 324 314 433
f 287 318 328
f 328 318 321
f 134 260 236
f 236 260 233
f 345 339 234
f 234 339 235
f 357 351 354
f 354 351 350
f 408 23 349
f 349 23 350
f 317 278 36
f 36 278 45
f 432 313 429
f 429 313 428
f 435 428 434
f 434 428 313
f 42 239 18
f 18 239 19
f 43 42 26
f 26 42 18
f 121 120 436
f 436 120 437
f 302 301 258
f 258 301 213
f 110 109 126
f 126 109 123
f 238 358 342
f 342 358 343
f 341 20 342
f 342 20 19
f 322 438 320
f 320 438 439
f 320 439 327
f 327 439 430
f 333 440 322
f 322 440 438
f 289 288 323
f 323 288 430
f 115 340 116
f 116 340 264
f 146 145 149
f 149 145 296
f 15 140 16
f 16 140 155
f 441 442 152
f 152 442 153
f 225 224 203
f 203 224 206
f 175 297 154
f 154 297 151
f 293 443 294
f 294 443 444
f 248 413 249
f 249 413 445
f 446 447 400
f 400 447 401
f 388 387 396
f 396 387 395
f 387 389 395
f 395 389 397
f 391 388 399
f 399 388 396
f 401 392 399
f 399 392 391
f 255 386 275
f 275 386 414
f 449 450 448
f 448 450 451
f 335 452 285
f 285 452 215
f 453 298 442
f 442 298 153
f 211 223 212
f 212 223 426
f 425 257 454
f 454 257 427
f 266 10 262
f 262 10 9
f 360 113 456
f 456 113 455
f 8 194 137
f 137 194 261
f 10 266 246
f 246 266 267
f 203 202 225
f 225 202 300
f 262 9 263
f 263 9 114
f 108 353 190
f 190 353 191
f 389 390 397
f 397 390 398
f 457 422 128
f 128 422 129
f 156 158 378
f 378 158 393
f 347 346 348
f 348 346 349
f 447 458 401
f 401 458 392
f 364 382 148
f 148 382 269
f 55 54 57
f 57 54 58
f 75 64 459
f 459 64 460
f 100 90 101
f 101 90 95
f 101 58 100
f 100 58 54
f 142 55 144
f 144 55 57
f 147 146 269
f 269 146 148
f 459 93 75
f 75 93 92
f 144 145 142
f 142 145 141
f 228 27 20
f 20 27 17
f 154 299 175
f 175 299 176
f 214 213 224
f 224 213 301
f 424 461 306
f 306 461 303
f 285 286 309
f 309 286 310
f 462 334 308
f 308 334 309
f 302 306 226
f 226 306 305
f 37 28 21
f 21 28 27
f 29 35 30
f 30 35 34
f 30 34 37
f 37 34 28
f 344 436 356
f 356 436 229
f 325 290 326
f 326 290 289
f 311 439 312
f 312 439 438
f 35 319 36
f 36 319 315
f 439 311 430
f 430 311 323
f 315 319 325
f 325 319 290
f 440 463 438
f 438 463 312
f 341 344 355
f 355 344 356
f 360 456 116
f 116 456 117
f 354 22 355
f 355 22 228
f 326 289 324
f 324 289 323
f 74 87 68
f 68 87 69
f 50 53 138
f 138 53 139
f 268 406 267
f 267 406 246
f 190 106 108
f 108 106 109
f 241 455 112
f 112 455 113
f 358 122 343
f 343 122 121
f 129 347 130
f 130 347 348
f 348 351 130
f 130 351 131
f 229 232 356
f 356 232 357
f 340 115 358
f 358 115 122
f 111 359 112
f 112 359 242
f 125 124 457
f 457 124 422
f 231 132 232
f 232 132 131
f 343 121 344
f 344 121 436
f 263 114 360
f 360 114 113
f 347 129 345
f 345 129 422
f 230 229 437
f 437 229 436
f 464 446 423
f 423 446 400
f 465 466 468
f 468 466 467
f 470 471 469
f 469 471 472
f 469 472 373
f 373 472 374
f 474 469 473
f 473 469 373
f 471 475 472
f 472 475 476
f 472 477 374
f 374 477 478
f 477 472 476
f 479 480 476
f 476 480 477
f 473 373 377
f 377 373 372
f 481 482 479
f 479 482 480
f 483 484 481
f 481 484 482
f 403 402 485
f 485 402 486
f 487 488 483
f 483 488 484
f 487 489 488
f 488 489 490
f 489 491 490
f 490 491 492
f 491 493 492
f 492 493 494
f 493 495 494
f 494 495 496
f 497 498 481
f 481 498 483
f 484 499 482
f 482 499 367
f 370 480 367
f 367 480 482
f 480 370 477
f 477 370 478
f 500 497 479
f 479 497 481
f 451 473 380
f 380 473 377
f 448 451 379
f 379 451 380
f 501 502 504
f 504 502 503
f 449 505 507
f 507 505 506
f 486 508 505
f 505 508 506
f 508 509 506
f 506 509 510
f 511 507 510
f 510 507 506
f 509 508 512
f 512 508 513
f 515 509 514
f 514 509 512
f 509 515 510
f 510 515 516
f 510 516 511
f 511 516 517
f 486 505 485
f 485 505 518
f 505 449 518
f 518 449 448
f 383 382 403
f 403 382 404
f 363 404 364
f 364 404 382
f 403 485 383
f 383 485 407
f 519 520 361
f 361 520 362
f 522 496 521
f 521 496 495
f 450 474 451
f 451 474 473
f 363 366 523
f 523 366 524
f 525 499 488
f 488 499 484
f 488 490 525
f 525 490 526
f 496 522 520
f 520 522 527
f 494 496 519
f 519 496 520
f 492 494 528
f 528 494 519
f 529 530 495
f 495 530 521
f 490 492 526
f 526 492 528
f 529 495 531
f 531 495 493
f 533 534 532
f 532 534 535
f 523 524 533
f 533 524 534
f 486 402 532
f 532 402 533
f 529 536 530
f 530 536 537
f 536 538 537
f 537 538 539
f 540 541 539
f 539 541 537
f 530 537 535
f 535 537 541
f 542 539 543
f 543 539 538
f 539 542 540
f 540 542 544
f 541 540 513
f 513 540 512
f 540 544 512
f 512 544 514
f 546 547 545
f 545 547 548
f 549 550 531
f 531 550 551
f 550 549 552
f 552 549 553
f 546 550 554
f 554 550 552
f 547 546 555
f 555 546 554
f 498 556 558
f 558 556 557
f 559 557 560
f 560 557 556
f 561 562 560
f 560 562 559
f 557 559 552
f 552 559 554
f 559 562 554
f 554 562 555
f 558 557 553
f 553 557 552
f 475 471 563
f 563 471 564
f 565 563 567
f 567 563 566
f 471 470 564
f 564 470 466
f 564 466 568
f 568 466 465
f 568 465 569
f 569 465 570
f 572 573 571
f 571 573 574
f 569 575 567
f 567 575 576
f 577 565 576
f 576 565 567
f 578 579 581
f 581 579 580
f 575 561 576
f 576 561 560
f 556 577 560
f 560 577 576
f 577 556 497
f 497 556 498
f 565 577 500
f 500 577 497
f 563 565 475
f 475 565 500
f 553 489 558
f 558 489 487
f 531 493 549
f 549 493 491
f 489 553 491
f 491 553 549
f 394 407 518
f 518 407 485
f 518 448 394
f 394 448 379
f 545 548 538
f 538 548 543
f 551 545 536
f 536 545 538
f 536 529 551
f 551 529 531
f 507 582 449
f 449 582 450
f 511 583 507
f 507 583 582
f 511 517 583
f 583 517 584
f 585 586 588
f 588 586 587
f 590 591 589
f 589 591 592
f 591 590 593
f 593 590 594
f 596 597 595
f 595 597 598
f 599 600 602
f 602 600 601
f 604 605 603
f 603 605 606
f 608 609 607
f 607 609 610
f 612 613 611
f 611 613 614
f 615 616 618
f 618 616 617
f 620 621 619
f 619 621 622
f 624 625 623
f 623 625 626
f 628 629 627
f 627 629 630
f 632 633 631
f 631 633 634
f 635 636 638
f 638 636 637
f 639 640 642
f 642 640 641
f 644 645 643
f 643 645 646
f 619 622 647
f 647 622 648
f 650 651 649
f 649 651 652
f 601 653 602
f 602 653 654
f 656 657 655
f 655 657 658
f 660 661 659
f 659 661 662
f 664 665 663
f 663 665 666
f 593 594 667
f 667 594 668
f 669 670 672
f 672 670 671
f 673 674 676
f 676 674 675
f 633 632 677
f 677 632 678
f 663 666 679
f 679 666 680
f 681 682 684
f 684 682 683
f 686 687 685
f 685 687 688
f 690 661 689
f 689 661 691
f 693 686 692
f 692 686 685
f 695 597 694
f 694 597 668
f 594 696 668
f 668 696 694
f 697 698 696
f 696 698 699
f 700 701 697
f 697 701 698
f 702 585 703
f 703 585 588
f 671 690 672
f 672 690 689
f 640 639 704
f 704 639 705
f 679 706 663
f 663 706 658
f 708 709 707
f 707 709 710
f 711 712 610
f 610 712 607
f 713 714 716
f 716 714 715
f 717 718 720
f 720 718 719
f 722 634 721
f 721 634 633
f 724 725 723
f 723 725 726
f 728 729 727
f 727 729 730
f 732 733 731
f 731 733 734
f 707 710 735
f 735 710 736
f 643 737 644
f 644 737 738
f 740 741 739
f 739 741 742
f 608 744 743
f 743 744 745
f 747 748 746
f 746 748 749
f 751 752 750
f 750 752 753
f 754 755 757
f 757 755 756
f 758 759 761
f 761 759 760
f 763 764 762
f 762 764 765
f 767 768 766
f 766 768 769
f 771 772 770
f 770 772 773
f 775 776 774
f 774 776 777
f 779 780 778
f 778 780 781
f 783 712 782
f 782 712 784
f 785 786 788
f 788 786 787
f 790 628 789
f 789 628 627
f 792 793 791
f 791 793 794
f 795 796 726
f 726 796 723
f 798 799 797
f 797 799 800
f 721 633 801
f 801 633 677
f 797 800 802
f 802 800 803
f 805 806 804
f 804 806 807
f 809 810 808
f 808 810 811
f 813 814 812
f 812 814 815
f 809 808 817
f 817 808 816
f 818 819 804
f 804 819 805
f 820 821 818
f 818 821 819
f 821 820 587
f 587 820 822
f 809 823 810
f 810 823 824
f 814 807 815
f 815 807 806
f 826 426 825
f 825 426 223
f 426 826 427
f 427 826 827
f 828 829 454
f 454 829 830
f 831 832 677
f 677 832 801
f 834 835 833
f 833 835 836
f 838 839 837
f 837 839 840
f 841 842 844
f 844 842 843
f 845 846 803
f 803 846 802
f 847 831 678
f 678 831 677
f 848 849 851
f 851 849 850
f 853 854 852
f 852 854 855
f 857 858 856
f 856 858 680
f 860 861 859
f 859 861 862
f 864 865 863
f 863 865 866
f 868 869 867
f 867 869 870
f 839 871 840
f 840 871 872
f 849 848 874
f 874 848 873
f 876 877 875
f 875 877 878
f 880 881 879
f 879 881 882
f 883 884 886
f 886 884 885
f 846 887 802
f 802 887 888
f 890 891 889
f 889 891 888
f 893 894 892
f 892 894 895
f 896 897 728
f 728 897 729
f 899 900 898
f 898 900 901
f 902 852 904
f 904 852 903
f 849 905 850
f 850 905 906
f 875 878 907
f 907 878 908
f 910 911 909
f 909 911 912
f 914 915 913
f 913 915 916
f 917 918 862
f 862 918 859
f 919 920 856
f 856 920 921
f 923 924 922
f 922 924 925
f 926 927 925
f 925 927 922
f 929 930 928
f 928 930 693
f 932 695 931
f 931 695 694
f 823 867 824
f 824 867 933
f 935 936 934
f 934 936 937
f 938 868 823
f 823 868 867
f 940 847 939
f 939 847 678
f 632 655 678
f 678 655 939
f 941 942 619
f 619 942 620
f 687 943 688
f 688 943 944
f 851 850 945
f 945 850 903
f 850 906 903
f 903 906 904
f 946 947 949
f 949 947 948
f 951 952 950
f 950 952 953
f 955 956 954
f 954 956 957
f 907 958 875
f 875 958 874
f 960 961 959
f 959 961 962
f 963 853 902
f 902 853 852
f 909 964 910
f 910 964 965
f 967 968 966
f 966 968 969
f 971 972 970
f 970 972 973
f 974 960 975
f 975 960 959
f 977 978 976
f 976 978 979
f 981 977 980
f 980 977 976
f 980 982 981
f 981 982 983
f 985 983 984
f 984 983 982
f 984 986 985
f 985 986 987
f 989 990 988
f 988 990 991
f 993 994 992
f 992 994 995
f 997 998 996
f 996 998 999
f 1001 1002 1000
f 1000 1002 1003
f 1005 1006 1004
f 1004 1006 1007
f 1004 1008 1005
f 1005 1008 1009
f 1008 1010 1009
f 1009 1010 1011
f 1013 1011 1012
f 1012 1011 1010
f 1014 1015 1017
f 1017 1015 1016
f 1019 1020 1018
f 1018 1020 1021
f 1022 1023 976
f 976 1023 980
f 1024 1025 982
f 982 1025 984
f 992 995 1026
f 1026 995 1027
f 956 955 1028
f 1028 955 1029
f 1030 1031 1033
f 1033 1031 1032
f 1010 1008 1034
f 1034 1008 1035
f 1008 1004 1035
f 1035 1004 1036
f 1037 1038 1002
f 1002 1038 1007
f 1002 1001 1037
f 1037 1001 1039
f 1040 1041 997
f 997 1041 998
f 1015 1014 1043
f 1043 1014 1042
f 1044 1045 1047
f 1047 1045 1046
f 1044 1020 1048
f 1048 1020 1049
f 1050 1051 1003
f 1003 1051 1000
f 1052 1050 1006
f 1006 1050 1003
f 1053 1054 1011
f 1011 1054 1009
f 1013 1045 1055
f 1055 1045 1056
f 1058 1059 1057
f 1057 1059 1060
f 1062 1063 1061
f 1061 1063 1064
f 1065 1066 1050
f 1050 1066 1051
f 1067 1065 1052
f 1052 1065 1050
f 1068 1069 1054
f 1054 1069 1070
f 1071 1068 1053
f 1053 1068 1054
f 1073 1071 1072
f 1072 1071 1074
f 1074 1071 1055
f 1055 1071 1053
f 1076 1077 1075
f 1075 1077 1078
f 1079 1080 1057
f 1057 1080 1058
f 1081 1082 1064
f 1064 1082 1061
f 1084 1085 1083
f 1083 1085 1086
f 1088 1089 1087
f 1087 1089 1090
f 1092 1093 1091
f 1091 1093 1094
f 1096 1097 1095
f 1095 1097 1098
f 1099 1100 1102
f 1102 1100 1101
f 1103 1104 1099
f 1099 1104 1100
f 1106 1107 1105
f 1105 1107 1108
f 1110 1111 1109
f 1109 1111 1112
f 1114 1115 1113
f 1113 1115 1116
f 1118 1119 1117
f 1117 1119 1077
f 1117 1120 1122
f 1122 1120 1121
f 1105 1123 1106
f 1106 1123 1124
f 1125 1126 1128
f 1128 1126 1127
f 1130 1131 1129
f 1129 1131 1132
f 1134 1135 1133
f 1133 1135 1114
f 1113 1136 1114
f 1114 1136 1133
f 1118 1137 1113
f 1113 1137 1136
f 1118 1117 1137
f 1137 1117 1122
f 1139 1140 1138
f 1138 1140 1141
f 1143 953 1142
f 1142 953 952
f 1145 957 1144
f 1144 957 956
f 1028 1146 956
f 956 1146 1144
f 1014 1147 1042
f 1042 1147 1148
f 1014 1017 1147
f 1147 1017 1149
f 1059 1058 1150
f 1150 1058 1151
f 1153 1080 1152
f 1152 1080 1154
f 1156 1088 1155
f 1155 1088 1087
f 1157 1158 1106
f 1106 1158 1107
f 1106 1124 1157
f 1157 1124 1159
f 1161 1162 1160
f 1160 1162 1163
f 1165 1166 1164
f 1164 1166 1167
f 1168 1031 1012
f 1012 1031 1046
f 1024 1023 1035
f 1035 1023 1034
f 1036 1038 1025
f 1025 1038 1169
f 1170 1171 1039
f 1039 1171 1037
f 1028 1029 1042
f 1042 1029 1043
f 1172 1173 1175
f 1175 1173 1174
f 1055 1053 1013
f 1013 1053 1011
f 1005 1009 1070
f 1070 1009 1054
f 996 999 1062
f 1062 999 1063
f 1016 1060 1017
f 1017 1060 1059
f 1017 1059 1149
f 1149 1059 1150
f 1177 1178 1176
f 1176 1178 1103
f 1176 1072 1179
f 1179 1072 1074
f 1073 1102 1086
f 1086 1102 1083
f 1180 1181 1067
f 1067 1181 1065
f 1182 1183 1184
f 1184 1183 1181
f 1186 1187 1185
f 1185 1187 1188
f 1189 1190 798
f 798 1190 799
f 1192 1193 1191
f 1191 1193 1194
f 1195 1196 1194
f 1194 1196 1191
f 1196 1195 1198
f 1198 1195 1197
f 1200 674 1199
f 1199 674 673
f 928 1201 1203
f 1203 1201 1202
f 861 1204 862
f 862 1204 921
f 1205 1206 913
f 913 1206 1207
f 882 1208 879
f 879 1208 1209
f 1210 1211 1167
f 1167 1211 1164
f 1212 769 1213
f 1213 769 768
f 727 1214 728
f 728 1214 1215
f 1217 1218 1216
f 1216 1218 1219
f 1220 813 1221
f 1221 813 812
f 827 828 427
f 427 828 454
f 1223 1224 1222
f 1222 1224 1165
f 1226 1227 1225
f 1225 1227 1228
f 851 1229 848
f 848 1229 1230
f 834 854 835
f 835 854 1231
f 1233 1234 1232
f 1232 1234 1235
f 1237 751 1236
f 1236 751 750
f 743 819 1238
f 1238 819 821
f 1240 1241 1239
f 1239 1241 1242
f 1244 1245 1243
f 1243 1245 1246
f 844 1247 841
f 841 1247 1248
f 1250 1251 1249
f 1249 1251 1252
f 1254 893 1253
f 1253 893 1237
f 1255 1256 1258
f 1258 1256 1257
f 1260 1261 1259
f 1259 1261 1262
f 945 903 855
f 855 903 852
f 855 1263 945
f 945 1263 1264
f 832 845 801
f 801 845 803
f 800 721 803
f 803 721 801
f 721 800 722
f 722 800 799
f 1266 1267 1265
f 1265 1267 1268
f 1270 795 1269
f 1269 795 726
f 725 1271 726
f 726 1271 1269
f 737 765 738
f 738 765 764
f 759 740 760
f 760 740 739
f 717 1272 1274
f 1274 1272 1273
f 1163 1226 1275
f 1275 1226 1225
f 1277 882 1276
f 1276 882 881
f 1041 1040 1027
f 1027 1040 1026
f 900 935 901
f 901 935 934
f 1164 1278 1165
f 1165 1278 1222
f 1211 1279 1164
f 1164 1279 1278
f 442 1280 453
f 453 1280 1281
f 788 1282 785
f 785 1282 1283
f 1285 1286 1284
f 1284 1286 1287
f 1284 1288 1285
f 1285 1288 1289
f 757 1289 754
f 754 1289 1288
f 605 604 675
f 675 604 676
f 1290 1291 1293
f 1293 1291 1292
f 1295 1296 1294
f 1294 1296 1297
f 696 699 694
f 694 699 931
f 1298 1299 592
f 592 1299 589
f 1299 1300 589
f 589 1300 700
f 1300 1301 700
f 700 1301 701
f 743 745 819
f 819 745 805
f 1303 1304 1302
f 1302 1304 1305
f 1306 1307 1305
f 1305 1307 1302
f 609 1298 610
f 610 1298 592
f 587 822 588
f 588 822 1308
f 703 588 1309
f 1309 588 1308
f 1310 703 571
f 571 703 1309
f 1311 1312 789
f 789 1312 790
f 825 223 1313
f 1313 223 220
f 219 1314 220
f 220 1314 1313
f 1315 1316 1311
f 1311 1316 1312
f 1317 1318 1319
f 1319 1318 1241
f 441 1320 442
f 442 1320 1280
f 1321 217 572
f 572 217 216
f 1323 1230 1322
f 1322 1230 1229
f 1324 1325 631
f 631 1325 656
f 1034 1168 1010
f 1010 1168 1012
f 1327 1328 1326
f 1326 1328 1329
f 1331 1202 1330
f 1330 1202 1201
f 571 1309 572
f 572 1309 1321
f 573 572 1332
f 1332 572 216
f 1334 1335 1333
f 1333 1335 1336
f 1337 1338 918
f 918 1338 859
f 1339 863 1340
f 1340 863 866
f 1341 1342 1344
f 1344 1342 1343
f 1345 1346 919
f 919 1346 920
f 1347 1348 673
f 673 1348 1199
f 693 1349 928
f 928 1349 1201
f 1351 1257 1350
f 1350 1257 1256
f 1350 1352 1351
f 1351 1352 1353
f 653 930 654
f 654 930 662
f 1279 1354 1278
f 1278 1354 1355
f 1357 1358 1356
f 1356 1358 1359
f 937 1360 1140
f 1140 1360 1361
f 1225 1228 909
f 909 1228 964
f 901 934 1362
f 1362 934 1139
f 1364 1365 1363
f 1363 1365 1362
f 1367 912 1366
f 1366 912 911
f 1143 1142 1368
f 1368 1142 1369
f 1144 1186 1145
f 1145 1186 1185
f 1146 1175 1144
f 1144 1175 1186
f 1175 1146 1172
f 1172 1146 1148
f 1147 1018 1148
f 1148 1018 1172
f 1018 1147 1019
f 1019 1147 1149
f 1149 1150 1019
f 1019 1150 1370
f 1150 1151 1370
f 1370 1151 1371
f 1151 1153 1371
f 1371 1153 1177
f 1152 1156 1178
f 1178 1156 1372
f 1155 1158 1373
f 1373 1158 1374
f 1157 1159 1376
f 1376 1159 1375
f 1378 1379 1377
f 1377 1379 1380
f 1382 1383 1381
f 1381 1383 1384
f 1382 1386 1385
f 1385 1386 1387
f 1386 1233 1387
f 1387 1233 1232
f 1389 1390 1388
f 1388 1390 1391
f 1393 1394 1392
f 1392 1394 1395
f 1397 1398 1396
f 1396 1398 1399
f 629 1397 630
f 630 1397 1396
f 1342 1400 1343
f 1343 1400 1401
f 1403 1404 1402
f 1402 1404 1405
f 1407 1408 1406
f 1406 1408 1409
f 1411 1412 1410
f 1410 1412 1413
f 793 1414 794
f 794 1414 1415
f 1417 1341 1416
f 1416 1341 1344
f 704 705 1347
f 1347 705 1418
f 741 1419 742
f 742 1419 1420
f 1422 669 1421
f 1421 669 672
f 645 1423 646
f 646 1423 1424
f 1196 1198 614
f 614 1198 611
f 613 1425 614
f 614 1425 1426
f 1427 616 659
f 659 616 660
f 614 1426 1196
f 1196 1426 1191
f 696 594 697
f 697 594 590
f 697 590 700
f 700 590 589
f 703 1310 702
f 702 1310 1428
f 1421 672 1192
f 1192 672 689
f 1271 648 1269
f 1269 648 622
f 621 1270 622
f 622 1270 1269
f 1429 1430 1417
f 1417 1430 1341
f 1431 1432 1434
f 1434 1432 1433
f 1436 1437 1435
f 1435 1437 1438
f 1440 1441 1439
f 1439 1441 1442
f 1443 1444 1446
f 1446 1444 1445
f 823 809 938
f 938 809 817
f 810 1447 811
f 811 1447 1448
f 1449 1450 679
f 679 1450 706
f 913 916 1205
f 1205 916 1451
f 1275 1225 912
f 912 1225 909
f 1452 1453 880
f 880 1453 881
f 1444 1401 1445
f 1445 1401 1400
f 936 1454 937
f 937 1454 1360
f 824 1455 810
f 810 1455 1447
f 631 656 632
f 632 656 655
f 966 1456 967
f 967 1456 1457
f 1459 1460 1458
f 1458 1460 1461
f 1460 1462 1461
f 1461 1462 1463
f 972 974 973
f 973 974 975
f 990 995 991
f 991 995 994
f 1464 1187 1033
f 1033 1187 1174
f 1018 1021 1172
f 1172 1021 1173
f 1000 999 1001
f 1001 999 998
f 976 979 1022
f 1022 979 1032
f 1023 1024 980
f 980 1024 982
f 989 986 1171
f 1171 986 1169
f 1171 1170 989
f 989 1170 990
f 1170 1027 990
f 990 1027 995
f 1041 1039 998
f 998 1039 1001
f 1051 1063 1000
f 1000 1063 999
f 1066 1064 1051
f 1051 1064 1063
f 1183 1081 1066
f 1066 1081 1064
f 1178 1372 1103
f 1103 1372 1104
f 1092 1091 1465
f 1465 1091 1182
f 1467 1465 1466
f 1466 1465 1468
f 1469 1470 1184
f 1184 1470 1468
f 1095 1098 1471
f 1471 1098 1101
f 1076 1374 1120
f 1120 1374 1376
f 1110 1472 1127
f 1127 1472 1132
f 1472 1473 1132
f 1132 1473 1129
f 1474 1475 1466
f 1466 1475 1473
f 1119 1118 1116
f 1116 1118 1113
f 1375 1121 1376
f 1376 1121 1120
f 1127 1132 1128
f 1128 1132 1131
f 1227 1476 1228
f 1228 1476 1361
f 1365 1477 1362
f 1362 1477 872
f 1478 1479 1323
f 1323 1479 1230
f 1480 1481 914
f 914 1481 915
f 913 1277 914
f 914 1277 1276
f 1168 1034 1022
f 1022 1034 1023
f 1035 1036 1024
f 1024 1036 1025
f 1039 1041 1170
f 1170 1041 1027
f 1042 1148 1028
f 1028 1148 1146
f 968 1459 969
f 969 1459 1458
f 1482 1483 664
f 664 1483 665
f 1485 1486 1484
f 1484 1486 1487
f 1489 1490 1488
f 1488 1490 1491
f 1492 1493 722
f 722 1493 634
f 1495 1496 1494
f 1494 1496 1497
f 1498 1207 1339
f 1339 1207 863
f 1224 1499 1165
f 1165 1499 1166
f 1160 1163 1500
f 1500 1163 1275
f 1500 877 1160
f 1160 877 1501
f 876 873 1502
f 1502 873 1479
f 945 1264 851
f 851 1264 1229
f 835 1231 839
f 839 1231 871
f 1503 1283 778
f 778 1283 1282
f 716 715 1505
f 1505 715 1504
f 1446 1445 1507
f 1507 1445 1506
f 779 792 1381
f 1381 792 791
f 1430 1409 1341
f 1341 1409 1342
f 1411 1429 1508
f 1508 1429 1417
f 635 1510 1509
f 1509 1510 1511
f 1377 1380 1315
f 1315 1380 1316
f 1445 1400 1506
f 1506 1400 1408
f 918 917 1336
f 1336 917 1333
f 1513 1514 1512
f 1512 1514 870
f 1515 1516 1363
f 1363 1516 1364
f 1453 1517 881
f 881 1517 1276
f 992 1518 993
f 993 1518 1519
f 1520 1029 1518
f 1518 1029 955
f 1520 1026 1521
f 1521 1026 1040
f 1522 1015 1521
f 1521 1015 1043
f 996 1523 997
f 997 1523 1522
f 1060 1016 1524
f 1524 1016 1523
f 1061 1525 1062
f 1062 1525 1524
f 1079 1527 1526
f 1526 1527 1528
f 1093 1529 1094
f 1094 1529 1528
f 1111 1530 1112
f 1112 1530 1531
f 1532 1533 1105
f 1105 1533 1123
f 934 937 1139
f 1139 937 1140
f 1138 1363 1139
f 1139 1363 1362
f 1534 1222 1355
f 1355 1222 1278
f 1535 1223 1534
f 1534 1223 1222
f 821 587 1238
f 1238 587 586
f 1319 711 1317
f 1317 711 1536
f 1538 1200 1537
f 1537 1200 1199
f 1508 1417 1539
f 1539 1417 1416
f 1540 1541 840
f 840 1541 837
f 1231 898 871
f 871 898 901
f 1500 1275 1367
f 1367 1275 912
f 1543 1379 1542
f 1542 1379 1395
f 1539 772 1508
f 1508 772 1544
f 1546 1403 1545
f 1545 1403 1402
f 1548 1549 1547
f 1547 1549 1550
f 1552 1548 1551
f 1551 1548 1547
f 1554 1555 1553
f 1553 1555 1556
f 1558 1559 1557
f 1557 1559 1560
f 1562 1563 1561
f 1561 1563 1564
f 1566 1567 1565
f 1565 1567 1568
f 1570 1571 1569
f 1569 1571 1572
f 1574 1575 1573
f 1573 1575 1576
f 1577 1578 1572
f 1572 1578 1569
f 1580 1581 1579
f 1579 1581 1582
f 1584 1585 1583
f 1583 1585 1586
f 1588 1555 1587
f 1587 1555 1589
f 1591 1592 1590
f 1590 1592 1593
f 1595 1596 1594
f 1594 1596 1597
f 1596 1581 1597
f 1597 1581 1576
f 1599 1570 1598
f 1598 1570 1569
f 1601 1602 1600
f 1600 1602 1603
f 1605 1606 1604
f 1604 1606 1607
f 1608 1609 1568
f 1568 1609 1565
f 1611 1612 1610
f 1610 1612 1613
f 1615 1616 1614
f 1614 1616 1617
f 1619 1617 1618
f 1618 1617 1616
f 1621 1622 1620
f 1620 1622 1623
f 1625 1626 1624
f 1624 1626 1627
f 1629 1630 1628
f 1628 1630 1631
f 1633 1634 1632
f 1632 1634 1635
f 1636 1637 1639
f 1639 1637 1638
f 1641 1642 1640
f 1640 1642 1643
f 1624 1627 1644
f 1644 1627 1645
f 1647 1648 1646
f 1646 1648 1649
f 1651 1652 1650
f 1650 1652 1653
f 1655 1656 1654
f 1654 1656 1657
f 1659 1660 1658
f 1658 1660 1661
f 1662 1663 1631
f 1631 1663 1628
f 1651 1665 1664
f 1664 1665 1666
f 1667 1656 1619
f 1619 1656 1617
f 1669 1670 1668
f 1668 1670 1671
f 1632 1635 1672
f 1672 1635 1673
f 1674 1675 1638
f 1638 1675 1639
f 1677 1678 1676
f 1676 1678 1679
f 1680 1640 1681
f 1681 1640 1643
f 1682 1683 1643
f 1643 1683 1681
f 1670 1669 1235
f 1235 1669 1232
f 1396 1399 1674
f 1674 1399 1675
f 627 630 1679
f 1679 630 1676
f 1681 1315 1680
f 1680 1315 1311
f 1683 1377 1681
f 1681 1377 1315
f 1672 1673 1387
f 1387 1673 1385
f 1636 1684 1646
f 1646 1684 1685
f 1687 1688 1686
f 1686 1688 1689
f 1585 1690 1586
f 1586 1690 1691
f 1599 1692 1551
f 1551 1692 1693
f 1552 1558 1694
f 1694 1558 1557
f 1696 1615 1695
f 1695 1615 1614
f 1698 1699 1697
f 1697 1699 1623
f 1700 1701 1703
f 1703 1701 1702
f 1705 1706 1704
f 1704 1706 1707
f 1708 1709 1640
f 1640 1709 1641
f 1710 1711 1713
f 1713 1711 1712
f 1652 1655 1653
f 1653 1655 1654
f 1714 1699 1712
f 1712 1699 1713
f 1715 1710 1716
f 1716 1710 1713
f 1717 1708 1680
f 1680 1708 1640
f 1393 1392 1715
f 1715 1392 1710
f 1719 1720 1718
f 1718 1720 1721
f 1680 1311 1717
f 1717 1311 789
f 1378 1711 1392
f 1392 1711 1710
f 1388 1391 1719
f 1719 1391 1720
f 1723 1606 1722
f 1722 1606 1689
f 1725 1568 1724
f 1724 1568 1567
f 1726 1647 1685
f 1685 1647 1646
f 1728 1554 1727
f 1727 1554 1553
f 1591 1687 1600
f 1600 1687 1686
f 1730 1595 1729
f 1729 1595 1594
f 1601 1605 1731
f 1731 1605 1604
f 1733 1663 1732
f 1732 1663 1734
f 1736 1639 1735
f 1735 1639 1675
f 1658 1644 1737
f 1737 1644 1645
f 1726 1662 1724
f 1724 1662 1631
f 1399 1738 1675
f 1675 1738 1735
f 1621 1667 1739
f 1739 1667 1619
f 1714 1740 1620
f 1620 1740 1741
f 1592 1549 1593
f 1593 1549 1742
f 1602 1571 1603
f 1603 1571 1550
f 1688 1690 1689
f 1689 1690 1722
f 1588 1559 1582
f 1582 1559 1579
f 1673 1735 1385
f 1385 1735 1738
f 1387 1232 1672
f 1672 1232 1669
f 1580 1692 1573
f 1573 1692 1743
f 1377 1683 1378
f 1378 1683 1711
f 1664 1666 1744
f 1744 1666 1745
f 1744 1696 1664
f 1664 1696 1695
f 1746 1747 1732
f 1732 1747 1748
f 1749 1750 1677
f 1677 1750 1678
f 1709 1708 1750
f 1750 1708 1678
f 1668 1632 1669
f 1669 1632 1672
f 1633 1746 1734
f 1734 1746 1732
f 1679 1678 1717
f 1717 1678 1708
f 789 627 1717
f 1717 627 1679
f 1563 1723 1564
f 1564 1723 1722
f 1728 1584 1751
f 1751 1584 1583
f 1674 1676 1396
f 1396 1676 630
f 1666 1566 1745
f 1745 1566 1565
f 1627 1629 1645
f 1645 1629 1628
f 1637 1749 1638
f 1638 1749 1677
f 1648 1665 1649
f 1649 1665 1752
f 1740 1642 1741
f 1741 1642 1657
f 1676 1674 1677
f 1677 1674 1638
f 1683 1682 1711
f 1711 1682 1712
f 1618 1753 1619
f 1619 1753 1739
f 1701 1739 1702
f 1702 1739 1753
f 1754 1214 1756
f 1756 1214 1755
f 647 1757 619
f 619 1757 941
f 1759 1193 1758
f 1758 1193 691
f 1419 1760 1420
f 1420 1760 1761
f 682 1762 683
f 683 1762 1763
f 1412 780 1413
f 1413 780 1384
f 1383 1398 1384
f 1384 1398 1413
f 1197 1424 1764
f 1764 1424 1423
f 1537 1287 1538
f 1538 1287 1286
f 1634 1684 1635
f 1635 1684 1736
f 1724 1631 1725
f 1725 1631 1630
f 1562 1730 1610
f 1610 1730 1729
f 1735 1673 1736
f 1736 1673 1635
f 1757 1195 941
f 941 1195 1194
f 1766 200 1765
f 1765 200 199
f 475 500 476
f 476 500 479
f 498 558 483
f 483 558 487
f 545 551 546
f 546 551 550
f 453 1281 219
f 219 1281 1314
f 298 453 208
f 208 453 219
f 368 1765 1767
f 1767 1765 199
f 523 405 363
f 363 405 404
f 523 533 405
f 405 533 402
f 298 208 299
f 299 208 207
f 299 207 176
f 176 207 300
f 176 300 173
f 173 300 202
f 173 202 174
f 174 202 201
f 1337 918 1768
f 1768 918 1336
f 1769 1770 1338
f 1338 1770 859
f 581 570 578
f 578 570 1771
f 555 562 580
f 580 562 561
f 504 1772 501
f 501 1772 548
f 517 542 584
f 584 542 543
f 515 514 516
f 516 514 544
f 542 517 544
f 544 517 516
f 561 575 580
f 580 575 581
f 575 569 581
f 581 569 570
f 501 548 1773
f 1773 548 547
f 1774 1775 570
f 570 1775 1771
f 369 368 1776
f 1776 368 1767
f 372 369 375
f 375 369 1776
f 822 1280 1308
f 1308 1280 1320
f 820 1281 822
f 822 1281 1280
f 818 1314 820
f 820 1314 1281
f 1314 818 1313
f 1313 818 804
f 807 814 825
f 825 814 826
f 814 813 826
f 826 813 827
f 813 1220 827
f 827 1220 828
f 580 579 555
f 555 579 547
f 1477 1540 872
f 872 1540 840
f 367 499 368
f 368 499 1765
f 1766 1765 525
f 525 1765 499
f 1777 1766 526
f 526 1766 525
f 520 527 362
f 362 527 384
f 361 1778 519
f 519 1778 528
f 371 1779 372
f 372 1779 369
f 369 1779 370
f 370 1779 478
f 1779 371 478
f 478 371 374
f 1778 1777 528
f 528 1777 526
f 1781 1782 1780
f 1780 1782 1783
f 431 460 67
f 67 460 64
f 68 338 74
f 74 338 72
f 1785 1782 1784
f 1784 1782 1786
f 1787 1788 1790
f 1790 1788 1789
f 1792 1789 1791
f 1791 1789 1793
f 1791 1794 1792
f 1792 1794 1795
f 1794 1796 1795
f 1795 1796 1797
f 1797 1798 938
f 938 1798 868
f 1798 1799 868
f 868 1799 869
f 1801 1802 1800
f 1800 1802 1451
f 1803 1804 1205
f 1205 1804 1206
f 1805 1806 864
f 864 1806 865
f 1806 1807 865
f 865 1807 1808
f 68 71 338
f 287 328 288
f 1320 1321 1308
f 1308 1321 1309
f 1320 441 1321
f 1321 441 217
f 441 152 217
f 217 152 218
f 151 286 152
f 152 286 218
f 297 310 151
f 151 310 286
f 296 307 297
f 297 307 310
f 296 143 307
f 307 143 284
f 143 56 284
f 284 56 104
f 56 59 104
f 104 59 63
f 59 102 63
f 63 102 60
f 102 94 60
f 60 94 282
f 93 459 279
f 279 459 77
f 459 460 77
f 77 460 78
f 460 431 78
f 78 431 295
f 431 49 295
f 295 49 292
f 48 421 49
f 49 421 292
f 276 278 418
f 418 278 429
f 317 432 278
f 278 432 429
f 432 317 433
f 433 317 316
f 326 324 316
f 316 324 433
f 1536 592 1809
f 1809 592 591
f 1810 744 1812
f 1812 744 1811
f 1814 1815 1813
f 1813 1815 1816
f 1817 748 1818
f 1818 748 747
f 1812 1819 1810
f 1810 1819 1817
f 1820 1821 748
f 748 1821 749
f 1823 1824 1822
f 1822 1824 1825
f 1827 1828 1826
f 1826 1828 1829
f 1831 1832 1830
f 1830 1832 1833
f 1834 1827 1243
f 1243 1827 1826
f 1313 804 825
f 825 804 807
f 1835 1253 1236
f 1236 1253 1237
f 1836 1837 1438
f 1438 1837 1435
f 1838 1505 1840
f 1840 1505 1839
f 1841 1842 716
f 716 1842 713
f 1843 1844 1510
f 1510 1844 1845
f 1847 1848 1846
f 1846 1848 1849
f 1850 1240 1822
f 1822 1240 1239
f 636 1831 637
f 637 1831 1830
f 1852 1853 1851
f 1851 1853 1854
f 1855 1856 1858
f 1858 1856 1857
f 1846 1849 1859
f 1859 1849 1860
f 1343 1401 1509
f 1509 1401 1861
f 1509 1861 635
f 635 1861 636
f 1863 1864 1862
f 1862 1864 1865
f 1283 1503 1867
f 1867 1503 1866
f 1868 1867 681
f 681 1867 682
f 1286 1285 683
f 683 1285 684
f 757 756 1274
f 1274 756 1869
f 1274 1869 717
f 717 1869 718
f 1434 1433 719
f 719 1433 720
f 1200 1538 1545
f 1545 1538 1763
f 1285 1289 684
f 684 1289 1273
f 684 1273 681
f 681 1273 1272
f 785 1283 1868
f 1868 1283 1867
f 786 785 1870
f 1870 785 1868
f 1289 757 1273
f 1273 757 1274
f 1539 1416 1871
f 1871 1416 1872
f 773 1871 1403
f 1403 1871 1404
f 675 674 1405
f 1405 674 1402
f 1864 1873 1865
f 1865 1873 1874
f 638 1843 635
f 635 1843 1510
f 1344 1343 1511
f 1511 1343 1509
f 772 1539 773
f 773 1539 1871
f 674 1200 1402
f 1402 1200 1545
f 1538 1286 1763
f 1763 1286 683
f 1444 1443 1875
f 1875 1443 1876
f 1875 1876 1831
f 1831 1876 1832
f 1416 1344 1872
f 1872 1344 1511
f 1877 1878 774
f 774 1878 1879
f 1878 1847 1879
f 1879 1847 1846
f 1880 714 1881
f 1881 714 1848
f 1401 1444 1861
f 1861 1444 1875
f 1861 1875 636
f 636 1875 1831
f 1823 1863 1882
f 1882 1863 1862
f 1441 1440 1884
f 1884 1440 1883
f 1883 1852 1884
f 1884 1852 1851
f 1886 1887 1885
f 1885 1887 1888
f 1358 1889 1359
f 1359 1889 1890
f 1891 1886 1892
f 1892 1886 1885
f 774 1879 775
f 775 1879 1893
f 1859 1893 1846
f 1846 1893 1879
f 713 1842 1849
f 1849 1842 1860
f 1318 1895 1894
f 1894 1895 1896
f 1873 1897 1874
f 1874 1897 1898
f 1898 605 1899
f 1899 605 675
f 1405 1844 675
f 675 1844 1899
f 1404 1845 1405
f 1405 1845 1844
f 593 1296 591
f 591 1296 1809
f 1295 1292 1900
f 1900 1292 1895
f 606 1897 1291
f 1291 1897 1896
f 1510 1845 1511
f 1511 1845 1872
f 1871 1872 1404
f 1404 1872 1845
f 1866 770 1762
f 1762 770 1546
f 1762 682 1866
f 1866 682 1867
f 1870 1868 1272
f 1272 1868 681
f 1272 717 1870
f 1870 717 720
f 1870 720 786
f 786 720 1433
f 786 1433 787
f 787 1433 1432
f 1261 1414 1432
f 1432 1414 787
f 1389 1234 1260
f 1260 1234 1415
f 1719 1670 1388
f 1388 1670 1235
f 1718 1671 1719
f 1719 1671 1670
f 1705 1747 1718
f 1718 1747 1671
f 1659 1901 1704
f 1704 1901 1748
f 1877 1903 1902
f 1902 1903 1904
f 1259 1905 1390
f 1390 1905 1394
f 1715 1720 1393
f 1393 1720 1391
f 1716 1721 1715
f 1715 1721 1720
f 1698 1706 1716
f 1716 1706 1721
f 277 276 47
f 47 276 48
f 84 96 81
f 81 96 82
f 80 70 81
f 81 70 85
f 99 97 88
f 88 97 89
f 90 100 88
f 88 100 99
f 101 95 102
f 102 95 94
f 1906 1907 280
f 280 1907 281
f 97 86 89
f 89 86 85
f 60 282 61
f 61 282 281
f 83 82 46
f 46 82 47
f 293 292 420
f 420 292 421
f 419 1908 420
f 420 1908 1909
f 92 95 91
f 91 95 90
f 279 282 93
f 93 282 94
f 276 418 48
f 48 418 421
f 1910 1660 1697
f 1697 1660 1707
f 1703 1624 1700
f 1700 1624 1644
f 1622 1910 1623
f 1623 1910 1697
f 1701 1700 1911
f 1911 1700 1661
f 1700 1644 1661
f 1661 1644 1658
f 1901 1737 1733
f 1733 1737 1645
f 1625 1912 1604
f 1604 1912 1731
f 1912 1913 1731
f 1731 1913 1914
f 1913 1577 1914
f 1914 1577 1572
f 1915 1578 1616
f 1616 1578 1618
f 1915 1916 1598
f 1598 1916 1743
f 1916 1574 1743
f 1743 1574 1573
f 1575 1917 1576
f 1576 1917 1597
f 1917 1609 1597
f 1597 1609 1594
f 1608 1611 1729
f 1729 1611 1610
f 1918 1612 1629
f 1629 1612 1630
f 1626 1918 1627
f 1627 1918 1629
f 1920 1921 1919
f 1919 1921 1922
f 1920 1924 1923
f 1923 1924 1925
f 1926 1927 1924
f 1924 1927 1925
f 1929 1930 1928
f 1928 1930 1931
f 1932 1933 1935
f 1935 1933 1934
f 1937 1938 1936
f 1936 1938 1939
f 1941 1942 1940
f 1940 1942 1943
f 1941 1945 1944
f 1944 1945 1946
f 1947 1948 1694
f 1694 1948 1949
f 1950 1951 1953
f 1953 1951 1952
f 1955 1956 1954
f 1954 1956 1589
f 1958 1956 1957
f 1957 1956 1932
f 1960 1934 1959
f 1959 1934 1933
f 1962 1963 1961
f 1961 1963 1964
f 1965 1955 1751
f 1751 1955 1954
f 1935 1930 1932
f 1932 1930 1957
f 1951 1950 1926
f 1926 1950 1929
f 1966 1967 1593
f 1593 1967 1590
f 1969 1967 1968
f 1968 1967 1964
f 1962 1921 1970
f 1970 1921 1971
f 1963 1945 1964
f 1964 1945 1968
f 1972 1948 1922
f 1922 1948 1919
f 1966 1972 1961
f 1961 1972 1922
f 1958 1953 1587
f 1587 1953 1560
f 1974 1975 1973
f 1973 1975 1976
f 1978 1979 1977
f 1977 1979 1691
f 1979 1975 1691
f 1691 1975 1586
f 1938 1942 1939
f 1939 1942 1980
f 1952 1947 1557
f 1557 1947 1694
f 1969 1978 1981
f 1981 1978 1977
f 1983 1984 1982
f 1982 1984 1985
f 1986 1987 1989
f 1989 1987 1988
f 1990 1991 1983
f 1983 1991 1984
f 1990 1993 1992
f 1992 1993 1994
f 1995 1996 1994
f 1994 1996 1997
f 1999 2000 1998
f 1998 2000 2001
f 2003 2004 2002
f 2002 2004 2005
f 2007 2008 2006
f 2006 2008 2009
f 2011 2012 2010
f 2010 2012 2013
f 2014 2015 2017
f 2017 2015 2016
f 2018 2019 2021
f 2021 2019 2020
f 2022 1989 2024
f 2024 1989 2023
f 1989 1988 2023
f 2023 1988 2025
f 2026 2027 2017
f 2017 2027 2014
f 2029 2030 2028
f 2028 2030 2031
f 2033 2034 2032
f 2032 2034 2035
f 2032 2035 2036
f 2036 2035 2037
f 2039 2040 2038
f 2038 2040 2041
f 1982 2042 1983
f 1983 2042 2043
f 2045 2046 2044
f 2044 2046 2047
f 2049 2050 2048
f 2048 2050 2051
f 2053 2054 2052
f 2052 2054 2055
f 2057 2058 2056
f 2056 2058 2059
f 2060 2061 2033
f 2033 2061 2034
f 2063 2064 2062
f 2062 2064 2065
f 2066 2035 2067
f 2067 2035 2034
f 2069 2039 2068
f 2068 2039 2038
f 2025 2070 2023
f 2023 2070 2071
f 2072 2024 2071
f 2071 2024 2023
f 2074 2020 2073
f 2073 2020 2019
f 2050 2049 2047
f 2047 2049 2075
f 1983 2043 1990
f 1990 2043 1993
f 2006 2050 2007
f 2007 2050 2076
f 2050 2006 2051
f 2051 2006 2077
f 2079 2080 2078
f 2078 2080 2081
f 2082 2083 2085
f 2085 2083 2084
f 2010 2013 2086
f 2086 2013 2087
f 2089 2033 2088
f 2088 2033 2032
f 2090 2060 2089
f 2089 2060 2033
f 2092 2093 2091
f 2091 2093 2094
f 2096 1986 2095
f 2095 1986 2097
f 2097 1986 2022
f 2022 1986 1989
f 2015 2094 2016
f 2016 2094 2098
f 2016 2098 2100
f 2100 2098 2099
f 2017 2016 2101
f 2101 2016 2100
f 2017 2101 2026
f 2026 2101 2102
f 2100 2099 2104
f 2104 2099 2103
f 2104 2105 2100
f 2100 2105 2101
f 2105 2106 2101
f 2101 2106 2102
f 2108 2061 2107
f 2107 2061 2109
f 2111 2112 2110
f 2110 2112 2020
f 2020 2074 2110
f 2110 2074 2113
f 2115 2116 2114
f 2114 2116 2117
f 2118 2119 1995
f 1995 2119 2120
f 2121 2122 2027
f 2027 2122 2014
f 2047 2075 2044
f 2044 2075 2123
f 2124 2125 2127
f 2127 2125 2126
f 2129 2130 2128
f 2128 2130 2131
f 2132 2133 2057
f 2057 2133 2058
f 2134 1999 2136
f 2136 1999 2135
f 2055 2138 2137
f 2137 2138 2139
f 2141 2142 2140
f 2140 2142 2143
f 2083 2082 2064
f 2064 2082 2065
f 2082 2144 2065
f 2065 2144 2145
f 2040 2146 2041
f 2041 2146 2147
f 2060 2090 2148
f 2148 2090 2149
f 2048 2051 2137
f 2137 2051 2150
f 2151 1997 2135
f 2135 1997 1996
f 2152 2150 2077
f 2077 2150 2051
f 2046 2045 2118
f 2118 2045 2119
f 2154 2155 2153
f 2153 2155 2156
f 2158 2159 2157
f 2157 2159 2160
f 2162 2163 2161
f 2161 2163 2164
f 2164 2163 2165
f 2165 2163 2166
f 2168 2169 2167
f 2167 2169 2170
f 2003 2172 2171
f 2171 2172 2173
f 2174 2175 2002
f 2002 2175 2176
f 2145 2177 2065
f 2065 2177 2062
f 2178 2179 2180
f 2180 2179 2134
f 2181 2052 2152
f 2152 2052 2150
f 2040 2127 2146
f 2146 2127 2182
f 2130 2162 2131
f 2131 2162 2161
f 2052 2055 2150
f 2150 2055 2137
f 2184 2185 2183
f 2183 2185 2186
f 2159 2030 2160
f 2160 2030 2187
f 2146 2182 2029
f 2029 2182 2188
f 2189 2190 2192
f 2192 2190 2191
f 2172 2003 2176
f 2176 2003 2002
f 1998 2151 1999
f 1999 2151 2135
f 2177 2172 2062
f 2062 2172 2176
f 2172 2177 2173
f 2173 2177 2193
f 2063 2194 2064
f 2064 2194 2195
f 2066 2197 2196
f 2196 2197 2198
f 2002 2005 2174
f 2174 2005 2199
f 2004 2003 2200
f 2200 2003 2171
f 2198 2201 2171
f 2171 2201 2200
f 2197 2202 2198
f 2198 2202 2201
f 2202 2197 2203
f 2203 2197 2204
f 2196 2198 2173
f 2173 2198 2171
f 2205 2069 2170
f 2170 2069 2206
f 2197 2066 2204
f 2204 2066 2067
f 2107 2207 2108
f 2108 2207 2208
f 2210 2208 2209
f 2209 2208 2207
f 2185 2211 2212
f 2213 2214 2211
f 2211 2214 2212
f 1998 2001 2213
f 2213 2001 2214
f 2134 2215 1999
f 1999 2215 2000
f 2216 2217 2219
f 2219 2217 2218
f 2206 2220 2170
f 2170 2220 2167
f 2069 2068 2206
f 2206 2068 2221
f 2151 1998 2222
f 2222 1998 2213
f 2124 2039 2205
f 2205 2039 2069
f 2142 2223 2143
f 2143 2223 2128
f 2203 2186 2202
f 2202 2186 2185
f 2185 2184 2211
f 2211 2184 2224
f 2224 2225 2222
f 2222 2225 2226
f 2071 2227 2072
f 2072 2227 2228
f 2229 2074 2230
f 2230 2074 2073
f 2074 2229 2113
f 2113 2229 2231
f 2232 2225 2227
f 2227 2225 2224
f 2233 2234 2031
f 2031 2234 2028
f 2236 2231 2235
f 2235 2231 2229
f 2230 2183 2229
f 2229 2183 2235
f 2237 1987 2096
f 2096 1987 1986
f 2152 2238 2181
f 2181 2238 2239
f 2080 2240 2081
f 2081 2240 2241
f 2236 2242 1971
f 1971 2242 1970
f 1925 2113 1923
f 1923 2113 2231
f 2110 1927 2111
f 2111 1927 1928
f 2103 2111 1931
f 1931 2111 1928
f 1931 2243 2103
f 2103 2243 2104
f 2105 2104 2244
f 2244 2104 2243
f 1939 1980 2148
f 2148 1980 2109
f 1980 1944 2109
f 2109 1944 2107
f 1946 2245 2207
f 2207 2245 2209
f 2245 1970 2209
f 2209 1970 2242
f 2231 2236 1923
f 1923 2236 1971
f 2113 1925 2110
f 2110 1925 1927
f 2234 2246 2028
f 2028 2246 2147
f 2247 2248 2058
f 2058 2248 2059
f 2114 2117 2249
f 2249 2117 2250
f 2252 2253 2251
f 2251 2253 2254
f 2094 2015 2091
f 2091 2015 2255
f 2256 2255 2014
f 2014 2255 2015
f 2257 2145 2258
f 2258 2145 2144
f 2131 2161 2123
f 2123 2161 2044
f 2045 2044 2164
f 2164 2044 2161
f 2045 2164 2119
f 2119 2164 2165
f 2259 2120 2165
f 2165 2120 2119
f 2260 2261 2259
f 2259 2261 2120
f 2205 2262 2124
f 2124 2262 2125
f 2180 2263 2178
f 2178 2263 2264
f 2265 2266 2092
f 2092 2266 2093
f 1992 2267 2268
f 2184 2228 2224
f 2224 2228 2227
f 2048 2269 2049
f 2049 2269 2141
f 2129 2168 2157
f 2157 2168 2167
f 2049 2141 2075
f 2075 2141 2140
f 2199 2215 2270
f 2270 2215 2271
f 2142 2141 2272
f 2272 2141 2269
f 2089 2026 2090
f 2090 2026 2102
f 2146 2029 2147
f 2147 2029 2028
f 2111 2103 2112
f 2112 2103 2099
f 2061 2060 2109
f 2109 2060 2148
f 2273 2274 2041
f 2041 2274 2038
f 2260 2275 2261
f 2261 2275 2136
f 2057 2138 2132
f 2132 2138 2276
f 2272 2269 2056
f 2056 2269 2139
f 2277 2278 2270
f 2270 2278 2199
f 2029 2188 2030
f 2030 2188 2187
f 2040 2039 2127
f 2127 2039 2124
f 2064 2195 2083
f 2083 2195 2279
f 2056 2139 2057
f 2057 2139 2138
f 2278 2277 2247
f 2247 2277 2248
f 2062 2176 2063
f 2063 2176 2175
f 2280 2210 2242
f 2242 2210 2209
f 2282 2233 2281
f 2281 2233 2031
f 2216 2219 2283
f 2283 2219 2221
f 2158 2220 2218
f 2218 2220 2219
f 2217 2282 2218
f 2218 2282 2281
f 2220 2158 2167
f 2167 2158 2157
f 2223 2264 2128
f 2128 2264 2263
f 2261 1996 2120
f 2120 1996 1995
f 2213 2211 2222
f 2222 2211 2224
f 2283 2221 2284
f 2284 2221 2068
f 2135 1996 2136
f 2136 1996 2261
f 2144 2081 2258
f 2258 2081 2241
f 2235 2280 2236
f 2236 2280 2242
f 2246 2273 2147
f 2147 2273 2041
f 2036 2285 2032
f 2032 2285 2088
f 2077 2286 2152
f 2152 2286 2238
f 1937 1960 1973
f 1973 1960 1959
f 2070 2232 2071
f 2071 2232 2227
f 2244 2287 2105
f 2105 2287 2106
f 1936 1939 2149
f 2149 1939 2148
f 1944 1946 2107
f 2107 1946 2207
f 2285 2121 2088
f 2088 2121 2027
f 2253 2249 2254
f 2254 2249 2250
f 2006 2009 2077
f 2077 2009 2286
f 2289 2086 2288
f 2288 2086 2087
f 2223 2142 2290
f 2290 2142 2272
f 2128 2131 2143
f 2143 2131 2123
f 2156 2291 2153
f 2153 2291 2175
f 2292 2293 2278
f 2278 2293 2294
f 2075 2140 2123
f 2123 2140 2143
f 2262 2169 2275
f 2275 2169 2180
f 2275 2180 2136
f 2136 2180 2134
f 2274 2284 2038
f 2038 2284 2068
f 2127 2126 2182
f 2182 2126 2166
f 2094 2093 2098
f 2098 2093 2021
f 2098 2021 2099
f 2099 2021 2112
f 2018 2021 2266
f 2266 2021 2093
f 2251 2289 2252
f 2252 2289 2288
f 1997 2151 2226
f 2226 2151 2222
f 2206 2221 2220
f 2220 2221 2219
f 2269 2048 2139
f 2139 2048 2137
f 2159 2158 2281
f 2281 2158 2218
f 2156 2155 2190
f 2190 2155 2191
f 1974 1965 1583
f 1583 1965 1751
f 2088 2027 2089
f 2089 2027 2026
f 2030 2159 2031
f 2031 2159 2281
f 2106 2149 2102
f 2102 2149 2090
f 2287 1936 2106
f 2106 1936 2149
f 2293 2154 2294
f 2294 2154 2153
f 2021 2020 2112
f 2247 2295 2278
f 2278 2295 2292
f 2284 2296 2283
f 2283 2296 2297
f 2298 2296 2274
f 2274 2296 2284
f 2273 2299 2274
f 2274 2299 2298
f 2246 2300 2273
f 2273 2300 2299
f 2283 2297 2216
f 2216 2297 2301
f 2216 2301 2217
f 2217 2301 2302
f 2302 2303 2217
f 2217 2303 2282
f 2304 2301 2305
f 2305 2301 2297
f 2307 2308 2306
f 2306 2308 2309
f 2306 2310 2307
f 2307 2310 2311
f 2307 2312 2308
f 2308 2312 2313
f 2314 2315 2312
f 2312 2315 2316
f 2316 2317 2312
f 2312 2317 2313
f 2317 2305 2313
f 2313 2305 2318
f 2314 2312 2311
f 2311 2312 2307
f 2319 2320 2322
f 2322 2320 2321
f 2322 2311 2319
f 2319 2311 2310
f 2313 2318 2308
f 2308 2318 2309
f 2296 2298 2318
f 2318 2298 2309
f 2309 2298 2323
f 2323 2298 2299
f 2306 2309 2324
f 2324 2309 2323
f 2310 2306 2325
f 2325 2306 2324
f 2296 2318 2297
f 2297 2318 2305
f 2319 2310 2326
f 2326 2310 2325
f 2328 2325 2327
f 2327 2325 2324
f 2325 2328 2326
f 2326 2328 2329
f 2331 2328 2330
f 2330 2328 2327
f 2332 2333 2327
f 2327 2333 2330
f 2328 2331 2329
f 2329 2331 2334
f 2324 2323 2327
f 2327 2323 2332
f 2300 2332 2299
f 2299 2332 2323
f 2326 2335 2319
f 2319 2335 2320
f 2305 2317 2336
f 2336 2317 2316
f 2336 2316 2337
f 2337 2316 2315
f 2338 2304 2336
f 2336 2304 2305
f 2337 2339 2336
f 2336 2339 2338
f 2337 2315 2341
f 2341 2315 2340
f 2342 2300 2234
f 2234 2300 2246
f 2303 2343 2282
f 2282 2343 2233
f 2234 2233 2342
f 2342 2233 2343
f 2342 2343 2333
f 2333 2343 2344
f 2333 2344 2330
f 2330 2344 2345
f 2346 2344 2303
f 2303 2344 2343
f 2332 2300 2333
f 2333 2300 2342
f 2347 2346 2302
f 2302 2346 2303
f 2301 2304 2302
f 2302 2304 2347
f 2304 2338 2347
f 2347 2338 2348
f 2348 2349 2347
f 2347 2349 2346
f 2350 2351 2348
f 2348 2351 2349
f 2349 2345 2346
f 2346 2345 2344
f 2345 2349 2352
f 2352 2349 2351
f 2338 2339 2348
f 2348 2339 2350
f 2350 2339 2353
f 2353 2339 2354
f 2356 2357 2355
f 2355 2357 2353
f 2351 2350 2357
f 2357 2350 2353
f 2353 2354 2355
f 2355 2354 2335
f 2320 2335 2341
f 2341 2335 2354
f 2339 2337 2354
f 2354 2337 2341
f 2352 2331 2345
f 2345 2331 2330
f 2356 2334 2352
f 2352 2334 2331
f 2356 2352 2357
f 2357 2352 2351
f 2355 2329 2356
f 2356 2329 2334
f 2335 2326 2355
f 2355 2326 2329
f 2321 2314 2322
f 2322 2314 2311
f 2321 2320 2340
f 2340 2320 2341
f 2315 2314 2340
f 2340 2314 2321
f 2125 2260 2126
f 2126 2260 2259
f 2157 2160 2129
f 2129 2160 2130
f 2188 2163 2187
f 2187 2163 2162
f 2182 2166 2188
f 2188 2166 2163
f 2180 2169 2263
f 2263 2169 2168
f 2160 2187 2130
f 2130 2187 2162
f 2275 2260 2262
f 2262 2260 2125
f 2128 2263 2129
f 2129 2263 2168
f 2262 2205 2169
f 2169 2205 2170
f 2165 2166 2259
f 2259 2166 2126
f 2359 2360 2358
f 2358 2360 2361
f 2363 2364 2362
f 2362 2364 2365
f 2367 2363 2366
f 2366 2363 2362
f 2368 2369 2371
f 2371 2369 2370
f 2372 2373 2248
f 2248 2373 2059
f 2364 2374 2365
f 2365 2374 2375
f 2377 2378 2376
f 2376 2378 2379
f 2290 2380 2223
f 2223 2380 2381
f 2223 2381 2264
f 2264 2381 2382
f 2384 2385 2383
f 2383 2385 2386
f 2364 2371 2374
f 2374 2371 2387
f 2059 2373 2290
f 2290 2373 2380
f 2378 2360 2379
f 2379 2360 2388
f 2374 2387 2359
f 2359 2387 2389
f 2390 2367 2386
f 2386 2367 2391
f 2393 2394 2392
f 2392 2394 2395
f 2386 2391 2383
f 2383 2391 2396
f 2367 2366 2391
f 2391 2366 2397
f 2363 2367 2368
f 2368 2367 2390
f 2398 2399 2361
f 2361 2399 2358
f 2399 2400 2358
f 2358 2400 2375
f 2390 2401 2368
f 2368 2401 2369
f 2372 2384 2376
f 2376 2384 2383
f 2374 2359 2375
f 2375 2359 2358
f 2402 2403 2365
f 2365 2403 2362
f 2359 2389 2360
f 2360 2389 2388
f 2364 2363 2371
f 2371 2363 2368
f 2405 2398 2404
f 2404 2398 2361
f 2392 2395 2406
f 2406 2395 2397
f 2377 2396 2394
f 2394 2396 2395
f 2394 2393 2404
f 2404 2393 2405
f 2396 2377 2383
f 2383 2377 2376
f 2406 2397 2407
f 2407 2397 2366
f 2400 2402 2375
f 2375 2402 2365
f 2385 2270 2401
f 2401 2270 2271
f 2403 2407 2362
f 2362 2407 2366
f 2371 2370 2387
f 2387 2370 2382
f 2391 2397 2396
f 2396 2397 2395
f 2378 2377 2404
f 2404 2377 2394
f 2360 2378 2361
f 2361 2378 2404
f 2407 2408 2406
f 2406 2408 2409
f 2410 2408 2403
f 2403 2408 2407
f 2411 2410 2402
f 2402 2410 2403
f 2412 2411 2400
f 2400 2411 2402
f 2406 2409 2392
f 2392 2409 2413
f 2392 2413 2393
f 2393 2413 2414
f 2415 2405 2414
f 2414 2405 2393
f 2416 2413 2417
f 2417 2413 2409
f 2419 2420 2418
f 2418 2420 2421
f 2420 2422 2421
f 2421 2422 2423
f 2420 2424 2422
f 2422 2424 2425
f 2426 2427 2424
f 2424 2427 2428
f 2428 2429 2424
f 2424 2429 2425
f 2426 2424 2419
f 2419 2424 2420
f 2419 2418 2431
f 2431 2418 2430
f 2425 2432 2422
f 2422 2432 2423
f 2408 2410 2432
f 2432 2410 2423
f 2423 2410 2433
f 2433 2410 2411
f 2421 2423 2434
f 2434 2423 2433
f 2435 2418 2434
f 2434 2418 2421
f 2429 2417 2425
f 2425 2417 2432
f 2408 2432 2409
f 2409 2432 2417
f 2418 2435 2430
f 2430 2435 2436
f 2438 2435 2437
f 2437 2435 2434
f 2435 2438 2436
f 2436 2438 2439
f 2441 2438 2440
f 2440 2438 2437
f 2442 2443 2437
f 2437 2443 2440
f 2439 2438 2444
f 2444 2438 2441
f 2433 2442 2434
f 2434 2442 2437
f 2412 2442 2411
f 2411 2442 2433
f 2436 2445 2430
f 2430 2445 2446
f 2430 2446 2431
f 2431 2446 2447
f 2417 2429 2448
f 2448 2429 2428
f 2427 2449 2428
f 2428 2449 2448
f 2450 2416 2448
f 2448 2416 2417
f 2451 2450 2449
f 2449 2450 2448
f 2427 2452 2449
f 2449 2452 2453
f 2447 2446 2452
f 2452 2446 2453
f 2454 2412 2399
f 2399 2412 2400
f 2415 2455 2405
f 2405 2455 2398
f 2399 2398 2454
f 2454 2398 2455
f 2454 2455 2443
f 2443 2455 2456
f 2443 2456 2440
f 2440 2456 2457
f 2458 2456 2415
f 2415 2456 2455
f 2443 2442 2454
f 2454 2442 2412
f 2459 2458 2414
f 2414 2458 2415
f 2413 2416 2414
f 2414 2416 2459
f 2459 2416 2460
f 2460 2416 2450
f 2460 2461 2459
f 2459 2461 2458
f 2462 2463 2460
f 2460 2463 2461
f 2461 2457 2458
f 2458 2457 2456
f 2457 2461 2464
f 2464 2461 2463
f 2451 2462 2450
f 2450 2462 2460
f 2462 2451 2465
f 2465 2451 2466
f 2468 2469 2467
f 2467 2469 2465
f 2463 2462 2469
f 2469 2462 2465
f 2465 2466 2467
f 2467 2466 2445
f 2446 2445 2453
f 2453 2445 2466
f 2451 2449 2466
f 2466 2449 2453
f 2464 2441 2457
f 2457 2441 2440
f 2468 2444 2464
f 2464 2444 2441
f 2468 2464 2469
f 2469 2464 2463
f 2467 2439 2468
f 2468 2439 2444
f 2445 2436 2467
f 2467 2436 2439
f 2447 2426 2431
f 2431 2426 2419
f 2427 2426 2452
f 2452 2426 2447
f 2369 2179 2370
f 2370 2179 2178
f 2376 2379 2372
f 2372 2379 2373
f 2389 2381 2388
f 2388 2381 2380
f 2387 2382 2389
f 2389 2382 2381
f 2270 2385 2277
f 2277 2385 2384
f 2379 2388 2373
f 2373 2388 2380
f 2401 2271 2369
f 2369 2271 2179
f 2248 2277 2372
f 2372 2277 2384
f 2401 2390 2385
f 2385 2390 2386
f 2264 2382 2178
f 2178 2382 2370
f 2215 2134 2271
f 2271 2134 2179
f 2005 2000 2199
f 2199 2000 2215
f 2004 2001 2005
f 2005 2001 2000
f 2200 2214 2004
f 2004 2214 2001
f 2470 2471 2473
f 2473 2471 2472
f 2475 2476 2474
f 2474 2476 2477
f 2479 2475 2478
f 2478 2475 2474
f 2481 2482 2480
f 2480 2482 2483
f 2476 2484 2477
f 2477 2484 2485
f 2487 2488 2486
f 2486 2488 2489
f 2133 2490 2058
f 2058 2490 2491
f 2058 2491 2247
f 2247 2491 2492
f 2494 2495 2493
f 2493 2495 2496
f 2476 2483 2484
f 2484 2483 2497
f 2472 2498 2488
f 2488 2498 2489
f 2484 2497 2471
f 2471 2497 2499
f 2500 2479 2496
f 2496 2479 2501
f 2502 2503 2505
f 2505 2503 2504
f 2496 2501 2493
f 2493 2501 2506
f 2479 2478 2501
f 2501 2478 2507
f 2475 2479 2480
f 2480 2479 2500
f 2508 2509 2473
f 2473 2509 2470
f 2509 2510 2470
f 2470 2510 2485
f 2511 2481 2500
f 2500 2481 2480
f 2512 2494 2486
f 2486 2494 2493
f 2485 2484 2470
f 2470 2484 2471
f 2513 2514 2477
f 2477 2514 2474
f 2471 2499 2472
f 2472 2499 2498
f 2476 2475 2483
f 2483 2475 2480
f 2516 2508 2515
f 2515 2508 2473
f 2502 2505 2517
f 2517 2505 2507
f 2504 2487 2505
f 2505 2487 2506
f 2503 2516 2504
f 2504 2516 2515
f 2506 2487 2493
f 2493 2487 2486
f 2517 2507 2518
f 2518 2507 2478
f 2510 2513 2485
f 2485 2513 2477
f 2511 2495 2293
f 2293 2495 2154
f 2514 2518 2474
f 2474 2518 2478
f 2483 2482 2497
f 2497 2482 2492
f 2501 2507 2506
f 2506 2507 2505
f 2488 2487 2515
f 2515 2487 2504
f 2472 2488 2473
f 2473 2488 2515
f 2518 2519 2517
f 2517 2519 2520
f 2521 2519 2514
f 2514 2519 2518
f 2522 2521 2513
f 2513 2521 2514
f 2523 2522 2510
f 2510 2522 2513
f 2517 2520 2502
f 2502 2520 2524
f 2502 2524 2503
f 2503 2524 2525
f 2525 2526 2503
f 2503 2526 2516
f 2527 2524 2528
f 2528 2524 2520
f 2530 2531 2529
f 2529 2531 2532
f 2531 2533 2532
f 2532 2533 2534
f 2531 2535 2533
f 2533 2535 2536
f 2537 2538 2535
f 2535 2538 2539
f 2539 2540 2535
f 2535 2540 2536
f 2537 2535 2530
f 2530 2535 2531
f 2529 2541 2530
f 2530 2541 2542
f 2543 2534 2536
f 2536 2534 2533
f 2519 2521 2543
f 2543 2521 2534
f 2534 2521 2544
f 2544 2521 2522
f 2532 2534 2545
f 2545 2534 2544
f 2529 2532 2546
f 2546 2532 2545
f 2536 2540 2543
f 2543 2540 2528
f 2519 2543 2520
f 2520 2543 2528
f 2541 2529 2547
f 2547 2529 2546
f 2548 2549 2545
f 2545 2549 2546
f 2549 2550 2546
f 2546 2550 2547
f 2551 2552 2548
f 2548 2552 2549
f 2548 2553 2551
f 2551 2553 2554
f 2550 2549 2555
f 2555 2549 2552
f 2545 2544 2548
f 2548 2544 2553
f 2523 2553 2522
f 2522 2553 2544
f 2547 2556 2541
f 2541 2556 2557
f 2541 2557 2542
f 2542 2557 2558
f 2528 2540 2559
f 2559 2540 2539
f 2538 2560 2539
f 2539 2560 2559
f 2561 2527 2559
f 2559 2527 2528
f 2560 2562 2559
f 2559 2562 2561
f 2560 2538 2564
f 2564 2538 2563
f 2558 2557 2563
f 2563 2557 2564
f 2565 2523 2509
f 2509 2523 2510
f 2526 2566 2516
f 2516 2566 2508
f 2509 2508 2565
f 2565 2508 2566
f 2565 2566 2554
f 2554 2566 2567
f 2554 2567 2551
f 2551 2567 2568
f 2569 2567 2526
f 2526 2567 2566
f 2553 2523 2554
f 2554 2523 2565
f 2570 2569 2525
f 2525 2569 2526
f 2524 2527 2525
f 2525 2527 2570
f 2527 2561 2570
f 2570 2561 2571
f 2571 2572 2570
f 2570 2572 2569
f 2573 2574 2571
f 2571 2574 2572
f 2572 2568 2569
f 2569 2568 2567
f 2568 2572 2575
f 2575 2572 2574
f 2562 2573 2561
f 2561 2573 2571
f 2573 2562 2576
f 2576 2562 2577
f 2579 2580 2578
f 2578 2580 2576
f 2574 2573 2580
f 2580 2573 2576
f 2576 2577 2578
f 2578 2577 2556
f 2557 2556 2564
f 2564 2556 2577
f 2562 2560 2577
f 2577 2560 2564
f 2575 2552 2568
f 2568 2552 2551
f 2579 2555 2575
f 2575 2555 2552
f 2579 2575 2580
f 2580 2575 2574
f 2550 2555 2578
f 2578 2555 2579
f 2556 2547 2578
f 2578 2547 2550
f 2558 2537 2542
f 2542 2537 2530
f 2538 2537 2563
f 2563 2537 2558
f 2292 2295 2481
f 2481 2295 2482
f 2486 2489 2512
f 2512 2489 2581
f 2499 2491 2498
f 2498 2491 2490
f 2497 2492 2499
f 2499 2492 2491
f 2155 2154 2494
f 2494 2154 2495
f 2581 2489 2490
f 2490 2489 2498
f 2293 2292 2511
f 2511 2292 2481
f 2191 2155 2512
f 2512 2155 2494
f 2500 2496 2511
f 2511 2496 2495
f 2247 2492 2295
f 2295 2492 2482
f 2583 2584 2582
f 2582 2584 2585
f 2587 2588 2586
f 2586 2588 2589
f 2591 2587 2590
f 2590 2587 2586
f 2593 2594 2592
f 2592 2594 2595
f 2596 2597 2599
f 2599 2597 2598
f 2588 2600 2589
f 2589 2600 2601
f 2602 2603 2605
f 2605 2603 2604
f 2606 2607 2609
f 2609 2607 2608
f 2609 2608 2190
f 2190 2608 2610
f 2611 2612 2614
f 2614 2612 2613
f 2600 2588 2615
f 2615 2588 2595
f 2599 2598 2606
f 2606 2598 2607
f 2584 2616 2604
f 2604 2616 2605
f 2600 2615 2583
f 2583 2615 2617
f 2591 2619 2618
f 2618 2619 2614
f 2621 2622 2620
f 2620 2622 2623
f 2619 2624 2614
f 2614 2624 2611
f 2591 2590 2619
f 2619 2590 2625
f 2587 2591 2592
f 2592 2591 2618
f 2626 2627 2585
f 2585 2627 2582
f 2627 2628 2582
f 2582 2628 2601
f 2629 2593 2618
f 2618 2593 2592
f 2602 2597 2611
f 2611 2597 2612
f 2600 2583 2601
f 2601 2583 2582
f 2630 2631 2589
f 2589 2631 2586
f 2583 2617 2584
f 2584 2617 2616
f 2588 2587 2595
f 2595 2587 2592
f 2633 2626 2632
f 2632 2626 2585
f 2620 2623 2634
f 2634 2623 2625
f 2622 2603 2623
f 2623 2603 2624
f 2621 2633 2622
f 2622 2633 2632
f 2611 2624 2602
f 2602 2624 2603
f 2634 2625 2635
f 2635 2625 2590
f 2628 2630 2601
f 2601 2630 2589
f 2613 2195 2629
f 2629 2195 2194
f 2631 2635 2586
f 2586 2635 2590
f 2595 2594 2615
f 2615 2594 2610
f 2619 2625 2624
f 2624 2625 2623
f 2632 2604 2622
f 2622 2604 2603
f 2585 2584 2632
f 2632 2584 2604
f 2635 2636 2634
f 2634 2636 2637
f 2638 2636 2631
f 2631 2636 2635
f 2639 2638 2630
f 2630 2638 2631
f 2640 2639 2628
f 2628 2639 2630
f 2634 2637 2620
f 2620 2637 2641
f 2620 2641 2621
f 2621 2641 2642
f 2642 2643 2621
f 2621 2643 2633
f 2641 2637 2644
f 2644 2637 2645
f 2646 2647 2649
f 2649 2647 2648
f 2648 2650 2649
f 2649 2650 2651
f 2648 2652 2650
f 2650 2652 2653
f 2652 2654 2656
f 2656 2654 2655
f 2656 2657 2652
f 2652 2657 2653
f 2654 2652 2647
f 2647 2652 2648
f 2647 2646 2659
f 2659 2646 2658
f 2660 2651 2653
f 2653 2651 2650
f 2636 2638 2660
f 2660 2638 2651
f 2651 2638 2661
f 2661 2638 2639
f 2651 2661 2649
f 2649 2661 2662
f 2663 2646 2662
f 2662 2646 2649
f 2653 2657 2660
f 2660 2657 2645
f 2636 2660 2637
f 2637 2660 2645
f 2646 2663 2658
f 2658 2663 2664
f 2665 2666 2662
f 2662 2666 2663
f 2666 2667 2663
f 2663 2667 2664
f 2668 2669 2665
f 2665 2669 2666
f 2665 2670 2668
f 2668 2670 2671
f 2667 2666 2672
f 2672 2666 2669
f 2662 2661 2665
f 2665 2661 2670
f 2640 2670 2639
f 2639 2670 2661
f 2673 2674 2664
f 2664 2674 2658
f 2658 2674 2659
f 2659 2674 2675
f 2645 2657 2676
f 2676 2657 2656
f 2677 2676 2655
f 2655 2676 2656
f 2676 2678 2645
f 2645 2678 2644
f 2677 2679 2676
f 2676 2679 2678
f 2655 2680 2677
f 2677 2680 2681
f 2675 2674 2680
f 2680 2674 2681
f 2682 2640 2627
f 2627 2640 2628
f 2643 2683 2633
f 2633 2683 2626
f 2682 2627 2683
f 2683 2627 2626
f 2683 2684 2682
f 2682 2684 2671
f 2684 2685 2671
f 2671 2685 2668
f 2686 2684 2643
f 2643 2684 2683
f 2670 2640 2671
f 2671 2640 2682
f 2687 2686 2642
f 2642 2686 2643
f 2642 2641 2687
f 2687 2641 2644
f 2687 2644 2688
f 2688 2644 2678
f 2688 2689 2687
f 2687 2689 2686
f 2690 2691 2688
f 2688 2691 2689
f 2689 2685 2686
f 2686 2685 2684
f 2685 2689 2692
f 2692 2689 2691
f 2679 2690 2678
f 2678 2690 2688
f 2690 2679 2693
f 2693 2679 2694
f 2696 2697 2695
f 2695 2697 2693
f 2691 2690 2697
f 2697 2690 2693
f 2693 2694 2695
f 2695 2694 2673
f 2674 2673 2681
f 2681 2673 2694
f 2679 2677 2694
f 2694 2677 2681
f 2685 2692 2668
f 2668 2692 2669
f 2696 2672 2692
f 2692 2672 2669
f 2696 2692 2697
f 2697 2692 2691
f 2695 2667 2696
f 2696 2667 2672
f 2673 2664 2695
f 2695 2664 2667
f 2675 2654 2659
f 2659 2654 2647
f 2655 2654 2680
f 2680 2654 2675
f 2291 2156 2593
f 2593 2156 2594
f 2597 2602 2598
f 2598 2602 2605
f 2616 2617 2607
f 2607 2617 2608
f 2615 2610 2617
f 2617 2610 2608
f 2597 2596 2612
f 2612 2596 2698
f 2598 2605 2607
f 2607 2605 2616
f 2194 2291 2629
f 2629 2291 2593
f 2629 2618 2613
f 2613 2618 2614
f 2190 2610 2156
f 2156 2610 2594
f 2700 2010 2699
f 2699 2010 2086
f 2267 2701 2116
f 2116 2701 2702
f 2116 2702 2117
f 2117 2702 2703
f 2704 2705 2250
f 2250 2705 2254
f 2011 2706 2267
f 2267 2706 2701
f 2699 2086 2707
f 2707 2086 2289
f 2010 2700 2011
f 2011 2700 2706
f 2708 2707 2251
f 2251 2707 2289
f 2703 2704 2117
f 2117 2704 2250
f 2705 2708 2254
f 2254 2708 2251
f 2709 2710 2708
f 2708 2710 2707
f 2711 2709 2705
f 2705 2709 2708
f 2712 2711 2704
f 2704 2711 2705
f 2713 2712 2703
f 2703 2712 2704
f 2707 2710 2699
f 2699 2710 2714
f 2699 2714 2700
f 2700 2714 2715
f 2716 2706 2715
f 2715 2706 2700
f 2714 2710 2717
f 2717 2710 2718
f 2720 2721 2719
f 2719 2721 2722
f 2721 2723 2722
f 2722 2723 2724
f 2721 2725 2723
f 2723 2725 2726
f 2727 2728 2725
f 2725 2728 2726
f 2729 2725 2720
f 2720 2725 2721
f 2731 2729 2730
f 2730 2729 2720
f 2719 2732 2720
f 2720 2732 2730
f 2726 2733 2723
f 2723 2733 2724
f 2709 2711 2733
f 2733 2711 2724
f 2724 2711 2734
f 2734 2711 2712
f 2722 2724 2735
f 2735 2724 2734
f 2719 2722 2736
f 2736 2722 2735
f 2726 2728 2733
f 2733 2728 2718
f 2709 2733 2710
f 2710 2733 2718
f 2732 2719 2737
f 2737 2719 2736
f 2738 2739 2735
f 2735 2739 2736
f 2739 2740 2736
f 2736 2740 2737
f 2741 2742 2738
f 2738 2742 2739
f 2738 2743 2741
f 2741 2743 2744
f 2740 2739 2745
f 2745 2739 2742
f 2735 2734 2738
f 2738 2734 2743
f 2713 2743 2712
f 2712 2743 2734
f 2737 2746 2732
f 2732 2746 2747
f 2732 2747 2730
f 2730 2747 2731
f 2718 2728 2748
f 2748 2728 2727
f 2749 2750 2727
f 2727 2750 2748
f 2748 2751 2718
f 2718 2751 2717
f 2750 2752 2748
f 2748 2752 2751
f 2750 2749 2754
f 2754 2749 2753
f 2731 2747 2753
f 2753 2747 2754
f 2727 2725 2749
f 2749 2725 2729
f 2749 2729 2753
f 2753 2729 2731
f 2702 2755 2703
f 2703 2755 2713
f 2706 2716 2701
f 2701 2716 2756
f 2755 2702 2756
f 2756 2702 2701
f 2756 2757 2755
f 2755 2757 2744
f 2757 2758 2744
f 2744 2758 2741
f 2759 2757 2716
f 2716 2757 2756
f 2743 2713 2744
f 2744 2713 2755
f 2760 2759 2715
f 2715 2759 2716
f 2715 2714 2760
f 2760 2714 2717
f 2760 2717 2761
f 2761 2717 2751
f 2761 2762 2760
f 2760 2762 2759
f 2763 2764 2761
f 2761 2764 2762
f 2762 2758 2759
f 2759 2758 2757
f 2758 2762 2765
f 2765 2762 2764
f 2752 2763 2751
f 2751 2763 2761
f 2763 2752 2766
f 2766 2752 2767
f 2768 2769 2766
f 2766 2769 2770
f 2764 2763 2770
f 2770 2763 2766
f 2766 2767 2768
f 2768 2767 2746
f 2747 2746 2754
f 2754 2746 2767
f 2752 2750 2767
f 2767 2750 2754
f 2758 2765 2741
f 2741 2765 2742
f 2769 2745 2765
f 2765 2745 2742
f 2769 2765 2770
f 2770 2765 2764
f 2768 2740 2769
f 2769 2740 2745
f 2746 2737 2768
f 2768 2737 2740
f 2201 2212 2200
f 2200 2212 2214
f 2201 2202 2212
f 2212 2202 2185
f 2512 2581 2191
f 2191 2581 2192
f 2059 2290 2056
f 2056 2290 2272
f 2174 2199 2294
f 2294 2199 2278
f 2063 2175 2194
f 2194 2175 2291
f 2192 2581 2133
f 2133 2581 2490
f 2133 2132 2192
f 2192 2132 2189
f 2054 2276 2055
f 2055 2276 2138
f 2083 2279 2084
f 2084 2279 2771
f 2771 2279 2599
f 2599 2279 2596
f 2606 2772 2599
f 2599 2772 2771
f 2772 2773 2771
f 2771 2773 2084
f 2773 2774 2084
f 2084 2774 2085
f 2085 2775 2082
f 2082 2775 2144
f 2774 2078 2085
f 2085 2078 2775
f 2078 2774 2079
f 2079 2774 2776
f 2774 2773 2776
f 2776 2773 2777
f 2773 2772 2777
f 2777 2772 2778
f 2190 2189 2609
f 2609 2189 2778
f 2053 2052 2779
f 2779 2052 2181
f 2144 2775 2081
f 2081 2775 2078
f 2294 2153 2174
f 2174 2153 2175
f 2132 2276 2189
f 2189 2276 2778
f 2606 2609 2772
f 2772 2609 2778
f 2195 2613 2698
f 2698 2613 2612
f 2596 2279 2698
f 2698 2279 2195
f 2054 2777 2276
f 2276 2777 2778
f 2777 2054 2776
f 2776 2054 2053
f 2053 2779 2776
f 2776 2779 2079
f 2779 2181 2079
f 2079 2181 2080
f 2181 2239 2080
f 2080 2239 2240
f 2122 2256 2014
f 2042 1982 2076
f 2076 1982 2007
f 1982 1985 2007
f 2007 1985 2008
f 2095 2097 2265
f 2265 2097 2266
f 2076 2050 2042
f 2042 2050 2047
f 2046 2043 2047
f 2047 2043 2042
f 2118 1993 2046
f 2046 1993 2043
f 1995 1994 2118
f 2118 1994 1993
f 2267 1992 2011
f 2011 1992 2012
f 1997 2012 1994
f 1994 2012 1992
f 2226 2013 1997
f 1997 2013 2012
f 2225 2087 2226
f 2226 2087 2013
f 2225 2232 2087
f 2087 2232 2288
f 2232 2070 2288
f 2288 2070 2252
f 2070 2025 2252
f 2252 2025 2253
f 1988 2249 2025
f 2025 2249 2253
f 2116 2115 2267
f 2267 2115 2268
f 2096 1984 2237
f 2237 1984 1991
f 2095 1985 2096
f 2096 1985 1984
f 2265 2008 2095
f 2095 2008 1985
f 2092 2009 2265
f 2265 2009 2008
f 2091 2286 2092
f 2092 2286 2009
f 2255 2238 2091
f 2091 2238 2286
f 2256 2239 2255
f 2255 2239 2238
f 2122 2240 2256
f 2256 2240 2239
f 2121 2241 2122
f 2122 2241 2240
f 2022 2018 2097
f 2097 2018 2266
f 2022 2024 2018
f 2018 2024 2019
f 2024 2072 2019
f 2019 2072 2073
f 2072 2228 2073
f 2073 2228 2230
f 2228 2184 2230
f 2230 2184 2183
f 2121 2285 2241
f 2241 2285 2258
f 2285 2036 2258
f 2258 2036 2257
f 2177 2145 2193
f 2193 2145 2257
f 2173 2193 2196
f 2196 2193 2037
f 2036 2037 2257
f 2257 2037 2193
f 2196 2037 2066
f 2066 2037 2035
f 2061 2108 2034
f 2034 2108 2067
f 2108 2208 2067
f 2067 2208 2204
f 2208 2210 2204
f 2204 2210 2203
f 2210 2280 2203
f 2203 2280 2186
f 2183 2186 2235
f 2235 2186 2280
f 1987 2114 1988
f 1988 2114 2249
f 2237 2115 1987
f 1987 2115 2114
f 1991 2268 2237
f 2237 2268 2115
f 1991 1990 2268
f 2268 1990 1992
f 107 110 2781
f 2781 110 2780
f 117 2782 118
f 118 2782 2783
f 119 2784 120
f 120 2784 2785
f 125 2786 126
f 126 2786 2787
f 127 2788 128
f 128 2788 2789
f 127 132 2788
f 2788 132 2790
f 231 230 2792
f 2792 230 2791
f 118 2783 119
f 119 2783 2784
f 241 243 2794
f 2794 243 2793
f 2781 2795 107
f 107 2795 352
f 120 2785 437
f 437 2785 2796
f 126 2787 110
f 110 2787 2780
f 455 2797 456
f 456 2797 2798
f 128 2789 457
f 457 2789 2799
f 456 2798 117
f 117 2798 2782
f 2794 2797 241
f 241 2797 455
f 457 2799 125
f 125 2799 2786
f 132 231 2790
f 2790 231 2792
f 230 437 2791
f 2791 437 2796
f 2792 2789 2790
f 2790 2789 2788
f 2785 2784 2801
f 2801 2784 2800
f 2786 2802 2787
f 2787 2802 2803
f 2792 2791 2805
f 2805 2791 2804
f 2784 2783 2800
f 2800 2783 2806
f 2785 2801 2796
f 2796 2801 2807
f 2787 2803 2780
f 2780 2803 2808
f 2789 2809 2799
f 2799 2809 2810
f 2799 2810 2786
f 2786 2810 2802
f 2791 2796 2804
f 2804 2796 2807
f 2789 2792 2809
f 2809 2792 2805
f 2812 2797 2811
f 2811 2797 2794
f 2809 2805 2810
f 2810 2805 2804
f 2810 2804 2802
f 2802 2804 2807
f 2802 2807 2803
f 2803 2807 2801
f 2808 2803 2800
f 2800 2803 2801
f 2814 699 2813
f 2813 699 698
f 2808 2815 2780
f 2780 2815 2781
f 2817 2782 2816
f 2816 2782 2798
f 2815 2818 2781
f 2781 2818 2795
f 2797 2812 2798
f 2798 2812 2816
f 2783 2782 2806
f 2806 2782 2817
f 2800 2806 2808
f 2808 2806 2815
f 2794 2793 2811
f 2811 2793 2819
f 174 201 384
f 384 201 362
f 200 1766 390
f 390 1766 1777
f 1777 1778 390
f 390 1778 398
f 1778 361 398
f 398 361 222
f 2820 2821 628
f 628 2821 629
f 1406 2820 790
f 790 2820 628
f 794 1415 1233
f 1233 1415 1234
f 1406 790 1407
f 1407 790 1312
f 1407 1312 2822
f 2822 1312 1316
f 2823 1380 1543
f 1543 1380 1379
f 1385 1738 1382
f 1382 1738 1383
f 1381 791 1382
f 1382 791 1386
f 791 794 1386
f 1386 794 1233
f 1259 1390 1260
f 1260 1390 1389
f 1905 1542 1394
f 1394 1542 1395
f 1410 1413 1397
f 1397 1413 1398
f 2821 1410 629
f 629 1410 1397
f 2823 2822 1380
f 1380 2822 1316
f 1392 1395 1378
f 1378 1395 1379
f 1738 1399 1383
f 1383 1399 1398
f 1388 1235 1389
f 1389 1235 1234
f 1393 1391 1394
f 1394 1391 1390
f 1381 1384 779
f 779 1384 780
f 1282 788 792
f 792 788 793
f 1431 1262 1432
f 1432 1262 1261
f 1400 1342 1408
f 1408 1342 1409
f 1508 1544 1411
f 1411 1544 1412
f 788 787 793
f 793 787 1414
f 2821 2820 1429
f 1429 2820 1430
f 2822 2823 1506
f 1506 2823 1507
f 778 1282 779
f 779 1282 792
f 2820 1406 1430
f 1430 1406 1409
f 1410 2821 1411
f 1411 2821 1429
f 1407 2822 1408
f 1408 2822 1506
f 1544 781 1412
f 1412 781 780
f 1260 1415 1261
f 1261 1415 1414
f 1334 2824 923
f 923 2824 924
f 2826 1268 2825
f 2825 1268 1267
f 769 1212 2827
f 2827 1212 2828
f 1492 1190 1266
f 1266 1190 1267
f 1488 2829 1489
f 1489 2829 2830
f 922 1329 923
f 923 1329 1328
f 1484 2831 1485
f 1485 2831 2832
f 1482 2833 1485
f 1485 2833 1486
f 1324 1493 1489
f 1489 1493 1490
f 1265 1491 1266
f 1266 1491 1490
f 2835 2836 2834
f 2834 2836 2837
f 1250 2838 2827
f 2827 2838 2839
f 1488 1491 2840
f 2840 1491 2841
f 1268 2826 2842
f 2842 2826 2843
f 2844 2845 1495
f 1495 2845 1496
f 1427 2847 2846
f 2846 2847 926
f 2829 1488 2848
f 2848 1488 2840
f 1329 922 2849
f 2849 922 927
f 2850 2851 768
f 768 2851 1213
f 1265 1268 2852
f 2852 1268 2842
f 1491 1265 2841
f 2841 1265 2852
f 2854 2855 2853
f 2853 2855 2856
f 2855 2857 2856
f 2856 2857 598
f 2857 2858 598
f 598 2858 595
f 2858 2859 595
f 595 2859 626
f 649 652 2860
f 2860 652 2861
f 639 642 2862
f 2862 642 2863
f 2864 705 2862
f 2862 705 639
f 2865 1418 2864
f 2864 1418 705
f 2866 2867 2865
f 2865 2867 1418
f 1760 1348 1761
f 1761 1348 2867
f 1764 2868 1197
f 1197 2868 1198
f 2869 611 2868
f 2868 611 1198
f 2870 612 2869
f 2869 612 611
f 1352 1350 944
f 944 1350 688
f 1350 1256 688
f 688 1256 685
f 1256 1255 685
f 685 1255 692
f 1255 2871 692
f 692 2871 2872
f 701 2873 698
f 698 2873 2813
f 2872 1349 692
f 692 1349 693
f 1696 1744 1574
f 1574 1744 1575
f 1753 1618 1577
f 1577 1618 1578
f 1729 1594 1608
f 1608 1594 1609
f 1725 1630 1611
f 1611 1630 1612
f 1604 1607 1625
f 1625 1607 1626
f 1624 1703 1625
f 1625 1703 1912
f 1703 1702 1912
f 1912 1702 1913
f 1702 1753 1913
f 1913 1753 1577
f 1598 1569 1915
f 1915 1569 1578
f 1616 1615 1915
f 1915 1615 1916
f 1615 1696 1916
f 1916 1696 1574
f 1744 1745 1575
f 1575 1745 1917
f 1745 1565 1917
f 1917 1565 1609
f 1568 1725 1608
f 1608 1725 1611
f 2874 1613 1918
f 1918 1613 1612
f 1607 2874 1626
f 1626 2874 1918
f 1610 1613 1562
f 1562 1613 1563
f 1547 1550 1570
f 1570 1550 1571
f 1573 1576 1580
f 1580 1576 1581
f 1553 1556 1595
f 1595 1556 1596
f 1556 1582 1596
f 1596 1582 1581
f 1551 1547 1599
f 1599 1547 1570
f 1731 1914 1601
f 1601 1914 1602
f 1686 1689 1605
f 1605 1689 1606
f 1598 1743 1599
f 1599 1743 1692
f 2874 1607 1723
f 1723 1607 1606
f 1727 1553 1730
f 1730 1553 1595
f 1600 1686 1601
f 1601 1686 1605
f 1914 1572 1602
f 1602 1572 1571
f 1579 1693 1580
f 1580 1693 1692
f 1613 2874 1563
f 1563 2874 1723
f 1561 1727 1562
f 1562 1727 1730
f 1949 1742 1548
f 1548 1742 1549
f 1694 1949 1552
f 1552 1949 1548
f 1954 1589 1554
f 1554 1589 1555
f 1693 1579 1558
f 1558 1579 1559
f 1561 1564 1584
f 1584 1564 1585
f 1582 1556 1588
f 1588 1556 1555
f 1600 1603 1591
f 1591 1603 1592
f 1981 1977 1687
f 1687 1977 1688
f 1564 1722 1585
f 1585 1722 1690
f 1551 1693 1552
f 1552 1693 1558
f 1751 1954 1728
f 1728 1954 1554
f 1590 1981 1591
f 1591 1981 1687
f 1603 1550 1592
f 1592 1550 1549
f 1977 1691 1688
f 1688 1691 1690
f 1587 1560 1588
f 1588 1560 1559
f 1727 1561 1728
f 1728 1561 1584
f 2875 1919 1947
f 1947 1919 1948
f 1557 1560 1952
f 1952 1560 1953
f 1933 1932 1955
f 1955 1932 1956
f 1587 1589 1958
f 1958 1589 1956
f 1959 1933 1965
f 1965 1933 1955
f 1961 1964 1966
f 1966 1964 1967
f 1981 1590 1969
f 1969 1590 1967
f 1742 1949 1972
f 1972 1949 1948
f 1593 1742 1966
f 1966 1742 1972
f 1957 1950 1958
f 1958 1950 1953
f 1583 1586 1974
f 1974 1586 1975
f 1940 1943 1978
f 1978 1943 1979
f 1943 1976 1979
f 1979 1976 1975
f 1951 2875 1952
f 1952 2875 1947
f 1968 1940 1969
f 1969 1940 1978
f 1973 1959 1974
f 1974 1959 1965
f 1923 1971 1920
f 1920 1971 1921
f 1919 2875 1920
f 1920 2875 1924
f 2875 1951 1924
f 1924 1951 1926
f 1950 1957 1929
f 1929 1957 1930
f 2244 2243 1934
f 1934 2243 1935
f 1973 1976 1937
f 1937 1976 1938
f 1944 1980 1941
f 1941 1980 1942
f 1940 1968 1941
f 1941 1968 1945
f 2287 2244 1960
f 1960 2244 1934
f 1970 2245 1962
f 1962 2245 1963
f 2243 1931 1935
f 1935 1931 1930
f 1927 1926 1928
f 1928 1926 1929
f 1961 1922 1962
f 1962 1922 1921
f 2245 1946 1963
f 1963 1946 1945
f 1976 1943 1938
f 1938 1943 1942
f 1936 2287 1937
f 1937 2287 1960
f 743 1238 608
f 608 1238 609
f 607 1811 608
f 608 1811 744
f 1304 2876 1305
f 1305 2876 2877
f 586 585 1298
f 1298 585 1299
f 585 702 1299
f 1299 702 1300
f 702 1428 1300
f 1300 1428 1301
f 1238 586 609
f 609 586 1298
f 2878 2879 1218
f 1218 2879 2877
f 2880 2881 1812
f 1812 2881 1819
f 2883 1821 2882
f 2882 1821 1820
f 2840 2841 620
f 620 2841 621
f 2842 2843 795
f 795 2843 796
f 892 895 2844
f 2844 895 2845
f 2848 2840 942
f 942 2840 620
f 2849 927 1202
f 1202 927 1203
f 2852 2842 1270
f 1270 2842 795
f 2841 2852 621
f 621 2852 1270
f 941 1759 942
f 942 1759 2884
f 659 929 1427
f 1427 929 2847
f 1237 2851 751
f 751 2851 2850
f 1216 2885 1217
f 1217 2885 1754
f 2887 734 2886
f 2886 734 733
f 2889 1816 2888
f 2888 1816 1815
f 2890 1245 2889
f 2889 1245 1816
f 1824 2891 1825
f 1825 2891 1246
f 2892 2893 2895
f 2895 2893 2894
f 1854 1833 1851
f 1851 1833 1832
f 1851 1832 1884
f 1884 1832 1876
f 1884 1876 1441
f 1441 1876 1443
f 1441 1443 1442
f 1442 1443 1446
f 1442 1446 2896
f 2896 1446 1507
f 2897 2823 2898
f 2898 2823 1543
f 1542 2899 1543
f 1543 2899 2898
f 1542 1905 2899
f 2899 1905 2900
f 1905 1259 2900
f 2900 1259 2901
f 1262 1431 2902
f 2902 1431 1904
f 1431 1434 1904
f 1904 1434 1902
f 1902 1434 2903
f 2903 1434 719
f 2903 719 2904
f 2904 719 718
f 1869 1881 718
f 718 1881 2904
f 1881 1869 1880
f 1880 1869 756
f 1880 756 2905
f 2905 756 755
f 2905 755 2906
f 2906 755 758
f 762 2907 763
f 763 2907 2908
f 724 723 2909
f 2909 723 894
f 796 895 723
f 723 895 894
f 2843 2845 796
f 796 2845 895
f 2826 1496 2843
f 2843 1496 2845
f 2825 1497 2826
f 2826 1497 1496
f 1189 2836 2825
f 2825 2836 1497
f 797 891 798
f 798 891 2837
f 802 888 797
f 797 888 891
f 2910 2911 2913
f 2913 2911 2912
f 1780 1783 2915
f 2915 1783 2914
f 2916 2917 831
f 831 2917 832
f 2918 2919 845
f 845 2919 846
f 2920 2916 847
f 847 2916 831
f 2921 2922 857
f 857 2922 858
f 2923 2924 860
f 860 2924 861
f 2919 2912 846
f 846 2912 887
f 2925 2920 940
f 940 2920 847
f 2924 2926 861
f 861 2926 1204
f 2917 2918 832
f 832 2918 845
f 2927 2928 1449
f 1449 2928 1450
f 2929 2930 889
f 889 2930 2931
f 2896 1507 2897
f 2897 1507 2823
f 2902 2901 1262
f 1262 2901 1259
f 2932 2933 750
f 750 2933 1236
f 2933 2934 1236
f 1236 2934 1835
f 2936 2937 2935
f 2935 2937 2938
f 2940 2941 2939
f 2939 2941 2942
f 2943 2944 1841
f 1841 2944 1842
f 2945 1860 2944
f 2944 1860 1842
f 2945 2946 1860
f 1860 2946 1859
f 1889 2947 1890
f 1890 2947 1856
f 1856 2947 1857
f 1857 2947 2948
f 2950 709 2949
f 2949 709 1829
f 2952 730 2951
f 2951 730 729
f 2866 2953 2867
f 2867 2953 1761
f 2953 2954 1761
f 1761 2954 1420
f 2954 2955 1420
f 1420 2955 742
f 2955 2956 742
f 742 2956 739
f 2956 2957 739
f 739 2957 760
f 2957 2958 760
f 760 2958 761
f 2958 2959 761
f 761 2959 2960
f 2959 2961 2960
f 2960 2961 2962
f 2963 2964 1839
f 1839 2964 1840
f 2964 2965 1840
f 1840 2965 2942
f 2966 2950 2939
f 2939 2950 2949
f 2935 2967 2936
f 2936 2967 2968
f 2969 2970 736
f 736 2970 735
f 734 2887 1815
f 1815 2887 2888
f 2887 2882 2888
f 2888 2882 2881
f 1819 1820 1817
f 1817 1820 748
f 1195 1757 1197
f 1197 1757 1424
f 1757 647 1424
f 1424 647 646
f 647 648 646
f 646 648 643
f 648 1271 643
f 643 1271 737
f 1271 725 737
f 737 725 765
f 725 724 765
f 765 724 762
f 762 724 2907
f 2907 724 2909
f 1254 1437 2909
f 2909 1437 2907
f 1438 1253 1836
f 1836 1253 1835
f 1836 1835 2938
f 2938 1835 2934
f 2971 2972 2935
f 2935 2972 2967
f 897 896 2969
f 2969 896 2970
f 1815 1814 734
f 734 1814 731
f 728 1215 896
f 896 1215 732
f 2885 1216 733
f 733 1216 2886
f 1216 1219 2886
f 2886 1219 2883
f 2876 1304 1821
f 1821 1304 749
f 1304 1303 749
f 749 1303 746
f 1818 2973 1817
f 1817 2973 1810
f 747 2974 1818
f 1818 2974 2973
f 747 746 2974
f 2974 746 1303
f 2976 2977 2975
f 2975 2977 2978
f 2976 2979 2901
f 2901 2979 2900
f 2980 2981 2982
f 2982 2981 2979
f 2981 2980 2983
f 2983 2980 2984
f 2985 2897 2983
f 2983 2897 2898
f 2987 2988 2986
f 2986 2988 2985
f 2896 2988 1442
f 1442 2988 1439
f 1903 2977 1904
f 1904 2977 2902
f 1856 1855 1890
f 1890 1855 2989
f 2989 2990 1890
f 1890 2990 1359
f 2990 2991 1359
f 1359 2991 1356
f 2946 2992 1859
f 1859 2992 1893
f 2992 2993 1893
f 1893 2993 775
f 2993 2994 775
f 775 2994 776
f 2986 1356 2987
f 2987 1356 2991
f 2975 2978 776
f 776 2978 777
f 2982 2994 2980
f 2980 2994 2995
f 1357 2984 2995
f 2995 2984 2980
f 2995 2996 1357
f 1357 2996 1358
f 2996 2997 1358
f 1358 2997 1889
f 2998 2999 2932
f 2932 2999 2933
f 2999 2971 2933
f 2933 2971 2934
f 1837 1836 2937
f 2937 1836 2938
f 2943 1841 2941
f 2941 1841 1838
f 3001 2944 3000
f 3000 2944 2943
f 3001 3002 2944
f 2944 3002 2945
f 3002 3003 2945
f 2945 3003 2946
f 2997 3003 1889
f 1889 3003 2947
f 2947 3003 2948
f 2948 3003 3002
f 3001 3004 3002
f 3002 3004 2948
f 3000 3005 3001
f 3001 3005 3004
f 2940 3006 3000
f 3000 3006 3005
f 2999 3007 2971
f 2971 3007 2972
f 2998 2951 2999
f 2999 2951 3007
f 3008 2952 2998
f 2998 2952 2951
f 2966 2965 2936
f 2936 2965 2937
f 2935 2938 2971
f 2971 2938 2934
f 3003 2997 2946
f 2946 2997 2992
f 2997 2996 2992
f 2992 2996 2993
f 2996 2995 2993
f 2993 2995 2994
f 1356 2986 1357
f 1357 2986 2984
f 2982 2975 2994
f 2994 2975 776
f 1844 1843 1899
f 1899 1843 3009
f 1843 638 3009
f 3009 638 3010
f 638 637 3010
f 3010 637 3011
f 637 1830 3011
f 3011 1830 3012
f 1830 1833 3012
f 3012 1833 2894
f 1833 1854 2894
f 2894 1854 2895
f 1854 1853 2895
f 2895 1853 1888
f 1858 1857 1885
f 1885 1857 1892
f 1899 3009 1898
f 1898 3009 1874
f 3009 3010 1874
f 1874 3010 1865
f 3010 3011 1865
f 1865 3011 1862
f 3011 3012 1862
f 1862 3012 1882
f 3012 2894 1882
f 1882 2894 2893
f 1850 2890 782
f 782 2890 2889
f 783 2880 1811
f 1811 2880 1812
f 744 1810 745
f 745 1810 2973
f 745 2973 805
f 805 2973 806
f 2973 2974 806
f 806 2974 815
f 1303 812 2974
f 2974 812 815
f 1303 1302 812
f 812 1302 1221
f 1307 3013 1302
f 1302 3013 1221
f 1734 3014 1633
f 1633 3014 1634
f 1646 1649 1636
f 1636 1649 1637
f 1654 1657 1641
f 1641 1657 1642
f 1639 1736 1636
f 1636 1736 1684
f 1716 1713 1698
f 1698 1713 1699
f 1718 1721 1705
f 1705 1721 1706
f 1653 1654 1709
f 1709 1654 1641
f 1620 1623 1714
f 1714 1623 1699
f 1712 1682 1714
f 1714 1682 1740
f 1668 1671 1746
f 1746 1671 1747
f 1752 1650 1749
f 1749 1650 1750
f 1750 1650 1709
f 1709 1650 1653
f 1632 1668 1633
f 1633 1668 1746
f 1649 1752 1637
f 1637 1752 1749
f 1682 1643 1740
f 1740 1643 1642
f 3014 1685 1634
f 1634 1685 1684
f 1704 1748 1705
f 1705 1748 1747
f 1697 1707 1698
f 1698 1707 1706
f 1739 1701 1621
f 1621 1701 1622
f 1567 1566 1647
f 1647 1566 1648
f 1664 1695 1651
f 1651 1695 1652
f 1614 1617 1655
f 1655 1617 1656
f 1704 1707 1659
f 1659 1707 1660
f 3014 1734 1662
f 1662 1734 1663
f 1650 1752 1651
f 1651 1752 1665
f 1741 1657 1667
f 1667 1657 1656
f 1695 1614 1652
f 1652 1614 1655
f 1724 1567 1726
f 1726 1567 1647
f 1645 1628 1733
f 1733 1628 1663
f 1685 3014 1726
f 1726 3014 1662
f 1620 1741 1621
f 1621 1741 1667
f 1566 1666 1648
f 1648 1666 1665
f 1658 1737 1659
f 1659 1737 1901
f 1911 1661 1910
f 1910 1661 1660
f 1701 1911 1622
f 1622 1911 1910
f 1732 1748 1733
f 1733 1748 1901
f 1857 2948 1892
f 1892 2948 3004
f 1892 3004 1891
f 1891 3004 3005
f 1828 3006 1829
f 1829 3006 2949
f 2967 736 2968
f 2968 736 710
f 2972 2969 2967
f 2967 2969 736
f 2969 2972 897
f 897 2972 3007
f 897 3007 729
f 729 3007 2951
f 3016 753 3015
f 3015 753 752
f 3018 767 3017
f 3017 767 766
f 3019 3020 1249
f 1249 3020 3021
f 2915 2914 3019
f 3019 2914 3020
f 3023 2914 3022
f 3022 2914 1783
f 2827 2839 769
f 769 2839 766
f 3025 2838 3024
f 3024 2838 3021
f 768 767 2850
f 2850 767 3026
f 2850 3026 751
f 751 3026 752
f 750 753 2932
f 2932 753 3027
f 3008 2998 3027
f 3027 2998 2932
f 3028 3029 3008
f 3008 3029 2952
f 3029 3030 2952
f 2952 3030 730
f 3032 3033 3031
f 3031 3033 3034
f 3036 3037 3035
f 3035 3037 3038
f 2870 3039 612
f 612 3039 3040
f 3041 3042 3031
f 3031 3042 3038
f 3034 1352 3043
f 3043 1352 944
f 612 3040 613
f 613 3040 3044
f 613 3044 1425
f 1425 3044 1422
f 3045 3042 669
f 669 3042 670
f 3041 3043 599
f 599 3043 600
f 772 771 1544
f 1544 771 781
f 1503 771 1866
f 1866 771 770
f 771 1503 781
f 781 1503 778
f 61 281 416
f 416 281 1907
f 283 103 3046
f 3046 103 3047
f 76 79 3048
f 3048 79 3049
f 280 76 1906
f 1906 76 3048
f 3051 335 3050
f 3050 335 334
f 3053 417 3052
f 3052 417 416
f 3055 435 3054
f 3054 435 434
f 428 435 419
f 419 435 1908
f 420 1909 293
f 293 1909 443
f 79 294 3049
f 3049 294 444
f 3057 444 3056
f 3056 444 443
f 3051 3058 335
f 335 3058 452
f 216 215 1332
f 1332 215 452
f 308 283 462
f 462 283 3046
f 3050 334 3059
f 3059 334 462
f 103 62 3047
f 3047 62 417
f 313 312 434
f 434 312 463
f 3061 574 3060
f 3060 574 573
f 1310 3062 1428
f 1428 3062 3063
f 1258 3064 1255
f 1255 3064 2871
f 932 3065 2853
f 2853 3065 3066
f 699 2814 931
f 931 2814 3067
f 3068 1301 3063
f 3063 1301 1428
f 571 574 1310
f 1310 574 3062
f 3060 573 3069
f 3069 573 1332
f 3070 3071 1906
f 1906 3071 1907
f 3072 3073 1908
f 1908 3073 1909
f 3075 2814 3074
f 3074 2814 2813
f 2854 3076 1258
f 1258 3076 3064
f 2871 3077 2872
f 2872 3077 3078
f 3074 2813 3079
f 3079 2813 2873
f 2872 3078 1349
f 1349 3078 3080
f 2873 701 3068
f 3068 701 1301
f 1330 1201 3080
f 3080 1201 1349
f 1264 1263 3081
f 3081 1263 3082
f 3083 3084 3082
f 3082 3084 3081
f 811 1448 3086
f 3086 1448 3085
f 808 811 3087
f 3087 811 3086
f 3088 3083 833
f 833 3083 3082
f 884 3089 885
f 885 3089 3090
f 3087 1790 808
f 808 1790 816
f 1790 3087 1787
f 1787 3087 3091
f 3092 3091 3086
f 3086 3091 3087
f 3093 3094 3084
f 3084 3094 3095
f 3089 3096 3090
f 3090 3096 3088
f 3097 3093 3083
f 3083 3093 3084
f 3099 3100 3098
f 3098 3100 1786
f 3101 1788 2913
f 2913 1788 3102
f 838 837 885
f 885 837 886
f 886 837 3103
f 3103 837 1541
f 3094 3093 3104
f 3104 3093 3097
f 3105 3106 3089
f 3089 3106 3096
f 3108 3109 3107
f 3107 3109 3110
f 3111 3112 3091
f 3091 3112 1787
f 3114 3108 3113
f 3113 3108 3107
f 3114 3115 3112
f 3112 3115 3102
f 3091 3092 3111
f 3111 3092 3116
f 839 838 835
f 835 838 836
f 885 3090 838
f 838 3090 836
f 3110 3117 1247
f 1247 3117 3118
f 1247 3118 1248
f 1248 3118 3119
f 3120 3121 3119
f 3119 3121 1248
f 1247 844 3110
f 3110 844 3107
f 844 843 3107
f 3107 843 3113
f 843 3099 3113
f 3113 3099 3122
f 1781 3123 3098
f 3098 3123 3124
f 2915 2931 1780
f 1780 2931 2930
f 3019 3125 2915
f 2915 3125 2931
f 890 3125 2834
f 2834 3125 1252
f 3125 3019 1252
f 1252 3019 1249
f 907 908 946
f 946 908 947
f 1185 1188 1369
f 1369 1188 948
f 954 957 951
f 951 957 952
f 910 965 953
f 953 965 950
f 905 958 960
f 960 958 961
f 3126 978 949
f 949 978 962
f 936 935 967
f 967 935 968
f 994 993 969
f 969 993 966
f 902 904 971
f 971 904 972
f 983 985 973
f 973 985 970
f 906 905 974
f 974 905 960
f 977 981 959
f 959 981 975
f 911 910 1143
f 1143 910 953
f 952 957 1142
f 1142 957 1145
f 911 1143 1366
f 1366 1143 1368
f 1185 1369 1145
f 1145 1369 1142
f 993 1519 966
f 966 1519 1456
f 965 1454 950
f 950 1454 1457
f 900 899 1459
f 1459 899 1460
f 988 991 1461
f 1461 991 1458
f 899 963 1460
f 1460 963 1462
f 985 987 970
f 970 987 1463
f 904 906 972
f 972 906 974
f 981 983 975
f 975 983 973
f 935 900 968
f 968 900 1459
f 991 994 1458
f 1458 994 969
f 1154 1526 1088
f 1088 1526 1089
f 1109 1112 1092
f 1092 1112 1093
f 1083 1098 1084
f 1084 1098 1097
f 1078 1471 1100
f 1100 1471 1101
f 1075 1078 1104
f 1104 1078 1100
f 1152 1154 1156
f 1156 1154 1088
f 1156 1155 1372
f 1372 1155 1373
f 1372 1373 1104
f 1104 1373 1075
f 1467 1109 1465
f 1465 1109 1092
f 1465 1182 1468
f 1468 1182 1184
f 1474 1470 1096
f 1096 1470 1097
f 1102 1101 1083
f 1083 1101 1098
f 1112 1531 1093
f 1093 1531 1529
f 1102 1073 1099
f 1099 1073 1072
f 1526 1154 1079
f 1079 1154 1080
f 1081 1091 1082
f 1082 1091 1094
f 1069 1068 1085
f 1085 1068 1086
f 1153 1151 1080
f 1080 1151 1058
f 1371 1177 1179
f 1179 1177 1176
f 1099 1072 1103
f 1103 1072 1176
f 1068 1071 1086
f 1086 1071 1073
f 1085 1084 1180
f 1180 1084 1469
f 1066 1065 1183
f 1183 1065 1181
f 1153 1152 1177
f 1177 1152 1178
f 1091 1081 1182
f 1182 1081 1183
f 1057 1525 1079
f 1079 1525 1527
f 1120 1117 1076
f 1076 1117 1077
f 1087 1090 1107
f 1107 1090 1108
f 1127 1126 1110
f 1110 1126 1111
f 1095 1116 1096
f 1096 1116 1115
f 1471 1078 1119
f 1119 1078 1077
f 1087 1107 1155
f 1155 1107 1158
f 1376 1374 1157
f 1157 1374 1158
f 1076 1075 1374
f 1374 1075 1373
f 1109 1467 1110
f 1110 1467 1472
f 1467 1466 1472
f 1472 1466 1473
f 1135 1475 1114
f 1114 1475 1115
f 1471 1119 1095
f 1095 1119 1116
f 1126 1532 1111
f 1111 1532 1530
f 914 1276 1480
f 1480 1276 1517
f 3127 3128 1223
f 1223 3128 1224
f 824 933 1455
f 1455 933 3129
f 3131 1448 3130
f 3130 1448 1447
f 3132 3133 1452
f 1452 3133 1453
f 3130 1447 1322
f 1322 1447 1455
f 933 1514 3129
f 3129 1514 3134
f 1161 3135 1480
f 1480 3135 1481
f 3128 3136 1224
f 1224 3136 1499
f 3133 1162 1453
f 1453 1162 1517
f 1515 3127 1535
f 1535 3127 1223
f 3095 3085 3131
f 3131 3085 1448
f 3137 3092 3085
f 3085 3092 3086
f 3138 3116 3137
f 3137 3116 3092
f 3110 3109 3117
f 3117 3109 3139
f 3105 3140 3117
f 3117 3140 3118
f 3140 3141 3118
f 3118 3141 3119
f 3142 3120 3141
f 3141 3120 3119
f 1498 3143 1277
f 1277 3143 882
f 3144 3145 1340
f 1340 3145 1339
f 1340 3146 3144
f 3144 3146 3147
f 3145 3144 3143
f 3143 3144 3148
f 871 901 872
f 872 901 1362
f 3149 3148 3147
f 3147 3148 3144
f 1208 3150 1209
f 3098 1786 1781
f 1781 1786 1782
f 2930 2929 3123
f 3123 2929 2911
f 1794 1791 2916
f 2916 1791 2917
f 1793 3101 2918
f 2918 3101 2919
f 1796 1794 2920
f 2920 1794 2916
f 3151 3152 2921
f 2921 3152 2922
f 3153 3154 2923
f 2923 3154 2924
f 2919 3101 2912
f 2912 3101 2913
f 3155 1796 2925
f 2925 1796 2920
f 3154 3156 2924
f 2924 3156 2926
f 1791 1793 2917
f 2917 1793 2918
f 3157 3158 2927
f 2927 3158 2928
f 1780 2930 1781
f 1781 2930 3123
f 2825 1267 1189
f 1189 1267 1190
f 2827 2828 1250
f 1250 2828 1251
f 1489 2830 1324
f 1324 2830 1325
f 923 1328 1334
f 1334 1328 1335
f 1485 2832 1482
f 1482 2832 1483
f 1266 1490 1492
f 1492 1490 1493
f 1333 1346 1334
f 1334 1346 2824
f 722 799 1492
f 1492 799 1190
f 664 657 1482
f 1482 657 2833
f 631 634 1324
f 1324 634 1493
f 2828 1494 1251
f 1251 1494 2835
f 1249 3021 1250
f 1250 3021 2838
f 798 2837 1189
f 1189 2837 2836
f 3100 842 3160
f 3160 842 3159
f 1788 3101 1789
f 1789 3101 1793
f 1792 816 1789
f 1789 816 1790
f 817 816 1795
f 1795 816 1792
f 938 817 1797
f 1797 817 1795
f 1796 3155 1797
f 1797 3155 1798
f 3155 3158 1798
f 1798 3158 1799
f 3157 3152 1801
f 1801 3152 1802
f 3151 3156 1803
f 1803 3156 1804
f 3154 3153 1805
f 1805 3153 1806
f 3153 3161 1806
f 1806 3161 1807
f 3099 843 3100
f 3100 843 842
f 1788 1787 3102
f 3102 1787 3112
f 2910 3115 3124
f 3124 3115 3122
f 3099 3098 3122
f 3122 3098 3124
f 416 1907 3052
f 3052 1907 3071
f 3046 3047 3163
f 3163 3047 3162
f 249 445 259
f 259 445 3164
f 425 3165 424
f 424 3165 461
f 408 410 329
f 329 410 330
f 39 331 40
f 40 331 332
f 305 304 423
f 423 304 464
f 385 254 458
f 458 254 392
f 250 415 251
f 251 415 412
f 233 337 234
f 234 337 3166
f 435 3055 1908
f 1908 3055 3072
f 443 1909 3056
f 3056 1909 3073
f 3167 3049 3057
f 3057 3049 444
f 452 3058 1332
f 1332 3058 3069
f 234 3166 346
f 346 3166 411
f 3046 3163 462
f 462 3163 3059
f 259 3164 260
f 260 3164 336
f 3047 417 3162
f 3162 417 3053
f 463 3168 434
f 434 3168 3054
f 454 830 425
f 425 830 3165
f 3062 3169 3063
f 3063 3169 3170
f 1355 1354 1534
f 1534 1354 3171
f 3063 3170 3068
f 3068 3170 3172
f 574 3061 3062
f 3062 3061 3169
f 1534 3171 1535
f 1535 3171 3173
f 3079 2873 3172
f 3172 2873 3068
f 2838 3025 2839
f 2839 3025 3174
f 3176 3177 3175
f 3175 3177 3178
f 3180 1125 3179
f 3179 1125 1128
f 3182 3183 3181
f 3181 3183 3184
f 1134 3185 1130
f 1130 3185 3182
f 3186 3187 3189
f 3189 3187 3188
f 3191 3189 3190
f 3190 3189 3188
f 1137 1122 3190
f 3190 1122 3192
f 3175 3178 3193
f 3193 3178 3194
f 3181 3184 3179
f 3179 3184 3195
f 3197 3198 3196
f 3196 3198 3180
f 3200 3178 3199
f 3199 3178 3177
f 3202 3196 3201
f 3201 3196 3195
f 3204 3184 3203
f 3203 3184 3183
f 3206 3207 3205
f 3205 3207 3186
f 3205 3186 3208
f 3208 3186 3189
f 3209 3208 3191
f 3191 3208 3189
f 3210 3194 3200
f 3200 3194 3178
f 3201 3195 3204
f 3204 3195 3184
f 3197 3211 3177
f 3177 3211 3199
f 3213 3214 3212
f 3212 3214 3215
f 3217 3218 3216
f 3216 3218 3219
f 3221 3222 3220
f 3220 3222 3223
f 3225 3226 3224
f 3224 3226 3227
f 3229 3230 3228
f 3228 3230 3231
f 3233 3234 3232
f 3232 3234 3235
f 3237 3238 3236
f 3236 3238 3239
f 3238 3240 3239
f 3239 3240 3241
f 3232 3235 3242
f 3242 3235 3243
f 3245 3246 3244
f 3244 3246 3247
f 3248 3249 3245
f 3245 3249 3246
f 3251 3252 3250
f 3250 3252 3253
f 3255 3252 3254
f 3254 3252 3251
f 3256 3257 3259
f 3259 3257 3258
f 3261 3262 3260
f 3260 3262 3263
f 3265 3263 3264
f 3264 3263 3262
f 3256 3259 3266
f 3266 3259 3267
f 3269 3270 3268
f 3268 3270 3271
f 3269 3272 3270
f 3270 3272 3273
f 3274 3275 3277
f 3277 3275 3276
f 3278 3279 3276
f 3276 3279 3277
f 3281 3282 3280
f 3280 3282 3283
f 3280 3284 3281
f 3281 3284 3285
f 3287 3288 3286
f 3286 3288 3289
f 3290 3291 3288
f 3288 3291 3289
f 3234 3218 3235
f 3235 3218 3217
f 3232 3292 3233
f 3233 3292 3293
f 3239 3294 3236
f 3236 3294 3219
f 3233 3293 3237
f 3237 3293 3295
f 3296 3294 3241
f 3241 3294 3239
f 3240 3238 3297
f 3297 3238 3298
f 3217 3216 3235
f 3235 3216 3243
f 3297 3299 3240
f 3240 3299 3242
f 3246 3300 3247
f 3247 3300 3223
f 3301 3302 3254
f 3254 3302 3244
f 3249 3303 3246
f 3246 3303 3300
f 3245 3304 3248
f 3248 3304 3292
f 3252 3221 3253
f 3253 3221 3220
f 3250 3248 3299
f 3299 3248 3292
f 3222 3221 3255
f 3255 3221 3252
f 3297 3301 3251
f 3251 3301 3254
f 3258 3214 3259
f 3259 3214 3213
f 3257 3256 3304
f 3304 3256 3305
f 3263 3306 3260
f 3260 3306 3215
f 3261 3257 3302
f 3302 3257 3304
f 3307 3306 3265
f 3265 3306 3263
f 3262 3301 3264
f 3264 3301 3308
f 3259 3213 3267
f 3267 3213 3212
f 3308 3309 3264
f 3264 3309 3266
f 3270 3310 3271
f 3271 3310 3231
f 3311 3312 3278
f 3278 3312 3268
f 3270 3273 3310
f 3310 3273 3313
f 3272 3269 3305
f 3305 3269 3314
f 3277 3229 3274
f 3274 3229 3228
f 3275 3272 3309
f 3309 3272 3305
f 3279 3230 3277
f 3277 3230 3229
f 3276 3308 3278
f 3278 3308 3311
f 3281 3315 3282
f 3282 3315 3227
f 3290 3316 3283
f 3283 3316 3317
f 3281 3285 3315
f 3315 3285 3318
f 3284 3280 3314
f 3314 3280 3319
f 3289 3225 3286
f 3286 3225 3224
f 3287 3284 3312
f 3284 3314 3312
f 3291 3226 3289
f 3289 3226 3225
f 3288 3311 3290
f 3290 3311 3316
f 3212 3215 3307
f 3307 3215 3306
f 3294 3296 3219
f 3219 3296 3216
f 3303 3220 3300
f 3300 3220 3223
f 3224 3227 3318
f 3318 3227 3315
f 3228 3231 3313
f 3313 3231 3310
f 3234 3233 3236
f 3236 3233 3237
f 3243 3241 3242
f 3242 3241 3240
f 3247 3255 3244
f 3244 3255 3254
f 3253 3249 3250
f 3250 3249 3248
f 3260 3258 3261
f 3261 3258 3257
f 3266 3267 3264
f 3264 3267 3265
f 3268 3271 3278
f 3278 3271 3279
f 3274 3273 3275
f 3275 3273 3272
f 3283 3282 3290
f 3290 3282 3291
f 3286 3285 3287
f 3287 3285 3284
f 3218 3234 3219
f 3219 3234 3236
f 3295 3298 3237
f 3237 3298 3238
f 3216 3296 3243
f 3243 3296 3241
f 3242 3299 3232
f 3232 3299 3292
f 3223 3222 3247
f 3247 3222 3255
f 3244 3302 3245
f 3245 3302 3304
f 3303 3249 3220
f 3220 3249 3253
f 3297 3251 3299
f 3299 3251 3250
f 3215 3214 3260
f 3260 3214 3258
f 3301 3262 3302
f 3302 3262 3261
f 3212 3307 3267
f 3267 3307 3265
f 3266 3309 3256
f 3256 3309 3305
f 3271 3231 3279
f 3279 3231 3230
f 3268 3312 3269
f 3269 3312 3314
f 3228 3313 3274
f 3274 3313 3273
f 3308 3276 3309
f 3309 3276 3275
f 3282 3227 3291
f 3291 3227 3226
f 3317 3319 3283
f 3283 3319 3280
f 3224 3318 3286
f 3286 3318 3285
f 3312 3311 3287
f 3311 3288 3287
f 3320 3321 3194
f 3194 3321 3193
f 1375 3321 1121
f 1121 3321 3322
f 3323 3324 3322
f 3322 3324 3192
f 3175 1124 3176
f 3176 1124 1123
f 3179 3195 3180
f 3180 3195 3196
f 3181 1131 3182
f 3182 1131 1130
f 3207 3185 3186
f 3186 3185 3187
f 1136 3188 1133
f 1133 3188 3187
f 3190 3188 1137
f 1137 3188 1136
f 3193 1159 3175
f 3175 1159 1124
f 3179 1128 3181
f 3181 1128 1131
f 1533 3198 1123
f 1123 3198 3176
f 3321 1375 3193
f 3193 1375 1159
f 3321 3320 3322
f 3322 3320 3323
f 1122 1121 3192
f 3192 1121 3322
f 3194 3210 3320
f 3320 3210 3325
f 3324 3323 3327
f 3327 3323 3326
f 3320 3325 3323
f 3323 3325 3326
f 3208 3328 3205
f 3205 3328 3329
f 3330 3206 3329
f 3329 3206 3205
f 3203 3331 3204
f 3204 3331 3332
f 3210 3333 3325
f 3325 3333 3334
f 3325 3334 3326
f 3326 3334 3335
f 3327 3326 3336
f 3336 3326 3335
f 3327 3209 3324
f 3324 3209 3191
f 3190 3192 3191
f 3191 3192 3324
f 3338 3339 3337
f 3337 3339 3340
f 3338 3341 3339
f 3339 3341 3342
f 3341 3343 3342
f 3342 3343 3344
f 3343 3345 3344
f 3344 3345 3346
f 3345 3347 3346
f 3346 3347 3348
f 3347 3349 3348
f 3348 3349 3350
f 3337 3340 3351
f 3351 3340 3352
f 3351 3352 3353
f 3353 3352 3354
f 3353 3354 3355
f 3355 3354 3356
f 3350 3349 3357
f 3357 3349 3358
f 3355 3356 3359
f 3359 3356 3360
f 3359 3360 3361
f 3361 3360 3362
f 3361 3362 3363
f 3363 3362 3364
f 3363 3364 3358
f 3358 3364 3357
f 3339 3342 3365
f 3365 3342 3366
f 3342 3344 3366
f 3366 3344 3367
f 3344 3346 3367
f 3367 3346 3368
f 3346 3348 3368
f 3368 3348 3369
f 3348 3350 3369
f 3369 3350 3370
f 3368 3369 3371
f 3371 3369 3372
f 3369 3370 3372
f 3372 3370 3373
f 3373 3374 3372
f 3372 3374 3375
f 3377 3378 3376
f 3376 3378 3379
f 3377 3375 3378
f 3378 3375 3374
f 3375 3380 3372
f 3372 3380 3371
f 3377 3381 3375
f 3375 3381 3380
f 3376 3382 3377
f 3377 3382 3381
f 3384 3385 3383
f 3383 3385 3386
f 3384 3383 3388
f 3388 3383 3387
f 3388 3387 3389
f 3389 3387 3390
f 3392 3385 3391
f 3391 3385 3384
f 3388 3393 3384
f 3384 3393 3391
f 3389 3394 3388
f 3388 3394 3393
f 3389 3395 3394
f 3394 3395 3396
f 3395 3389 3397
f 3397 3389 3390
f 3339 3365 3340
f 3340 3365 3398
f 3340 3398 3352
f 3352 3398 3399
f 3371 3400 3368
f 3368 3400 3367
f 3400 3401 3367
f 3367 3401 3366
f 3366 3401 3365
f 3365 3401 3402
f 3398 3365 3403
f 3403 3365 3402
f 3398 3403 3399
f 3399 3403 3404
f 3403 3405 3404
f 3404 3405 3406
f 3352 3399 3354
f 3354 3399 3407
f 3399 3404 3407
f 3407 3404 3408
f 3404 3406 3408
f 3408 3406 3409
f 3405 3410 3406
f 3406 3410 3411
f 3410 3412 3411
f 3411 3412 3413
f 3397 3414 3395
f 3395 3414 3415
f 3417 3415 3416
f 3416 3415 3412
f 3410 3418 3412
f 3412 3418 3416
f 3410 3405 3418
f 3418 3405 3419
f 3405 3403 3419
f 3419 3403 3402
f 3370 3350 3420
f 3420 3350 3357
f 3373 3370 3421
f 3421 3370 3420
f 3374 3373 3422
f 3422 3373 3421
f 3378 3374 3423
f 3423 3374 3422
f 3378 3423 3379
f 3379 3423 3424
f 3424 3425 3379
f 3379 3425 3386
f 3383 3426 3387
f 3387 3426 3427
f 3387 3427 3390
f 3390 3427 3428
f 3390 3428 3397
f 3397 3428 3429
f 3429 3430 3397
f 3397 3430 3414
f 3411 3413 3431
f 3431 3413 3432
f 3406 3411 3409
f 3409 3411 3431
f 3401 3400 3335
f 3335 3400 3336
f 3401 3335 3402
f 3402 3335 3334
f 3402 3334 3419
f 3419 3334 3333
f 3419 3333 3418
f 3418 3333 3433
f 3418 3433 3416
f 3416 3433 3434
f 3435 3417 3434
f 3434 3417 3416
f 3394 3396 3436
f 3436 3396 3437
f 3393 3394 3332
f 3332 3394 3436
f 3393 3332 3391
f 3391 3332 3331
f 3330 3392 3331
f 3331 3392 3391
f 3382 3329 3381
f 3381 3329 3328
f 3354 3407 3356
f 3356 3407 3438
f 3356 3438 3360
f 3360 3438 3439
f 3360 3439 3362
f 3362 3439 3440
f 3362 3440 3364
f 3364 3440 3441
f 3364 3441 3357
f 3357 3441 3420
f 3421 3420 3442
f 3442 3420 3441
f 3442 3441 3443
f 3443 3441 3440
f 3443 3440 3444
f 3444 3440 3439
f 3444 3439 3445
f 3445 3439 3438
f 3445 3438 3408
f 3408 3438 3407
f 3422 3421 3446
f 3446 3421 3442
f 3446 3442 3447
f 3447 3442 3443
f 3447 3443 3448
f 3448 3443 3444
f 3448 3444 3449
f 3449 3444 3445
f 3449 3445 3409
f 3409 3445 3408
f 3409 3431 3449
f 3449 3431 3450
f 3449 3450 3448
f 3448 3450 3451
f 3451 3452 3448
f 3448 3452 3447
f 3447 3452 3446
f 3446 3452 3453
f 3446 3453 3422
f 3422 3453 3423
f 3424 3423 3454
f 3454 3423 3453
f 3452 3455 3453
f 3453 3455 3454
f 3452 3451 3455
f 3455 3451 3456
f 3450 3457 3451
f 3451 3457 3456
f 3431 3432 3450
f 3450 3432 3457
f 3454 3458 3424
f 3424 3458 3425
f 3427 3426 3459
f 3459 3426 3460
f 3428 3427 3461
f 3461 3427 3459
f 3428 3461 3429
f 3429 3461 3462
f 3462 3463 3429
f 3429 3463 3430
f 3464 3465 3462
f 3462 3465 3463
f 3455 3466 3454
f 3454 3466 3458
f 3465 3464 3466
f 3466 3464 3467
f 3461 3459 3468
f 3468 3459 3469
f 3468 3469 3464
f 3464 3469 3467
f 3464 3462 3468
f 3468 3462 3461
f 3459 3460 3469
f 3469 3460 3467
f 3295 3351 3298
f 3298 3351 3353
f 3353 3355 3298
f 3298 3355 3297
f 3297 3355 3301
f 3301 3355 3359
f 3301 3359 3308
f 3308 3359 3361
f 3308 3361 3311
f 3311 3361 3363
f 3311 3363 3316
f 3316 3363 3358
f 3316 3358 3317
f 3317 3358 3349
f 3349 3347 3317
f 3317 3347 3319
f 3347 3345 3319
f 3319 3345 3314
f 3345 3343 3314
f 3314 3343 3305
f 3343 3341 3305
f 3305 3341 3304
f 3304 3341 3292
f 3292 3341 3338
f 3292 3338 3293
f 3293 3338 3337
f 3293 3337 3295
f 3295 3337 3351
f 3437 3202 3436
f 3436 3202 3201
f 3436 3201 3332
f 3332 3201 3204
f 3433 3200 3434
f 3434 3200 3199
f 3211 3435 3199
f 3199 3435 3434
f 3333 3210 3433
f 3433 3210 3200
f 3380 3470 3371
f 3400 3371 3336
f 3336 3371 3470
f 3381 3328 3380
f 3380 3328 3470
f 3470 3328 3209
f 3209 3328 3208
f 3336 3470 3327
f 3327 3470 3209
f 1545 1763 1546
f 1546 1763 1762
f 1403 1546 773
f 773 1546 770
f 1221 3013 1220
f 1220 3013 3471
f 1305 2877 1306
f 1306 2877 2879
f 1220 3471 828
f 828 3471 829
f 1217 1754 3472
f 3472 1754 1756
f 1049 3473 1048
f 1048 3473 3474
f 1371 1179 3473
f 3473 1179 3474
f 1074 3475 1179
f 1179 3475 3474
f 3474 3475 1048
f 1048 3475 1056
f 919 666 1345
f 1345 666 665
f 856 680 919
f 919 680 666
f 679 680 1449
f 1449 680 858
f 1367 878 1500
f 1500 878 877
f 1366 908 1367
f 1367 908 878
f 1512 916 1513
f 1513 916 915
f 947 1368 948
f 948 1368 1369
f 1047 1021 1044
f 1044 1021 1020
f 1370 1049 1019
f 1019 1049 1020
f 1173 1030 1174
f 1174 1030 1033
f 3126 1188 1464
f 1464 1188 1187
f 1800 1451 1512
f 1512 1451 916
f 1175 1174 1186
f 1186 1174 1187
f 1030 1173 1047
f 1047 1173 1021
f 1513 915 3476
f 3476 915 1481
f 1345 665 3477
f 3477 665 1483
f 1502 1501 876
f 876 1501 877
f 1205 1451 1803
f 1803 1451 1802
f 3479 2832 3478
f 3478 2832 2831
f 1449 858 2927
f 2927 858 2922
f 908 1366 947
f 947 1366 1368
f 949 948 3126
f 3126 948 1188
f 3480 3135 1502
f 1502 3135 1501
f 2927 2922 3157
f 3157 2922 3152
f 3477 1483 3479
f 3479 1483 2832
f 1803 1802 3151
f 3151 1802 3152
f 663 658 664
f 664 658 657
f 655 658 939
f 939 658 706
f 1512 870 1800
f 1800 870 869
f 875 874 876
f 876 874 873
f 849 874 905
f 905 874 958
f 949 962 946
f 946 962 961
f 978 3126 979
f 979 3126 1464
f 1031 1168 1032
f 1032 1168 1022
f 1045 1013 1046
f 1046 1013 1012
f 1045 1044 1056
f 1056 1044 1048
f 1047 1046 1030
f 1030 1046 1031
f 939 706 940
f 940 706 1450
f 979 1464 1032
f 1032 1464 1033
f 3480 1478 3476
f 3476 1478 3134
f 2829 1487 2830
f 2830 1487 1486
f 848 1230 873
f 873 1230 1479
f 867 870 933
f 933 870 1514
f 1800 869 1801
f 1801 869 1799
f 2830 1486 1325
f 1325 1486 2833
f 940 1450 2925
f 2925 1450 2928
f 946 961 907
f 907 961 958
f 959 962 977
f 977 962 978
f 3476 3134 1513
f 1513 3134 1514
f 2925 2928 3155
f 3155 2928 3158
f 1325 2833 656
f 656 2833 657
f 1801 1799 3157
f 3157 1799 3158
f 1074 1055 3475
f 3475 1055 1056
f 1371 3473 1370
f 1370 3473 1049
f 2884 615 3481
f 3481 615 618
f 3478 2831 2846
f 2846 2831 617
f 2831 1484 617
f 617 1484 618
f 1484 1487 618
f 618 1487 3481
f 2848 3481 2829
f 2829 3481 1487
f 1480 1517 1161
f 1161 1517 1162
f 3129 1323 1455
f 1455 1323 1322
f 3129 3134 1323
f 1323 3134 1478
f 1535 3173 1515
f 1515 3173 1516
f 3085 3095 3137
f 3137 3095 3094
f 3137 3094 3138
f 3138 3094 3104
f 3117 3139 3105
f 3105 3139 3106
f 1138 1141 3127
f 3127 1141 3128
f 3081 3131 1264
f 1264 3131 3130
f 1227 1226 3132
f 3132 1226 3133
f 1264 3130 1229
f 1229 3130 1322
f 1160 1501 1161
f 1161 1501 3135
f 1141 1476 3128
f 3128 1476 3136
f 1226 1163 3133
f 3133 1163 1162
f 1363 1138 1515
f 1515 1138 3127
f 3084 3095 3081
f 3081 3095 3131
f 3089 884 3105
f 3105 884 3140
f 884 883 3140
f 3140 883 3141
f 883 3482 3141
f 3141 3482 3142
f 3476 1481 3480
f 3480 1481 3135
f 1502 1479 3480
f 3480 1479 1478
f 3168 463 440
f 714 1880 715
f 715 1880 2905
f 896 732 2970
f 2970 732 731
f 1263 834 3082
f 3082 834 833
f 898 1231 853
f 853 1231 854
f 3125 890 2931
f 2931 890 889
f 1237 893 2851
f 2851 893 892
f 898 853 899
f 899 853 963
f 988 987 989
f 989 987 986
f 1002 1007 1003
f 1003 1007 1006
f 1038 1036 1007
f 1007 1036 1004
f 1070 1052 1005
f 1005 1052 1006
f 1069 1067 1070
f 1070 1067 1052
f 1130 1129 1134
f 1134 1129 1135
f 879 1167 880
f 880 1167 1166
f 1171 1169 1037
f 1037 1169 1038
f 1085 1180 1069
f 1069 1180 1067
f 1209 1210 879
f 879 1210 1167
f 2885 1215 1754
f 1754 1215 1214
f 1263 855 834
f 834 855 854
f 708 1244 1826
f 1826 1244 1243
f 2909 894 1254
f 1254 894 893
f 1228 1361 964
f 964 1361 1360
f 2908 2907 1436
f 1436 2907 1437
f 2990 1440 2991
f 2991 1440 1439
f 964 1360 965
f 965 1360 1454
f 950 1457 951
f 951 1457 1456
f 970 1463 971
f 971 1463 1462
f 1025 1169 984
f 984 1169 986
f 1084 1097 1469
f 1469 1097 1470
f 1096 1115 1474
f 1474 1115 1475
f 1140 1361 1141
f 1141 1361 1476
f 1212 1495 2828
f 2828 1495 1494
f 880 1166 1452
f 1452 1166 1499
f 715 2905 1504
f 1504 2905 2906
f 954 1519 955
f 955 1519 1518
f 1026 1520 992
f 992 1520 1518
f 1029 1520 1043
f 1043 1520 1521
f 997 1522 1040
f 1040 1522 1521
f 1015 1522 1016
f 1016 1522 1523
f 1523 996 1524
f 1524 996 1062
f 1057 1060 1525
f 1525 1060 1524
f 1094 1528 1082
f 1082 1528 1527
f 1526 1528 1089
f 1089 1528 1529
f 1090 1531 1108
f 1108 1531 1530
f 1125 1533 1126
f 1126 1533 1532
f 3483 1755 727
f 727 1755 1214
f 735 1814 707
f 707 1814 1813
f 2891 1834 1246
f 1246 1834 1243
f 2904 1881 1847
f 1847 1881 1848
f 1852 1855 1853
f 1853 1855 1858
f 1902 2903 1877
f 1877 2903 1878
f 2903 2904 1878
f 1878 2904 1847
f 714 713 1848
f 1848 713 1849
f 1440 2990 1883
f 1883 2990 2989
f 1883 2989 1852
f 1852 2989 1855
f 2895 1888 2892
f 2892 1888 1887
f 774 777 1877
f 1877 777 1903
f 1251 2835 1252
f 1252 2835 2834
f 1213 2844 1212
f 1212 2844 1495
f 2851 892 1213
f 1213 892 2844
f 3123 2911 3124
f 3124 2911 2910
f 887 2929 888
f 888 2929 889
f 1435 2963 1436
f 1436 2963 2961
f 1253 1438 1254
f 1254 1438 1437
f 2970 731 735
f 735 731 1814
f 733 732 2885
f 2885 732 1215
f 2901 2902 2976
f 2976 2902 2977
f 2975 2982 2976
f 2976 2982 2979
f 2899 2900 2981
f 2981 2900 2979
f 2899 2981 2898
f 2898 2981 2983
f 2986 2985 2984
f 2984 2985 2983
f 2897 2985 2896
f 2896 2985 2988
f 2991 1439 2987
f 2987 1439 2988
f 777 2978 1903
f 1903 2978 2977
f 1885 1888 1858
f 1858 1888 1853
f 3090 3088 836
f 836 3088 833
f 3083 3088 3097
f 3097 3088 3096
f 3097 3096 3104
f 3104 3096 3106
f 3111 3116 3108
f 3108 3116 3109
f 3112 3111 3114
f 3114 3111 3108
f 3113 3122 3114
f 3114 3122 3115
f 891 890 2837
f 2837 890 2834
f 951 1456 954
f 954 1456 1519
f 967 1457 936
f 936 1457 1454
f 971 1462 902
f 902 1462 963
f 1461 1463 988
f 988 1463 987
f 1466 1468 1474
f 1474 1468 1470
f 1089 1529 1090
f 1090 1529 1531
f 1184 1181 1469
f 1469 1181 1180
f 1082 1527 1061
f 1061 1527 1525
f 1129 1473 1135
f 1135 1473 1475
f 1108 1530 1105
f 1105 1530 1532
f 1452 1499 3132
f 3132 1499 3136
f 3109 3116 3139
f 3139 3116 3138
f 2912 2911 887
f 887 2911 2929
f 2836 2835 1497
f 1497 2835 1494
f 2913 3102 2910
f 2910 3102 3115
f 1133 3187 1134
f 1134 3187 3185
f 3177 3176 3197
f 3197 3176 3198
f 3203 3183 3206
f 3206 3183 3207
f 3196 3202 3197
f 3197 3202 3211
f 3183 3182 3207
f 3207 3182 3185
f 1125 3180 1533
f 1533 3180 3198
f 3331 3203 3330
f 3330 3203 3206
f 3376 3379 3385
f 3385 3379 3386
f 3382 3376 3392
f 3392 3376 3385
f 3412 3415 3413
f 3413 3415 3414
f 3417 3396 3415
f 3415 3396 3395
f 3383 3386 3426
f 3426 3386 3425
f 3413 3414 3432
f 3432 3414 3430
f 3437 3396 3435
f 3435 3396 3417
f 3329 3382 3330
f 3330 3382 3392
f 3426 3425 3460
f 3460 3425 3458
f 3432 3430 3457
f 3457 3430 3463
f 3457 3463 3456
f 3456 3463 3465
f 3460 3458 3467
f 3467 3458 3466
f 3466 3455 3465
f 3465 3455 3456
f 3202 3437 3211
f 3211 3437 3435
f 3104 3106 3138
f 3138 3106 3139
f 3132 3136 1227
f 1227 3136 1476
f 943 687 600
f 600 687 601
f 596 625 667
f 667 625 1297
f 687 686 601
f 601 686 653
f 1319 784 711
f 711 784 712
f 1811 607 783
f 783 607 712
f 862 921 917
f 917 921 920
f 3478 925 3479
f 3479 925 924
f 2846 926 3478
f 3478 926 925
f 659 662 929
f 929 662 930
f 856 921 857
f 857 921 1204
f 1206 864 1207
f 1207 864 863
f 2876 1219 2877
f 2877 1219 1218
f 667 1297 593
f 593 1297 1296
f 917 920 1333
f 1333 920 1346
f 686 693 653
f 653 693 930
f 1277 913 1498
f 1498 913 1207
f 592 1536 610
f 610 1536 711
f 864 1206 1805
f 1805 1206 1804
f 1317 1536 1900
f 1900 1536 1809
f 1900 1809 1295
f 1295 1809 1296
f 3479 924 3477
f 3477 924 2824
f 927 926 1203
f 1203 926 2847
f 3484 2859 3032
f 3032 2859 3033
f 3472 2878 1217
f 1217 2878 1218
f 2889 2888 2880
f 2880 2888 2881
f 2886 2883 2887
f 2887 2883 2882
f 929 928 2847
f 2847 928 1203
f 857 1204 2921
f 2921 1204 2926
f 1820 1819 2882
f 2882 1819 2881
f 1821 2883 2876
f 2876 2883 1219
f 782 2889 783
f 783 2889 2880
f 1352 3034 1353
f 1353 3034 3033
f 3031 3034 3041
f 3041 3034 3043
f 944 943 3043
f 3043 943 600
f 1339 3145 1498
f 1498 3145 3143
f 1208 882 3148
f 3148 882 3143
f 2921 2926 3151
f 3151 2926 3156
f 3477 2824 1345
f 1345 2824 1346
f 1805 1804 3154
f 3154 1804 3156
f 886 3103 883
f 883 3103 3482
f 841 1248 3485
f 3485 1248 3121
f 2811 2819 2812
f 2812 2819 2816
f 2818 2815 2817
f 2817 2815 2806
f 2817 2816 2818
f 2818 2816 2819
f 2793 2795 2819
f 2819 2795 2818
f 243 352 2793
f 2793 352 2795
f 242 353 243
f 243 353 352
f 359 191 242
f 242 191 353
f 247 192 359
f 359 192 191
f 157 193 247
f 247 193 192
f 156 194 157
f 157 194 193
f 378 261 156
f 156 261 194
f 378 381 261
f 261 381 195
f 195 381 196
f 196 381 376
f 196 376 198
f 198 376 375
f 375 1776 198
f 198 1776 197
f 1776 1767 197
f 197 1767 274
f 181 274 199
f 199 274 1767
f 568 566 564
f 564 566 563
f 568 569 566
f 566 569 567
f 501 1773 1771
f 1771 1773 578
f 547 579 1773
f 1773 579 578
f 3486 470 474
f 474 470 469
f 450 582 3487
f 3487 582 3488
f 582 583 3488
f 3488 583 3489
f 583 584 3489
f 3489 584 3490
f 3490 584 3491
f 3491 584 543
f 470 3486 466
f 466 3486 467
f 3489 3490 503
f 503 3490 504
f 503 3492 3489
f 3489 3492 3488
f 3492 503 3493
f 3493 503 502
f 3495 3492 3494
f 3494 3492 3493
f 3487 3488 3495
f 3495 3488 3492
f 468 1774 465
f 465 1774 570
f 3494 3493 1775
f 1775 3493 1771
f 3490 3491 504
f 504 3491 1772
f 3491 543 1772
f 1772 543 548
f 450 3487 474
f 474 3487 3486
f 3495 467 3487
f 3487 467 3486
f 3494 468 3495
f 3495 468 467
f 468 3494 1774
f 1774 3494 1775
f 501 1771 502
f 502 1771 3493
f 527 366 384
f 384 366 365
f 522 524 527
f 527 524 366
f 521 534 522
f 522 534 524
f 530 535 521
f 521 535 534
f 508 486 513
f 513 486 532
f 513 532 541
f 541 532 535
f 667 668 596
f 596 668 597
f 1294 1297 624
f 624 1297 625
f 603 641 604
f 604 641 640
f 1290 1293 650
f 650 1293 651
f 1758 691 660
f 660 691 661
f 602 671 599
f 599 671 670
f 654 662 690
f 690 662 661
f 2856 598 695
f 695 598 597
f 602 654 671
f 671 654 690
f 604 640 676
f 676 640 704
f 1826 1829 708
f 708 1829 709
f 1288 1284 740
f 740 1284 741
f 755 754 758
f 758 754 759
f 2853 2856 932
f 932 2856 695
f 689 691 1192
f 1192 691 1193
f 784 1319 1240
f 1240 1319 1241
f 1813 1816 1244
f 1244 1816 1245
f 754 1288 759
f 759 1288 740
f 1894 1242 1318
f 1318 1242 1241
f 2867 1348 1418
f 1418 1348 1347
f 676 704 673
f 673 704 1347
f 1284 1287 741
f 741 1287 1419
f 1421 1426 1422
f 1422 1426 1425
f 1758 660 615
f 615 660 616
f 1192 1191 1421
f 1421 1191 1426
f 2962 1839 1504
f 1504 1839 1505
f 941 1194 1759
f 1759 1194 1193
f 1287 1537 1419
f 1419 1537 1760
f 1882 2893 1823
f 1823 2893 1824
f 1886 1891 1827
f 1827 1891 1828
f 1887 1886 1834
f 1834 1886 1827
f 1841 716 1838
f 1838 716 1505
f 782 784 1850
f 1850 784 1240
f 1239 1242 1863
f 1863 1242 1864
f 1242 1894 1864
f 1864 1894 1873
f 1822 1239 1823
f 1823 1239 1863
f 1318 1317 1895
f 1895 1317 1900
f 1894 1896 1873
f 1873 1896 1897
f 1291 1896 1292
f 1292 1896 1895
f 605 1898 606
f 606 1898 1897
f 1258 1257 2854
f 2854 1257 2855
f 1257 1351 2855
f 2855 1351 2857
f 1351 1353 2857
f 2857 1353 2858
f 1353 3033 2858
f 2858 3033 2859
f 2860 2861 3036
f 3036 2861 3037
f 2862 2863 2870
f 2870 2863 3039
f 2870 2869 2862
f 2862 2869 2864
f 2868 2865 2869
f 2869 2865 2864
f 1764 2866 2868
f 2868 2866 2865
f 1537 1199 1760
f 1760 1199 1348
f 615 2884 1758
f 1758 2884 1759
f 1825 1246 2890
f 2890 1246 1245
f 2893 2892 1824
f 1824 2892 2891
f 761 2960 758
f 758 2960 2906
f 3000 2943 2940
f 2940 2943 2941
f 2968 710 2950
f 2950 710 709
f 1764 1423 2866
f 2866 1423 2953
f 1423 645 2953
f 2953 645 2954
f 645 644 2954
f 2954 644 2955
f 644 738 2955
f 2955 738 2956
f 738 764 2956
f 2956 764 2957
f 764 763 2957
f 2957 763 2958
f 763 2908 2958
f 2958 2908 2959
f 2908 1436 2959
f 2959 1436 2961
f 1837 2964 1435
f 1435 2964 2963
f 1837 2937 2964
f 2964 2937 2965
f 2936 2968 2966
f 2966 2968 2950
f 1840 2942 1838
f 1838 2942 2941
f 2939 2949 2940
f 2940 2949 3006
f 2939 2942 2966
f 2966 2942 2965
f 1822 1825 1850
f 1850 1825 2890
f 1891 3005 1828
f 1828 3005 3006
f 3035 3038 3045
f 3045 3038 3042
f 3045 3044 3035
f 3035 3044 3040
f 669 1422 3045
f 3045 1422 3044
f 599 670 3041
f 3041 670 3042
f 931 3067 932
f 932 3067 3065
f 2853 3066 2854
f 2854 3066 3076
f 3067 3496 3065
f 3065 3496 3497
f 3066 3498 3076
f 3076 3498 3499
f 707 1813 708
f 708 1813 1244
f 2960 2962 2906
f 2906 2962 1504
f 2892 1887 2891
f 2891 1887 1834
f 1839 2962 2963
f 2963 2962 2961
f 595 626 596
f 596 626 625
f 623 626 3484
f 3484 626 2859
f 1291 1290 606
f 606 1290 603
f 1290 650 603
f 603 650 641
f 641 650 642
f 642 650 649
f 2860 2863 649
f 649 2863 642
f 3036 3039 2860
f 2860 3039 2863
f 3035 3040 3036
f 3036 3040 3039
f 1294 1293 1295
f 1295 1293 1292
f 624 651 1294
f 1294 651 1293
f 623 652 624
f 624 652 651
f 3484 2861 623
f 623 2861 652
f 3032 3037 3484
f 3484 3037 2861
f 3031 3038 3032
f 3032 3038 3037
f 3481 2848 2884
f 2884 2848 942
f 2846 617 1427
f 1427 617 616
f 3049 3167 3048
f 3048 3167 3500
f 1906 3048 3070
f 3070 3048 3500
f 1337 1768 3501
f 3501 1768 3502
f 3020 3503 3021
f 3021 3503 3024
f 2914 3023 3020
f 3020 3023 3503
f 859 1770 860
f 860 1770 3504
f 1336 3505 1768
f 1768 3505 3502
f 3065 3497 3066
f 3066 3497 3498
f 2814 3075 3067
f 3067 3075 3496
f 2839 3174 766
f 766 3174 3017
f 1337 3501 1338
f 1338 3501 1769
f 767 3018 3026
f 3026 3018 3506
f 3076 3499 3064
f 3064 3499 3507
f 727 730 3483
f 3483 730 3030
f 3064 3507 2871
f 2871 3507 3077
f 3100 3160 1786
f 1786 3160 1784
f 3026 3506 752
f 752 3506 3015
f 860 3504 2923
f 2923 3504 3508
f 753 3016 3027
f 3027 3016 3509
f 3027 3509 3008
f 3008 3509 3028
f 1782 1785 1783
f 1783 1785 3022
f 2923 3508 3153
f 3153 3508 3161
f 3148 3149 1208
f 1208 3149 3150
f 1335 1328 3510
f 3510 1328 1327
f 1336 1335 3505
f 3505 1335 3510
f 866 3511 1340
f 1340 3511 3146
f 865 1808 866
f 866 1808 3511
f 842 841 3159
f 3159 841 3485
f 2849 3512 1329
f 1329 3512 1326
f 1202 1331 2849
f 2849 1331 3512
f 3514 3515 3513
f 3513 3515 3516
f 3518 3516 3517
f 3517 3516 3515
f 3519 3520 3514
f 3514 3520 3515
f 3522 3523 3521
f 3521 3523 3524
f 3526 3527 3525
f 3525 3527 3528
f 3530 3531 3529
f 3529 3531 3532
f 3534 3535 3533
f 3533 3535 3536
f 3529 3532 3537
f 3537 3532 3538
f 3537 3539 3529
f 3529 3539 3540
f 3542 3543 3541
f 3541 3543 3544
f 3546 3547 3545
f 3545 3547 3548
f 3550 3534 3549
f 3549 3534 3533
f 3550 3543 3551
f 3551 3543 3552
f 3537 3545 3539
f 3539 3545 3548
f 3553 3554 3556
f 3556 3554 3555
f 3537 3557 3545
f 3545 3557 3546
f 3558 3559 3561
f 3561 3559 3560
f 3563 3564 3562
f 3562 3564 3565
f 3564 3563 3566
f 3566 3563 3567
f 3569 3570 3568
f 3568 3570 3571
f 3573 3574 3572
f 3572 3574 3575
f 3577 3578 3576
f 3576 3578 3579
f 3581 3582 3580
f 3580 3582 3583
f 3585 3586 3584
f 3584 3586 3579
f 3586 3587 3579
f 3579 3587 3576
f 3589 3590 3588
f 3588 3590 3591
f 3592 3593 3595
f 3595 3593 3594
f 3597 3598 3596
f 3596 3598 3595
f 3583 3600 3599
f 3599 3600 3601
f 3603 3599 3602
f 3602 3599 3601
f 3605 3606 3604
f 3604 3606 3607
f 3608 3555 3596
f 3596 3555 3554
f 3597 3610 3609
f 3609 3610 3565
f 3564 3611 3565
f 3565 3611 3609
f 3611 3564 3612
f 3612 3564 3566
f 3613 3614 3569
f 3569 3614 3570
f 3615 3616 3573
f 3573 3616 3574
f 3517 3617 3518
f 3518 3617 3618
f 3620 3621 3619
f 3619 3621 3622
f 3624 3625 3623
f 3623 3625 3626
f 3628 3629 3627
f 3627 3629 3630
f 3632 3633 3631
f 3631 3633 3634
f 3636 3637 3635
f 3635 3637 3638
f 3640 3641 3639
f 3639 3641 3642
f 3643 3644 3639
f 3639 3644 3640
f 3646 3513 3645
f 3645 3513 3647
f 3648 3514 3646
f 3646 3514 3513
f 3649 3519 3648
f 3648 3519 3514
f 3650 3651 3527
f 3527 3651 3652
f 3654 3651 3653
f 3653 3651 3650
f 3568 3571 3655
f 3655 3571 3656
f 3657 3658 3653
f 3653 3658 3659
f 3661 3662 3660
f 3660 3662 3658
f 3664 3665 3663
f 3663 3665 3666
f 3667 3657 3650
f 3650 3657 3653
f 3669 3523 3668
f 3668 3523 3670
f 3672 3673 3671
f 3671 3673 3674
f 3676 3677 3675
f 3675 3677 3678
f 3671 3674 3676
f 3676 3674 3677
f 3680 3681 3679
f 3679 3681 3682
f 3683 3684 3680
f 3680 3684 3681
f 3685 3686 3661
f 3661 3686 3662
f 3686 3687 3662
f 3662 3687 3688
f 3684 3683 3689
f 3689 3683 3690
f 3692 3693 3691
f 3691 3693 3694
f 3691 3694 3695
f 3695 3694 3696
f 3698 3699 3697
f 3697 3699 3700
f 3702 3703 3701
f 3701 3703 3704
f 3705 3706 3519
f 3519 3706 3520
f 3673 3672 3707
f 3707 3672 3708
f 3709 3710 3682
f 3682 3710 3679
f 3711 3712 3692
f 3692 3712 3693
f 3714 3715 3713
f 3713 3715 3716
f 3718 3700 3717
f 3717 3700 3699
f 3720 3721 3719
f 3719 3721 3722
f 3724 3725 3723
f 3723 3725 3726
f 3727 3728 3730
f 3730 3728 3729
f 3722 3721 3731
f 3731 3721 3732
f 3697 3700 3733
f 3733 3700 3714
f 3733 3714 3734
f 3734 3714 3713
f 3721 3723 3732
f 3732 3723 3735
f 3720 3736 3724
f 3724 3736 3737
f 3700 3718 3714
f 3714 3718 3715
f 3717 3699 3738
f 3738 3699 3739
f 3536 3740 3533
f 3533 3740 3540
f 3742 3743 3741
f 3741 3743 3744
f 3746 3747 3745
f 3745 3747 3748
f 3750 3751 3749
f 3749 3751 3752
f 3627 3632 3628
f 3628 3632 3631
f 3754 3755 3753
f 3753 3755 3626
f 3562 3565 3756
f 3756 3565 3610
f 3527 3652 3528
f 3528 3652 3757
f 3758 3524 3669
f 3669 3524 3523
f 3582 3598 3583
f 3583 3598 3600
f 3759 3670 3522
f 3522 3670 3523
f 3675 3678 3760
f 3760 3678 3761
f 3762 3763 3690
f 3690 3763 3689
f 3765 3766 3764
f 3764 3766 3767
f 3768 3739 3698
f 3698 3739 3699
f 3726 3725 3770
f 3770 3725 3769
f 3645 3647 3771
f 3771 3647 3772
f 3645 3678 3646
f 3646 3678 3677
f 3646 3677 3648
f 3648 3677 3674
f 3673 3649 3674
f 3674 3649 3648
f 3707 3773 3673
f 3673 3773 3649
f 3775 3776 3774
f 3774 3776 3777
f 3779 3526 3778
f 3778 3526 3525
f 3526 3779 3667
f 3667 3779 3780
f 3780 3781 3667
f 3667 3781 3657
f 3672 3679 3708
f 3708 3679 3710
f 3671 3680 3672
f 3672 3680 3679
f 3676 3683 3671
f 3671 3683 3680
f 3675 3690 3676
f 3676 3690 3683
f 3760 3762 3675
f 3675 3762 3690
f 3682 3681 3783
f 3783 3681 3782
f 3689 3784 3684
f 3684 3784 3785
f 3684 3785 3681
f 3681 3785 3782
f 3786 3709 3783
f 3783 3709 3682
f 3784 3689 3787
f 3787 3689 3763
f 3789 3557 3788
f 3788 3557 3790
f 3792 3793 3791
f 3791 3793 3794
f 3616 3615 3795
f 3795 3615 3796
f 3797 3798 3727
f 3727 3798 3728
f 3800 3801 3799
f 3799 3801 3802
f 3803 3578 3592
f 3592 3578 3593
f 3805 3806 3804
f 3804 3806 3807
f 3599 3603 3585
f 3585 3603 3586
f 3587 3586 3604
f 3604 3586 3603
f 3588 3591 3794
f 3794 3591 3791
f 3581 3803 3582
f 3582 3803 3592
f 3594 3561 3608
f 3608 3561 3790
f 3662 3688 3808
f 3808 3688 3809
f 3665 3664 3810
f 3810 3664 3811
f 3719 3812 3720
f 3720 3812 3736
f 3717 3813 3718
f 3718 3813 3737
f 3723 3721 3724
f 3724 3721 3720
f 3813 3717 3814
f 3814 3717 3738
f 3815 3816 303
f 303 3816 304
f 3818 3819 3817
f 3817 3819 3820
f 3578 3803 3579
f 3579 3803 3584
f 3558 3593 3577
f 3577 3593 3578
f 3822 3823 3821
f 3821 3823 3824
f 3546 3826 3825
f 3825 3826 3827
f 3828 3829 3547
f 3547 3829 3541
f 3831 3542 3830
f 3830 3542 3832
f 3834 3822 3833
f 3833 3822 3821
f 3835 3836 3827
f 3827 3836 3825
f 3800 3799 3828
f 3828 3799 3829
f 3830 3832 3837
f 3837 3832 3838
f 331 330 3551
f 3551 330 3839
f 3831 333 3552
f 3552 333 332
f 3819 3797 3841
f 3841 3797 3840
f 3513 3516 3647
f 3647 3516 3746
f 337 336 3745
f 3745 336 3772
f 3525 3528 3775
f 3775 3528 3749
f 3610 3597 3554
f 3554 3597 3596
f 3706 3702 3520
f 3520 3702 3701
f 3756 3610 3553
f 3553 3610 3554
f 3757 3750 3528
f 3528 3750 3749
f 3517 3515 3701
f 3701 3515 3520
f 3842 3584 3581
f 3581 3584 3803
f 3525 3775 3778
f 3778 3775 3774
f 3638 3843 3635
f 3635 3843 3618
f 3617 3621 3618
f 3618 3621 3635
f 3617 3517 3704
f 3704 3517 3701
f 3521 3624 3522
f 3522 3624 3623
f 3749 3844 3775
f 3775 3844 3776
f 3846 3847 3845
f 3845 3847 3848
f 3843 3747 3618
f 3618 3747 3518
f 3850 3851 3849
f 3849 3851 3748
f 3853 3854 3852
f 3852 3854 3855
f 3856 3857 3622
f 3622 3857 3619
f 3859 3860 3858
f 3858 3860 3861
f 3862 3844 3752
f 3752 3844 3749
f 3863 3759 3623
f 3623 3759 3522
f 3864 3777 3630
f 3630 3777 3776
f 3713 3865 3734
f 3734 3865 3866
f 3868 3869 3867
f 3867 3869 3870
f 3872 3873 3871
f 3871 3873 3874
f 3876 3877 3875
f 3875 3877 3878
f 3879 3880 3878
f 3878 3880 3881
f 3882 3883 3885
f 3885 3883 3884
f 3780 3886 3781
f 3781 3886 3887
f 3888 3685 3869
f 3869 3685 3661
f 3880 3879 3883
f 3883 3879 3884
f 3693 3783 3694
f 3694 3783 3782
f 3696 3785 3764
f 3764 3785 3784
f 3694 3782 3696
f 3696 3782 3785
f 3693 3786 3783
f 3787 3765 3784
f 3784 3765 3764
f 386 385 3765
f 3765 385 3766
f 3695 3889 3691
f 3691 3889 3890
f 3691 3890 3692
f 3692 3890 3891
f 3892 3711 3891
f 3891 3711 3692
f 3767 3893 3695
f 3695 3893 3889
f 3766 3894 3767
f 3767 3894 3893
f 3882 3885 3895
f 3895 3885 3896
f 3898 3698 3897
f 3897 3698 3697
f 3897 3697 3899
f 3899 3697 3733
f 3899 3733 3900
f 3900 3733 3734
f 3901 3768 3898
f 3898 3768 3698
f 3901 3902 3768
f 3768 3902 3903
f 3904 3905 3907
f 3907 3905 3906
f 3869 3661 3870
f 3870 3661 3660
f 3908 3909 3896
f 3896 3909 3895
f 3909 3758 3895
f 3895 3758 3669
f 3751 3531 3752
f 3752 3531 3848
f 3858 3536 3854
f 3854 3536 3535
f 3652 3562 3757
f 3757 3562 3756
f 3651 3654 3563
f 3563 3654 3567
f 3655 3656 3808
f 3808 3656 3659
f 3530 3740 3845
f 3845 3740 3861
f 3751 3750 3556
f 3556 3750 3553
f 3817 3820 3796
f 3796 3820 3795
f 410 409 3910
f 3910 409 3855
f 3750 3757 3553
f 3553 3757 3756
f 3908 3886 3909
f 3909 3886 3780
f 409 411 3855
f 3855 411 3851
f 413 412 3760
f 3760 412 3762
f 415 414 3763
f 3763 414 3787
f 3790 3557 3538
f 3538 3557 3537
f 3555 3608 3538
f 3538 3608 3790
f 3574 3911 3575
f 3575 3911 3912
f 3535 3534 3910
f 3910 3534 3839
f 3831 3552 3542
f 3542 3552 3543
f 3534 3550 3839
f 3839 3550 3551
f 3543 3550 3544
f 3544 3550 3549
f 3913 3914 3916
f 3916 3914 3915
f 3806 3805 3589
f 3589 3805 3590
f 3849 3843 3917
f 3917 3843 3638
f 3853 3644 3859
f 3859 3644 3742
f 3747 3746 3518
f 3518 3746 3516
f 3695 3696 3767
f 3767 3696 3764
f 3903 3918 3768
f 3768 3918 3739
f 3738 3739 3816
f 3816 3739 3918
f 3919 3920 3769
f 3769 3920 3770
f 3921 3726 3922
f 3922 3726 3770
f 3678 3645 3761
f 3761 3645 3771
f 3924 3913 3923
f 3923 3913 3916
f 3802 3925 3838
f 3838 3925 3837
f 3577 3926 3558
f 3558 3926 3559
f 3815 3919 3814
f 3814 3919 3769
f 3927 3928 3822
f 3822 3928 3823
f 3829 3832 3541
f 3541 3832 3542
f 3834 3927 3822
f 3832 3829 3838
f 3838 3829 3799
f 3745 3772 3746
f 3746 3772 3647
f 3849 3748 3843
f 3843 3748 3747
f 3854 3853 3858
f 3858 3853 3859
f 3854 3535 3855
f 3855 3535 3910
f 3557 3789 3546
f 3546 3789 3826
f 3923 3823 3924
f 3924 3823 3928
f 3823 3923 3929
f 3929 3923 3930
f 3531 3751 3532
f 3532 3751 3556
f 3532 3556 3538
f 3538 3556 3555
f 3932 3634 3931
f 3931 3634 3633
f 3814 3769 3813
f 3813 3769 3725
f 3620 3636 3621
f 3621 3636 3635
f 3847 3862 3848
f 3848 3862 3752
f 3531 3530 3848
f 3848 3530 3845
f 3933 3934 3830
f 3830 3934 3831
f 3925 3933 3837
f 3837 3933 3830
f 3934 440 3831
f 3831 440 333
f 3925 3802 3833
f 3833 3802 3801
f 3776 3844 3630
f 3630 3844 3627
f 3808 3659 3662
f 3662 3659 3658
f 3667 3650 3526
f 3526 3650 3527
f 3935 3666 3936
f 3936 3666 3665
f 3718 3737 3715
f 3715 3737 3736
f 3663 3809 3664
f 3664 3809 3688
f 3807 3806 3938
f 3938 3806 3937
f 445 413 3761
f 3761 413 3760
f 3902 447 3903
f 3903 447 446
f 3897 3890 3898
f 3898 3890 3889
f 3899 3891 3897
f 3897 3891 3890
f 3898 3889 3901
f 3901 3889 3893
f 3893 3894 3901
f 3901 3894 3902
f 414 386 3787
f 3787 386 3765
f 3940 3941 3939
f 3939 3941 3942
f 3840 3797 3943
f 3943 3797 3727
f 3665 3810 3936
f 3936 3810 3944
f 3921 3735 3726
f 3726 3735 3723
f 3920 3945 3770
f 3770 3945 3922
f 3521 3524 3774
f 3774 3524 3778
f 3864 3946 3625
f 3625 3946 3947
f 3773 3705 3649
f 3649 3705 3519
f 3779 3778 3758
f 3758 3778 3524
f 3812 3716 3736
f 3736 3716 3715
f 3624 3521 3777
f 3777 3521 3774
f 3703 3856 3704
f 3704 3856 3622
f 3900 3892 3899
f 3899 3892 3891
f 3641 3917 3642
f 3642 3917 3948
f 3895 3669 3882
f 3882 3669 3668
f 3855 3851 3852
f 3852 3851 3850
f 3894 458 3902
f 3902 458 447
f 3781 3887 3660
f 3660 3887 3870
f 3570 3566 3571
f 3571 3566 3567
f 3950 3576 3949
f 3949 3576 3587
f 3605 3602 3614
f 3614 3602 3612
f 3614 3612 3570
f 3570 3612 3566
f 3571 3567 3656
f 3656 3567 3654
f 3660 3658 3781
f 3781 3658 3657
f 3604 3607 3587
f 3587 3607 3949
f 3653 3659 3654
f 3654 3659 3656
f 3529 3540 3530
f 3530 3540 3740
f 3687 3811 3688
f 3688 3811 3664
f 3813 3725 3737
f 3737 3725 3724
f 3919 3815 461
f 461 3815 303
f 3818 3798 3819
f 3819 3798 3797
f 3819 3841 3820
f 3820 3841 3951
f 3816 3815 3738
f 3738 3815 3814
f 3540 3539 3533
f 3533 3539 3549
f 3548 3547 3544
f 3544 3547 3541
f 3539 3548 3549
f 3549 3548 3544
f 3741 3931 3860
f 3860 3931 3846
f 3801 3800 3835
f 3835 3800 3836
f 3934 3933 3824
f 3824 3933 3821
f 3825 3828 3546
f 3546 3828 3547
f 3833 3821 3925
f 3925 3821 3933
f 3800 3828 3836
f 3836 3828 3825
f 3824 3952 3934
f 3934 3952 440
f 3860 3846 3861
f 3861 3846 3845
f 3629 3946 3630
f 3630 3946 3864
f 3740 3536 3861
f 3861 3536 3858
f 3833 3801 3834
f 3834 3801 3835
f 3583 3599 3580
f 3580 3599 3585
f 3651 3563 3652
f 3652 3563 3562
f 3758 3909 3779
f 3779 3909 3780
f 3621 3617 3622
f 3622 3617 3704
f 3625 3947 3626
f 3626 3947 3753
f 3633 3632 3847
f 3847 3632 3862
f 3852 3850 3640
f 3640 3850 3641
f 3644 3853 3640
f 3640 3853 3852
f 3859 3742 3860
f 3860 3742 3741
f 3632 3627 3862
f 3862 3627 3844
f 3755 3863 3626
f 3626 3863 3623
f 3917 3638 3948
f 3948 3638 3637
f 3644 3643 3742
f 3742 3643 3743
f 3931 3633 3846
f 3846 3633 3847
f 3625 3624 3864
f 3864 3624 3777
f 3917 3641 3849
f 3849 3641 3850
f 3744 3932 3741
f 3741 3932 3931
f 3903 446 3918
f 3918 446 464
f 3953 3954 3956
f 3956 3954 3955
f 3958 3959 3957
f 3957 3959 3960
f 3876 3958 3877
f 3877 3958 3957
f 3877 3957 3961
f 3961 3957 3962
f 3963 3964 3958
f 3958 3964 3959
f 3965 3966 3876
f 3876 3966 3958
f 3966 3963 3958
f 3966 3967 3963
f 3963 3967 3968
f 3878 3877 3879
f 3879 3877 3961
f 3967 3969 3968
f 3968 3969 3970
f 3969 3971 3970
f 3970 3971 3972
f 3974 3904 3973
f 3973 3904 3907
f 3971 3975 3972
f 3972 3975 3976
f 3976 3975 3978
f 3978 3975 3977
f 3979 3980 3977
f 3977 3980 3978
f 3981 3982 3979
f 3979 3982 3980
f 3983 3984 3981
f 3981 3984 3982
f 3972 3985 3970
f 3970 3985 3986
f 3871 3987 3969
f 3969 3987 3971
f 3872 3871 3967
f 3967 3871 3969
f 3965 3872 3966
f 3966 3872 3967
f 3970 3986 3968
f 3968 3986 3988
f 3879 3961 3884
f 3884 3961 3940
f 3884 3940 3885
f 3885 3940 3939
f 3989 3990 3992
f 3992 3990 3991
f 3942 3993 3995
f 3995 3993 3994
f 3994 3996 3995
f 3995 3996 3974
f 3997 3998 3994
f 3994 3998 3996
f 3999 3997 3993
f 3993 3997 3994
f 4001 3996 4000
f 4000 3996 3998
f 4000 3998 4002
f 4002 3998 4003
f 4004 4003 3997
f 3997 4003 3998
f 3997 3999 4004
f 4004 3999 4005
f 4006 3995 3973
f 3973 3995 3974
f 3939 3942 4006
f 4006 3942 3995
f 3906 3887 3907
f 3907 3887 3886
f 3887 3906 3870
f 3870 3906 3867
f 3908 3973 3886
f 3886 3973 3907
f 3865 4007 3866
f 3866 4007 4008
f 3984 3983 4009
f 4009 3983 4010
f 3961 3962 3940
f 3940 3962 3941
f 4012 3868 4011
f 4011 3868 3867
f 4013 3975 3987
f 3987 3975 3971
f 4014 3977 4013
f 4013 3977 3975
f 4015 4010 4007
f 4007 4010 3983
f 4007 3983 4008
f 4008 3983 3981
f 4008 3981 4016
f 4016 3981 3979
f 4017 3984 4018
f 4018 3984 4009
f 3977 4014 3979
f 3979 4014 4016
f 3982 3984 4019
f 4019 3984 4017
f 4021 4022 4020
f 4020 4022 4023
f 4022 4012 4023
f 4023 4012 4011
f 4023 3904 4020
f 4020 3904 3974
f 4024 4025 4018
f 4018 4025 4017
f 4026 4027 4024
f 4024 4027 4025
f 4028 4026 4029
f 4029 4026 4024
f 4018 4021 4024
f 4024 4021 4029
f 4030 4031 4026
f 4026 4031 4027
f 4032 4030 4028
f 4028 4030 4026
f 4029 4001 4028
f 4028 4001 4000
f 4028 4000 4032
f 4032 4000 4002
f 4034 4035 4033
f 4033 4035 4036
f 4037 4038 4019
f 4019 4038 4039
f 4041 4039 4040
f 4040 4039 4038
f 4040 4038 4042
f 4042 4038 4036
f 4042 4036 4043
f 4043 4036 4035
f 3985 4044 4046
f 4046 4044 4045
f 4047 4048 4045
f 4045 4048 4046
f 4047 4049 4048
f 4048 4049 4050
f 4042 4047 4040
f 4040 4047 4045
f 4043 4049 4042
f 4042 4049 4047
f 4040 4045 4041
f 4041 4045 4044
f 4052 3959 4051
f 4051 3959 3964
f 4053 4054 4051
f 4051 4054 4055
f 3956 3960 4052
f 4052 3960 3959
f 3953 3956 4056
f 4056 3956 4052
f 4058 3953 4057
f 4057 3953 4056
f 4060 4061 4059
f 4059 4061 4062
f 4063 4064 4054
f 4054 4064 4057
f 4054 4053 4063
f 4063 4053 4065
f 4066 4067 4069
f 4069 4067 4068
f 4048 4050 4063
f 4063 4050 4064
f 4063 4065 4048
f 4048 4065 4046
f 3985 4046 3986
f 3986 4046 4065
f 3986 4065 3988
f 3988 4065 4053
f 3988 4053 3964
f 3964 4053 4051
f 3976 3978 4044
f 4044 3978 4041
f 3980 3982 4039
f 4039 3982 4019
f 4039 4041 3980
f 3980 4041 3978
f 3973 3908 4006
f 4006 3908 3896
f 3885 3939 3896
f 3896 3939 4006
f 4031 4034 4027
f 4027 4034 4033
f 4027 4033 4025
f 4025 4033 4037
f 4019 4017 4037
f 4037 4017 4025
f 3993 3942 4070
f 4070 3942 3941
f 3999 3993 4071
f 4071 3993 4070
f 3999 4071 4005
f 4005 4071 4072
f 4073 4074 4076
f 4076 4074 4075
f 4078 4079 4077
f 4077 4079 4080
f 4082 4080 4081
f 4081 4080 4079
f 4084 4085 4083
f 4083 4085 4086
f 4087 4088 4090
f 4090 4088 4089
f 4092 4093 4091
f 4091 4093 4094
f 4096 4097 4095
f 4095 4097 4098
f 4100 4101 4099
f 4099 4101 4102
f 4103 4104 4106
f 4106 4104 4105
f 4108 4109 4107
f 4107 4109 4110
f 4112 4113 4111
f 4111 4113 4114
f 4116 4117 4115
f 4115 4117 4118
f 4120 4121 4119
f 4119 4121 4122
f 4123 4124 4126
f 4126 4124 4125
f 4127 4128 4130
f 4130 4128 4129
f 4132 4133 4131
f 4131 4133 4134
f 4136 4108 4135
f 4135 4108 4107
f 4138 4139 4137
f 4137 4139 4140
f 4141 4142 4088
f 4088 4142 4089
f 4144 4145 4143
f 4143 4145 4146
f 4148 4149 4147
f 4147 4149 4150
f 4152 4153 4151
f 4151 4153 4154
f 4156 4082 4155
f 4155 4082 4081
f 4157 4158 4160
f 4160 4158 4159
f 4161 4162 4164
f 4164 4162 4163
f 4166 4122 4165
f 4165 4122 4121
f 4168 4152 4167
f 4167 4152 4151
f 4169 4170 4172
f 4172 4170 4171
f 4174 4175 4173
f 4173 4175 4176
f 4178 4149 4177
f 4177 4149 4179
f 4173 4176 4180
f 4180 4176 4181
f 4156 4085 4182
f 4182 4085 4183
f 4182 4184 4156
f 4156 4184 4082
f 4185 4186 4184
f 4184 4186 4187
f 4186 4188 4187
f 4187 4188 4189
f 4190 4191 4073
f 4073 4191 4074
f 4177 4179 4158
f 4158 4179 4159
f 4193 4127 4192
f 4192 4127 4130
f 4144 4194 4151
f 4151 4194 4167
f 4196 4197 4195
f 4195 4197 4198
f 4095 4199 4096
f 4096 4199 4200
f 4201 4202 4204
f 4204 4202 4203
f 4205 4206 4208
f 4208 4206 4207
f 4121 4120 4209
f 4209 4120 4210
f 4212 4213 4211
f 4211 4213 4214
f 4216 4217 4215
f 4215 4217 4218
f 4220 4221 4219
f 4219 4221 4222
f 4224 4196 4223
f 4223 4196 4195
f 4225 4226 4134
f 4134 4226 4131
f 4228 4229 4227
f 4227 4229 4230
f 4232 4233 4231
f 4231 4233 4098
f 4235 4236 4234
f 4234 4236 4237
f 4239 4240 4238
f 4238 4240 4241
f 4242 4243 4245
f 4245 4243 4244
f 4246 4247 4249
f 4249 4247 4248
f 4251 4252 4250
f 4250 4252 4253
f 4255 4256 4254
f 4254 4256 4257
f 4259 4260 4258
f 4258 4260 4261
f 4263 4264 4262
f 4262 4264 4265
f 4267 4268 4266
f 4266 4268 4269
f 4271 4199 4270
f 4270 4199 4272
f 4273 4274 4276
f 4276 4274 4275
f 4115 4118 4277
f 4277 4118 4278
f 4280 4281 4279
f 4279 4281 4282
f 4211 4283 4212
f 4212 4283 4284
f 4286 4287 4285
f 4285 4287 4288
f 4165 4121 4289
f 4289 4121 4209
f 4291 4286 4290
f 4290 4286 4285
f 4293 4294 4292
f 4292 4294 4295
f 4297 4298 4296
f 4296 4298 4299
f 4301 4302 4300
f 4300 4302 4303
f 4299 4304 4296
f 4296 4304 4305
f 4306 4292 4307
f 4307 4292 4295
f 4307 4308 4306
f 4306 4308 4309
f 4310 4309 4075
f 4075 4309 4308
f 4299 4298 4312
f 4312 4298 4311
f 4302 4301 4293
f 4293 4301 4294
f 3735 3921 4313
f 4313 3921 4314
f 4315 4314 3922
f 3922 4314 3921
f 4316 3945 829
f 829 3945 830
f 4289 4317 4165
f 4165 4317 4318
f 4320 4321 4319
f 4319 4321 4322
f 4324 4325 4323
f 4323 4325 4326
f 4327 4328 4330
f 4330 4328 4329
f 4290 4331 4291
f 4291 4331 4332
f 4165 4318 4166
f 4166 4318 4333
f 4334 4335 4337
f 4337 4335 4336
f 4339 4340 4338
f 4338 4340 4341
f 4168 4343 4342
f 4342 4343 4344
f 4346 4347 4345
f 4345 4347 4348
f 4350 4351 4349
f 4349 4351 4352
f 4354 4355 4353
f 4353 4355 4356
f 4357 4358 4324
f 4324 4358 4325
f 4337 4359 4334
f 4334 4359 4360
f 4362 4363 4361
f 4361 4363 4364
f 4366 4367 4365
f 4365 4367 4368
f 4369 4370 4372
f 4372 4370 4371
f 4331 4290 4374
f 4374 4290 4373
f 4373 4376 4375
f 4375 4376 4377
f 4379 4380 4378
f 4378 4380 4381
f 4217 4382 4218
f 4218 4382 4383
f 4385 4386 4384
f 4384 4386 4387
f 4388 4389 4338
f 4338 4389 4390
f 4337 4336 4392
f 4392 4336 4391
f 4394 4362 4393
f 4393 4362 4361
f 4396 4397 4395
f 4395 4397 4398
f 4400 4401 4399
f 4399 4401 4402
f 4345 4403 4346
f 4346 4403 4404
f 4405 4406 4342
f 4342 4406 4407
f 4409 4410 4408
f 4408 4410 4411
f 4408 4412 4409
f 4409 4412 4413
f 4181 4415 4414
f 4414 4415 4416
f 4182 4183 4417
f 4417 4183 4418
f 4419 4353 4311
f 4311 4353 4312
f 4421 4422 4420
f 4420 4422 4423
f 4353 4356 4312
f 4312 4356 4424
f 4166 4333 4425
f 4425 4333 4426
f 4425 4143 4166
f 4166 4143 4122
f 4427 4107 4428
f 4428 4107 4110
f 4429 4430 4174
f 4174 4430 4175
f 4335 4431 4336
f 4336 4431 4390
f 4336 4390 4391
f 4391 4390 4389
f 4432 4433 4435
f 4435 4433 4434
f 4437 4438 4436
f 4436 4438 4439
f 4441 4442 4440
f 4440 4442 4443
f 4359 4444 4361
f 4361 4444 4393
f 4446 4447 4445
f 4445 4447 4448
f 4338 4341 4388
f 4388 4341 4449
f 4450 4451 4398
f 4398 4451 4395
f 4453 4454 4452
f 4452 4454 4455
f 4457 4458 4456
f 4456 4458 4459
f 4460 4461 4448
f 4448 4461 4445
f 4463 4464 4462
f 4462 4464 4465
f 4462 4465 4466
f 4466 4465 4467
f 4468 4469 4467
f 4467 4469 4466
f 4469 4468 4470
f 4470 4468 4471
f 4472 4473 4471
f 4471 4473 4470
f 4475 4476 4474
f 4474 4476 4477
f 4479 4480 4478
f 4478 4480 4481
f 4483 4484 4482
f 4482 4484 4485
f 4487 4488 4486
f 4486 4488 4489
f 4491 4492 4490
f 4490 4492 4493
f 4494 4495 4493
f 4493 4495 4490
f 4496 4497 4494
f 4494 4497 4495
f 4497 4496 4498
f 4498 4496 4499
f 4500 4501 4503
f 4503 4501 4502
f 4505 4506 4504
f 4504 4506 4507
f 4466 4508 4462
f 4462 4508 4509
f 4470 4510 4469
f 4469 4510 4511
f 4513 4479 4512
f 4512 4479 4478
f 4515 4443 4514
f 4514 4443 4442
f 4516 4517 4519
f 4519 4517 4518
f 4521 4495 4520
f 4520 4495 4497
f 4522 4490 4521
f 4521 4490 4495
f 4491 4523 4488
f 4488 4523 4524
f 4525 4489 4524
f 4524 4489 4488
f 4484 4526 4485
f 4485 4526 4527
f 4503 4528 4500
f 4500 4528 4529
f 4530 4531 4533
f 4533 4531 4532
f 4535 4506 4534
f 4534 4506 4530
f 4486 4536 4487
f 4487 4536 4537
f 4487 4537 4492
f 4492 4537 4538
f 4494 4539 4496
f 4496 4539 4540
f 4542 4533 4541
f 4541 4533 4499
f 4544 4545 4543
f 4543 4545 4546
f 4548 4549 4547
f 4547 4549 4550
f 4536 4551 4537
f 4537 4551 4552
f 4537 4552 4538
f 4538 4552 4553
f 4554 4539 4556
f 4556 4539 4555
f 4557 4540 4554
f 4554 4540 4539
f 4559 4557 4558
f 4558 4557 4560
f 4540 4557 4541
f 4541 4557 4559
f 4562 4563 4561
f 4561 4563 4564
f 4546 4565 4543
f 4543 4565 4566
f 4547 4567 4548
f 4548 4567 4568
f 4570 4571 4569
f 4569 4571 4572
f 4574 4575 4573
f 4573 4575 4576
f 4578 4579 4577
f 4577 4579 4580
f 4582 4583 4581
f 4581 4583 4584
f 4585 4586 4588
f 4588 4586 4587
f 4589 4585 4590
f 4590 4585 4588
f 4592 4593 4591
f 4591 4593 4594
f 4596 4597 4595
f 4595 4597 4598
f 4600 4601 4599
f 4599 4601 4602
f 4563 4604 4603
f 4603 4604 4605
f 4603 4606 4608
f 4608 4606 4607
f 4609 4610 4594
f 4594 4610 4591
f 4611 4612 4614
f 4614 4612 4613
f 4616 4617 4615
f 4615 4617 4618
f 4602 4620 4619
f 4619 4620 4621
f 4619 4622 4602
f 4602 4622 4599
f 4605 4599 4623
f 4623 4599 4622
f 4605 4623 4603
f 4603 4623 4606
f 4625 4626 4624
f 4624 4626 4627
f 4438 4437 4628
f 4628 4437 4629
f 4442 4441 4630
f 4630 4441 4631
f 4630 4632 4442
f 4442 4632 4514
f 4633 4634 4529
f 4529 4634 4500
f 4500 4634 4501
f 4501 4634 4635
f 4637 4546 4636
f 4636 4546 4545
f 4639 4565 4638
f 4638 4565 4640
f 4573 4576 4641
f 4641 4576 4642
f 4593 4643 4594
f 4594 4643 4644
f 4645 4609 4644
f 4644 4609 4594
f 4647 4648 4646
f 4646 4648 4649
f 4651 4652 4650
f 4650 4652 4653
f 4654 4498 4519
f 4519 4498 4532
f 4520 4508 4521
f 4521 4508 4511
f 4522 4510 4523
f 4523 4510 4655
f 4524 4656 4525
f 4525 4656 4657
f 4514 4529 4515
f 4515 4529 4528
f 4658 4659 4661
f 4661 4659 4660
f 4496 4540 4499
f 4499 4540 4541
f 4493 4555 4494
f 4494 4555 4539
f 4549 4483 4550
f 4550 4483 4482
f 4545 4544 4501
f 4501 4544 4502
f 4636 4545 4635
f 4635 4545 4501
f 4589 4663 4662
f 4662 4663 4664
f 4662 4665 4558
f 4558 4665 4559
f 4569 4586 4570
f 4570 4586 4560
f 4552 4666 4553
f 4553 4666 4667
f 4668 4669 4670
f 4670 4669 4666
f 4672 4673 4671
f 4671 4673 4674
f 4287 4675 4288
f 4288 4675 4676
f 4678 4679 4677
f 4677 4679 4680
f 4681 4678 4682
f 4682 4678 4677
f 4682 4683 4681
f 4681 4683 4684
f 4161 4164 4685
f 4685 4164 4686
f 4414 4687 4689
f 4689 4687 4688
f 4405 4690 4346
f 4346 4690 4347
f 4691 4399 4693
f 4693 4399 4692
f 1209 4694 4365
f 4365 4694 4366
f 4650 1211 4651
f 4651 1211 1210
f 4695 4696 4255
f 4255 4696 4256
f 4697 4698 4218
f 4218 4698 4215
f 4700 4701 4699
f 4699 4701 4702
f 4703 4704 4303
f 4303 4704 4300
f 4315 3922 4316
f 4316 3922 3945
f 4653 4706 4705
f 4705 4706 4707
f 4709 4710 4708
f 4708 4710 4711
f 4335 4334 4713
f 4713 4334 4712
f 4714 4340 4321
f 4321 4340 4322
f 4716 4717 4715
f 4715 4717 4718
f 4238 4241 4719
f 4719 4241 4720
f 4231 4721 4307
f 4307 4721 4308
f 4723 4724 4722
f 4722 4724 4725
f 4727 4728 4726
f 4726 4728 4729
f 4730 4731 4327
f 4327 4731 4328
f 4733 4734 4732
f 4732 4734 4735
f 4720 4381 4736
f 4736 4381 4737
f 4738 4739 4741
f 4741 4739 4740
f 4743 4744 4742
f 4742 4744 4745
f 4338 4390 4339
f 4339 4390 4431
f 4746 4747 4431
f 4431 4747 4339
f 4291 4332 4289
f 4289 4332 4317
f 4289 4209 4291
f 4291 4209 4286
f 4287 4286 4210
f 4210 4286 4209
f 4749 4750 4748
f 4748 4750 4751
f 4212 4284 4752
f 4752 4284 4753
f 4752 4754 4212
f 4212 4754 4213
f 4252 4251 4225
f 4225 4251 4226
f 4227 4230 4248
f 4248 4230 4249
f 4205 4755 4757
f 4757 4755 4756
f 4708 4711 4758
f 4758 4711 4647
f 4367 4366 4759
f 4759 4366 4760
f 4526 4513 4527
f 4527 4513 4512
f 4420 4423 4385
f 4385 4423 4386
f 4705 4761 4653
f 4653 4761 4650
f 4761 1279 4650
f 4650 1279 1211
f 4762 4763 3944
f 3944 4763 3936
f 4274 4273 4765
f 4765 4273 4764
f 4767 4768 4766
f 4766 4768 4769
f 4770 4771 4769
f 4769 4771 4766
f 4771 4770 4242
f 4242 4770 4243
f 4093 4163 4094
f 4094 4163 4162
f 4772 4773 4775
f 4775 4773 4774
f 4777 4778 4776
f 4776 4778 4779
f 4417 4185 4182
f 4182 4185 4184
f 4780 4078 4781
f 4781 4078 4077
f 4781 4077 4782
f 4782 4077 4189
f 4188 4783 4189
f 4189 4783 4782
f 4295 4232 4307
f 4307 4232 4231
f 4785 4786 4784
f 4784 4786 4787
f 4784 1307 4785
f 4785 1307 1306
f 4078 4780 4096
f 4096 4780 4097
f 4075 4074 4310
f 4310 4074 4788
f 4788 4074 4789
f 4789 4074 4191
f 4789 4191 4059
f 4059 4191 4790
f 4791 4277 4792
f 4792 4277 4278
f 3732 3735 4793
f 4793 3735 4313
f 4793 4794 3732
f 3732 4794 3731
f 4792 4795 4791
f 4791 4795 4796
f 4797 4798 4799
f 4799 4798 4724
f 4763 4800 3936
f 3936 4800 3935
f 4801 4062 3729
f 3729 4062 3730
f 4713 4712 4802
f 4802 4712 4803
f 4146 4804 4119
f 4119 4804 4805
f 4498 4654 4497
f 4497 4654 4520
f 4806 4807 1326
f 1326 4807 1327
f 4689 4688 1330
f 1330 4688 1331
f 4801 4789 4062
f 4062 4789 4059
f 3730 4062 4808
f 4808 4062 4061
f 4810 4811 4809
f 4809 4811 4812
f 4813 4403 4814
f 4814 4403 4345
f 4815 4816 4349
f 4349 4816 4350
f 4817 4818 4820
f 4820 4818 4819
f 4406 4821 4407
f 4407 4821 4822
f 4823 4161 4824
f 4824 4161 4685
f 4181 4414 4825
f 4825 4414 4689
f 4741 4740 4826
f 4826 4740 4827
f 4828 4829 4827
f 4827 4829 4826
f 4142 4141 4415
f 4415 4141 4148
f 4830 1354 4761
f 4761 1354 1279
f 4832 4833 4831
f 4831 4833 4834
f 4835 4836 4626
f 4626 4836 4421
f 4451 4709 4395
f 4395 4709 4708
f 4627 4420 4837
f 4837 4420 4385
f 4837 1365 4838
f 4838 1365 1364
f 4397 4396 4839
f 4839 4396 4840
f 4842 4628 4841
f 4841 4628 4629
f 4671 4674 4631
f 4631 4674 4630
f 4674 4659 4630
f 4630 4659 4632
f 4633 4632 4658
f 4658 4632 4659
f 4658 4504 4633
f 4633 4504 4634
f 4635 4634 4507
f 4507 4634 4504
f 4843 4636 4507
f 4507 4636 4635
f 4844 4637 4843
f 4843 4637 4636
f 4637 4844 4640
f 4640 4844 4664
f 4638 4663 4642
f 4642 4663 4845
f 4847 4643 4846
f 4846 4643 4641
f 4644 4848 4645
f 4645 4848 4849
f 4851 4852 4850
f 4850 4852 4853
f 4855 4856 4854
f 4854 4856 4857
f 4859 4860 4858
f 4858 4860 4857
f 4715 4718 4859
f 4859 4718 4860
f 4862 4863 4861
f 4861 4863 4864
f 4866 4867 4865
f 4865 4867 4868
f 4870 4871 4869
f 4869 4871 4872
f 4869 4872 4116
f 4116 4872 4117
f 4820 4819 4874
f 4874 4819 4873
f 4876 4877 4875
f 4875 4877 4878
f 4880 4881 4879
f 4879 4881 4882
f 4884 4885 4883
f 4883 4885 4886
f 4887 4888 4280
f 4280 4888 4281
f 4818 4817 4889
f 4889 4817 4890
f 4891 4193 4823
f 4823 4193 4192
f 4892 4893 4228
f 4228 4893 4229
f 4158 4157 4894
f 4894 4157 4895
f 4896 4897 4132
f 4132 4897 4133
f 4099 4683 4100
f 4100 4683 4682
f 4101 4100 4899
f 4899 4100 4898
f 4150 4106 4147
f 4147 4106 4900
f 4100 4682 4898
f 4898 4682 4677
f 4080 4082 4187
f 4187 4082 4184
f 4077 4080 4189
f 4189 4080 4187
f 4191 4190 4790
f 4790 4190 4901
f 4177 4158 4680
f 4680 4158 4894
f 4108 4136 4752
f 4752 4136 4754
f 4752 4753 4108
f 4108 4753 4109
f 4817 4902 4890
f 4890 4902 4903
f 4904 4905 4907
f 4907 4905 4906
f 4909 4910 4908
f 4908 4910 4911
f 4913 4914 4912
f 4912 4914 4915
f 4916 4917 4919
f 4919 4917 4918
f 4312 4424 4299
f 4299 4424 4304
f 4920 4921 4297
f 4297 4921 4298
f 4194 4922 4167
f 4167 4922 4923
f 4924 4400 4691
f 4691 4400 4399
f 4395 4708 4396
f 4396 4708 4758
f 4367 4925 4368
f 4368 4925 4926
f 4919 4918 4873
f 4873 4918 4874
f 4836 4927 4421
f 4421 4927 4422
f 4921 4928 4298
f 4298 4928 4311
f 4143 4146 4122
f 4122 4146 4119
f 4929 4930 4455
f 4455 4930 4452
f 4932 4933 4931
f 4931 4933 4934
f 4935 4936 4932
f 4932 4936 4933
f 4461 4460 4457
f 4457 4460 4458
f 4480 4479 4475
f 4475 4479 4476
f 4660 4673 4517
f 4517 4673 4937
f 4661 4505 4658
f 4658 4505 4504
f 4484 4483 4489
f 4489 4483 4486
f 4462 4509 4463
f 4463 4509 4518
f 4469 4511 4466
f 4466 4511 4508
f 4655 4473 4656
f 4656 4473 4477
f 4476 4657 4477
f 4477 4657 4656
f 4479 4513 4476
f 4476 4513 4657
f 4489 4525 4484
f 4484 4525 4526
f 4483 4549 4486
f 4486 4549 4536
f 4549 4548 4536
f 4536 4548 4551
f 4548 4568 4551
f 4551 4568 4670
f 4663 4589 4845
f 4845 4589 4590
f 4668 4577 4938
f 4938 4577 4580
f 4940 4938 4939
f 4939 4938 4941
f 4940 4942 4669
f 4669 4942 4943
f 4587 4582 4944
f 4944 4582 4581
f 4848 4847 4608
f 4608 4847 4564
f 4616 4945 4613
f 4613 4945 4598
f 4615 4946 4616
f 4616 4946 4945
f 4947 4939 4948
f 4948 4939 4946
f 4599 4605 4600
f 4600 4605 4604
f 4608 4607 4848
f 4848 4607 4849
f 4613 4612 4616
f 4616 4612 4617
f 4835 4949 4709
f 4709 4949 4710
f 4357 1477 4837
f 4837 1477 1365
f 4712 4950 4803
f 4803 4950 4951
f 4401 4952 4402
f 4402 4952 4953
f 4759 4760 4402
f 4402 4760 4399
f 4508 4520 4509
f 4509 4520 4654
f 4510 4522 4511
f 4511 4522 4521
f 4513 4526 4657
f 4657 4526 4525
f 4632 4633 4514
f 4514 4633 4529
f 4931 4934 4453
f 4453 4934 4454
f 4153 4954 4154
f 4154 4954 4955
f 4957 4958 4956
f 4956 4958 4959
f 4961 4962 4960
f 4960 4962 4963
f 4120 4964 4210
f 4210 4964 4965
f 4967 4968 4966
f 4966 4968 4969
f 4349 4692 4815
f 4815 4692 4970
f 4652 4971 4653
f 4653 4971 4706
f 4758 4647 4972
f 4972 4647 4646
f 4973 4363 4646
f 4646 4363 4972
f 4950 4360 4974
f 4974 4360 4364
f 4431 4335 4746
f 4746 4335 4713
f 4358 4714 4325
f 4325 4714 4321
f 4765 4764 4266
f 4266 4764 4975
f 4202 4976 4203
f 4203 4976 4977
f 4917 4978 4918
f 4918 4978 4979
f 4279 4282 4854
f 4854 4282 4269
f 4820 4880 4817
f 4817 4880 4902
f 4890 4903 4980
f 4980 4903 4886
f 4982 4983 4981
f 4981 4983 4123
f 4795 4851 4796
f 4796 4851 4850
f 4918 4979 4874
f 4874 4979 4881
f 4809 4404 4810
f 4810 4404 4403
f 4354 4985 4984
f 4984 4985 4986
f 1364 1516 4838
f 4838 1516 4987
f 4759 4988 4367
f 4367 4988 4925
f 4989 4990 4481
f 4481 4990 4478
f 4443 4515 4990
f 4990 4515 4991
f 4527 4512 4992
f 4992 4512 4991
f 4528 4503 4992
f 4992 4503 4993
f 4993 4994 4485
f 4485 4994 4482
f 4544 4995 4502
f 4502 4995 4994
f 4995 4996 4550
f 4550 4996 4547
f 4998 4999 4997
f 4997 4999 4566
f 4998 5000 4578
f 4578 5000 4579
f 5001 5002 4596
f 4596 5002 4597
f 5003 4591 5004
f 5004 4591 4610
f 4626 4421 4627
f 4627 4421 4420
f 4837 4838 4627
f 4627 4838 4624
f 4761 4705 4830
f 4830 4705 5005
f 4705 4707 5005
f 5005 4707 5006
f 4308 4721 4075
f 4075 4721 4076
f 5007 4200 4797
f 4797 4200 4798
f 4685 4686 5008
f 5008 4686 5009
f 4889 4890 5010
f 5010 4890 4980
f 4323 1541 4324
f 4324 1541 1540
f 4385 4384 4358
f 4358 4384 4714
f 4396 4758 4840
f 4840 4758 4972
f 4866 4852 5011
f 5011 4852 5012
f 5013 4260 4980
f 4980 4260 5010
f 4875 4878 5014
f 5014 4878 5015
f 5017 5018 5016
f 5016 5018 5019
f 5016 5019 5020
f 5020 5019 5021
f 5023 5024 5022
f 5022 5024 5025
f 5027 5028 5026
f 5026 5028 5029
f 5031 5032 5030
f 5030 5032 5033
f 5035 5036 5034
f 5034 5036 5037
f 5039 5040 5038
f 5038 5040 5041
f 5043 5044 5042
f 5042 5044 5045
f 5038 5046 5039
f 5039 5046 5047
f 5049 5050 5048
f 5048 5050 5051
f 5053 5054 5052
f 5052 5054 5055
f 5057 5024 5056
f 5056 5024 5058
f 5060 5061 5059
f 5059 5061 5062
f 5064 5065 5063
f 5063 5065 5066
f 5043 5050 5064
f 5064 5050 5065
f 5038 5041 5067
f 5067 5041 5068
f 5070 5071 5069
f 5069 5071 5072
f 5074 5075 5073
f 5073 5075 5076
f 5034 5077 5035
f 5035 5077 5078
f 5080 5081 5079
f 5079 5081 5082
f 5084 5085 5083
f 5083 5085 5086
f 5085 5084 5087
f 5087 5084 5088
f 5090 5091 5089
f 5089 5091 5092
f 5094 5095 5093
f 5093 5095 5096
f 5098 5099 5097
f 5097 5099 5100
f 5102 5103 5101
f 5101 5103 5104
f 5105 5106 5108
f 5108 5106 5107
f 5110 5111 5109
f 5109 5111 5112
f 5114 5094 5113
f 5113 5094 5093
f 5116 5117 5115
f 5115 5117 5118
f 5120 5121 5119
f 5119 5121 5122
f 5124 5125 5123
f 5123 5125 5126
f 5128 5129 5127
f 5127 5129 5130
f 5097 5131 5098
f 5098 5131 5132
f 5134 5135 5133
f 5133 5135 5122
f 5084 5125 5088
f 5088 5125 5136
f 5138 5139 5137
f 5137 5139 5140
f 5142 5102 5141
f 5141 5102 5101
f 5106 5143 5107
f 5107 5143 5144
f 5146 5147 5145
f 5145 5147 5148
f 5149 5150 5109
f 5109 5150 5110
f 5151 5110 5152
f 5152 5110 5150
f 4715 5140 4716
f 4716 5140 5139
f 5143 4870 5144
f 5144 4870 4869
f 4115 5146 4116
f 4116 5146 5145
f 4791 4796 5149
f 5149 4796 5150
f 4796 4850 5150
f 5150 4850 5152
f 4858 5142 4859
f 4859 5142 5141
f 5153 5154 5115
f 5115 5154 5105
f 5156 5157 5155
f 5155 5157 5158
f 5159 5160 5053
f 5053 5160 5054
f 5161 5162 5020
f 5020 5162 5068
f 5026 5029 5163
f 5163 5029 5021
f 5083 5086 5164
f 5164 5086 5165
f 5090 5167 5166
f 5166 5167 5168
f 5169 5170 5172
f 5172 5170 5171
f 5174 5175 5173
f 5173 5175 5176
f 5177 5109 5178
f 5178 5109 5112
f 5179 5180 5182
f 5182 5180 5181
f 5123 5126 5120
f 5120 5126 5121
f 5180 5167 5181
f 5181 5167 5183
f 5184 5185 5179
f 5179 5185 5180
f 5186 5149 5177
f 5177 5149 5109
f 4868 5184 4865
f 4865 5184 5179
f 5188 5189 5187
f 5187 5189 5190
f 4277 4791 5186
f 5186 4791 5149
f 5179 5182 4865
f 4865 5182 4853
f 5189 4862 5190
f 5190 4862 4861
f 5156 5075 5191
f 5191 5075 5192
f 5036 5035 5193
f 5193 5035 5194
f 5115 5118 5153
f 5153 5118 5195
f 5022 5025 5196
f 5196 5025 5197
f 5155 5158 5069
f 5069 5158 5062
f 5063 5066 5198
f 5198 5066 5199
f 5073 5076 5200
f 5200 5076 5072
f 5202 5131 5201
f 5201 5131 5203
f 5143 5106 5204
f 5204 5106 5205
f 5114 5113 5206
f 5206 5113 5127
f 5098 5132 5193
f 5193 5132 5195
f 5204 5207 5143
f 5143 5207 4870
f 5088 5136 5208
f 5208 5136 5092
f 5209 5210 5089
f 5089 5210 5183
f 5211 5018 5060
f 5060 5018 5061
f 5017 5040 5070
f 5070 5040 5071
f 5191 5160 5156
f 5156 5160 5157
f 5048 5028 5049
f 5049 5028 5058
f 5207 5204 4858
f 4858 5204 5142
f 4859 5141 4715
f 4715 5141 5140
f 5212 5162 5042
f 5042 5162 5051
f 5182 5152 4853
f 4853 5152 4850
f 5214 5134 5213
f 5213 5134 5133
f 5164 5165 5133
f 5133 5165 5213
f 5215 5216 5201
f 5201 5216 5217
f 5147 5218 5148
f 5148 5218 5219
f 5147 5177 5218
f 5218 5177 5178
f 5141 5101 5140
f 5140 5101 5137
f 5201 5217 5202
f 5202 5217 5104
f 5146 5186 5147
f 5147 5186 5177
f 4277 5186 4115
f 4115 5186 5146
f 5191 5192 5031
f 5031 5192 5032
f 5052 5055 5220
f 5220 5055 5197
f 4116 5145 4869
f 4869 5145 5144
f 5034 5037 5214
f 5214 5037 5134
f 5097 5100 5114
f 5114 5100 5094
f 5108 5107 5219
f 5219 5107 5148
f 5221 5135 5116
f 5116 5135 5117
f 5124 5111 5209
f 5209 5111 5210
f 5107 5144 5148
f 5148 5144 5145
f 5152 5182 5151
f 5151 5182 5181
f 5208 5222 5088
f 5088 5222 5087
f 5222 5208 5171
f 5171 5208 5172
f 5223 1756 4698
f 4698 1756 1755
f 4427 5224 4107
f 4107 5224 4135
f 4178 4679 5225
f 5225 4679 5226
f 5227 5228 4892
f 4892 5228 4893
f 5229 5230 4171
f 4171 5230 4172
f 4855 4268 4884
f 4884 4268 4885
f 4884 4871 4855
f 4855 4871 4856
f 4684 5231 4896
f 4896 5231 4897
f 4768 4767 5009
f 5009 4767 5008
f 5205 5154 5102
f 5102 5154 5103
f 5099 5098 5194
f 5194 5098 5193
f 5198 5199 5079
f 5079 5199 5033
f 5102 5142 5205
f 5205 5142 5204
f 5224 4427 4681
f 4681 4427 4678
f 3712 3711 5232
f 5232 3711 5233
f 3968 3988 3963
f 3963 3988 3964
f 3976 4044 3972
f 3972 4044 3985
f 4038 4037 4036
f 4036 4037 4033
f 4794 4762 3731
f 3731 4762 3944
f 3731 3944 3722
f 3722 3944 3810
f 3874 5234 5232
f 5232 5234 3712
f 3906 3905 3867
f 3867 3905 4011
f 3904 4023 3905
f 3905 4023 4011
f 3719 3722 3811
f 3811 3722 3810
f 3812 3719 3687
f 3687 3719 3811
f 3716 3812 3686
f 3686 3812 3687
f 3713 3716 3685
f 3685 3716 3686
f 4810 4403 5235
f 5235 4403 4813
f 4345 1770 4814
f 4814 1770 1769
f 4067 4066 4058
f 4058 4066 5236
f 4043 4068 4049
f 4049 4068 4050
f 4034 5237 3989
f 3989 5237 3990
f 4031 4030 4072
f 4072 4030 4005
f 4003 4004 4002
f 4002 4004 4032
f 4004 4005 4032
f 4032 4005 4030
f 4067 4064 4068
f 4068 4064 4050
f 4058 4057 4067
f 4067 4057 4064
f 4035 4034 5238
f 5238 4034 3989
f 5236 5239 4058
f 4058 5239 5240
f 5234 3874 5241
f 5241 3874 3873
f 5241 3873 3881
f 3881 3873 3878
f 4800 4763 4788
f 4788 4763 4310
f 4763 4762 4310
f 4310 4762 4309
f 4762 4794 4309
f 4309 4794 4306
f 4794 4793 4306
f 4306 4793 4292
f 4293 4313 4302
f 4302 4313 4314
f 4302 4314 4303
f 4303 4314 4315
f 4303 4315 4703
f 4703 4315 4316
f 4035 4069 4043
f 4043 4069 4068
f 4324 1540 4357
f 4357 1540 1477
f 5232 3987 3874
f 3874 3987 3871
f 3987 5232 4013
f 4013 5232 5233
f 4013 5233 4014
f 4014 5233 5242
f 3888 4015 3865
f 3865 4015 4007
f 3866 4008 5243
f 5243 4008 4016
f 3873 5244 3878
f 3878 5244 3875
f 3965 5244 3872
f 3872 5244 3873
f 3876 3875 3965
f 3965 3875 5244
f 5243 4016 5242
f 5242 4016 4014
f 5246 5247 5245
f 5245 5247 5248
f 3576 3950 3577
f 3577 3950 3926
f 3584 3842 3585
f 3585 3842 3580
f 5249 5247 1784
f 1784 5247 1785
f 5250 5251 5253
f 5253 5251 5252
f 5255 5252 5254
f 5254 5252 5256
f 5254 5256 5258
f 5258 5256 5257
f 5258 5257 5260
f 5260 5257 5259
f 4356 5261 4424
f 4424 5261 5259
f 4355 5262 4356
f 4356 5262 5261
f 4924 5264 5263
f 5263 5264 5265
f 4693 5266 4691
f 4691 5266 5267
f 4351 5268 4352
f 4352 5268 5269
f 1808 1807 4351
f 4351 1807 5268
f 3580 3842 3581
f 3799 3802 3838
f 4800 4788 4801
f 4801 4788 4789
f 3729 3935 4801
f 4801 3935 4800
f 3728 3666 3729
f 3729 3666 3935
f 3728 3798 3666
f 3666 3798 3663
f 3798 3818 3663
f 3663 3818 3809
f 3818 3817 3809
f 3809 3817 3808
f 3796 3655 3817
f 3817 3655 3808
f 3615 3568 3796
f 3796 3568 3655
f 3573 3569 3615
f 3615 3569 3568
f 3572 3613 3573
f 3573 3613 3569
f 3792 3606 3572
f 3572 3606 3613
f 3607 3791 3949
f 3949 3791 3591
f 3590 3950 3591
f 3591 3950 3949
f 3805 3926 3590
f 3590 3926 3950
f 3804 3559 3805
f 3805 3559 3926
f 3804 3914 3559
f 3559 3914 3560
f 3924 3789 3913
f 3913 3789 3788
f 3924 3928 3789
f 3789 3928 3826
f 3928 3927 3826
f 3826 3927 3827
f 3927 3834 3827
f 3827 3834 3835
f 4079 4078 5270
f 5270 4078 5007
f 5271 5272 4233
f 4233 5272 5273
f 5275 5276 5274
f 5274 5276 5277
f 5278 5279 4236
f 4236 5279 4237
f 5278 5280 5271
f 5271 5280 5272
f 4235 5281 4236
f 4236 5281 5282
f 5284 5285 5283
f 5283 5285 5286
f 5288 5289 5287
f 5287 5289 5290
f 5292 5293 5291
f 5291 5293 5294
f 5287 5290 4726
f 4726 5290 5295
f 4293 4292 4313
f 4313 4292 4793
f 4720 4736 4719
f 4719 4736 5296
f 5297 4909 5298
f 5298 4909 4908
f 5299 5300 4976
f 4976 5300 5301
f 5302 4202 5303
f 5303 4202 4201
f 5304 5305 4983
f 4983 5305 5306
f 5308 5309 5307
f 5307 5309 5310
f 4722 4725 5283
f 5283 4725 5311
f 5291 5294 4125
f 4125 5294 4126
f 5313 5314 5312
f 5312 5314 5315
f 5316 5317 5319
f 5319 5317 5318
f 5321 5308 5320
f 5320 5308 5307
f 4819 4981 4873
f 4873 4981 5322
f 4981 4123 5322
f 5322 4123 4126
f 5324 5325 5323
f 5323 5325 5326
f 4764 5327 4975
f 4975 5327 5328
f 4172 5327 4169
f 4169 5327 5329
f 4768 4171 4769
f 4769 4171 4170
f 4243 4755 4244
f 4244 4755 5330
f 4755 4205 5330
f 5330 4205 4208
f 4206 4906 4207
f 4207 4906 4905
f 4686 5014 5009
f 5009 5014 5229
f 4756 4770 4170
f 4170 4770 4769
f 4170 4169 4756
f 4756 4169 4757
f 4273 5329 4764
f 4764 5329 5327
f 4276 5331 4273
f 4273 5331 5329
f 4770 4756 4243
f 4243 4756 4755
f 5333 4889 5332
f 5332 4889 5010
f 4877 5332 4878
f 4878 5332 4259
f 4875 4164 4876
f 4876 4164 4163
f 5334 5335 5324
f 5324 5335 5325
f 4983 5306 4123
f 4123 5306 4124
f 4818 4982 4819
f 4819 4982 4981
f 5332 5010 4259
f 4259 5010 4260
f 5014 4686 4875
f 4875 4686 4164
f 4171 4768 5229
f 5229 4768 5009
f 5337 4916 5336
f 5336 4916 4919
f 5293 5337 5294
f 5294 5337 5336
f 4982 4818 5333
f 5333 4818 4889
f 5338 5339 4262
f 4262 5339 5340
f 5307 5310 5338
f 5338 5310 5339
f 5341 5342 4204
f 4204 5342 5309
f 5336 4919 5322
f 5322 4919 4873
f 5294 5336 4126
f 4126 5336 5322
f 5323 5326 5343
f 5343 5326 5286
f 4914 5344 4915
f 4915 5344 5345
f 5312 5315 5344
f 5344 5315 5345
f 5347 5348 5346
f 5346 5348 5349
f 5350 5351 4832
f 4832 5351 4833
f 5352 5353 5349
f 5349 5353 5346
f 5354 5338 4265
f 4265 5338 4262
f 5320 5307 5354
f 5354 5307 5338
f 4201 5308 5303
f 5303 5308 5321
f 5356 5357 5355
f 5355 5357 4799
f 5358 5359 5334
f 5334 5359 5335
f 5358 5360 4093
f 4093 5360 4163
f 5360 5305 4163
f 4163 5305 4876
f 5305 5304 4876
f 4876 5304 4877
f 5270 4778 4079
f 4079 4778 4081
f 4779 5361 4774
f 4774 5361 5357
f 5356 5359 4775
f 4775 5359 4092
f 5333 5304 4982
f 4982 5304 4983
f 5332 4877 5333
f 5333 4877 5304
f 5015 4258 5230
f 5230 4258 5328
f 5327 4172 5328
f 5328 4172 5230
f 4169 5329 4757
f 4757 5329 5331
f 4757 5331 4205
f 4205 5331 4206
f 5331 4276 4206
f 4206 4276 4906
f 4276 4275 4906
f 4906 4275 4907
f 4275 4888 4907
f 4907 4888 4744
f 4887 4717 4745
f 4745 4717 4864
f 4716 5139 4861
f 4861 5139 5190
f 5139 5138 5190
f 5190 5138 5187
f 5138 5216 5187
f 5187 5216 5176
f 5215 5362 5173
f 5173 5362 5130
f 5364 5365 5363
f 5363 5365 5340
f 4742 4863 5366
f 5366 4863 4867
f 4862 5189 4868
f 4868 5189 5184
f 5189 5188 5184
f 5184 5188 5185
f 5188 5175 5185
f 5185 5175 5168
f 3560 3788 3561
f 3561 3788 3790
f 3596 3595 3608
f 3608 3595 3594
f 3598 3582 3595
f 3595 3582 3592
f 3600 3609 3601
f 3601 3609 3611
f 3602 3601 3612
f 3612 3601 3611
f 3606 3605 3613
f 3613 3605 3614
f 3793 5367 3794
f 3794 5367 5368
f 3598 3597 3600
f 3600 3597 3609
f 3793 3792 3575
f 3575 3792 3572
f 3561 3594 3558
f 3558 3594 3593
f 3807 3915 3804
f 3804 3915 3914
f 3916 3915 5370
f 5370 3915 5369
f 3602 3605 3603
f 3603 3605 3604
f 3606 3792 3607
f 3607 3792 3791
f 3914 3913 3560
f 3560 3913 3788
f 5174 5129 5166
f 5166 5129 5371
f 5170 5169 5093
f 5093 5169 5113
f 5166 5371 5090
f 5090 5371 5091
f 5128 5169 5372
f 5372 5169 5172
f 5127 5113 5128
f 5128 5113 5169
f 5114 5206 5203
f 5203 5206 5362
f 5200 5373 5073
f 5073 5373 5096
f 5374 5375 5200
f 5200 5375 5373
f 5039 5047 5374
f 5374 5047 5375
f 5087 5046 5085
f 5085 5046 5376
f 5212 5377 5067
f 5067 5377 5376
f 5042 5045 5212
f 5212 5045 5377
f 5064 5378 5043
f 5043 5378 5044
f 5063 5077 5064
f 5064 5077 5378
f 5079 5082 5198
f 5198 5082 5078
f 5099 5081 5100
f 5100 5081 5379
f 5100 5379 5094
f 5094 5379 5095
f 5381 5382 5380
f 5380 5382 5383
f 5385 5386 5384
f 5384 5386 5383
f 5385 5387 5386
f 5386 5387 5388
f 5390 5391 5389
f 5389 5391 5392
f 5393 5394 5396
f 5396 5394 5395
f 5398 5399 5397
f 5397 5399 5400
f 5402 5403 5401
f 5401 5403 5404
f 5406 5407 5405
f 5405 5407 5404
f 5408 5409 5163
f 5163 5409 5410
f 5411 5412 5414
f 5414 5412 5413
f 5057 5416 5415
f 5415 5416 5417
f 5393 5416 5418
f 5418 5416 5419
f 5396 5395 5420
f 5420 5395 5421
f 5423 5424 5422
f 5422 5424 5425
f 5415 5417 5220
f 5220 5417 5426
f 5418 5391 5393
f 5393 5391 5394
f 5414 5388 5411
f 5411 5388 5392
f 5059 5427 5060
f 5060 5427 5428
f 5423 5427 5429
f 5429 5427 5430
f 5432 5382 5431
f 5431 5382 5425
f 5429 5407 5423
f 5423 5407 5424
f 5380 5409 5381
f 5381 5409 5433
f 5381 5433 5422
f 5422 5433 5428
f 5027 5412 5056
f 5056 5412 5419
f 5435 5436 5434
f 5434 5436 5437
f 5159 5439 5438
f 5438 5439 5440
f 5053 5436 5159
f 5159 5436 5439
f 5441 5403 5398
f 5398 5403 5399
f 5163 5410 5026
f 5026 5410 5413
f 5438 5440 5442
f 5442 5440 5430
f 5444 5445 5443
f 5443 5445 5446
f 5447 5448 5450
f 5450 5448 5449
f 5451 5446 5452
f 5452 5446 5445
f 5454 5455 5453
f 5453 5455 5451
f 5456 5454 5458
f 5458 5454 5457
f 5460 5461 5459
f 5459 5461 5462
f 5464 5465 5463
f 5463 5465 5466
f 5468 5469 5467
f 5467 5469 5470
f 5472 5473 5471
f 5471 5473 5474
f 5475 5476 5478
f 5478 5476 5477
f 5479 5480 5482
f 5482 5480 5481
f 5483 5484 5448
f 5448 5484 5485
f 5448 5485 5449
f 5449 5485 5486
f 5487 5476 5488
f 5488 5476 5475
f 5490 5491 5489
f 5489 5491 5492
f 5494 5495 5493
f 5493 5495 5496
f 5498 5494 5497
f 5497 5494 5493
f 5500 5501 5499
f 5499 5501 5502
f 5503 5504 5446
f 5446 5504 5443
f 5506 5507 5505
f 5505 5507 5508
f 5510 5511 5509
f 5509 5511 5512
f 5514 5515 5513
f 5513 5515 5516
f 5518 5519 5517
f 5517 5519 5520
f 5495 5521 5496
f 5496 5521 5522
f 5524 5525 5523
f 5523 5525 5526
f 5527 5528 5494
f 5494 5528 5495
f 5499 5502 5529
f 5529 5502 5530
f 5531 5532 5485
f 5485 5532 5486
f 5485 5484 5531
f 5531 5484 5533
f 5482 5481 5534
f 5534 5481 5535
f 5536 5512 5506
f 5506 5512 5511
f 5455 5503 5451
f 5451 5503 5446
f 5467 5470 5511
f 5511 5470 5537
f 5538 5467 5510
f 5510 5467 5511
f 5540 5541 5539
f 5539 5541 5542
f 5543 5544 5546
f 5546 5544 5545
f 5548 5472 5547
f 5547 5472 5471
f 5493 5496 5549
f 5549 5496 5550
f 5496 5522 5550
f 5550 5522 5551
f 5553 5554 5552
f 5552 5554 5555
f 5557 5447 5556
f 5556 5447 5558
f 5557 5483 5447
f 5447 5483 5448
f 5478 5477 5553
f 5553 5477 5559
f 5477 5560 5559
f 5559 5560 5561
f 5476 5562 5477
f 5477 5562 5560
f 5476 5487 5562
f 5562 5487 5563
f 5560 5564 5561
f 5561 5564 5565
f 5564 5560 5566
f 5566 5560 5562
f 5563 5567 5562
f 5562 5567 5566
f 5569 5521 5568
f 5568 5521 5570
f 5481 5572 5571
f 5571 5572 5573
f 5574 5535 5571
f 5571 5535 5481
f 5576 5577 5575
f 5575 5577 5578
f 5579 5580 5456
f 5456 5580 5581
f 5475 5582 5488
f 5488 5582 5583
f 5584 5536 5505
f 5505 5536 5506
f 5585 5586 5588
f 5588 5586 5587
f 5590 5591 5589
f 5589 5591 5592
f 5519 5593 5520
f 5520 5593 5594
f 5595 5596 5462
f 5462 5596 5597
f 5599 5600 5598
f 5598 5600 5514
f 5602 5603 5601
f 5601 5603 5604
f 5524 5543 5525
f 5525 5543 5546
f 5543 5524 5606
f 5606 5524 5605
f 5607 5608 5500
f 5500 5608 5501
f 5610 5551 5609
f 5609 5551 5522
f 5611 5510 5598
f 5598 5510 5509
f 5612 5597 5457
f 5457 5597 5458
f 5510 5611 5538
f 5538 5611 5613
f 5580 5508 5581
f 5581 5508 5507
f 5615 5616 5614
f 5614 5616 5617
f 5619 5620 5618
f 5618 5620 5621
f 5623 5624 5622
f 5622 5624 5625
f 5627 5624 5626
f 5626 5624 5623
f 5629 5630 5628
f 5628 5630 5631
f 5633 5634 5632
f 5632 5634 5466
f 5635 5636 5463
f 5463 5636 5637
f 5523 5638 5524
f 5524 5638 5605
f 5639 5640 5641
f 5641 5640 5595
f 5611 5513 5613
f 5613 5513 5642
f 5643 5586 5608
f 5608 5586 5501
f 5622 5625 5590
f 5590 5625 5591
f 5598 5514 5611
f 5611 5514 5513
f 5645 5646 5644
f 5644 5646 5647
f 5620 5619 5491
f 5491 5619 5648
f 5649 5643 5492
f 5492 5643 5608
f 5650 5651 5653
f 5653 5651 5652
f 5463 5466 5635
f 5635 5466 5634
f 5597 5612 5462
f 5462 5612 5459
f 5635 5634 5523
f 5523 5634 5638
f 5654 5638 5633
f 5633 5638 5634
f 5655 5656 5525
f 5525 5656 5526
f 5658 5659 5657
f 5657 5659 5527
f 5660 5464 5637
f 5637 5464 5463
f 5632 5466 5661
f 5661 5466 5465
f 5661 5662 5632
f 5632 5662 5658
f 5662 5663 5658
f 5658 5663 5659
f 5665 5659 5664
f 5664 5659 5663
f 5632 5658 5633
f 5633 5658 5657
f 5666 5629 5530
f 5530 5629 5667
f 5528 5527 5665
f 5665 5527 5659
f 5668 5669 5570
f 5570 5669 5568
f 5669 5668 5670
f 5670 5668 5671
f 5646 5672 5673
f 5672 5674 5673
f 5673 5674 5675
f 5674 5460 5675
f 5675 5460 5459
f 5461 5676 5462
f 5462 5676 5595
f 5677 5678 5680
f 5680 5678 5679
f 5628 5681 5629
f 5629 5681 5667
f 5682 5529 5667
f 5667 5529 5530
f 5675 5459 5683
f 5683 5459 5612
f 5585 5666 5502
f 5502 5666 5530
f 5589 5684 5602
f 5602 5684 5603
f 5646 5645 5663
f 5663 5645 5664
f 5685 5647 5673
f 5673 5647 5646
f 5686 5687 5683
f 5683 5687 5685
f 5688 5689 5533
f 5533 5689 5531
f 5690 5691 5535
f 5535 5691 5534
f 5692 5690 5574
f 5574 5690 5535
f 5685 5687 5689
f 5689 5687 5693
f 5489 5694 5490
f 5490 5694 5695
f 5690 5692 5696
f 5696 5692 5697
f 5696 5644 5690
f 5690 5644 5691
f 5447 5450 5558
f 5558 5450 5698
f 5699 5700 5642
f 5642 5700 5613
f 5701 5702 5540
f 5540 5702 5541
f 5431 5703 5432
f 5432 5703 5697
f 5385 5384 5574
f 5574 5384 5692
f 5389 5387 5573
f 5573 5387 5571
f 5565 5390 5573
f 5573 5390 5389
f 5390 5565 5704
f 5704 5565 5564
f 5566 5705 5564
f 5564 5705 5704
f 5569 5441 5609
f 5609 5441 5398
f 5568 5405 5569
f 5569 5405 5441
f 5670 5706 5669
f 5669 5706 5406
f 5703 5431 5670
f 5670 5431 5706
f 5432 5697 5384
f 5384 5697 5692
f 5574 5571 5385
f 5385 5571 5387
f 5607 5707 5489
f 5489 5707 5694
f 5518 5708 5519
f 5519 5708 5709
f 5711 5576 5710
f 5710 5576 5575
f 5713 5714 5712
f 5712 5714 5715
f 5553 5552 5478
f 5478 5552 5716
f 5717 5475 5716
f 5716 5475 5478
f 5718 5719 5605
f 5605 5719 5606
f 5505 5622 5584
f 5584 5622 5590
f 5508 5623 5505
f 5505 5623 5622
f 5626 5623 5580
f 5580 5623 5508
f 5580 5579 5626
f 5626 5579 5720
f 5579 5721 5720
f 5720 5721 5722
f 5666 5585 5723
f 5723 5585 5588
f 5724 5725 5639
f 5639 5725 5640
f 5554 5726 5555
f 5555 5726 5727
f 5453 5728 5729
f 5689 5688 5685
f 5685 5688 5647
f 5604 5730 5512
f 5512 5730 5509
f 5628 5631 5618
f 5618 5631 5592
f 5601 5604 5536
f 5536 5604 5512
f 5732 5676 5731
f 5731 5676 5660
f 5730 5604 5733
f 5733 5604 5603
f 5563 5487 5551
f 5551 5487 5550
f 5489 5492 5607
f 5607 5492 5608
f 5573 5572 5565
f 5565 5572 5561
f 5609 5522 5569
f 5569 5522 5521
f 5499 5734 5500
f 5500 5734 5735
f 5596 5736 5721
f 5721 5736 5722
f 5737 5600 5594
f 5594 5600 5520
f 5599 5730 5517
f 5517 5730 5733
f 5660 5738 5731
f 5731 5738 5739
f 5648 5649 5491
f 5491 5649 5492
f 5501 5586 5502
f 5502 5586 5585
f 5525 5546 5655
f 5655 5546 5740
f 5600 5599 5520
f 5520 5599 5517
f 5708 5739 5709
f 5709 5739 5738
f 5636 5635 5526
f 5526 5635 5523
f 5670 5671 5703
f 5703 5671 5741
f 5490 5695 5742
f 5742 5695 5743
f 5682 5678 5744
f 5744 5678 5677
f 5678 5681 5679
f 5679 5681 5621
f 5742 5743 5679
f 5679 5743 5680
f 5618 5621 5628
f 5628 5621 5681
f 5725 5724 5589
f 5589 5724 5684
f 5456 5458 5579
f 5579 5458 5721
f 5675 5683 5673
f 5673 5683 5685
f 5529 5682 5745
f 5745 5682 5744
f 5721 5458 5596
f 5596 5458 5597
f 5701 5540 5719
f 5719 5540 5606
f 5703 5741 5697
f 5697 5741 5696
f 5500 5735 5607
f 5607 5735 5707
f 5549 5746 5493
f 5493 5746 5497
f 5700 5747 5613
f 5613 5747 5538
f 5420 5421 5434
f 5434 5421 5400
f 5689 5693 5531
f 5531 5693 5532
f 5705 5566 5748
f 5748 5566 5567
f 5609 5398 5610
f 5610 5398 5397
f 5669 5406 5568
f 5568 5406 5405
f 5488 5583 5549
f 5549 5583 5746
f 5714 5713 5710
f 5710 5713 5711
f 5747 5468 5538
f 5538 5468 5467
f 5548 5547 5749
f 5749 5547 5750
f 5733 5603 5751
f 5751 5603 5684
f 5589 5602 5590
f 5590 5602 5584
f 5636 5752 5614
f 5614 5752 5615
f 5753 5754 5738
f 5738 5754 5755
f 5602 5601 5584
f 5584 5601 5536
f 5723 5736 5630
f 5630 5736 5640
f 5595 5640 5596
f 5596 5640 5736
f 5734 5499 5745
f 5745 5499 5529
f 5627 5587 5643
f 5643 5587 5586
f 5553 5559 5554
f 5554 5559 5480
f 5559 5561 5480
f 5480 5561 5572
f 5554 5480 5726
f 5726 5480 5479
f 5749 5750 5715
f 5715 5750 5712
f 5683 5612 5686
f 5686 5612 5457
f 5678 5682 5681
f 5681 5682 5667
f 5598 5509 5599
f 5599 5509 5730
f 5679 5621 5742
f 5742 5621 5620
f 5652 5616 5653
f 5653 5616 5615
f 5220 5426 5052
f 5052 5426 5437
f 5487 5488 5550
f 5550 5488 5549
f 5742 5620 5490
f 5490 5620 5491
f 5551 5610 5563
f 5563 5610 5567
f 5610 5397 5567
f 5567 5397 5748
f 5614 5617 5753
f 5753 5617 5754
f 5480 5572 5481
f 5755 5756 5738
f 5738 5756 5709
f 5745 5744 5758
f 5758 5744 5757
f 5745 5758 5734
f 5734 5758 5759
f 5735 5734 5760
f 5760 5734 5759
f 5707 5735 5761
f 5761 5735 5760
f 5744 5677 5757
f 5757 5677 5762
f 5677 5680 5762
f 5762 5680 5763
f 5763 5680 5764
f 5764 5680 5743
f 5765 5766 5762
f 5762 5766 5757
f 5768 5769 5767
f 5767 5769 5770
f 5771 5772 5770
f 5770 5772 5767
f 5770 5769 5774
f 5774 5769 5773
f 5775 5776 5774
f 5774 5776 5777
f 5773 5778 5774
f 5774 5778 5775
f 5779 5766 5773
f 5773 5766 5778
f 5777 5771 5774
f 5774 5771 5770
f 5780 5781 5783
f 5783 5781 5782
f 5781 5780 5771
f 5771 5780 5772
f 5773 5769 5779
f 5779 5769 5768
f 5768 5759 5779
f 5779 5759 5758
f 5768 5784 5759
f 5759 5784 5760
f 5767 5785 5768
f 5768 5785 5784
f 5785 5767 5786
f 5786 5767 5772
f 5766 5779 5757
f 5757 5779 5758
f 5780 5787 5772
f 5772 5787 5786
f 5785 5786 5788
f 5788 5786 5789
f 5786 5787 5789
f 5789 5787 5790
f 5788 5789 5791
f 5791 5789 5792
f 5791 5793 5788
f 5788 5793 5794
f 5795 5792 5790
f 5790 5792 5789
f 5785 5788 5784
f 5784 5788 5794
f 5784 5794 5760
f 5760 5794 5761
f 5787 5780 5796
f 5796 5780 5783
f 5775 5778 5797
f 5797 5778 5766
f 5797 5798 5775
f 5775 5798 5776
f 5766 5765 5797
f 5797 5765 5799
f 5798 5797 5800
f 5800 5797 5799
f 5798 5801 5776
f 5776 5801 5802
f 5707 5761 5694
f 5694 5761 5803
f 5695 5804 5743
f 5743 5804 5764
f 5804 5695 5803
f 5803 5695 5694
f 5803 5793 5804
f 5804 5793 5805
f 5793 5791 5805
f 5805 5791 5806
f 5804 5805 5764
f 5764 5805 5807
f 5803 5761 5793
f 5793 5761 5794
f 5808 5763 5807
f 5807 5763 5764
f 5808 5765 5763
f 5763 5765 5762
f 5809 5799 5808
f 5808 5799 5765
f 5809 5808 5810
f 5810 5808 5807
f 5811 5809 5812
f 5812 5809 5810
f 5805 5806 5807
f 5807 5806 5810
f 5806 5813 5810
f 5810 5813 5812
f 5799 5809 5800
f 5800 5809 5811
f 5815 5800 5814
f 5814 5800 5811
f 5814 5817 5816
f 5816 5817 5818
f 5814 5811 5817
f 5817 5811 5812
f 5814 5816 5815
f 5815 5816 5796
f 5815 5796 5801
f 5801 5796 5783
f 5801 5798 5815
f 5815 5798 5800
f 5791 5792 5806
f 5806 5792 5813
f 5818 5813 5795
f 5795 5813 5792
f 5818 5817 5813
f 5813 5817 5812
f 5816 5818 5790
f 5790 5818 5795
f 5790 5787 5816
f 5816 5787 5796
f 5771 5777 5781
f 5781 5777 5782
f 5782 5802 5783
f 5783 5802 5801
f 5782 5777 5802
f 5802 5777 5776
f 5588 5587 5722
f 5722 5587 5720
f 5591 5619 5592
f 5592 5619 5618
f 5625 5624 5648
f 5648 5624 5649
f 5624 5627 5649
f 5649 5627 5643
f 5631 5630 5725
f 5725 5630 5640
f 5625 5648 5591
f 5591 5648 5619
f 5588 5722 5723
f 5723 5722 5736
f 5631 5725 5592
f 5592 5725 5589
f 5723 5630 5666
f 5666 5630 5629
f 5587 5627 5720
f 5720 5627 5626
f 5820 5821 5819
f 5819 5821 5822
f 5824 5825 5823
f 5823 5825 5826
f 5823 5826 5827
f 5827 5826 5828
f 5829 5830 5832
f 5832 5830 5831
f 5518 5833 5708
f 5708 5833 5834
f 5835 5836 5824
f 5824 5836 5825
f 5838 5839 5837
f 5837 5839 5840
f 5751 5684 5842
f 5842 5684 5841
f 5843 5841 5724
f 5724 5841 5684
f 5845 5846 5844
f 5844 5846 5847
f 5848 5830 5836
f 5836 5830 5825
f 5518 5751 5833
f 5833 5751 5842
f 5839 5838 5821
f 5821 5838 5849
f 5850 5848 5822
f 5822 5848 5836
f 5851 5845 5828
f 5828 5845 5852
f 5854 5855 5853
f 5853 5855 5856
f 5845 5844 5852
f 5852 5844 5857
f 5858 5827 5852
f 5852 5827 5828
f 5851 5828 5829
f 5829 5828 5826
f 5819 5859 5820
f 5820 5859 5860
f 5835 5861 5819
f 5819 5861 5859
f 5851 5829 5862
f 5862 5829 5832
f 5844 5847 5837
f 5837 5847 5834
f 5819 5822 5835
f 5835 5822 5836
f 5823 5863 5824
f 5824 5863 5864
f 5849 5850 5821
f 5821 5850 5822
f 5825 5830 5826
f 5826 5830 5829
f 5820 5860 5865
f 5865 5860 5866
f 5858 5854 5867
f 5867 5854 5853
f 5854 5857 5855
f 5855 5857 5840
f 5855 5865 5856
f 5856 5865 5866
f 5837 5840 5844
f 5844 5840 5857
f 5827 5858 5868
f 5868 5858 5867
f 5824 5864 5835
f 5835 5864 5861
f 5732 5731 5862
f 5862 5731 5846
f 5863 5823 5868
f 5868 5823 5827
f 5843 5831 5848
f 5848 5831 5830
f 5854 5858 5857
f 5857 5858 5852
f 5855 5840 5865
f 5865 5840 5839
f 5865 5839 5820
f 5820 5839 5821
f 5868 5867 5870
f 5870 5867 5869
f 5868 5870 5863
f 5863 5870 5871
f 5863 5871 5864
f 5864 5871 5872
f 5864 5872 5861
f 5861 5872 5873
f 5867 5853 5869
f 5869 5853 5874
f 5853 5856 5874
f 5874 5856 5875
f 5856 5866 5875
f 5875 5866 5876
f 5877 5878 5874
f 5874 5878 5869
f 5880 5881 5879
f 5879 5881 5882
f 5883 5884 5880
f 5880 5884 5881
f 5881 5884 5886
f 5886 5884 5885
f 5887 5888 5886
f 5886 5888 5889
f 5885 5890 5886
f 5886 5890 5887
f 5889 5882 5886
f 5886 5882 5881
f 5882 5891 5879
f 5879 5891 5892
f 5885 5884 5893
f 5893 5884 5883
f 5883 5871 5893
f 5893 5871 5870
f 5883 5894 5871
f 5871 5894 5872
f 5880 5895 5883
f 5883 5895 5894
f 5896 5895 5879
f 5879 5895 5880
f 5893 5878 5885
f 5885 5878 5890
f 5878 5893 5869
f 5869 5893 5870
f 5897 5896 5892
f 5892 5896 5879
f 5895 5896 5898
f 5898 5896 5899
f 5896 5897 5899
f 5899 5897 5900
f 5898 5899 5901
f 5901 5899 5902
f 5901 5903 5898
f 5898 5903 5904
f 5900 5905 5899
f 5899 5905 5902
f 5898 5904 5895
f 5895 5904 5894
f 5894 5904 5872
f 5872 5904 5873
f 5897 5892 5907
f 5907 5892 5906
f 5892 5891 5906
f 5906 5891 5908
f 5887 5890 5909
f 5909 5890 5878
f 5888 5887 5910
f 5910 5887 5909
f 5878 5877 5909
f 5909 5877 5911
f 5909 5911 5910
f 5910 5911 5912
f 5913 5914 5910
f 5910 5914 5888
f 5908 5914 5906
f 5906 5914 5913
f 5861 5873 5859
f 5859 5873 5915
f 5860 5916 5866
f 5866 5916 5876
f 5916 5860 5915
f 5915 5860 5859
f 5915 5903 5916
f 5916 5903 5917
f 5903 5901 5917
f 5917 5901 5918
f 5916 5917 5876
f 5876 5917 5919
f 5903 5915 5904
f 5904 5915 5873
f 5920 5875 5919
f 5919 5875 5876
f 5920 5877 5875
f 5875 5877 5874
f 5920 5921 5877
f 5877 5921 5911
f 5921 5920 5922
f 5922 5920 5919
f 5923 5921 5924
f 5924 5921 5922
f 5917 5918 5919
f 5919 5918 5922
f 5918 5925 5922
f 5922 5925 5924
f 5921 5923 5911
f 5911 5923 5912
f 5927 5912 5926
f 5926 5912 5923
f 5926 5929 5928
f 5928 5929 5930
f 5926 5923 5929
f 5929 5923 5924
f 5926 5928 5927
f 5927 5928 5907
f 5927 5907 5913
f 5913 5907 5906
f 5913 5910 5927
f 5927 5910 5912
f 5901 5902 5918
f 5918 5902 5925
f 5930 5925 5905
f 5905 5925 5902
f 5930 5929 5925
f 5925 5929 5924
f 5928 5930 5900
f 5900 5930 5905
f 5900 5897 5928
f 5928 5897 5907
f 5882 5889 5891
f 5891 5889 5908
f 5908 5889 5914
f 5914 5889 5888
f 5832 5831 5641
f 5641 5831 5639
f 5833 5838 5834
f 5834 5838 5837
f 5842 5841 5849
f 5849 5841 5850
f 5841 5843 5850
f 5850 5843 5848
f 5847 5846 5739
f 5739 5846 5731
f 5842 5849 5833
f 5833 5849 5838
f 5862 5832 5732
f 5732 5832 5641
f 5847 5739 5834
f 5834 5739 5708
f 5862 5846 5851
f 5851 5846 5845
f 5831 5843 5639
f 5639 5843 5724
f 5676 5732 5595
f 5595 5732 5641
f 5676 5461 5660
f 5660 5461 5464
f 5461 5460 5464
f 5464 5460 5465
f 5460 5674 5465
f 5465 5674 5661
f 5931 5932 5934
f 5934 5932 5933
f 5936 5937 5935
f 5935 5937 5938
f 5935 5938 5939
f 5939 5938 5940
f 5942 5943 5941
f 5941 5943 5944
f 5945 5946 5936
f 5936 5946 5937
f 5948 5949 5947
f 5947 5949 5950
f 5951 5952 5519
f 5519 5952 5593
f 5953 5951 5709
f 5709 5951 5519
f 5955 5956 5954
f 5954 5956 5957
f 5958 5942 5946
f 5946 5942 5937
f 5948 5959 5949
f 5949 5959 5933
f 5960 5958 5934
f 5934 5958 5946
f 5961 5955 5940
f 5940 5955 5962
f 5963 5964 5966
f 5966 5964 5965
f 5955 5954 5962
f 5962 5954 5967
f 5968 5939 5962
f 5962 5939 5940
f 5961 5940 5941
f 5941 5940 5938
f 5931 5969 5932
f 5932 5969 5970
f 5945 5971 5931
f 5931 5971 5969
f 5941 5944 5961
f 5961 5944 5972
f 5954 5957 5947
f 5947 5957 5973
f 5945 5931 5946
f 5946 5931 5934
f 5935 5974 5936
f 5936 5974 5975
f 5959 5960 5933
f 5933 5960 5934
f 5937 5942 5938
f 5938 5942 5941
f 5932 5970 5976
f 5976 5970 5977
f 5968 5964 5978
f 5978 5964 5963
f 5965 5964 5950
f 5950 5964 5967
f 5976 5977 5965
f 5965 5977 5966
f 5947 5950 5954
f 5954 5950 5967
f 5939 5968 5979
f 5979 5968 5978
f 5936 5975 5945
f 5945 5975 5971
f 5972 5754 5956
f 5956 5754 5617
f 5974 5935 5979
f 5979 5935 5939
f 5953 5943 5958
f 5958 5943 5942
f 5964 5968 5967
f 5967 5968 5962
f 5965 5950 5976
f 5976 5950 5949
f 5976 5949 5932
f 5932 5949 5933
f 5979 5978 5981
f 5981 5978 5980
f 5979 5981 5974
f 5974 5981 5982
f 5974 5982 5975
f 5975 5982 5983
f 5975 5983 5971
f 5971 5983 5984
f 5978 5963 5980
f 5980 5963 5985
f 5963 5966 5985
f 5985 5966 5986
f 5986 5966 5987
f 5987 5966 5977
f 5988 5989 5985
f 5985 5989 5980
f 5991 5992 5990
f 5990 5992 5993
f 5994 5995 5991
f 5991 5995 5992
f 5992 5995 5997
f 5997 5995 5996
f 5998 5999 5997
f 5997 5999 6000
f 5996 6001 5997
f 5997 6001 5998
f 6000 5993 5997
f 5997 5993 5992
f 6002 6003 5993
f 5993 6003 5990
f 5995 5994 5996
f 5996 5994 6004
f 5994 5982 6004
f 6004 5982 5981
f 5994 6005 5982
f 5982 6005 5983
f 5991 6006 5994
f 5994 6006 6005
f 6006 5991 6007
f 6007 5991 5990
f 5996 6004 6001
f 6001 6004 5989
f 5989 6004 5980
f 5980 6004 5981
f 6003 6008 5990
f 5990 6008 6007
f 6009 6006 6010
f 6010 6006 6007
f 6008 6011 6007
f 6007 6011 6010
f 6012 6009 6013
f 6013 6009 6010
f 6009 6012 6015
f 6015 6012 6014
f 6011 6016 6010
f 6010 6016 6013
f 6006 6009 6005
f 6005 6009 6015
f 6005 6015 5983
f 5983 6015 5984
f 6008 6003 6018
f 6018 6003 6017
f 6003 6002 6017
f 6017 6002 6019
f 5998 6001 6020
f 6020 6001 5989
f 5999 5998 6021
f 6021 5998 6020
f 5989 5988 6020
f 6020 5988 6022
f 6021 6020 6023
f 6023 6020 6022
f 6021 6024 5999
f 5999 6024 6025
f 6019 6025 6017
f 6017 6025 6024
f 5971 5984 5969
f 5969 5984 6026
f 5970 6027 5977
f 5977 6027 5987
f 6027 5970 6026
f 6026 5970 5969
f 6026 6014 6027
f 6027 6014 6028
f 6014 6012 6028
f 6028 6012 6029
f 6027 6028 5987
f 5987 6028 6030
f 6026 5984 6014
f 6014 5984 6015
f 6031 5986 6030
f 6030 5986 5987
f 6031 5988 5986
f 5986 5988 5985
f 6032 6022 6031
f 6031 6022 5988
f 6032 6031 6033
f 6033 6031 6030
f 6034 6032 6035
f 6035 6032 6033
f 6028 6029 6030
f 6030 6029 6033
f 6029 6036 6033
f 6033 6036 6035
f 6032 6034 6022
f 6022 6034 6023
f 6038 6023 6037
f 6037 6023 6034
f 6037 6040 6039
f 6039 6040 6041
f 6037 6034 6040
f 6040 6034 6035
f 6037 6039 6038
f 6038 6039 6018
f 6038 6018 6024
f 6024 6018 6017
f 6024 6021 6038
f 6038 6021 6023
f 6012 6013 6029
f 6029 6013 6036
f 6041 6036 6016
f 6016 6036 6013
f 6041 6040 6036
f 6036 6040 6035
f 6041 6016 6039
f 6039 6016 6011
f 6011 6008 6039
f 6039 6008 6018
f 5993 6000 6002
f 6002 6000 6019
f 6019 6000 6025
f 6025 6000 5999
f 5943 5756 5944
f 5944 5756 5755
f 6042 5948 5973
f 5973 5948 5947
f 5952 5951 5959
f 5959 5951 5960
f 5951 5953 5960
f 5960 5953 5958
f 5616 5957 5617
f 5617 5957 5956
f 6042 5952 5948
f 5948 5952 5959
f 5944 5755 5972
f 5972 5755 5754
f 5957 5616 5973
f 5973 5616 5652
f 5956 5955 5972
f 5972 5955 5961
f 5943 5953 5756
f 5756 5953 5709
f 6044 6045 6043
f 6043 6045 6046
f 6048 6049 6047
f 6047 6049 6050
f 6047 6050 6051
f 6051 6050 6052
f 6054 6055 6053
f 6053 6055 6056
f 6057 6058 6060
f 6060 6058 6059
f 6061 6062 6048
f 6048 6062 6049
f 6063 6064 6066
f 6066 6064 6065
f 6067 6068 6070
f 6070 6068 6069
f 6071 6069 5653
f 5653 6069 6068
f 6072 6073 6075
f 6075 6073 6074
f 6062 6076 6049
f 6049 6076 6054
f 6058 6067 6059
f 6059 6067 6070
f 6064 6077 6065
f 6065 6077 6045
f 6078 6076 6046
f 6046 6076 6062
f 6073 6080 6079
f 6079 6080 6052
f 6082 6083 6081
f 6081 6083 6084
f 6072 6085 6073
f 6073 6085 6080
f 6086 6051 6080
f 6080 6051 6052
f 6079 6052 6053
f 6053 6052 6050
f 6043 6087 6044
f 6044 6087 6088
f 6061 6089 6043
f 6043 6089 6087
f 6053 6056 6079
f 6079 6056 6090
f 6063 6072 6060
f 6060 6072 6075
f 6043 6046 6061
f 6061 6046 6062
f 6047 6091 6048
f 6048 6091 6092
f 6077 6078 6045
f 6045 6078 6046
f 6049 6054 6050
f 6050 6054 6053
f 6044 6088 6093
f 6093 6088 6094
f 6086 6082 6095
f 6095 6082 6081
f 6083 6082 6066
f 6066 6082 6085
f 6093 6094 6083
f 6083 6094 6084
f 6072 6063 6085
f 6085 6063 6066
f 6051 6086 6096
f 6096 6086 6095
f 6048 6092 6061
f 6061 6092 6089
f 5656 5655 6090
f 6090 5655 6074
f 6091 6047 6096
f 6096 6047 6051
f 6071 6055 6076
f 6076 6055 6054
f 6082 6086 6085
f 6085 6086 6080
f 6093 6083 6065
f 6065 6083 6066
f 6044 6093 6045
f 6045 6093 6065
f 6096 6095 6098
f 6098 6095 6097
f 6096 6098 6091
f 6091 6098 6099
f 6091 6099 6092
f 6092 6099 6100
f 6092 6100 6089
f 6089 6100 6101
f 6095 6081 6097
f 6097 6081 6102
f 6081 6084 6102
f 6102 6084 6103
f 6103 6084 6104
f 6104 6084 6094
f 6106 6097 6105
f 6105 6097 6102
f 6107 6108 6110
f 6110 6108 6109
f 6111 6112 6108
f 6108 6112 6109
f 6109 6112 6114
f 6114 6112 6113
f 6114 6115 6117
f 6117 6115 6116
f 6113 6118 6114
f 6114 6118 6115
f 6117 6110 6114
f 6114 6110 6109
f 6110 6119 6107
f 6107 6119 6120
f 6112 6111 6113
f 6113 6111 6121
f 6111 6099 6121
f 6121 6099 6098
f 6111 6122 6099
f 6099 6122 6100
f 6123 6122 6108
f 6108 6122 6111
f 6124 6123 6107
f 6107 6123 6108
f 6113 6121 6118
f 6118 6121 6106
f 6106 6121 6097
f 6097 6121 6098
f 6125 6124 6120
f 6120 6124 6107
f 6126 6123 6127
f 6127 6123 6124
f 6125 6128 6124
f 6124 6128 6127
f 6129 6126 6130
f 6130 6126 6127
f 6126 6129 6132
f 6132 6129 6131
f 6128 6133 6127
f 6127 6133 6130
f 6123 6126 6122
f 6122 6126 6132
f 6122 6132 6100
f 6100 6132 6101
f 6120 6134 6125
f 6125 6134 6135
f 6120 6119 6134
f 6134 6119 6136
f 6115 6118 6137
f 6137 6118 6106
f 6115 6137 6116
f 6116 6137 6138
f 6137 6106 6139
f 6139 6106 6105
f 6138 6137 6140
f 6140 6137 6139
f 6141 6142 6138
f 6138 6142 6116
f 6136 6142 6134
f 6134 6142 6141
f 6089 6101 6087
f 6087 6101 6143
f 6088 6144 6094
f 6094 6144 6104
f 6143 6144 6087
f 6087 6144 6088
f 6131 6145 6143
f 6143 6145 6144
f 6129 6146 6131
f 6131 6146 6145
f 6144 6145 6104
f 6104 6145 6147
f 6143 6101 6131
f 6131 6101 6132
f 6148 6103 6147
f 6147 6103 6104
f 6103 6148 6102
f 6102 6148 6105
f 6148 6149 6105
f 6105 6149 6139
f 6149 6148 6150
f 6150 6148 6147
f 6151 6149 6152
f 6152 6149 6150
f 6145 6146 6147
f 6147 6146 6150
f 6146 6153 6150
f 6150 6153 6152
f 6149 6151 6139
f 6139 6151 6140
f 6155 6140 6154
f 6154 6140 6151
f 6154 6157 6156
f 6156 6157 6158
f 6154 6151 6157
f 6157 6151 6152
f 6154 6156 6155
f 6155 6156 6135
f 6155 6135 6141
f 6141 6135 6134
f 6141 6138 6155
f 6155 6138 6140
f 6146 6129 6153
f 6153 6129 6130
f 6158 6153 6133
f 6133 6153 6130
f 6158 6157 6153
f 6153 6157 6152
f 6156 6158 6128
f 6128 6158 6133
f 6128 6125 6156
f 6156 6125 6135
f 6110 6117 6119
f 6119 6117 6136
f 6136 6117 6142
f 6142 6117 6116
f 6055 5615 6056
f 6056 5615 5752
f 6060 6059 6063
f 6063 6059 6064
f 6077 6070 6078
f 6078 6070 6069
f 6069 6071 6078
f 6078 6071 6076
f 6159 6057 6075
f 6075 6057 6060
f 6059 6070 6064
f 6064 6070 6077
f 6056 5752 6090
f 6090 5752 5656
f 6090 6074 6079
f 6079 6074 6073
f 6055 6071 5615
f 5615 6071 5653
f 5547 5471 6160
f 6160 5471 6161
f 5729 5577 6163
f 6163 5577 6162
f 5577 5576 6162
f 6162 5576 6164
f 5713 6165 5711
f 5711 6165 6166
f 5474 5729 6167
f 6167 5729 6163
f 5750 5547 6168
f 6168 5547 6160
f 5471 5474 6161
f 6161 5474 6167
f 6169 5712 6168
f 6168 5712 5750
f 5711 6166 5576
f 5576 6166 6164
f 6165 5713 6169
f 6169 5713 5712
f 6168 6170 6169
f 6169 6170 6171
f 6169 6171 6165
f 6165 6171 6172
f 6165 6172 6166
f 6166 6172 6173
f 6166 6173 6164
f 6164 6173 6174
f 6168 6160 6170
f 6170 6160 6175
f 6160 6161 6175
f 6175 6161 6176
f 6161 6167 6176
f 6176 6167 6177
f 6179 6170 6178
f 6178 6170 6175
f 6181 6182 6180
f 6180 6182 6183
f 6184 6185 6181
f 6181 6185 6182
f 6186 6187 6185
f 6185 6187 6182
f 6186 6188 6187
f 6187 6188 6189
f 6190 6183 6187
f 6187 6183 6182
f 6183 6190 6191
f 6191 6190 6192
f 6191 6193 6183
f 6183 6193 6180
f 6186 6185 6194
f 6194 6185 6184
f 6184 6172 6194
f 6194 6172 6171
f 6184 6195 6172
f 6172 6195 6173
f 6181 6196 6184
f 6184 6196 6195
f 6196 6181 6197
f 6197 6181 6180
f 6186 6194 6188
f 6188 6194 6179
f 6179 6194 6170
f 6170 6194 6171
f 6193 6198 6180
f 6180 6198 6197
f 6199 6196 6200
f 6200 6196 6197
f 6198 6201 6197
f 6197 6201 6200
f 6202 6199 6203
f 6203 6199 6200
f 6199 6202 6205
f 6205 6202 6204
f 6201 6206 6200
f 6200 6206 6203
f 6196 6199 6195
f 6195 6199 6205
f 6195 6205 6173
f 6173 6205 6174
f 6198 6193 6208
f 6208 6193 6207
f 6193 6191 6207
f 6207 6191 6192
f 6189 6188 6209
f 6209 6188 6179
f 6210 6189 6211
f 6211 6189 6209
f 6209 6179 6212
f 6212 6179 6178
f 6211 6209 6213
f 6213 6209 6212
f 6211 6214 6210
f 6210 6214 6215
f 6192 6215 6207
f 6207 6215 6214
f 6190 6187 6210
f 6210 6187 6189
f 6192 6190 6215
f 6215 6190 6210
f 6162 6164 6216
f 6216 6164 6174
f 6167 6163 6177
f 6177 6163 6217
f 6216 6217 6162
f 6162 6217 6163
f 6204 6218 6216
f 6216 6218 6217
f 6202 6219 6204
f 6204 6219 6218
f 6217 6218 6177
f 6177 6218 6220
f 6216 6174 6204
f 6204 6174 6205
f 6221 6176 6220
f 6220 6176 6177
f 6176 6221 6175
f 6175 6221 6178
f 6221 6222 6178
f 6178 6222 6212
f 6222 6221 6223
f 6223 6221 6220
f 6224 6222 6225
f 6225 6222 6223
f 6218 6219 6220
f 6220 6219 6223
f 6219 6226 6223
f 6223 6226 6225
f 6222 6224 6212
f 6212 6224 6213
f 6228 6213 6227
f 6227 6213 6224
f 6229 6227 6231
f 6231 6227 6230
f 6227 6224 6230
f 6230 6224 6225
f 6227 6229 6228
f 6228 6229 6208
f 6228 6208 6214
f 6214 6208 6207
f 6214 6211 6228
f 6228 6211 6213
f 6219 6202 6226
f 6226 6202 6203
f 6231 6226 6206
f 6206 6226 6203
f 6231 6230 6226
f 6226 6230 6225
f 6229 6231 6201
f 6201 6231 6206
f 6201 6198 6229
f 6229 6198 6208
f 5674 5672 5661
f 5661 5672 5662
f 5662 5672 5663
f 5663 5672 5646
f 5651 6042 5652
f 5652 6042 5973
f 5518 5517 5751
f 5751 5517 5733
f 5738 5660 5753
f 5753 5660 5637
f 5752 5636 5656
f 5656 5636 5526
f 5952 6042 5593
f 5593 6042 5651
f 5593 5651 5594
f 5594 5651 5650
f 5600 5737 5514
f 5514 5737 5515
f 5546 5545 5740
f 5740 5545 6232
f 6232 6058 5740
f 5740 6058 6057
f 6067 6058 6233
f 6233 6058 6232
f 6233 6232 6234
f 6234 6232 5545
f 6234 5545 6235
f 6235 5545 5544
f 5606 6236 5543
f 5543 6236 5544
f 6235 5544 5539
f 5539 5544 6236
f 6237 6235 5542
f 5542 6235 5539
f 6235 6237 6234
f 6234 6237 6238
f 6234 6238 6233
f 6233 6238 6239
f 5653 6068 5650
f 5650 6068 6239
f 5642 5513 6240
f 6240 5513 5516
f 5539 6236 5540
f 5540 6236 5606
f 5636 5614 5637
f 5637 5614 5753
f 6239 5737 5650
f 5650 5737 5594
f 6239 6068 6233
f 6233 6068 6067
f 6075 6074 6159
f 6159 6074 5655
f 6057 6159 5740
f 5740 6159 5655
f 5515 5737 6238
f 6238 5737 6239
f 6238 6237 5515
f 5515 6237 5516
f 5542 6240 6237
f 6237 6240 5516
f 6240 5542 5642
f 5642 5542 5541
f 5702 5699 5541
f 5541 5699 5642
f 5582 5475 5717
f 5470 5443 5537
f 5537 5443 5504
f 5469 5444 5470
f 5470 5444 5443
f 5726 5557 5727
f 5727 5557 5556
f 5537 5504 5511
f 5511 5504 5506
f 5504 5503 5506
f 5506 5503 5507
f 5503 5455 5507
f 5507 5455 5581
f 5455 5454 5581
f 5581 5454 5456
f 5473 5453 5474
f 5474 5453 5729
f 5457 5454 5473
f 5473 5454 5453
f 5473 5472 5457
f 5457 5472 5686
f 5472 5548 5686
f 5686 5548 5687
f 5749 5693 5548
f 5548 5693 5687
f 5715 5532 5749
f 5749 5532 5693
f 5714 5486 5715
f 5715 5486 5532
f 5714 5710 5486
f 5486 5710 5449
f 5728 5578 5729
f 5729 5578 5577
f 5452 5445 5698
f 5698 5445 5558
f 5445 5444 5558
f 5558 5444 5556
f 5444 5469 5556
f 5556 5469 5727
f 5469 5468 5727
f 5727 5468 5555
f 5468 5747 5555
f 5555 5747 5552
f 5747 5700 5552
f 5552 5700 5716
f 5700 5699 5716
f 5716 5699 5717
f 5699 5702 5717
f 5717 5702 5582
f 5702 5701 5582
f 5582 5701 5583
f 5726 5479 5557
f 5557 5479 5483
f 5483 5479 5484
f 5484 5479 5482
f 5534 5533 5482
f 5482 5533 5484
f 5691 5688 5534
f 5534 5688 5533
f 5644 5647 5691
f 5691 5647 5688
f 5719 5746 5701
f 5701 5746 5583
f 5718 5497 5719
f 5719 5497 5746
f 5718 5605 5654
f 5654 5605 5638
f 5498 5654 5657
f 5657 5654 5633
f 5497 5718 5498
f 5498 5718 5654
f 5657 5527 5498
f 5498 5527 5494
f 5528 5570 5495
f 5495 5570 5521
f 5665 5668 5528
f 5528 5668 5570
f 5664 5671 5665
f 5665 5671 5668
f 5645 5741 5664
f 5664 5741 5671
f 5644 5696 5645
f 5645 5696 5741
f 5710 5575 5449
f 5449 5575 5450
f 5575 5578 5450
f 5450 5578 5698
f 5578 5728 5698
f 5698 5728 5452
f 5452 5728 5451
f 5451 5728 5453
f 3619 6241 3620
f 3620 6241 6242
f 6243 6244 3628
f 3628 6244 3629
f 6245 6246 3634
f 3634 6246 3631
f 6247 6248 3636
f 3636 6248 3637
f 6249 6250 3642
f 3642 6250 3639
f 3639 6250 3643
f 3643 6250 6251
f 3743 6252 3744
f 3744 6252 6253
f 6246 6243 3631
f 3631 6243 3628
f 3753 6254 3754
f 3754 6254 6255
f 3857 6256 3619
f 3619 6256 6241
f 6257 6245 3932
f 3932 6245 3634
f 6242 6247 3620
f 3620 6247 3636
f 6258 6259 3946
f 3946 6259 3947
f 6260 6249 3948
f 3948 6249 3642
f 6244 6258 3629
f 3629 6258 3946
f 3947 6259 3753
f 3753 6259 6254
f 6248 6260 3637
f 3637 6260 3948
f 3643 6251 3743
f 3743 6251 6252
f 3744 6253 3932
f 3932 6253 6257
f 6250 6249 6251
f 6251 6249 6252
f 6245 6261 6246
f 6246 6261 6262
f 6263 6264 6247
f 6247 6264 6248
f 6252 6265 6253
f 6253 6265 6266
f 6246 6262 6243
f 6243 6262 6267
f 6268 6261 6257
f 6257 6261 6245
f 6269 6263 6242
f 6242 6263 6247
f 6270 6271 6260
f 6260 6271 6249
f 6264 6270 6248
f 6248 6270 6260
f 6253 6266 6257
f 6257 6266 6268
f 6249 6271 6252
f 6252 6271 6265
f 6254 6259 6272
f 6272 6259 6273
f 6266 6265 6270
f 6270 6265 6271
f 6268 6266 6264
f 6264 6266 6270
f 6261 6268 6263
f 6263 6268 6264
f 6269 6262 6263
f 6263 6262 6261
f 4186 4185 6274
f 6274 4185 6275
f 6241 6276 6242
f 6242 6276 6269
f 6258 6244 6277
f 6277 6244 6278
f 6256 6279 6241
f 6241 6279 6276
f 6259 6258 6273
f 6273 6258 6277
f 6243 6267 6244
f 6244 6267 6278
f 6276 6267 6269
f 6269 6267 6262
f 6254 6272 6255
f 6255 6272 6280
f 3865 3713 3888
f 3888 3713 3685
f 5242 5233 3892
f 3892 5233 3711
f 3900 5243 3892
f 3892 5243 5242
f 3734 3866 3900
f 3900 3866 5243
f 4117 6281 4118
f 4118 6281 6282
f 4118 6282 4278
f 4278 6282 4879
f 4717 4887 4718
f 4718 4887 4280
f 4792 4278 4882
f 4882 4278 4879
f 4795 4792 6283
f 6283 4792 4882
f 4852 4851 5012
f 5012 4851 6284
f 4856 5207 4857
f 4857 5207 4858
f 4860 4279 4857
f 4857 4279 4854
f 4718 4280 4860
f 4860 4280 4279
f 4864 4863 4745
f 4745 4863 4742
f 5366 4867 5011
f 5011 4867 4866
f 4871 4884 4872
f 4872 4884 4883
f 4872 4883 4117
f 4117 4883 6281
f 6284 4851 6283
f 6283 4851 4795
f 4852 4866 4853
f 4853 4866 4865
f 4871 4870 4856
f 4856 4870 5207
f 4717 4716 4864
f 4864 4716 4861
f 4868 4867 4862
f 4862 4867 4863
f 4268 4855 4269
f 4269 4855 4854
f 4281 4274 4282
f 4282 4274 4765
f 4744 4743 4907
f 4907 4743 4904
f 4874 4881 4820
f 4820 4881 4880
f 4885 5013 4886
f 4886 5013 4980
f 4888 4275 4281
f 4281 4275 4274
f 4902 6282 4903
f 4903 6282 6281
f 6283 4979 6284
f 6284 4979 4978
f 4282 4765 4269
f 4269 4765 4266
f 4880 4879 4902
f 4902 4879 6282
f 4903 6281 4886
f 4886 6281 4883
f 4882 4881 6283
f 6283 4881 4979
f 5013 4885 4267
f 4267 4885 4268
f 4888 4887 4744
f 4744 4887 4745
f 4410 6285 4411
f 4411 6285 4812
f 4750 4749 6286
f 6286 4749 6287
f 6289 4695 6288
f 6288 4695 4255
f 4750 4675 4751
f 4751 4675 4965
f 6290 6291 4963
f 4963 6291 4960
f 4807 4806 4411
f 4411 4806 4408
f 6292 6293 4959
f 4959 6293 4956
f 4958 6294 4959
f 4959 6294 4955
f 4962 4964 4963
f 4963 4964 4805
f 4962 4961 4751
f 4751 4961 4748
f 6296 6297 6295
f 6295 6297 6298
f 6299 6300 6288
f 6288 6300 4735
f 6302 4961 6301
f 6301 4961 4960
f 6304 6287 6303
f 6303 6287 4749
f 4968 6305 4969
f 4969 6305 6306
f 4413 6308 6307
f 6307 6308 4900
f 6301 4960 6309
f 6309 4960 6291
f 4412 4408 6310
f 6310 4408 4806
f 4696 6311 4256
f 4256 6311 6312
f 6303 4749 6313
f 6313 4749 4748
f 6313 4748 6302
f 6302 4748 4961
f 6315 6316 6314
f 6314 6316 6317
f 4084 6318 6315
f 6315 6318 6316
f 4083 6319 4084
f 4084 6319 6318
f 4112 6320 4083
f 4083 6320 6319
f 6322 4138 6321
f 6321 4138 4137
f 6324 4128 6323
f 6323 4128 4127
f 4127 4193 6323
f 6323 4193 6325
f 4193 4891 6325
f 6325 4891 6326
f 4891 6327 6326
f 6326 6327 6328
f 6327 4824 5227
f 5227 4824 5228
f 5231 4684 6329
f 6329 4684 4683
f 4683 4099 6329
f 6329 4099 6330
f 4099 4102 6330
f 6330 4102 6331
f 4174 4826 4429
f 4429 4826 4829
f 4173 4741 4174
f 4174 4741 4826
f 4180 4738 4173
f 4173 4738 4741
f 6332 6333 4180
f 4180 6333 4738
f 6274 6334 4186
f 4186 6334 4188
f 4181 4825 4180
f 4180 4825 6332
f 5044 5213 5045
f 5045 5213 5165
f 5046 5087 5047
f 5047 5087 5222
f 5077 5063 5078
f 5078 5063 5198
f 5081 5099 5082
f 5082 5099 5194
f 5095 5074 5096
f 5096 5074 5073
f 5373 5170 5096
f 5096 5170 5093
f 5375 5171 5373
f 5373 5171 5170
f 5047 5222 5375
f 5375 5222 5171
f 5046 5038 5376
f 5376 5038 5067
f 5377 5086 5376
f 5376 5086 5085
f 5045 5165 5377
f 5377 5165 5086
f 5378 5214 5044
f 5044 5214 5213
f 5077 5034 5378
f 5378 5034 5214
f 5082 5194 5078
f 5078 5194 5035
f 5081 5080 5379
f 5379 5080 6335
f 5379 6335 5095
f 5095 6335 5074
f 5032 5080 5033
f 5033 5080 5079
f 5040 5017 5041
f 5041 5017 5016
f 5050 5043 5051
f 5051 5043 5042
f 5065 5023 5066
f 5066 5023 5022
f 5050 5049 5065
f 5065 5049 5023
f 5041 5016 5068
f 5068 5016 5020
f 5071 5374 5072
f 5072 5374 5200
f 5075 5156 5076
f 5076 5156 5155
f 5162 5212 5068
f 5068 5212 5067
f 5075 5074 5192
f 5192 5074 6335
f 5066 5022 5199
f 5199 5022 5196
f 5076 5155 5072
f 5072 5155 5069
f 5040 5039 5071
f 5071 5039 5374
f 5162 5161 5051
f 5051 5161 5048
f 5192 6335 5032
f 5032 6335 5080
f 5199 5196 5033
f 5033 5196 5030
f 5018 5211 5019
f 5019 5211 5408
f 5019 5408 5021
f 5021 5408 5163
f 5024 5057 5025
f 5025 5057 5415
f 5028 5048 5029
f 5029 5048 5161
f 5054 5031 5055
f 5055 5031 5030
f 5024 5023 5058
f 5058 5023 5049
f 5061 5070 5062
f 5062 5070 5069
f 5157 5438 5158
f 5158 5438 5442
f 5160 5191 5054
f 5054 5191 5031
f 5029 5161 5021
f 5021 5161 5020
f 5025 5415 5197
f 5197 5415 5220
f 5158 5442 5062
f 5062 5442 5059
f 5018 5017 5061
f 5061 5017 5070
f 5160 5159 5157
f 5157 5159 5438
f 5028 5027 5058
f 5058 5027 5056
f 5055 5030 5197
f 5197 5030 5196
f 5409 5380 5410
f 5410 5380 6336
f 5026 5413 5027
f 5027 5413 5412
f 5396 5417 5393
f 5393 5417 5416
f 5416 5057 5419
f 5419 5057 5056
f 5417 5396 5426
f 5426 5396 5420
f 5427 5423 5428
f 5428 5423 5422
f 5427 5059 5430
f 5430 5059 5442
f 5409 5408 5433
f 5433 5408 5211
f 5433 5211 5428
f 5428 5211 5060
f 5412 5411 5419
f 5419 5411 5418
f 5436 5053 5437
f 5437 5053 5052
f 5439 5402 5440
f 5440 5402 5401
f 5436 5435 5439
f 5439 5435 5402
f 5410 6336 5413
f 5413 6336 5414
f 5440 5401 5430
f 5430 5401 5429
f 5426 5420 5437
f 5437 5420 5434
f 5382 5432 5383
f 5383 5432 5384
f 5386 6336 5383
f 5383 6336 5380
f 6336 5386 5414
f 5414 5386 5388
f 5391 5418 5392
f 5392 5418 5411
f 5705 5395 5704
f 5704 5395 5394
f 5399 5435 5400
f 5400 5435 5434
f 5403 5441 5404
f 5404 5441 5405
f 5407 5429 5404
f 5404 5429 5401
f 5395 5705 5421
f 5421 5705 5748
f 5424 5706 5425
f 5425 5706 5431
f 5391 5390 5394
f 5394 5390 5704
f 5392 5388 5389
f 5389 5388 5387
f 5382 5381 5425
f 5425 5381 5422
f 5407 5406 5424
f 5424 5406 5706
f 5403 5402 5399
f 5399 5402 5435
f 5421 5748 5400
f 5400 5748 5397
f 4097 4721 4098
f 4098 4721 4231
f 4233 5273 4098
f 4098 5273 4095
f 6337 6338 4785
f 4785 6338 4786
f 4076 4780 4073
f 4073 4780 4781
f 4782 4190 4781
f 4781 4190 4073
f 4783 4901 4782
f 4782 4901 4190
f 4780 4076 4097
f 4097 4076 4721
f 6337 2879 4701
f 4701 2879 2878
f 5280 6339 5272
f 5272 6339 6340
f 5282 5281 6341
f 6341 5281 6342
f 4109 6302 4110
f 4110 6302 6301
f 4283 6304 4284
f 4284 6304 6303
f 6305 4379 6306
f 6306 4379 4378
f 4110 6301 4428
f 4428 6301 6309
f 6310 4688 4412
f 4412 4688 4687
f 4284 6303 4753
f 4753 6303 6313
f 4753 6313 4109
f 4109 6313 6302
f 6343 5226 4428
f 4428 5226 4427
f 4147 4900 4416
f 4416 4900 6308
f 6312 6311 4241
f 4241 6311 4720
f 5223 6344 4702
f 4702 6344 4699
f 4221 4220 6345
f 6345 4220 6346
f 5276 5275 6347
f 6347 5275 6348
f 5275 4728 6348
f 6348 4728 6349
f 4727 6350 5284
f 5284 6350 5285
f 6351 6352 6354
f 6354 6352 6353
f 5313 5312 5292
f 5292 5312 5293
f 5312 5344 5293
f 5293 5344 5337
f 5344 4914 5337
f 5337 4914 4916
f 4914 4913 4916
f 4916 4913 4917
f 4913 6355 4917
f 4917 6355 4978
f 6356 6357 6284
f 6284 6357 5012
f 6357 6358 5012
f 5012 6358 5011
f 5011 6358 5366
f 5366 6358 6359
f 6360 4742 6359
f 6359 4742 5366
f 4743 6361 4904
f 4904 6361 5364
f 5363 4905 5364
f 5364 4905 4904
f 5363 6362 4905
f 4905 6362 4207
f 6362 6363 4207
f 4207 6363 4208
f 6363 5342 4208
f 4208 5342 5330
f 5342 5341 5330
f 5330 5341 4244
f 5341 6364 4244
f 4244 6364 4245
f 6364 6365 4245
f 4245 6365 4246
f 6366 6367 4253
f 4253 6367 4250
f 4214 6368 4211
f 4211 6368 4380
f 4380 4379 4211
f 4211 4379 4283
f 4379 6305 4283
f 4283 6305 6304
f 6305 4968 6304
f 6304 4968 6287
f 4968 4967 6287
f 6287 4967 6286
f 4967 6297 6286
f 6286 6297 4676
f 6296 4376 4288
f 4288 4376 4285
f 4376 4373 4285
f 4285 4373 4290
f 6369 6370 6372
f 6372 6370 6371
f 5245 6373 5246
f 5246 6373 6374
f 4317 6375 4318
f 4318 6375 6376
f 4331 6377 4332
f 4332 6377 6378
f 6379 4333 6376
f 6376 4333 4318
f 4343 6380 4344
f 4344 6380 6381
f 4347 6382 4348
f 4348 6382 6383
f 4374 6371 4331
f 4331 6371 6377
f 4333 6379 4426
f 4426 6379 6384
f 4690 6385 4347
f 4347 6385 6382
f 4332 6378 4317
f 4317 6378 6375
f 4922 6386 4923
f 4923 6386 6387
f 6388 6389 4375
f 4375 6389 6390
f 6355 6356 4978
f 4978 6356 6284
f 4742 6360 4743
f 4743 6360 6361
f 6391 4238 6392
f 6392 4238 4719
f 6392 4719 6393
f 6393 4719 5296
f 6395 6396 6394
f 6394 6396 6397
f 6399 6400 6398
f 6398 6400 6401
f 6402 5302 6403
f 6403 5302 5303
f 5303 5321 6403
f 6403 5321 6404
f 5320 6405 5321
f 5321 6405 6404
f 5319 6406 5350
f 5350 6406 5351
f 5319 5318 6406
f 6406 5318 6407
f 5288 4197 6408
f 6408 4197 6409
f 4217 4216 6410
f 6410 4216 6411
f 5227 6412 6327
f 6327 6412 6328
f 4892 6413 5227
f 5227 6413 6412
f 4228 6414 4892
f 4892 6414 6413
f 4227 6415 4228
f 4228 6415 6414
f 4248 6416 4227
f 4227 6416 6415
f 4247 6417 4248
f 4248 6417 6416
f 6417 4247 6419
f 6419 4247 6418
f 6419 6418 6421
f 6421 6418 6420
f 6422 5301 6423
f 6423 5301 5300
f 6423 5300 6424
f 6424 5300 6399
f 6408 6409 6398
f 6398 6409 6425
f 6426 6427 6397
f 6397 6427 6394
f 6428 4224 6429
f 6429 4224 4223
f 6347 6346 5276
f 5276 6346 4220
f 6346 6347 6341
f 6341 6347 6339
f 5280 5278 5282
f 5282 5278 4236
f 4896 5224 4684
f 4684 5224 4681
f 4132 4135 4896
f 4896 4135 5224
f 4131 4136 4132
f 4132 4136 4135
f 4226 4754 4131
f 4131 4754 4136
f 4251 4213 4226
f 4226 4213 4754
f 4250 4214 4251
f 4251 4214 4213
f 4250 6367 4214
f 4214 6367 6368
f 6367 4910 6368
f 6368 4910 4737
f 4909 5297 4736
f 4736 5297 5296
f 5297 6395 5296
f 5296 6395 6393
f 6427 6430 6394
f 6394 6430 6431
f 6429 4383 6428
f 6428 4383 4382
f 4219 5277 4220
f 4220 5277 5276
f 4222 4697 4383
f 4383 4697 4218
f 6345 4699 4221
f 4221 4699 6344
f 6342 4700 6345
f 6345 4700 4699
f 4235 4786 5281
f 5281 4786 6338
f 4234 4787 4235
f 4235 4787 4786
f 5279 5278 6432
f 6432 5278 5271
f 4237 5279 6433
f 6433 5279 6432
f 4787 4234 6433
f 6433 4234 4237
f 6435 6436 6434
f 6434 6436 6437
f 6359 6438 6360
f 6360 6438 6437
f 6439 6440 6441
f 6441 6440 6438
f 6443 6439 6442
f 6442 6439 6441
f 6357 6356 6442
f 6442 6356 6444
f 6444 6446 6445
f 6445 6446 6447
f 4912 6446 4913
f 4913 6446 6355
f 6361 6436 5364
f 5364 6436 5365
f 5319 5350 5316
f 5316 5350 6448
f 4832 6449 5350
f 5350 6449 6448
f 4831 6450 4832
f 4832 6450 6449
f 5354 6451 5320
f 5320 6451 6405
f 4265 6452 5354
f 5354 6452 6451
f 4264 6453 4265
f 4265 6453 6452
f 6450 4831 6447
f 6447 4831 6445
f 4263 6435 4264
f 4264 6435 6434
f 6454 6453 6439
f 6439 6453 6440
f 6439 6443 6454
f 6454 6443 4834
f 4833 6455 4834
f 4834 6455 6454
f 5351 6456 4833
f 4833 6456 6455
f 6457 6391 6458
f 6458 6391 6392
f 6458 6392 6431
f 6431 6392 6393
f 5298 6396 5297
f 5297 6396 6395
f 6402 6400 5302
f 5302 6400 5299
f 6402 6403 6459
f 6459 6403 6460
f 6460 6403 6461
f 6461 6403 6404
f 6405 6462 6404
f 6404 6462 6461
f 6406 6462 5351
f 5351 6462 6456
f 6406 6407 6462
f 6462 6407 6461
f 6407 6463 6461
f 6461 6463 6460
f 6463 6464 6460
f 6460 6464 6459
f 6464 6465 6459
f 6459 6465 6401
f 6430 6466 6431
f 6431 6466 6458
f 6466 6410 6458
f 6458 6410 6457
f 6410 6411 6457
f 6457 6411 6467
f 6396 6424 6397
f 6397 6424 6425
f 6393 6395 6431
f 6431 6395 6394
f 6451 6456 6405
f 6405 6456 6462
f 6452 6455 6451
f 6451 6455 6456
f 6453 6454 6452
f 6452 6454 6455
f 6443 6445 4834
f 4834 6445 4831
f 6440 6453 6434
f 6434 6453 4264
f 6468 5306 5360
f 5360 5306 5305
f 6469 4124 6468
f 6468 4124 5306
f 6470 4125 6469
f 6469 4125 4124
f 6471 5291 6470
f 6470 5291 4125
f 6353 5292 6471
f 6471 5292 5291
f 5292 6353 5313
f 5313 6353 6352
f 5347 5314 6352
f 6352 5314 5313
f 5353 5318 5346
f 5346 5318 5317
f 5334 6468 5358
f 5358 6468 5360
f 5324 6469 5334
f 5334 6469 6468
f 5323 6470 5324
f 5324 6470 6469
f 5343 6471 5323
f 5323 6471 6470
f 6354 6353 5343
f 5343 6353 6471
f 6348 6349 4270
f 4270 6349 5311
f 5272 6340 5273
f 5273 6340 4272
f 6432 5271 4232
f 4232 5271 4233
f 4294 6432 4295
f 4295 6432 4232
f 6432 4294 6433
f 6433 4294 4301
f 4301 4300 6433
f 6433 4300 4787
f 4704 4784 4300
f 4300 4784 4787
f 4704 3013 4784
f 4784 3013 1307
f 5103 6472 5104
f 5104 6472 5202
f 5108 5116 5105
f 5105 5116 5115
f 5111 5124 5112
f 5112 5124 5123
f 5154 5205 5105
f 5105 5205 5106
f 5167 5180 5168
f 5168 5180 5185
f 5175 5188 5176
f 5176 5188 5187
f 5112 5123 5178
f 5178 5123 5120
f 5167 5090 5183
f 5183 5090 5089
f 5210 5151 5183
f 5183 5151 5181
f 5216 5138 5217
f 5217 5138 5137
f 5218 5119 5219
f 5219 5119 5221
f 5218 5178 5119
f 5119 5178 5120
f 5217 5137 5104
f 5104 5137 5101
f 5116 5108 5221
f 5221 5108 5219
f 5111 5110 5210
f 5210 5110 5151
f 5154 5153 5103
f 5103 5153 6472
f 5216 5215 5176
f 5176 5215 5173
f 5175 5174 5168
f 5168 5174 5166
f 5091 5172 5092
f 5092 5172 5208
f 5117 5037 5118
f 5118 5037 5036
f 5121 5164 5122
f 5122 5164 5133
f 5125 5084 5126
f 5126 5084 5083
f 5129 5174 5130
f 5130 5174 5173
f 5131 5202 5132
f 5132 5202 6472
f 5135 5221 5122
f 5122 5221 5119
f 5125 5124 5136
f 5136 5124 5209
f 5126 5083 5121
f 5121 5083 5164
f 5118 5036 5195
f 5195 5036 5193
f 5131 5097 5203
f 5203 5097 5114
f 5132 6472 5195
f 5195 6472 5153
f 5136 5209 5092
f 5092 5209 5089
f 5135 5134 5117
f 5117 5134 5037
f 5362 5206 5130
f 5130 5206 5127
f 5372 5371 5128
f 5128 5371 5129
f 5371 5372 5091
f 5091 5372 5172
f 5362 5215 5203
f 5203 5215 5201
f 6463 6407 5353
f 5353 6407 5318
f 6464 6463 5352
f 5352 6463 5353
f 6408 6465 5288
f 5288 6465 5289
f 4196 4224 6426
f 6426 4224 6427
f 6430 6427 6428
f 6428 6427 4224
f 6466 6430 4382
f 4382 6430 6428
f 6410 6466 4217
f 4217 6466 4382
f 4240 4239 3015
f 3015 4239 3016
f 4254 4257 3017
f 3017 4257 3018
f 6473 6474 4732
f 4732 6474 6475
f 6474 6374 6475
f 6475 6374 6373
f 5246 6374 3022
f 3022 6374 3023
f 4254 6299 4255
f 4255 6299 6288
f 6473 6300 3024
f 3024 6300 3025
f 6476 4257 6312
f 6312 4257 4256
f 4240 6476 4241
f 4241 6476 6312
f 6477 4239 6391
f 6391 4239 4238
f 6467 6477 6457
f 6457 6477 6391
f 6411 3029 6467
f 6467 3029 3028
f 4216 3030 6411
f 6411 3030 3029
f 6479 6480 6478
f 6478 6480 6481
f 6483 6484 6482
f 6482 6484 6485
f 6486 6487 4102
f 4102 6487 6331
f 6483 6488 6478
f 6478 6488 6489
f 4429 4829 6490
f 6490 4829 6479
f 6491 6486 4101
f 4101 6486 4102
f 4895 6491 4899
f 4899 6491 4101
f 4160 6488 4157
f 4157 6488 6492
f 6489 4087 6490
f 6490 4087 4090
f 4267 4261 5013
f 5013 4261 4260
f 4258 4261 5328
f 5328 4261 4975
f 4261 4267 4975
f 4975 4267 4266
f 5367 3793 3912
f 3912 3793 3575
f 6494 3616 6493
f 6493 3616 3795
f 6496 3589 6495
f 6495 3589 3588
f 6495 3588 5368
f 5368 3588 3794
f 3841 3840 3050
f 3050 3840 3051
f 3912 3911 3052
f 3052 3911 3053
f 3929 3930 3054
f 3054 3930 3055
f 5370 3930 3916
f 3916 3930 3923
f 3938 5369 3807
f 3807 5369 3915
f 3589 6496 3806
f 3806 6496 3937
f 3938 3937 3056
f 3056 3937 3057
f 3051 3840 3058
f 3058 3840 3943
f 3730 4808 3727
f 3727 4808 3943
f 3820 3951 3795
f 3795 3951 6493
f 3951 3841 3059
f 3059 3841 3050
f 3911 3574 6494
f 6494 3574 3616
f 3823 3929 3824
f 3824 3929 3952
f 4061 4060 3060
f 3060 4060 3061
f 6497 6498 4901
f 4901 6498 4790
f 6333 6499 4738
f 4738 6499 4739
f 6500 6501 6314
f 6314 6501 4418
f 6502 6275 4417
f 4417 6275 4185
f 6503 6497 4783
f 4783 6497 4901
f 6498 4060 4790
f 4790 4060 4059
f 4808 4061 3069
f 3069 4061 3060
f 5367 3071 5368
f 5368 3071 3070
f 5369 3073 5370
f 5370 3073 3072
f 6274 6275 3074
f 3074 6275 3075
f 6499 6504 4739
f 4739 6504 6317
f 6333 6332 3077
f 3077 6332 3078
f 6334 6274 3079
f 3079 6274 3074
f 6332 4825 3078
f 3078 4825 3080
f 6334 6503 4188
f 4188 6503 4783
f 4825 4689 3080
f 3080 4689 1330
f 6506 4747 6505
f 6505 4747 4746
f 6505 6507 6506
f 6506 6507 6508
f 4297 6509 4920
f 4920 6509 6510
f 4296 6511 4297
f 4297 6511 6509
f 6506 6508 4319
f 4319 6508 6512
f 4372 4371 6514
f 6514 4371 6513
f 6511 4296 5251
f 5251 4296 4305
f 5251 5250 6511
f 6511 5250 6515
f 6516 6509 6515
f 6515 6509 6511
f 6517 6507 6519
f 6519 6507 6518
f 6512 6520 6513
f 6513 6520 6514
f 6507 6517 6508
f 6508 6517 6521
f 5249 6523 6522
f 6522 6523 6524
f 6525 6370 5253
f 5253 6370 6526
f 4370 4323 4371
f 4371 4323 4326
f 4370 3103 4323
f 4323 3103 1541
f 6521 6517 6527
f 6527 6517 6519
f 6520 6528 6514
f 6514 6528 6529
f 6531 6532 6530
f 6530 6532 6533
f 5250 6534 6515
f 6515 6534 6535
f 6530 6533 6536
f 6536 6533 6537
f 6526 6538 6534
f 6534 6538 6537
f 6515 6535 6516
f 6516 6535 6539
f 4325 4321 4326
f 4326 4321 4320
f 4371 4326 6513
f 6513 4326 4320
f 6531 4731 6541
f 6541 4731 6540
f 4731 4730 6540
f 6540 4730 6542
f 4730 3121 6542
f 6542 3121 3120
f 6530 4328 6531
f 6531 4328 4731
f 4328 6530 4329
f 4329 6530 6536
f 4329 6536 6524
f 6524 6536 6543
f 6544 6545 6522
f 6522 6545 5248
f 6389 6388 5245
f 5245 6388 6373
f 6388 6546 6373
f 6373 6546 6475
f 4733 6546 6295
f 6295 6546 4377
f 4732 6475 4733
f 4733 6475 6546
f 4393 4432 4394
f 4394 4432 4435
f 4434 4672 4842
f 4842 4672 4671
f 4440 4439 4441
f 4441 4439 4438
f 4436 4450 4437
f 4437 4450 4398
f 4447 4444 4448
f 4448 4444 4392
f 4446 4464 4433
f 4433 4464 6547
f 4454 4423 4455
f 4455 4423 4422
f 4452 4481 4453
f 4453 4481 4480
f 4458 4389 4459
f 4459 4389 4388
f 4456 4471 4457
f 4457 4471 4468
f 4391 4460 4392
f 4392 4460 4448
f 4461 4467 4445
f 4445 4467 4465
f 4437 4398 4629
f 4629 4398 4397
f 4438 4628 4441
f 4441 4628 4631
f 4841 4629 4839
f 4839 4629 4397
f 4628 4842 4631
f 4631 4842 4671
f 4930 4989 4452
f 4452 4989 4481
f 4929 4927 4436
f 4436 4927 4450
f 4933 4387 4934
f 4934 4387 4386
f 4931 4475 4932
f 4932 4475 4474
f 4936 4449 4933
f 4933 4449 4387
f 4935 4472 4456
f 4456 4472 4471
f 4389 4458 4391
f 4391 4458 4460
f 4457 4468 4461
f 4461 4468 4467
f 4934 4386 4454
f 4454 4386 4423
f 4453 4480 4931
f 4931 4480 4475
f 4575 4997 4576
f 4576 4997 4639
f 4579 4596 4580
f 4580 4596 4595
f 4583 4582 4572
f 4572 4582 4569
f 4587 4944 4588
f 4588 4944 4562
f 4588 4562 4590
f 4590 4562 4561
f 4576 4639 4642
f 4642 4639 4638
f 4642 4845 4641
f 4641 4845 4846
f 4845 4590 4846
f 4846 4590 4561
f 4941 4938 4595
f 4595 4938 4580
f 4938 4940 4668
f 4668 4940 4669
f 4583 4942 4584
f 4584 4942 4947
f 4582 4587 4569
f 4569 4587 4586
f 5000 5001 4579
f 4579 5001 4596
f 4558 4560 4585
f 4585 4560 4586
f 4565 4639 4566
f 4566 4639 4997
f 4568 4567 4577
f 4577 4567 4578
f 4570 4554 4571
f 4571 4554 4556
f 4640 4565 4637
f 4637 4565 4546
f 4662 4664 4665
f 4665 4664 4844
f 4662 4558 4589
f 4589 4558 4585
f 4554 4570 4557
f 4557 4570 4560
f 4571 4667 4572
f 4572 4667 4943
f 4551 4670 4552
f 4552 4670 4666
f 4640 4664 4638
f 4638 4664 4663
f 4670 4568 4668
f 4668 4568 4577
f 4999 4996 4566
f 4566 4996 4543
f 4608 4564 4603
f 4603 4564 4563
f 4573 4593 4574
f 4574 4593 4592
f 4597 4614 4598
f 4598 4614 4613
f 4601 4600 4584
f 4584 4600 4581
f 4563 4562 4604
f 4604 4562 4944
f 4643 4593 4641
f 4641 4593 4573
f 4643 4847 4644
f 4644 4847 4848
f 4564 4847 4561
f 4561 4847 4846
f 4945 4941 4598
f 4598 4941 4595
f 4941 4945 4939
f 4939 4945 4946
f 4601 4948 4602
f 4602 4948 4620
f 4600 4604 4581
f 4581 4604 4944
f 5002 5003 4597
f 4597 5003 4614
f 4988 4759 4953
f 4953 4759 4402
f 4706 6548 4707
f 4707 6548 6549
f 4311 4928 4419
f 4419 4928 6550
f 4921 4920 6551
f 6551 4920 6552
f 4925 6553 4926
f 4926 6553 6554
f 4928 4921 4802
f 4802 4921 6551
f 6555 4985 6550
f 6550 4985 4419
f 4952 6556 4953
f 4953 6556 4649
f 4971 6557 4706
f 4706 6557 6548
f 4988 4648 4925
f 4925 4648 6553
f 4707 6549 5006
f 5006 6549 4987
f 4920 6510 6552
f 6552 6510 6518
f 6558 6510 6516
f 6516 6510 6509
f 6559 6558 6539
f 6539 6558 6516
f 6531 6541 6532
f 6532 6541 6560
f 6540 6561 6541
f 6541 6561 6529
f 6542 6562 6540
f 6540 6562 6561
f 6542 3120 6562
f 6562 3120 3142
f 4366 6563 4760
f 4760 6563 4970
f 4815 6564 4816
f 4816 6564 6565
f 3147 3146 6565
f 6565 3146 4816
f 6564 6563 6565
f 6565 6563 6566
f 4837 4385 4357
f 4357 4385 4358
f 6565 6566 3147
f 3147 6566 3149
f 4694 1209 3150
f 5247 5249 5248
f 5248 5249 6522
f 6372 6390 6545
f 6545 6390 6389
f 6375 5254 6376
f 6376 5254 5258
f 6377 6525 6378
f 6378 6525 5255
f 5260 6379 5258
f 5258 6379 6376
f 6380 6567 6381
f 6381 6567 6568
f 6382 6569 6383
f 6383 6569 6570
f 6377 6371 6525
f 6525 6371 6370
f 6379 5260 6384
f 6384 5260 6571
f 6385 6572 6382
f 6382 6572 6569
f 6378 5255 6375
f 6375 5255 5254
f 6386 6573 6387
f 6387 6573 6574
f 6545 6389 5248
f 5248 6389 5245
f 4675 4750 4676
f 4676 4750 6286
f 4734 6289 4735
f 4735 6289 6288
f 4804 6290 4805
f 4805 6290 4963
f 4811 4807 4812
f 4812 4807 4411
f 4954 6292 4955
f 4955 6292 4959
f 4964 4962 4965
f 4965 4962 4751
f 6285 4821 4812
f 4812 4821 4809
f 4675 4287 4965
f 4965 4287 4210
f 6294 4145 4955
f 4955 4145 4154
f 4964 4120 4805
f 4805 4120 4119
f 6298 4966 4734
f 4734 4966 6289
f 6300 6473 4735
f 4735 6473 4732
f 6297 6296 4676
f 4676 6296 4288
f 6523 3160 4330
f 4330 3160 3159
f 5253 5252 6525
f 6525 5252 5255
f 5256 5252 4305
f 4305 5252 5251
f 4304 5257 4305
f 4305 5257 5256
f 4424 5259 4304
f 4304 5259 5257
f 5261 6571 5259
f 5259 6571 5260
f 5262 6573 5261
f 5261 6573 6571
f 5264 6567 5265
f 5265 6567 6574
f 5266 6572 5267
f 5267 6572 6568
f 5268 6570 5269
f 5269 6570 6569
f 1807 3161 5268
f 5268 3161 6570
f 6524 6523 4329
f 4329 6523 4330
f 5253 6526 5250
f 5250 6526 6534
f 6543 6538 6544
f 6544 6538 6369
f 6524 6543 6522
f 6522 6543 6544
f 3071 5367 3052
f 3052 5367 3912
f 6493 3163 6494
f 6494 3163 3162
f 3164 445 3771
f 3771 445 3761
f 461 3165 3919
f 3919 3165 3920
f 330 410 3839
f 3839 410 3910
f 332 331 3552
f 3552 331 3551
f 464 304 3918
f 3918 304 3816
f 385 458 3766
f 3766 458 3894
f 412 415 3762
f 3762 415 3763
f 3166 337 3748
f 3748 337 3745
f 3072 3055 5370
f 5370 3055 3930
f 3073 5369 3056
f 3056 5369 3938
f 3167 3057 6496
f 6496 3057 3937
f 3069 3058 4808
f 4808 3058 3943
f 411 3166 3851
f 3851 3166 3748
f 3059 3163 3951
f 3951 3163 6493
f 336 3164 3772
f 3772 3164 3771
f 3053 3911 3162
f 3162 3911 6494
f 3054 3168 3929
f 3929 3168 3952
f 3165 830 3920
f 3920 830 3945
f 3170 3169 6497
f 6497 3169 6498
f 3171 1354 5005
f 5005 1354 4830
f 3172 3170 6503
f 6503 3170 6497
f 3169 3061 6498
f 6498 3061 4060
f 3173 3171 5006
f 5006 3171 5005
f 3079 3172 6334
f 6334 3172 6503
f 3174 3025 6299
f 6299 3025 6300
f 6576 6577 6575
f 6575 6577 6578
f 4612 4611 6579
f 6579 4611 6580
f 6582 6583 6581
f 6581 6583 6584
f 6584 6585 4618
f 4618 6585 4621
f 6586 6587 6589
f 6589 6587 6588
f 6588 6587 6590
f 6590 6587 6591
f 6592 4606 6590
f 6590 4606 4623
f 6594 6576 6593
f 6593 6576 6575
f 6595 6582 6579
f 6579 6582 6581
f 6580 6597 6596
f 6596 6597 6598
f 6577 6576 6599
f 6599 6576 6600
f 6595 6596 6601
f 6601 6596 6602
f 6583 6582 6603
f 6603 6582 6604
f 6586 6606 6605
f 6605 6606 6607
f 6587 6586 6608
f 6608 6586 6605
f 6587 6608 6591
f 6591 6608 6609
f 6576 6594 6600
f 6600 6594 6610
f 6582 6595 6604
f 6604 6595 6601
f 6599 6611 6577
f 6577 6611 6598
f 6613 6614 6612
f 6612 6614 6615
f 6617 6618 6616
f 6616 6618 6619
f 6621 6622 6620
f 6620 6622 6623
f 6625 6626 6624
f 6624 6626 6627
f 6629 6630 6628
f 6628 6630 6631
f 6633 6634 6632
f 6632 6634 6635
f 6637 6638 6636
f 6636 6638 6639
f 6640 6641 6637
f 6637 6641 6638
f 6643 6633 6642
f 6642 6633 6632
f 6645 6646 6644
f 6644 6646 6647
f 6646 6648 6647
f 6647 6648 6649
f 6651 6652 6650
f 6650 6652 6653
f 6653 6652 6654
f 6654 6652 6655
f 6656 6657 6659
f 6659 6657 6658
f 6661 6662 6660
f 6660 6662 6663
f 6662 6661 6664
f 6664 6661 6665
f 6667 6657 6666
f 6666 6657 6656
f 6669 6670 6668
f 6668 6670 6671
f 6672 6673 6670
f 6670 6673 6671
f 6674 6675 6677
f 6677 6675 6676
f 6675 6678 6676
f 6676 6678 6679
f 6681 6682 6680
f 6680 6682 6683
f 6684 6685 6683
f 6683 6685 6680
f 6687 6688 6686
f 6686 6688 6689
f 6687 6690 6688
f 6688 6690 6691
f 6619 6618 6633
f 6633 6618 6634
f 6632 6635 6693
f 6693 6635 6692
f 6617 6694 6636
f 6636 6694 6637
f 6695 6692 6639
f 6639 6692 6635
f 6637 6694 6640
f 6640 6694 6696
f 6698 6638 6697
f 6697 6638 6641
f 6643 6616 6633
f 6633 6616 6619
f 6642 6699 6641
f 6641 6699 6697
f 6646 6645 6700
f 6700 6645 6621
f 6644 6701 6654
f 6654 6701 6702
f 6700 6703 6646
f 6646 6703 6648
f 6693 6704 6649
f 6649 6704 6647
f 6620 6623 6651
f 6651 6623 6652
f 6693 6649 6699
f 6699 6649 6650
f 6652 6623 6655
f 6655 6623 6622
f 6654 6702 6653
f 6653 6702 6697
f 6615 6614 6657
f 6657 6614 6658
f 6705 6656 6704
f 6704 6656 6659
f 6613 6706 6660
f 6660 6706 6661
f 6704 6659 6701
f 6701 6659 6663
f 6661 6706 6665
f 6665 6706 6707
f 6708 6702 6664
f 6664 6702 6662
f 6612 6615 6667
f 6667 6615 6657
f 6666 6709 6664
f 6664 6709 6708
f 6629 6710 6669
f 6669 6710 6670
f 6668 6711 6679
f 6679 6711 6712
f 6713 6672 6710
f 6710 6672 6670
f 6714 6671 6705
f 6705 6671 6673
f 6628 6631 6674
f 6674 6631 6675
f 6705 6673 6709
f 6709 6673 6677
f 6631 6630 6675
f 6675 6630 6678
f 6712 6708 6679
f 6679 6708 6676
f 6625 6715 6682
f 6682 6715 6683
f 6716 6717 6681
f 6681 6717 6691
f 6718 6684 6715
f 6715 6684 6683
f 6719 6680 6714
f 6714 6680 6685
f 6624 6627 6686
f 6686 6627 6687
f 6689 6711 6685
f 6685 6711 6714
f 6627 6626 6687
f 6687 6626 6690
f 6717 6712 6691
f 6691 6712 6688
f 6612 6707 6613
f 6613 6707 6706
f 6616 6696 6617
f 6617 6696 6694
f 6703 6700 6620
f 6620 6700 6621
f 6715 6625 6718
f 6718 6625 6624
f 6710 6629 6713
f 6713 6629 6628
f 6639 6635 6636
f 6636 6635 6634
f 6641 6640 6642
f 6642 6640 6643
f 6654 6655 6644
f 6644 6655 6645
f 6651 6650 6648
f 6648 6650 6649
f 6659 6658 6663
f 6663 6658 6660
f 6665 6667 6664
f 6664 6667 6666
f 6678 6669 6679
f 6679 6669 6668
f 6673 6672 6677
f 6677 6672 6674
f 6690 6682 6691
f 6691 6682 6681
f 6685 6684 6689
f 6689 6684 6686
f 6636 6634 6617
f 6617 6634 6618
f 6638 6698 6639
f 6639 6698 6695
f 6640 6696 6643
f 6643 6696 6616
f 6693 6699 6632
f 6632 6699 6642
f 6655 6622 6645
f 6645 6622 6621
f 6704 6701 6647
f 6647 6701 6644
f 6651 6648 6620
f 6620 6648 6703
f 6650 6653 6699
f 6699 6653 6697
f 6613 6660 6614
f 6614 6660 6658
f 6663 6662 6701
f 6701 6662 6702
f 6665 6707 6667
f 6667 6707 6612
f 6705 6709 6656
f 6656 6709 6666
f 6630 6629 6678
f 6678 6629 6669
f 6714 6711 6671
f 6671 6711 6668
f 6672 6713 6674
f 6674 6713 6628
f 6677 6676 6709
f 6709 6676 6708
f 6626 6625 6690
f 6690 6625 6682
f 6680 6719 6681
f 6681 6719 6716
f 6684 6718 6686
f 6686 6718 6624
f 6711 6689 6712
f 6689 6688 6712
f 6593 6720 6594
f 6594 6720 6721
f 6722 6720 4607
f 4607 6720 4849
f 6592 6723 6722
f 6722 6723 6724
f 4610 4609 6578
f 6578 4609 6575
f 6596 6595 6580
f 6580 6595 6579
f 4618 4617 6584
f 6584 4617 6581
f 6589 6585 6586
f 6586 6585 6606
f 4622 4619 6588
f 6588 4619 6589
f 4622 6588 4623
f 4623 6588 6590
f 4609 4645 6575
f 6575 4645 6593
f 4617 4612 6581
f 6581 4612 6579
f 5004 4610 6597
f 6597 4610 6578
f 4645 4849 6593
f 6593 4849 6720
f 6724 6721 6722
f 6722 6721 6720
f 6722 4607 6592
f 6592 4607 4606
f 6725 6610 6721
f 6721 6610 6594
f 6723 6726 6724
f 6724 6726 6727
f 6727 6725 6724
f 6724 6725 6721
f 6728 6729 6605
f 6605 6729 6608
f 6605 6607 6728
f 6728 6607 6730
f 6731 6732 6604
f 6604 6732 6603
f 6733 6734 6725
f 6725 6734 6610
f 6735 6733 6727
f 6727 6733 6725
f 6735 6727 6736
f 6736 6727 6726
f 6591 6609 6723
f 6723 6609 6726
f 6723 6592 6591
f 6591 6592 6590
f 6738 6739 6737
f 6737 6739 6740
f 6740 6739 6742
f 6742 6739 6741
f 6743 6744 6741
f 6741 6744 6742
f 6745 6746 6743
f 6743 6746 6744
f 6747 6748 6745
f 6745 6748 6746
f 6749 6750 6747
f 6747 6750 6748
f 6752 6738 6751
f 6751 6738 6737
f 6754 6752 6753
f 6753 6752 6751
f 6756 6754 6755
f 6755 6754 6753
f 6758 6750 6757
f 6757 6750 6749
f 6760 6756 6759
f 6759 6756 6755
f 6762 6760 6761
f 6761 6760 6759
f 6764 6762 6763
f 6763 6762 6761
f 6757 6764 6758
f 6758 6764 6763
f 6766 6741 6765
f 6765 6741 6739
f 6767 6743 6766
f 6766 6743 6741
f 6768 6745 6767
f 6767 6745 6743
f 6769 6747 6768
f 6768 6747 6745
f 6770 6749 6769
f 6769 6749 6747
f 6772 6769 6771
f 6771 6769 6768
f 6773 6770 6772
f 6772 6770 6769
f 6774 6775 6772
f 6772 6775 6773
f 6777 6778 6776
f 6776 6778 6779
f 6775 6774 6778
f 6778 6774 6779
f 6771 6780 6772
f 6772 6780 6774
f 6780 6781 6774
f 6774 6781 6779
f 6781 6782 6779
f 6779 6782 6776
f 6784 6785 6783
f 6783 6785 6786
f 6786 6787 6783
f 6783 6787 6788
f 6790 6788 6789
f 6789 6788 6787
f 6786 6785 6791
f 6791 6785 6792
f 6791 6793 6786
f 6786 6793 6787
f 6793 6794 6787
f 6787 6794 6789
f 6795 6796 6794
f 6794 6796 6789
f 6790 6789 6797
f 6797 6789 6796
f 6798 6765 6738
f 6738 6765 6739
f 6799 6798 6752
f 6752 6798 6738
f 6767 6800 6768
f 6768 6800 6771
f 6766 6801 6767
f 6767 6801 6800
f 6802 6801 6765
f 6765 6801 6766
f 6798 6803 6765
f 6765 6803 6802
f 6804 6803 6799
f 6799 6803 6798
f 6805 6806 6804
f 6804 6806 6803
f 6807 6799 6754
f 6754 6799 6752
f 6808 6804 6807
f 6807 6804 6799
f 6809 6805 6808
f 6808 6805 6804
f 6810 6811 6805
f 6805 6811 6806
f 6812 6813 6810
f 6810 6813 6811
f 6814 6815 6796
f 6796 6815 6797
f 6813 6814 6816
f 6816 6814 6817
f 6816 6818 6813
f 6813 6818 6811
f 6819 6806 6818
f 6818 6806 6811
f 6802 6803 6819
f 6819 6803 6806
f 6757 6749 6820
f 6820 6749 6770
f 6820 6770 6821
f 6821 6770 6773
f 6821 6773 6822
f 6822 6773 6775
f 6822 6775 6823
f 6823 6775 6778
f 6824 6823 6777
f 6777 6823 6778
f 6784 6825 6777
f 6777 6825 6824
f 6826 6827 6788
f 6788 6827 6783
f 6828 6826 6790
f 6790 6826 6788
f 6829 6828 6797
f 6797 6828 6790
f 6815 6830 6797
f 6797 6830 6829
f 6832 6812 6831
f 6831 6812 6810
f 6831 6810 6809
f 6809 6810 6805
f 6736 6800 6735
f 6735 6800 6801
f 6733 6735 6802
f 6802 6735 6801
f 6734 6733 6819
f 6819 6733 6802
f 6833 6734 6818
f 6818 6734 6819
f 6834 6833 6816
f 6816 6833 6818
f 6816 6817 6834
f 6834 6817 6835
f 6837 6795 6836
f 6836 6795 6794
f 6836 6794 6731
f 6731 6794 6793
f 6732 6731 6791
f 6791 6731 6793
f 6791 6792 6732
f 6732 6792 6730
f 6729 6728 6781
f 6781 6728 6782
f 6838 6807 6756
f 6756 6807 6754
f 6839 6838 6760
f 6760 6838 6756
f 6840 6839 6762
f 6762 6839 6760
f 6841 6840 6764
f 6764 6840 6762
f 6820 6841 6757
f 6757 6841 6764
f 6841 6820 6842
f 6842 6820 6821
f 6840 6841 6843
f 6843 6841 6842
f 6839 6840 6844
f 6844 6840 6843
f 6838 6839 6845
f 6845 6839 6844
f 6807 6838 6808
f 6808 6838 6845
f 6842 6821 6846
f 6846 6821 6822
f 6843 6842 6847
f 6847 6842 6846
f 6844 6843 6848
f 6848 6843 6847
f 6845 6844 6849
f 6849 6844 6848
f 6808 6845 6809
f 6809 6845 6849
f 6850 6831 6849
f 6849 6831 6809
f 6851 6850 6848
f 6848 6850 6849
f 6847 6852 6848
f 6848 6852 6851
f 6853 6852 6846
f 6846 6852 6847
f 6846 6822 6853
f 6853 6822 6823
f 6853 6823 6854
f 6854 6823 6824
f 6854 6855 6853
f 6853 6855 6852
f 6856 6851 6855
f 6855 6851 6852
f 6856 6857 6851
f 6851 6857 6850
f 6857 6832 6850
f 6850 6832 6831
f 6825 6858 6824
f 6824 6858 6854
f 6860 6827 6859
f 6859 6827 6826
f 6859 6826 6861
f 6861 6826 6828
f 6862 6861 6829
f 6829 6861 6828
f 6830 6863 6829
f 6829 6863 6862
f 6863 6864 6862
f 6862 6864 6865
f 6858 6866 6854
f 6854 6866 6855
f 6867 6865 6866
f 6866 6865 6864
f 6869 6859 6868
f 6868 6859 6861
f 6867 6869 6865
f 6865 6869 6868
f 6861 6862 6868
f 6868 6862 6865
f 6867 6860 6869
f 6869 6860 6859
f 6753 6751 6698
f 6698 6751 6695
f 6697 6755 6698
f 6698 6755 6753
f 6759 6755 6702
f 6702 6755 6697
f 6761 6759 6708
f 6708 6759 6702
f 6763 6761 6712
f 6712 6761 6708
f 6758 6763 6717
f 6717 6763 6712
f 6750 6758 6716
f 6716 6758 6717
f 6719 6748 6716
f 6716 6748 6750
f 6714 6746 6719
f 6719 6746 6748
f 6705 6744 6714
f 6714 6744 6746
f 6704 6742 6705
f 6705 6742 6744
f 6740 6742 6693
f 6693 6742 6704
f 6737 6740 6692
f 6692 6740 6693
f 6751 6737 6695
f 6695 6737 6692
f 6601 6602 6836
f 6836 6602 6837
f 6604 6601 6731
f 6731 6601 6836
f 6599 6600 6834
f 6834 6600 6833
f 6834 6835 6599
f 6599 6835 6611
f 6600 6610 6833
f 6833 6610 6734
f 6780 6771 6870
f 6870 6771 6736
f 6736 6771 6800
f 6870 6729 6780
f 6780 6729 6781
f 6608 6729 6609
f 6609 6729 6870
f 6609 6870 6726
f 6726 6870 6736
f 5014 5015 5229
f 5229 5015 5230
f 4258 5015 4259
f 4259 5015 4878
f 3471 3013 4703
f 4703 3013 4704
f 2879 6337 1306
f 1306 6337 4785
f 829 3471 4316
f 4316 3471 4703
f 4702 3472 5223
f 5223 3472 1756
f 6871 6872 4534
f 4534 6872 4535
f 6871 4665 6872
f 6872 4665 4844
f 6871 6873 4665
f 4665 6873 4559
f 6871 4534 6873
f 6873 4534 4542
f 4153 4152 4822
f 4822 4152 4407
f 4152 4168 4407
f 4407 4168 4342
f 4343 4168 4923
f 4923 4168 4167
f 4363 4362 4972
f 4972 4362 4840
f 4362 4394 4840
f 4840 4394 4839
f 4401 4400 4986
f 4986 4400 4984
f 4435 4434 4841
f 4841 4434 4842
f 4506 4505 4530
f 4530 4505 4531
f 4506 4535 4507
f 4507 4535 4843
f 4661 4660 4516
f 4516 4660 4517
f 4673 4672 4937
f 4937 4672 6547
f 4400 4924 4984
f 4984 4924 5263
f 4673 4660 4674
f 4674 4660 4659
f 4505 4661 4531
f 4531 4661 4516
f 4952 4401 6874
f 6874 4401 4986
f 4954 4153 6875
f 6875 4153 4822
f 4363 4973 4364
f 4364 4973 4974
f 5264 4924 5267
f 5267 4924 4691
f 6293 6292 6876
f 6876 6292 6877
f 6380 4343 6387
f 6387 4343 4923
f 4394 4435 4839
f 4839 4435 4841
f 4672 4434 6547
f 6547 4434 4433
f 4973 6556 4974
f 4974 6556 6878
f 6567 6380 6574
f 6574 6380 6387
f 6292 4954 6877
f 6877 4954 6875
f 6567 5264 6568
f 6568 5264 5267
f 4145 4144 4154
f 4154 4144 4151
f 4194 4144 4425
f 4425 4144 4143
f 4355 4354 5263
f 5263 4354 4984
f 4360 4359 4364
f 4364 4359 4361
f 4444 4359 4392
f 4392 4359 4337
f 4447 4446 4432
f 4432 4446 4433
f 4464 4463 6547
f 6547 4463 4937
f 4519 4518 4654
f 4654 4518 4509
f 4533 4532 4499
f 4499 4532 4498
f 4533 4542 4530
f 4530 4542 4534
f 4519 4532 4516
f 4516 4532 4531
f 4922 4194 4426
f 4426 4194 4425
f 4463 4518 4937
f 4937 4518 4517
f 6555 4951 6874
f 6874 4951 6878
f 4958 4957 6290
f 6290 4957 6291
f 4334 4360 4712
f 4712 4360 4950
f 4985 4354 4419
f 4419 4354 4353
f 5262 4355 5265
f 5265 4355 5263
f 6294 4958 4804
f 4804 4958 6290
f 6386 4922 6384
f 6384 4922 4426
f 4444 4447 4393
f 4393 4447 4432
f 4464 4446 4465
f 4465 4446 4445
f 4985 6555 4986
f 4986 6555 6874
f 6573 6386 6571
f 6571 6386 6384
f 4145 6294 4146
f 4146 6294 4804
f 6573 5262 6574
f 6574 5262 5265
f 4542 4541 6873
f 6873 4541 4559
f 4535 6872 4843
f 4843 6872 4844
f 4104 4103 6879
f 6879 4103 6343
f 4105 6293 6307
f 6307 6293 6876
f 4104 4956 4105
f 4105 4956 6293
f 4956 4104 4957
f 4957 4104 6879
f 4957 6879 6291
f 6291 6879 6309
f 4648 4988 4649
f 4649 4988 4953
f 4802 4803 4928
f 4928 4803 6550
f 6550 4803 6555
f 6555 4803 4951
f 1516 3173 4987
f 4987 3173 5006
f 6519 6518 6558
f 6558 6518 6510
f 6527 6519 6559
f 6559 6519 6558
f 6528 6560 6529
f 6529 6560 6541
f 6548 4625 6549
f 6549 4625 4624
f 6551 6552 4746
f 4746 6552 6505
f 6553 4711 6554
f 6554 4711 4710
f 4802 6551 4713
f 4713 6551 4746
f 6556 4973 4649
f 4649 4973 4646
f 6557 4949 6548
f 6548 4949 4625
f 4648 4647 6553
f 6553 4647 4711
f 6549 4624 4987
f 4987 4624 4838
f 6552 6518 6505
f 6505 6518 6507
f 6561 4372 6529
f 6529 4372 6514
f 6562 4369 6561
f 6561 4369 4372
f 3142 3482 6562
f 6562 3482 4369
f 6556 4952 6878
f 6878 4952 6874
f 4951 4950 6878
f 6878 4950 4974
f 3168 440 3952
f 4204 4203 5341
f 5341 4203 6364
f 4219 4222 6429
f 6429 4222 4383
f 4319 4322 6506
f 6506 4322 4747
f 4340 4714 4341
f 4341 4714 4384
f 4375 4377 6388
f 6388 4377 6546
f 4378 4381 6311
f 6311 4381 4720
f 4449 4341 4387
f 4387 4341 4384
f 4473 4472 4477
f 4477 4472 4474
f 4492 4491 4487
f 4487 4491 4488
f 4523 4491 4522
f 4522 4491 4490
f 4492 4538 4493
f 4493 4538 4555
f 4538 4553 4555
f 4555 4553 4556
f 4620 4615 4621
f 4621 4615 4618
f 4652 4651 4368
f 4368 4651 4365
f 4523 4655 4524
f 4524 4655 4656
f 4553 4667 4556
f 4556 4667 4571
f 4651 1210 4365
f 4365 1210 1209
f 4698 4697 5223
f 5223 4697 6344
f 4340 4339 4322
f 4322 4339 4747
f 4726 4729 5287
f 5287 4729 4198
f 4381 4380 4737
f 4737 4380 6368
f 4836 4835 4451
f 4451 4835 4709
f 4910 6367 4911
f 4911 6367 6366
f 4912 4915 6450
f 6450 4915 6449
f 4927 4836 4450
f 4450 4836 4451
f 4930 4929 4439
f 4439 4929 4436
f 4936 4935 4459
f 4459 4935 4456
f 4473 4655 4470
f 4470 4655 4510
f 4942 4583 4943
f 4943 4583 4572
f 4948 4601 4947
f 4947 4601 4584
f 4949 4835 4625
f 4625 4835 4626
f 4966 4969 6289
f 6289 4969 4695
f 4971 4652 4926
f 4926 4652 4368
f 4203 4977 6364
f 6364 4977 6365
f 4990 4989 4443
f 4443 4989 4440
f 4990 4991 4478
f 4478 4991 4512
f 4992 4991 4528
f 4528 4991 4515
f 4992 4993 4527
f 4527 4993 4485
f 4994 4993 4502
f 4502 4993 4503
f 4994 4995 4482
f 4482 4995 4550
f 4543 4996 4544
f 4544 4996 4995
f 4999 4998 4567
f 4567 4998 4578
f 5000 4998 4575
f 4575 4998 4997
f 5002 5001 4592
f 4592 5001 4574
f 5003 5004 4614
f 4614 5004 4611
f 3483 4215 1755
f 1755 4215 4698
f 5274 5277 4195
f 4195 5277 4223
f 4726 5295 4727
f 4727 5295 6350
f 5309 5342 5310
f 5310 5342 6363
f 5315 5314 5316
f 5316 5314 5317
f 5339 6362 5340
f 5340 6362 5363
f 5310 6363 5339
f 5339 6363 6362
f 4204 5309 4201
f 4201 5309 5308
f 4915 5345 6449
f 6449 5345 6448
f 5345 5315 6448
f 6448 5315 5316
f 5348 5347 6351
f 6351 5347 6352
f 5365 4263 5340
f 5340 4263 4262
f 6295 6298 4733
f 4733 6298 4734
f 4969 6306 4695
f 4695 6306 4696
f 6306 4378 4696
f 4696 4378 6311
f 6369 6372 6544
f 6544 6372 6545
f 4375 6390 4373
f 4373 6390 4374
f 6421 6422 4911
f 4911 6422 4908
f 4910 4909 4737
f 4737 4909 4736
f 5277 4219 4223
f 4223 4219 6429
f 4697 4222 6344
f 6344 4222 4221
f 6436 6361 6437
f 6437 6361 6360
f 6438 6440 6437
f 6437 6440 6434
f 6438 6359 6441
f 6441 6359 6358
f 6442 6441 6357
f 6357 6441 6358
f 6442 6444 6443
f 6443 6444 6445
f 6446 6444 6355
f 6355 6444 6356
f 6446 4912 6447
f 6447 4912 6450
f 6436 6435 5365
f 5365 6435 4263
f 5314 5347 5317
f 5317 5347 5346
f 4319 6512 4320
f 4320 6512 6513
f 6520 6512 6521
f 6521 6512 6508
f 6528 6520 6527
f 6527 6520 6521
f 6532 6539 6533
f 6533 6539 6535
f 6533 6535 6537
f 6537 6535 6534
f 6538 6543 6537
f 6537 6543 6536
f 6295 4377 6296
f 6296 4377 4376
f 4989 4930 4440
f 4440 4930 4439
f 4927 4929 4422
f 4422 4929 4455
f 4449 4936 4388
f 4388 4936 4459
f 4472 4935 4474
f 4474 4935 4932
f 4942 4940 4947
f 4947 4940 4939
f 5001 5000 4574
f 4574 5000 4575
f 4669 4943 4666
f 4666 4943 4667
f 4996 4999 4547
f 4547 4999 4567
f 4948 4946 4620
f 4620 4946 4615
f 5003 5002 4591
f 4591 5002 4592
f 6557 4971 6554
f 6554 4971 4926
f 6532 6560 6539
f 6539 6560 6559
f 6390 6372 4374
f 4374 6372 6371
f 4966 6298 4967
f 4967 6298 6297
f 6538 6526 6369
f 6369 6526 6370
f 6585 6589 4621
f 4621 6589 4619
f 6597 6578 6598
f 6598 6578 6577
f 6606 6583 6607
f 6607 6583 6603
f 6611 6602 6598
f 6598 6602 6596
f 6585 6584 6606
f 6606 6584 6583
f 6597 6580 5004
f 5004 6580 4611
f 6607 6603 6730
f 6730 6603 6732
f 6776 6785 6777
f 6777 6785 6784
f 6785 6776 6792
f 6792 6776 6782
f 6815 6814 6812
f 6812 6814 6813
f 6817 6814 6795
f 6795 6814 6796
f 6825 6784 6827
f 6827 6784 6783
f 6830 6815 6832
f 6832 6815 6812
f 6817 6795 6835
f 6835 6795 6837
f 6792 6782 6730
f 6730 6782 6728
f 6858 6825 6860
f 6860 6825 6827
f 6863 6830 6857
f 6857 6830 6832
f 6864 6863 6856
f 6856 6863 6857
f 6866 6858 6867
f 6867 6858 6860
f 6866 6864 6855
f 6855 6864 6856
f 6835 6837 6611
f 6611 6837 6602
f 6560 6528 6559
f 6559 6528 6527
f 4949 6557 4710
f 4710 6557 6554
f 4430 4090 4175
f 4175 4090 4089
f 4777 4113 4155
f 4155 4113 4086
f 4175 4089 4176
f 4176 4089 4142
f 4199 4271 4200
f 4200 4271 4798
f 4199 4095 4272
f 4272 4095 5273
f 4406 4405 4404
f 4404 4405 4346
f 4410 4409 6877
f 6877 4409 6876
f 4409 4413 6876
f 6876 4413 6307
f 4415 4148 4416
f 4416 4148 4147
f 4690 4405 4344
f 4344 4405 4342
f 4693 4692 4352
f 4352 4692 4349
f 4701 4700 6337
f 6337 4700 6338
f 4778 4777 4081
f 4081 4777 4155
f 4821 4406 4809
f 4809 4406 4404
f 4176 4142 4181
f 4181 4142 4415
f 4760 4970 4399
f 4399 4970 4692
f 4200 5007 4096
f 4096 5007 4078
f 5266 4693 5269
f 5269 4693 4352
f 5270 5007 5361
f 5361 5007 4797
f 4778 5270 4779
f 4779 5270 5361
f 6285 4410 6875
f 6875 4410 6877
f 6308 4413 4687
f 4687 4413 4412
f 6480 6320 6481
f 6481 6320 6880
f 4701 2878 4702
f 4702 2878 3472
f 6339 6347 6340
f 6340 6347 6348
f 6341 6342 6346
f 6346 6342 6345
f 4416 6308 4414
f 4414 6308 4687
f 6385 4690 6381
f 6381 4690 4344
f 5282 6341 5280
f 5280 6341 6339
f 4700 6342 6338
f 6338 6342 5281
f 6340 6348 4272
f 4272 6348 4270
f 6480 6479 4828
f 4828 6479 4829
f 6490 6479 6489
f 6489 6479 6478
f 4090 4430 6490
f 6490 4430 4429
f 6563 6564 4970
f 4970 6564 4815
f 4694 6566 4366
f 4366 6566 6563
f 6572 6385 6568
f 6568 6385 6381
f 4821 6285 4822
f 4822 6285 6875
f 6572 5266 6569
f 6569 5266 5269
f 3482 3103 4369
f 4369 3103 4370
f 3121 4730 3485
f 3485 4730 4327
f 6277 6280 6273
f 6273 6280 6272
f 6267 6276 6278
f 6278 6276 6279
f 6278 6279 6277
f 6277 6279 6280
f 6279 6256 6280
f 6280 6256 6255
f 6256 3857 6255
f 6255 3857 3754
f 3857 3856 3754
f 3754 3856 3755
f 3856 3703 3755
f 3755 3703 3863
f 3703 3702 3863
f 3863 3702 3759
f 3702 3706 3759
f 3759 3706 3670
f 3706 3705 3670
f 3670 3705 3668
f 3705 3773 3668
f 3668 3773 3882
f 3882 3773 3883
f 3883 3773 3707
f 3707 3708 3883
f 3883 3708 3880
f 3708 3710 3880
f 3880 3710 3881
f 3709 5241 3710
f 3710 5241 3881
f 5241 3709 5234
f 5234 3709 3786
f 3693 3712 3786
f 3786 3712 5234
f 4051 4055 4052
f 4052 4055 4056
f 4056 4055 4057
f 4057 4055 4054
f 4066 5238 5236
f 5236 5238 3989
f 4066 4069 5238
f 5238 4069 4035
f 6881 3962 3960
f 3960 3962 3957
f 6883 4070 6882
f 6882 4070 3941
f 4070 6883 4071
f 4071 6883 6884
f 4071 6884 4072
f 4072 6884 6885
f 6885 6886 4072
f 4072 6886 4031
f 3955 6881 3956
f 3956 6881 3960
f 6884 3991 6885
f 6885 3991 3990
f 6883 6887 6884
f 6884 6887 3991
f 6887 6888 3991
f 3991 6888 3992
f 6888 6887 6889
f 6889 6887 6890
f 6887 6883 6890
f 6890 6883 6882
f 4058 5240 3953
f 3953 5240 3954
f 5236 6888 5239
f 5239 6888 6889
f 5237 6886 3990
f 3990 6886 6885
f 4034 4031 5237
f 5237 4031 6886
f 6881 6882 3962
f 3962 6882 3941
f 6881 3955 6882
f 6882 3955 6890
f 3955 3954 6890
f 6890 3954 6889
f 5239 6889 5240
f 5240 6889 3954
f 6888 5236 3992
f 3992 5236 3989
f 3869 3868 3888
f 3888 3868 4015
f 3868 4012 4015
f 4015 4012 4010
f 4012 4022 4010
f 4010 4022 4009
f 4022 4021 4009
f 4009 4021 4018
f 4020 3974 4001
f 4001 3974 3996
f 4021 4020 4029
f 4029 4020 4001
f 4085 4156 4086
f 4086 4156 4155
f 4113 4777 4114
f 4114 4777 4776
f 4130 4129 4094
f 4094 4129 4091
f 4139 4773 4140
f 4140 4773 4772
f 4149 4178 4150
f 4150 4178 5225
f 4160 4159 4087
f 4087 4159 4088
f 4149 4148 4179
f 4179 4148 4141
f 4085 4084 4183
f 4183 4084 6315
f 4179 4141 4159
f 4159 4141 4088
f 4192 4130 4162
f 4162 4130 4094
f 4197 5288 4198
f 4198 5288 5287
f 4229 4766 4230
f 4230 4766 4771
f 4245 4246 4242
f 4242 4246 4249
f 4183 6315 4418
f 4418 6315 6314
f 4679 4178 4680
f 4680 4178 4177
f 4724 4798 4725
f 4725 4798 4271
f 4728 5275 4729
f 4729 5275 5274
f 4230 4771 4249
f 4249 4771 4242
f 4724 4723 4799
f 4799 4723 5355
f 4823 4824 4891
f 4891 4824 6327
f 4823 4192 4161
f 4161 4192 4162
f 4893 4767 4229
f 4229 4767 4766
f 4894 4895 4898
f 4898 4895 4899
f 4106 4150 4103
f 4103 4150 5225
f 4680 4894 4677
f 4677 4894 4898
f 6420 4977 5301
f 5301 4977 4976
f 4679 4678 5226
f 5226 4678 4427
f 5228 5008 4893
f 4893 5008 4767
f 5285 6354 5286
f 5286 6354 5343
f 5289 5352 5290
f 5290 5352 5349
f 5290 5349 5295
f 5295 5349 5348
f 5302 5299 4202
f 4202 5299 4976
f 4725 4271 5311
f 5311 4271 4270
f 5325 4723 5326
f 5326 4723 4722
f 5335 5355 5325
f 5325 5355 4723
f 5326 4722 5286
f 5286 4722 5283
f 4799 5357 4797
f 4797 5357 5361
f 5359 5356 5335
f 5335 5356 5355
f 4775 4774 5356
f 5356 4774 5357
f 5359 5358 4092
f 4092 5358 4093
f 6316 4740 6317
f 6317 4740 4739
f 6318 4827 6316
f 6316 4827 4740
f 6319 4828 6318
f 6318 4828 4827
f 6320 6480 6319
f 6319 6480 4828
f 6484 6322 6485
f 6485 6322 6321
f 6487 6324 6331
f 6331 6324 6323
f 6331 6323 6330
f 6330 6323 6325
f 6325 6326 6330
f 6330 6326 6329
f 6326 6328 6329
f 6329 6328 5231
f 4824 4685 5228
f 5228 4685 5008
f 5226 6343 5225
f 5225 6343 4103
f 4728 4727 6349
f 6349 4727 5284
f 6350 6351 5285
f 5285 6351 6354
f 4247 4246 6418
f 6418 4246 6365
f 6400 6402 6401
f 6401 6402 6459
f 4197 4196 6409
f 6409 4196 6426
f 6412 4897 6328
f 6328 4897 5231
f 6413 4133 6412
f 6412 4133 4897
f 6414 4134 6413
f 6413 4134 4133
f 6415 4225 6414
f 6414 4225 4134
f 6416 4252 6415
f 6415 4252 4225
f 6417 4253 6416
f 6416 4253 4252
f 4253 6417 6366
f 6366 6417 6419
f 6366 6419 4911
f 4911 6419 6421
f 6422 6423 4908
f 4908 6423 5298
f 5298 6423 6396
f 6396 6423 6424
f 6409 6426 6425
f 6425 6426 6397
f 5300 5299 6399
f 6399 5299 6400
f 6465 6408 6401
f 6401 6408 6398
f 6424 6399 6425
f 6425 6399 6398
f 6349 5284 5311
f 5311 5284 5283
f 6465 6464 5289
f 5289 6464 5352
f 6488 6483 6492
f 6492 6483 6482
f 6486 6491 6482
f 6482 6491 6492
f 6491 4895 6492
f 6492 4895 4157
f 6488 4160 6489
f 6489 4160 4087
f 6501 6502 4418
f 4418 6502 4417
f 6504 6500 6317
f 6317 6500 6314
f 3497 3496 6501
f 6501 3496 6502
f 3499 3498 6504
f 6504 3498 6500
f 4729 5274 4198
f 4198 5274 4195
f 6418 6365 6420
f 6420 6365 4977
f 5295 5348 6350
f 6350 5348 6351
f 5301 6422 6420
f 6420 6422 6421
f 4113 4112 4086
f 4086 4112 4083
f 6320 4112 6880
f 6880 4112 4111
f 4091 4772 4092
f 4092 4772 4775
f 4129 4140 4091
f 4091 4140 4772
f 4137 4140 4128
f 4128 4140 4129
f 4128 6324 4137
f 4137 6324 6321
f 6324 6487 6321
f 6321 6487 6485
f 6487 6486 6485
f 6485 6486 6482
f 4774 4773 4779
f 4779 4773 4776
f 4773 4139 4776
f 4776 4139 4114
f 4139 4138 4114
f 4114 4138 4111
f 4138 6322 4111
f 4111 6322 6880
f 6322 6484 6880
f 6880 6484 6481
f 6484 6483 6481
f 6481 6483 6478
f 6879 6343 6309
f 6309 6343 4428
f 4106 4105 4900
f 4900 4105 6307
f 3500 3167 6495
f 6495 3167 6496
f 3500 6495 3070
f 3070 6495 5368
f 3502 5235 3501
f 3501 5235 4813
f 3024 3503 6473
f 6473 3503 6474
f 3503 3023 6474
f 6474 3023 6374
f 3504 1770 4348
f 4348 1770 4345
f 3502 3505 5235
f 5235 3505 4810
f 3498 3497 6500
f 6500 3497 6501
f 3496 3075 6502
f 6502 3075 6275
f 6299 4254 3174
f 3174 4254 3017
f 1769 3501 4814
f 4814 3501 4813
f 3506 3018 6476
f 6476 3018 4257
f 3507 3499 6499
f 6499 3499 6504
f 3030 4216 3483
f 3483 4216 4215
f 3077 3507 6333
f 6333 3507 6499
f 1784 3160 5249
f 5249 3160 6523
f 3015 3506 4240
f 4240 3506 6476
f 3508 3504 6383
f 6383 3504 4348
f 3509 3016 6477
f 6477 3016 4239
f 3028 3509 6467
f 6467 3509 6477
f 3022 1785 5246
f 5246 1785 5247
f 3161 3508 6570
f 6570 3508 6383
f 3150 3149 4694
f 4694 3149 6566
f 1327 4807 3510
f 3510 4807 4811
f 3510 4811 3505
f 3505 4811 4810
f 3146 3511 4816
f 4816 3511 4350
f 3511 1808 4350
f 4350 1808 4351
f 3485 4327 3159
f 3159 4327 4330
f 1326 3512 4806
f 4806 3512 6310
f 3512 1331 6310
f 6310 1331 4688

