# https://github.com/mikedh/trimesh
v -0.81730968 0.88590056 -64.89232635 0.65098039 0.74117647 0.85882353
v -0.82116795 0.87112278 -64.88897705 0.65098039 0.74117647 0.85882353
v -0.80699635 0.87180978 -64.88949585 0.65098039 0.74117647 0.85882353
v -0.80091721 0.88364279 -64.89476776 0.65098039 0.74117647 0.85882353
v -0.81009221 0.86218089 -64.88552856 0.65098039 0.74117647 0.85882353
v -0.82263762 0.85988086 -64.88655090 0.65098039 0.74117647 0.85882353
v -0.79403514 0.86898232 -64.89349365 0.65098039 0.74117647 0.85882353
v -0.78657001 0.87803775 -64.90040588 0.65098039 0.74117647 0.85882353
v -0.77269024 0.83874542 -64.89572144 0.65098039 0.74117647 0.85882353
v -0.76345402 0.83659297 -64.90088654 0.65098039 0.74117647 0.85882353
v -0.76720893 0.84724683 -64.90111542 0.65098039 0.74117647 0.85882353
v -0.77651149 0.84634036 -64.89654541 0.65098039 0.74117647 0.85882353
v -0.76331460 0.81408799 -64.89660645 0.65098039 0.74117647 0.85882353
v -0.77016503 0.80293673 -64.89275360 0.65098039 0.74117647 0.85882353
v -0.75963807 0.79575831 -64.89846039 0.65098039 0.74117647 0.85882353
v -0.75328201 0.80643231 -64.90372467 0.65098039 0.74117647 0.85882353
v -0.81279165 0.80428237 -64.89315033 0.65098039 0.74117647 0.85882353
v -0.80592138 0.79972273 -64.89026642 0.65098039 0.74117647 0.85882353
v -0.80466950 0.80744559 -64.88925934 0.65098039 0.74117647 0.85882353
v -0.81160456 0.81107539 -64.89283752 0.65098039 0.74117647 0.85882353
v -0.82590646 0.81018728 -64.89438629 0.65098039 0.74117647 0.85882353
v -0.82490695 0.81605750 -64.89722443 0.65098039 0.74117647 0.85882353
v -0.83265632 0.81773919 -64.89626312 0.65098039 0.74117647 0.85882353
v -0.83337277 0.81132573 -64.89209747 0.65098039 0.74117647 0.85882353
v -0.81527370 0.79755718 -64.89537048 0.65098039 0.74117647 0.85882353
v -0.80777156 0.79284543 -64.89267731 0.65098039 0.74117647 0.85882353
v -0.81890804 0.80811882 -64.89520264 0.65098039 0.74117647 0.85882353
v -0.81991148 0.80306226 -64.89360809 0.65098039 0.74117647 0.85882353
v -0.82640427 0.79531413 -64.88664246 0.65098039 0.74117647 0.85882353
v -0.82584858 0.80046922 -64.88738251 0.65098039 0.74117647 0.85882353
v -0.83263141 0.79975885 -64.88402557 0.65098039 0.74117647 0.85882353
v -0.83157074 0.79424477 -64.88475800 0.65098039 0.74117647 0.85882353
v -0.81874377 0.79641598 -64.89234161 0.65098039 0.74117647 0.85882353
v -0.82078886 0.79907024 -64.89009857 0.65098039 0.74117647 0.85882353
v -0.82290727 0.79458058 -64.88932800 0.65098039 0.74117647 0.85882353
v -0.82153338 0.79248708 -64.89259338 0.65098039 0.74117647 0.85882353
v -0.82665998 0.80562389 -64.89186859 0.65098039 0.74117647 0.85882353
v -0.83351988 0.80581480 -64.88828278 0.65098039 0.74117647 0.85882353
v -0.84091586 0.80530101 -64.88499451 0.65098039 0.74117647 0.85882353
v -0.83983827 0.79740465 -64.88081360 0.65098039 0.74117647 0.85882353
v -0.78944021 0.79050946 -64.88853455 0.65098039 0.74117647 0.85882353
v -0.79789692 0.79529947 -64.88832092 0.65098039 0.74117647 0.85882353
v -0.80038220 0.78902352 -64.89027405 0.65098039 0.74117647 0.85882353
v -0.79328948 0.78534120 -64.88948059 0.65098039 0.74117647 0.85882353
v -0.81764388 0.79011762 -64.89396667 0.65098039 0.74117647 0.85882353
v -0.80944204 0.77598053 -64.89060974 0.65098039 0.74117647 0.85882353
v -0.81061608 0.77968210 -64.89046478 0.65098039 0.74117647 0.85882353
v -0.81768852 0.77832150 -64.89071655 0.65098039 0.74117647 0.85882353
v -0.81602407 0.77503842 -64.89054871 0.65098039 0.74117647 0.85882353
v -0.77568048 0.77903849 -64.89201355 0.65098039 0.74117647 0.85882353
v -0.78225213 0.77575296 -64.89086151 0.65098039 0.74117647 0.85882353
v -0.77799290 0.76956302 -64.89246368 0.65098039 0.74117647 0.85882353
v -0.77060533 0.77146107 -64.89470673 0.65098039 0.74117647 0.85882353
v -0.77692652 0.76332647 -64.89402008 0.65098039 0.74117647 0.85882353
v -0.76696932 0.76377672 -64.89738464 0.65098039 0.74117647 0.85882353
v -0.76924467 0.74817902 -64.90090942 0.65098039 0.74117647 0.85882353
v -0.76739949 0.75518018 -64.89920807 0.65098039 0.74117647 0.85882353
v -0.77818388 0.75681901 -64.89503479 0.65098039 0.74117647 0.85882353
v -0.78227639 0.75022644 -64.89465332 0.65098039 0.74117647 0.85882353
v -0.79830307 0.75039381 -64.89472198 0.65098039 0.74117647 0.85882353
v -0.80385011 0.74698097 -64.89551544 0.65098039 0.74117647 0.85882353
v -0.79489779 0.73736185 -64.89397430 0.65098039 0.74117647 0.85882353
v -0.78857857 0.74294448 -64.89369965 0.65098039 0.74117647 0.85882353
v -0.80555451 0.77069384 -64.89407349 0.65098039 0.74117647 0.85882353
v -0.80108142 0.77226084 -64.89424896 0.65098039 0.74117647 0.85882353
v -0.80266726 0.77357817 -64.89235687 0.65098039 0.74117647 0.85882353
v -0.80798113 0.77307230 -64.89196777 0.65098039 0.74117647 0.85882353
v -0.79717982 0.77326787 -64.89380646 0.65098039 0.74117647 0.85882353
v -0.79536951 0.77356952 -64.89348602 0.65098039 0.74117647 0.85882353
v -0.79672307 0.77465147 -64.89268494 0.65098039 0.74117647 0.85882353
v -0.79781216 0.77392769 -64.89344788 0.65098039 0.74117647 0.85882353
v -0.79951328 0.77291965 -64.89405060 0.65098039 0.74117647 0.85882353
v -0.79981744 0.77069581 -64.89404297 0.65098039 0.74117647 0.85882353
v -0.79782093 0.77215737 -64.89387512 0.65098039 0.74117647 0.85882353
v -0.80375522 0.76852864 -64.89366913 0.65098039 0.74117647 0.85882353
v -0.81659567 0.76154172 -64.89350891 0.65098039 0.74117647 0.85882353
v -0.81337410 0.76346654 -64.89273071 0.65098039 0.74117647 0.85882353
v -0.81552327 0.76738638 -64.89459229 0.65098039 0.74117647 0.85882353
v -0.81827301 0.76603824 -64.89525604 0.65098039 0.74117647 0.85882353
v -0.79931116 0.77572793 -64.89221954 0.65098039 0.74117647 0.85882353
v -0.79799879 0.77801132 -64.89128876 0.65098039 0.74117647 0.85882353
v -0.80367440 0.77923471 -64.89075470 0.65098039 0.74117647 0.85882353
v -0.80335778 0.77628404 -64.89178467 0.65098039 0.74117647 0.85882353
v -0.79634386 0.78066492 -64.89010620 0.65098039 0.74117647 0.85882353
v -0.79500467 0.77648091 -64.89200592 0.65098039 0.74117647 0.85882353
v -0.79216564 0.77809185 -64.89073944 0.65098039 0.74117647 0.85882353
v -0.79518861 0.77168435 -64.89369202 0.65098039 0.74117647 0.85882353
v -0.79166901 0.77100873 -64.89328766 0.65098039 0.74117647 0.85882353
v -0.79274434 0.77364135 -64.89226532 0.65098039 0.74117647 0.85882353
v -0.79233366 0.76726550 -64.89367676 0.65098039 0.74117647 0.85882353
v -0.79697829 0.76900744 -64.89389801 0.65098039 0.74117647 0.85882353
v -0.80050796 0.76593459 -64.89341736 0.65098039 0.74117647 0.85882353
v -0.80541945 0.76267093 -64.89294434 0.65098039 0.74117647 0.85882353
v -0.80015510 0.75917172 -64.89378357 0.65098039 0.74117647 0.85882353
v -0.79537654 0.76316631 -64.89370728 0.65098039 0.74117647 0.85882353
v -0.80264091 0.78347594 -64.89031219 0.65098039 0.74117647 0.85882353
v -0.78818941 0.77447605 -64.89164734 0.65098039 0.74117647 0.85882353
v -0.78765726 0.78151268 -64.89020538 0.65098039 0.74117647 0.85882353
v -0.78597981 0.76994759 -64.89237976 0.65098039 0.74117647 0.85882353
v -0.78577644 0.76506943 -64.89339447 0.65098039 0.74117647 0.85882353
v -0.78797543 0.75981164 -64.89399719 0.65098039 0.74117647 0.85882353
v -0.79304504 0.75495428 -64.89432526 0.65098039 0.74117647 0.85882353
v -0.78386062 0.73177689 -64.90168762 0.65098039 0.74117647 0.85882353
v -0.77682030 0.73905736 -64.90063477 0.65098039 0.74117647 0.85882353
v -0.82068795 0.85293454 -64.88951874 0.65098039 0.74117647 0.85882353
v -0.81197214 0.85476655 -64.88682556 0.65098039 0.74117647 0.85882353
v -0.80669880 0.84815425 -64.89040375 0.65098039 0.74117647 0.85882353
v -0.80619580 0.85084301 -64.88959503 0.65098039 0.74117647 0.85882353
v -0.81229985 0.85046566 -64.88977814 0.65098039 0.74117647 0.85882353
v -0.81161535 0.84783429 -64.89088440 0.65098039 0.74117647 0.85882353
v -0.78521103 0.84637469 -64.89512634 0.65098039 0.74117647 0.85882353
v -0.79212308 0.84633857 -64.89408875 0.65098039 0.74117647 0.85882353
v -0.78986174 0.84298474 -64.89456940 0.65098039 0.74117647 0.85882353
v -0.78165460 0.84069782 -64.89414978 0.65098039 0.74117647 0.85882353
v -0.79723346 0.83297706 -64.89240265 0.65098039 0.74117647 0.85882353
v -0.79250634 0.83562851 -64.89274597 0.65098039 0.74117647 0.85882353
v -0.79901826 0.84073228 -64.89311981 0.65098039 0.74117647 0.85882353
v -0.80254483 0.83869594 -64.89291382 0.65098039 0.74117647 0.85882353
v -0.80642217 0.83695942 -64.89310455 0.65098039 0.74117647 0.85882353
v -0.81048143 0.83557284 -64.89427185 0.65098039 0.74117647 0.85882353
v -0.80813897 0.83061725 -64.89432526 0.65098039 0.74117647 0.85882353
v -0.80284679 0.83140808 -64.89301300 0.65098039 0.74117647 0.85882353
v -0.81855333 0.84927660 -64.89224243 0.65098039 0.74117647 0.85882353
v -0.82395995 0.84623712 -64.89647675 0.65098039 0.74117647 0.85882353
v -0.82118553 0.84402269 -64.89633942 0.65098039 0.74117647 0.85882353
v -0.81702155 0.84642094 -64.89253235 0.65098039 0.74117647 0.85882353
v -0.82438254 0.83528000 -64.90564728 0.65098039 0.74117647 0.85882353
v -0.82480073 0.83780766 -64.90433502 0.65098039 0.74117647 0.85882353
v -0.82868892 0.83809465 -64.90562439 0.65098039 0.74117647 0.85882353
v -0.82749933 0.83366650 -64.90631866 0.65098039 0.74117647 0.85882353
v -0.82473135 0.83147359 -64.90452576 0.65098039 0.74117647 0.85882353
v -0.82307261 0.83407032 -64.90435791 0.65098039 0.74117647 0.85882353
v -0.83054364 0.90421706 -64.90048218 0.65098039 0.74117647 0.85882353
v -0.83450705 0.88659453 -64.89421844 0.65098039 0.74117647 0.85882353
v -0.81059349 0.90337402 -64.90196228 0.65098039 0.74117647 0.85882353
v -0.79353684 0.89720947 -64.90573883 0.65098039 0.74117647 0.85882353
v -0.77846599 0.88762438 -64.90912628 0.65098039 0.74117647 0.85882353
v -0.76769084 0.78613526 -64.89473724 0.65098039 0.74117647 0.85882353
v -0.76014727 0.77859491 -64.89853668 0.65098039 0.74117647 0.85882353
v -0.74980521 0.78912902 -64.90457153 0.65098039 0.74117647 0.85882353
v -0.74516571 0.77940297 -64.90950775 0.65098039 0.74117647 0.85882353
v -0.75589842 0.76871556 -64.90223694 0.65098039 0.74117647 0.85882353
v -0.75892782 0.74874657 -64.91163635 0.65098039 0.74117647 0.85882353
v -0.75522923 0.75803924 -64.90670776 0.65098039 0.74117647 0.85882353
v -0.74321938 0.76949489 -64.91747284 0.65098039 0.74117647 0.85882353
v -0.73312777 0.78484315 -64.92670441 0.65098039 0.74117647 0.85882353
v -0.73718470 0.79175580 -64.91750336 0.65098039 0.74117647 0.85882353
v -0.72857785 0.80224079 -64.93560028 0.65098039 0.74117647 0.85882353
v -0.72818673 0.77755481 -64.93952179 0.65098039 0.74117647 0.85882353
v -0.72556633 0.80099177 -64.94497681 0.65098039 0.74117647 0.85882353
v -0.72709858 0.74012560 -64.94278717 0.65098039 0.74117647 0.85882353
v -0.71831119 0.73007721 -64.94533539 0.65098039 0.74117647 0.85882353
v -0.70688349 0.73986816 -64.95486450 0.65098039 0.74117647 0.85882353
v -0.71405196 0.75007546 -64.95013428 0.65098039 0.74117647 0.85882353
v -0.74355662 0.79904276 -64.91044617 0.65098039 0.74117647 0.85882353
v -0.76552457 0.85860974 -64.90727997 0.65098039 0.74117647 0.85882353
v -0.77448666 0.85602891 -64.90029144 0.65098039 0.74117647 0.85882353
v -0.75796175 0.84759384 -64.90782928 0.65098039 0.74117647 0.85882353
v -0.77153629 0.91759855 -64.92930603 0.65098039 0.74117647 0.85882353
v -0.78479654 0.90867800 -64.91823578 0.65098039 0.74117647 0.85882353
v -0.77001119 0.89713174 -64.91733551 0.65098039 0.74117647 0.85882353
v -0.76051539 0.90630883 -64.92890930 0.65098039 0.74117647 0.85882353
v -0.80834341 0.94185007 -64.93807220 0.65098039 0.74117647 0.85882353
v -0.82017183 0.92608464 -64.91751862 0.65098039 0.74117647 0.85882353
v -0.80377108 0.91874808 -64.91798401 0.65098039 0.74117647 0.85882353
v -0.79162544 0.93272763 -64.93222046 0.65098039 0.74117647 0.85882353
v -0.75155705 0.91027325 -64.93845367 0.65098039 0.74117647 0.85882353
v -0.74017102 0.91366762 -64.95291138 0.65098039 0.74117647 0.85882353
v -0.74558473 0.92752743 -64.96254730 0.65098039 0.74117647 0.85882353
v -0.75952804 0.92523777 -64.94516754 0.65098039 0.74117647 0.85882353
v -0.75652826 0.94451982 -64.97618866 0.65098039 0.74117647 0.85882353
v -0.77401692 0.94244331 -64.95428467 0.65098039 0.74117647 0.85882353
v -0.71684194 0.78814292 -64.95518494 0.65098039 0.74117647 0.85882353
v -0.72008252 0.80642772 -64.95610046 0.65098039 0.74117647 0.85882353
v -0.72289729 0.76196176 -64.94480896 0.65098039 0.74117647 0.85882353
v -0.71235782 0.77172565 -64.95677185 0.65098039 0.74117647 0.85882353
v -0.77255738 0.95395058 -64.99062347 0.65098039 0.74117647 0.85882353
v -0.79259539 0.95253044 -64.96516418 0.65098039 0.74117647 0.85882353
v -0.71601135 0.89563769 -64.99867249 0.65098039 0.74117647 0.85882353
v -0.72322130 0.91181713 -64.99107361 0.65098039 0.74117647 0.85882353
v -0.72333527 0.89993531 -64.97344971 0.65098039 0.74117647 0.85882353
v -0.71639234 0.88715822 -64.98193359 0.65098039 0.74117647 0.85882353
v -0.71757293 0.90332830 -65.01782227 0.65098039 0.74117647 0.85882353
v -0.72723025 0.92240602 -65.01020050 0.65098039 0.74117647 0.85882353
v -0.70950520 0.83869714 -65.00246429 0.65098039 0.74117647 0.85882353
v -0.71169603 0.81857765 -65.00057220 0.65098039 0.74117647 0.85882353
v -0.71467757 0.82011026 -65.01490021 0.65098039 0.74117647 0.85882353
v -0.70813423 0.83937472 -65.01874542 0.65098039 0.74117647 0.85882353
v -0.79949021 0.86144835 -64.88788605 0.65098039 0.74117647 0.85882353
v -0.80350173 0.85455179 -64.88705444 0.65098039 0.74117647 0.85882353
v -0.79644477 0.85344034 -64.88977051 0.65098039 0.74117647 0.85882353
v -0.79072076 0.85849845 -64.89197540 0.65098039 0.74117647 0.85882353
v -0.78349847 0.86344814 -64.89746857 0.65098039 0.74117647 0.85882353
v -0.77550209 0.86922199 -64.90451050 0.65098039 0.74117647 0.85882353
v -0.75972164 0.88635308 -64.92034912 0.65098039 0.74117647 0.85882353
v -0.75147021 0.89620221 -64.92968750 0.65098039 0.74117647 0.85882353
v -0.73604792 0.90114141 -64.94909668 0.65098039 0.74117647 0.85882353
v -0.74404263 0.89890081 -64.93738556 0.65098039 0.74117647 0.85882353
v -0.72211218 0.88755065 -64.96516418 0.65098039 0.74117647 0.85882353
v -0.71844453 0.87915945 -64.97037506 0.65098039 0.74117647 0.85882353
v -0.71645308 0.81812346 -64.97002411 0.65098039 0.74117647 0.85882353
v -0.71331990 0.79520202 -64.97148895 0.65098039 0.74117647 0.85882353
v -0.71215940 0.79809785 -64.98703003 0.65098039 0.74117647 0.85882353
v -0.71388543 0.81937653 -64.98680878 0.65098039 0.74117647 0.85882353
v -0.71420932 0.79971641 -65.01250458 0.65098039 0.74117647 0.85882353
v -0.71251494 0.79874361 -65.00028992 0.65098039 0.74117647 0.85882353
v -0.70152700 0.76163751 -64.97661591 0.65098039 0.74117647 0.85882353
v -0.69345617 0.74809945 -64.98218536 0.65098039 0.74117647 0.85882353
v -0.69107413 0.75077635 -64.99790955 0.65098039 0.74117647 0.85882353
v -0.69950664 0.76362967 -64.99174500 0.65098039 0.74117647 0.85882353
v -0.69121289 0.75002378 -65.01214600 0.65098039 0.74117647 0.85882353
v -0.69582307 0.74750936 -65.02361298 0.65098039 0.74117647 0.85882353
v -0.70324618 0.76389533 -65.01811981 0.65098039 0.74117647 0.85882353
v -0.70038229 0.76519769 -65.00667572 0.65098039 0.74117647 0.85882353
v -0.74088663 0.71404833 -64.94069672 0.65098039 0.74117647 0.85882353
v -0.73395634 0.70589203 -64.94274902 0.65098039 0.74117647 0.85882353
v -0.72267479 0.71309721 -64.94292450 0.65098039 0.74117647 0.85882353
v -0.73072255 0.72142959 -64.94149017 0.65098039 0.74117647 0.85882353
v -0.68414706 0.73731929 -64.98937225 0.65098039 0.74117647 0.85882353
v -0.68182242 0.74159998 -65.00543976 0.65098039 0.74117647 0.85882353
v -0.71185458 0.83778167 -64.98615265 0.65098039 0.74117647 0.85882353
v -0.71543962 0.83849400 -64.97370148 0.65098039 0.74117647 0.85882353
v -0.68174219 0.74034256 -65.01963806 0.65098039 0.74117647 0.85882353
v -0.70802724 0.78021073 -65.00164032 0.65098039 0.74117647 0.85882353
v -0.70622921 0.77932560 -64.98797607 0.65098039 0.74117647 0.85882353
v -0.71913362 0.79974711 -65.02353668 0.65098039 0.74117647 0.85882353
v -0.71815699 0.81994158 -65.02816772 0.65098039 0.74117647 0.85882353
v -0.81775498 0.81385714 -64.89591980 0.65098039 0.74117647 0.85882353
v -0.81754655 0.83020264 -64.89925385 0.65098039 0.74117647 0.85882353
v -0.81818998 0.83415449 -64.89909363 0.65098039 0.74117647 0.85882353
v -0.82106346 0.83386236 -64.90190125 0.65098039 0.74117647 0.85882353
v -0.82125711 0.83044749 -64.90201569 0.65098039 0.74117647 0.85882353
v -0.84680414 0.86281592 -64.89606476 0.65098039 0.74117647 0.85882353
v -0.84274042 0.84661859 -64.89685059 0.65098039 0.74117647 0.85882353
v -0.83334523 0.85470778 -64.89001465 0.65098039 0.74117647 0.85882353
v -0.83518088 0.86792690 -64.89125061 0.65098039 0.74117647 0.85882353
v -0.78270143 0.81161088 -64.88781738 0.65098039 0.74117647 0.85882353
v -0.79544997 0.81334811 -64.88764954 0.65098039 0.74117647 0.85882353
v -0.79594374 0.80338150 -64.88706970 0.65098039 0.74117647 0.85882353
v -0.78569490 0.79870623 -64.88745117 0.65098039 0.74117647 0.85882353
v -0.79640406 0.84632707 -64.89344788 0.65098039 0.74117647 0.85882353
v -0.79617178 0.84888011 -64.89273071 0.65098039 0.74117647 0.85882353
v -0.79907000 0.84729964 -64.89199066 0.65098039 0.74117647 0.85882353
v -0.78271240 0.78531951 -64.88986206 0.65098039 0.74117647 0.85882353
v -0.77652407 0.79277509 -64.89087677 0.65098039 0.74117647 0.85882353
v -0.75271922 0.83398885 -64.90824890 0.65098039 0.74117647 0.85882353
v -0.78294247 0.85349578 -64.89530182 0.65098039 0.74117647 0.85882353
v -0.83085507 0.94429845 -64.94811249 0.65098039 0.74117647 0.85882353
v -0.84292614 0.92581242 -64.92391205 0.65098039 0.74117647 0.85882353
v -0.79189140 0.95816857 -65.00376129 0.65098039 0.74117647 0.85882353
v -0.81249487 0.95591897 -64.97662354 0.65098039 0.74117647 0.85882353
v -0.73526692 0.92954570 -65.02978516 0.65098039 0.74117647 0.85882353
v -0.72389650 0.90858692 -65.03920746 0.65098039 0.74117647 0.85882353
v -0.73421746 0.91091484 -65.05695343 0.65098039 0.74117647 0.85882353
v -0.75128889 0.93109697 -65.04597473 0.65098039 0.74117647 0.85882353
v -0.71288377 0.83952636 -65.03377533 0.65098039 0.74117647 0.85882353
v -0.70198441 0.74569428 -65.03054810 0.65098039 0.74117647 0.85882353
v -0.70931244 0.76324207 -65.02686310 0.65098039 0.74117647 0.85882353
v -0.84732759 0.90296096 -64.90705109 0.65098039 0.74117647 0.85882353
v -0.84816456 0.88209289 -64.90008545 0.65098039 0.74117647 0.85882353
v -0.76713490 0.87750369 -64.91378784 0.65098039 0.74117647 0.85882353
v -0.77191448 0.82939827 -64.89315796 0.65098039 0.74117647 0.85882353
v -0.78067970 0.83419180 -64.89173889 0.65098039 0.74117647 0.85882353
v -0.78364474 0.82909238 -64.88975525 0.65098039 0.74117647 0.85882353
v -0.77409023 0.82152319 -64.89109802 0.65098039 0.74117647 0.85882353
v -0.76206356 0.82376307 -64.89873505 0.65098039 0.74117647 0.85882353
v -0.75132543 0.81908160 -64.90794373 0.65098039 0.74117647 0.85882353
v -0.73891956 0.81536096 -64.91876221 0.65098039 0.74117647 0.85882353
v -0.73249894 0.80645949 -64.92718506 0.65098039 0.74117647 0.85882353
v -0.73082954 0.91071540 -64.96585083 0.65098039 0.74117647 0.85882353
v -0.73258722 0.92407709 -64.98109436 0.65098039 0.74117647 0.85882353
v -0.74034691 0.93733042 -64.99622345 0.65098039 0.74117647 0.85882353
v -0.75295424 0.94478625 -65.01320648 0.65098039 0.74117647 0.85882353
v -0.72903496 0.90020794 -64.96067810 0.65098039 0.74117647 0.85882353
v -0.77148032 0.94836217 -65.02725220 0.65098039 0.74117647 0.85882353
v -0.81957763 0.78264278 -64.89201355 0.65098039 0.74117647 0.85882353
v -0.81166977 0.78558856 -64.89186859 0.65098039 0.74117647 0.85882353
v -0.82259035 0.78623694 -64.89329529 0.65098039 0.74117647 0.85882353
v -0.81003100 0.75976753 -64.89314270 0.65098039 0.74117647 0.85882353
v -0.81395686 0.75756210 -64.89414215 0.65098039 0.74117647 0.85882353
v -0.80947089 0.75329626 -64.89624023 0.65098039 0.74117647 0.85882353
v -0.80515397 0.75582415 -64.89463043 0.65098039 0.74117647 0.85882353
v -0.77349496 0.73219788 -64.91506958 0.65098039 0.74117647 0.85882353
v -0.76593947 0.73996109 -64.91383362 0.65098039 0.74117647 0.85882353
v -0.74828726 0.72159535 -64.93776703 0.65098039 0.74117647 0.85882353
v -0.73886472 0.72965151 -64.93925476 0.65098039 0.74117647 0.85882353
v -0.82856643 0.79356241 -64.89012146 0.65098039 0.74117647 0.85882353
v -0.83013433 0.79312301 -64.89073944 0.65098039 0.74117647 0.85882353
v -0.82867622 0.79254788 -64.89271545 0.65098039 0.74117647 0.85882353
v -0.82689339 0.79335129 -64.89184570 0.65098039 0.74117647 0.85882353
v -0.80010283 0.77387232 -64.89299774 0.65098039 0.74117647 0.85882353
v -0.82093614 0.77314514 -64.89160919 0.65098039 0.74117647 0.85882353
v -0.82356811 0.77183861 -64.89287567 0.65098039 0.74117647 0.85882353
v -0.82110482 0.76886153 -64.89387512 0.65098039 0.74117647 0.85882353
v -0.81841356 0.77014446 -64.89258575 0.65098039 0.74117647 0.85882353
v -0.74434555 0.75652903 -64.92787170 0.65098039 0.74117647 0.85882353
v -0.73622787 0.74953401 -64.93858337 0.65098039 0.74117647 0.85882353
v -0.69875121 0.74348885 -64.96602631 0.65098039 0.74117647 0.85882353
v -0.70629203 0.75681549 -64.96143341 0.65098039 0.74117647 0.85882353
v -0.70798862 0.77744734 -64.97322083 0.65098039 0.74117647 0.85882353
v -0.71047878 0.78208673 -65.01422882 0.65098039 0.74117647 0.85882353
v -0.71360135 0.78061825 -65.02433014 0.65098039 0.74117647 0.85882353
v -0.73118031 0.77828962 -65.03912354 0.65098039 0.74117647 0.85882353
v -0.73574662 0.79631180 -65.04129028 0.65098039 0.74117647 0.85882353
v -0.72476715 0.79794651 -65.03427124 0.65098039 0.74117647 0.85882353
v -0.72248960 0.77996671 -65.03293610 0.65098039 0.74117647 0.85882353
v -0.75588483 0.74112123 -64.92674255 0.65098039 0.74117647 0.85882353
v -0.76443636 0.73299140 -64.92668152 0.65098039 0.74117647 0.85882353
v -0.75647080 0.72942746 -64.93375397 0.65098039 0.74117647 0.85882353
v -0.74756742 0.73744154 -64.93503571 0.65098039 0.74117647 0.85882353
v -0.83197773 0.78856736 -64.89196014 0.65098039 0.74117647 0.85882353
v -0.83347338 0.78682983 -64.89147949 0.65098039 0.74117647 0.85882353
v -0.83070439 0.78557938 -64.89347839 0.65098039 0.74117647 0.85882353
v -0.82977575 0.78832000 -64.89304352 0.65098039 0.74117647 0.85882353
v -0.82442498 0.79204565 -64.89286041 0.65098039 0.74117647 0.85882353
v -0.82589787 0.79036051 -64.89398956 0.65098039 0.74117647 0.85882353
v -0.82465416 0.78871280 -64.89382935 0.65098039 0.74117647 0.85882353
v -0.82764280 0.79365414 -64.88874054 0.65098039 0.74117647 0.85882353
v -0.82533854 0.79320121 -64.89075470 0.65098039 0.74117647 0.85882353
v -0.83407629 0.79166573 -64.88745117 0.65098039 0.74117647 0.85882353
v -0.83089733 0.79273951 -64.88727570 0.65098039 0.74117647 0.85882353
v -0.83647734 0.79050332 -64.88350677 0.65098039 0.74117647 0.85882353
v -0.83046025 0.79033631 -64.89238739 0.65098039 0.74117647 0.85882353
v -0.82865059 0.78979832 -64.89344025 0.65098039 0.74117647 0.85882353
v -0.82592291 0.79249489 -64.89311218 0.65098039 0.74117647 0.85882353
v -0.82719427 0.79155225 -64.89388275 0.65098039 0.74117647 0.85882353
v -0.83269215 0.79221994 -64.88909149 0.65098039 0.74117647 0.85882353
v -0.83057183 0.79298633 -64.88912201 0.65098039 0.74117647 0.85882353
v -0.84093726 0.81209058 -64.88983154 0.65098039 0.74117647 0.85882353
v -0.84723902 0.81071168 -64.89112854 0.65098039 0.74117647 0.85882353
v -0.84755135 0.80319935 -64.88667297 0.65098039 0.74117647 0.85882353
v -0.84720516 0.79474425 -64.88252258 0.65098039 0.74117647 0.85882353
v -0.84290469 0.78784835 -64.88462830 0.65098039 0.74117647 0.85882353
v -0.76311302 0.72377187 -64.93528748 0.65098039 0.74117647 0.85882353
v -0.75564766 0.71600628 -64.93848419 0.65098039 0.74117647 0.85882353
v -0.86086118 0.87608504 -64.90827942 0.65098039 0.74117647 0.85882353
v -0.85674751 0.85730308 -64.90426636 0.65098039 0.74117647 0.85882353
v -0.79816461 0.77331263 -64.89392090 0.65098039 0.74117647 0.85882353
v -0.82749844 0.84925121 -64.89463043 0.65098039 0.74117647 0.85882353
v -0.79062146 0.82466203 -64.88871765 0.65098039 0.74117647 0.85882353
v -0.81100643 0.81777114 -64.89427185 0.65098039 0.74117647 0.85882353
v -0.80459028 0.81582969 -64.89073181 0.65098039 0.74117647 0.85882353
v -0.80588913 0.82356113 -64.89271545 0.65098039 0.74117647 0.85882353
v -0.81193662 0.82423347 -64.89559174 0.65098039 0.74117647 0.85882353
v -0.83355463 0.84354270 -64.90010071 0.65098039 0.74117647 0.85882353
v -0.84183788 0.83588076 -64.90139008 0.65098039 0.74117647 0.85882353
v -0.83481604 0.83722281 -64.90449524 0.65098039 0.74117647 0.85882353
v -0.83262622 0.83078539 -64.90487671 0.65098039 0.74117647 0.85882353
v -0.83897066 0.82710105 -64.89990234 0.65098039 0.74117647 0.85882353
v -0.83086598 0.82308453 -64.90037537 0.65098039 0.74117647 0.85882353
v -0.82761925 0.82729489 -64.90395355 0.65098039 0.74117647 0.85882353
v -0.80258060 0.84790903 -64.89089203 0.65098039 0.74117647 0.85882353
v -0.80048513 0.85010743 -64.89051819 0.65098039 0.74117647 0.85882353
v -0.82361525 0.82112575 -64.89983368 0.65098039 0.74117647 0.85882353
v -0.81715828 0.81944627 -64.89762115 0.65098039 0.74117647 0.85882353
v -0.81708038 0.82498789 -64.89897919 0.65098039 0.74117647 0.85882353
v -0.82225728 0.82575577 -64.90182495 0.65098039 0.74117647 0.85882353
v -0.79877067 0.82323873 -64.89006805 0.65098039 0.74117647 0.85882353
v -0.79042244 0.85070068 -64.89295197 0.65098039 0.74117647 0.85882353
v -0.78996211 0.83913797 -64.89376831 0.65098039 0.74117647 0.85882353
v -0.71784675 0.84237856 -64.96244812 0.65098039 0.74117647 0.85882353
v -0.71951389 0.82893282 -64.95997620 0.65098039 0.74117647 0.85882353
v -0.72141653 0.81801635 -64.93936920 0.65098039 0.74117647 0.85882353
v -0.72339821 0.81311613 -64.93887329 0.65098039 0.74117647 0.85882353
v -0.72662354 0.81475323 -64.94612885 0.65098039 0.74117647 0.85882353
v -0.72168040 0.82041150 -64.94438934 0.65098039 0.74117647 0.85882353
v -0.72535628 0.87339520 -64.94800568 0.65098039 0.74117647 0.85882353
v -0.72718590 0.88114649 -64.95210266 0.65098039 0.74117647 0.85882353
v -0.73078251 0.88041335 -64.94576263 0.65098039 0.74117647 0.85882353
v -0.72736526 0.87328476 -64.94658661 0.65098039 0.74117647 0.85882353
v -0.73261499 0.87466186 -64.94171143 0.65098039 0.74117647 0.85882353
v -0.73536825 0.87746757 -64.93951416 0.65098039 0.74117647 0.85882353
v -0.73353761 0.86900562 -64.93907928 0.65098039 0.74117647 0.85882353
v -0.73116553 0.86984330 -64.94182587 0.65098039 0.74117647 0.85882353
v -0.73866391 0.88747019 -64.93801117 0.65098039 0.74117647 0.85882353
v -0.74491650 0.88259703 -64.93070984 0.65098039 0.74117647 0.85882353
v -0.73972291 0.87228388 -64.93395233 0.65098039 0.74117647 0.85882353
v -0.75478458 0.86285627 -64.91690063 0.65098039 0.74117647 0.85882353
v -0.74373138 0.85597354 -64.92697144 0.65098039 0.74117647 0.85882353
v -0.74296027 0.86521000 -64.93040466 0.65098039 0.74117647 0.85882353
v -0.75066519 0.87454301 -64.92505646 0.65098039 0.74117647 0.85882353
v -0.72666168 0.81642914 -64.93450928 0.65098039 0.74117647 0.85882353
v -0.73221278 0.82313073 -64.93090820 0.65098039 0.74117647 0.85882353
v -0.72294664 0.81909889 -64.95387268 0.65098039 0.74117647 0.85882353
v -0.75771344 0.90701193 -65.06874084 0.65098039 0.74117647 0.85882353
v -0.77443331 0.92979461 -65.05729675 0.65098039 0.74117647 0.85882353
v -0.71108913 0.87859291 -65.00225067 0.65098039 0.74117647 0.85882353
v -0.71156144 0.88293737 -65.02053070 0.65098039 0.74117647 0.85882353
v -0.71245909 0.87223059 -64.98603821 0.65098039 0.74117647 0.85882353
v -0.71575141 0.86717814 -64.97322083 0.65098039 0.74117647 0.85882353
v -0.71639937 0.88734251 -65.03909302 0.65098039 0.74117647 0.85882353
v -0.72219986 0.88564581 -65.05619049 0.65098039 0.74117647 0.85882353
v -0.74855220 0.84687966 -64.91710663 0.65098039 0.74117647 0.85882353
v -0.74000937 0.84439534 -64.92739868 0.65098039 0.74117647 0.85882353
v -0.70812547 0.85854560 -65.00340271 0.65098039 0.74117647 0.85882353
v -0.70778257 0.86163133 -65.02093506 0.65098039 0.74117647 0.85882353
v -0.71086437 0.85501093 -64.98744965 0.65098039 0.74117647 0.85882353
v -0.71405935 0.85377854 -64.97392273 0.65098039 0.74117647 0.85882353
v -0.71392018 0.86385465 -65.03903198 0.65098039 0.74117647 0.85882353
v -0.72256535 0.83710068 -65.04842377 0.65098039 0.74117647 0.85882353
v -0.72208810 0.85878247 -65.05461884 0.65098039 0.74117647 0.85882353
v -0.72375041 0.82936436 -64.93820190 0.65098039 0.74117647 0.85882353
v -0.72671103 0.82618630 -64.93545532 0.65098039 0.74117647 0.85882353
v -0.72416389 0.82069576 -64.93749237 0.65098039 0.74117647 0.85882353
v -0.72153223 0.82408351 -64.93687439 0.65098039 0.74117647 0.85882353
v -0.74339581 0.83283907 -64.91878510 0.65098039 0.74117647 0.85882353
v -0.73605806 0.83372104 -64.92925262 0.65098039 0.74117647 0.85882353
v -0.84029669 0.81918043 -64.89424133 0.65098039 0.74117647 0.85882353
v -0.84732300 0.82550794 -64.89994812 0.65098039 0.74117647 0.85882353
v -0.84729600 0.81814116 -64.89533997 0.65098039 0.74117647 0.85882353
v -0.84875852 0.83366042 -64.90293121 0.65098039 0.74117647 0.85882353
v -0.83363122 0.95074970 -64.98701477 0.65098039 0.74117647 0.85882353
v -0.85005236 0.93982881 -64.95983124 0.65098039 0.74117647 0.85882353
v -0.79338491 0.94635522 -65.03869629 0.65098039 0.74117647 0.85882353
v -0.81407249 0.95411986 -65.01397705 0.65098039 0.74117647 0.85882353
v -0.80773890 0.74437231 -64.89674377 0.65098039 0.74117647 0.85882353
v -0.80102903 0.73345566 -64.89611816 0.65098039 0.74117647 0.85882353
v -0.82457161 0.78043991 -64.89267731 0.65098039 0.74117647 0.85882353
v -0.82687110 0.77873379 -64.89391327 0.65098039 0.74117647 0.85882353
v -0.82520324 0.77513140 -64.89314270 0.65098039 0.74117647 0.85882353
v -0.82278806 0.77671951 -64.89185333 0.65098039 0.74117647 0.85882353
v -0.82755172 0.84251922 -64.90166473 0.65098039 0.74117647 0.85882353
v -0.72574520 0.81798953 -65.04025269 0.65098039 0.74117647 0.85882353
v -0.71771473 0.76167172 -65.03356934 0.65098039 0.74117647 0.85882353
v -0.71119189 0.74364930 -65.03627014 0.65098039 0.74117647 0.85882353
v -0.68665230 0.73588121 -65.03089142 0.65098039 0.74117647 0.85882353
v -0.69477177 0.73125875 -65.03798676 0.65098039 0.74117647 0.85882353
v -0.82876647 0.78220993 -64.89430237 0.65098039 0.74117647 0.85882353
v -0.82648265 0.78388232 -64.89359283 0.65098039 0.74117647 0.85882353
v -0.83229977 0.79170197 -64.89076233 0.65098039 0.74117647 0.85882353
v -0.81401902 0.77188337 -64.89189148 0.65098039 0.74117647 0.85882353
v -0.82771909 0.78660971 -64.89379120 0.65098039 0.74117647 0.85882353
v -0.82788283 0.78882819 -64.89362335 0.65098039 0.74117647 0.85882353
v -0.83220828 0.78406948 -64.89414978 0.65098039 0.74117647 0.85882353
v -0.82979262 0.78134078 -64.89518738 0.65098039 0.74117647 0.85882353
v -0.81316435 0.83023328 -64.89643860 0.65098039 0.74117647 0.85882353
v -0.81497324 0.83485419 -64.89656067 0.65098039 0.74117647 0.85882353
v -0.83544701 0.78771424 -64.88804626 0.65098039 0.74117647 0.85882353
v -0.83400452 0.78963941 -64.88975525 0.65098039 0.74117647 0.85882353
v -0.83801615 0.78571552 -64.88956451 0.65098039 0.74117647 0.85882353
v -0.70993507 0.72058976 -64.94911194 0.65098039 0.74117647 0.85882353
v -0.69859660 0.72839886 -64.95974731 0.65098039 0.74117647 0.85882353
v -0.82517797 0.77098066 -64.89398956 0.65098039 0.74117647 0.85882353
v -0.82279640 0.76785916 -64.89501953 0.65098039 0.74117647 0.85882353
v -0.86147738 0.92037368 -64.93505859 0.65098039 0.74117647 0.85882353
v -0.73600233 0.82928866 -65.05646515 0.65098039 0.74117647 0.85882353
v -0.73602796 0.85106027 -65.06352234 0.65098039 0.74117647 0.85882353
v -0.73577517 0.85124868 -64.93337250 0.65098039 0.74117647 0.85882353
v -0.72962022 0.84909600 -64.93646240 0.65098039 0.74117647 0.85882353
v -0.73023260 0.85628808 -64.93779755 0.65098039 0.74117647 0.85882353
v -0.73609793 0.85880822 -64.93413544 0.65098039 0.74117647 0.85882353
v -0.74890077 0.70848113 -64.94145966 0.65098039 0.74117647 0.85882353
v -0.68910921 0.73358446 -64.97309113 0.65098039 0.74117647 0.85882353
v -0.70447344 0.72833806 -65.04331207 0.65098039 0.74117647 0.85882353
v -0.79567468 0.84470063 -64.89392090 0.65098039 0.74117647 0.85882353
v -0.79667562 0.84273320 -64.89383698 0.65098039 0.74117647 0.85882353
v -0.82385331 0.84109944 -64.90084839 0.65098039 0.74117647 0.85882353
v -0.74527264 0.87607437 -65.07384491 0.65098039 0.74117647 0.85882353
v -0.80878919 0.76574081 -64.89279938 0.65098039 0.74117647 0.85882353
v -0.81130952 0.76907915 -64.89395905 0.65098039 0.74117647 0.85882353
v -0.72666055 0.76099002 -65.03900909 0.65098039 0.74117647 0.85882353
v -0.77104819 0.72712862 -64.92848206 0.65098039 0.74117647 0.85882353
v -0.83472079 0.78552252 -64.89170837 0.65098039 0.74117647 0.85882353
v -0.73683661 0.81258941 -65.04705811 0.65098039 0.74117647 0.85882353
v -0.72649986 0.86450958 -64.94243622 0.65098039 0.74117647 0.85882353
v -0.72603172 0.86261767 -64.93919373 0.65098039 0.74117647 0.85882353
v -0.72527021 0.85938185 -64.93952942 0.65098039 0.74117647 0.85882353
v -0.72579128 0.85982639 -64.94123840 0.65098039 0.74117647 0.85882353
v -0.72940201 0.86496872 -64.93592834 0.65098039 0.74117647 0.85882353
v -0.72593004 0.86246830 -64.93648529 0.65098039 0.74117647 0.85882353
v -0.72556955 0.86590415 -64.93659210 0.65098039 0.74117647 0.85882353
v -0.72850776 0.86878788 -64.93670654 0.65098039 0.74117647 0.85882353
v -0.73491168 0.86494297 -64.93612671 0.65098039 0.74117647 0.85882353
v -0.72971421 0.86043018 -64.93576813 0.65098039 0.74117647 0.85882353
v -0.72450030 0.86845070 -64.93740845 0.65098039 0.74117647 0.85882353
v -0.72616774 0.87062752 -64.93680573 0.65098039 0.74117647 0.85882353
v -0.72813219 0.87182575 -64.93929291 0.65098039 0.74117647 0.85882353
v -0.72896481 0.87203437 -64.94416809 0.65098039 0.74117647 0.85882353
v -0.72327942 0.87295097 -64.93804932 0.65098039 0.74117647 0.85882353
v -0.72528136 0.87434441 -64.94156647 0.65098039 0.74117647 0.85882353
v -0.71873868 0.87469071 -64.93976593 0.65098039 0.74117647 0.85882353
v -0.72165972 0.87584549 -64.94412231 0.65098039 0.74117647 0.85882353
v -0.71383566 0.87353474 -64.94266510 0.65098039 0.74117647 0.85882353
v -0.71757412 0.87373894 -64.94752502 0.65098039 0.74117647 0.85882353
v -0.72941738 0.83351243 -64.93462372 0.65098039 0.74117647 0.85882353
v -0.72458142 0.83576888 -64.93880463 0.65098039 0.74117647 0.85882353
v -0.71027279 0.86935312 -64.94455719 0.65098039 0.74117647 0.85882353
v -0.71442860 0.86827821 -64.94949341 0.65098039 0.74117647 0.85882353
v -0.70735955 0.86329979 -64.94613647 0.65098039 0.74117647 0.85882353
v -0.71153355 0.86211127 -64.95011902 0.65098039 0.74117647 0.85882353
v -0.70666033 0.85660249 -64.94671631 0.65098039 0.74117647 0.85882353
v -0.70946723 0.85600460 -64.95008087 0.65098039 0.74117647 0.85882353
v -0.70589250 0.84948260 -64.94654083 0.65098039 0.74117647 0.85882353
v -0.70814991 0.84738797 -64.94999695 0.65098039 0.74117647 0.85882353
v -0.70659137 0.84166557 -64.94561768 0.65098039 0.74117647 0.85882353
v -0.70831978 0.83770937 -64.94927979 0.65098039 0.74117647 0.85882353
v -0.71984512 0.87228650 -64.94270325 0.65098039 0.74117647 0.85882353
v -0.71616435 0.87060612 -64.94480133 0.65098039 0.74117647 0.85882353
v -0.72487432 0.86968321 -64.95075226 0.65098039 0.74117647 0.85882353
v -0.72334933 0.87132335 -64.93991852 0.65098039 0.74117647 0.85882353
v -0.72140050 0.85624486 -64.94515228 0.65098039 0.74117647 0.85882353
v -0.72348499 0.85849905 -64.94735718 0.65098039 0.74117647 0.85882353
v -0.72281069 0.85713458 -64.94681549 0.65098039 0.74117647 0.85882353
v -0.72160804 0.85617226 -64.94886780 0.65098039 0.74117647 0.85882353
v -0.72728437 0.84214723 -64.93702698 0.65098039 0.74117647 0.85882353
v -0.72392213 0.84351879 -64.93907928 0.65098039 0.74117647 0.85882353
v -0.72611147 0.84846294 -64.93853760 0.65098039 0.74117647 0.85882353
v -0.72349763 0.83942169 -64.94034576 0.65098039 0.74117647 0.85882353
v -0.72416246 0.84089369 -64.94170380 0.65098039 0.74117647 0.85882353
v -0.72583026 0.84398991 -64.94158936 0.65098039 0.74117647 0.85882353
v -0.72787571 0.84796607 -64.94180298 0.65098039 0.74117647 0.85882353
v -0.72270435 0.84023362 -64.94316864 0.65098039 0.74117647 0.85882353
v -0.72120255 0.83843732 -64.94202423 0.65098039 0.74117647 0.85882353
v -0.72357249 0.84108567 -64.94378662 0.65098039 0.74117647 0.85882353
v -0.72457242 0.84153694 -64.94307709 0.65098039 0.74117647 0.85882353
v -0.72579044 0.84356934 -64.94431305 0.65098039 0.74117647 0.85882353
v -0.72547364 0.84731311 -64.94567108 0.65098039 0.74117647 0.85882353
v -0.73344702 0.84242743 -64.93405151 0.65098039 0.74117647 0.85882353
v -0.71902847 0.84537929 -64.95362091 0.65098039 0.74117647 0.85882353
v -0.71958762 0.83533758 -64.95300293 0.65098039 0.74117647 0.85882353
v -0.71008122 0.83484894 -64.94377136 0.65098039 0.74117647 0.85882353
v -0.70986712 0.82863677 -64.94621277 0.65098039 0.74117647 0.85882353
v -0.71664029 0.82240969 -64.93745422 0.65098039 0.74117647 0.85882353
v -0.71196491 0.82248110 -64.94169617 0.65098039 0.74117647 0.85882353
v -0.72265512 0.86536509 -64.95336151 0.65098039 0.74117647 0.85882353
v -0.72002912 0.86009640 -64.95418549 0.65098039 0.74117647 0.85882353
v -0.72105670 0.82682782 -64.94876099 0.65098039 0.74117647 0.85882353
v -0.71776479 0.85375828 -64.95457458 0.65098039 0.74117647 0.85882353
v -0.71003360 0.84446710 -64.94603729 0.65098039 0.74117647 0.85882353
v -0.71267450 0.83952338 -64.94494629 0.65098039 0.74117647 0.85882353
v -0.70867276 0.85016853 -64.94639587 0.65098039 0.74117647 0.85882353
v -0.72042292 0.83524972 -64.94102478 0.65098039 0.74117647 0.85882353
v -0.71872610 0.82967436 -64.93925476 0.65098039 0.74117647 0.85882353
v -0.71386111 0.83106357 -64.94114685 0.65098039 0.74117647 0.85882353
v -0.71661121 0.83664638 -64.94343567 0.65098039 0.74117647 0.85882353
v -0.71289623 0.84636635 -64.94457245 0.65098039 0.74117647 0.85882353
v -0.71579039 0.84276110 -64.94490814 0.65098039 0.74117647 0.85882353
v -0.71610725 0.84810394 -64.94600677 0.65098039 0.74117647 0.85882353
v -0.71884650 0.84509701 -64.94630432 0.65098039 0.74117647 0.85882353
v -0.72067684 0.84180135 -64.94474030 0.65098039 0.74117647 0.85882353
v -0.71891952 0.83998424 -64.94419098 0.65098039 0.74117647 0.85882353
v -0.72218418 0.84619594 -64.94879150 0.65098039 0.74117647 0.85882353
v -0.71973354 0.85007232 -64.94799805 0.65098039 0.74117647 0.85882353
v -0.72290659 0.84265453 -64.94573212 0.65098039 0.74117647 0.85882353
v -0.71516907 0.85132343 -64.94497681 0.65098039 0.74117647 0.85882353
v -0.71458447 0.85560614 -64.94445801 0.65098039 0.74117647 0.85882353
v -0.71808046 0.85641110 -64.94315338 0.65098039 0.74117647 0.85882353
v -0.71872294 0.85323924 -64.94585419 0.65098039 0.74117647 0.85882353
v -0.70960885 0.85612464 -64.94712830 0.65098039 0.74117647 0.85882353
v -0.71136957 0.85576600 -64.94507599 0.65098039 0.74117647 0.85882353
v -0.71170610 0.85068870 -64.94505310 0.65098039 0.74117647 0.85882353
v -0.71201181 0.86093670 -64.94496155 0.65098039 0.74117647 0.85882353
v -0.71123153 0.86218160 -64.94720459 0.65098039 0.74117647 0.85882353
v -0.71447676 0.85986596 -64.94432068 0.65098039 0.74117647 0.85882353
v -0.71687794 0.85978431 -64.94357300 0.65098039 0.74117647 0.85882353
v -0.71676451 0.86808485 -64.94338989 0.65098039 0.74117647 0.85882353
v -0.71424514 0.86517864 -64.94442749 0.65098039 0.74117647 0.85882353
v -0.71324968 0.86737055 -64.94595337 0.65098039 0.74117647 0.85882353
v -0.71563625 0.86316442 -64.94340515 0.65098039 0.74117647 0.85882353
v -0.71769780 0.86529416 -64.94286346 0.65098039 0.74117647 0.85882353
v -0.71886939 0.86326528 -64.94316101 0.65098039 0.74117647 0.85882353
v -0.71712440 0.86227751 -64.94358063 0.65098039 0.74117647 0.85882353
v -0.72505593 0.86807019 -64.93936157 0.65098039 0.74117647 0.85882353
v -0.72605169 0.86577517 -64.93886566 0.65098039 0.74117647 0.85882353
v -0.72291857 0.86903936 -64.94058228 0.65098039 0.74117647 0.85882353
v -0.72503865 0.86935550 -64.94151306 0.65098039 0.74117647 0.85882353
v -0.72306418 0.86682874 -64.94145966 0.65098039 0.74117647 0.85882353
v -0.72591764 0.86791229 -64.94207764 0.65098039 0.74117647 0.85882353
v -0.72356802 0.86467117 -64.94168854 0.65098039 0.74117647 0.85882353
v -0.72408873 0.86120087 -64.94240570 0.65098039 0.74117647 0.85882353
v -0.72032785 0.68661380 -64.94383240 0.65098039 0.74117647 0.85882353
v -0.72653574 0.69656342 -64.94341278 0.65098039 0.74117647 0.85882353
v -0.73571771 0.69046539 -64.94579315 0.65098039 0.74117647 0.85882353
v -0.73044384 0.68096071 -64.94725800 0.65098039 0.74117647 0.85882353
v -0.72110611 0.86385143 -64.94214630 0.65098039 0.74117647 0.85882353
v -0.72034109 0.86636060 -64.94219971 0.65098039 0.74117647 0.85882353
v -0.72022599 0.86947763 -64.94268036 0.65098039 0.74117647 0.85882353
v -0.72144270 0.85889369 -64.94338989 0.65098039 0.74117647 0.85882353
v -0.71960795 0.85878307 -64.94294739 0.65098039 0.74117647 0.85882353
v -0.71925426 0.86069840 -64.94300842 0.65098039 0.74117647 0.85882353
v -0.72151315 0.86098510 -64.94264984 0.65098039 0.74117647 0.85882353
v -0.72671723 0.85191602 -64.93898010 0.65098039 0.74117647 0.85882353
v -0.72581142 0.85110897 -64.94239807 0.65098039 0.74117647 0.85882353
v -0.72304094 0.85028964 -64.94552612 0.65098039 0.74117647 0.85882353
v -0.68167126 0.68495899 -64.95748138 0.65098039 0.74117647 0.85882353
v -0.66783339 0.69649267 -64.96859741 0.65098039 0.74117647 0.85882353
v -0.67327398 0.70386505 -64.96932220 0.65098039 0.74117647 0.85882353
v -0.68721479 0.69378984 -64.95912170 0.65098039 0.74117647 0.85882353
v -0.67644960 0.66902179 -64.93852997 0.65098039 0.74117647 0.85882353
v -0.67449099 0.65330011 -64.92707825 0.65098039 0.74117647 0.85882353
v -0.65868938 0.66627455 -64.93370056 0.65098039 0.74117647 0.85882353
v -0.65617824 0.68410116 -64.95453644 0.65098039 0.74117647 0.85882353
v -0.65868437 0.64818138 -64.91879272 0.65098039 0.74117647 0.85882353
v -0.67391974 0.63628846 -64.91609955 0.65098039 0.74117647 0.85882353
v -0.65990537 0.59480268 -64.88158417 0.65098039 0.74117647 0.85882353
v -0.65965289 0.61246622 -64.89329529 0.65098039 0.74117647 0.85882353
v -0.67524529 0.60474437 -64.89292145 0.65098039 0.74117647 0.85882353
v -0.67610395 0.58809209 -64.88161469 0.65098039 0.74117647 0.85882353
v -0.62798482 0.49981284 -64.84809113 0.65098039 0.74117647 0.85882353
v -0.64026546 0.49933416 -64.84705353 0.65098039 0.74117647 0.85882353
v -0.64402664 0.48049009 -64.85264587 0.65098039 0.74117647 0.85882353
v -0.62986374 0.47763675 -64.85539246 0.65098039 0.74117647 0.85882353
v -0.60685343 0.65886641 -64.91429138 0.65098039 0.74117647 0.85882353
v -0.59763861 0.65502691 -64.91359711 0.65098039 0.74117647 0.85882353
v -0.60221183 0.67942482 -64.92187500 0.65098039 0.74117647 0.85882353
v -0.61097151 0.68069583 -64.92313385 0.65098039 0.74117647 0.85882353
v -0.64326072 0.70952004 -65.00923920 0.65098039 0.74117647 0.85882353
v -0.64669901 0.71249050 -65.00856018 0.65098039 0.74117647 0.85882353
v -0.65206832 0.70094174 -64.98590851 0.65098039 0.74117647 0.85882353
v -0.64872515 0.69950598 -64.98400879 0.65098039 0.74117647 0.85882353
v -0.58125085 0.53810936 -64.88043976 0.65098039 0.74117647 0.85882353
v -0.59095168 0.54938722 -64.87322235 0.65098039 0.74117647 0.85882353
v -0.59237152 0.53071541 -64.86741638 0.65098039 0.74117647 0.85882353
v -0.58407223 0.51785272 -64.87409210 0.65098039 0.74117647 0.85882353
v -0.59470373 0.41160196 -64.89945221 0.65098039 0.74117647 0.85882353
v -0.61132109 0.40794969 -64.88879395 0.65098039 0.74117647 0.85882353
v -0.61208427 0.38380754 -64.89279175 0.65098039 0.74117647 0.85882353
v -0.59506488 0.38734639 -64.90493011 0.65098039 0.74117647 0.85882353
v -0.54938668 0.45387977 -64.94442749 0.65098039 0.74117647 0.85882353
v -0.55163324 0.42976731 -64.95038605 0.65098039 0.74117647 0.85882353
v -0.54629827 0.43513840 -64.97432709 0.65098039 0.74117647 0.85882353
v -0.54382885 0.45792639 -64.96815491 0.65098039 0.74117647 0.85882353
v -0.63235563 0.60594153 -64.88550568 0.65098039 0.74117647 0.85882353
v -0.63205582 0.62591892 -64.89842987 0.65098039 0.74117647 0.85882353
v -0.64495629 0.61937827 -64.89550781 0.65098039 0.74117647 0.85882353
v -0.64530867 0.60067695 -64.88303375 0.65098039 0.74117647 0.85882353
v -0.54617411 0.86244076 -64.93984222 0.65098039 0.74117647 0.85882353
v -0.55554974 0.83615488 -64.94435883 0.65098039 0.74117647 0.85882353
v -0.54960525 0.83038843 -64.93070221 0.65098039 0.74117647 0.85882353
v -0.53966069 0.85727495 -64.92604065 0.65098039 0.74117647 0.85882353
v -0.56292140 0.32160842 -64.97301483 0.65098039 0.74117647 0.85882353
v -0.56273842 0.30469888 -64.97461700 0.65098039 0.74117647 0.85882353
v -0.55653703 0.31277013 -64.99860382 0.65098039 0.74117647 0.85882353
v -0.55743682 0.32991445 -64.99498749 0.65098039 0.74117647 0.85882353
v -0.60612249 0.75619823 -64.97148132 0.65098039 0.74117647 0.85882353
v -0.60020053 0.76417965 -64.99460602 0.65098039 0.74117647 0.85882353
v -0.60626489 0.75743240 -64.99452209 0.65098039 0.74117647 0.85882353
v -0.61304402 0.74938470 -64.97066498 0.65098039 0.74117647 0.85882353
v -0.59539843 0.61280560 -64.89971161 0.65098039 0.74117647 0.85882353
v -0.59594858 0.63255608 -64.90679169 0.65098039 0.74117647 0.85882353
v -0.60505855 0.63802612 -64.90564728 0.65098039 0.74117647 0.85882353
v -0.60399348 0.61676556 -64.89671326 0.65098039 0.74117647 0.85882353
v -0.53759181 0.50482386 -64.96244049 0.65098039 0.74117647 0.85882353
v -0.53724319 0.53035462 -64.96159363 0.65098039 0.74117647 0.85882353
v -0.54322875 0.52938479 -64.94424438 0.65098039 0.74117647 0.85882353
v -0.54280037 0.50282061 -64.94240570 0.65098039 0.74117647 0.85882353
v -0.54484046 0.47823578 -64.94223022 0.65098039 0.74117647 0.85882353
v -0.53957593 0.48062950 -64.96451569 0.65098039 0.74117647 0.85882353
v -0.61181986 0.61410272 -64.89261627 0.65098039 0.74117647 0.85882353
v -0.61370057 0.63801706 -64.90417480 0.65098039 0.74117647 0.85882353
v -0.62180686 0.63225412 -64.90103912 0.65098039 0.74117647 0.85882353
v -0.62133288 0.61031920 -64.88874054 0.65098039 0.74117647 0.85882353
v -0.64832681 0.46385574 -64.86186218 0.65098039 0.74117647 0.85882353
v -0.63154328 0.46058428 -64.86546326 0.65098039 0.74117647 0.85882353
v -0.57530105 0.29610044 -64.95253754 0.65098039 0.74117647 0.85882353
v -0.57432497 0.31328666 -64.95140076 0.65098039 0.74117647 0.85882353
v -0.59061885 0.30556357 -64.93397522 0.65098039 0.74117647 0.85882353
v -0.59246397 0.28868383 -64.93474579 0.65098039 0.74117647 0.85882353
v -0.62915337 0.42832202 -64.87946320 0.65098039 0.74117647 0.85882353
v -0.61254078 0.43035591 -64.88573456 0.65098039 0.74117647 0.85882353
v -0.61525464 0.44736665 -64.87825012 0.65098039 0.74117647 0.85882353
v -0.63136327 0.44611835 -64.87401581 0.65098039 0.74117647 0.85882353
v -0.61235774 0.28313363 -64.92018127 0.65098039 0.74117647 0.85882353
v -0.60949391 0.29963458 -64.92000580 0.65098039 0.74117647 0.85882353
v -0.62899572 0.29586267 -64.90776825 0.65098039 0.74117647 0.85882353
v -0.63196951 0.27764797 -64.90785980 0.65098039 0.74117647 0.85882353
v -0.65896839 0.63002354 -64.90564728 0.65098039 0.74117647 0.85882353
v -0.67422879 0.62041646 -64.90435028 0.65098039 0.74117647 0.85882353
v -0.60695857 0.50514227 -64.85542297 0.65098039 0.74117647 0.85882353
v -0.61647493 0.50137138 -64.85099030 0.65098039 0.74117647 0.85882353
v -0.61727083 0.47871161 -64.85829926 0.65098039 0.74117647 0.85882353
v -0.60629696 0.48260236 -64.86214447 0.65098039 0.74117647 0.85882353
v -0.57752484 0.62858194 -64.92208862 0.65098039 0.74117647 0.85882353
v -0.57588726 0.65197867 -64.92731476 0.65098039 0.74117647 0.85882353
v -0.58886719 0.67347914 -64.92209625 0.65098039 0.74117647 0.85882353
v -0.58725816 0.64493829 -64.91567993 0.65098039 0.74117647 0.85882353
v -0.55404735 0.29670364 -65.00012970 0.65098039 0.74117647 0.85882353
v -0.56135452 0.28881896 -64.97482300 0.65098039 0.74117647 0.85882353
v -0.61375999 0.26683813 -64.92158508 0.65098039 0.74117647 0.85882353
v -0.63392287 0.26069963 -64.90969849 0.65098039 0.74117647 0.85882353
v -0.53128415 0.66451043 -64.95138550 0.65098039 0.74117647 0.85882353
v -0.53980440 0.66735023 -64.94625092 0.65098039 0.74117647 0.85882353
v -0.54099804 0.64911586 -64.94970703 0.65098039 0.74117647 0.85882353
v -0.53313017 0.64808023 -64.95527649 0.65098039 0.74117647 0.85882353
v -0.67764312 0.49824876 -64.85397339 0.65098039 0.74117647 0.85882353
v -0.66513938 0.47628021 -64.85729218 0.65098039 0.74117647 0.85882353
v -0.65701067 0.49210340 -64.84966278 0.65098039 0.74117647 0.85882353
v -0.66638196 0.51112843 -64.84935760 0.65098039 0.74117647 0.85882353
v -0.60469401 0.46541649 -64.87316132 0.65098039 0.74117647 0.85882353
v -0.61713016 0.46182775 -64.86916351 0.65098039 0.74117647 0.85882353
v -0.60108352 0.45188421 -64.88314819 0.65098039 0.74117647 0.85882353
v -0.68869692 0.48461086 -64.86279297 0.65098039 0.74117647 0.85882353
v -0.67398000 0.45840251 -64.86879730 0.65098039 0.74117647 0.85882353
v -0.69082284 0.61155993 -64.90428925 0.65098039 0.74117647 0.85882353
v -0.69178909 0.59680647 -64.89391327 0.65098039 0.74117647 0.85882353
v -0.69016546 0.62644821 -64.91419983 0.65098039 0.74117647 0.85882353
v -0.69162101 0.64138699 -64.92274475 0.65098039 0.74117647 0.85882353
v -0.70807064 0.63253254 -64.92220306 0.65098039 0.74117647 0.85882353
v -0.70722222 0.61748749 -64.91452789 0.65098039 0.74117647 0.85882353
v -0.69413817 0.65636438 -64.93080139 0.65098039 0.74117647 0.85882353
v -0.71009779 0.64654636 -64.92877197 0.65098039 0.74117647 0.85882353
v -0.69777721 0.67406291 -64.94909668 0.65098039 0.74117647 0.85882353
v -0.70186001 0.68350321 -64.95203400 0.65098039 0.74117647 0.85882353
v -0.58682495 0.62252671 -64.91020966 0.65098039 0.74117647 0.85882353
v -0.58604920 0.60321850 -64.90407562 0.65098039 0.74117647 0.85882353
v -0.59327686 0.27309495 -64.93562317 0.65098039 0.74117647 0.85882353
v -0.58135301 0.64957714 -65.06639099 0.65098039 0.74117647 0.85882353
v -0.57223821 0.66205174 -65.05607605 0.65098039 0.74117647 0.85882353
v -0.56727648 0.64731711 -65.05464172 0.65098039 0.74117647 0.85882353
v -0.57641327 0.63495183 -65.06602478 0.65098039 0.74117647 0.85882353
v -0.64479721 0.70238262 -64.98509979 0.65098039 0.74117647 0.85882353
v -0.64065439 0.71077055 -65.01046753 0.65098039 0.74117647 0.85882353
v -0.52398819 0.64925253 -64.98986053 0.65098039 0.74117647 0.85882353
v -0.52415359 0.64189130 -64.98556519 0.65098039 0.74117647 0.85882353
v -0.53012013 0.62615383 -64.99578094 0.65098039 0.74117647 0.85882353
v -0.53084153 0.63555402 -64.99948883 0.65098039 0.74117647 0.85882353
v -0.51770568 0.66642851 -64.96170044 0.65098039 0.74117647 0.85882353
v -0.51428235 0.67152309 -64.96604156 0.65098039 0.74117647 0.85882353
v -0.50796640 0.69324499 -64.96112061 0.65098039 0.74117647 0.85882353
v -0.51100147 0.68941945 -64.95653534 0.65098039 0.74117647 0.85882353
v -0.55725563 0.32059383 -65.02109528 0.65098039 0.74117647 0.85882353
v -0.55877703 0.33805484 -65.01786804 0.65098039 0.74117647 0.85882353
v -0.55206972 0.48164928 -65.02879333 0.65098039 0.74117647 0.85882353
v -0.54581761 0.50400275 -65.02139282 0.65098039 0.74117647 0.85882353
v -0.54010886 0.49484318 -65.00409698 0.65098039 0.74117647 0.85882353
v -0.54570711 0.47181624 -65.01036835 0.65098039 0.74117647 0.85882353
v -0.66570002 0.59621406 -65.09310150 0.65098039 0.74117647 0.85882353
v -0.64571524 0.60379106 -65.09116364 0.65098039 0.74117647 0.85882353
v -0.64262414 0.59114385 -65.09169769 0.65098039 0.74117647 0.85882353
v -0.66291666 0.58319718 -65.09429169 0.65098039 0.74117647 0.85882353
v -0.61167729 0.63786274 -65.08296967 0.65098039 0.74117647 0.85882353
v -0.62938279 0.62581205 -65.08765411 0.65098039 0.74117647 0.85882353
v -0.63363844 0.63720697 -65.08580780 0.65098039 0.74117647 0.85882353
v -0.61637712 0.65075183 -65.08052826 0.65098039 0.74117647 0.85882353
v -0.59302163 0.63645023 -65.07622528 0.65098039 0.74117647 0.85882353
v -0.58880538 0.62239140 -65.07628632 0.65098039 0.74117647 0.85882353
v -0.53618461 0.51008898 -64.98108673 0.65098039 0.74117647 0.85882353
v -0.53417933 0.53382051 -64.97806549 0.65098039 0.74117647 0.85882353
v -0.53213137 0.57606578 -64.97554016 0.65098039 0.74117647 0.85882353
v -0.53164899 0.59296221 -64.97386169 0.65098039 0.74117647 0.85882353
v -0.53703618 0.59199381 -64.96274567 0.65098039 0.74117647 0.85882353
v -0.53727049 0.57439333 -64.96281433 0.65098039 0.74117647 0.85882353
v -0.65216929 0.71704954 -65.00787354 0.65098039 0.74117647 0.85882353
v -0.64221025 0.71945572 -65.03104401 0.65098039 0.74117647 0.85882353
v -0.64850616 0.72245532 -65.03071594 0.65098039 0.74117647 0.85882353
v -0.65652514 0.68463165 -65.06916046 0.65098039 0.74117647 0.85882353
v -0.65063018 0.69247729 -65.06391907 0.65098039 0.74117647 0.85882353
v -0.64458871 0.68619388 -65.06715393 0.65098039 0.74117647 0.85882353
v -0.65312481 0.67769605 -65.07291412 0.65098039 0.74117647 0.85882353
v -0.63052231 0.53157574 -65.09309387 0.65098039 0.74117647 0.85882353
v -0.62621891 0.51252043 -65.08895874 0.65098039 0.74117647 0.85882353
v -0.65015912 0.50772715 -65.09411621 0.65098039 0.74117647 0.85882353
v -0.65277565 0.52579099 -65.09770966 0.65098039 0.74117647 0.85882353
v -0.52841413 0.61132234 -64.97955322 0.65098039 0.74117647 0.85882353
v -0.52785301 0.61460871 -64.98625183 0.65098039 0.74117647 0.85882353
v -0.52534401 0.63124686 -64.97785950 0.65098039 0.74117647 0.85882353
v -0.52657461 0.62854183 -64.97262573 0.65098039 0.74117647 0.85882353
v -0.52887857 0.59926885 -64.99235535 0.65098039 0.74117647 0.85882353
v -0.52931619 0.59538502 -64.98354340 0.65098039 0.74117647 0.85882353
v -0.52967888 0.57908982 -64.98686218 0.65098039 0.74117647 0.85882353
v -0.52986497 0.58359987 -64.99731445 0.65098039 0.74117647 0.85882353
v -0.53986645 0.52459937 -65.01418304 0.65098039 0.74117647 0.85882353
v -0.53320074 0.54842955 -65.00726318 0.65098039 0.74117647 0.85882353
v -0.53281987 0.54195523 -64.99289703 0.65098039 0.74117647 0.85882353
v -0.53656816 0.51691699 -64.99777222 0.65098039 0.74117647 0.85882353
v -0.65098125 0.44531119 -65.08748627 0.65098039 0.74117647 0.85882353
v -0.64936769 0.46674335 -65.09082794 0.65098039 0.74117647 0.85882353
v -0.62824345 0.46761727 -65.08759308 0.65098039 0.74117647 0.85882353
v -0.63109994 0.44446689 -65.08669281 0.65098039 0.74117647 0.85882353
v -0.54902059 0.69361228 -64.93988037 0.65098039 0.74117647 0.85882353
v -0.54362512 0.71552491 -64.93675232 0.65098039 0.74117647 0.85882353
v -0.55601865 0.72138160 -64.93623352 0.65098039 0.74117647 0.85882353
v -0.56018120 0.70284933 -64.93838501 0.65098039 0.74117647 0.85882353
v -0.50351650 0.71334332 -64.97651672 0.65098039 0.74117647 0.85882353
v -0.50538921 0.71628964 -64.98265839 0.65098039 0.74117647 0.85882353
v -0.50163013 0.72960442 -64.98207855 0.65098039 0.74117647 0.85882353
v -0.49950469 0.72693986 -64.97663116 0.65098039 0.74117647 0.85882353
v -0.52431828 0.73783797 -64.93065643 0.65098039 0.74117647 0.85882353
v -0.51460159 0.76339084 -64.92153931 0.65098039 0.74117647 0.85882353
v -0.52882028 0.76499975 -64.92276764 0.65098039 0.74117647 0.85882353
v -0.53692502 0.73917931 -64.93097687 0.65098039 0.74117647 0.85882353
v -0.62677383 0.71418899 -65.03598022 0.65098039 0.74117647 0.85882353
v -0.63177145 0.71517909 -65.03440094 0.65098039 0.74117647 0.85882353
v -0.63729697 0.71250635 -65.01161957 0.65098039 0.74117647 0.85882353
v -0.51420861 0.70986193 -64.94139862 0.65098039 0.74117647 0.85882353
v -0.50740445 0.71049953 -64.94570923 0.65098039 0.74117647 0.85882353
v -0.49641955 0.73464459 -64.93927002 0.65098039 0.74117647 0.85882353
v -0.50429732 0.73512167 -64.93401337 0.65098039 0.74117647 0.85882353
v -0.54510695 0.86727381 -64.95588684 0.65098039 0.74117647 0.85882353
v -0.55432510 0.84192318 -64.96092987 0.65098039 0.74117647 0.85882353
v -0.49331224 0.78857380 -64.91536713 0.65098039 0.74117647 0.85882353
v -0.50307614 0.76243395 -64.92195892 0.65098039 0.74117647 0.85882353
v -0.49232632 0.76093560 -64.92590332 0.65098039 0.74117647 0.85882353
v -0.48170146 0.78764910 -64.92111969 0.65098039 0.74117647 0.85882353
v -0.55099714 0.44931650 -65.01680756 0.65098039 0.74117647 0.85882353
v -0.55894649 0.45860779 -65.03520966 0.65098039 0.74117647 0.85882353
v -0.57486999 0.33385986 -65.06093597 0.65098039 0.74117647 0.85882353
v -0.57687092 0.35337508 -65.05629730 0.65098039 0.74117647 0.85882353
v -0.56568718 0.34633839 -65.03863525 0.65098039 0.74117647 0.85882353
v -0.56354880 0.32787669 -65.04230499 0.65098039 0.74117647 0.85882353
v -0.55419374 0.30379778 -65.02413940 0.65098039 0.74117647 0.85882353
v -0.57265639 0.31427652 -65.06468964 0.65098039 0.74117647 0.85882353
v -0.56105083 0.30973387 -65.04580688 0.65098039 0.74117647 0.85882353
v -0.66265631 0.72895867 -65.02059937 0.65098039 0.74117647 0.85882353
v -0.65560514 0.72546113 -65.02703857 0.65098039 0.74117647 0.85882353
v -0.65826124 0.71946394 -65.04375458 0.65098039 0.74117647 0.85882353
v -0.66523707 0.72608370 -65.03656006 0.65098039 0.74117647 0.85882353
v -0.53675413 0.19060366 -65.03385162 0.65098039 0.74117647 0.85882353
v -0.53778130 0.18581872 -65.00333405 0.65098039 0.74117647 0.85882353
v -0.53667814 0.15402348 -65.00635529 0.65098039 0.74117647 0.85882353
v -0.53770244 0.15931617 -65.03943634 0.65098039 0.74117647 0.85882353
v -0.67574793 0.69840652 -65.06174469 0.65098039 0.74117647 0.85882353
v -0.68220317 0.70922714 -65.05405426 0.65098039 0.74117647 0.85882353
v -0.67244834 0.71764940 -65.04651642 0.65098039 0.74117647 0.85882353
v -0.66538572 0.70903802 -65.05397034 0.65098039 0.74117647 0.85882353
v -0.53646034 0.21761841 -65.03005981 0.65098039 0.74117647 0.85882353
v -0.53895772 0.21122646 -65.00183105 0.65098039 0.74117647 0.85882353
v -0.66560173 0.72433138 -65.00109100 0.65098039 0.74117647 0.85882353
v -0.65822428 0.72016746 -65.00505829 0.65098039 0.74117647 0.85882353
v -0.67048132 0.71789211 -64.98245239 0.65098039 0.74117647 0.85882353
v -0.66326076 0.71238416 -64.98514557 0.65098039 0.74117647 0.85882353
v -0.68022633 0.71124882 -64.96759033 0.65098039 0.74117647 0.85882353
v -0.54434550 0.17622356 -64.97667694 0.65098039 0.74117647 0.85882353
v -0.54146004 0.14566784 -64.97778320 0.65098039 0.74117647 0.85882353
v -0.67261302 0.73285168 -65.02784729 0.65098039 0.74117647 0.85882353
v -0.67900407 0.72691685 -65.03887939 0.65098039 0.74117647 0.85882353
v -0.68769377 0.72007471 -65.04605103 0.65098039 0.74117647 0.85882353
v -0.69850761 0.71598345 -65.05138397 0.65098039 0.74117647 0.85882353
v -0.71034008 0.71281534 -65.05625916 0.65098039 0.74117647 0.85882353
v -0.71428752 0.72642189 -65.04885101 0.65098039 0.74117647 0.85882353
v -0.55146986 0.28098005 -64.99975586 0.65098039 0.74117647 0.85882353
v -0.55049640 0.28692752 -65.02575684 0.65098039 0.74117647 0.85882353
v -0.59149158 0.06125154 -65.11540985 0.65098039 0.74117647 0.85882353
v -0.59570527 0.04107438 -65.10437775 0.65098039 0.74117647 0.85882353
v -0.62345922 0.04581369 -65.11732483 0.65098039 0.74117647 0.85882353
v -0.61615884 0.06251483 -65.12891388 0.65098039 0.74117647 0.85882353
v -0.67820460 0.07997359 -65.14179230 0.65098039 0.74117647 0.85882353
v -0.64484739 0.06903769 -65.13762665 0.65098039 0.74117647 0.85882353
v -0.65413266 0.05709313 -65.12445068 0.65098039 0.74117647 0.85882353
v -0.68612581 0.06882192 -65.12570953 0.65098039 0.74117647 0.85882353
v -0.65486741 0.20193528 -65.15744781 0.65098039 0.74117647 0.85882353
v -0.65434152 0.22271867 -65.14990997 0.65098039 0.74117647 0.85882353
v -0.62647891 0.22124790 -65.14423370 0.65098039 0.74117647 0.85882353
v -0.62617809 0.20044793 -65.15235138 0.65098039 0.74117647 0.85882353
v -0.55716282 0.29212105 -65.04873657 0.65098039 0.74117647 0.85882353
v -0.56898153 0.29574704 -65.06848907 0.65098039 0.74117647 0.85882353
v -0.55999541 0.27437329 -64.97437286 0.65098039 0.74117647 0.85882353
v -0.56045097 0.00082175 -64.97299194 0.65098039 0.74117647 0.85882353
v -0.56856722 -0.03176911 -64.97991180 0.65098039 0.74117647 0.85882353
v -0.56316090 -0.02633940 -65.01779938 0.65098039 0.74117647 0.85882353
v -0.55036700 0.00615279 -65.00968933 0.65098039 0.74117647 0.85882353
v -0.58816808 -0.01304196 -65.07949829 0.65098039 0.74117647 0.85882353
v -0.61507219 -0.00543292 -65.09866333 0.65098039 0.74117647 0.85882353
v -0.60428113 0.01889198 -65.09917450 0.65098039 0.74117647 0.85882353
v -0.57628953 0.01496641 -65.07817841 0.65098039 0.74117647 0.85882353
v -0.65432274 0.25582790 -64.89902496 0.65098039 0.74117647 0.85882353
v -0.65574193 0.23885714 -64.90144348 0.65098039 0.74117647 0.85882353
v -0.63497096 0.24518161 -64.91139984 0.65098039 0.74117647 0.85882353
v -0.71486533 0.24908729 -64.88982391 0.65098039 0.74117647 0.85882353
v -0.71721357 0.23168510 -64.89231873 0.65098039 0.74117647 0.85882353
v -0.69742256 0.23241758 -64.89172363 0.65098039 0.74117647 0.85882353
v -0.69420207 0.24977167 -64.88910675 0.65098039 0.74117647 0.85882353
v -0.71071553 0.13141991 -64.91374969 0.65098039 0.74117647 0.85882353
v -0.70631576 0.15423779 -64.90975189 0.65098039 0.74117647 0.85882353
v -0.72269285 0.15398522 -64.91166687 0.65098039 0.74117647 0.85882353
v -0.72476846 0.13397010 -64.91623688 0.65098039 0.74117647 0.85882353
v -0.55783194 0.16706689 -64.95391083 0.65098039 0.74117647 0.85882353
v -0.56207854 0.19296367 -64.95410919 0.65098039 0.74117647 0.85882353
v -0.58182561 0.18218568 -64.93605804 0.65098039 0.74117647 0.85882353
v -0.57824785 0.15716787 -64.93367004 0.65098039 0.74117647 0.85882353
v -0.66399741 0.04525344 -65.11161804 0.65098039 0.74117647 0.85882353
v -0.69282764 0.06051205 -65.10804749 0.65098039 0.74117647 0.85882353
v -0.57999468 0.00225361 -64.94026184 0.65098039 0.74117647 0.85882353
v -0.58552992 -0.03321664 -64.94645691 0.65098039 0.74117647 0.85882353
v -0.61451256 -0.02955367 -64.92411804 0.65098039 0.74117647 0.85882353
v -0.60754871 0.00522320 -64.92140961 0.65098039 0.74117647 0.85882353
v -0.63977176 0.00986494 -64.91587067 0.65098039 0.74117647 0.85882353
v -0.64733821 -0.02206971 -64.91819000 0.65098039 0.74117647 0.85882353
v -0.72050875 0.05830373 -64.95808411 0.65098039 0.74117647 0.85882353
v -0.72075605 0.05355085 -64.96401215 0.65098039 0.74117647 0.85882353
v -0.70566475 0.06616397 -64.93984985 0.65098039 0.74117647 0.85882353
v -0.71116281 0.07618584 -64.93272400 0.65098039 0.74117647 0.85882353
v -0.66669911 0.11449207 -65.16165161 0.65098039 0.74117647 0.85882353
v -0.63588947 0.10740457 -65.15740967 0.65098039 0.74117647 0.85882353
v -0.64017516 0.08721368 -65.14939117 0.65098039 0.74117647 0.85882353
v -0.67098248 0.09623004 -65.15430450 0.65098039 0.74117647 0.85882353
v -0.58475435 0.29795438 -65.08451843 0.65098039 0.74117647 0.85882353
v -0.58822697 0.31769741 -65.07984161 0.65098039 0.74117647 0.85882353
v -0.60564840 0.32074565 -65.09068298 0.65098039 0.74117647 0.85882353
v -0.60622954 0.34260923 -65.08580017 0.65098039 0.74117647 0.85882353
v -0.58937740 0.33843476 -65.07527161 0.65098039 0.74117647 0.85882353
v -0.58554053 0.47853392 -65.06529999 0.65098039 0.74117647 0.85882353
v -0.57735008 0.50041771 -65.06118774 0.65098039 0.74117647 0.85882353
v -0.56285059 0.48951268 -65.04581451 0.65098039 0.74117647 0.85882353
v -0.57009256 0.46882802 -65.05099487 0.65098039 0.74117647 0.85882353
v -0.62575400 0.61338365 -65.08840179 0.65098039 0.74117647 0.85882353
v -0.62178195 0.60114777 -65.08802032 0.65098039 0.74117647 0.85882353
v -0.64573872 0.00792195 -65.10824585 0.65098039 0.74117647 0.85882353
v -0.65168732 -0.02225785 -65.10688019 0.65098039 0.74117647 0.85882353
v -0.68329620 -0.01014791 -65.10244751 0.65098039 0.74117647 0.85882353
v -0.68318146 0.02760144 -65.09912872 0.65098039 0.74117647 0.85882353
v -0.59912717 -0.04216872 -65.08171082 0.65098039 0.74117647 0.85882353
v -0.56900293 -0.01909541 -65.05161285 0.65098039 0.74117647 0.85882353
v -0.58208275 -0.04973660 -65.05679321 0.65098039 0.74117647 0.85882353
v -0.57917577 -0.06445338 -64.98337555 0.65098039 0.74117647 0.85882353
v -0.57521409 -0.05789630 -65.02173615 0.65098039 0.74117647 0.85882353
v -0.62364197 -0.06292631 -64.92677307 0.65098039 0.74117647 0.85882353
v -0.65571684 -0.05452739 -64.92214966 0.65098039 0.74117647 0.85882353
v -0.72279215 -0.00108470 -64.96836090 0.65098039 0.74117647 0.85882353
v -0.72644353 -0.02678062 -64.97734833 0.65098039 0.74117647 0.85882353
v -0.70905763 -0.03512393 -64.95392609 0.65098039 0.74117647 0.85882353
v -0.70377588 -0.00759824 -64.94589233 0.65098039 0.74117647 0.85882353
v -0.66895092 0.11940484 -64.91187286 0.65098039 0.74117647 0.85882353
v -0.65892851 0.09888364 -64.91452789 0.65098039 0.74117647 0.85882353
v -0.62983155 0.11311187 -64.91510773 0.65098039 0.74117647 0.85882353
v -0.63245732 0.13547339 -64.91580200 0.65098039 0.74117647 0.85882353
v -0.69119292 0.26797378 -64.88633728 0.65098039 0.74117647 0.85882353
v -0.70850605 0.26630551 -64.88743591 0.65098039 0.74117647 0.85882353
v -0.65201849 0.27348304 -64.89680481 0.65098039 0.74117647 0.85882353
v -0.67233455 0.27033073 -64.88904572 0.65098039 0.74117647 0.85882353
v -0.67490178 0.25173986 -64.89216614 0.65098039 0.74117647 0.85882353
v -0.67750841 0.35303462 -64.87280273 0.65098039 0.74117647 0.85882353
v -0.68234330 0.33021408 -64.87659454 0.65098039 0.74117647 0.85882353
v -0.66068089 0.33137029 -64.88125610 0.65098039 0.74117647 0.85882353
v -0.65526688 0.35433692 -64.87749481 0.65098039 0.74117647 0.85882353
v -0.65044999 0.38019961 -64.87425232 0.65098039 0.74117647 0.85882353
v -0.67317069 0.37874895 -64.87018585 0.65098039 0.74117647 0.85882353
v -0.67064899 0.43131775 -64.87409210 0.65098039 0.74117647 0.85882353
v -0.64856732 0.42923349 -64.87529755 0.65098039 0.74117647 0.85882353
v -0.65077931 0.44894958 -64.87070465 0.65098039 0.74117647 0.85882353
v -0.70728767 0.60234481 -64.90624237 0.65098039 0.74117647 0.85882353
v -0.70720714 0.58722311 -64.89729309 0.65098039 0.74117647 0.85882353
v -0.55249101 0.13354786 -64.94927979 0.65098039 0.74117647 0.85882353
v -0.71444941 0.02602585 -65.07488251 0.65098039 0.74117647 0.85882353
v -0.71314877 -0.00582568 -65.08313751 0.65098039 0.74117647 0.85882353
v -0.73019397 -0.00752826 -65.05690002 0.65098039 0.74117647 0.85882353
v -0.72921234 0.01925536 -65.04777527 0.65098039 0.74117647 0.85882353
v -0.54840463 0.20198129 -64.97695923 0.65098039 0.74117647 0.85882353
v -0.57499981 0.28068209 -64.95288086 0.65098039 0.74117647 0.85882353
v -0.57427061 0.26632851 -64.95298767 0.65098039 0.74117647 0.85882353
v -0.56327748 0.45588082 -64.91725159 0.65098039 0.74117647 0.85882353
v -0.56290239 0.42666882 -64.92754364 0.65098039 0.74117647 0.85882353
v -0.65078056 0.50495511 -64.84675598 0.65098039 0.74117647 0.85882353
v -0.65451688 0.52003598 -64.84714508 0.65098039 0.74117647 0.85882353
v -0.55644637 0.01167394 -65.04798889 0.65098039 0.74117647 0.85882353
v -0.63237607 -0.09417085 -64.93147278 0.65098039 0.74117647 0.85882353
v -0.66356605 -0.08667718 -64.92809296 0.65098039 0.74117647 0.85882353
v -0.67321151 -0.11717345 -64.93441010 0.65098039 0.74117647 0.85882353
v -0.64252210 -0.12478964 -64.93672180 0.65098039 0.74117647 0.85882353
v -0.73578006 -0.04752831 -65.01181793 0.65098039 0.74117647 0.85882353
v -0.73555595 -0.07870387 -65.01969147 0.65098039 0.74117647 0.85882353
v -0.73075682 -0.08385287 -64.99475098 0.65098039 0.74117647 0.85882353
v -0.72872722 -0.05437388 -64.98676300 0.65098039 0.74117647 0.85882353
v -0.73640829 -0.10980652 -65.02427673 0.65098039 0.74117647 0.85882353
v -0.73895103 -0.14011075 -65.02946472 0.65098039 0.74117647 0.85882353
v -0.73719037 -0.14691640 -65.00591278 0.65098039 0.74117647 0.85882353
v -0.73357213 -0.11579661 -64.99889374 0.65098039 0.74117647 0.85882353
v -0.59544134 -0.06686328 -64.94985962 0.65098039 0.74117647 0.85882353
v -0.60138124 -0.12461300 -64.98603058 0.65098039 0.74117647 0.85882353
v -0.59056401 -0.09479927 -64.98451233 0.65098039 0.74117647 0.85882353
v -0.60606432 -0.09747617 -64.95285034 0.65098039 0.74117647 0.85882353
v -0.61635703 -0.12804995 -64.95612335 0.65098039 0.74117647 0.85882353
v -0.62403691 -0.03331803 -65.09957886 0.65098039 0.74117647 0.85882353
v -0.73352200 0.00502120 -64.99269867 0.65098039 0.74117647 0.85882353
v -0.73500073 -0.01931830 -65.00247955 0.65098039 0.74117647 0.85882353
v -0.72635150 -0.07315992 -65.06706238 0.65098039 0.74117647 0.85882353
v -0.72845447 -0.03952359 -65.06311035 0.65098039 0.74117647 0.85882353
v -0.71134633 -0.03995569 -65.08763123 0.65098039 0.74117647 0.85882353
v -0.70969754 -0.07416467 -65.08902740 0.65098039 0.74117647 0.85882353
v -0.61378443 -0.09935327 -65.07859039 0.65098039 0.74117647 0.85882353
v -0.60714096 -0.07100348 -65.08068848 0.65098039 0.74117647 0.85882353
v -0.59238255 -0.07864748 -65.05368805 0.65098039 0.74117647 0.85882353
v -0.60079664 -0.10716678 -65.05143738 0.65098039 0.74117647 0.85882353
v -0.58716321 -0.08727793 -65.01976013 0.65098039 0.74117647 0.85882353
v -0.59742808 -0.11657973 -65.01934052 0.65098039 0.74117647 0.85882353
v -0.62144899 -0.18368913 -64.98835754 0.65098039 0.74117647 0.85882353
v -0.61182922 -0.15407689 -64.98752594 0.65098039 0.74117647 0.85882353
v -0.62725550 -0.15791328 -64.95955658 0.65098039 0.74117647 0.85882353
v -0.63780439 -0.18727462 -64.96268463 0.65098039 0.74117647 0.85882353
v -0.61583757 -0.17468365 -65.01898956 0.65098039 0.74117647 0.85882353
v -0.60658807 -0.14540698 -65.01931000 0.65098039 0.74117647 0.85882353
v -0.61701912 -0.16386519 -65.04705811 0.65098039 0.74117647 0.85882353
v -0.60898840 -0.13556762 -65.04880524 0.65098039 0.74117647 0.85882353
v -0.62786525 -0.15413542 -65.06961823 0.65098039 0.74117647 0.85882353
v -0.62038267 -0.12688394 -65.07376862 0.65098039 0.74117647 0.85882353
v -0.64345944 -0.14622678 -65.08547974 0.65098039 0.74117647 0.85882353
v -0.63862526 -0.11973698 -65.09136963 0.65098039 0.74117647 0.85882353
v -0.66176212 -0.11318256 -65.09999084 0.65098039 0.74117647 0.85882353
v -0.66418397 -0.14019598 -65.09384155 0.65098039 0.74117647 0.85882353
v -0.68633074 -0.13548972 -65.09351349 0.65098039 0.74117647 0.85882353
v -0.68610126 -0.10746415 -65.09807587 0.65098039 0.74117647 0.85882353
v -0.72415954 -0.13306536 -65.07116699 0.65098039 0.74117647 0.85882353
v -0.72477782 -0.10450236 -65.06901550 0.65098039 0.74117647 0.85882353
v -0.70865035 -0.10474859 -65.08814240 0.65098039 0.74117647 0.85882353
v -0.70761740 -0.13301362 -65.08625031 0.65098039 0.74117647 0.85882353
v -0.72220147 -0.22703837 -65.08407593 0.65098039 0.74117647 0.85882353
v -0.72392309 -0.20616092 -65.08126831 0.65098039 0.74117647 0.85882353
v -0.70487279 -0.20580359 -65.08485413 0.65098039 0.74117647 0.85882353
v -0.70462936 -0.22597490 -65.08693695 0.65098039 0.74117647 0.85882353
v -0.68718874 -0.22582056 -65.08804321 0.65098039 0.74117647 0.85882353
v -0.68702412 -0.20708285 -65.08518219 0.65098039 0.74117647 0.85882353
v -0.66970646 -0.21003215 -65.08222198 0.65098039 0.74117647 0.85882353
v -0.67075098 -0.22913332 -65.08720398 0.65098039 0.74117647 0.85882353
v -0.64267856 -0.22692825 -65.06320190 0.65098039 0.74117647 0.85882353
v -0.64460969 -0.24740784 -65.07030487 0.65098039 0.74117647 0.85882353
v -0.65580148 -0.23602839 -65.08106232 0.65098039 0.74117647 0.85882353
v -0.65420425 -0.21678223 -65.07548523 0.65098039 0.74117647 0.85882353
v -0.63411516 -0.24006198 -65.04743958 0.65098039 0.74117647 0.85882353
v -0.63808858 -0.26183331 -65.05414581 0.65098039 0.74117647 0.85882353
v -0.63634145 -0.25409961 -65.02393341 0.65098039 0.74117647 0.85882353
v -0.64427811 -0.27772361 -65.03393555 0.65098039 0.74117647 0.85882353
v -0.65013564 -0.26735979 -65.00108337 0.65098039 0.74117647 0.85882353
v -0.65864468 -0.29104584 -65.01285553 0.65098039 0.74117647 0.85882353
v -0.74855262 -0.22582449 -65.03420258 0.65098039 0.74117647 0.85882353
v -0.74760592 -0.21586813 -65.05195618 0.65098039 0.74117647 0.85882353
v -0.74673921 -0.23632078 -65.06324005 0.65098039 0.74117647 0.85882353
v -0.74978006 -0.24666758 -65.04627228 0.65098039 0.74117647 0.85882353
v -0.73264897 -0.25202489 -64.99430847 0.65098039 0.74117647 0.85882353
v -0.73500299 -0.27346116 -65.01394653 0.65098039 0.74117647 0.85882353
v -0.72322291 -0.28605413 -64.99388885 0.65098039 0.74117647 0.85882353
v -0.71759862 -0.26491696 -64.97468567 0.65098039 0.74117647 0.85882353
v -0.63113964 -0.21291383 -64.98918152 0.65098039 0.74117647 0.85882353
v -0.62441897 -0.20208947 -65.01880646 0.65098039 0.74117647 0.85882353
v -0.62428886 -0.19057529 -65.04550171 0.65098039 0.74117647 0.85882353
v -0.63458937 -0.17980041 -65.06542969 0.65098039 0.74117647 0.85882353
v -0.72437352 -0.15912403 -65.07447815 0.65098039 0.74117647 0.85882353
v -0.70623726 -0.15906732 -65.08581543 0.65098039 0.74117647 0.85882353
v -0.74174976 -0.17609943 -65.01300049 0.65098039 0.74117647 0.85882353
v -0.74237317 -0.16786785 -65.03537750 0.65098039 0.74117647 0.85882353
v -0.68353873 -0.24644195 -64.95707703 0.65098039 0.74117647 0.85882353
v -0.65796167 -0.24782906 -64.96974945 0.65098039 0.74117647 0.85882353
v -0.64818126 -0.21783502 -64.96551514 0.65098039 0.74117647 0.85882353
v -0.67379797 -0.21519832 -64.95253754 0.65098039 0.74117647 0.85882353
v -0.63044548 -0.22877221 -65.02067566 0.65098039 0.74117647 0.85882353
v -0.63023204 -0.21587379 -65.04496765 0.65098039 0.74117647 0.85882353
v -0.63960814 -0.20433636 -65.06301117 0.65098039 0.74117647 0.85882353
v -0.66823459 -0.18895073 -65.08493042 0.65098039 0.74117647 0.85882353
v -0.65176159 -0.19501461 -65.07672882 0.65098039 0.74117647 0.85882353
v -0.68626010 -0.18538962 -65.08721161 0.65098039 0.74117647 0.85882353
v -0.72399604 -0.18340166 -65.07798767 0.65098039 0.74117647 0.85882353
v -0.70516998 -0.18308814 -65.08582306 0.65098039 0.74117647 0.85882353
v -0.74523616 -0.20262061 -65.02288818 0.65098039 0.74117647 0.85882353
v -0.74590558 -0.19317035 -65.04333496 0.65098039 0.74117647 0.85882353
v -0.69964153 -0.29749048 -64.98461151 0.65098039 0.74117647 0.85882353
v -0.67441744 -0.30034739 -64.99356079 0.65098039 0.74117647 0.85882353
v -0.66646856 -0.27676266 -64.97841644 0.65098039 0.74117647 0.85882353
v -0.69170421 -0.27633572 -64.96655273 0.65098039 0.74117647 0.85882353
v -0.70475638 -0.31247413 -65.00966644 0.65098039 0.74117647 0.85882353
v -0.72374862 -0.30252552 -65.01641846 0.65098039 0.74117647 0.85882353
v -0.67176235 -0.24196334 -65.09680939 0.65098039 0.74117647 0.85882353
v -0.68826544 -0.23922746 -65.09959412 0.65098039 0.74117647 0.85882353
v -0.65755916 -0.25267333 -65.09283447 0.65098039 0.74117647 0.85882353
v -0.65266377 -0.30037344 -65.04789734 0.65098039 0.74117647 0.85882353
v -0.64336652 -0.28157687 -65.06674194 0.65098039 0.74117647 0.85882353
v -0.66887927 -0.31309515 -65.02948761 0.65098039 0.74117647 0.85882353
v -0.68466818 -0.31620437 -65.01326752 0.65098039 0.74117647 0.85882353
v -0.74450272 -0.27090007 -65.09278107 0.65098039 0.74117647 0.85882353
v -0.74820322 -0.28300631 -65.07966614 0.65098039 0.74117647 0.85882353
v -0.74826378 -0.26203310 -65.05921173 0.65098039 0.74117647 0.85882353
v -0.74326658 -0.25414473 -65.07402039 0.65098039 0.74117647 0.85882353
v -0.72423100 -0.25377071 -65.11233521 0.65098039 0.74117647 0.85882353
v -0.72184318 -0.24212591 -65.09188843 0.65098039 0.74117647 0.85882353
v -0.70599687 -0.23948435 -65.09659576 0.65098039 0.74117647 0.85882353
v -0.70833683 -0.24910153 -65.11925507 0.65098039 0.74117647 0.85882353
v -0.67213857 -0.25662452 -65.12020111 0.65098039 0.74117647 0.85882353
v -0.68942732 -0.25044543 -65.12117004 0.65098039 0.74117647 0.85882353
v -0.65685624 -0.26695579 -65.11373138 0.65098039 0.74117647 0.85882353
v -0.64949644 -0.30331141 -65.08579254 0.65098039 0.74117647 0.85882353
v -0.64715737 -0.28363669 -65.10235596 0.65098039 0.74117647 0.85882353
v -0.64616120 -0.26384777 -65.08187866 0.65098039 0.74117647 0.85882353
v -0.65990174 -0.32299036 -65.06607819 0.65098039 0.74117647 0.85882353
v -0.69038361 -0.35329258 -65.07771301 0.65098039 0.74117647 0.85882353
v -0.66580760 -0.34565753 -65.08914948 0.65098039 0.74117647 0.85882353
v -0.68400192 -0.33368576 -65.05131531 0.65098039 0.74117647 0.85882353
v -0.73908353 -0.40319723 -65.16134644 0.65098039 0.74117647 0.85882353
v -0.74812663 -0.42209631 -65.19138336 0.65098039 0.74117647 0.85882353
v -0.72807783 -0.42664170 -65.19083405 0.65098039 0.74117647 0.85882353
v -0.71610010 -0.40922487 -65.16119385 0.65098039 0.74117647 0.85882353
v -0.75260097 -0.28540683 -65.11637115 0.65098039 0.74117647 0.85882353
v -0.75385904 -0.29991043 -65.10243225 0.65098039 0.74117647 0.85882353
v -0.71269894 -0.26098472 -65.14557648 0.65098039 0.74117647 0.85882353
v -0.73121220 -0.26507258 -65.13794708 0.65098039 0.74117647 0.85882353
v -0.65759903 -0.34341961 -65.13526154 0.65098039 0.74117647 0.85882353
v -0.65508860 -0.32167739 -65.15229034 0.65098039 0.74117647 0.85882353
v -0.64966589 -0.30326951 -65.12609100 0.65098039 0.74117647 0.85882353
v -0.65265918 -0.32455999 -65.10867310 0.65098039 0.74117647 0.85882353
v -0.78210193 -0.35444027 -65.18195343 0.65098039 0.74117647 0.85882353
v -0.77468634 -0.33464372 -65.15469360 0.65098039 0.74117647 0.85882353
v -0.77161217 -0.31910342 -65.16924286 0.65098039 0.74117647 0.85882353
v -0.77927816 -0.33984262 -65.19553375 0.65098039 0.74117647 0.85882353
v -0.72067732 -0.27654660 -65.17176056 0.65098039 0.74117647 0.85882353
v -0.72912794 -0.29580516 -65.19792938 0.65098039 0.74117647 0.85882353
v -0.74805653 -0.29971808 -65.19065094 0.65098039 0.74117647 0.85882353
v -0.74017471 -0.27939034 -65.16305542 0.65098039 0.74117647 0.85882353
v -0.67985350 -0.38382298 -65.18975067 0.65098039 0.74117647 0.85882353
v -0.67661440 -0.36472613 -65.20597076 0.65098039 0.74117647 0.85882353
v -0.66383141 -0.34215730 -65.17935944 0.65098039 0.74117647 0.85882353
v -0.66678190 -0.36311454 -65.16233063 0.65098039 0.74117647 0.85882353
v -0.69702286 -0.37259620 -65.10449982 0.65098039 0.74117647 0.85882353
v -0.70515919 -0.39116204 -65.13271332 0.65098039 0.74117647 0.85882353
v -0.68163168 -0.38201356 -65.14370728 0.65098039 0.74117647 0.85882353
v -0.67209983 -0.36374503 -65.11647034 0.65098039 0.74117647 0.85882353
v -0.72211200 -0.36621851 -65.10382843 0.65098039 0.74117647 0.85882353
v -0.72956270 -0.38461763 -65.13195038 0.65098039 0.74117647 0.85882353
v -0.78681469 -0.39060611 -65.24893188 0.65098039 0.74117647 0.85882353
v -0.79032427 -0.40374827 -65.24015808 0.65098039 0.74117647 0.85882353
v -0.78594339 -0.37845993 -65.21069336 0.65098039 0.74117647 0.85882353
v -0.78282607 -0.36427402 -65.22172546 0.65098039 0.74117647 0.85882353
v -0.73706347 -0.31971312 -65.22261047 0.65098039 0.74117647 0.85882353
v -0.74566323 -0.34775800 -65.24610901 0.65098039 0.74117647 0.85882353
v -0.76208895 -0.34926569 -65.23992157 0.65098039 0.74117647 0.85882353
v -0.75573069 -0.32211846 -65.21591949 0.65098039 0.74117647 0.85882353
v -0.71063590 -0.42595643 -65.24722290 0.65098039 0.74117647 0.85882353
v -0.70929217 -0.41012126 -65.26061249 0.65098039 0.74117647 0.85882353
v -0.69194180 -0.38775158 -65.23308563 0.65098039 0.74117647 0.85882353
v -0.69462216 -0.40410244 -65.21846008 0.65098039 0.74117647 0.85882353
v -0.73956668 -0.44546735 -65.22264099 0.65098039 0.74117647 0.85882353
v -0.72057730 -0.44024718 -65.23222351 0.65098039 0.74117647 0.85882353
v -0.70647305 -0.42065877 -65.20102692 0.65098039 0.74117647 0.85882353
v -0.75770068 -0.44165540 -65.22245026 0.65098039 0.74117647 0.85882353
v -0.76734376 -0.46195805 -65.25183868 0.65098039 0.74117647 0.85882353
v -0.75199580 -0.46537310 -65.25202942 0.65098039 0.74117647 0.85882353
v -0.79304206 -0.41558677 -65.27593231 0.65098039 0.74117647 0.85882353
v -0.79442084 -0.42773300 -65.26730347 0.65098039 0.74117647 0.85882353
v -0.77963686 -0.40243900 -65.28989410 0.65098039 0.74117647 0.85882353
v -0.76965505 -0.37717324 -65.26503754 0.65098039 0.74117647 0.85882353
v -0.75503874 -0.37488532 -65.26988220 0.65098039 0.74117647 0.85882353
v -0.76664442 -0.39968574 -65.29488373 0.65098039 0.74117647 0.85882353
v -0.72540128 -0.38672394 -65.27473450 0.65098039 0.74117647 0.85882353
v -0.73902035 -0.41042942 -65.29892731 0.65098039 0.74117647 0.85882353
v -0.75215656 -0.40243584 -65.29835510 0.65098039 0.74117647 0.85882353
v -0.73980874 -0.37829989 -65.27410126 0.65098039 0.74117647 0.85882353
v -0.72566587 -0.43092436 -65.28572083 0.65098039 0.74117647 0.85882353
v -0.73086154 -0.41920805 -65.29413605 0.65098039 0.74117647 0.85882353
v -0.71469414 -0.39649838 -65.27036285 0.65098039 0.74117647 0.85882353
v -0.72533667 -0.44615936 -65.27298737 0.65098039 0.74117647 0.85882353
v -0.73511183 -0.45965230 -65.26001740 0.65098039 0.74117647 0.85882353
v -0.72275007 0.05094226 -65.05246735 0.65098039 0.74117647 0.85882353
v -0.71709305 0.04558028 -65.06372070 0.65098039 0.74117647 0.85882353
v -0.72825551 0.03598382 -65.03649902 0.65098039 0.74117647 0.85882353
v -0.73078787 0.04382052 -65.02605438 0.65098039 0.74117647 0.85882353
v -0.71831554 -0.09525855 -64.96772766 0.65098039 0.74117647 0.85882353
v -0.71303928 -0.06417356 -64.96128845 0.65098039 0.74117647 0.85882353
v -0.72985500 -0.15705521 -64.98181915 0.65098039 0.74117647 0.85882353
v -0.72366703 -0.12684448 -64.97377014 0.65098039 0.74117647 0.85882353
v -0.73432815 -0.18677314 -64.99055481 0.65098039 0.74117647 0.85882353
v -0.74244773 -0.23771872 -65.01466370 0.65098039 0.74117647 0.85882353
v -0.73825538 -0.21448852 -65.00186157 0.65098039 0.74117647 0.85882353
v -0.74440771 -0.25852013 -65.02915192 0.65098039 0.74117647 0.85882353
v -0.74471098 -0.27834868 -65.04610443 0.65098039 0.74117647 0.85882353
v -0.74506128 -0.29879218 -65.06710815 0.65098039 0.74117647 0.85882353
v -0.75629860 -0.33399695 -65.11432648 0.65098039 0.74117647 0.85882353
v -0.74773568 -0.31633735 -65.09029388 0.65098039 0.74117647 0.85882353
v -0.76448989 -0.31725639 -65.12783813 0.65098039 0.74117647 0.85882353
v -0.77460182 -0.37308651 -65.16986084 0.65098039 0.74117647 0.85882353
v -0.76642191 -0.35296196 -65.14106750 0.65098039 0.74117647 0.85882353
v -0.78534985 -0.41890484 -65.23197937 0.65098039 0.74117647 0.85882353
v -0.78034055 -0.39588898 -65.20072174 0.65098039 0.74117647 0.85882353
v -0.78893650 -0.44152498 -65.25998688 0.65098039 0.74117647 0.85882353
v -0.66418505 0.03974210 -64.92135620 0.65098039 0.74117647 0.85882353
v -0.65935045 0.06301658 -64.91902924 0.65098039 0.74117647 0.85882353
v -0.68696916 0.05534635 -64.92931366 0.65098039 0.74117647 0.85882353
v -0.69176483 0.03831364 -64.93384552 0.65098039 0.74117647 0.85882353
v -0.72579241 0.05239259 -64.99129486 0.65098039 0.74117647 0.85882353
v -0.72792858 0.05162300 -64.99715424 0.65098039 0.74117647 0.85882353
v -0.72584361 0.05058928 -64.98186493 0.65098039 0.74117647 0.85882353
v -0.72443408 0.05241065 -64.97679901 0.65098039 0.74117647 0.85882353
v -0.64009476 -0.24162848 -64.99311829 0.65098039 0.74117647 0.85882353
v -0.64796829 -0.17136519 -65.08016205 0.65098039 0.74117647 0.85882353
v -0.68594843 -0.16135640 -65.08966064 0.65098039 0.74117647 0.85882353
v -0.66621351 -0.16556124 -65.08817291 0.65098039 0.74117647 0.85882353
v -0.72923368 -0.22722720 -64.97873688 0.65098039 0.74117647 0.85882353
v -0.71007317 -0.23811357 -64.96144867 0.65098039 0.74117647 0.85882353
v -0.70138800 -0.20810370 -64.95367432 0.65098039 0.74117647 0.85882353
v -0.72181940 -0.19848041 -64.96892548 0.65098039 0.74117647 0.85882353
v -0.71642709 -0.34967715 -65.07901764 0.65098039 0.74117647 0.85882353
v -0.73529559 -0.33419907 -65.08196259 0.65098039 0.74117647 0.85882353
v -0.74077648 -0.35070211 -65.10819244 0.65098039 0.74117647 0.85882353
v -0.71092737 -0.33563322 -65.05434418 0.65098039 0.74117647 0.85882353
v -0.65710956 -0.28381544 -65.13893890 0.65098039 0.74117647 0.85882353
v -0.67251682 -0.27047992 -65.14588165 0.65098039 0.74117647 0.85882353
v -0.69856173 -0.27809870 -65.17451477 0.65098039 0.74117647 0.85882353
v -0.69171870 -0.26283234 -65.14776611 0.65098039 0.74117647 0.85882353
v -0.67719972 -0.28703409 -65.17302704 0.65098039 0.74117647 0.85882353
v -0.70709527 -0.13922523 -64.95301819 0.65098039 0.74117647 0.85882353
v -0.71478528 -0.16872703 -64.96053314 0.65098039 0.74117647 0.85882353
v -0.69164467 -0.17790674 -64.94766235 0.65098039 0.74117647 0.85882353
v -0.68247867 -0.14759560 -64.94088745 0.65098039 0.74117647 0.85882353
v -0.57792437 0.37321371 -65.05158997 0.65098039 0.74117647 0.85882353
v -0.56787211 0.36512721 -65.03505707 0.65098039 0.74117647 0.85882353
v -0.58275986 0.48443246 -64.88088226 0.65098039 0.74117647 0.85882353
v -0.59316927 0.47273874 -64.87690735 0.65098039 0.74117647 0.85882353
v -0.58753455 0.45940053 -64.88931274 0.65098039 0.74117647 0.85882353
v -0.57440996 0.47192895 -64.89604187 0.65098039 0.74117647 0.85882353
v -0.56635320 0.48993081 -64.89988708 0.65098039 0.74117647 0.85882353
v -0.57538271 0.50103116 -64.88471985 0.65098039 0.74117647 0.85882353
v -0.56258482 0.51125169 -64.90443420 0.65098039 0.74117647 0.85882353
v -0.57168496 0.52209973 -64.89012146 0.65098039 0.74117647 0.85882353
v -0.56880438 0.62078363 -64.93222046 0.65098039 0.74117647 0.85882353
v -0.56648475 0.64099127 -64.93507385 0.65098039 0.74117647 0.85882353
v -0.69337416 0.42736310 -64.87498474 0.65098039 0.74117647 0.85882353
v -0.69388783 0.40286684 -64.87196350 0.65098039 0.74117647 0.85882353
v -0.67060530 0.40501654 -64.87032318 0.65098039 0.74117647 0.85882353
v -0.67719281 0.23465042 -64.89481354 0.65098039 0.74117647 0.85882353
v -0.66272497 0.15576629 -64.91139984 0.65098039 0.74117647 0.85882353
v -0.68655014 0.15438832 -64.90910339 0.65098039 0.74117647 0.85882353
v -0.69395548 0.12880544 -64.91284943 0.65098039 0.74117647 0.85882353
v -0.72504610 0.07676597 -64.93988037 0.65098039 0.74117647 0.85882353
v -0.73020965 0.06767090 -64.95486450 0.65098039 0.74117647 0.85882353
v -0.72816676 0.05605407 -64.97499847 0.65098039 0.74117647 0.85882353
v -0.72667509 0.05303691 -64.98970795 0.65098039 0.74117647 0.85882353
v -0.61256969 0.44041282 -65.08096313 0.65098039 0.74117647 0.85882353
v -0.60888052 0.46433681 -65.07986450 0.65098039 0.74117647 0.85882353
v -0.66827732 0.60808295 -65.09135437 0.65098039 0.74117647 0.85882353
v -0.64852953 0.61562276 -65.08892822 0.65098039 0.74117647 0.85882353
v -0.65563375 0.63815135 -65.08634949 0.65098039 0.74117647 0.85882353
v -0.67283183 0.63112748 -65.08793640 0.65098039 0.74117647 0.85882353
v -0.67619896 0.64207894 -65.08594513 0.65098039 0.74117647 0.85882353
v -0.65981442 0.64855295 -65.08388519 0.65098039 0.74117647 0.85882353
v -0.69364488 0.70401818 -65.06036377 0.65098039 0.74117647 0.85882353
v -0.68942946 0.69152457 -65.06752777 0.65098039 0.74117647 0.85882353
v -0.72733253 0.05503105 -65.01477814 0.65098039 0.74117647 0.85882353
v -0.72762322 0.05455090 -65.02506256 0.65098039 0.74117647 0.85882353
v -0.73012823 0.05064423 -65.00434113 0.65098039 0.74117647 0.85882353
v -0.71864843 0.02037002 -64.96035767 0.65098039 0.74117647 0.85882353
v -0.71391582 0.03716268 -64.95278931 0.65098039 0.74117647 0.85882353
v -0.72743112 0.03693105 -64.97591400 0.65098039 0.74117647 0.85882353
v -0.73060167 0.02367897 -64.98352814 0.65098039 0.74117647 0.85882353
v -0.54187202 0.04068317 -65.00033569 0.65098039 0.74117647 0.85882353
v -0.55384851 0.03446658 -64.96307373 0.65098039 0.74117647 0.85882353
v -0.63413042 0.02887984 -65.11093903 0.65098039 0.74117647 0.85882353
v -0.46473604 0.84508741 -64.91629028 0.65098039 0.74117647 0.85882353
v -0.47228694 0.81526774 -64.91827393 0.65098039 0.74117647 0.85882353
v -0.46398643 0.81744295 -64.92993164 0.65098039 0.74117647 0.85882353
v -0.45767599 0.84729379 -64.92776489 0.65098039 0.74117647 0.85882353
v -0.60649216 0.53893387 -65.08466339 0.65098039 0.74117647 0.85882353
v -0.59830648 0.51552314 -65.07721710 0.65098039 0.74117647 0.85882353
v -0.65702915 0.70669782 -64.98626709 0.65098039 0.74117647 0.85882353
v -0.62924773 0.72360295 -65.00887299 0.65098039 0.74117647 0.85882353
v -0.63308537 0.71587586 -65.01076508 0.65098039 0.74117647 0.85882353
v -0.63739270 0.71404964 -64.98647308 0.65098039 0.74117647 0.85882353
v -0.63481164 0.72128326 -64.98462677 0.65098039 0.74117647 0.85882353
v -0.57330096 0.68553954 -65.05023193 0.65098039 0.74117647 0.85882353
v -0.57976401 0.67701870 -65.05695343 0.65098039 0.74117647 0.85882353
v -0.59062636 0.69086355 -65.05381775 0.65098039 0.74117647 0.85882353
v -0.58532518 0.69700319 -65.04781342 0.65098039 0.74117647 0.85882353
v -0.62814343 0.17735660 -65.15956116 0.65098039 0.74117647 0.85882353
v -0.65663761 0.17940618 -65.16429138 0.65098039 0.74117647 0.85882353
v -0.64163548 0.37464005 -65.09405518 0.65098039 0.74117647 0.85882353
v -0.63862193 0.39760679 -65.09114838 0.65098039 0.74117647 0.85882353
v -0.62087119 0.39290690 -65.08605194 0.65098039 0.74117647 0.85882353
v -0.62308097 0.36977822 -65.08976746 0.65098039 0.74117647 0.85882353
v -0.57689118 0.53382701 -65.06612396 0.65098039 0.74117647 0.85882353
v -0.56513262 0.52019626 -65.05231476 0.65098039 0.74117647 0.85882353
v -0.69669712 0.51195759 -64.86320496 0.65098039 0.74117647 0.85882353
v -0.68459851 0.52286029 -64.85722351 0.65098039 0.74117647 0.85882353
v -0.68816650 0.54468983 -64.86482239 0.65098039 0.74117647 0.85882353
v -0.70171911 0.53568083 -64.86992645 0.65098039 0.74117647 0.85882353
v -0.47614241 0.78700942 -64.96379089 0.65098039 0.74117647 0.85882353
v -0.47017956 0.79033977 -64.94626617 0.65098039 0.74117647 0.85882353
v -0.48082751 0.76224369 -64.94632721 0.65098039 0.74117647 0.85882353
v -0.48309696 0.75843257 -64.95885468 0.65098039 0.74117647 0.85882353
v -0.56762904 0.04222892 -65.08141327 0.65098039 0.74117647 0.85882353
v -0.54454947 0.05033888 -65.04450226 0.65098039 0.74117647 0.85882353
v -0.55366623 0.39740241 -65.00813293 0.65098039 0.74117647 0.85882353
v -0.55841130 0.37613040 -65.01203918 0.65098039 0.74117647 0.85882353
v -0.56556636 0.38555223 -65.03220367 0.65098039 0.74117647 0.85882353
v -0.55952960 0.40617973 -65.02919769 0.65098039 0.74117647 0.85882353
v -0.54310703 0.46442336 -64.98994446 0.65098039 0.74117647 0.85882353
v -0.54654288 0.44200593 -64.99604797 0.65098039 0.74117647 0.85882353
v -0.53817028 0.48714572 -64.98497009 0.65098039 0.74117647 0.85882353
v -0.52266610 0.66341931 -64.95705414 0.65098039 0.74117647 0.85882353
v -0.52692467 0.64665353 -64.96118164 0.65098039 0.74117647 0.85882353
v -0.52298367 0.64755815 -64.96646118 0.65098039 0.74117647 0.85882353
v -0.69728184 0.01738869 -64.93962097 0.65098039 0.74117647 0.85882353
v -0.68412727 0.08170359 -64.92142487 0.65098039 0.74117647 0.85882353
v -0.69189030 0.09388982 -64.91832733 0.65098039 0.74117647 0.85882353
v -0.72588575 0.05460609 -65.00585175 0.65098039 0.74117647 0.85882353
v -0.72504348 0.05397137 -65.00289917 0.65098039 0.74117647 0.85882353
v -0.68875867 0.71880668 -64.96425629 0.65098039 0.74117647 0.85882353
v -0.67880821 0.72406155 -64.97830963 0.65098039 0.74117647 0.85882353
v -0.51347291 0.73590559 -64.93112183 0.65098039 0.74117647 0.85882353
v -0.52289486 0.71034569 -64.93930054 0.65098039 0.74117647 0.85882353
v -0.53585255 0.60859686 -64.96157074 0.65098039 0.74117647 0.85882353
v -0.53444958 0.62828237 -64.95900726 0.65098039 0.74117647 0.85882353
v -0.54292411 0.63027972 -64.95127869 0.65098039 0.74117647 0.85882353
v -0.54481536 0.61031550 -64.95140076 0.65098039 0.74117647 0.85882353
v -0.53034222 0.60916656 -64.97090149 0.65098039 0.74117647 0.85882353
v -0.52923042 0.62789679 -64.96613312 0.65098039 0.74117647 0.85882353
v -0.61607677 0.65870112 -64.91487122 0.65098039 0.74117647 0.85882353
v -0.61872649 0.67814034 -64.92383575 0.65098039 0.74117647 0.85882353
v -0.62692648 0.67321396 -64.92522430 0.65098039 0.74117647 0.85882353
v -0.62388861 0.65465379 -64.91396332 0.65098039 0.74117647 0.85882353
v -0.63261068 0.64592093 -64.91195679 0.65098039 0.74117647 0.85882353
v -0.63427699 0.66558307 -64.92608643 0.65098039 0.74117647 0.85882353
v -0.64513278 0.65770841 -64.92300415 0.65098039 0.74117647 0.85882353
v -0.64464945 0.63838965 -64.90869904 0.65098039 0.74117647 0.85882353
v -0.66377479 0.69065839 -64.96509552 0.65098039 0.74117647 0.85882353
v -0.67915100 0.67869371 -64.95018005 0.65098039 0.74117647 0.85882353
v -0.69580889 0.66724509 -64.94045258 0.65098039 0.74117647 0.85882353
v -0.71161646 0.65804541 -64.93583679 0.65098039 0.74117647 0.85882353
v -0.68387973 0.67796689 -65.07424927 0.65098039 0.74117647 0.85882353
v -0.66746110 0.68566430 -65.06955719 0.65098039 0.74117647 0.85882353
v -0.66630161 0.67100376 -65.07666779 0.65098039 0.74117647 0.85882353
v -0.68115091 0.66456676 -65.07932281 0.65098039 0.74117647 0.85882353
v -0.69650769 0.66047746 -65.08234406 0.65098039 0.74117647 0.85882353
v -0.69982690 0.67312825 -65.07858276 0.65098039 0.74117647 0.85882353
v -0.69444120 0.70325565 -64.95754242 0.65098039 0.74117647 0.85882353
v -0.70797712 0.69418222 -64.94924927 0.65098039 0.74117647 0.85882353
v -0.71568614 0.67630875 -64.94451141 0.65098039 0.74117647 0.85882353
v -0.53553736 0.87034935 -64.97042084 0.65098039 0.74117647 0.85882353
v -0.54439288 0.84584206 -64.97576904 0.65098039 0.74117647 0.85882353
v -0.67114550 0.73393524 -65.01258087 0.65098039 0.74117647 0.85882353
v -0.67358941 0.72892588 -64.99533081 0.65098039 0.74117647 0.85882353
v -0.52098823 0.87003070 -64.98114777 0.65098039 0.74117647 0.85882353
v -0.53009045 0.84499675 -64.98619843 0.65098039 0.74117647 0.85882353
v -0.63883460 0.69854277 -64.96102142 0.65098039 0.74117647 0.85882353
v -0.63517928 0.70574164 -64.96198273 0.65098039 0.74117647 0.85882353
v -0.64058423 0.70684570 -64.98615265 0.65098039 0.74117647 0.85882353
v -0.70182592 0.71131009 -64.95411682 0.65098039 0.74117647 0.85882353
v -0.71423101 0.70374304 -64.94515228 0.65098039 0.74117647 0.85882353
v -0.53775644 0.07448809 -64.98852539 0.65098039 0.74117647 0.85882353
v -0.55117524 0.06731461 -64.95475006 0.65098039 0.74117647 0.85882353
v -0.56266272 0.33973646 -64.97049713 0.65098039 0.74117647 0.85882353
v -0.57256711 0.33153695 -64.94953156 0.65098039 0.74117647 0.85882353
v -0.72101903 0.35267049 -64.87789917 0.65098039 0.74117647 0.85882353
v -0.72385174 0.33202922 -64.88047791 0.65098039 0.74117647 0.85882353
v -0.70359731 0.33028525 -64.87691498 0.65098039 0.74117647 0.85882353
v -0.69946337 0.35251641 -64.87354279 0.65098039 0.74117647 0.85882353
v -0.71601135 0.42317891 -64.88007355 0.65098039 0.74117647 0.85882353
v -0.71676564 0.39988440 -64.87780762 0.65098039 0.74117647 0.85882353
v -0.74241692 0.70009214 -64.94387054 0.65098039 0.74117647 0.85882353
v -0.68984741 0.28819484 -64.88428497 0.65098039 0.74117647 0.85882353
v -0.68666416 0.30905843 -64.88107300 0.65098039 0.74117647 0.85882353
v -0.70745575 0.30881792 -64.88178253 0.65098039 0.74117647 0.85882353
v -0.71138024 0.28647339 -64.88624573 0.65098039 0.74117647 0.85882353
v -0.72153443 0.26485187 -64.89086151 0.65098039 0.74117647 0.85882353
v -0.72396755 0.25557661 -64.89122009 0.65098039 0.74117647 0.85882353
v -0.71503949 0.11303760 -64.91646576 0.65098039 0.74117647 0.85882353
v -0.72528630 0.11509632 -64.91873169 0.65098039 0.74117647 0.85882353
v -0.58140469 0.77501816 -64.95509338 0.65098039 0.74117647 0.85882353
v -0.58429235 0.78535920 -64.97341919 0.65098039 0.74117647 0.85882353
v -0.59340274 0.77304846 -64.97356415 0.65098039 0.74117647 0.85882353
v -0.58859175 0.76223129 -64.95544434 0.65098039 0.74117647 0.85882353
v -0.64881241 0.29285693 -64.89615631 0.65098039 0.74117647 0.85882353
v -0.66952920 0.29029769 -64.88769531 0.65098039 0.74117647 0.85882353
v -0.57814813 0.60891515 -64.91773224 0.65098039 0.74117647 0.85882353
v -0.56912899 0.60029525 -64.92876434 0.65098039 0.74117647 0.85882353
v -0.69544244 0.45252407 -64.87522888 0.65098039 0.74117647 0.85882353
v -0.67141581 0.53133202 -64.85364532 0.65098039 0.74117647 0.85882353
v -0.67368871 0.55145109 -64.86145020 0.65098039 0.74117647 0.85882353
v -0.65733224 0.53835696 -64.85189056 0.65098039 0.74117647 0.85882353
v -0.65912670 0.55753893 -64.86015320 0.65098039 0.74117647 0.85882353
v -0.72336906 0.05727245 -65.01725769 0.65098039 0.74117647 0.85882353
v -0.72476172 0.05781914 -65.01746368 0.65098039 0.74117647 0.85882353
v -0.51778555 0.74718469 -65.00987244 0.65098039 0.74117647 0.85882353
v -0.51212966 0.74334460 -65.00289154 0.65098039 0.74117647 0.85882353
v -0.51542395 0.73013538 -65.00469208 0.65098039 0.74117647 0.85882353
v -0.52092344 0.73524255 -65.01237488 0.65098039 0.74117647 0.85882353
v -0.73479205 0.01219924 -65.01779938 0.65098039 0.74117647 0.85882353
v -0.73298299 0.02854611 -65.00910187 0.65098039 0.74117647 0.85882353
v -0.70244658 0.05550231 -65.08601379 0.65098039 0.74117647 0.85882353
v -0.71594906 0.05714469 -65.07109070 0.65098039 0.74117647 0.85882353
v -0.71367878 0.06427674 -65.07893372 0.65098039 0.74117647 0.85882353
v -0.71251321 0.06779243 -65.08964539 0.65098039 0.74117647 0.85882353
v -0.68497586 -0.04626043 -64.93389893 0.65098039 0.74117647 0.85882353
v -0.67739004 -0.01522391 -64.92855835 0.65098039 0.74117647 0.85882353
v -0.69182217 -0.07766064 -64.93980408 0.65098039 0.74117647 0.85882353
v -0.69959587 -0.10884382 -64.94577026 0.65098039 0.74117647 0.85882353
v -0.73470652 -0.29286444 -65.03312683 0.65098039 0.74117647 0.85882353
v -0.73142707 -0.31637537 -65.05356598 0.65098039 0.74117647 0.85882353
v -0.74843854 -0.36938977 -65.13609314 0.65098039 0.74117647 0.85882353
v -0.75675458 -0.38924068 -65.16505432 0.65098039 0.74117647 0.85882353
v -0.76490015 -0.41041136 -65.19573975 0.65098039 0.74117647 0.85882353
v -0.77924430 -0.45237672 -65.25463867 0.65098039 0.74117647 0.85882353
v -0.77277339 -0.43205476 -65.22719574 0.65098039 0.74117647 0.85882353
v -0.50391710 0.86843306 -64.98500824 0.65098039 0.74117647 0.85882353
v -0.48767456 0.86655599 -64.98320007 0.65098039 0.74117647 0.85882353
v -0.49652225 0.83865136 -64.98840332 0.65098039 0.74117647 0.85882353
v -0.51358771 0.84095895 -64.99052429 0.65098039 0.74117647 0.85882353
v -0.50614595 0.78934526 -64.91422272 0.65098039 0.74117647 0.85882353
v -0.49749565 0.81488228 -64.90963745 0.65098039 0.74117647 0.85882353
v -0.51162362 0.81738085 -64.91109467 0.65098039 0.74117647 0.85882353
v -0.52039099 0.79122955 -64.91642761 0.65098039 0.74117647 0.85882353
v -0.48841238 0.84173232 -64.90556335 0.65098039 0.74117647 0.85882353
v -0.48385540 0.81372017 -64.91145325 0.65098039 0.74117647 0.85882353
v -0.47495282 0.84219503 -64.90869141 0.65098039 0.74117647 0.85882353
v -0.45572314 0.84947973 -64.94161224 0.65098039 0.74117647 0.85882353
v -0.46173605 0.81993634 -64.94385529 0.65098039 0.74117647 0.85882353
v -0.46601754 0.82271725 -64.95922852 0.65098039 0.74117647 0.85882353
v -0.45915344 0.85390955 -64.95546722 0.65098039 0.74117647 0.85882353
v -0.47488308 0.86313778 -64.97648621 0.65098039 0.74117647 0.85882353
v -0.46565425 0.85887522 -64.96660614 0.65098039 0.74117647 0.85882353
v -0.47330520 0.83013624 -64.97178650 0.65098039 0.74117647 0.85882353
v -0.48295042 0.83623940 -64.98133087 0.65098039 0.74117647 0.85882353
v -0.52926171 0.85164171 -64.91663361 0.65098039 0.74117647 0.85882353
v -0.53875804 0.82467449 -64.92136383 0.65098039 0.74117647 0.85882353
v -0.52587855 0.82078320 -64.91534424 0.65098039 0.74117647 0.85882353
v -0.51689410 0.84756619 -64.91037750 0.65098039 0.74117647 0.85882353
v -0.57859254 0.79140615 -64.99254608 0.65098039 0.74117647 0.85882353
v -0.58810186 0.77964383 -64.99406433 0.65098039 0.74117647 0.85882353
v -0.57206035 0.67033947 -64.93227386 0.65098039 0.74117647 0.85882353
v -0.56675726 0.68544787 -64.93726349 0.65098039 0.74117647 0.85882353
v -0.57828140 0.70253396 -64.93508148 0.65098039 0.74117647 0.85882353
v -0.58249438 0.68798679 -64.92859650 0.65098039 0.74117647 0.85882353
v -0.56407535 0.81762582 -64.96553040 0.65098039 0.74117647 0.85882353
v -0.55480385 0.82355464 -64.98189545 0.65098039 0.74117647 0.85882353
v -0.56713861 0.80490482 -64.98835754 0.65098039 0.74117647 0.85882353
v -0.57455420 0.79898471 -64.97022247 0.65098039 0.74117647 0.85882353
v -0.54775393 0.79812944 -64.92548370 0.65098039 0.74117647 0.85882353
v -0.55646741 0.77348632 -64.92913055 0.65098039 0.74117647 0.85882353
v -0.54317605 0.76808655 -64.92527771 0.65098039 0.74117647 0.85882353
v -0.53455752 0.79424530 -64.92027283 0.65098039 0.74117647 0.85882353
v -0.48429069 0.76017171 -64.93416595 0.65098039 0.74117647 0.85882353
v -0.47306609 0.78797406 -64.93133545 0.65098039 0.74117647 0.85882353
v -0.57906234 0.74741250 -64.94291687 0.65098039 0.74117647 0.85882353
v -0.57364535 0.76294953 -64.94084167 0.65098039 0.74117647 0.85882353
v -0.57701755 0.59030890 -64.91234589 0.65098039 0.74117647 0.85882353
v -0.54616261 0.59313476 -64.95063019 0.65098039 0.74117647 0.85882353
v -0.54648459 0.57432038 -64.94949341 0.65098039 0.74117647 0.85882353
v -0.59716117 0.49051595 -64.86576080 0.65098039 0.74117647 0.85882353
v -0.59935385 0.51067632 -64.86023712 0.65098039 0.74117647 0.85882353
v -0.55262673 0.53098142 -64.92673492 0.65098039 0.74117647 0.85882353
v -0.55203706 0.50485373 -64.92256165 0.65098039 0.74117647 0.85882353
v -0.59404451 0.51546550 -64.86468506 0.65098039 0.74117647 0.85882353
v -0.58947325 0.50144368 -64.86967468 0.65098039 0.74117647 0.85882353
v -0.62876868 0.40632683 -64.88009644 0.65098039 0.74117647 0.85882353
v -0.71307617 0.66649401 -64.94231415 0.65098039 0.74117647 0.85882353
v -0.56720102 0.78183770 -64.93804169 0.65098039 0.74117647 0.85882353
v -0.57390219 0.79120845 -64.95247650 0.65098039 0.74117647 0.85882353
v -0.49091911 0.73611683 -64.95729065 0.65098039 0.74117647 0.85882353
v -0.49153262 0.73600799 -64.94751740 0.65098039 0.74117647 0.85882353
v -0.50209564 0.71164393 -64.95132446 0.65098039 0.74117647 0.85882353
v -0.49941674 0.71482772 -64.95791626 0.65098039 0.74117647 0.85882353
v -0.54856193 0.57285142 -65.04238129 0.65098039 0.74117647 0.85882353
v -0.54217660 0.56382167 -65.03207397 0.65098039 0.74117647 0.85882353
v -0.55314410 0.53995240 -65.04323578 0.65098039 0.74117647 0.85882353
v -0.56171834 0.55155122 -65.05500031 0.65098039 0.74117647 0.85882353
v -0.53020442 0.75978589 -65.01911163 0.65098039 0.74117647 0.85882353
v -0.53550643 0.74876702 -65.02290344 0.65098039 0.74117647 0.85882353
v -0.54624891 0.75815976 -65.02381134 0.65098039 0.74117647 0.85882353
v -0.53893644 0.76957577 -65.01947784 0.65098039 0.74117647 0.85882353
v -0.55951035 0.76864153 -65.02103424 0.65098039 0.74117647 0.85882353
v -0.57516205 0.77783805 -65.01239777 0.65098039 0.74117647 0.85882353
v -0.56526434 0.79014045 -65.00856781 0.65098039 0.74117647 0.85882353
v -0.55049884 0.78093284 -65.01673889 0.65098039 0.74117647 0.85882353
v -0.53487343 0.11935632 -65.01177216 0.65098039 0.74117647 0.85882353
v -0.53976315 0.13069515 -65.04462433 0.65098039 0.74117647 0.85882353
v -0.61439502 0.25127333 -64.92339325 0.65098039 0.74117647 0.85882353
v -0.59308594 0.25792128 -64.93650055 0.65098039 0.74117647 0.85882353
v -0.63308245 0.16155635 -64.91480255 0.65098039 0.74117647 0.85882353
v -0.72318047 0.04968883 -64.96727753 0.65098039 0.74117647 0.85882353
v -0.70788205 0.05699508 -64.94219971 0.65098039 0.74117647 0.85882353
v -0.73665065 -0.01307000 -65.02896881 0.65098039 0.74117647 0.85882353
v -0.53901321 0.11004977 -64.98233795 0.65098039 0.74117647 0.85882353
v -0.73412180 -0.07518111 -65.04317474 0.65098039 0.74117647 0.85882353
v -0.73561776 -0.04278575 -65.03716278 0.65098039 0.74117647 0.85882353
v -0.68498725 -0.07807447 -65.10250092 0.65098039 0.74117647 0.85882353
v -0.68408072 -0.04549976 -65.10374451 0.65098039 0.74117647 0.85882353
v -0.65572959 -0.05355637 -65.10643005 0.65098039 0.74117647 0.85882353
v -0.65911722 -0.08436258 -65.10437775 0.65098039 0.74117647 0.85882353
v -0.62928510 -0.06277080 -65.09922791 0.65098039 0.74117647 0.85882353
v -0.63439119 -0.09195791 -65.09669495 0.65098039 0.74117647 0.85882353
v -0.66338700 -0.18395086 -64.94834900 0.65098039 0.74117647 0.85882353
v -0.70753914 -0.29851902 -65.20158386 0.65098039 0.74117647 0.85882353
v -0.69866508 -0.33199644 -65.22512817 0.65098039 0.74117647 0.85882353
v -0.71735281 -0.32310414 -65.22628784 0.65098039 0.74117647 0.85882353
v -0.68622595 -0.30762863 -65.19968414 0.65098039 0.74117647 0.85882353
v -0.66181552 -0.30191517 -65.16563416 0.65098039 0.74117647 0.85882353
v -0.67075861 -0.32236195 -65.19194794 0.65098039 0.74117647 0.85882353
v -0.69346696 -0.40126657 -65.17122650 0.65098039 0.74117647 0.85882353
v -0.72818714 -0.35107470 -65.24956512 0.65098039 0.74117647 0.85882353
v -0.71179932 -0.36008233 -65.24933624 0.65098039 0.74117647 0.85882353
v -0.68356603 -0.34671110 -65.21750641 0.65098039 0.74117647 0.85882353
v -0.69834065 -0.37213850 -65.24355316 0.65098039 0.74117647 0.85882353
v -0.73212802 0.03925331 -65.00050354 0.65098039 0.74117647 0.85882353
v -0.71074289 0.06989096 -65.10501099 0.65098039 0.74117647 0.85882353
v -0.57503968 0.06761722 -64.93167877 0.65098039 0.74117647 0.85882353
v -0.57628959 0.03580545 -64.93565369 0.65098039 0.74117647 0.85882353
v -0.65695578 0.08223842 -64.91782379 0.65098039 0.74117647 0.85882353
v -0.62832713 0.08959626 -64.91493225 0.65098039 0.74117647 0.85882353
v -0.60565042 0.31742865 -64.91838837 0.65098039 0.74117647 0.85882353
v -0.62485808 0.31412411 -64.90641022 0.65098039 0.74117647 0.85882353
v -0.59745181 0.36183155 -64.91044617 0.65098039 0.74117647 0.85882353
v -0.60074723 0.33807313 -64.91477203 0.65098039 0.74117647 0.85882353
v -0.58384860 0.34458739 -64.92860413 0.65098039 0.74117647 0.85882353
v -0.58100641 0.36766100 -64.92476654 0.65098039 0.74117647 0.85882353
v -0.55766654 0.38136256 -64.96236420 0.65098039 0.74117647 0.85882353
v -0.56101596 0.35940266 -64.96706390 0.65098039 0.74117647 0.85882353
v -0.55676782 0.36722887 -64.98934174 0.65098039 0.74117647 0.85882353
v -0.55292785 0.38914603 -64.98532104 0.65098039 0.74117647 0.85882353
v -0.56015205 0.35615331 -65.01494598 0.65098039 0.74117647 0.85882353
v -0.55801195 0.34768295 -64.99265289 0.65098039 0.74117647 0.85882353
v -0.60108322 0.40987980 -65.07408905 0.65098039 0.74117647 0.85882353
v -0.59586966 0.43355018 -65.07212830 0.65098039 0.74117647 0.85882353
v -0.58138990 0.42518073 -65.06101227 0.65098039 0.74117647 0.85882353
v -0.58750892 0.40237027 -65.06219482 0.65098039 0.74117647 0.85882353
v -0.70336521 0.10538720 -64.91611481 0.65098039 0.74117647 0.85882353
v -0.72909397 0.04900725 -64.98709869 0.65098039 0.74117647 0.85882353
v -0.67052114 0.01396529 -64.92320251 0.65098039 0.74117647 0.85882353
v -0.63355738 0.04025029 -64.91641235 0.65098039 0.74117647 0.85882353
v -0.60311496 0.03761448 -64.92049408 0.65098039 0.74117647 0.85882353
v -0.53277880 0.71210200 -64.93787384 0.65098039 0.74117647 0.85882353
v -0.53356838 0.61177307 -65.00510406 0.65098039 0.74117647 0.85882353
v -0.53647125 0.62090701 -65.00962067 0.65098039 0.74117647 0.85882353
v -0.55400527 0.80387521 -65.00223541 0.65098039 0.74117647 0.85882353
v -0.53959543 0.79499513 -65.00980377 0.65098039 0.74117647 0.85882353
v -0.56348288 0.75144720 -64.93289948 0.65098039 0.74117647 0.85882353
v -0.60028291 0.76331085 -64.97224426 0.65098039 0.74117647 0.85882353
v -0.60132533 0.74131709 -64.95213318 0.65098039 0.74117647 0.85882353
v -0.59475374 0.75067300 -64.95413971 0.65098039 0.74117647 0.85882353
v -0.60412621 0.14788224 -64.92291260 0.65098039 0.74117647 0.85882353
v -0.60164607 0.12135760 -64.92050934 0.65098039 0.74117647 0.85882353
v -0.57489622 0.12650193 -64.93074799 0.65098039 0.74117647 0.85882353
v -0.72046518 0.05752735 -65.05644226 0.65098039 0.74117647 0.85882353
v -0.71564150 0.06149860 -65.06316376 0.65098039 0.74117647 0.85882353
v -0.68355465 0.06984688 -64.92463684 0.65098039 0.74117647 0.85882353
v -0.73487175 -0.13540016 -65.05158997 0.65098039 0.74117647 0.85882353
v -0.73404408 -0.10639457 -65.04691315 0.65098039 0.74117647 0.85882353
v -0.73724288 -0.16180728 -65.05688477 0.65098039 0.74117647 0.85882353
v -0.73865908 -0.18615754 -65.06217194 0.65098039 0.74117647 0.85882353
v -0.73932892 -0.20922156 -65.06970978 0.65098039 0.74117647 0.85882353
v -0.73716480 -0.22999345 -65.07673645 0.65098039 0.74117647 0.85882353
v -0.73457909 -0.24660192 -65.08522797 0.65098039 0.74117647 0.85882353
v -0.73630482 -0.26104033 -65.10367584 0.65098039 0.74117647 0.85882353
v -0.76262313 -0.30126518 -65.14255524 0.65098039 0.74117647 0.85882353
v -0.74420118 -0.27262646 -65.12638855 0.65098039 0.74117647 0.85882353
v -0.75357658 -0.28824645 -65.15325928 0.65098039 0.74117647 0.85882353
v -0.76213872 -0.30788040 -65.18096161 0.65098039 0.74117647 0.85882353
v -0.77460396 -0.35491037 -65.23192596 0.65098039 0.74117647 0.85882353
v -0.76978230 -0.32872576 -65.20706940 0.65098039 0.74117647 0.85882353
v -0.77958560 -0.38158786 -65.25744629 0.65098039 0.74117647 0.85882353
v -0.78804022 -0.40730458 -65.28340912 0.65098039 0.74117647 0.85882353
v -0.72412503 0.05733211 -65.02793884 0.65098039 0.74117647 0.85882353
v -0.72248268 0.05765654 -65.04204559 0.65098039 0.74117647 0.85882353
v -0.64321297 0.69131261 -64.95903778 0.65098039 0.74117647 0.85882353
v -0.55686849 0.61494488 -64.94141388 0.65098039 0.74117647 0.85882353
v -0.55413961 0.63410848 -64.94282532 0.65098039 0.74117647 0.85882353
v -0.56901562 0.73260337 -64.93637085 0.65098039 0.74117647 0.85882353
v -0.70747930 0.07805453 -65.12097168 0.65098039 0.74117647 0.85882353
v -0.70467681 0.09000285 -65.13639069 0.65098039 0.74117647 0.85882353
v -0.49059319 0.80965799 -64.98515320 0.65098039 0.74117647 0.85882353
v -0.50356513 0.81229395 -64.99380493 0.65098039 0.74117647 0.85882353
v -0.55063838 0.74270397 -64.93162537 0.65098039 0.74117647 0.85882353
v -0.56213796 0.65825778 -64.93846130 0.65098039 0.74117647 0.85882353
v -0.55698365 0.67387885 -64.93950653 0.65098039 0.74117647 0.85882353
v -0.51258177 1.05578077 -64.97127533 0.65098039 0.74117647 0.85882353
v -0.51932818 1.07464540 -64.96864319 0.65098039 0.74117647 0.85882353
v -0.50870222 1.07766390 -64.97261810 0.65098039 0.74117647 0.85882353
v -0.50086772 1.05865681 -64.97497559 0.65098039 0.74117647 0.85882353
v -0.52180314 1.05283678 -64.96335602 0.65098039 0.74117647 0.85882353
v -0.52776879 1.07185471 -64.96035767 0.65098039 0.74117647 0.85882353
v -0.51107967 1.05269790 -64.90505981 0.65098039 0.74117647 0.85882353
v -0.51374090 1.07437742 -64.90717316 0.65098039 0.74117647 0.85882353
v -0.52322334 1.07094371 -64.91532898 0.65098039 0.74117647 0.85882353
v -0.52049255 1.04948485 -64.91453552 0.65098039 0.74117647 0.85882353
v -0.53707314 1.08840668 -64.94740295 0.65098039 0.74117647 0.85882353
v -0.53236932 1.06959498 -64.94963074 0.65098039 0.74117647 0.85882353
v -0.53262103 1.06835639 -64.93759155 0.65098039 0.74117647 0.85882353
v -0.53634983 1.08793783 -64.93640900 0.65098039 0.74117647 0.85882353
v -0.48437229 1.06068242 -64.90347290 0.65098039 0.74117647 0.85882353
v -0.48163474 1.03921711 -64.89979553 0.65098039 0.74117647 0.85882353
v -0.46960986 1.04185164 -64.90709686 0.65098039 0.74117647 0.85882353
v -0.47351208 1.06299901 -64.91136169 0.65098039 0.74117647 0.85882353
v -0.50250709 0.96591550 -64.90848541 0.65098039 0.74117647 0.85882353
v -0.50238800 0.94923884 -64.91087341 0.65098039 0.74117647 0.85882353
v -0.49310020 0.95115942 -64.90110779 0.65098039 0.74117647 0.85882353
v -0.49329454 0.96845841 -64.89855194 0.65098039 0.74117647 0.85882353
v -0.49973327 1.01697767 -64.97681427 0.65098039 0.74117647 0.85882353
v -0.50604421 1.03623450 -64.97369385 0.65098039 0.74117647 0.85882353
v -0.49344760 1.03885531 -64.97657013 0.65098039 0.74117647 0.85882353
v -0.48559314 1.01855719 -64.97789764 0.65098039 0.74117647 0.85882353
v -0.51996481 1.00741637 -64.94318390 0.65098039 0.74117647 0.85882353
v -0.51457763 0.98647422 -64.94481659 0.65098039 0.74117647 0.85882353
v -0.51334268 0.98462611 -64.93031311 0.65098039 0.74117647 0.85882353
v -0.51794016 1.00567448 -64.92815399 0.65098039 0.74117647 0.85882353
v -0.47812551 0.99827498 -64.97790527 0.65098039 0.74117647 0.85882353
v -0.49245554 0.99717695 -64.97898102 0.65098039 0.74117647 0.85882353
v -0.52907193 1.04817069 -64.93911743 0.65098039 0.74117647 0.85882353
v -0.52475768 1.02795243 -64.94084930 0.65098039 0.74117647 0.85882353
v -0.52262813 1.02653968 -64.92707825 0.65098039 0.74117647 0.85882353
v -0.52618825 1.04779112 -64.92626953 0.65098039 0.74117647 0.85882353
v -0.49332464 1.10149729 -64.91154480 0.65098039 0.74117647 0.85882353
v -0.48819110 1.08149135 -64.90738678 0.65098039 0.74117647 0.85882353
v -0.47862214 1.08326471 -64.91561890 0.65098039 0.74117647 0.85882353
v -0.48507932 1.10318339 -64.91978455 0.65098039 0.74117647 0.85882353
v -0.53220189 1.08919275 -64.92600250 0.65098039 0.74117647 0.85882353
v -0.52908397 1.06883848 -64.92624664 0.65098039 0.74117647 0.85882353
v -0.52610797 1.09150898 -64.91632080 0.65098039 0.74117647 0.85882353
v -0.49501991 1.10208058 -64.96407318 0.65098039 0.74117647 0.85882353
v -0.48512420 1.08272994 -64.96419525 0.65098039 0.74117647 0.85882353
v -0.49680948 1.08030117 -64.97066498 0.65098039 0.74117647 0.85882353
v -0.50587112 1.09932280 -64.96940613 0.65098039 0.74117647 0.85882353
v -0.50642443 1.00827873 -64.90430450 0.65098039 0.74117647 0.85882353
v -0.50904500 1.03037417 -64.90429688 0.65098039 0.74117647 0.85882353
v -0.51748186 1.02759945 -64.91426086 0.65098039 0.74117647 0.85882353
v -0.51382893 1.00577366 -64.91493225 0.65098039 0.74117647 0.85882353
v -0.51098442 1.01355743 -64.96913910 0.65098039 0.74117647 0.85882353
v -0.51634169 1.03316605 -64.96605682 0.65098039 0.74117647 0.85882353
v -0.47550631 1.06297338 -64.96372223 0.65098039 0.74117647 0.85882353
v -0.46655089 1.04235828 -64.96224976 0.65098039 0.74117647 0.85882353
v -0.47975802 1.04060638 -64.97215271 0.65098039 0.74117647 0.85882353
v -0.48817813 1.06065953 -64.97164154 0.65098039 0.74117647 0.85882353
v -0.45082372 1.02224815 -64.94481659 0.65098039 0.74117647 0.85882353
v -0.45806962 1.04347932 -64.94866180 0.65098039 0.74117647 0.85882353
v -0.45686918 1.04348052 -64.93324280 0.65098039 0.74117647 0.85882353
v -0.45071736 1.02193558 -64.92892456 0.65098039 0.74117647 0.85882353
v -0.49375132 0.98959702 -64.89707184 0.65098039 0.74117647 0.85882353
v -0.50404042 0.98606580 -64.90602112 0.65098039 0.74117647 0.85882353
v -0.47951996 1.01682246 -64.89702606 0.65098039 0.74117647 0.85882353
v -0.47843274 0.99424666 -64.89420319 0.65098039 0.74117647 0.85882353
v -0.46355954 0.99734849 -64.89968109 0.65098039 0.74117647 0.85882353
v -0.46622032 1.01980340 -64.90344238 0.65098039 0.74117647 0.85882353
v -0.50650764 0.95624560 -64.96275330 0.65098039 0.74117647 0.85882353
v -0.50875324 0.97068107 -64.96189880 0.65098039 0.74117647 0.85882353
v -0.50008225 0.97503769 -64.97359467 0.65098039 0.74117647 0.85882353
v -0.49667227 0.95987958 -64.97422028 0.65098039 0.74117647 0.85882353
v -0.48596549 0.97817105 -64.97929382 0.65098039 0.74117647 0.85882353
v -0.48159897 0.96199340 -64.97864532 0.65098039 0.74117647 0.85882353
v -0.46572292 0.93556327 -64.97336578 0.65098039 0.74117647 0.85882353
v -0.46419281 0.94730502 -64.97293854 0.65098039 0.74117647 0.85882353
v -0.45240468 0.94349557 -64.96356201 0.65098039 0.74117647 0.85882353
v -0.45417902 0.93181509 -64.96435547 0.65098039 0.74117647 0.85882353
v -0.43632942 0.97994864 -64.93479919 0.65098039 0.74117647 0.85882353
v -0.44268149 1.00110042 -64.93990326 0.65098039 0.74117647 0.85882353
v -0.44484371 1.00024259 -64.92364502 0.65098039 0.74117647 0.85882353
v -0.43978566 0.97785407 -64.91825104 0.65098039 0.74117647 0.85882353
v -0.44730103 0.95664251 -64.90168762 0.65098039 0.74117647 0.85882353
v -0.44872460 0.97616500 -64.90526581 0.65098039 0.74117647 0.85882353
v -0.46189764 0.97539300 -64.89653778 0.65098039 0.74117647 0.85882353
v -0.46217260 0.95689189 -64.89470673 0.65098039 0.74117647 0.85882353
v -0.46292537 0.89289576 -64.90615082 0.65098039 0.74117647 0.85882353
v -0.46048111 0.91155553 -64.90426636 0.65098039 0.74117647 0.85882353
v -0.47218752 0.90988040 -64.89948273 0.65098039 0.74117647 0.85882353
v -0.47471386 0.89261103 -64.90181732 0.65098039 0.74117647 0.85882353
v -0.49873114 0.90960103 -64.90380096 0.65098039 0.74117647 0.85882353
v -0.50977623 0.91234767 -64.91120148 0.65098039 0.74117647 0.85882353
v -0.51369798 0.89696115 -64.91110229 0.65098039 0.74117647 0.85882353
v -0.50191605 0.89377922 -64.90435028 0.65098039 0.74117647 0.85882353
v -0.51639402 0.91518945 -64.96516418 0.65098039 0.74117647 0.85882353
v -0.51138777 0.92595619 -64.96462250 0.65098039 0.74117647 0.85882353
v -0.49827152 0.92681044 -64.97573090 0.65098039 0.74117647 0.85882353
v -0.50196308 0.91441667 -64.97612762 0.65098039 0.74117647 0.85882353
v -0.43266734 0.96150130 -64.93052673 0.65098039 0.74117647 0.85882353
v -0.43516022 0.95613176 -64.91272736 0.65098039 0.74117647 0.85882353
v -0.49641764 0.92311531 -64.90361023 0.65098039 0.74117647 0.85882353
v -0.49427271 0.93629986 -64.90250397 0.65098039 0.74117647 0.85882353
v -0.50408554 0.93575138 -64.91122437 0.65098039 0.74117647 0.85882353
v -0.50687718 0.92448097 -64.91151428 0.65098039 0.74117647 0.85882353
v -0.51699340 0.93001097 -64.93504333 0.65098039 0.74117647 0.85882353
v -0.51281106 0.93985063 -64.93514252 0.65098039 0.74117647 0.85882353
v -0.51096165 0.94199830 -64.94918060 0.65098039 0.74117647 0.85882353
v -0.51424658 0.93292636 -64.94911957 0.65098039 0.74117647 0.85882353
v -0.50831139 0.93517077 -64.96378326 0.65098039 0.74117647 0.85882353
v -0.50654477 0.94488561 -64.96354675 0.65098039 0.74117647 0.85882353
v -0.49585623 0.94782871 -64.97475433 0.65098039 0.74117647 0.85882353
v -0.49659556 0.93711108 -64.97496796 0.65098039 0.74117647 0.85882353
v -0.43299696 0.94959092 -64.93032074 0.65098039 0.74117647 0.85882353
v -0.43454540 0.93935698 -64.92997742 0.65098039 0.74117647 0.85882353
v -0.43826279 0.93900627 -64.94190979 0.65098039 0.74117647 0.85882353
v -0.43758172 0.94935977 -64.94347382 0.65098039 0.74117647 0.85882353
v -0.46503487 0.94103843 -64.89521790 0.65098039 0.74117647 0.85882353
v -0.45198411 0.94225436 -64.90168762 0.65098039 0.74117647 0.85882353
v -0.50890577 0.95055699 -64.93424225 0.65098039 0.74117647 0.85882353
v -0.51060021 0.93689543 -64.92237854 0.65098039 0.74117647 0.85882353
v -0.50803626 0.94931358 -64.92178345 0.65098039 0.74117647 0.85882353
v -0.48017240 0.94899738 -64.97818756 0.65098039 0.74117647 0.85882353
v -0.45392168 0.89419693 -64.91352844 0.65098039 0.74117647 0.85882353
v -0.45779577 0.87334627 -64.91485596 0.65098039 0.74117647 0.85882353
v -0.45187005 0.87507004 -64.92553711 0.65098039 0.74117647 0.85882353
v -0.44767222 0.89545506 -64.92301178 0.65098039 0.74117647 0.85882353
v -0.46762031 0.87229651 -64.90704346 0.65098039 0.74117647 0.85882353
v -0.48011762 0.87145740 -64.90349579 0.65098039 0.74117647 0.85882353
v -0.52016610 0.87743640 -64.91292572 0.65098039 0.74117647 0.85882353
v -0.50812799 0.87389958 -64.90625763 0.65098039 0.74117647 0.85882353
v -0.52997732 0.88279444 -64.92295837 0.65098039 0.74117647 0.85882353
v -0.52272010 0.90226537 -64.92135620 0.65098039 0.74117647 0.85882353
v -0.52763182 0.90728527 -64.93412781 0.65098039 0.74117647 0.85882353
v -0.53613412 0.88778073 -64.93579865 0.65098039 0.74117647 0.85882353
v -0.52559143 0.89415550 -64.96753693 0.65098039 0.74117647 0.85882353
v -0.51046318 0.89428961 -64.97765350 0.65098039 0.74117647 0.85882353
v -0.48647797 0.91267967 -64.97817230 0.65098039 0.74117647 0.85882353
v -0.49380025 0.89308435 -64.98053741 0.65098039 0.74117647 0.85882353
v -0.48572540 0.90887690 -64.89988708 0.65098039 0.74117647 0.85882353
v -0.48308730 0.92338580 -64.89864349 0.65098039 0.74117647 0.85882353
v -0.46620494 1.06441963 -64.95114899 0.65098039 0.74117647 0.85882353
v -0.47579336 1.08462369 -64.95352173 0.65098039 0.74117647 0.85882353
v -0.47219673 1.08472288 -64.94010162 0.65098039 0.74117647 0.85882353
v -0.46407863 1.06428659 -64.93706512 0.65098039 0.74117647 0.85882353
v -0.47336552 1.08411252 -64.92714691 0.65098039 0.74117647 0.85882353
v -0.48126361 1.10386479 -64.93078613 0.65098039 0.74117647 0.85882353
v -0.52273953 1.03030896 -64.95456696 0.65098039 0.74117647 0.85882353
v -0.52784061 1.05020130 -64.95226288 0.65098039 0.74117647 0.85882353
v -0.53377265 1.09006011 -64.95771027 0.65098039 0.74117647 0.85882353
v -0.50895679 0.95309812 -64.94779968 0.65098039 0.74117647 0.85882353
v -0.51027626 0.96713108 -64.94662476 0.65098039 0.74117647 0.85882353
v -0.44634277 0.92902547 -64.95343018 0.65098039 0.74117647 0.85882353
v -0.44916013 0.91715461 -64.95541382 0.65098039 0.74117647 0.85882353
v -0.45724064 0.91979247 -64.96569061 0.65098039 0.74117647 0.85882353
v -0.43939519 0.96160692 -64.94721222 0.65098039 0.74117647 0.85882353
v -0.45074183 0.95748192 -64.96191406 0.65098039 0.74117647 0.85882353
v -0.45731074 0.97839648 -64.96625519 0.65098039 0.74117647 0.85882353
v -0.44409609 0.97921884 -64.95281219 0.65098039 0.74117647 0.85882353
v -0.43765324 0.92775100 -64.93011475 0.65098039 0.74117647 0.85882353
v -0.44123968 0.91390568 -64.93179321 0.65098039 0.74117647 0.85882353
v -0.44378859 0.91526157 -64.94406891 0.65098039 0.74117647 0.85882353
v -0.44058359 0.92825645 -64.94228363 0.65098039 0.74117647 0.85882353
v -0.52576721 0.91203779 -64.94955444 0.65098039 0.74117647 0.85882353
v -0.51932359 0.92373008 -64.94944763 0.65098039 0.74117647 0.85882353
v -0.46686453 0.88817573 -64.97129059 0.65098039 0.74117647 0.85882353
v -0.47821218 0.89186800 -64.97743225 0.65098039 0.74117647 0.85882353
v -0.47266036 0.91031164 -64.97478485 0.65098039 0.74117647 0.85882353
v -0.46176636 0.90650392 -64.96790314 0.65098039 0.74117647 0.85882353
v -0.46863717 0.92357892 -64.97392273 0.65098039 0.74117647 0.85882353
v -0.45841190 0.88398439 -64.96192932 0.65098039 0.74117647 0.85882353
v -0.45339391 0.90297502 -64.95823669 0.65098039 0.74117647 0.85882353
v -0.53568035 0.89195377 -64.95161438 0.65098039 0.74117647 0.85882353
v -0.44545820 0.89716434 -64.93447876 0.65098039 0.74117647 0.85882353
v -0.45005012 0.87685442 -64.93811035 0.65098039 0.74117647 0.85882353
v -0.45264059 0.88019115 -64.95070648 0.65098039 0.74117647 0.85882353
v -0.44789812 0.89980978 -64.94689178 0.65098039 0.74117647 0.85882353
v -0.46666524 1.06372511 -64.92333221 0.65098039 0.74117647 0.85882353
v -0.46113631 1.04278445 -64.91929626 0.65098039 0.74117647 0.85882353
v -0.47870710 0.95415109 -64.89382172 0.65098039 0.74117647 0.85882353
v -0.47820815 0.97219235 -64.89270782 0.65098039 0.74117647 0.85882353
v -0.48045143 0.93810207 -64.89643097 0.65098039 0.74117647 0.85882353
v -0.49806568 1.05703604 -64.90106201 0.65098039 0.74117647 0.85882353
v -0.50095046 1.07821834 -64.90428925 0.65098039 0.74117647 0.85882353
v -0.49473616 1.01234722 -64.89713287 0.65098039 0.74117647 0.85882353
v -0.49612781 1.03477085 -64.89871979 0.65098039 0.74117647 0.85882353
v -0.45835310 1.02123117 -64.96005249 0.65098039 0.74117647 0.85882353
v -0.44728068 0.92859381 -64.91007996 0.65098039 0.74117647 0.85882353
v -0.44167939 0.94113743 -64.90945435 0.65098039 0.74117647 0.85882353
v -0.45668301 0.92763776 -64.90276337 0.65098039 0.74117647 0.85882353
v -0.49448264 0.87132508 -64.90299988 0.65098039 0.74117647 0.85882353
v -0.48867446 0.89278334 -64.90155029 0.65098039 0.74117647 0.85882353
v -0.43241224 0.94684649 -64.91993713 0.65098039 0.74117647 0.85882353
v -0.50296193 0.84472382 -64.90644073 0.65098039 0.74117647 0.85882353
v -0.46513808 0.96134621 -64.97386932 0.65098039 0.74117647 0.85882353
v -0.48314288 0.92611152 -64.97820282 0.65098039 0.74117647 0.85882353
v -0.48120391 0.93786663 -64.97800446 0.65098039 0.74117647 0.85882353
v -0.51699489 1.09602010 -64.97066498 0.65098039 0.74117647 0.85882353
v -0.51797068 1.01001608 -64.95721436 0.65098039 0.74117647 0.85882353
v -0.50904483 0.96495694 -64.93224335 0.65098039 0.74117647 0.85882353
v -0.50761801 0.96462160 -64.91986847 0.65098039 0.74117647 0.85882353
v -0.45081332 0.91280407 -64.91101074 0.65098039 0.74117647 0.85882353
v -0.44386843 0.91325378 -64.91960907 0.65098039 0.74117647 0.85882353
v -0.44021860 0.92789787 -64.91809845 0.65098039 0.74117647 0.85882353
v -0.51820147 0.91649377 -64.92190552 0.65098039 0.74117647 0.85882353
v -0.52174872 0.91995013 -64.93461609 0.65098039 0.74117647 0.85882353
v -0.50447702 1.09845960 -64.90789795 0.65098039 0.74117647 0.85882353
v -0.51419359 0.92701340 -64.92244720 0.65098039 0.74117647 0.85882353
v -0.47087505 0.97905588 -64.97614288 0.65098039 0.74117647 0.85882353
v -0.67052191 0.61978185 -65.08964539 0.65098039 0.74117647 0.85882353
v -0.68431646 0.60425001 -65.09316254 0.65098039 0.74117647 0.85882353
v -0.68643856 0.61584193 -65.09139252 0.65098039 0.74117647 0.85882353
v -0.55554801 0.48102498 -64.91970062 0.65098039 0.74117647 0.85882353
v -0.59698927 0.43529439 -64.89289093 0.65098039 0.74117647 0.85882353
v -0.58058208 0.44289422 -64.90245056 0.65098039 0.74117647 0.85882353
v -0.55811059 0.59670937 -64.93942261 0.65098039 0.74117647 0.85882353
v -0.55815494 0.57631940 -64.93629456 0.65098039 0.74117647 0.85882353
v -0.54730546 0.66898370 -64.94169617 0.65098039 0.74117647 0.85882353
v -0.55136073 0.65184969 -64.94335175 0.65098039 0.74117647 0.85882353
v -0.56213927 0.53535599 -64.91011810 0.65098039 0.74117647 0.85882353
v -0.72391731 0.87804216 -64.95783234 0.65098039 0.74117647 0.85882353
v -0.72138280 0.87227392 -64.96179199 0.65098039 0.74117647 0.85882353
v -0.72767186 0.89037675 -64.95612335 0.65098039 0.74117647 0.85882353
v -0.72208494 0.27562273 -64.89036560 0.65098039 0.74117647 0.85882353
v -0.73559672 0.25577796 -64.89543915 0.65098039 0.74117647 0.85882353
v -0.73667628 0.24589621 -64.89453888 0.65098039 0.74117647 0.85882353
v -0.72306967 0.85828799 -64.94334412 0.65098039 0.74117647 0.85882353
v -0.72045237 0.85430926 -64.94887543 0.65098039 0.74117647 0.85882353
v -0.72082782 0.85703319 -64.94392395 0.65098039 0.74117647 0.85882353
v -0.72460300 0.85932308 -64.94178772 0.65098039 0.74117647 0.85882353
v -0.72438473 0.85841763 -64.94218445 0.65098039 0.74117647 0.85882353
v -0.73302048 0.89038235 -64.94654083 0.65098039 0.74117647 0.85882353
v -0.71958482 0.86420798 -64.96314240 0.65098039 0.74117647 0.85882353
v -0.71810043 0.85459149 -64.96313477 0.65098039 0.74117647 0.85882353
v -0.73132443 0.87605202 -64.94361877 0.65098039 0.74117647 0.85882353
v -0.64165783 0.30167437 -65.10993958 0.65098039 0.74117647 0.85882353
v -0.63719583 0.28179944 -65.11763763 0.65098039 0.74117647 0.85882353
v -0.66162425 0.28295273 -65.12279510 0.65098039 0.74117647 0.85882353
v -0.66462266 0.30310166 -65.11479950 0.65098039 0.74117647 0.85882353
v -0.68681520 0.26781762 -65.13555908 0.65098039 0.74117647 0.85882353
v -0.68836826 0.28617293 -65.12699890 0.65098039 0.74117647 0.85882353
v -0.65797615 0.26249743 -65.13193512 0.65098039 0.74117647 0.85882353
v -0.55267245 0.21990637 -65.08532715 0.65098039 0.74117647 0.85882353
v -0.55565047 0.24208425 -65.08053589 0.65098039 0.74117647 0.85882353
v -0.54513681 0.24114369 -65.05503082 0.65098039 0.74117647 0.85882353
v -0.54143584 0.21893016 -65.05849457 0.65098039 0.74117647 0.85882353
v -0.54496086 0.25584340 -65.02593231 0.65098039 0.74117647 0.85882353
v -0.54018366 0.23830585 -65.02723694 0.65098039 0.74117647 0.85882353
v -0.55033344 0.25954312 -65.05205536 0.65098039 0.74117647 0.85882353
v -0.54745781 0.25038958 -64.99922180 0.65098039 0.74117647 0.85882353
v -0.54318744 0.23229462 -65.00066376 0.65098039 0.74117647 0.85882353
v -0.55570126 0.24262546 -64.97467041 0.65098039 0.74117647 0.85882353
v -0.55230600 0.22340645 -64.97592163 0.65098039 0.74117647 0.85882353
v -0.56622881 0.21424223 -64.95503998 0.65098039 0.74117647 0.85882353
v -0.58560979 0.20517319 -64.93733215 0.65098039 0.74117647 0.85882353
v -0.60607904 0.17228030 -64.92388153 0.65098039 0.74117647 0.85882353
v -0.60900283 0.19511168 -64.92398071 0.65098039 0.74117647 0.85882353
v -0.63358420 0.18707897 -64.91468048 0.65098039 0.74117647 0.85882353
v -0.65891594 0.18019266 -64.90788269 0.65098039 0.74117647 0.85882353
v -0.68206298 0.17714381 -64.90419006 0.65098039 0.74117647 0.85882353
v -0.70312315 0.17667195 -64.90427399 0.65098039 0.74117647 0.85882353
v -0.72112703 0.17600937 -64.90576935 0.65098039 0.74117647 0.85882353
v -0.73652399 0.17587714 -64.90955353 0.65098039 0.74117647 0.85882353
v -0.73599690 0.15400831 -64.91484070 0.65098039 0.74117647 0.85882353
v -0.64512908 0.67559206 -64.93939972 0.65098039 0.74117647 0.85882353
v -0.64024591 0.71055919 -65.04911804 0.65098039 0.74117647 0.85882353
v -0.63746750 0.71680766 -65.03247070 0.65098039 0.74117647 0.85882353
v -0.63297594 0.70780706 -65.05060577 0.65098039 0.74117647 0.85882353
v -0.58783960 0.66522652 -65.06648254 0.65098039 0.74117647 0.85882353
v -0.59768862 0.65145767 -65.07611084 0.65098039 0.74117647 0.85882353
v -0.60427642 0.66597009 -65.07301331 0.65098039 0.74117647 0.85882353
v -0.59735602 0.68119997 -65.06233978 0.65098039 0.74117647 0.85882353
v -0.63981402 0.69748634 -65.05938721 0.65098039 0.74117647 0.85882353
v -0.64601612 0.70048213 -65.05810547 0.65098039 0.74117647 0.85882353
v -0.63249457 0.69274038 -65.06201935 0.65098039 0.74117647 0.85882353
v -0.63760698 0.67909724 -65.07051849 0.65098039 0.74117647 0.85882353
v -0.64855790 0.66833907 -65.07685852 0.65098039 0.74117647 0.85882353
v -0.61580426 0.71846193 -65.02852631 0.65098039 0.74117647 0.85882353
v -0.60936922 0.72539723 -65.02362823 0.65098039 0.74117647 0.85882353
v -0.59448934 0.71452671 -65.03634644 0.65098039 0.74117647 0.85882353
v -0.59960765 0.70915765 -65.04225922 0.65098039 0.74117647 0.85882353
v -0.56460273 0.67337584 -65.04911041 0.65098039 0.74117647 0.85882353
v -0.55913901 0.68190628 -65.04209900 0.65098039 0.74117647 0.85882353
v -0.55292594 0.67039877 -65.03752136 0.65098039 0.74117647 0.85882353
v -0.55910289 0.65990144 -65.04566193 0.65098039 0.74117647 0.85882353
v -0.59338713 0.75374389 -65.01374054 0.65098039 0.74117647 0.85882353
v -0.58716369 0.76204497 -65.01319885 0.65098039 0.74117647 0.85882353
v -0.57289946 0.75173825 -65.02529907 0.65098039 0.74117647 0.85882353
v -0.57926464 0.74291021 -65.02579498 0.65098039 0.74117647 0.85882353
v -0.56932640 0.69223195 -65.04251099 0.65098039 0.74117647 0.85882353
v -0.58612847 0.55103016 -65.07445526 0.65098039 0.74117647 0.85882353
v -0.56962341 0.56566554 -65.06236267 0.65098039 0.74117647 0.85882353
v -0.55502361 0.58248919 -65.05100250 0.65098039 0.74117647 0.85882353
v -0.53899813 0.62978172 -65.01396942 0.65098039 0.74117647 0.85882353
v -0.53898293 0.60596639 -65.02019501 0.65098039 0.74117647 0.85882353
v -0.54289991 0.61581254 -65.02486420 0.65098039 0.74117647 0.85882353
v -0.53287029 0.64397758 -65.00434875 0.65098039 0.74117647 0.85882353
v -0.52665323 0.65511775 -64.99727631 0.65098039 0.74117647 0.85882353
v -0.60893768 0.73310524 -64.94931030 0.65098039 0.74117647 0.85882353
v -0.59747589 0.71222121 -64.93273163 0.65098039 0.74117647 0.85882353
v -0.59035140 0.72208256 -64.93892670 0.65098039 0.74117647 0.85882353
v -0.51456177 0.68163133 -64.98043060 0.65098039 0.74117647 0.85882353
v -0.51344848 0.67844105 -64.97499847 0.65098039 0.74117647 0.85882353
v -0.51816499 0.66248840 -64.97968292 0.65098039 0.74117647 0.85882353
v -0.51937771 0.66687340 -64.98484802 0.65098039 0.74117647 0.85882353
v -0.62181318 0.71409768 -65.03280640 0.65098039 0.74117647 0.85882353
v -0.55907667 0.73996174 -65.02926636 0.65098039 0.74117647 0.85882353
v -0.54740322 0.72945672 -65.02890015 0.65098039 0.74117647 0.85882353
v -0.55379421 0.71969754 -65.03039551 0.65098039 0.74117647 0.85882353
v -0.56579685 0.73064631 -65.03038025 0.65098039 0.74117647 0.85882353
v -0.53798819 0.72065192 -65.02526093 0.65098039 0.74117647 0.85882353
v -0.53116119 0.71259242 -65.01963806 0.65098039 0.74117647 0.85882353
v -0.53661448 0.70190185 -65.02235413 0.65098039 0.74117647 0.85882353
v -0.54376829 0.71044379 -65.02804565 0.65098039 0.74117647 0.85882353
v -0.51597464 0.68803859 -64.98688507 0.65098039 0.74117647 0.85882353
v -0.52177262 0.67093378 -64.99151611 0.65098039 0.74117647 0.85882353
v -0.59490800 0.77026045 -64.99530029 0.65098039 0.74117647 0.85882353
v -0.61937332 0.74169183 -64.99958038 0.65098039 0.74117647 0.85882353
v -0.62441772 0.73262841 -65.00393677 0.65098039 0.74117647 0.85882353
v -0.63141924 0.72903329 -64.97955322 0.65098039 0.74117647 0.85882353
v -0.62639791 0.73485047 -64.97579956 0.65098039 0.74117647 0.85882353
v -0.53967488 0.68760484 -64.94203949 0.65098039 0.74117647 0.85882353
v -0.53178585 0.68588269 -64.94573212 0.65098039 0.74117647 0.85882353
v -0.52263820 0.68455923 -64.94863892 0.65098039 0.74117647 0.85882353
v -0.52044809 0.65128773 -64.97181702 0.65098039 0.74117647 0.85882353
v -0.51630259 0.68654895 -64.95220947 0.65098039 0.74117647 0.85882353
v -0.57322550 0.71551090 -64.93752289 0.65098039 0.74117647 0.85882353
v -0.58408773 0.73376793 -64.94185638 0.65098039 0.74117647 0.85882353
v -0.62895972 0.71606839 -64.95590210 0.65098039 0.74117647 0.85882353
v -0.62351185 0.72091377 -64.95152283 0.65098039 0.74117647 0.85882353
v -0.58171248 0.76844007 -65.01388550 0.65098039 0.74117647 0.85882353
v -0.56600469 0.75834686 -65.02411652 0.65098039 0.74117647 0.85882353
v -0.50193405 0.71297801 -64.97088623 0.65098039 0.74117647 0.85882353
v -0.50769234 0.69655561 -64.97102356 0.65098039 0.74117647 0.85882353
v -0.50883901 0.69770610 -64.97684479 0.65098039 0.74117647 0.85882353
v -0.52470744 0.63557494 -64.98213196 0.65098039 0.74117647 0.85882353
v -0.51827741 0.65668398 -64.97525024 0.65098039 0.74117647 0.85882353
v -0.60352182 0.73414057 -65.01887512 0.65098039 0.74117647 0.85882353
v -0.54026878 0.73775631 -65.02592468 0.65098039 0.74117647 0.85882353
v -0.55183917 0.74763978 -65.02719879 0.65098039 0.74117647 0.85882353
v -0.54921728 0.70051187 -65.03071594 0.65098039 0.74117647 0.85882353
v -0.55421555 0.69069338 -65.03586578 0.65098039 0.74117647 0.85882353
v -0.56442177 0.70039564 -65.03764343 0.65098039 0.74117647 0.85882353
v -0.55918360 0.70948988 -65.03332520 0.65098039 0.74117647 0.85882353
v -0.51869082 0.71732855 -65.00734711 0.65098039 0.74117647 0.85882353
v -0.52469069 0.72333819 -65.01619720 0.65098039 0.74117647 0.85882353
v -0.54787928 0.67978382 -65.03002167 0.65098039 0.74117647 0.85882353
v -0.54208463 0.69029886 -65.02492523 0.65098039 0.74117647 0.85882353
v -0.51026165 0.70082599 -64.98253632 0.65098039 0.74117647 0.85882353
v -0.63273132 0.71231520 -64.96038055 0.65098039 0.74117647 0.85882353
v -0.63208854 0.69234687 -64.93988800 0.65098039 0.74117647 0.85882353
v -0.62713867 0.69864541 -64.93907928 0.65098039 0.74117647 0.85882353
v -0.62152416 0.70114207 -64.93575287 0.65098039 0.74117647 0.85882353
v -0.61410230 0.70316583 -64.93297577 0.65098039 0.74117647 0.85882353
v -0.60492355 0.70558089 -64.93078613 0.65098039 0.74117647 0.85882353
v -0.63673955 0.68385118 -64.94033813 0.65098039 0.74117647 0.85882353
v -0.43551266 0.93864703 -64.91856384 0.65098039 0.74117647 0.85882353
v -0.49978733 0.71514726 -64.96480560 0.65098039 0.74117647 0.85882353
v -0.49688715 0.72914577 -64.97148895 0.65098039 0.74117647 0.85882353
v -0.49357405 0.73279411 -64.96531677 0.65098039 0.74117647 0.85882353
v -0.48167187 0.80173331 -64.97599030 0.65098039 0.74117647 0.85882353
v -0.81667507 0.75619084 -64.89550781 0.65098039 0.74117647 0.85882353
v -0.81272244 0.75176567 -64.89775848 0.65098039 0.74117647 0.85882353
v -0.82792842 0.77771980 -64.89495850 0.65098039 0.74117647 0.85882353
v -0.82659048 0.77425188 -64.89434814 0.65098039 0.74117647 0.85882353
v -0.44463924 0.93972450 -64.95291901 0.65098039 0.74117647 0.85882353
v -0.44383085 0.94854021 -64.95266724 0.65098039 0.74117647 0.85882353
v -0.45089757 1.00005805 -64.95662689 0.65098039 0.74117647 0.85882353
v -0.46423203 0.99912471 -64.96956635 0.65098039 0.74117647 0.85882353
v -0.47166753 1.02005398 -64.97123718 0.65098039 0.74117647 0.85882353
v -0.50561899 0.99418169 -64.97196960 0.65098039 0.74117647 0.85882353
v -0.51304901 0.98989421 -64.95975494 0.65098039 0.74117647 0.85882353
v -0.51010561 0.98473006 -64.91716003 0.65098039 0.74117647 0.85882353
v -0.45243305 0.99888796 -64.91017914 0.65098039 0.74117647 0.85882353
v -0.54320902 1.12856483 -64.96247101 0.65098039 0.74117647 0.85882353
v -0.55199146 1.14656341 -64.96022034 0.65098039 0.74117647 0.85882353
v -0.54440159 1.15034211 -64.96637726 0.65098039 0.74117647 0.85882353
v -0.53447086 1.13240540 -64.96753693 0.65098039 0.74117647 0.85882353
v -0.56163591 1.16362250 -64.95748901 0.65098039 0.74117647 0.85882353
v -0.55513799 1.14433134 -64.95105743 0.65098039 0.74117647 0.85882353
v -0.56274033 1.16141200 -64.94795227 0.65098039 0.74117647 0.85882353
v -0.55381799 1.14352405 -64.94165802 0.65098039 0.74117647 0.85882353
v -0.55993283 1.16109812 -64.93952179 0.65098039 0.74117647 0.85882353
v -0.55479252 1.16222668 -64.93191528 0.65098039 0.74117647 0.85882353
v -0.54995501 1.14446270 -64.93281555 0.65098039 0.74117647 0.85882353
v -0.54406774 1.14692831 -64.92593384 0.65098039 0.74117647 0.85882353
v -0.54845607 1.16493380 -64.92615509 0.65098039 0.74117647 0.85882353
v -0.53255171 1.13084292 -64.91950226 0.65098039 0.74117647 0.85882353
v -0.52365625 1.13440311 -64.91550446 0.65098039 0.74117647 0.85882353
v -0.52810895 1.15364230 -64.91926575 0.65098039 0.74117647 0.85882353
v -0.53653342 1.15032125 -64.92158508 0.65098039 0.74117647 0.85882353
v -0.51836038 1.17698479 -64.92819214 0.65098039 0.74117647 0.85882353
v -0.51135468 1.15922165 -64.92425537 0.65098039 0.74117647 0.85882353
v -0.50716996 1.16048586 -64.93263245 0.65098039 0.74117647 0.85882353
v -0.51508629 1.17811000 -64.93563080 0.65098039 0.74117647 0.85882353
v -0.49930868 1.14244354 -64.94898224 0.65098039 0.74117647 0.85882353
v -0.50794637 1.16134202 -64.95230103 0.65098039 0.74117647 0.85882353
v -0.50654346 1.16142881 -64.94255066 0.65098039 0.74117647 0.85882353
v -0.49769321 1.14209473 -64.93834686 0.65098039 0.74117647 0.85882353
v -0.51506478 1.17922831 -64.95522308 0.65098039 0.74117647 0.85882353
v -0.51460993 1.16038334 -64.95996857 0.65098039 0.74117647 0.85882353
v -0.52248716 1.17718339 -64.96237946 0.65098039 0.74117647 0.85882353
v -0.54089177 1.10800111 -64.95577240 0.65098039 0.74117647 0.85882353
v -0.53467244 1.11080277 -64.96445465 0.65098039 0.74117647 0.85882353
v -0.52675915 1.09272826 -64.96613312 0.65098039 0.74117647 0.85882353
v -0.54526359 1.12560570 -64.93383789 0.65098039 0.74117647 0.85882353
v -0.54815727 1.12508476 -64.94344330 0.65098039 0.74117647 0.85882353
v -0.54268152 1.10656869 -64.94526672 0.65098039 0.74117647 0.85882353
v -0.54055864 1.10672319 -64.93486786 0.65098039 0.74117647 0.85882353
v -0.51631176 1.09465706 -64.90954590 0.65098039 0.74117647 0.85882353
v -0.51958793 1.11492121 -64.91262054 0.65098039 0.74117647 0.85882353
v -0.52881849 1.11116850 -64.91800690 0.65098039 0.74117647 0.85882353
v -0.53988594 1.12764192 -64.92591095 0.65098039 0.74117647 0.85882353
v -0.53576458 1.10840094 -64.92571259 0.65098039 0.74117647 0.85882353
v -0.51356298 1.13788164 -64.91543579 0.65098039 0.74117647 0.85882353
v -0.51888299 1.15689099 -64.91959381 0.65098039 0.74117647 0.85882353
v -0.52434105 1.13633549 -64.96746063 0.65098039 0.74117647 0.85882353
v -0.53410780 1.15429795 -64.96697235 0.65098039 0.74117647 0.85882353
v -0.52424639 1.15777969 -64.96433258 0.65098039 0.74117647 0.85882353
v -0.51464939 1.13964403 -64.96427917 0.65098039 0.74117647 0.85882353
v -0.50890708 1.11834967 -64.91182709 0.65098039 0.74117647 0.85882353
v -0.51522100 1.11798322 -64.96859741 0.65098039 0.74117647 0.85882353
v -0.50491738 1.12113488 -64.96414185 0.65098039 0.74117647 0.85882353
v -0.50555432 1.14196908 -64.95815277 0.65098039 0.74117647 0.85882353
v -0.49591726 1.12322962 -64.95654297 0.65098039 0.74117647 0.85882353
v -0.54351234 1.17100227 -64.96722412 0.65098039 0.74117647 0.85882353
v -0.55400848 1.16725385 -64.96508789 0.65098039 0.74117647 0.85882353
v -0.52547187 1.11434472 -64.96943665 0.65098039 0.74117647 0.85882353
v -0.50462043 1.14064181 -64.91973114 0.65098039 0.74117647 0.85882353
v -0.49883309 1.12118042 -64.91578674 0.65098039 0.74117647 0.85882353
v -0.49209031 1.12272906 -64.92398071 0.65098039 0.74117647 0.85882353
v -0.49907190 1.14168906 -64.92810059 0.65098039 0.74117647 0.85882353
v -0.48096457 1.10403669 -64.94298553 0.65098039 0.74117647 0.85882353
v -0.49052170 1.12355244 -64.94564819 0.65098039 0.74117647 0.85882353
v -0.48961189 1.12306392 -64.93444824 0.65098039 0.74117647 0.85882353
v -0.51390153 1.17948115 -64.94528961 0.65098039 0.74117647 0.85882353
v -0.48592067 1.10396719 -64.95497131 0.65098039 0.74117647 0.85882353
v -0.58467615 1.23955429 -64.92366791 0.65098039 0.74117647 0.85882353
v -0.59496200 1.23993194 -64.92234802 0.65098039 0.74117647 0.85882353
v -0.59271514 1.23038828 -64.91899872 0.65098039 0.74117647 0.85882353
v -0.58168674 1.22999895 -64.92098236 0.65098039 0.74117647 0.85882353
v -0.58995628 1.20843077 -64.91094971 0.65098039 0.74117647 0.85882353
v -0.60217828 1.21190321 -64.91181183 0.65098039 0.74117647 0.85882353
v -0.60484844 1.20274866 -64.91577148 0.65098039 0.74117647 0.85882353
v -0.59286004 1.19781375 -64.91475677 0.65098039 0.74117647 0.85882353
v -0.60443830 1.23940527 -64.92372131 0.65098039 0.74117647 0.85882353
v -0.60230058 1.23063982 -64.91902161 0.65098039 0.74117647 0.85882353
v -0.60979533 1.23584330 -64.92842865 0.65098039 0.74117647 0.85882353
v -0.60671872 1.24708927 -64.92813873 0.65098039 0.74117647 0.85882353
v -0.60992718 1.24508798 -64.93476105 0.65098039 0.74117647 0.85882353
v -0.61132562 1.25296748 -64.93785095 0.65098039 0.74117647 0.85882353
v -0.60750270 1.25317681 -64.94625854 0.65098039 0.74117647 0.85882353
v -0.60573751 1.24109745 -64.94538879 0.65098039 0.74117647 0.85882353
v -0.58211887 1.24565220 -64.95611572 0.65098039 0.74117647 0.85882353
v -0.58844411 1.25871336 -64.95349121 0.65098039 0.74117647 0.85882353
v -0.57792211 1.26097894 -64.95384979 0.65098039 0.74117647 0.85882353
v -0.57196450 1.24764240 -64.95629120 0.65098039 0.74117647 0.85882353
v -0.55803210 1.26080644 -64.94885254 0.65098039 0.74117647 0.85882353
v -0.55400157 1.24762440 -64.95138550 0.65098039 0.74117647 0.85882353
v -0.56309903 1.24793017 -64.95378113 0.65098039 0.74117647 0.85882353
v -0.56865525 1.26173103 -64.95098114 0.65098039 0.74117647 0.85882353
v -0.56932867 1.24025929 -64.92632294 0.65098039 0.74117647 0.85882353
v -0.57538104 1.23942602 -64.92563629 0.65098039 0.74117647 0.85882353
v -0.57143766 1.23063457 -64.92357635 0.65098039 0.74117647 0.85882353
v -0.56473768 1.23120570 -64.92468262 0.65098039 0.74117647 0.85882353
v -0.61830747 1.22870266 -64.93264008 0.65098039 0.74117647 0.85882353
v -0.61731529 1.23057640 -64.92864227 0.65098039 0.74117647 0.85882353
v -0.61083931 1.23442733 -64.93568420 0.65098039 0.74117647 0.85882353
v -0.60970569 1.22854888 -64.93978119 0.65098039 0.74117647 0.85882353
v -0.54377806 1.21245837 -64.91606140 0.65098039 0.74117647 0.85882353
v -0.55033326 1.20898092 -64.91666412 0.65098039 0.74117647 0.85882353
v -0.54854357 1.19833386 -64.91879272 0.65098039 0.74117647 0.85882353
v -0.54061282 1.20121777 -64.91809845 0.65098039 0.74117647 0.85882353
v -0.57352191 1.19135725 -64.91711426 0.65098039 0.74117647 0.85882353
v -0.57857442 1.18498981 -64.92918396 0.65098039 0.74117647 0.85882353
v -0.57203007 1.18201721 -64.93086243 0.65098039 0.74117647 0.85882353
v -0.56545675 1.19041717 -64.92059326 0.65098039 0.74117647 0.85882353
v -0.58204585 1.19386899 -64.91522980 0.65098039 0.74117647 0.85882353
v -0.59573436 1.19329524 -64.92554474 0.65098039 0.74117647 0.85882353
v -0.58607846 1.18834174 -64.92703247 0.65098039 0.74117647 0.85882353
v -0.60719454 1.19927943 -64.92470551 0.65098039 0.74117647 0.85882353
v -0.53071451 1.20369184 -64.92030334 0.65098039 0.74117647 0.85882353
v -0.53108913 1.21282971 -64.91844940 0.65098039 0.74117647 0.85882353
v -0.62960738 1.29697657 -64.92945099 0.65098039 0.74117647 0.85882353
v -0.62701559 1.29198587 -64.92983246 0.65098039 0.74117647 0.85882353
v -0.62294221 1.29504204 -64.92835999 0.65098039 0.74117647 0.85882353
v -0.62566584 1.30012810 -64.92825317 0.65098039 0.74117647 0.85882353
v -0.52349341 1.21464980 -64.93691254 0.65098039 0.74117647 0.85882353
v -0.52250969 1.20769989 -64.93559265 0.65098039 0.74117647 0.85882353
v -0.52406377 1.20861256 -64.94490051 0.65098039 0.74117647 0.85882353
v -0.52708018 1.21510577 -64.94594574 0.65098039 0.74117647 0.85882353
v -0.52483511 1.22416639 -64.93811798 0.65098039 0.74117647 0.85882353
v -0.53063405 1.22396874 -64.94683838 0.65098039 0.74117647 0.85882353
v -0.63262004 1.29825723 -64.94173431 0.65098039 0.74117647 0.85882353
v -0.62921166 1.29333603 -64.94281769 0.65098039 0.74117647 0.85882353
v -0.63047457 1.29129112 -64.93844604 0.65098039 0.74117647 0.85882353
v -0.63360167 1.29628456 -64.93733978 0.65098039 0.74117647 0.85882353
v -0.58909631 1.24798822 -64.92492676 0.65098039 0.74117647 0.85882353
v -0.59872973 1.24805927 -64.92410278 0.65098039 0.74117647 0.85882353
v -0.60390711 1.26577508 -64.92500305 0.65098039 0.74117647 0.85882353
v -0.60857099 1.26186419 -64.92707825 0.65098039 0.74117647 0.85882353
v -0.60369784 1.25519168 -64.92552185 0.65098039 0.74117647 0.85882353
v -0.59459746 1.25753629 -64.92495728 0.65098039 0.74117647 0.85882353
v -0.57427418 1.25912750 -64.92649841 0.65098039 0.74117647 0.85882353
v -0.58226651 1.26012266 -64.92610168 0.65098039 0.74117647 0.85882353
v -0.57777941 1.25032878 -64.92680359 0.65098039 0.74117647 0.85882353
v -0.56969118 1.24975717 -64.92712402 0.65098039 0.74117647 0.85882353
v -0.55835128 1.25128853 -64.92432404 0.65098039 0.74117647 0.85882353
v -0.55301738 1.25363028 -64.92204285 0.65098039 0.74117647 0.85882353
v -0.55587161 1.26208544 -64.92236328 0.65098039 0.74117647 0.85882353
v -0.56220496 1.26067650 -64.92445374 0.65098039 0.74117647 0.85882353
v -0.57527697 1.27728689 -64.92565918 0.65098039 0.74117647 0.85882353
v -0.56990159 1.27845573 -64.92527008 0.65098039 0.74117647 0.85882353
v -0.57377535 1.28673148 -64.92789459 0.65098039 0.74117647 0.85882353
v -0.57901335 1.28593457 -64.92800903 0.65098039 0.74117647 0.85882353
v -0.52125704 1.20146167 -64.93558502 0.65098039 0.74117647 0.85882353
v -0.52114451 1.20200050 -64.94503784 0.65098039 0.74117647 0.85882353
v -0.53927511 1.25911808 -64.94177246 0.65098039 0.74117647 0.85882353
v -0.54026377 1.26930761 -64.94054413 0.65098039 0.74117647 0.85882353
v -0.53286725 1.26811779 -64.93330383 0.65098039 0.74117647 0.85882353
v -0.53194600 1.25727117 -64.93440247 0.65098039 0.74117647 0.85882353
v -0.53447515 1.21533597 -64.95307922 0.65098039 0.74117647 0.85882353
v -0.53051251 1.20875633 -64.95325470 0.65098039 0.74117647 0.85882353
v -0.62929088 1.30177534 -64.94417572 0.65098039 0.74117647 0.85882353
v -0.62593663 1.29677761 -64.94557190 0.65098039 0.74117647 0.85882353
v -0.60766584 1.20225751 -64.93499756 0.65098039 0.74117647 0.85882353
v -0.59515834 1.19619548 -64.93733978 0.65098039 0.74117647 0.85882353
v -0.58501166 1.19128692 -64.93931580 0.65098039 0.74117647 0.85882353
v -0.57846487 1.18714249 -64.94123077 0.65098039 0.74117647 0.85882353
v -0.57449818 1.18232501 -64.94328308 0.65098039 0.74117647 0.85882353
v -0.59247291 1.26431012 -64.92492676 0.65098039 0.74117647 0.85882353
v -0.58020353 1.24576509 -64.92613220 0.65098039 0.74117647 0.85882353
v -0.56483805 1.24043572 -64.92619324 0.65098039 0.74117647 0.85882353
v -0.53788126 1.24738276 -64.91770172 0.65098039 0.74117647 0.85882353
v -0.54535675 1.24684322 -64.91899109 0.65098039 0.74117647 0.85882353
v -0.54468954 1.23897374 -64.91780090 0.65098039 0.74117647 0.85882353
v -0.53462076 1.24001253 -64.91752625 0.65098039 0.74117647 0.85882353
v -0.53021908 1.25715268 -64.92597198 0.65098039 0.74117647 0.85882353
v -0.53217924 1.26707959 -64.92522430 0.65098039 0.74117647 0.85882353
v -0.53687924 1.26614392 -64.92018890 0.65098039 0.74117647 0.85882353
v -0.53461266 1.25734019 -64.92021942 0.65098039 0.74117647 0.85882353
v -0.62074274 1.22485554 -64.93585205 0.65098039 0.74117647 0.85882353
v -0.61067235 1.22127485 -64.94095612 0.65098039 0.74117647 0.85882353
v -0.52426267 1.21433508 -64.92736816 0.65098039 0.74117647 0.85882353
v -0.52431989 1.20656061 -64.92737579 0.65098039 0.74117647 0.85882353
v -0.52441430 1.19899762 -64.92782593 0.65098039 0.74117647 0.85882353
v -0.55676079 1.22013688 -64.92008972 0.65098039 0.74117647 0.85882353
v -0.56113005 1.21994221 -64.92004395 0.65098039 0.74117647 0.85882353
v -0.56012332 1.20572102 -64.91553497 0.65098039 0.74117647 0.85882353
v -0.55445343 1.20699680 -64.91679382 0.65098039 0.74117647 0.85882353
v -0.57871294 1.21968281 -64.91518402 0.65098039 0.74117647 0.85882353
v -0.59055579 1.22070944 -64.91365814 0.65098039 0.74117647 0.85882353
v -0.57768065 1.20637250 -64.91169739 0.65098039 0.74117647 0.85882353
v -0.55538142 1.19499624 -64.91921234 0.65098039 0.74117647 0.85882353
v -0.55459094 1.18700027 -64.92307281 0.65098039 0.74117647 0.85882353
v -0.54659688 1.19037569 -64.92192841 0.65098039 0.74117647 0.85882353
v -0.53832018 1.19374788 -64.92140961 0.65098039 0.74117647 0.85882353
v -0.53006268 1.19671309 -64.92314148 0.65098039 0.74117647 0.85882353
v -0.55198324 1.17836964 -64.92518616 0.65098039 0.74117647 0.85882353
v -0.54413259 1.18183672 -64.92330933 0.65098039 0.74117647 0.85882353
v -0.53560936 1.18548143 -64.92309570 0.65098039 0.74117647 0.85882353
v -0.52804863 1.18857706 -64.92489624 0.65098039 0.74117647 0.85882353
v -0.52130210 1.19237232 -64.95574188 0.65098039 0.74117647 0.85882353
v -0.52622402 1.20151174 -64.95427704 0.65098039 0.74117647 0.85882353
v -0.51774228 1.19305456 -64.94567871 0.65098039 0.74117647 0.85882353
v -0.56670094 1.17426550 -64.93601227 0.65098039 0.74117647 0.85882353
v -0.55948192 1.17597950 -64.93008423 0.65098039 0.74117647 0.85882353
v -0.56314886 1.18420780 -64.92657471 0.65098039 0.74117647 0.85882353
v -0.56966621 1.17490637 -64.94504547 0.65098039 0.74117647 0.85882353
v -0.61166441 1.21435726 -64.91368866 0.65098039 0.74117647 0.85882353
v -0.60982585 1.22257423 -64.91606903 0.65098039 0.74117647 0.85882353
v -0.61718106 1.22405422 -64.91647339 0.65098039 0.74117647 0.85882353
v -0.61951905 1.21761286 -64.91438293 0.65098039 0.74117647 0.85882353
v -0.60946262 1.25359082 -64.93086243 0.65098039 0.74117647 0.85882353
v -0.61251366 1.26022375 -64.93225098 0.65098039 0.74117647 0.85882353
v -0.61373502 1.26038754 -64.93897247 0.65098039 0.74117647 0.85882353
v -0.53124005 1.22255290 -64.91794586 0.65098039 0.74117647 0.85882353
v -0.54248691 1.22217035 -64.91629791 0.65098039 0.74117647 0.85882353
v -0.60011089 1.27030218 -64.92515564 0.65098039 0.74117647 0.85882353
v -0.62525213 1.28747904 -64.94361115 0.65098039 0.74117647 0.85882353
v -0.61901259 1.27700043 -64.94433594 0.65098039 0.74117647 0.85882353
v -0.62047476 1.27472591 -64.93886566 0.65098039 0.74117647 0.85882353
v -0.62683916 1.28545344 -64.93888855 0.65098039 0.74117647 0.85882353
v -0.60145313 1.27961469 -64.92937469 0.65098039 0.74117647 0.85882353
v -0.60657662 1.28546464 -64.93170166 0.65098039 0.74117647 0.85882353
v -0.60886371 1.28143752 -64.92803955 0.65098039 0.74117647 0.85882353
v -0.60457903 1.27515590 -64.92682648 0.65098039 0.74117647 0.85882353
v -0.56331944 1.27935255 -64.92393494 0.65098039 0.74117647 0.85882353
v -0.56642485 1.28614676 -64.92617798 0.65098039 0.74117647 0.85882353
v -0.59428191 1.27102625 -64.94838715 0.65098039 0.74117647 0.85882353
v -0.59857899 1.25545096 -64.95286560 0.65098039 0.74117647 0.85882353
v -0.60319328 1.26566374 -64.95059204 0.65098039 0.74117647 0.85882353
v -0.56776261 1.25966299 -64.92590332 0.65098039 0.74117647 0.85882353
v -0.56605124 1.26984203 -64.92439270 0.65098039 0.74117647 0.85882353
v -0.57143164 1.26870143 -64.92525482 0.65098039 0.74117647 0.85882353
v -0.59183723 1.26846910 -64.92523193 0.65098039 0.74117647 0.85882353
v -0.58585906 1.26724112 -64.92564392 0.65098039 0.74117647 0.85882353
v -0.59037030 1.27363431 -64.92621613 0.65098039 0.74117647 0.85882353
v -0.59643853 1.27322233 -64.92595673 0.65098039 0.74117647 0.85882353
v -0.52761734 1.24500978 -64.92496490 0.65098039 0.74117647 0.85882353
v -0.52963316 1.24576259 -64.93650055 0.65098039 0.74117647 0.85882353
v -0.62957811 1.29076779 -64.93367767 0.65098039 0.74117647 0.85882353
v -0.63239014 1.29578602 -64.93297577 0.65098039 0.74117647 0.85882353
v -0.51927137 1.19228661 -64.93615723 0.65098039 0.74117647 0.85882353
v -0.52280492 1.19078434 -64.92929840 0.65098039 0.74117647 0.85882353
v -0.56387037 1.25004351 -64.92620850 0.65098039 0.74117647 0.85882353
v -0.59310472 1.24331748 -64.95355225 0.65098039 0.74117647 0.85882353
v -0.56008410 1.24058497 -64.92498779 0.65098039 0.74117647 0.85882353
v -0.55674875 1.28076398 -64.94013214 0.65098039 0.74117647 0.85882353
v -0.55967927 1.28800523 -64.94040680 0.65098039 0.74117647 0.85882353
v -0.55777442 1.28839600 -64.93408966 0.65098039 0.74117647 0.85882353
v -0.55331564 1.28226209 -64.93376923 0.65098039 0.74117647 0.85882353
v -0.61326134 1.29515111 -64.93359375 0.65098039 0.74117647 0.85882353
v -0.61727881 1.30124295 -64.93451691 0.65098039 0.74117647 0.85882353
v -0.61935711 1.29863441 -64.93023682 0.65098039 0.74117647 0.85882353
v -0.61559439 1.29205406 -64.92935944 0.65098039 0.74117647 0.85882353
v -0.60795903 1.27109277 -64.92652893 0.65098039 0.74117647 0.85882353
v -0.61242104 1.27772522 -64.92707825 0.65098039 0.74117647 0.85882353
v -0.61638319 1.27487445 -64.92910004 0.65098039 0.74117647 0.85882353
v -0.61204606 1.26768768 -64.92845154 0.65098039 0.74117647 0.85882353
v -0.61513615 1.26644456 -64.93315887 0.65098039 0.74117647 0.85882353
v -0.61924922 1.27400839 -64.93367004 0.65098039 0.74117647 0.85882353
v -0.61350012 1.29649830 -64.93987274 0.65098039 0.74117647 0.85882353
v -0.60711718 1.28719020 -64.93859100 0.65098039 0.74117647 0.85882353
v -0.60977632 1.28464854 -64.94517517 0.65098039 0.74117647 0.85882353
v -0.61696458 1.29440725 -64.94527435 0.65098039 0.74117647 0.85882353
v -0.55004287 1.23453271 -64.95398712 0.65098039 0.74117647 0.85882353
v -0.54480147 1.24769938 -64.94801331 0.65098039 0.74117647 0.85882353
v -0.54151237 1.23497260 -64.95057678 0.65098039 0.74117647 0.85882353
v -0.56169647 1.27278697 -64.94679260 0.65098039 0.74117647 0.85882353
v -0.55146849 1.27185142 -64.94103241 0.65098039 0.74117647 0.85882353
v -0.54815555 1.26027036 -64.94537354 0.65098039 0.74117647 0.85882353
v -0.53703368 1.24714124 -64.94406891 0.65098039 0.74117647 0.85882353
v -0.59610605 1.28049457 -64.93837738 0.65098039 0.74117647 0.85882353
v -0.59444875 1.28009498 -64.94402313 0.65098039 0.74117647 0.85882353
v -0.60204554 1.27751970 -64.94396973 0.65098039 0.74117647 0.85882353
v -0.55329239 1.24150288 -64.92221832 0.65098039 0.74117647 0.85882353
v -0.62580550 1.28460515 -64.93379974 0.65098039 0.74117647 0.85882353
v -0.57124615 1.19624341 -64.95905304 0.65098039 0.74117647 0.85882353
v -0.57562214 1.20322657 -64.95701599 0.65098039 0.74117647 0.85882353
v -0.56448400 1.21028185 -64.96221924 0.65098039 0.74117647 0.85882353
v -0.56115454 1.20137727 -64.96347046 0.65098039 0.74117647 0.85882353
v -0.61922461 1.28840995 -64.92778778 0.65098039 0.74117647 0.85882353
v -0.62324953 1.28567088 -64.92932892 0.65098039 0.74117647 0.85882353
v -0.55719399 1.28169250 -64.92369080 0.65098039 0.74117647 0.85882353
v -0.55354285 1.28535604 -64.92632294 0.65098039 0.74117647 0.85882353
v -0.55744725 1.28919089 -64.92848206 0.65098039 0.74117647 0.85882353
v -0.56094861 1.28724205 -64.92646790 0.65098039 0.74117647 0.85882353
v -0.53408760 1.23500597 -64.94636536 0.65098039 0.74117647 0.85882353
v -0.54024971 1.27671158 -64.93943787 0.65098039 0.74117647 0.85882353
v -0.53396964 1.27679765 -64.93193817 0.65098039 0.74117647 0.85882353
v -0.53805971 1.22388208 -64.95267487 0.65098039 0.74117647 0.85882353
v -0.54387039 1.21432436 -64.95823669 0.65098039 0.74117647 0.85882353
v -0.54658675 1.22303641 -64.95652771 0.65098039 0.74117647 0.85882353
v -0.57485700 1.27546346 -64.94673157 0.65098039 0.74117647 0.85882353
v -0.55816215 1.23467290 -64.95647430 0.65098039 0.74117647 0.85882353
v -0.55438316 1.22236311 -64.95878601 0.65098039 0.74117647 0.85882353
v -0.55253458 1.21227968 -64.96116638 0.65098039 0.74117647 0.85882353
v -0.54989725 1.20466101 -64.96291351 0.65098039 0.74117647 0.85882353
v -0.54038078 1.20712543 -64.95922852 0.65098039 0.74117647 0.85882353
v -0.62169504 1.29070771 -64.94645691 0.65098039 0.74117647 0.85882353
v -0.62121677 1.30029106 -64.94470215 0.65098039 0.74117647 0.85882353
v -0.53038341 1.18983638 -64.96231079 0.65098039 0.74117647 0.85882353
v -0.53614950 1.19933426 -64.96064758 0.65098039 0.74117647 0.85882353
v -0.54067034 1.18713832 -64.96574402 0.65098039 0.74117647 0.85882353
v -0.54600549 1.19683671 -64.96453094 0.65098039 0.74117647 0.85882353
v -0.57206941 1.22011697 -64.96037292 0.65098039 0.74117647 0.85882353
v -0.56317735 1.22181237 -64.96065521 0.65098039 0.74117647 0.85882353
v -0.57653880 1.23295152 -64.95823669 0.65098039 0.74117647 0.85882353
v -0.56664687 1.23436773 -64.95849609 0.65098039 0.74117647 0.85882353
v -0.58378363 1.27267182 -64.95149994 0.65098039 0.74117647 0.85882353
v -0.62695146 1.31387627 -64.93931580 0.65098039 0.74117647 0.85882353
v -0.62547123 1.31382477 -64.93500519 0.65098039 0.74117647 0.85882353
v -0.62072194 1.30677617 -64.93478394 0.65098039 0.74117647 0.85882353
v -0.62212253 1.30722940 -64.93984222 0.65098039 0.74117647 0.85882353
v -0.61796606 1.30208170 -64.94010925 0.65098039 0.74117647 0.85882353
v -0.62503266 1.30533564 -64.94376373 0.65098039 0.74117647 0.85882353
v -0.58799887 1.23026824 -64.95464325 0.65098039 0.74117647 0.85882353
v -0.59463954 1.28000891 -64.92871094 0.65098039 0.74117647 0.85882353
v -0.58424377 1.21462798 -64.95374298 0.65098039 0.74117647 0.85882353
v -0.59952760 1.21834219 -64.94765472 0.65098039 0.74117647 0.85882353
v -0.60087931 1.22938883 -64.94881439 0.65098039 0.74117647 0.85882353
v -0.59205997 1.20264590 -64.94725037 0.65098039 0.74117647 0.85882353
v -0.58275890 1.19596112 -64.94999695 0.65098039 0.74117647 0.85882353
v -0.57328284 1.18538010 -64.95305634 0.65098039 0.74117647 0.85882353
v -0.57676637 1.19058704 -64.95149994 0.65098039 0.74117647 0.85882353
v -0.56916469 1.17723024 -64.95520020 0.65098039 0.74117647 0.85882353
v -0.60403234 1.20859098 -64.94322205 0.65098039 0.74117647 0.85882353
v -0.62866867 1.30716312 -64.92792511 0.65098039 0.74117647 0.85882353
v -0.63280952 1.30392897 -64.92843628 0.65098039 0.74117647 0.85882353
v -0.56789982 1.18984354 -64.96095276 0.65098039 0.74117647 0.85882353
v -0.56255072 1.18066180 -64.96328735 0.65098039 0.74117647 0.85882353
v -0.60142338 1.22220218 -64.91407013 0.65098039 0.74117647 0.85882353
v -0.55689615 1.23119557 -64.92299652 0.65098039 0.74117647 0.85882353
v -0.55183268 1.23133004 -64.92028046 0.65098039 0.74117647 0.85882353
v -0.54362559 1.23103845 -64.91693115 0.65098039 0.74117647 0.85882353
v -0.53263164 1.23144197 -64.91748047 0.65098039 0.74117647 0.85882353
v -0.55174357 1.18425214 -64.96742249 0.65098039 0.74117647 0.85882353
v -0.54099053 1.16856098 -64.92318726 0.65098039 0.74117647 0.85882353
v -0.53246093 1.17200184 -64.92270660 0.65098039 0.74117647 0.85882353
v -0.53285873 1.17420328 -64.96548462 0.65098039 0.74117647 0.85882353
v -0.63593334 1.30266225 -64.93162537 0.65098039 0.74117647 0.85882353
v -0.57654274 1.28919291 -64.93446350 0.65098039 0.74117647 0.85882353
v -0.57922482 1.28964245 -64.93392181 0.65098039 0.74117647 0.85882353
v -0.61373043 1.20696044 -64.91629028 0.65098039 0.74117647 0.85882353
v -0.62187457 1.21213305 -64.91679382 0.65098039 0.74117647 0.85882353
v -0.62595677 1.21417320 -64.93022156 0.65098039 0.74117647 0.85882353
v -0.61770332 1.20757723 -64.93258667 0.65098039 0.74117647 0.85882353
v -0.61657977 1.20439780 -64.92375946 0.65098039 0.74117647 0.85882353
v -0.62443221 1.21128738 -64.92289734 0.65098039 0.74117647 0.85882353
v -0.55375314 1.22089541 -64.91952515 0.65098039 0.74117647 0.85882353
v -0.54930568 1.22190750 -64.91819763 0.65098039 0.74117647 0.85882353
v -0.52736819 1.23443639 -64.93791199 0.65098039 0.74117647 0.85882353
v -0.52553356 1.23374689 -64.92660522 0.65098039 0.74117647 0.85882353
v -0.61615896 1.26699913 -64.93907928 0.65098039 0.74117647 0.85882353
v -0.61384523 1.26905084 -64.94474030 0.65098039 0.74117647 0.85882353
v -0.61040437 1.26209986 -64.94576263 0.65098039 0.74117647 0.85882353
v -0.61446565 1.28051841 -64.94738770 0.65098039 0.74117647 0.85882353
v -0.60182691 1.28147924 -64.93654633 0.65098039 0.74117647 0.85882353
v -0.59740674 1.28155518 -64.93395233 0.65098039 0.74117647 0.85882353
v -0.56863904 1.21976316 -64.91838074 0.65098039 0.74117647 0.85882353
v -0.56809044 1.20575488 -64.91371155 0.65098039 0.74117647 0.85882353
v -0.61544752 1.22946727 -64.92237091 0.65098039 0.74117647 0.85882353
v -0.60919815 1.22921240 -64.92080688 0.65098039 0.74117647 0.85882353
v -0.57826686 1.26731002 -64.92568207 0.65098039 0.74117647 0.85882353
v -0.58259201 1.28513849 -64.94596100 0.65098039 0.74117647 0.85882353
v -0.58879340 1.28166282 -64.94932556 0.65098039 0.74117647 0.85882353
v -0.58226776 1.27470255 -64.92617798 0.65098039 0.74117647 0.85882353
v -0.63749623 1.30336130 -64.93569183 0.65098039 0.74117647 0.85882353
v -0.63672554 1.30535173 -64.94008636 0.65098039 0.74117647 0.85882353
v -0.60833520 1.27277553 -64.94844055 0.65098039 0.74117647 0.85882353
v -0.55938923 1.27113664 -64.92263794 0.65098039 0.74117647 0.85882353
v -0.58040512 1.28841734 -64.94036865 0.65098039 0.74117647 0.85882353
v -0.57431763 1.28390563 -64.94261932 0.65098039 0.74117647 0.85882353
v -0.53425455 1.27428710 -64.92510223 0.65098039 0.74117647 0.85882353
v -0.55770564 1.19405079 -64.96557617 0.65098039 0.74117647 0.85882353
v -0.62187779 1.30383682 -64.93006134 0.65098039 0.74117647 0.85882353
v -0.62545419 1.31095231 -64.93001556 0.65098039 0.74117647 0.85882353
v -0.62937164 1.31182921 -64.94217682 0.65098039 0.74117647 0.85882353
v -0.63307637 1.30840003 -64.94268036 0.65098039 0.74117647 0.85882353
v -0.52448595 1.22333801 -64.92699432 0.65098039 0.74117647 0.85882353
v -0.56047732 1.23125982 -64.92435455 0.65098039 0.74117647 0.85882353
v -0.52434301 1.17486179 -64.92387390 0.65098039 0.74117647 0.85882353
v -0.61486340 1.21343815 -64.93956757 0.65098039 0.74117647 0.85882353
v -0.62434608 1.21940434 -64.93568420 0.65098039 0.74117647 0.85882353
v -0.58586234 1.28172576 -64.92749023 0.65098039 0.74117647 0.85882353
v -0.54821658 1.27855921 -64.93809509 0.65098039 0.74117647 0.85882353
v -0.57349706 1.28847396 -64.94383240 0.65098039 0.74117647 0.85882353
v -0.56621826 1.28777766 -64.94554901 0.65098039 0.74117647 0.85882353
v -0.56418395 1.28127229 -64.94578552 0.65098039 0.74117647 0.85882353
v -0.57603377 1.29052579 -64.93904877 0.65098039 0.74117647 0.85882353
v -0.63666826 1.31438982 -64.94178772 0.65098039 0.74117647 0.85882353
v -0.63295889 1.31755352 -64.94125366 0.65098039 0.74117647 0.85882353
v -0.64048415 1.31150556 -64.93917084 0.65098039 0.74117647 0.85882353
v -0.64053977 1.30916262 -64.93479919 0.65098039 0.74117647 0.85882353
v -0.63858116 1.30803859 -64.93111420 0.65098039 0.74117647 0.85882353
v -0.63044274 1.31929028 -64.93856812 0.65098039 0.74117647 0.85882353
v -0.62885457 1.31896520 -64.93469238 0.65098039 0.74117647 0.85882353
v -0.62843466 1.31577206 -64.93003845 0.65098039 0.74117647 0.85882353
v -0.63323486 1.32422543 -64.93777466 0.65098039 0.74117647 0.85882353
v -0.63641274 1.32342446 -64.94016266 0.65098039 0.74117647 0.85882353
v -0.64717436 1.32266092 -64.93619537 0.65098039 0.74117647 0.85882353
v -0.64644563 1.32497299 -64.93820190 0.65098039 0.74117647 0.85882353
v -0.64441538 1.32194531 -64.93896484 0.65098039 0.74117647 0.85882353
v -0.64410585 1.31817830 -64.93838501 0.65098039 0.74117647 0.85882353
v -0.64886969 1.32735586 -64.93499756 0.65098039 0.74117647 0.85882353
v -0.64832807 1.32929194 -64.93753052 0.65098039 0.74117647 0.85882353
v -0.64372933 1.32704270 -64.93986511 0.65098039 0.74117647 0.85882353
v -0.64175367 1.32288730 -64.94021606 0.65098039 0.74117647 0.85882353
v -0.64573979 1.33172572 -64.93943024 0.65098039 0.74117647 0.85882353
v -0.64228189 1.33326328 -64.93888092 0.65098039 0.74117647 0.85882353
v -0.64047003 1.32870543 -64.93914795 0.65098039 0.74117647 0.85882353
v -0.63945156 1.32490528 -64.93981934 0.65098039 0.74117647 0.85882353
v -0.63986766 1.31965125 -64.94088745 0.65098039 0.74117647 0.85882353
v -0.64934134 1.33209908 -64.93465424 0.65098039 0.74117647 0.85882353
v -0.64695251 1.33632004 -64.93551636 0.65098039 0.74117647 0.85882353
v -0.64729667 1.33554447 -64.93845367 0.65098039 0.74117647 0.85882353
v -0.64921403 1.33251143 -64.93708801 0.65098039 0.74117647 0.85882353
v -0.64342374 1.31479442 -64.93417358 0.65098039 0.74117647 0.85882353
v -0.64613199 1.32096446 -64.93300629 0.65098039 0.74117647 0.85882353
v -0.64778405 1.32645690 -64.93197632 0.65098039 0.74117647 0.85882353
v -0.64786530 1.33150375 -64.93178558 0.65098039 0.74117647 0.85882353
v -0.64424443 1.32092488 -64.92974854 0.65098039 0.74117647 0.85882353
v -0.64575994 1.32677090 -64.92955017 0.65098039 0.74117647 0.85882353
v -0.64566207 1.33099174 -64.92977905 0.65098039 0.74117647 0.85882353
v -0.64142931 1.32227254 -64.92762756 0.65098039 0.74117647 0.85882353
v -0.64334857 1.32799661 -64.92829895 0.65098039 0.74117647 0.85882353
v -0.64123291 1.31342018 -64.93053436 0.65098039 0.74117647 0.85882353
v -0.63801289 1.31410158 -64.92800140 0.65098039 0.74117647 0.85882353
v -0.64386696 1.33072937 -64.92903137 0.65098039 0.74117647 0.85882353
v -0.64540809 1.33560669 -64.93286133 0.65098039 0.74117647 0.85882353
v -0.63763392 1.32926583 -64.93835449 0.65098039 0.74117647 0.85882353
v -0.63980973 1.33397853 -64.93733978 0.65098039 0.74117647 0.85882353
v -0.63571024 1.32950079 -64.93643951 0.65098039 0.74117647 0.85882353
v -0.63836503 1.33402634 -64.93538666 0.65098039 0.74117647 0.85882353
v -0.64391220 1.33638990 -64.93864441 0.65098039 0.74117647 0.85882353
v -0.64264476 1.33709490 -64.93656921 0.65098039 0.74117647 0.85882353
v -0.63532305 1.30884826 -64.92832947 0.65098039 0.74117647 0.85882353
v -0.63110650 1.31206620 -64.92802429 0.65098039 0.74117647 0.85882353
v -0.63395917 1.31698334 -64.92773438 0.65098039 0.74117647 0.85882353
v -0.63746274 1.32484686 -64.92731476 0.65098039 0.74117647 0.85882353
v -0.63150430 1.32060325 -64.93009949 0.65098039 0.74117647 0.85882353
v -0.63182747 1.32383835 -64.93421936 0.65098039 0.74117647 0.85882353
v -0.63483185 1.32918251 -64.93363190 0.65098039 0.74117647 0.85882353
v -0.63483101 1.32747054 -64.92994690 0.65098039 0.74117647 0.85882353
v -0.63768196 1.33326232 -64.93270111 0.65098039 0.74117647 0.85882353
v -0.63805497 1.33189440 -64.93013763 0.65098039 0.74117647 0.85882353
v -0.64033914 1.33003104 -64.92842102 0.65098039 0.74117647 0.85882353
v -0.64048541 1.33509576 -64.93192291 0.65098039 0.74117647 0.85882353
v -0.64132261 1.33648300 -64.93417358 0.65098039 0.74117647 0.85882353
v -0.64357781 1.33406496 -64.93085480 0.65098039 0.74117647 0.85882353
v -0.64204574 1.33247042 -64.92951965 0.65098039 0.74117647 0.85882353
v -0.64019108 1.33357680 -64.93038940 0.65098039 0.74117647 0.85882353
v -0.60541570 1.31831920 -64.93146515 0.65098039 0.74117647 0.85882353
v -0.60300338 1.31108558 -64.93199158 0.65098039 0.74117647 0.85882353
v -0.59866488 1.31312478 -64.93126678 0.65098039 0.74117647 0.85882353
v -0.60105288 1.32058001 -64.93099976 0.65098039 0.74117647 0.85882353
v -0.60947311 1.31678569 -64.94355011 0.65098039 0.74117647 0.85882353
v -0.60669982 1.31042373 -64.94465637 0.65098039 0.74117647 0.85882353
v -0.60748172 1.30959892 -64.93936920 0.65098039 0.74117647 0.85882353
v -0.60996401 1.31626523 -64.93808746 0.65098039 0.74117647 0.85882353
v -0.60453182 1.31910694 -64.94625092 0.65098039 0.74117647 0.85882353
v -0.60178238 1.31279075 -64.94760132 0.65098039 0.74117647 0.85882353
v -0.60361159 1.30273437 -64.94532013 0.65098039 0.74117647 0.85882353
v -0.59796232 1.28991973 -64.94453430 0.65098039 0.74117647 0.85882353
v -0.59845591 1.28957391 -64.93869019 0.65098039 0.74117647 0.85882353
v -0.60418499 1.30214787 -64.93978119 0.65098039 0.74117647 0.85882353
v -0.58328283 1.29679656 -64.93455505 0.65098039 0.74117647 0.85882353
v -0.58511245 1.29389036 -64.93077850 0.65098039 0.74117647 0.85882353
v -0.60573584 1.31006062 -64.93495178 0.65098039 0.74117647 0.85882353
v -0.60833728 1.31695688 -64.93386841 0.65098039 0.74117647 0.85882353
v -0.58898926 1.30950427 -64.93566132 0.65098039 0.74117647 0.85882353
v -0.59234273 1.31778574 -64.93618011 0.65098039 0.74117647 0.85882353
v -0.59474146 1.31570029 -64.93266296 0.65098039 0.74117647 0.85882353
v -0.59138155 1.30733788 -64.93199158 0.65098039 0.74117647 0.85882353
v -0.58998287 1.29073393 -64.92948151 0.65098039 0.74117647 0.85882353
v -0.59558558 1.28887367 -64.93025208 0.65098039 0.74117647 0.85882353
v -0.59810507 1.28902602 -64.93396759 0.65098039 0.74117647 0.85882353
v -0.58921623 1.31026065 -64.94109344 0.65098039 0.74117647 0.85882353
v -0.58417749 1.29766548 -64.94074249 0.65098039 0.74117647 0.85882353
v -0.58756590 1.29555917 -64.94622040 0.65098039 0.74117647 0.85882353
v -0.59279919 1.30859792 -64.94604492 0.65098039 0.74117647 0.85882353
v -0.60292685 1.30205667 -64.93498993 0.65098039 0.74117647 0.85882353
v -0.59563857 1.30448878 -64.93076324 0.65098039 0.74117647 0.85882353
v -0.60025573 1.30264938 -64.93155670 0.65098039 0.74117647 0.85882353
v -0.59850943 1.30515623 -64.94812012 0.65098039 0.74117647 0.85882353
v -0.59607476 1.31619680 -64.94543457 0.65098039 0.74117647 0.85882353
v -0.60046518 1.33329570 -64.94044495 0.65098039 0.74117647 0.85882353
v -0.59926665 1.33403909 -64.93636322 0.65098039 0.74117647 0.85882353
v -0.59506202 1.32498777 -64.93616486 0.65098039 0.74117647 0.85882353
v -0.59608942 1.32483470 -64.94071198 0.65098039 0.74117647 0.85882353
v -0.59295809 1.31808639 -64.94089508 0.65098039 0.74117647 0.85882353
v -0.59925705 1.32247424 -64.94467926 0.65098039 0.74117647 0.85882353
v -0.60444027 1.33104813 -64.93065643 0.65098039 0.74117647 0.85882353
v -0.60879576 1.32831454 -64.93074036 0.65098039 0.74117647 0.85882353
v -0.61179185 1.32683599 -64.93278503 0.65098039 0.74117647 0.85882353
v -0.59332401 1.29222119 -64.94890594 0.65098039 0.74117647 0.85882353
v -0.61310077 1.32595074 -64.93664551 0.65098039 0.74117647 0.85882353
v -0.61272490 1.32596529 -64.94193268 0.65098039 0.74117647 0.85882353
v -0.59711778 1.32317853 -64.93242645 0.65098039 0.74117647 0.85882353
v -0.60066903 1.33295619 -64.93235779 0.65098039 0.74117647 0.85882353
v -0.60323876 1.33099830 -64.94371033 0.65098039 0.74117647 0.85882353
v -0.60802668 1.32776320 -64.94503021 0.65098039 0.74117647 0.85882353
v -0.61083329 1.33560836 -64.94381714 0.65098039 0.74117647 0.85882353
v -0.60626924 1.33829749 -64.94272614 0.65098039 0.74117647 0.85882353
v -0.61556071 1.33383238 -64.94121552 0.65098039 0.74117647 0.85882353
v -0.61561346 1.33299100 -64.93627167 0.65098039 0.74117647 0.85882353
v -0.61399978 1.33315074 -64.93274689 0.65098039 0.74117647 0.85882353
v -0.60383201 1.34010041 -64.94023132 0.65098039 0.74117647 0.85882353
v -0.60253263 1.34041941 -64.93668365 0.65098039 0.74117647 0.85882353
v -0.60331821 1.33886540 -64.93273163 0.65098039 0.74117647 0.85882353
v -0.60658455 1.34677386 -64.93979645 0.65098039 0.74117647 0.85882353
v -0.60928649 1.34633553 -64.94213104 0.65098039 0.74117647 0.85882353
v -0.62177026 1.35340369 -64.93812561 0.65098039 0.74117647 0.85882353
v -0.62095416 1.35463178 -64.94097137 0.65098039 0.74117647 0.85882353
v -0.61921012 1.34965885 -64.94120026 0.65098039 0.74117647 0.85882353
v -0.62046027 1.34772980 -64.93912506 0.65098039 0.74117647 0.85882353
v -0.61758590 1.34630942 -64.94190216 0.65098039 0.74117647 0.85882353
v -0.61810374 1.34220803 -64.94093323 0.65098039 0.74117647 0.85882353
v -0.61552143 1.35132110 -64.94299316 0.65098039 0.74117647 0.85882353
v -0.61468780 1.34710371 -64.94270325 0.65098039 0.74117647 0.85882353
v -0.61802423 1.35693586 -64.94331360 0.65098039 0.74117647 0.85882353
v -0.61443973 1.35796297 -64.94243622 0.65098039 0.74117647 0.85882353
v -0.61296225 1.35214555 -64.94201660 0.65098039 0.74117647 0.85882353
v -0.61203074 1.34847224 -64.94215393 0.65098039 0.74117647 0.85882353
v -0.62205279 1.35889041 -64.93836975 0.65098039 0.74117647 0.85882353
v -0.62193978 1.35863101 -64.94096375 0.65098039 0.74117647 0.85882353
v -0.61323673 1.34285939 -64.94322968 0.65098039 0.74117647 0.85882353
v -0.61759073 1.33934867 -64.93630219 0.65098039 0.74117647 0.85882353
v -0.61998641 1.34638965 -64.93557739 0.65098039 0.74117647 0.85882353
v -0.62122977 1.35316539 -64.93514252 0.65098039 0.74117647 0.85882353
v -0.62094969 1.35862243 -64.93548584 0.65098039 0.74117647 0.85882353
v -0.61822021 1.34619820 -64.93211365 0.65098039 0.74117647 0.85882353
v -0.61955565 1.35309589 -64.93251038 0.65098039 0.74117647 0.85882353
v -0.61891514 1.35776305 -64.93341064 0.65098039 0.74117647 0.85882353
v -0.61491776 1.34731567 -64.93002319 0.65098039 0.74117647 0.85882353
v -0.61657929 1.35396206 -64.93109131 0.65098039 0.74117647 0.85882353
v -0.61565393 1.33864725 -64.93254852 0.65098039 0.74117647 0.85882353
v -0.61243618 1.33935475 -64.93055725 0.65098039 0.74117647 0.85882353
v -0.61706781 1.35716558 -64.93241882 0.65098039 0.74117647 0.85882353
v -0.61831027 1.36205971 -64.93703461 0.65098039 0.74117647 0.85882353
v -0.61955523 1.36284745 -64.93995667 0.65098039 0.74117647 0.85882353
v -0.61992729 1.36185420 -64.94324493 0.65098039 0.74117647 0.85882353
v -0.61088002 1.35255492 -64.94071960 0.65098039 0.74117647 0.85882353
v -0.61296338 1.35841918 -64.94039917 0.65098039 0.74117647 0.85882353
v -0.60896528 1.35334897 -64.93930817 0.65098039 0.74117647 0.85882353
v -0.61157763 1.35890222 -64.93878937 0.65098039 0.74117647 0.85882353
v -0.61603045 1.36202705 -64.94264221 0.65098039 0.74117647 0.85882353
v -0.61543781 1.36257470 -64.94055939 0.65098039 0.74117647 0.85882353
v -0.61081719 1.33440208 -64.93083191 0.65098039 0.74117647 0.85882353
v -0.60674846 1.33657742 -64.93080139 0.65098039 0.74117647 0.85882353
v -0.60840178 1.34144020 -64.93050385 0.65098039 0.74117647 0.85882353
v -0.61072528 1.34941864 -64.93032837 0.65098039 0.74117647 0.85882353
v -0.60517520 1.34394097 -64.93273163 0.65098039 0.74117647 0.85882353
v -0.60497105 1.34632027 -64.93675232 0.65098039 0.74117647 0.85882353
v -0.60777187 1.35283744 -64.93670654 0.65098039 0.74117647 0.85882353
v -0.60787356 1.35139167 -64.93315887 0.65098039 0.74117647 0.85882353
v -0.61077249 1.35813797 -64.93659973 0.65098039 0.74117647 0.85882353
v -0.61079419 1.35692143 -64.93384552 0.65098039 0.74117647 0.85882353
v -0.61304253 1.35548317 -64.93146515 0.65098039 0.74117647 0.85882353
v -0.61352026 1.36088836 -64.93605804 0.65098039 0.74117647 0.85882353
v -0.61446440 1.36227834 -64.93818665 0.65098039 0.74117647 0.85882353
v -0.61662149 1.36056626 -64.93480682 0.65098039 0.74117647 0.85882353
v -0.61496282 1.35863173 -64.93301392 0.65098039 0.74117647 0.85882353
v -0.61289680 1.35924733 -64.93428802 0.65098039 0.74117647 0.85882353
v -0.57911253 1.31858361 -64.93080902 0.65098039 0.74117647 0.85882353
v -0.57769120 1.31265497 -64.93155670 0.65098039 0.74117647 0.85882353
v -0.57326698 1.31320012 -64.92942810 0.65098039 0.74117647 0.85882353
v -0.57458347 1.31929612 -64.92866516 0.65098039 0.74117647 0.85882353
v -0.57971263 1.31919730 -64.94215393 0.65098039 0.74117647 0.85882353
v -0.57858688 1.31226766 -64.94351959 0.65098039 0.74117647 0.85882353
v -0.58053780 1.31241536 -64.93959045 0.65098039 0.74117647 0.85882353
v -0.58150274 1.31880760 -64.93882751 0.65098039 0.74117647 0.85882353
v -0.57523346 1.32042420 -64.94339752 0.65098039 0.74117647 0.85882353
v -0.57330501 1.31326723 -64.94474792 0.65098039 0.74117647 0.85882353
v -0.57720733 1.30529511 -64.94402313 0.65098039 0.74117647 0.85882353
v -0.57473296 1.29568613 -64.94391632 0.65098039 0.74117647 0.85882353
v -0.57677650 1.29631650 -64.93885803 0.65098039 0.74117647 0.85882353
v -0.57942861 1.30583370 -64.93955231 0.65098039 0.74117647 0.85882353
v -0.58011150 1.31259823 -64.93535614 0.65098039 0.74117647 0.85882353
v -0.58133686 1.31867671 -64.93487549 0.65098039 0.74117647 0.85882353
v -0.56382000 1.30814040 -64.93116760 0.65098039 0.74117647 0.85882353
v -0.56579530 1.31542695 -64.93183899 0.65098039 0.74117647 0.85882353
v -0.56881166 1.31431770 -64.92964172 0.65098039 0.74117647 0.85882353
v -0.56701827 1.30693829 -64.92919159 0.65098039 0.74117647 0.85882353
v -0.56859016 1.29415119 -64.92807770 0.65098039 0.74117647 0.85882353
v -0.57357836 1.29452300 -64.93000793 0.65098039 0.74117647 0.85882353
v -0.57603133 1.29573405 -64.93384552 0.65098039 0.74117647 0.85882353
v -0.56276459 1.30883777 -64.93614960 0.65098039 0.74117647 0.85882353
v -0.56006682 1.29734099 -64.93521881 0.65098039 0.74117647 0.85882353
v -0.56222415 1.29710162 -64.94150543 0.65098039 0.74117647 0.85882353
v -0.56536007 1.30774891 -64.94203186 0.65098039 0.74117647 0.85882353
v -0.57879400 1.30620086 -64.93490601 0.65098039 0.74117647 0.85882353
v -0.57162642 1.30610788 -64.92871094 0.65098039 0.74117647 0.85882353
v -0.57625324 1.30596268 -64.93095398 0.65098039 0.74117647 0.85882353
v -0.57135785 1.30592585 -64.94513702 0.65098039 0.74117647 0.85882353
v -0.56766486 1.31483662 -64.94165802 0.65098039 0.74117647 0.85882353
v -0.57046056 1.33244014 -64.93677521 0.65098039 0.74117647 0.85882353
v -0.57005465 1.33229339 -64.93260956 0.65098039 0.74117647 0.85882353
v -0.56704736 1.32216418 -64.93180847 0.65098039 0.74117647 0.85882353
v -0.56700838 1.32260299 -64.93654633 0.65098039 0.74117647 0.85882353
v -0.56477618 1.31589913 -64.93634033 0.65098039 0.74117647 0.85882353
v -0.57012177 1.32191169 -64.94106293 0.65098039 0.74117647 0.85882353
v -0.57664555 1.32872379 -64.92835999 0.65098039 0.74117647 0.85882353
v -0.58101463 1.32756317 -64.92990875 0.65098039 0.74117647 0.85882353
v -0.58310866 1.32755339 -64.93373871 0.65098039 0.74117647 0.85882353
v -0.56863320 1.29607439 -64.94548798 0.65098039 0.74117647 0.85882353
v -0.56079388 1.29641068 -64.92995453 0.65098039 0.74117647 0.85882353
v -0.58343863 1.32791662 -64.93711090 0.65098039 0.74117647 0.85882353
v -0.58212125 1.32861185 -64.94032288 0.65098039 0.74117647 0.85882353
v -0.56995815 1.32067263 -64.92919922 0.65098039 0.74117647 0.85882353
v -0.57216918 1.33044255 -64.92929077 0.65098039 0.74117647 0.85882353
v -0.57336068 1.33142078 -64.94042969 0.65098039 0.74117647 0.85882353
v -0.57793391 1.32969391 -64.94219208 0.65098039 0.74117647 0.85882353
v -0.57990181 1.33651102 -64.94139099 0.65098039 0.74117647 0.85882353
v -0.57519948 1.33813906 -64.94020081 0.65098039 0.74117647 0.85882353
v -0.58419496 1.33555400 -64.93959045 0.65098039 0.74117647 0.85882353
v -0.58502197 1.33457720 -64.93618774 0.65098039 0.74117647 0.85882353
v -0.58443117 1.33370030 -64.93300629 0.65098039 0.74117647 0.85882353
v -0.57265794 1.33896816 -64.93667603 0.65098039 0.74117647 0.85882353
v -0.57242376 1.33867562 -64.93307495 0.65098039 0.74117647 0.85882353
v -0.57400000 1.33621919 -64.92977142 0.65098039 0.74117647 0.85882353
v -0.57395601 1.34404433 -64.93629456 0.65098039 0.74117647 0.85882353
v -0.57705247 1.34424484 -64.93931580 0.65098039 0.74117647 0.85882353
v -0.58902335 1.35242486 -64.93649292 0.65098039 0.74117647 0.85882353
v -0.58774018 1.35334980 -64.93816376 0.65098039 0.74117647 0.85882353
v -0.58642328 1.34868479 -64.93812561 0.65098039 0.74117647 0.85882353
v -0.58806109 1.34753048 -64.93707275 0.65098039 0.74117647 0.85882353
v -0.58528495 1.34538829 -64.93905640 0.65098039 0.74117647 0.85882353
v -0.58582377 1.34206998 -64.93888092 0.65098039 0.74117647 0.85882353
v -0.58336818 1.34979832 -64.94002533 0.65098039 0.74117647 0.85882353
v -0.58239609 1.34556842 -64.94014740 0.65098039 0.74117647 0.85882353
v -0.58438021 1.35465109 -64.93988037 0.65098039 0.74117647 0.85882353
v -0.58043611 1.35490310 -64.93863678 0.65098039 0.74117647 0.85882353
v -0.57964456 1.35000694 -64.93864441 0.65098039 0.74117647 0.85882353
v -0.57942617 1.34646440 -64.93951416 0.65098039 0.74117647 0.85882353
v -0.58871305 1.35701907 -64.93654633 0.65098039 0.74117647 0.85882353
v -0.58799195 1.35680282 -64.93826294 0.65098039 0.74117647 0.85882353
v -0.58137870 1.34192383 -64.94051361 0.65098039 0.74117647 0.85882353
v -0.58639789 1.33988595 -64.93564606 0.65098039 0.74117647 0.85882353
v -0.58819908 1.34614801 -64.93450165 0.65098039 0.74117647 0.85882353
v -0.58908081 1.35164189 -64.93392944 0.65098039 0.74117647 0.85882353
v -0.58824062 1.35613143 -64.93370819 0.65098039 0.74117647 0.85882353
v -0.58704495 1.34526694 -64.93157959 0.65098039 0.74117647 0.85882353
v -0.58776206 1.35097873 -64.93140411 0.65098039 0.74117647 0.85882353
v -0.58693469 1.35478413 -64.93144226 0.65098039 0.74117647 0.85882353
v -0.58484256 1.34492838 -64.92913055 0.65098039 0.74117647 0.85882353
v -0.58570075 1.35079134 -64.92955780 0.65098039 0.74117647 0.85882353
v -0.58542377 1.33881891 -64.93240356 0.65098039 0.74117647 0.85882353
v -0.58308321 1.33808279 -64.92969513 0.65098039 0.74117647 0.85882353
v -0.58552504 1.35373783 -64.93031311 0.65098039 0.74117647 0.85882353
v -0.58453596 1.35903490 -64.93402100 0.65098039 0.74117647 0.85882353
v -0.58524448 1.35990012 -64.93717957 0.65098039 0.74117647 0.85882353
v -0.58524734 1.35886204 -64.93973541 0.65098039 0.74117647 0.85882353
v -0.57709205 1.34987915 -64.93756866 0.65098039 0.74117647 0.85882353
v -0.57846487 1.35492504 -64.93695068 0.65098039 0.74117647 0.85882353
v -0.57560360 1.34940255 -64.93530273 0.65098039 0.74117647 0.85882353
v -0.57756460 1.35462368 -64.93483734 0.65098039 0.74117647 0.85882353
v -0.58174759 1.35821760 -64.93887329 0.65098039 0.74117647 0.85882353
v -0.58089077 1.35867774 -64.93718719 0.65098039 0.74117647 0.85882353
v -0.58220279 1.33324957 -64.93007660 0.65098039 0.74117647 0.85882353
v -0.57810682 1.33408272 -64.92874908 0.65098039 0.74117647 0.85882353
v -0.57936591 1.33873165 -64.92867279 0.65098039 0.74117647 0.85882353
v -0.58102864 1.34593999 -64.92836761 0.65098039 0.74117647 0.85882353
v -0.57532978 1.34061372 -64.92989349 0.65098039 0.74117647 0.85882353
v -0.57382703 1.34291422 -64.93297577 0.65098039 0.74117647 0.85882353
v -0.57555723 1.34853542 -64.93251801 0.65098039 0.74117647 0.85882353
v -0.57721055 1.34703076 -64.92982483 0.65098039 0.74117647 0.85882353
v -0.57773083 1.35372508 -64.93238068 0.65098039 0.74117647 0.85882353
v -0.57910967 1.35253620 -64.93014526 0.65098039 0.74117647 0.85882353
v -0.58231801 1.35152113 -64.92900085 0.65098039 0.74117647 0.85882353
v -0.58018756 1.35656726 -64.93229675 0.65098039 0.74117647 0.85882353
v -0.58020151 1.35795438 -64.93474579 0.65098039 0.74117647 0.85882353
v -0.58390909 1.35691321 -64.93174744 0.65098039 0.74117647 0.85882353
v -0.58322078 1.35475314 -64.93025208 0.65098039 0.74117647 0.85882353
v -0.58064425 1.35505855 -64.93067932 0.65098039 0.74117647 0.85882353
v -0.56402969 1.29478097 -64.92830658 0.65098039 0.74117647 0.85882353
v -0.54724205 1.30812037 -64.92638397 0.65098039 0.74117647 0.85882353
v -0.54758859 1.30313361 -64.92681885 0.65098039 0.74117647 0.85882353
v -0.54405099 1.30281746 -64.92513275 0.65098039 0.74117647 0.85882353
v -0.54369736 1.30772507 -64.92461395 0.65098039 0.74117647 0.85882353
v -0.54554677 1.30973566 -64.93651581 0.65098039 0.74117647 0.85882353
v -0.54587865 1.30407441 -64.93752289 0.65098039 0.74117647 0.85882353
v -0.54898888 1.30394638 -64.93431091 0.65098039 0.74117647 0.85882353
v -0.54860210 1.30955923 -64.93356323 0.65098039 0.74117647 0.85882353
v -0.54038191 1.30963337 -64.93669128 0.65098039 0.74117647 0.85882353
v -0.54032004 1.30381858 -64.93764496 0.65098039 0.74117647 0.85882353
v -0.54618084 1.29731381 -64.93759918 0.65098039 0.74117647 0.85882353
v -0.54701573 1.28652549 -64.93783569 0.65098039 0.74117647 0.85882353
v -0.55002606 1.28805172 -64.93356323 0.65098039 0.74117647 0.85882353
v -0.54934692 1.29738486 -64.93417358 0.65098039 0.74117647 0.85882353
v -0.53587651 1.27980220 -64.92531586 0.65098039 0.74117647 0.85882353
v -0.53650987 1.28685272 -64.92544556 0.65098039 0.74117647 0.85882353
v -0.54034376 1.28726017 -64.92371368 0.65098039 0.74117647 0.85882353
v -0.53988093 1.27933884 -64.92267609 0.65098039 0.74117647 0.85882353
v -0.54948616 1.30356944 -64.93025970 0.65098039 0.74117647 0.85882353
v -0.54890418 1.30893278 -64.92975616 0.65098039 0.74117647 0.85882353
v -0.53670418 1.29674220 -64.92616272 0.65098039 0.74117647 0.85882353
v -0.53650177 1.30286658 -64.92655182 0.65098039 0.74117647 0.85882353
v -0.54016972 1.30280149 -64.92504883 0.65098039 0.74117647 0.85882353
v -0.54042566 1.29703295 -64.92444611 0.65098039 0.74117647 0.85882353
v -0.54472923 1.28033161 -64.92198181 0.65098039 0.74117647 0.85882353
v -0.54441082 1.28790295 -64.92360687 0.65098039 0.74117647 0.85882353
v -0.54797220 1.28810573 -64.92537689 0.65098039 0.74117647 0.85882353
v -0.54969466 1.28197300 -64.92290497 0.65098039 0.74117647 0.85882353
v -0.54992378 1.28867435 -64.92848969 0.65098039 0.74117647 0.85882353
v -0.53460926 1.29652846 -64.92981720 0.65098039 0.74117647 0.85882353
v -0.53451675 1.28636086 -64.92903900 0.65098039 0.74117647 0.85882353
v -0.53474259 1.28551233 -64.93416595 0.65098039 0.74117647 0.85882353
v -0.53561187 1.29672599 -64.93450928 0.65098039 0.74117647 0.85882353
v -0.54969794 1.29760337 -64.92995453 0.65098039 0.74117647 0.85882353
v -0.54423326 1.29718041 -64.92462921 0.65098039 0.74117647 0.85882353
v -0.54773498 1.29736543 -64.92652130 0.65098039 0.74117647 0.85882353
v -0.54066247 1.29673898 -64.93795013 0.65098039 0.74117647 0.85882353
v -0.53577095 1.30353153 -64.93443298 0.65098039 0.74117647 0.85882353
v -0.53422308 1.31568420 -64.92887115 0.65098039 0.74117647 0.85882353
v -0.53562409 1.31509387 -64.92588043 0.65098039 0.74117647 0.85882353
v -0.53603142 1.30822432 -64.92620850 0.65098039 0.74117647 0.85882353
v -0.53418487 1.30867302 -64.92968750 0.65098039 0.74117647 0.85882353
v -0.53445959 1.30312955 -64.93009186 0.65098039 0.74117647 0.85882353
v -0.53567529 1.30927241 -64.93382263 0.65098039 0.74117647 0.85882353
v -0.54322755 1.31421053 -64.92403412 0.65098039 0.74117647 0.85882353
v -0.54679108 1.31494117 -64.92571259 0.65098039 0.74117647 0.85882353
v -0.54842359 1.31564021 -64.92890930 0.65098039 0.74117647 0.85882353
v -0.54063046 1.28522921 -64.93904114 0.65098039 0.74117647 0.85882353
v -0.54825199 1.31655014 -64.93228149 0.65098039 0.74117647 0.85882353
v -0.54556292 1.31690645 -64.93495941 0.65098039 0.74117647 0.85882353
v -0.53971803 1.30783856 -64.92455292 0.65098039 0.74117647 0.85882353
v -0.53916264 1.31449187 -64.92418671 0.65098039 0.74117647 0.85882353
v -0.53581762 1.31634164 -64.93264008 0.65098039 0.74117647 0.85882353
v -0.54053390 1.31658041 -64.93523407 0.65098039 0.74117647 0.85882353
v -0.54063678 1.32235062 -64.93466949 0.65098039 0.74117647 0.85882353
v -0.53601807 1.32214963 -64.93208313 0.65098039 0.74117647 0.85882353
v -0.54558992 1.32235491 -64.93405914 0.65098039 0.74117647 0.85882353
v -0.54786277 1.32156813 -64.93144989 0.65098039 0.74117647 0.85882353
v -0.54792368 1.32035148 -64.92817688 0.65098039 0.74117647 0.85882353
v -0.53444916 1.32100153 -64.92817688 0.65098039 0.74117647 0.85882353
v -0.53583932 1.32005799 -64.92574310 0.65098039 0.74117647 0.85882353
v -0.53887498 1.31895936 -64.92435455 0.65098039 0.74117647 0.85882353
v -0.53480566 1.32619250 -64.92790222 0.65098039 0.74117647 0.85882353
v -0.53653997 1.32786071 -64.93145752 0.65098039 0.74117647 0.85882353
v -0.54713023 1.33609021 -64.93035889 0.65098039 0.74117647 0.85882353
v -0.54552305 1.33619952 -64.93177032 0.65098039 0.74117647 0.85882353
v -0.54513693 1.33288229 -64.93194580 0.65098039 0.74117647 0.85882353
v -0.54711103 1.33197844 -64.93120575 0.65098039 0.74117647 0.85882353
v -0.54434943 1.32990539 -64.93287659 0.65098039 0.74117647 0.85882353
v -0.54567331 1.32739866 -64.93287659 0.65098039 0.74117647 0.85882353
v -0.54173362 1.33305180 -64.93298340 0.65098039 0.74117647 0.85882353
v -0.54134309 1.32957125 -64.93319702 0.65098039 0.74117647 0.85882353
v -0.54185677 1.33711994 -64.93276978 0.65098039 0.74117647 0.85882353
v -0.53808880 1.33708155 -64.93048096 0.65098039 0.74117647 0.85882353
v -0.53776151 1.33326995 -64.93116760 0.65098039 0.74117647 0.85882353
v -0.53822088 1.33025396 -64.93214417 0.65098039 0.74117647 0.85882353
v -0.54599482 1.33981621 -64.92993164 0.65098039 0.74117647 0.85882353
v -0.54520786 1.33924043 -64.93158722 0.65098039 0.74117647 0.85882353
v -0.54101974 1.32663429 -64.93379974 0.65098039 0.74117647 0.85882353
v -0.54790998 1.32604253 -64.93074799 0.65098039 0.74117647 0.85882353
v -0.54821920 1.33104444 -64.92948914 0.65098039 0.74117647 0.85882353
v -0.54801834 1.33628190 -64.92827606 0.65098039 0.74117647 0.85882353
v -0.54584229 1.33978510 -64.92743683 0.65098039 0.74117647 0.85882353
v -0.54786879 1.32992494 -64.92715454 0.65098039 0.74117647 0.85882353
v -0.54717004 1.33499050 -64.92612457 0.65098039 0.74117647 0.85882353
v -0.54513037 1.33800840 -64.92543030 0.65098039 0.74117647 0.85882353
v -0.54638219 1.32840860 -64.92507172 0.65098039 0.74117647 0.85882353
v -0.54591382 1.33365834 -64.92456055 0.65098039 0.74117647 0.85882353
v -0.54781270 1.32440031 -64.92804718 0.65098039 0.74117647 0.85882353
v -0.54628623 1.32282960 -64.92576599 0.65098039 0.74117647 0.85882353
v -0.54503000 1.33655739 -64.92460632 0.65098039 0.74117647 0.85882353
v -0.54251963 1.34080315 -64.92705536 0.65098039 0.74117647 0.85882353
v -0.54226494 1.34145808 -64.92951965 0.65098039 0.74117647 0.85882353
v -0.54194129 1.34057510 -64.93212128 0.65098039 0.74117647 0.85882353
v -0.53589672 1.33271480 -64.92945099 0.65098039 0.74117647 0.85882353
v -0.53671902 1.33709490 -64.92843628 0.65098039 0.74117647 0.85882353
v -0.53539705 1.33126152 -64.92702484 0.65098039 0.74117647 0.85882353
v -0.53695261 1.33655012 -64.92620087 0.65098039 0.74117647 0.85882353
v -0.53893876 1.33989513 -64.93059540 0.65098039 0.74117647 0.85882353
v -0.53877932 1.34024608 -64.92861176 0.65098039 0.74117647 0.85882353
v -0.54624939 1.31937885 -64.92554474 0.65098039 0.74117647 0.85882353
v -0.54320067 1.31885016 -64.92418671 0.65098039 0.74117647 0.85882353
v -0.54308152 1.32234144 -64.92409515 0.65098039 0.74117647 0.85882353
v -0.54343355 1.32775605 -64.92360687 0.65098039 0.74117647 0.85882353
v -0.53911996 1.32301724 -64.92420959 0.65098039 0.74117647 0.85882353
v -0.53605819 1.32430136 -64.92549896 0.65098039 0.74117647 0.85882353
v -0.53671682 1.32991934 -64.92488861 0.65098039 0.74117647 0.85882353
v -0.53955650 1.32849634 -64.92352295 0.65098039 0.74117647 0.85882353
v -0.53827894 1.33521950 -64.92446136 0.65098039 0.74117647 0.85882353
v -0.54057479 1.33398879 -64.92346191 0.65098039 0.74117647 0.85882353
v -0.54357702 1.33332098 -64.92350006 0.65098039 0.74117647 0.85882353
v -0.54047531 1.33830369 -64.92485046 0.65098039 0.74117647 0.85882353
v -0.53938109 1.33967102 -64.92637634 0.65098039 0.74117647 0.85882353
v -0.54289961 1.33912838 -64.92527008 0.65098039 0.74117647 0.85882353
v -0.54330063 1.33693659 -64.92424011 0.65098039 0.74117647 0.85882353
v -0.54144967 1.33683217 -64.92406464 0.65098039 0.74117647 0.85882353
v -0.53426969 1.28027618 -64.92845154 0.65098039 0.74117647 0.85882353
v -0.63032722 1.23064268 -64.93289948 0.65098039 0.74117647 0.85882353
v -0.62731123 1.23372650 -64.92979431 0.65098039 0.74117647 0.85882353
v -0.62442374 1.23253047 -64.91947174 0.65098039 0.74117647 0.85882353
v -0.62586659 1.22785437 -64.91500092 0.65098039 0.74117647 0.85882353
v -0.62889224 1.22215998 -64.91362000 0.65098039 0.74117647 0.85882353
v -0.63204217 1.21893942 -64.91684723 0.65098039 0.74117647 0.85882353
v -0.63456023 1.21870720 -64.92199707 0.65098039 0.74117647 0.85882353
v -0.62529135 1.23477829 -64.92527771 0.65098039 0.74117647 0.85882353
v -0.63359964 1.22573102 -64.93324280 0.65098039 0.74117647 0.85882353
v -0.63552654 1.22082603 -64.92855072 0.65098039 0.74117647 0.85882353
v -0.64422560 1.22651446 -64.92703247 0.65098039 0.74117647 0.85882353
v -0.64204991 1.23081172 -64.93209076 0.65098039 0.74117647 0.85882353
v -0.64357007 1.22379959 -64.92039490 0.65098039 0.74117647 0.85882353
v -0.64021599 1.22363961 -64.91519928 0.65098039 0.74117647 0.85882353
v -0.63560212 1.22598493 -64.91247559 0.65098039 0.74117647 0.85882353
v -0.63770658 1.23536384 -64.93180084 0.65098039 0.74117647 0.85882353
v -0.63365734 1.23797095 -64.92868805 0.65098039 0.74117647 0.85882353
v -0.63081640 1.23815811 -64.92350769 0.65098039 0.74117647 0.85882353
v -0.64509249 1.23964393 -64.93105316 0.65098039 0.74117647 0.85882353
v -0.65179729 1.23720777 -64.93087006 0.65098039 0.74117647 0.85882353
v -0.66118443 1.23603880 -64.91572571 0.65098039 0.74117647 0.85882353
v -0.66312587 1.23561656 -64.91982269 0.65098039 0.74117647 0.85882353
v -0.65926147 1.23325574 -64.92010498 0.65098039 0.74117647 0.85882353
v -0.65714157 1.23272908 -64.91606140 0.65098039 0.74117647 0.85882353
v -0.65633595 1.23231900 -64.92138672 0.65098039 0.74117647 0.85882353
v -0.65262830 1.22988093 -64.91904449 0.65098039 0.74117647 0.85882353
v -0.66038311 1.23522508 -64.92581940 0.65098039 0.74117647 0.85882353
v -0.65688133 1.23447776 -64.92574310 0.65098039 0.74117647 0.85882353
v -0.65918428 1.23932528 -64.92986298 0.65098039 0.74117647 0.85882353
v -0.65680510 1.23695695 -64.92942047 0.65098039 0.74117647 0.85882353
v -0.66469377 1.23717833 -64.92556763 0.65098039 0.74117647 0.85882353
v -0.66614842 1.23806155 -64.92006683 0.65098039 0.74117647 0.85882353
v -0.66720235 1.24002671 -64.92425537 0.65098039 0.74117647 0.85882353
v -0.66507673 1.23961961 -64.91733551 0.65098039 0.74117647 0.85882353
v -0.65283132 1.23220837 -64.92589569 0.65098039 0.74117647 0.85882353
v -0.64737463 1.22856748 -64.91387177 0.65098039 0.74117647 0.85882353
v -0.65383279 1.23321664 -64.91246033 0.65098039 0.74117647 0.85882353
v -0.65893525 1.23774087 -64.91269684 0.65098039 0.74117647 0.85882353
v -0.66241068 1.24220932 -64.91515350 0.65098039 0.74117647 0.85882353
v -0.64941639 1.23613417 -64.91057587 0.65098039 0.74117647 0.85882353
v -0.65544260 1.24094284 -64.91203308 0.65098039 0.74117647 0.85882353
v -0.65886432 1.24418437 -64.91488647 0.65098039 0.74117647 0.85882353
v -0.64573914 1.23995078 -64.91194916 0.65098039 0.74117647 0.85882353
v -0.65261209 1.24362314 -64.91371155 0.65098039 0.74117647 0.85882353
v -0.64159834 1.23026240 -64.91110992 0.65098039 0.74117647 0.85882353
v -0.63689458 1.23398161 -64.91221619 0.65098039 0.74117647 0.85882353
v -0.65628916 1.24536240 -64.91547394 0.65098039 0.74117647 0.85882353
v -0.66357100 1.24579084 -64.91994476 0.65098039 0.74117647 0.85882353
v -0.66693687 1.24347556 -64.92183685 0.65098039 0.74117647 0.85882353
v -0.65613234 1.24205279 -64.93083954 0.65098039 0.74117647 0.85882353
v -0.66302127 1.24096406 -64.92932129 0.65098039 0.74117647 0.85882353
v -0.66043377 1.24445939 -64.92945862 0.65098039 0.74117647 0.85882353
v -0.65177166 1.24412858 -64.92987823 0.65098039 0.74117647 0.85882353
v -0.65730166 1.24688530 -64.92781830 0.65098039 0.74117647 0.85882353
v -0.66595757 1.24225688 -64.92778778 0.65098039 0.74117647 0.85882353
v -0.66448140 1.24525332 -64.92681122 0.65098039 0.74117647 0.85882353
v -0.63141263 1.23061574 -64.91344452 0.65098039 0.74117647 0.85882353
v -0.62992597 1.23520684 -64.91767120 0.65098039 0.74117647 0.85882353
v -0.63532472 1.23830211 -64.91690826 0.65098039 0.74117647 0.85882353
v -0.64386988 1.24342871 -64.91674042 0.65098039 0.74117647 0.85882353
v -0.63650429 1.24161530 -64.92295074 0.65098039 0.74117647 0.85882353
v -0.64015555 1.24180377 -64.92840576 0.65098039 0.74117647 0.85882353
v -0.64809275 1.24570954 -64.92704010 0.65098039 0.74117647 0.85882353
v -0.64486229 1.24579847 -64.92239380 0.65098039 0.74117647 0.85882353
v -0.65438128 1.24783504 -64.92501068 0.65098039 0.74117647 0.85882353
v -0.65220273 1.24737012 -64.92158508 0.65098039 0.74117647 0.85882353
v -0.65164673 1.24601567 -64.91733551 0.65098039 0.74117647 0.85882353
v -0.65826720 1.24796474 -64.92241669 0.65098039 0.74117647 0.85882353
v -0.66154766 1.24740958 -64.92457581 0.65098039 0.74117647 0.85882353
v -0.65980577 1.24656987 -64.91875458 0.65098039 0.74117647 0.85882353
v -0.65636110 1.24673080 -64.91811371 0.65098039 0.74117647 0.85882353
v -0.65590483 1.24763310 -64.92081451 0.65098039 0.74117647 0.85882353
v -0.53865618 1.27313578 -64.92056274 0.65098039 0.74117647 0.85882353
v -0.54476154 1.27342498 -64.91993713 0.65098039 0.74117647 0.85882353
v -0.54291797 1.26546967 -64.91950989 0.65098039 0.74117647 0.85882353
v -0.54040307 1.25642216 -64.91841888 0.65098039 0.74117647 0.85882353
v -0.53264350 1.24936354 -64.91957855 0.65098039 0.74117647 0.85882353
v -0.54700661 1.25546432 -64.91985321 0.65098039 0.74117647 0.85882353
v -0.54917514 1.26463616 -64.92059326 0.65098039 0.74117647 0.85882353
v -0.55204272 1.27460277 -64.92141724 0.65098039 0.74117647 0.85882353
v -0.55080539 1.24735940 -64.92111206 0.65098039 0.74117647 0.85882353
v -0.81062955 0.84622025 -64.89215088 0.65098039 0.74117647 0.85882353
v -0.80685490 0.84700018 -64.89196777 0.65098039 0.74117647 0.85882353
v -0.80168986 0.84252518 -64.89339447 0.65098039 0.74117647 0.85882353
v -0.80454230 0.84099668 -64.89335632 0.65098039 0.74117647 0.85882353
v -0.80823147 0.83964771 -64.89389038 0.65098039 0.74117647 0.85882353
v -0.81186581 0.83834904 -64.89514923 0.65098039 0.74117647 0.85882353
v -0.81967950 0.84308177 -64.89695740 0.65098039 0.74117647 0.85882353
v -0.81561160 0.84527874 -64.89384460 0.65098039 0.74117647 0.85882353
v -0.82295334 0.83573765 -64.90491486 0.65098039 0.74117647 0.85882353
v -0.82207131 0.83751756 -64.90374756 0.65098039 0.74117647 0.85882353
v -0.82219285 0.83505374 -64.90415955 0.65098039 0.74117647 0.85882353
v -0.81801087 0.83613664 -64.89963531 0.65098039 0.74117647 0.85882353
v -0.82049489 0.83564389 -64.90258789 0.65098039 0.74117647 0.85882353
v -0.80047178 0.84658474 -64.89270020 0.65098039 0.74117647 0.85882353
v -0.79874402 0.84608692 -64.89326477 0.65098039 0.74117647 0.85882353
v -0.80360037 0.84698611 -64.89234924 0.65098039 0.74117647 0.85882353
v -0.81545997 0.83720177 -64.89719391 0.65098039 0.74117647 0.85882353
v -0.79838902 0.84510428 -64.89366913 0.65098039 0.74117647 0.85882353
v -0.79947436 0.84391385 -64.89369965 0.65098039 0.74117647 0.85882353
v -0.82137048 0.84034473 -64.90061188 0.65098039 0.74117647 0.85882353
v -0.80890709 0.84185046 -64.89368439 0.65098039 0.74117647 0.85882353
v -0.81272650 0.84050494 -64.89492035 0.65098039 0.74117647 0.85882353
v -0.81803399 0.84128362 -64.89673615 0.65098039 0.74117647 0.85882353
v -0.81408787 0.84301883 -64.89424896 0.65098039 0.74117647 0.85882353
v -0.81865531 0.83784050 -64.89918518 0.65098039 0.74117647 0.85882353
v -0.82002717 0.83715934 -64.90131378 0.65098039 0.74117647 0.85882353
v -0.80527830 0.84280473 -64.89317322 0.65098039 0.74117647 0.85882353
v -0.81638891 0.83916664 -64.89686584 0.65098039 0.74117647 0.85882353
v -0.80939913 0.84423095 -64.89292908 0.65098039 0.74117647 0.85882353
v -0.82073528 0.83778995 -64.90158081 0.65098039 0.74117647 0.85882353
v -0.82009047 0.83926660 -64.89943695 0.65098039 0.74117647 0.85882353
v -0.79991877 0.84571069 -64.89364624 0.65098039 0.74117647 0.85882353
v -0.79949123 0.84519249 -64.89362335 0.65098039 0.74117647 0.85882353
v -0.72323966 0.62534642 -64.92427826 0.65098039 0.74117647 0.85882353
v -0.72315300 0.60985321 -64.91635895 0.65098039 0.74117647 0.85882353
v -0.80582845 0.84495902 -64.89279175 0.65098039 0.74117647 0.85882353
v -0.80064857 0.84454769 -64.89360809 0.65098039 0.74117647 0.85882353
v -0.80268365 0.84381145 -64.89345551 0.65098039 0.74117647 0.85882353
v -0.80306929 0.84530872 -64.89301300 0.65098039 0.74117647 0.85882353
v -0.80089009 0.84552294 -64.89323425 0.65098039 0.74117647 0.85882353
v -0.56515694 0.81101936 -64.94876099 0.65098039 0.74117647 0.85882353
v -0.55857688 0.80404139 -64.93479919 0.65098039 0.74117647 0.85882353
v -0.54095566 0.82218522 -64.99387360 0.65098039 0.74117647 0.85882353
v -0.52319658 0.81222433 -65.00042725 0.65098039 0.74117647 0.85882353
v -0.66573757 0.31082213 -64.88511658 0.65098039 0.74117647 0.85882353
v -0.57564145 0.39414889 -65.04854584 0.65098039 0.74117647 0.85882353
v -0.56909484 0.41545063 -65.04704285 0.65098039 0.74117647 0.85882353
v -0.63455045 0.42098951 -65.08889008 0.65098039 0.74117647 0.85882353
v -0.61679506 0.41626424 -65.08341217 0.65098039 0.74117647 0.85882353
v -0.56732577 0.37475181 -64.94178009 0.65098039 0.74117647 0.85882353
v -0.57042348 0.35191524 -64.94645691 0.65098039 0.74117647 0.85882353
v -0.61475360 0.35852456 -64.89797211 0.65098039 0.74117647 0.85882353
v -0.61965352 0.33461571 -64.90317535 0.65098039 0.74117647 0.85882353
v -0.58715588 0.32399553 -64.93206787 0.65098039 0.74117647 0.85882353
v -0.60573500 0.36497742 -65.08134460 0.65098039 0.74117647 0.85882353
v -0.60506094 0.38723707 -65.07713318 0.65098039 0.74117647 0.85882353
v -0.59071791 0.38047260 -65.06533813 0.65098039 0.74117647 0.85882353
v -0.59059131 0.35965014 -65.07038116 0.65098039 0.74117647 0.85882353
v -0.65784526 0.40077776 -65.08981323 0.65098039 0.74117647 0.85882353
v -0.65405804 0.42350626 -65.08843231 0.65098039 0.74117647 0.85882353
v -0.55381012 0.40549004 -64.95629883 0.65098039 0.74117647 0.85882353
v -0.54887658 0.41207355 -64.98009491 0.65098039 0.74117647 0.85882353
v -0.55430144 0.42740852 -65.02456665 0.65098039 0.74117647 0.85882353
v -0.56400865 0.43685687 -65.04271698 0.65098039 0.74117647 0.85882353
v -0.59148538 0.45677108 -65.06906891 0.65098039 0.74117647 0.85882353
v -0.57639116 0.44738936 -65.05693817 0.65098039 0.74117647 0.85882353
v -0.63000232 0.38179213 -64.88224792 0.65098039 0.74117647 0.85882353
v -0.64826852 0.40565217 -64.87355042 0.65098039 0.74117647 0.85882353
v -0.56420594 0.39958847 -64.93511963 0.65098039 0.74117647 0.85882353
v -0.69601113 0.37709790 -64.87159729 0.65098039 0.74117647 0.85882353
v -0.62681043 0.49076706 -65.08832550 0.65098039 0.74117647 0.85882353
v -0.60459036 0.48811072 -65.07841492 0.65098039 0.74117647 0.85882353
v -0.54881936 0.41926706 -65.00308228 0.65098039 0.74117647 0.85882353
v -0.70702666 0.57274979 -64.88696289 0.65098039 0.74117647 0.85882353
v -0.70521128 0.55574632 -64.87791443 0.65098039 0.74117647 0.85882353
v -0.69080806 0.56395775 -64.87376404 0.65098039 0.74117647 0.85882353
v -0.69185168 0.58082014 -64.88359070 0.65098039 0.74117647 0.85882353
v -0.67546588 0.57053846 -64.87123871 0.65098039 0.74117647 0.85882353
v -0.65992802 0.57648438 -64.87053680 0.65098039 0.74117647 0.85882353
v -0.64547807 0.58155018 -64.87140656 0.65098039 0.74117647 0.85882353
v -0.61076844 0.59194326 -64.88060760 0.65098039 0.74117647 0.85882353
v -0.62110174 0.58941942 -64.87659454 0.65098039 0.74117647 0.85882353
v -0.59363854 0.59342515 -64.89101410 0.65098039 0.74117647 0.85882353
v -0.60213643 0.59411633 -64.88541412 0.65098039 0.74117647 0.85882353
v -0.58398014 0.58432323 -64.89694214 0.65098039 0.74117647 0.85882353
v -0.57376939 0.57065439 -64.90544128 0.65098039 0.74117647 0.85882353
v -0.56393123 0.55681401 -64.91635132 0.65098039 0.74117647 0.85882353
v -0.56759608 0.57939970 -64.92362213 0.65098039 0.74117647 0.85882353
v -0.57179624 0.54746121 -64.89762115 0.65098039 0.74117647 0.85882353
v -0.58205462 0.56224471 -64.88847351 0.65098039 0.74117647 0.85882353
v -0.59163415 0.57073337 -64.88076019 0.65098039 0.74117647 0.85882353
v -0.70885009 0.50245851 -64.87121582 0.65098039 0.74117647 0.85882353
v -0.70264834 0.47712076 -64.87220001 0.65098039 0.74117647 0.85882353
v -0.72445929 0.63988203 -64.93143463 0.65098039 0.74117647 0.85882353
v -0.45647514 1.02108490 -64.91502380 0.65098039 0.74117647 0.85882353
v -0.54836702 1.12621391 -64.95392609 0.65098039 0.74117647 0.85882353
v -0.66304177 0.65927798 -65.08074188 0.65098039 0.74117647 0.85882353
v -0.67959350 0.65274531 -65.08365631 0.65098039 0.74117647 0.85882353
v -0.69042659 0.63838035 -65.08708954 0.65098039 0.74117647 0.85882353
v -0.69295907 0.64923042 -65.08443451 0.65098039 0.74117647 0.85882353
v -0.62455058 0.70379156 -65.05257416 0.65098039 0.74117647 0.85882353
v -0.62312591 0.68726951 -65.06500244 0.65098039 0.74117647 0.85882353
v -0.63040137 0.67098027 -65.07427216 0.65098039 0.74117647 0.85882353
v -0.64375186 0.65838277 -65.08078003 0.65098039 0.74117647 0.85882353
v -0.57819611 0.41820419 -64.91139221 0.65098039 0.74117647 0.85882353
v -0.65186453 0.62710732 -65.08850861 0.65098039 0.74117647 0.85882353
v -0.63859808 0.64817846 -65.08352661 0.65098039 0.74117647 0.85882353
v -0.62248135 0.66184026 -65.07742310 0.65098039 0.74117647 0.85882353
v -0.61293149 0.67906755 -65.06819916 0.65098039 0.74117647 0.85882353
v -0.61223584 0.69922560 -65.05487823 0.65098039 0.74117647 0.85882353
v -0.60522175 0.70480329 -65.04711914 0.65098039 0.74117647 0.85882353
v -0.58071238 0.70329893 -65.04221344 0.65098039 0.74117647 0.85882353
v -0.57619971 0.71060663 -65.03555298 0.65098039 0.74117647 0.85882353
v -0.58888972 0.72228938 -65.03012085 0.65098039 0.74117647 0.85882353
v -0.58399594 0.73218781 -65.02726746 0.65098039 0.74117647 0.85882353
v -0.57115608 0.72021616 -65.03207397 0.65098039 0.74117647 0.85882353
v -0.52953851 0.78114027 -65.01414490 0.65098039 0.74117647 0.85882353
v -0.51853508 0.78951997 -65.00643158 0.65098039 0.74117647 0.85882353
v -0.50654739 0.79063290 -64.99846649 0.65098039 0.74117647 0.85882353
v -0.49646619 0.78747660 -64.98922729 0.65098039 0.74117647 0.85882353
v -0.48990989 0.78022957 -64.98075104 0.65098039 0.74117647 0.85882353
v -0.48698202 0.76659960 -64.97236633 0.65098039 0.74117647 0.85882353
v -0.48864204 0.74990880 -64.96749115 0.65098039 0.74117647 0.85882353
v -0.50675529 0.69632673 -64.96578217 0.65098039 0.74117647 0.85882353
v -0.51299435 0.67640769 -64.96983337 0.65098039 0.74117647 0.85882353
v -0.52857405 0.61944711 -64.99179840 0.65098039 0.74117647 0.85882353
v -0.53079200 0.60481995 -64.99940491 0.65098039 0.74117647 0.85882353
v -0.54546690 0.53134173 -65.02916718 0.65098039 0.74117647 0.85882353
v -0.53677094 0.55565125 -65.02008057 0.65098039 0.74117647 0.85882353
v -0.55471539 0.51049566 -65.03724670 0.65098039 0.74117647 0.85882353
v -0.59283537 0.26183814 -65.10806274 0.65098039 0.74117647 0.85882353
v -0.59787506 0.28071910 -65.10108948 0.65098039 0.74117647 0.85882353
v -0.58006191 0.28018868 -65.08846283 0.65098039 0.74117647 0.85882353
v -0.57535791 0.26191074 -65.09368134 0.65098039 0.74117647 0.85882353
v -0.66560918 0.32593912 -65.10501099 0.65098039 0.74117647 0.85882353
v -0.64376301 0.32425958 -65.10287476 0.65098039 0.74117647 0.85882353
v -0.55007386 0.26589990 -64.99864197 0.65098039 0.74117647 0.85882353
v -0.54838997 0.27142251 -65.02566528 0.65098039 0.74117647 0.85882353
v -0.55416667 0.27534610 -65.05014038 0.65098039 0.74117647 0.85882353
v -0.56538570 0.27839375 -65.07083130 0.65098039 0.74117647 0.85882353
v -0.55875570 0.25958323 -64.97408295 0.65098039 0.74117647 0.85882353
v -0.65679407 0.22226968 -64.90345001 0.65098039 0.74117647 0.85882353
v -0.63540930 0.22806817 -64.91293335 0.65098039 0.74117647 0.85882353
v -0.71887469 0.21534963 -64.89585114 0.65098039 0.74117647 0.85882353
v -0.69963109 0.21565273 -64.89521790 0.65098039 0.74117647 0.85882353
v -0.57277423 0.25115573 -64.95336151 0.65098039 0.74117647 0.85882353
v -0.67875218 0.21782960 -64.89733124 0.65098039 0.74117647 0.85882353
v -0.61382395 0.23503135 -64.92411041 0.65098039 0.74117647 0.85882353
v -0.59173566 0.24247365 -64.93704987 0.65098039 0.74117647 0.85882353
v -0.60260624 0.29967773 -65.09628296 0.65098039 0.74117647 0.85882353
v -0.62132019 0.30125237 -65.10462952 0.65098039 0.74117647 0.85882353
v -0.62376952 0.32282519 -65.09835815 0.65098039 0.74117647 0.85882353
v -0.63468575 0.54835492 -65.09593201 0.65098039 0.74117647 0.85882353
v -0.61356241 0.55661803 -65.08885193 0.65098039 0.74117647 0.85882353
v -0.59413266 0.56656051 -65.07935333 0.65098039 0.74117647 0.85882353
v -0.58006203 0.59404618 -65.07270050 0.65098039 0.74117647 0.85882353
v -0.56699109 0.60710365 -65.06172180 0.65098039 0.74117647 0.85882353
v -0.56098557 0.59440213 -65.05748749 0.65098039 0.74117647 0.85882353
v -0.57572293 0.58000100 -65.06797791 0.65098039 0.74117647 0.85882353
v -0.55115628 0.63434052 -65.03487396 0.65098039 0.74117647 0.85882353
v -0.54504317 0.64831060 -65.02547455 0.65098039 0.74117647 0.85882353
v -0.54215229 0.63802814 -65.01895142 0.65098039 0.74117647 0.85882353
v -0.54744649 0.62422544 -65.02983093 0.65098039 0.74117647 0.85882353
v -0.53585094 0.65161836 -65.01148987 0.65098039 0.74117647 0.85882353
v -0.52939212 0.66418809 -65.00420380 0.65098039 0.74117647 0.85882353
v -0.52392989 0.67792213 -64.99809265 0.65098039 0.74117647 0.85882353
v -0.51769054 0.69367892 -64.99420929 0.65098039 0.74117647 0.85882353
v -0.52522779 0.70595342 -65.01159668 0.65098039 0.74117647 0.85882353
v -0.53101736 0.69365162 -65.01509094 0.65098039 0.74117647 0.85882353
v -0.55488479 0.64668655 -65.04091644 0.65098039 0.74117647 0.85882353
v -0.56299210 0.63355881 -65.05243683 0.65098039 0.74117647 0.85882353
v -0.64022291 0.57724208 -65.09373474 0.65098039 0.74117647 0.85882353
v -0.66019589 0.56911629 -65.09573364 0.65098039 0.74117647 0.85882353
v -0.55537111 0.55339146 -64.93131256 0.65098039 0.74117647 0.85882353
v -0.54511201 0.55196136 -64.94720459 0.65098039 0.74117647 0.85882353
v -0.53781492 0.55308193 -64.96254730 0.65098039 0.74117647 0.85882353
v -0.53296685 0.55621505 -64.97664642 0.65098039 0.74117647 0.85882353
v -0.52981699 0.56135565 -64.98954010 0.65098039 0.74117647 0.85882353
v -0.53040069 0.56700468 -65.00207520 0.65098039 0.74117647 0.85882353
v -0.53348345 0.57343549 -65.01329041 0.65098039 0.74117647 0.85882353
v -0.53186303 0.59009117 -65.00642395 0.65098039 0.74117647 0.85882353
v -0.53751647 0.58064204 -65.02305603 0.65098039 0.74117647 0.85882353
v -0.53526449 0.59648365 -65.01420593 0.65098039 0.74117647 0.85882353
v -0.54214025 0.58916962 -65.03164673 0.65098039 0.74117647 0.85882353
v -0.54717749 0.59926164 -65.03930664 0.65098039 0.74117647 0.85882353
v -0.55332804 0.60936707 -65.04425812 0.65098039 0.74117647 0.85882353
v -0.55821633 0.62055558 -65.04848480 0.65098039 0.74117647 0.85882353
v -0.58416539 0.60784137 -65.07493591 0.65098039 0.74117647 0.85882353
v -0.57189846 0.62003261 -65.06453705 0.65098039 0.74117647 0.85882353
v -0.60358882 0.61154175 -65.08256531 0.65098039 0.74117647 0.85882353
v -0.60738260 0.62502378 -65.08299255 0.65098039 0.74117647 0.85882353
v -0.59811419 0.58170277 -65.08147430 0.65098039 0.74117647 0.85882353
v -0.59988374 0.59715480 -65.08224487 0.65098039 0.74117647 0.85882353
v -0.64978218 0.71162492 -65.05014801 0.65098039 0.74117647 0.85882353
v -0.65779185 0.69944954 -65.05943298 0.65098039 0.74117647 0.85882353
v -0.49777955 0.74246973 -64.98117065 0.65098039 0.74117647 0.85882353
v -0.49313021 0.75389153 -64.97825623 0.65098039 0.74117647 0.85882353
v -0.49364543 0.74261081 -64.97371674 0.65098039 0.74117647 0.85882353
v -0.49687493 0.73714060 -64.97724152 0.65098039 0.74117647 0.85882353
v -0.49549729 0.76282769 -64.98432159 0.65098039 0.74117647 0.85882353
v -0.50425357 0.75415838 -64.99478149 0.65098039 0.74117647 0.85882353
v -0.50075674 0.76941592 -64.99216461 0.65098039 0.74117647 0.85882353
v -0.50014842 0.74871129 -64.98731232 0.65098039 0.74117647 0.85882353
v -0.50799751 0.77274323 -65.00065613 0.65098039 0.74117647 0.85882353
v -0.50962603 0.75811040 -65.00228882 0.65098039 0.74117647 0.85882353
v -0.51629078 0.77294165 -65.00836182 0.65098039 0.74117647 0.85882353
v -0.51596642 0.76015633 -65.00903320 0.65098039 0.74117647 0.85882353
v -0.52107513 0.76079351 -65.01331329 0.65098039 0.74117647 0.85882353
v -0.52423942 0.76849312 -65.01431274 0.65098039 0.74117647 0.85882353
v -0.53175765 0.72982675 -65.02205658 0.65098039 0.74117647 0.85882353
v -0.52758503 0.74153244 -65.01924133 0.65098039 0.74117647 0.85882353
v -0.52344948 0.75270754 -65.01605225 0.65098039 0.74117647 0.85882353
v -0.51217377 0.70646018 -64.99042511 0.65098039 0.74117647 0.85882353
v -0.50753248 0.72089612 -64.98988342 0.65098039 0.74117647 0.85882353
v -0.50369430 0.73463410 -64.98880005 0.65098039 0.74117647 0.85882353
v -0.50717688 0.73958945 -64.99639893 0.65098039 0.74117647 0.85882353
v -0.51062512 0.72571129 -64.99759674 0.65098039 0.74117647 0.85882353
v -0.51488721 0.71155584 -64.99880981 0.65098039 0.74117647 0.85882353
v -0.63788688 0.56311393 -65.09637451 0.65098039 0.74117647 0.85882353
v -0.61784434 0.57171851 -65.09028625 0.65098039 0.74117647 0.85882353
v -0.53875005 0.66088545 -65.01813507 0.65098039 0.74117647 0.85882353
v -0.53322375 0.67185062 -65.01200867 0.65098039 0.74117647 0.85882353
v -0.52697808 0.68451780 -65.00665283 0.65098039 0.74117647 0.85882353
v -0.52088821 0.69865245 -65.00254059 0.65098039 0.74117647 0.85882353
v -0.53658265 0.68157482 -65.01927948 0.65098039 0.74117647 0.85882353
v -0.54288554 0.67046070 -65.02483368 0.65098039 0.74117647 0.85882353
v -0.54851013 0.65889901 -65.03169250 0.65098039 0.74117647 0.85882353
v -0.61991066 0.58676338 -65.08905029 0.65098039 0.74117647 0.85882353
v -0.65760225 0.55558830 -65.09909058 0.65098039 0.74117647 0.85882353
v -0.61593711 0.72608656 -64.94966888 0.65098039 0.74117647 0.85882353
v -0.61965823 0.74191564 -64.97211456 0.65098039 0.74117647 0.85882353
v -0.61252433 0.74974936 -64.99635315 0.65098039 0.74117647 0.85882353
v -0.59838927 0.74442762 -65.01541901 0.65098039 0.74117647 0.85882353
v -0.70337421 0.68657380 -65.07236481 0.65098039 0.74117647 0.85882353
v -0.46860427 0.92517251 -64.89781189 0.65098039 0.74117647 0.85882353
v -0.67135942 0.50466359 -65.09873962 0.65098039 0.74117647 0.85882353
v -0.67278451 0.52166426 -65.10178375 0.65098039 0.74117647 0.85882353
v -0.67123318 0.44513428 -65.08499146 0.65098039 0.74117647 0.85882353
v -0.66912013 0.46388412 -65.09234619 0.65098039 0.74117647 0.85882353
v -0.64358914 0.34950441 -65.09702301 0.65098039 0.74117647 0.85882353
v -0.66421330 0.35302418 -65.09728241 0.65098039 0.74117647 0.85882353
v -0.66202247 0.37778264 -65.09325409 0.65098039 0.74117647 0.85882353
v -0.69002086 0.30548167 -65.11683655 0.65098039 0.74117647 0.85882353
v -0.68957388 0.32797456 -65.10441589 0.65098039 0.74117647 0.85882353
v -0.68224305 0.37973690 -65.08955383 0.65098039 0.74117647 0.85882353
v -0.67740774 0.40251178 -65.08688354 0.65098039 0.74117647 0.85882353
v -0.64888155 0.48854190 -65.09261322 0.65098039 0.74117647 0.85882353
v -0.65476549 0.54198366 -65.10149384 0.65098039 0.74117647 0.85882353
v -0.67539358 0.55106676 -65.10160828 0.65098039 0.74117647 0.85882353
v -0.67743373 0.56518006 -65.09844971 0.65098039 0.74117647 0.85882353
v -0.67940503 0.57878238 -65.09680176 0.65098039 0.74117647 0.85882353
v -0.63081294 0.54504943 -64.85314941 0.65098039 0.74117647 0.85882353
v -0.63208294 0.56571078 -64.86205292 0.65098039 0.74117647 0.85882353
v -0.64492673 0.56237733 -64.86046600 0.65098039 0.74117647 0.85882353
v -0.64341712 0.54249549 -64.85150909 0.65098039 0.74117647 0.85882353
v -0.60924894 0.55038005 -64.86106110 0.65098039 0.74117647 0.85882353
v -0.61007392 0.57101244 -64.86991882 0.65098039 0.74117647 0.85882353
v -0.62039900 0.56871879 -64.86537170 0.65098039 0.74117647 0.85882353
v -0.61929250 0.54749709 -64.85641479 0.65098039 0.74117647 0.85882353
v -0.60067362 0.57204634 -64.87488556 0.65098039 0.74117647 0.85882353
v -0.59984100 0.55151582 -64.86660767 0.65098039 0.74117647 0.85882353
v -0.62928820 0.52330059 -64.84774780 0.65098039 0.74117647 0.85882353
v -0.61784512 0.52584320 -64.85082245 0.65098039 0.74117647 0.85882353
v -0.64172286 0.52136654 -64.84638977 0.65098039 0.74117647 0.85882353
v -0.59980422 0.53094286 -64.86113739 0.65098039 0.74117647 0.85882353
v -0.60817516 0.52861094 -64.85538483 0.65098039 0.74117647 0.85882353
v -0.78006279 0.72712553 -64.91738892 0.65098039 0.74117647 0.85882353
v -0.79020160 0.72714537 -64.90484619 0.65098039 0.74117647 0.85882353
v -0.81903362 0.76036412 -64.89463043 0.65098039 0.74117647 0.85882353
v -0.82021695 0.76494795 -64.89639282 0.65098039 0.74117647 0.85882353
v -0.76842475 0.72028989 -64.93827057 0.65098039 0.74117647 0.85882353
v -0.76208639 0.71297938 -64.94107056 0.65098039 0.74117647 0.85882353
v -0.81206667 0.74340206 -64.89955902 0.65098039 0.74117647 0.85882353
v -0.80600595 0.73074931 -64.89978027 0.65098039 0.74117647 0.85882353
v -0.83295643 0.78361273 -64.89475250 0.65098039 0.74117647 0.85882353
v -0.83067238 0.78076839 -64.89597321 0.65098039 0.74117647 0.85882353
v -0.82637364 0.77036452 -64.89504242 0.65098039 0.74117647 0.85882353
v -0.82399035 0.76709467 -64.89607239 0.65098039 0.74117647 0.85882353
v -0.75554556 0.70461506 -64.94376373 0.65098039 0.74117647 0.85882353
v -0.77583110 0.72412163 -64.93224335 0.65098039 0.74117647 0.85882353
v -0.74340332 0.68657726 -64.94870758 0.65098039 0.74117647 0.85882353
v -0.73880684 0.67704910 -64.95056152 0.65098039 0.74117647 0.85882353
v -0.72687292 0.67095703 -64.94692230 0.65098039 0.74117647 0.85882353
v -0.72517806 0.66071433 -64.94341278 0.65098039 0.74117647 0.85882353
v -0.71337330 0.52564174 -64.87606049 0.65098039 0.74117647 0.85882353
v -0.72115910 0.57685089 -64.90158081 0.65098039 0.74117647 0.85882353
v -0.72130907 0.56500167 -64.89053345 0.65098039 0.74117647 0.85882353
v -0.72235394 0.59300703 -64.90932465 0.65098039 0.74117647 0.85882353
v -0.72495168 0.65070301 -64.93750000 0.65098039 0.74117647 0.85882353
v -0.74907529 0.69586378 -64.94644165 0.65098039 0.74117647 0.85882353
v -0.81838393 0.75526321 -64.89674377 0.65098039 0.74117647 0.85882353
v -0.81519443 0.75081539 -64.89957428 0.65098039 0.74117647 0.85882353
v -0.82895362 0.77719063 -64.89600372 0.65098039 0.74117647 0.85882353
v -0.82768828 0.77379870 -64.89552307 0.65098039 0.74117647 0.85882353
v -0.73758692 0.62074697 -64.92823029 0.65098039 0.74117647 0.85882353
v -0.73775798 0.60500818 -64.91993713 0.65098039 0.74117647 0.85882353
v -0.71804416 0.54673094 -64.88284302 0.65098039 0.74117647 0.85882353
v -0.72282612 0.49632859 -64.87779999 0.65098039 0.74117647 0.85882353
v -0.71922833 0.47100711 -64.87961578 0.65098039 0.74117647 0.85882353
v -0.73755306 0.63541013 -64.93515015 0.65098039 0.74117647 0.85882353
v -0.71680456 0.44792378 -64.88196564 0.65098039 0.74117647 0.85882353
v -0.55176544 0.07894160 -65.07350159 0.65098039 0.74117647 0.85882353
v -0.56852978 0.06584083 -65.09535980 0.65098039 0.74117647 0.85882353
v -0.57197738 0.08607931 -65.10979462 0.65098039 0.74117647 0.85882353
v -0.55921537 0.09648465 -65.09401703 0.65098039 0.74117647 0.85882353
v -0.54799330 0.13811226 -65.07355499 0.65098039 0.74117647 0.85882353
v -0.54452908 0.16446055 -65.06812286 0.65098039 0.74117647 0.85882353
v -0.54276448 0.19207498 -65.06305695 0.65098039 0.74117647 0.85882353
v -0.58949769 0.08170797 -65.12571716 0.65098039 0.74117647 0.85882353
v -0.60958338 0.10339503 -65.14739990 0.65098039 0.74117647 0.85882353
v -0.61173213 0.08181705 -65.13940430 0.65098039 0.74117647 0.85882353
v -0.55325949 0.19341482 -65.08922577 0.65098039 0.74117647 0.85882353
v -0.55533290 0.16739823 -65.09395599 0.65098039 0.74117647 0.85882353
v -0.56397390 0.10644649 -65.10554504 0.65098039 0.74117647 0.85882353
v -0.56035942 0.12040679 -65.10260010 0.65098039 0.74117647 0.85882353
v -0.55126375 0.11402942 -65.08245850 0.65098039 0.74117647 0.85882353
v -0.58806705 0.10195117 -65.13312531 0.65098039 0.74117647 0.85882353
v -0.57303774 0.10309227 -65.11779022 0.65098039 0.74117647 0.85882353
v -0.63222420 0.26146269 -65.12528229 0.65098039 0.74117647 0.85882353
v -0.62827110 0.24185608 -65.13474274 0.65098039 0.74117647 0.85882353
v -0.65512675 0.24308328 -65.14079285 0.65098039 0.74117647 0.85882353
v -0.56050700 0.26113391 -65.07495880 0.65098039 0.74117647 0.85882353
v -0.57094222 0.24254470 -65.10006714 0.65098039 0.74117647 0.85882353
v -0.70016807 0.10449828 -65.14919281 0.65098039 0.74117647 0.85882353
v -0.57152951 0.12179147 -65.12041473 0.65098039 0.74117647 0.85882353
v -0.60759044 0.12699659 -65.15174866 0.65098039 0.74117647 0.85882353
v -0.58701122 0.12386455 -65.13663483 0.65098039 0.74117647 0.85882353
v -0.60267049 0.19849557 -65.14238739 0.65098039 0.74117647 0.85882353
v -0.58321798 0.19634697 -65.12817383 0.65098039 0.74117647 0.85882353
v -0.58447909 0.17274286 -65.13427734 0.65098039 0.74117647 0.85882353
v -0.60379839 0.17539595 -65.14878082 0.65098039 0.74117647 0.85882353
v -0.56709629 0.19403231 -65.11099243 0.65098039 0.74117647 0.85882353
v -0.56773281 0.21993698 -65.10586548 0.65098039 0.74117647 0.85882353
v -0.60360444 0.22082065 -65.13491058 0.65098039 0.74117647 0.85882353
v -0.58433557 0.22022986 -65.12180328 0.65098039 0.74117647 0.85882353
v -0.58795708 0.24290077 -65.11505127 0.65098039 0.74117647 0.85882353
v -0.56872916 0.16877611 -65.11611176 0.65098039 0.74117647 0.85882353
v -0.60625774 0.15117557 -65.15250397 0.65098039 0.74117647 0.85882353
v -0.63181138 0.15345292 -65.16313934 0.65098039 0.74117647 0.85882353
v -0.66008443 0.15694527 -65.16704559 0.65098039 0.74117647 0.85882353
v -0.68897057 0.15751748 -65.16893005 0.65098039 0.74117647 0.85882353
v -0.68764371 0.18058118 -65.16788483 0.65098039 0.74117647 0.85882353
v -0.60666347 0.24224247 -65.12641907 0.65098039 0.74117647 0.85882353
v -0.61705256 0.28149080 -65.11057281 0.65098039 0.74117647 0.85882353
v -0.61112124 0.26198012 -65.11803436 0.65098039 0.74117647 0.85882353
v -0.62440646 0.34638053 -65.09265137 0.65098039 0.74117647 0.85882353
v -0.65367371 -0.15480943 -64.94252014 0.65098039 0.74117647 0.85882353
v -0.72644150 0.05288257 -65.03801727 0.65098039 0.74117647 0.85882353
v -0.73140657 0.04837056 -65.01390839 0.65098039 0.74117647 0.85882353
v -0.55157304 0.10222541 -64.95165253 0.65098039 0.74117647 0.85882353
v -0.53691828 0.08747478 -65.02478027 0.65098039 0.74117647 0.85882353
v -0.54334223 0.10321696 -65.05590057 0.65098039 0.74117647 0.85882353
v -0.72556442 0.04518409 -64.97080231 0.65098039 0.74117647 0.85882353
v -0.71048295 0.04875953 -64.94712830 0.65098039 0.74117647 0.85882353
v -0.57295561 0.09543158 -64.92754364 0.65098039 0.74117647 0.85882353
v -0.62891716 0.06618287 -64.91461945 0.65098039 0.74117647 0.85882353
v -0.73147130 0.04554237 -64.99346924 0.65098039 0.74117647 0.85882353
v -0.55760020 0.14263998 -65.09848022 0.65098039 0.74117647 0.85882353
v -0.57028484 0.14396738 -65.11918640 0.65098039 0.74117647 0.85882353
v -0.58569419 0.14786215 -65.13732910 0.65098039 0.74117647 0.85882353
v -0.63376379 0.12992109 -65.16249847 0.65098039 0.74117647 0.85882353
v -0.66339672 0.13453831 -65.16630554 0.65098039 0.74117647 0.85882353
v -0.69188994 0.13665085 -65.16595459 0.65098039 0.74117647 0.85882353
v -0.71436232 0.09311442 -64.92297363 0.65098039 0.74117647 0.85882353
v -0.72615045 0.10308202 -64.92231750 0.65098039 0.74117647 0.85882353
v -0.71894270 0.10327049 -64.92040253 0.65098039 0.74117647 0.85882353
v -0.73478687 0.11665364 -64.92237091 0.65098039 0.74117647 0.85882353
v -0.73409986 0.10335337 -64.92618561 0.65098039 0.74117647 0.85882353
v -0.72507262 0.09008421 -64.92804718 0.65098039 0.74117647 0.85882353
v -0.73295981 0.09073837 -64.93282318 0.65098039 0.74117647 0.85882353
v -0.73160499 0.07912226 -64.94276428 0.65098039 0.74117647 0.85882353
v -0.65786272 0.20384932 -64.90649414 0.65098039 0.74117647 0.85882353
v -0.63520622 0.20945635 -64.91460419 0.65098039 0.74117647 0.85882353
v -0.71986437 0.19682834 -64.90015411 0.65098039 0.74117647 0.85882353
v -0.70110947 0.19778146 -64.89950562 0.65098039 0.74117647 0.85882353
v -0.56988144 0.23376264 -64.95381165 0.65098039 0.74117647 0.85882353
v -0.68040466 0.19998768 -64.90120697 0.65098039 0.74117647 0.85882353
v -0.61253923 0.21658640 -64.92453766 0.65098039 0.74117647 0.85882353
v -0.58906525 0.22477894 -64.93734741 0.65098039 0.74117647 0.85882353
v -0.68726289 0.22597036 -65.15475464 0.65098039 0.74117647 0.85882353
v -0.68671709 0.24739526 -65.14591217 0.65098039 0.74117647 0.85882353
v -0.73661262 0.19666037 -64.90314484 0.65098039 0.74117647 0.85882353
v -0.79564804 0.72401696 -64.90882111 0.65098039 0.74117647 0.85882353
v -0.78512245 0.72421461 -64.92163086 0.65098039 0.74117647 0.85882353
v -0.86461878 0.89740294 -64.91836548 0.65098039 0.74117647 0.85882353
v -0.72083694 0.74271786 -65.04177094 0.65098039 0.74117647 0.85882353
v -0.85252798 0.84348673 -64.90288544 0.65098039 0.74117647 0.85882353
v -0.82144362 0.76409358 -64.89765167 0.65098039 0.74117647 0.85882353
v -0.83544672 0.78512388 -64.89239502 0.65098039 0.74117647 0.85882353
v -0.73581928 0.66713595 -64.95101929 0.65098039 0.74117647 0.85882353
v -0.73516977 0.65648741 -64.94832611 0.65098039 0.74117647 0.85882353
v -0.72128201 0.05938669 -65.03227997 0.65098039 0.74117647 0.85882353
v -0.73648322 0.64634401 -64.94176483 0.65098039 0.74117647 0.85882353
v -0.71847111 0.06009389 -65.04657745 0.65098039 0.74117647 0.85882353
v -0.67344278 0.42450148 -65.08485413 0.65098039 0.74117647 0.85882353
v -0.79918385 -0.45057166 -65.28955841 0.65098039 0.74117647 0.85882353
v -0.79934251 -0.43889445 -65.29868317 0.65098039 0.74117647 0.85882353
v -0.80517137 -0.46173060 -65.31729126 0.65098039 0.74117647 0.85882353
v -0.80566210 -0.47103721 -65.30729675 0.65098039 0.74117647 0.85882353
v -0.77816653 -0.42170554 -65.31757355 0.65098039 0.74117647 0.85882353
v -0.79011089 -0.42544311 -65.31196594 0.65098039 0.74117647 0.85882353
v -0.76429236 -0.42358315 -65.32056427 0.65098039 0.74117647 0.85882353
v -0.75240159 -0.43074852 -65.31969452 0.65098039 0.74117647 0.85882353
v -0.76656228 -0.44981283 -65.33955383 0.65098039 0.74117647 0.85882353
v -0.77664065 -0.44291306 -65.34201813 0.65098039 0.74117647 0.85882353
v -0.74500245 -0.43952203 -65.31498718 0.65098039 0.74117647 0.85882353
v -0.75199831 -0.46682036 -65.32884979 0.65098039 0.74117647 0.85882353
v -0.74022365 -0.44956428 -65.30792999 0.65098039 0.74117647 0.85882353
v -0.73969114 -0.46404409 -65.29505157 0.65098039 0.74117647 0.85882353
v -0.75126290 -0.47965944 -65.31525421 0.65098039 0.74117647 0.85882353
v -0.74807853 -0.47786534 -65.28327179 0.65098039 0.74117647 0.85882353
v -0.75804633 -0.49186891 -65.30300140 0.65098039 0.74117647 0.85882353
v -0.76252520 -0.48313880 -65.27508545 0.65098039 0.74117647 0.85882353
v -0.79410821 -0.46301788 -65.28144073 0.65098039 0.74117647 0.85882353
v -0.80177110 -0.48318416 -65.29718018 0.65098039 0.74117647 0.85882353
v -0.78892589 -0.44199181 -65.33878326 0.65098039 0.74117647 0.85882353
v -0.79830891 -0.44711345 -65.33254242 0.65098039 0.74117647 0.85882353
v -0.80226082 -0.45458454 -65.32463837 0.65098039 0.74117647 0.85882353
v -0.79605037 -0.43115962 -65.30599976 0.65098039 0.74117647 0.85882353
v -0.81322610 -0.48314619 -65.33311462 0.65098039 0.74117647 0.85882353
v -0.81663793 -0.49224001 -65.32043457 0.65098039 0.74117647 0.85882353
v -0.79997253 -0.46188635 -65.35973358 0.65098039 0.74117647 0.85882353
v -0.80539924 -0.46988732 -65.35001373 0.65098039 0.74117647 0.85882353
v -0.77963603 -0.46833915 -65.35894012 0.65098039 0.74117647 0.85882353
v -0.78822643 -0.46107119 -65.36363983 0.65098039 0.74117647 0.85882353
v -0.75890887 -0.48415709 -65.34934235 0.65098039 0.74117647 0.85882353
v -0.76906526 -0.47596258 -65.35457611 0.65098039 0.74117647 0.85882353
v -0.75871533 -0.45792061 -65.33519745 0.65098039 0.74117647 0.85882353
v -0.75809288 -0.49543804 -65.33560181 0.65098039 0.74117647 0.85882353
v -0.76367271 -0.50826687 -65.31880951 0.65098039 0.74117647 0.85882353
v -0.81021708 -0.50464958 -65.30823517 0.65098039 0.74117647 0.85882353
v -0.80950546 -0.47694725 -65.34194183 0.65098039 0.74117647 0.85882353
v -0.74317694 -0.67489129 -65.26113129 0.65098039 0.74117647 0.85882353
v -0.74332416 -0.67103618 -65.25805664 0.65098039 0.74117647 0.85882353
v -0.74748564 -0.67100996 -65.25616455 0.65098039 0.74117647 0.85882353
v -0.74975204 -0.67541593 -65.25885773 0.65098039 0.74117647 0.85882353
v -0.77898014 -0.67968524 -65.24291992 0.65098039 0.74117647 0.85882353
v -0.77819824 -0.67336088 -65.23378754 0.65098039 0.74117647 0.85882353
v -0.78688681 -0.67209911 -65.23470306 0.65098039 0.74117647 0.85882353
v -0.79067785 -0.67932177 -65.24354553 0.65098039 0.74117647 0.85882353
v -0.76313829 -0.68011719 -65.24905396 0.65098039 0.74117647 0.85882353
v -0.76312244 -0.68027252 -65.25400543 0.65098039 0.74117647 0.85882353
v -0.75845778 -0.68025446 -65.25581360 0.65098039 0.74117647 0.85882353
v -0.75549281 -0.67997169 -65.25157166 0.65098039 0.74117647 0.85882353
v -0.72556448 -0.65261060 -65.28598022 0.65098039 0.74117647 0.85882353
v -0.72697693 -0.65421683 -65.29082489 0.65098039 0.74117647 0.85882353
v -0.72299957 -0.65309316 -65.29302979 0.65098039 0.74117647 0.85882353
v -0.72072786 -0.65132719 -65.28991699 0.65098039 0.74117647 0.85882353
v -0.73741788 -0.66732877 -65.27133942 0.65098039 0.74117647 0.85882353
v -0.73868304 -0.66861802 -65.27649689 0.65098039 0.74117647 0.85882353
v -0.73473084 -0.66749233 -65.27825928 0.65098039 0.74117647 0.85882353
v -0.73205584 -0.66631854 -65.27531433 0.65098039 0.74117647 0.85882353
v -0.77814645 -0.65433633 -65.24920654 0.65098039 0.74117647 0.85882353
v -0.79105043 -0.65040094 -65.24640656 0.65098039 0.74117647 0.85882353
v -0.78954268 -0.66384572 -65.23989105 0.65098039 0.74117647 0.85882353
v -0.77702039 -0.66496760 -65.23992920 0.65098039 0.74117647 0.85882353
v -0.79770601 -0.66714054 -65.24672699 0.65098039 0.74117647 0.85882353
v -0.80000347 -0.65425020 -65.25498199 0.65098039 0.74117647 0.85882353
v -0.79552263 -0.65962249 -65.26302338 0.65098039 0.74117647 0.85882353
v -0.79274642 -0.66932279 -65.25357819 0.65098039 0.74117647 0.85882353
v -0.78330833 -0.66303664 -65.26445007 0.65098039 0.74117647 0.85882353
v -0.78169185 -0.67165285 -65.25572205 0.65098039 0.74117647 0.85882353
v -0.77473205 -0.66169232 -65.25875092 0.65098039 0.74117647 0.85882353
v -0.77114356 -0.67123324 -65.24895477 0.65098039 0.74117647 0.85882353
v -0.75587934 -0.66311961 -65.26222229 0.65098039 0.74117647 0.85882353
v -0.75857222 -0.65763265 -65.25522614 0.65098039 0.74117647 0.85882353
v -0.75605196 -0.66916543 -65.24980164 0.65098039 0.74117647 0.85882353
v -0.75192356 -0.67307705 -65.25666046 0.65098039 0.74117647 0.85882353
v -0.76882523 -0.65858215 -65.25151825 0.65098039 0.74117647 0.85882353
v -0.76385617 -0.66949755 -65.24708557 0.65098039 0.74117647 0.85882353
v -0.77503562 -0.66531760 -65.25807190 0.65098039 0.74117647 0.85882353
v -0.77147734 -0.66692919 -65.26533508 0.65098039 0.74117647 0.85882353
v -0.76687688 -0.67584115 -65.25773621 0.65098039 0.74117647 0.85882353
v -0.77062935 -0.67445338 -65.25021362 0.65098039 0.74117647 0.85882353
v -0.76238829 -0.66653615 -65.26788330 0.65098039 0.74117647 0.85882353
v -0.75844240 -0.67532057 -65.26119232 0.65098039 0.74117647 0.85882353
v -0.74299622 -0.65412199 -65.26502991 0.65098039 0.74117647 0.85882353
v -0.75304043 -0.65571016 -65.26119232 0.65098039 0.74117647 0.85882353
v -0.74988711 -0.66568881 -65.25831604 0.65098039 0.74117647 0.85882353
v -0.74257708 -0.66486448 -65.26095581 0.65098039 0.74117647 0.85882353
v -0.75597882 -0.67118329 -65.26235199 0.65098039 0.74117647 0.85882353
v -0.75858426 -0.66279310 -65.26729584 0.65098039 0.74117647 0.85882353
v -0.75479615 -0.66459447 -65.27365112 0.65098039 0.74117647 0.85882353
v -0.75174016 -0.67253035 -65.26742554 0.65098039 0.74117647 0.85882353
v -0.74587345 -0.66376454 -65.27636719 0.65098039 0.74117647 0.85882353
v -0.74473220 -0.67264003 -65.26990509 0.65098039 0.74117647 0.85882353
v -0.73987037 -0.65942961 -65.27112579 0.65098039 0.74117647 0.85882353
v -0.73943901 -0.66919380 -65.26620483 0.65098039 0.74117647 0.85882353
v -0.72780401 -0.65102172 -65.28477478 0.65098039 0.74117647 0.85882353
v -0.72943246 -0.64595741 -65.27854156 0.65098039 0.74117647 0.85882353
v -0.72987568 -0.65573126 -65.27449036 0.65098039 0.74117647 0.85882353
v -0.72894299 -0.66041595 -65.28025818 0.65098039 0.74117647 0.85882353
v -0.73652571 -0.64850348 -65.27417755 0.65098039 0.74117647 0.85882353
v -0.73534292 -0.65658486 -65.27112579 0.65098039 0.74117647 0.85882353
v -0.74121130 -0.66064519 -65.27236938 0.65098039 0.74117647 0.85882353
v -0.74062377 -0.65401232 -65.27574158 0.65098039 0.74117647 0.85882353
v -0.74088371 -0.65769213 -65.28466034 0.65098039 0.74117647 0.85882353
v -0.74116153 -0.66475827 -65.27981567 0.65098039 0.74117647 0.85882353
v -0.73343432 -0.65545517 -65.28923035 0.65098039 0.74117647 0.85882353
v -0.73406512 -0.66380960 -65.28337097 0.65098039 0.74117647 0.85882353
v -0.71833110 -0.63570613 -65.29423523 0.65098039 0.74117647 0.85882353
v -0.71848351 -0.64300907 -65.28961182 0.65098039 0.74117647 0.85882353
v -0.71847546 -0.64623600 -65.29498291 0.65098039 0.74117647 0.85882353
v -0.71906823 -0.63785392 -65.30117798 0.65098039 0.74117647 0.85882353
v -0.72371298 -0.63825953 -65.28845215 0.65098039 0.74117647 0.85882353
v -0.72364807 -0.64483136 -65.28575897 0.65098039 0.74117647 0.85882353
v -0.72864026 -0.64833719 -65.28776550 0.65098039 0.74117647 0.85882353
v -0.72728097 -0.64261979 -65.29031372 0.65098039 0.74117647 0.85882353
v -0.72972625 -0.64633173 -65.29842377 0.65098039 0.74117647 0.85882353
v -0.72976673 -0.65124744 -65.29448700 0.65098039 0.74117647 0.85882353
v -0.72423595 -0.64319128 -65.30269623 0.65098039 0.74117647 0.85882353
v -0.72319883 -0.65014428 -65.29805756 0.65098039 0.74117647 0.85882353
v -0.77601331 -0.64409280 -65.25902557 0.65098039 0.74117647 0.85882353
v -0.79164255 -0.63742840 -65.25382996 0.65098039 0.74117647 0.85882353
v -0.78935534 -0.67622906 -65.24757385 0.65098039 0.74117647 0.85882353
v -0.80073708 -0.64273590 -65.26356506 0.65098039 0.74117647 0.85882353
v -0.78304732 -0.67745620 -65.24874115 0.65098039 0.74117647 0.85882353
v -0.78066272 -0.65520549 -65.27339172 0.65098039 0.74117647 0.85882353
v -0.79579949 -0.64929110 -65.27235413 0.65098039 0.74117647 0.85882353
v -0.77644438 -0.65735823 -65.26200867 0.65098039 0.74117647 0.85882353
v -0.75607133 -0.67518693 -65.24733734 0.65098039 0.74117647 0.85882353
v -0.76200402 -0.65555066 -65.27990723 0.65098039 0.74117647 0.85882353
v -0.75930250 -0.65730006 -65.26932526 0.65098039 0.74117647 0.85882353
v -0.76090080 -0.67506182 -65.24563599 0.65098039 0.74117647 0.85882353
v -0.75887942 -0.64468592 -65.26535034 0.65098039 0.74117647 0.85882353
v -0.74334770 -0.64090031 -65.27706146 0.65098039 0.74117647 0.85882353
v -0.74918258 -0.67627126 -65.26378632 0.65098039 0.74117647 0.85882353
v -0.74543792 -0.67660797 -65.26538086 0.65098039 0.74117647 0.85882353
v -0.74538046 -0.65217048 -65.28936768 0.65098039 0.74117647 0.85882353
v -0.74026936 -0.65179783 -65.27649689 0.65098039 0.74117647 0.85882353
v -0.73123509 -0.66186523 -65.27185059 0.65098039 0.74117647 0.85882353
v -0.73279095 -0.64509541 -65.30062103 0.65098039 0.74117647 0.85882353
v -0.72706914 -0.64307195 -65.29022980 0.65098039 0.74117647 0.85882353
v -0.73484570 -0.66302383 -65.27014160 0.65098039 0.74117647 0.85882353
v -0.72890699 -0.63323182 -65.28894806 0.65098039 0.74117647 0.85882353
v -0.72104579 -0.64917427 -65.28794861 0.65098039 0.74117647 0.85882353
v -0.72514492 -0.63691229 -65.31101990 0.65098039 0.74117647 0.85882353
v -0.71906435 -0.62897295 -65.31008148 0.65098039 0.74117647 0.85882353
v -0.72339630 -0.64981133 -65.28527069 0.65098039 0.74117647 0.85882353
v -0.71942395 -0.62590891 -65.30058289 0.65098039 0.74117647 0.85882353
v -0.79281253 -0.49340236 -65.29083252 0.65098039 0.74117647 0.85882353
v -0.78647190 -0.47385007 -65.27570343 0.65098039 0.74117647 0.85882353
v -0.77580297 -0.48094261 -65.27392578 0.65098039 0.74117647 0.85882353
v -0.78158498 -0.49919063 -65.28940582 0.65098039 0.74117647 0.85882353
v -0.76977313 -0.49943364 -65.29326630 0.65098039 0.74117647 0.85882353
v -0.79792833 -0.51378512 -65.30037689 0.65098039 0.74117647 0.85882353
v -0.78436971 -0.51796818 -65.29943085 0.65098039 0.74117647 0.85882353
v -0.77385002 -0.51632351 -65.30657959 0.65098039 0.74117647 0.85882353
v -0.76014996 -0.50900972 -65.35368347 0.65098039 0.74117647 0.85882353
v -0.76279259 -0.49671209 -65.36721039 0.65098039 0.74117647 0.85882353
v -0.77612734 -0.48923504 -65.37150574 0.65098039 0.74117647 0.85882353
v -0.78651106 -0.48188978 -65.37723541 0.65098039 0.74117647 0.85882353
v -0.79660243 -0.47498858 -65.38226318 0.65098039 0.74117647 0.85882353
v -0.81412715 -0.52585047 -65.31713867 0.65098039 0.74117647 0.85882353
v -0.79995048 -0.53499109 -65.30445862 0.65098039 0.74117647 0.85882353
v -0.78425598 -0.53831488 -65.30210114 0.65098039 0.74117647 0.85882353
v -0.77230138 -0.53547186 -65.31200409 0.65098039 0.74117647 0.85882353
v -0.79623425 -0.62134439 -65.26075745 0.65098039 0.74117647 0.85882353
v -0.77842462 -0.62215596 -65.26345062 0.65098039 0.74117647 0.85882353
v -0.78319383 -0.60284168 -65.27150726 0.65098039 0.74117647 0.85882353
v -0.79973763 -0.60732132 -65.27576447 0.65098039 0.74117647 0.85882353
v -0.76304758 -0.62414414 -65.27276611 0.65098039 0.74117647 0.85882353
v -0.76651591 -0.60253495 -65.27991486 0.65098039 0.74117647 0.85882353
v -0.74840391 -0.62171727 -65.28472900 0.65098039 0.74117647 0.85882353
v -0.75321919 -0.60150433 -65.29302216 0.65098039 0.74117647 0.85882353
v -0.73477560 -0.61702114 -65.29752350 0.65098039 0.74117647 0.85882353
v -0.74161571 -0.59935910 -65.30691528 0.65098039 0.74117647 0.85882353
v -0.72331786 -0.61334640 -65.30989075 0.65098039 0.74117647 0.85882353
v -0.73127353 -0.59856170 -65.32148743 0.65098039 0.74117647 0.85882353
v -0.71973819 -0.61750525 -65.32118988 0.65098039 0.74117647 0.85882353
v -0.72581631 -0.60318893 -65.33422089 0.65098039 0.74117647 0.85882353
v -0.80568075 -0.63015360 -65.27341461 0.65098039 0.74117647 0.85882353
v -0.80654269 -0.61574572 -65.28831482 0.65098039 0.74117647 0.85882353
v -0.79916662 -0.63740247 -65.28533173 0.65098039 0.74117647 0.85882353
v -0.80031002 -0.62434739 -65.30059814 0.65098039 0.74117647 0.85882353
v -0.78406876 -0.63851589 -65.29117584 0.65098039 0.74117647 0.85882353
v -0.78631967 -0.62432295 -65.30658722 0.65098039 0.74117647 0.85882353
v -0.73205644 -0.61364490 -65.33832550 0.65098039 0.74117647 0.85882353
v -0.72716862 -0.62731642 -65.32397461 0.65098039 0.74117647 0.85882353
v -0.76701105 -0.63715899 -65.29922485 0.65098039 0.74117647 0.85882353
v -0.77010477 -0.62225503 -65.31457520 0.65098039 0.74117647 0.85882353
v -0.75148225 -0.63514978 -65.30886078 0.65098039 0.74117647 0.85882353
v -0.75552791 -0.62045616 -65.32447052 0.65098039 0.74117647 0.85882353
v -0.73837966 -0.63177377 -65.31762695 0.65098039 0.74117647 0.85882353
v -0.74289316 -0.61788076 -65.33305359 0.65098039 0.74117647 0.85882353
v -0.79089856 -0.58275431 -65.28517914 0.65098039 0.74117647 0.85882353
v -0.77200592 -0.57919383 -65.28779602 0.65098039 0.74117647 0.85882353
v -0.76031464 -0.57850415 -65.30159760 0.65098039 0.74117647 0.85882353
v -0.75004846 -0.57832855 -65.31762695 0.65098039 0.74117647 0.85882353
v -0.74139225 -0.58088934 -65.33526611 0.65098039 0.74117647 0.85882353
v -0.73523629 -0.58662391 -65.34899902 0.65098039 0.74117647 0.85882353
v -0.75526702 -0.55249220 -65.33173370 0.65098039 0.74117647 0.85882353
v -0.75173098 -0.56351042 -65.35281372 0.65098039 0.74117647 0.85882353
v -0.74781978 -0.57211357 -65.36506653 0.65098039 0.74117647 0.85882353
v -0.75833672 -0.55723447 -65.38108063 0.65098039 0.74117647 0.85882353
v -0.75931466 -0.54651529 -65.37082672 0.65098039 0.74117647 0.85882353
v -0.77521187 -0.52110869 -65.40025330 0.65098039 0.74117647 0.85882353
v -0.76748192 -0.53205127 -65.38686371 0.65098039 0.74117647 0.85882353
v -0.76617306 -0.54252625 -65.39763641 0.65098039 0.74117647 0.85882353
v -0.77460861 -0.53227049 -65.41261292 0.65098039 0.74117647 0.85882353
v -0.75922775 -0.53582281 -65.35408020 0.65098039 0.74117647 0.85882353
v -0.76545697 -0.52054518 -65.37070465 0.65098039 0.74117647 0.85882353
v -0.77359027 -0.50905222 -65.38161469 0.65098039 0.74117647 0.85882353
v -0.79515570 -0.51846617 -65.42624664 0.65098039 0.74117647 0.85882353
v -0.79216868 -0.50475276 -65.41575623 0.65098039 0.74117647 0.85882353
v -0.78264964 -0.51294756 -65.40927887 0.65098039 0.74117647 0.85882353
v -0.78338641 -0.52485090 -65.42169189 0.65098039 0.74117647 0.85882353
v -0.81316996 -0.51664394 -65.42614746 0.65098039 0.74117647 0.85882353
v -0.80964816 -0.50056672 -65.41757965 0.65098039 0.74117647 0.85882353
v -0.82449490 -0.50880408 -65.40595245 0.65098039 0.74117647 0.85882353
v -0.82816583 -0.52301240 -65.41512299 0.65098039 0.74117647 0.85882353
v -0.78964376 -0.49281520 -65.39590454 0.65098039 0.74117647 0.85882353
v -0.78159273 -0.50054491 -65.38941193 0.65098039 0.74117647 0.85882353
v -0.80302984 -0.48708802 -65.39948273 0.65098039 0.74117647 0.85882353
v -0.81614399 -0.49261802 -65.38989258 0.65098039 0.74117647 0.85882353
v -0.82709932 -0.52056551 -65.38972473 0.65098039 0.74117647 0.85882353
v -0.81924456 -0.50411433 -65.37619019 0.65098039 0.74117647 0.85882353
v -0.83232301 -0.53362274 -65.39910889 0.65098039 0.74117647 0.85882353
v -0.80358648 -0.59199977 -65.29502869 0.65098039 0.74117647 0.85882353
v -0.80639130 -0.59920818 -65.30603790 0.65098039 0.74117647 0.85882353
v -0.76590466 -0.55536312 -65.30793762 0.65098039 0.74117647 0.85882353
v -0.77916253 -0.55749422 -65.29628754 0.65098039 0.74117647 0.85882353
v -0.80015254 -0.55806953 -65.30158234 0.65098039 0.74117647 0.85882353
v -0.81173736 -0.57393062 -65.31378174 0.65098039 0.74117647 0.85882353
v -0.81078637 -0.58344477 -65.32672882 0.65098039 0.74117647 0.85882353
v -0.81964719 -0.56003428 -65.33399963 0.65098039 0.74117647 0.85882353
v -0.81624520 -0.56967312 -65.34539795 0.65098039 0.74117647 0.85882353
v -0.80066663 -0.60574627 -65.31649017 0.65098039 0.74117647 0.85882353
v -0.80342400 -0.58770144 -65.33521271 0.65098039 0.74117647 0.85882353
v -0.80999893 -0.57379442 -65.35339355 0.65098039 0.74117647 0.85882353
v -0.82452369 -0.54793608 -65.35151672 0.65098039 0.74117647 0.85882353
v -0.82311326 -0.55800587 -65.36178589 0.65098039 0.74117647 0.85882353
v -0.82512498 -0.53676796 -65.36589050 0.65098039 0.74117647 0.85882353
v -0.82737148 -0.54887205 -65.37503052 0.65098039 0.74117647 0.85882353
v -0.83031726 -0.54157978 -65.38646698 0.65098039 0.74117647 0.85882353
v -0.82552290 -0.52871722 -65.37732697 0.65098039 0.74117647 0.85882353
v -0.82139468 -0.51976001 -65.35565948 0.65098039 0.74117647 0.85882353
v -0.82030588 -0.51167494 -65.36557770 0.65098039 0.74117647 0.85882353
v -0.82086343 -0.53094572 -65.34172058 0.65098039 0.74117647 0.85882353
v -0.81613946 -0.54422289 -65.32346344 0.65098039 0.74117647 0.85882353
v -0.73969448 -0.59711915 -65.35435486 0.65098039 0.74117647 0.85882353
v -0.75008297 -0.58109820 -65.37054443 0.65098039 0.74117647 0.85882353
v -0.76145828 -0.56583375 -65.38577271 0.65098039 0.74117647 0.85882353
v -0.77130812 -0.55306512 -65.40273285 0.65098039 0.74117647 0.85882353
v -0.78138608 -0.54364699 -65.41596985 0.65098039 0.74117647 0.85882353
v -0.78975517 -0.53707284 -65.42326355 0.65098039 0.74117647 0.85882353
v -0.80004799 -0.53141296 -65.42702484 0.65098039 0.74117647 0.85882353
v -0.81398904 -0.52953142 -65.42498016 0.65098039 0.74117647 0.85882353
v -0.82496113 -0.53349012 -65.41731262 0.65098039 0.74117647 0.85882353
v -0.82803631 -0.54293281 -65.40552521 0.65098039 0.74117647 0.85882353
v -0.82679462 -0.55085105 -65.39508820 0.65098039 0.74117647 0.85882353
v -0.81786603 -0.56428391 -65.37020874 0.65098039 0.74117647 0.85882353
v -0.82383657 -0.55756015 -65.38381195 0.65098039 0.74117647 0.85882353
v -0.82130802 -0.51289606 -65.33147430 0.65098039 0.74117647 0.85882353
v -0.82008678 -0.50193030 -65.34497070 0.65098039 0.74117647 0.85882353
v -0.81670499 -0.49466711 -65.35405731 0.65098039 0.74117647 0.85882353
v -0.80791599 -0.47843271 -65.37473297 0.65098039 0.74117647 0.85882353
v -0.81217420 -0.48787308 -65.36290741 0.65098039 0.74117647 0.85882353
v -0.78903019 -0.60725588 -65.32481384 0.65098039 0.74117647 0.85882353
v -0.77413660 -0.60535252 -65.33290100 0.65098039 0.74117647 0.85882353
v -0.76067269 -0.60365802 -65.34231567 0.65098039 0.74117647 0.85882353
v -0.74929094 -0.60157472 -65.35028076 0.65098039 0.74117647 0.85882353
v -0.75817049 -0.58540672 -65.36759186 0.65098039 0.74117647 0.85882353
v -0.76868993 -0.58720827 -65.36090851 0.65098039 0.74117647 0.85882353
v -0.78176290 -0.58932430 -65.35264587 0.65098039 0.74117647 0.85882353
v -0.79404968 -0.58968192 -65.34313202 0.65098039 0.74117647 0.85882353
v -0.76932013 -0.57113343 -65.38356018 0.65098039 0.74117647 0.85882353
v -0.77875960 -0.57359815 -65.37776947 0.65098039 0.74117647 0.85882353
v -0.79124063 -0.57524997 -65.37073517 0.65098039 0.74117647 0.85882353
v -0.80170923 -0.57611006 -65.36176300 0.65098039 0.74117647 0.85882353
v -0.81069225 -0.56668562 -65.37869263 0.65098039 0.74117647 0.85882353
v -0.80148959 -0.56459624 -65.38689423 0.65098039 0.74117647 0.85882353
v -0.78995007 -0.56254810 -65.39305878 0.65098039 0.74117647 0.85882353
v -0.78090227 -0.55913621 -65.39906311 0.65098039 0.74117647 0.85882353
v -0.79015583 -0.54972041 -65.41082001 0.65098039 0.74117647 0.85882353
v -0.79859239 -0.55333370 -65.40434265 0.65098039 0.74117647 0.85882353
v -0.80880934 -0.55597478 -65.39842987 0.65098039 0.74117647 0.85882353
v -0.81660795 -0.55839825 -65.39162445 0.65098039 0.74117647 0.85882353
v -0.79667079 -0.54375547 -65.41724396 0.65098039 0.74117647 0.85882353
v -0.81262672 -0.53714257 -65.42086792 0.65098039 0.74117647 0.85882353
v -0.80369484 -0.53934979 -65.42089081 0.65098039 0.74117647 0.85882353
v -0.82016110 -0.53969395 -65.41660309 0.65098039 0.74117647 0.85882353
v -0.82120872 -0.54602712 -65.40843964 0.65098039 0.74117647 0.85882353
v -0.81964695 -0.55228364 -65.40036774 0.65098039 0.74117647 0.85882353
v -0.81454355 -0.54566914 -65.41069794 0.65098039 0.74117647 0.85882353
v -0.81221324 -0.55032301 -65.40525818 0.65098039 0.74117647 0.85882353
v -0.80347466 -0.54761225 -65.41081238 0.65098039 0.74117647 0.85882353
v -0.80771899 -0.54339898 -65.41496277 0.65098039 0.74117647 0.85882353
v -0.81553936 -0.54191756 -65.41493225 0.65098039 0.74117647 0.85882353
v -0.81199968 -0.54082781 -65.41702271 0.65098039 0.74117647 0.85882353
v -0.76465768 -0.52636868 -65.33255768 0.65098039 0.74117647 0.85882353
v -0.70671386 0.70071286 -65.06467438 0.65098039 0.74117647 0.85882353
v -0.68853873 0.62728018 -65.08956909 0.65098039 0.74117647 0.85882353
v -0.72042584 -0.31471056 -65.03405762 0.65098039 0.74117647 0.85882353
v -0.70771319 -0.32370496 -65.03264618 0.65098039 0.74117647 0.85882353
v -0.69248784 -0.32668579 -65.03147888 0.65098039 0.74117647 0.85882353
v -0.59972841 0.09308033 -64.91539764 0.65098039 0.74117647 0.85882353
v -0.64469004 0.31252235 -64.89453888 0.65098039 0.74117647 0.85882353
v -0.63381207 0.35633200 -64.88684845 0.65098039 0.74117647 0.85882353
v -0.63941848 0.33279163 -64.89143372 0.65098039 0.74117647 0.85882353
v -0.59999728 0.06558679 -64.91666412 0.65098039 0.74117647 0.85882353
v -0.57876569 0.39295244 -64.91863251 0.65098039 0.74117647 0.85882353
v -0.69534886 0.11986648 -65.15883636 0.65098039 0.74117647 0.85882353
v -0.68160909 0.59197551 -65.09474182 0.65098039 0.74117647 0.85882353
v -0.63259399 0.58598357 -64.87361145 0.65098039 0.74117647 0.85882353
v -0.68741381 0.20342663 -65.16210175 0.65098039 0.74117647 0.85882353
v -0.72677422 0.85917413 -64.93748474 0.65098039 0.74117647 0.85882353
v -0.72706604 0.85769564 -64.94009399 0.65098039 0.74117647 0.85882353
v -0.72548348 0.85454911 -64.94078064 0.65098039 0.74117647 0.85882353
v -0.72365993 0.85424203 -64.94482422 0.65098039 0.74117647 0.85882353
v -0.72197461 0.85351509 -64.94779968 0.65098039 0.74117647 0.85882353
v -0.72075719 0.85343999 -64.94959259 0.65098039 0.74117647 0.85882353
v -0.72355121 0.85616022 -64.94201660 0.65098039 0.74117647 0.85882353
v -0.72449726 0.85896164 -64.94524384 0.65098039 0.74117647 0.85882353
v -0.72489202 0.85790342 -64.94168854 0.65098039 0.74117647 0.85882353
v -0.72468734 0.85743994 -64.94050598 0.65098039 0.74117647 0.85882353
v -0.73669654 0.58764911 -64.91272736 0.65098039 0.74117647 0.85882353
v -0.73590285 0.57270616 -64.90446472 0.65098039 0.74117647 0.85882353
v -0.73405385 0.56041306 -64.89363861 0.65098039 0.74117647 0.85882353
v -0.73039281 0.54061359 -64.88757324 0.65098039 0.74117647 0.85882353
v -0.82080662 0.75947511 -64.89586639 0.65098039 0.74117647 0.85882353
v -0.73459816 0.26578516 -64.89438629 0.65098039 0.74117647 0.85882353
v -0.73274213 0.27795887 -64.89424133 0.65098039 0.74117647 0.85882353
v -0.68620759 0.35517704 -65.09428406 0.65098039 0.74117647 0.85882353
v -0.73676169 0.23197196 -64.89526367 0.65098039 0.74117647 0.85882353
v -0.73122311 0.29179436 -64.88852692 0.65098039 0.74117647 0.85882353
v -0.66944724 0.48543072 -65.09595490 0.65098039 0.74117647 0.85882353
v -0.72571057 0.51912135 -64.88158417 0.65098039 0.74117647 0.85882353
v -0.73674822 0.21539921 -64.89881897 0.65098039 0.74117647 0.85882353
v -0.67320430 0.53746361 -65.10433197 0.65098039 0.74117647 0.85882353
v -0.72773570 0.31072074 -64.88365936 0.65098039 0.74117647 0.85882353
v -0.73527998 0.13380440 -64.91885376 0.65098039 0.74117647 0.85882353
v -0.71867156 0.37581563 -64.87706757 0.65098039 0.74117647 0.85882353
v -0.88065326 0.86070770 -64.94814301 0.65098039 0.74117647 0.85882353
v -0.88177884 0.85079509 -64.96236420 0.65098039 0.74117647 0.85882353
v -0.87915170 0.84221584 -64.95037079 0.65098039 0.74117647 0.85882353
v -0.87667340 0.84835202 -64.93724060 0.65098039 0.74117647 0.85882353
v -0.87694263 0.83479452 -64.94216919 0.65098039 0.74117647 0.85882353
v -0.87422109 0.83783573 -64.93087769 0.65098039 0.74117647 0.85882353
v -0.87739736 0.84122902 -64.97250366 0.65098039 0.74117647 0.85882353
v -0.87772524 0.83519787 -64.96125793 0.65098039 0.74117647 0.85882353
v -0.86601901 0.80146807 -64.96870422 0.65098039 0.74117647 0.85882353
v -0.86762905 0.81090742 -64.96802521 0.65098039 0.74117647 0.85882353
v -0.86587822 0.80826360 -64.97759247 0.65098039 0.74117647 0.85882353
v -0.86240113 0.79664636 -64.97843170 0.65098039 0.74117647 0.85882353
v -0.85535723 0.77636909 -64.96777344 0.65098039 0.74117647 0.85882353
v -0.84716564 0.76959652 -64.97698975 0.65098039 0.74117647 0.85882353
v -0.84624332 0.76180452 -64.96488953 0.65098039 0.74117647 0.85882353
v -0.85288274 0.76973253 -64.95687103 0.65098039 0.74117647 0.85882353
v -0.84668720 0.79030442 -64.92126465 0.65098039 0.74117647 0.85882353
v -0.85017765 0.79513735 -64.92482758 0.65098039 0.74117647 0.85882353
v -0.85206109 0.78814656 -64.92840576 0.65098039 0.74117647 0.85882353
v -0.84749031 0.78278989 -64.92462921 0.65098039 0.74117647 0.85882353
v -0.84680200 0.80198473 -64.91203308 0.65098039 0.74117647 0.85882353
v -0.84838319 0.80557674 -64.90465546 0.65098039 0.74117647 0.85882353
v -0.84808463 0.81127006 -64.90940094 0.65098039 0.74117647 0.85882353
v -0.84739524 0.80674273 -64.91611481 0.65098039 0.74117647 0.85882353
v -0.84153521 0.78658897 -64.91696930 0.65098039 0.74117647 0.85882353
v -0.84189761 0.77892554 -64.92085266 0.65098039 0.74117647 0.85882353
v -0.84491056 0.79287750 -64.91394043 0.65098039 0.74117647 0.85882353
v -0.84608293 0.79685277 -64.91768646 0.65098039 0.74117647 0.85882353
v -0.84670353 0.78726494 -64.90281677 0.65098039 0.74117647 0.85882353
v -0.84733486 0.78785372 -64.89729309 0.65098039 0.74117647 0.85882353
v -0.85010231 0.79292244 -64.89799500 0.65098039 0.74117647 0.85882353
v -0.84835851 0.79161710 -64.90504456 0.65098039 0.74117647 0.85882353
v -0.84341294 0.78627986 -64.91233826 0.65098039 0.74117647 0.85882353
v -0.84087676 0.78420389 -64.90821075 0.65098039 0.74117647 0.85882353
v -0.84445912 0.78595644 -64.90679169 0.65098039 0.74117647 0.85882353
v -0.84618598 0.78905523 -64.91020203 0.65098039 0.74117647 0.85882353
v -0.84687924 0.79694813 -64.90811157 0.65098039 0.74117647 0.85882353
v -0.84926653 0.79952282 -64.90077209 0.65098039 0.74117647 0.85882353
v -0.85046136 0.80123883 -64.89308929 0.65098039 0.74117647 0.85882353
v -0.85042328 0.79312861 -64.88996887 0.65098039 0.74117647 0.85882353
v -0.84726995 0.76772994 -64.93382263 0.65098039 0.74117647 0.85882353
v -0.84324765 0.76556683 -64.92857361 0.65098039 0.74117647 0.85882353
v -0.84314054 0.77203017 -64.92450714 0.65098039 0.74117647 0.85882353
v -0.84812927 0.77510864 -64.92868805 0.65098039 0.74117647 0.85882353
v -0.83847815 0.78140807 -64.91126251 0.65098039 0.74117647 0.85882353
v -0.83545983 0.76534110 -64.91036987 0.65098039 0.74117647 0.85882353
v -0.83375359 0.76759082 -64.90420532 0.65098039 0.74117647 0.85882353
v -0.83519030 0.77146035 -64.90464783 0.65098039 0.74117647 0.85882353
v -0.83727098 0.76915914 -64.91133118 0.65098039 0.74117647 0.85882353
v -0.84143263 0.75371081 -64.94316864 0.65098039 0.74117647 0.85882353
v -0.83644426 0.74643415 -64.94566345 0.65098039 0.74117647 0.85882353
v -0.83535153 0.74777621 -64.93665314 0.65098039 0.74117647 0.85882353
v -0.83918941 0.75370663 -64.93549347 0.65098039 0.74117647 0.85882353
v -0.83081287 0.74260771 -64.93528748 0.65098039 0.74117647 0.85882353
v -0.83026129 0.73946887 -64.94495392 0.65098039 0.74117647 0.85882353
v -0.81858367 0.72749233 -64.93560028 0.65098039 0.74117647 0.85882353
v -0.82257110 0.73400533 -64.92544556 0.65098039 0.74117647 0.85882353
v -0.82633549 0.73826760 -64.93145752 0.65098039 0.74117647 0.85882353
v -0.82428420 0.73335975 -64.94157410 0.65098039 0.74117647 0.85882353
v -0.82104796 0.74139136 -64.91259766 0.65098039 0.74117647 0.85882353
v -0.81913060 0.73047823 -64.91775513 0.65098039 0.74117647 0.85882353
v -0.81569648 0.72864074 -64.90987396 0.65098039 0.74117647 0.85882353
v -0.81778014 0.74144417 -64.90695953 0.65098039 0.74117647 0.85882353
v -0.83079302 0.76042503 -64.91278839 0.65098039 0.74117647 0.85882353
v -0.83339536 0.76260704 -64.91110229 0.65098039 0.74117647 0.85882353
v -0.83421504 0.76097399 -64.91612244 0.65098039 0.74117647 0.85882353
v -0.83217055 0.75940788 -64.91715240 0.65098039 0.74117647 0.85882353
v -0.83359087 0.75835806 -64.92190552 0.65098039 0.74117647 0.85882353
v -0.83421940 0.75897783 -64.92119598 0.65098039 0.74117647 0.85882353
v -0.83555937 0.75927919 -64.92232513 0.65098039 0.74117647 0.85882353
v -0.83432734 0.75784802 -64.92354584 0.65098039 0.74117647 0.85882353
v -0.83283311 0.75879616 -64.91989899 0.65098039 0.74117647 0.85882353
v -0.83262050 0.75762254 -64.92094421 0.65098039 0.74117647 0.85882353
v -0.83157146 0.75716799 -64.91835022 0.65098039 0.74117647 0.85882353
v -0.83046418 0.75696611 -64.91390991 0.65098039 0.74117647 0.85882353
v -0.82424134 0.75802118 -64.89981842 0.65098039 0.74117647 0.85882353
v -0.82449818 0.76297879 -64.90060425 0.65098039 0.74117647 0.85882353
v -0.82624996 0.76214761 -64.90335083 0.65098039 0.74117647 0.85882353
v -0.82687229 0.75743228 -64.90320587 0.65098039 0.74117647 0.85882353
v -0.83611953 0.76087058 -64.91996765 0.65098039 0.74117647 0.85882353
v -0.83628911 0.76297337 -64.91621399 0.65098039 0.74117647 0.85882353
v -0.83840424 0.76572829 -64.91733551 0.65098039 0.74117647 0.85882353
v -0.83829492 0.76232499 -64.92160034 0.65098039 0.74117647 0.85882353
v -0.84073550 0.76405233 -64.92452240 0.65098039 0.74117647 0.85882353
v -0.83956146 0.75957710 -64.92786407 0.65098039 0.74117647 0.85882353
v -0.83735156 0.75947517 -64.92445374 0.65098039 0.74117647 0.85882353
v -0.83283883 0.75635153 -64.92303467 0.65098039 0.74117647 0.85882353
v -0.83561879 0.75680703 -64.92617035 0.65098039 0.74117647 0.85882353
v -0.83329946 0.75427681 -64.92619324 0.65098039 0.74117647 0.85882353
v -0.83113992 0.75191069 -64.92389679 0.65098039 0.74117647 0.85882353
v -0.83145070 0.75495976 -64.92041779 0.65098039 0.74117647 0.85882353
v -0.83011872 0.75381774 -64.91596985 0.65098039 0.74117647 0.85882353
v -0.82904488 0.74987286 -64.91963959 0.65098039 0.74117647 0.85882353
v -0.82648134 0.74860448 -64.91402435 0.65098039 0.74117647 0.85882353
v -0.82826221 0.75297362 -64.91016388 0.65098039 0.74117647 0.85882353
v -0.84028143 0.76879388 -64.91992950 0.65098039 0.74117647 0.85882353
v -0.83733487 0.75530165 -64.93003845 0.65098039 0.74117647 0.85882353
v -0.84209585 0.75988126 -64.93250275 0.65098039 0.74117647 0.85882353
v -0.83407915 0.75094944 -64.93058777 0.65098039 0.74117647 0.85882353
v -0.83055836 0.74731153 -64.92847443 0.65098039 0.74117647 0.85882353
v -0.82403326 0.74215573 -64.91865540 0.65098039 0.74117647 0.85882353
v -0.82738686 0.74421066 -64.92436981 0.65098039 0.74117647 0.85882353
v -0.81307554 0.72303194 -64.92767334 0.65098039 0.74117647 0.85882353
v -0.80707884 0.72106284 -64.91955566 0.65098039 0.74117647 0.85882353
v -0.87307072 0.82929331 -64.93875122 0.65098039 0.74117647 0.85882353
v -0.86913407 0.83174974 -64.93067169 0.65098039 0.74117647 0.85882353
v -0.86931252 0.82270664 -64.94147491 0.65098039 0.74117647 0.85882353
v -0.86820024 0.82403064 -64.93739319 0.65098039 0.74117647 0.85882353
v -0.86952233 0.82631928 -64.93782043 0.65098039 0.74117647 0.85882353
v -0.87048441 0.82451588 -64.94314575 0.65098039 0.74117647 0.85882353
v -0.86740023 0.81375337 -64.96041107 0.65098039 0.74117647 0.85882353
v -0.86631048 0.80701870 -64.96119690 0.65098039 0.74117647 0.85882353
v -0.86557573 0.81243539 -64.95507050 0.65098039 0.74117647 0.85882353
v -0.86728477 0.81622106 -64.95406342 0.65098039 0.74117647 0.85882353
v -0.86220884 0.80589873 -64.94433594 0.65098039 0.74117647 0.85882353
v -0.86387992 0.81286031 -64.94192505 0.65098039 0.74117647 0.85882353
v -0.86474657 0.81304151 -64.94559479 0.65098039 0.74117647 0.85882353
v -0.86362696 0.80651337 -64.94943237 0.65098039 0.74117647 0.85882353
v -0.86203361 0.81309122 -64.93798065 0.65098039 0.74117647 0.85882353
v -0.85992628 0.80689150 -64.93936920 0.65098039 0.74117647 0.85882353
v -0.85778201 0.80913395 -64.93511200 0.65098039 0.74117647 0.85882353
v -0.85965317 0.81446862 -64.93468475 0.65098039 0.74117647 0.85882353
v -0.86574495 0.82876492 -64.93238068 0.65098039 0.74117647 0.85882353
v -0.86486733 0.82585150 -64.93306732 0.65098039 0.74117647 0.85882353
v -0.85999084 0.82731766 -64.92991638 0.65098039 0.74117647 0.85882353
v -0.86023527 0.83083826 -64.92850494 0.65098039 0.74117647 0.85882353
v -0.84855777 0.82424492 -64.92686462 0.65098039 0.74117647 0.85882353
v -0.84739232 0.82452625 -64.92363739 0.65098039 0.74117647 0.85882353
v -0.84948492 0.82832915 -64.92378235 0.65098039 0.74117647 0.85882353
v -0.85045916 0.82625204 -64.92689514 0.65098039 0.74117647 0.85882353
v -0.84944689 0.82211822 -64.92712402 0.65098039 0.74117647 0.85882353
v -0.84801751 0.82091081 -64.92490387 0.65098039 0.74117647 0.85882353
v -0.88096434 0.88353938 -64.94772339 0.65098039 0.74117647 0.85882353
v -0.88484633 0.87277263 -64.96269989 0.65098039 0.74117647 0.85882353
v -0.87829065 0.86743391 -64.93347168 0.65098039 0.74117647 0.85882353
v -0.88410348 0.85967118 -64.97605896 0.65098039 0.74117647 0.85882353
v -0.87852180 0.84681195 -64.98587799 0.65098039 0.74117647 0.85882353
v -0.83934021 0.75401413 -64.97087097 0.65098039 0.74117647 0.85882353
v -0.83797276 0.74841172 -64.95748901 0.65098039 0.74117647 0.85882353
v -0.84387523 0.75652772 -64.95327759 0.65098039 0.74117647 0.85882353
v -0.83100867 0.74510294 -64.97350311 0.65098039 0.74117647 0.85882353
v -0.83021486 0.73976690 -64.95805359 0.65098039 0.74117647 0.85882353
v -0.81224453 0.72576255 -64.95058441 0.65098039 0.74117647 0.85882353
v -0.82191342 0.73180562 -64.95608521 0.65098039 0.74117647 0.85882353
v -0.83062291 0.75482196 -64.99044800 0.65098039 0.74117647 0.85882353
v -0.82184374 0.74854904 -64.99341583 0.65098039 0.74117647 0.85882353
v -0.82060325 0.73692387 -64.97463226 0.65098039 0.74117647 0.85882353
v -0.82256794 0.76264149 -65.00755310 0.65098039 0.74117647 0.85882353
v -0.81515509 0.76192266 -65.01199341 0.65098039 0.74117647 0.85882353
v -0.80889016 0.74331921 -64.99740601 0.65098039 0.74117647 0.85882353
v -0.78815204 0.71414107 -64.97916412 0.65098039 0.74117647 0.85882353
v -0.79376632 0.71725744 -64.99575806 0.65098039 0.74117647 0.85882353
v -0.78986561 0.70584744 -64.99792480 0.65098039 0.74117647 0.85882353
v -0.78510654 0.70315808 -64.98077393 0.65098039 0.74117647 0.85882353
v -0.83896279 0.76248544 -64.98574829 0.65098039 0.74117647 0.85882353
v -0.86665040 0.81948102 -64.98612213 0.65098039 0.74117647 0.85882353
v -0.86151665 0.80608147 -64.98940277 0.65098039 0.74117647 0.85882353
v -0.86931938 0.81936485 -64.97453308 0.65098039 0.74117647 0.85882353
v -0.87861288 0.87942129 -65.01025391 0.65098039 0.74117647 0.85882353
v -0.87417489 0.86107141 -65.01474762 0.65098039 0.74117647 0.85882353
v -0.87706542 0.85415459 -65.00022125 0.65098039 0.74117647 0.85882353
v -0.88306308 0.86966836 -64.99215698 0.65098039 0.74117647 0.85882353
v -0.87234432 0.91655868 -64.98752594 0.65098039 0.74117647 0.85882353
v -0.87748611 0.89877039 -65.00046539 0.65098039 0.74117647 0.85882353
v -0.88427001 0.88650960 -64.97997284 0.65098039 0.74117647 0.85882353
v -0.87985408 0.90127224 -64.96499634 0.65098039 0.74117647 0.85882353
v -0.86774707 0.86617988 -65.02960205 0.65098039 0.74117647 0.85882353
v -0.86888576 0.88466209 -65.02818298 0.65098039 0.74117647 0.85882353
v -0.85656184 0.88428897 -65.04621887 0.65098039 0.74117647 0.85882353
v -0.85885644 0.86702609 -65.04256439 0.65098039 0.74117647 0.85882353
v -0.86473203 0.90538341 -65.02283478 0.65098039 0.74117647 0.85882353
v -0.85003030 0.90562171 -65.04473877 0.65098039 0.74117647 0.85882353
v -0.81121945 0.76739305 -65.02205658 0.65098039 0.74117647 0.85882353
v -0.80444521 0.75001305 -65.01605988 0.65098039 0.74117647 0.85882353
v -0.79853940 0.73504108 -65.01258850 0.65098039 0.74117647 0.85882353
v -0.79886776 0.73025888 -64.99479675 0.65098039 0.74117647 0.85882353
v -0.83903027 0.92418057 -65.03990173 0.65098039 0.74117647 0.85882353
v -0.85712421 0.92426151 -65.01409912 0.65098039 0.74117647 0.85882353
v -0.81680870 0.85493678 -65.06984711 0.65098039 0.74117647 0.85882353
v -0.82565308 0.84217596 -65.06178284 0.65098039 0.74117647 0.85882353
v -0.83800161 0.85328132 -65.05765533 0.65098039 0.74117647 0.85882353
v -0.82903683 0.86940467 -65.06759644 0.65098039 0.74117647 0.85882353
v -0.80408639 0.86828262 -65.07651520 0.65098039 0.74117647 0.85882353
v -0.81717479 0.88520235 -65.07324982 0.65098039 0.74117647 0.85882353
v -0.79058850 0.80615693 -65.05864716 0.65098039 0.74117647 0.85882353
v -0.77781337 0.81435555 -65.06354523 0.65098039 0.74117647 0.85882353
v -0.77308518 0.79618663 -65.05408478 0.65098039 0.74117647 0.85882353
v -0.78481054 0.79027146 -65.04862213 0.65098039 0.74117647 0.85882353
v -0.87752157 0.82970089 -64.95178986 0.65098039 0.74117647 0.85882353
v -0.87452489 0.82492346 -64.95929718 0.65098039 0.74117647 0.85882353
v -0.87260020 0.82293159 -64.95182037 0.65098039 0.74117647 0.85882353
v -0.87360680 0.82665402 -64.94591522 0.65098039 0.74117647 0.85882353
v -0.87219048 0.83050162 -64.98071289 0.65098039 0.74117647 0.85882353
v -0.87307155 0.82786000 -64.96927643 0.65098039 0.74117647 0.85882353
v -0.86989665 0.84096712 -65.00611115 0.65098039 0.74117647 0.85882353
v -0.86719280 0.84742254 -65.01764679 0.65098039 0.74117647 0.85882353
v -0.85630286 0.85372919 -65.03981018 0.65098039 0.74117647 0.85882353
v -0.86288089 0.85172588 -65.02911377 0.65098039 0.74117647 0.85882353
v -0.83084041 0.83249009 -65.05464935 0.65098039 0.74117647 0.85882353
v -0.83831012 0.84028918 -65.05107880 0.65098039 0.74117647 0.85882353
v -0.80706394 0.77869499 -65.03490448 0.65098039 0.74117647 0.85882353
v -0.79502761 0.78384751 -65.04277039 0.65098039 0.74117647 0.85882353
v -0.78796905 0.76570541 -65.03658295 0.65098039 0.74117647 0.85882353
v -0.79864734 0.75813466 -65.02951050 0.65098039 0.74117647 0.85882353
v -0.76818466 0.77805728 -65.04753113 0.65098039 0.74117647 0.85882353
v -0.77748048 0.77291065 -65.04180145 0.65098039 0.74117647 0.85882353
v -0.78576583 0.72800994 -65.02558899 0.65098039 0.74117647 0.85882353
v -0.77549005 0.73509461 -65.03426361 0.65098039 0.74117647 0.85882353
v -0.77200139 0.72178644 -65.03746033 0.65098039 0.74117647 0.85882353
v -0.78135633 0.71587008 -65.02707672 0.65098039 0.74117647 0.85882353
v -0.76150239 0.72524601 -65.04473877 0.65098039 0.74117647 0.85882353
v -0.76489913 0.74041647 -65.04030609 0.65098039 0.74117647 0.85882353
v -0.75479752 0.74461818 -65.04437256 0.65098039 0.74117647 0.85882353
v -0.75053835 0.72814816 -65.04812622 0.65098039 0.74117647 0.85882353
v -0.76946199 0.70177513 -64.95603180 0.65098039 0.74117647 0.85882353
v -0.77695662 0.70218247 -64.96677399 0.65098039 0.74117647 0.85882353
v -0.77410436 0.69256055 -64.96897125 0.65098039 0.74117647 0.85882353
v -0.76512975 0.69303697 -64.95816803 0.65098039 0.74117647 0.85882353
v -0.77828771 0.70446318 -65.03119659 0.65098039 0.74117647 0.85882353
v -0.77153468 0.71073020 -65.04351044 0.65098039 0.74117647 0.85882353
v -0.80184448 0.80106109 -65.05069733 0.65098039 0.74117647 0.85882353
v -0.81176406 0.79635054 -65.04598236 0.65098039 0.74117647 0.85882353
v -0.76116550 0.71416289 -65.05197144 0.65098039 0.74117647 0.85882353
v -0.78093690 0.74913746 -65.03379822 0.65098039 0.74117647 0.85882353
v -0.77074718 0.75563687 -65.03927612 0.65098039 0.74117647 0.85882353
v -0.75711745 0.78256005 -65.04856873 0.65098039 0.74117647 0.85882353
v -0.76160294 0.80302542 -65.05441284 0.65098039 0.74117647 0.85882353
v -0.84818840 0.80130976 -64.92121124 0.65098039 0.74117647 0.85882353
v -0.85259211 0.81510741 -64.92883301 0.65098039 0.74117647 0.85882353
v -0.84999108 0.81788188 -64.92664337 0.65098039 0.74117647 0.85882353
v -0.85134041 0.82049984 -64.92794800 0.65098039 0.74117647 0.85882353
v -0.85409284 0.81848389 -64.92954254 0.65098039 0.74117647 0.85882353
v -0.86577743 0.85405445 -64.91219330 0.65098039 0.74117647 0.85882353
v -0.87309408 0.85188645 -64.92377472 0.65098039 0.74117647 0.85882353
v -0.86872214 0.83959085 -64.92002106 0.65098039 0.74117647 0.85882353
v -0.85880452 0.83962023 -64.91118622 0.65098039 0.74117647 0.85882353
v -0.85872948 0.78089988 -64.94703674 0.65098039 0.74117647 0.85882353
v -0.85272664 0.77242464 -64.93995667 0.65098039 0.74117647 0.85882353
v -0.85351318 0.78050679 -64.93321991 0.65098039 0.74117647 0.85882353
v -0.85741204 0.78841525 -64.93718719 0.65098039 0.74117647 0.85882353
v -0.86739731 0.81764334 -64.94995880 0.65098039 0.74117647 0.85882353
v -0.86829829 0.81918901 -64.94758606 0.65098039 0.74117647 0.85882353
v -0.86882198 0.81936854 -64.95093536 0.65098039 0.74117647 0.85882353
v -0.84518170 0.76089752 -64.93889618 0.65098039 0.74117647 0.85882353
v -0.84895676 0.76422578 -64.94708252 0.65098039 0.74117647 0.85882353
v -0.85535526 0.79261088 -64.98993683 0.65098039 0.74117647 0.85882353
v -0.87057763 0.81905323 -64.96478271 0.65098039 0.74117647 0.85882353
v -0.86346591 0.93100184 -64.97397614 0.65098039 0.74117647 0.85882353
v -0.87340432 0.91309685 -64.95001221 0.65098039 0.74117647 0.85882353
v -0.84595400 0.93970662 -65.00223541 0.65098039 0.74117647 0.85882353
v -0.82720077 0.94115132 -65.02967834 0.65098039 0.74117647 0.85882353
v -0.80316085 0.90098029 -65.07372284 0.65098039 0.74117647 0.85882353
v -0.78794086 0.91636193 -65.06766510 0.65098039 0.74117647 0.85882353
v -0.77133048 0.89237982 -65.07457733 0.65098039 0.74117647 0.85882353
v -0.78953671 0.88095814 -65.07975006 0.65098039 0.74117647 0.85882353
v -0.76384372 0.82264203 -65.06572723 0.65098039 0.74117647 0.85882353
v -0.74516505 0.74943978 -65.04558563 0.65098039 0.74117647 0.85882353
v -0.74034655 0.73224193 -65.04788208 0.65098039 0.74117647 0.85882353
v -0.87469614 0.89187258 -64.93139648 0.65098039 0.74117647 0.85882353
v -0.87110114 0.87201756 -64.92019653 0.65098039 0.74117647 0.85882353
v -0.87074029 0.83479601 -64.99330902 0.65098039 0.74117647 0.85882353
v -0.86427605 0.79283899 -64.96601868 0.65098039 0.74117647 0.85882353
v -0.86221963 0.78560728 -64.95903015 0.65098039 0.74117647 0.85882353
v -0.86471963 0.79636282 -64.95344543 0.65098039 0.74117647 0.85882353
v -0.86572099 0.80084652 -64.95894623 0.65098039 0.74117647 0.85882353
v -0.85810500 0.78559411 -64.97546387 0.65098039 0.74117647 0.85882353
v -0.84912968 0.77988702 -64.98664093 0.65098039 0.74117647 0.85882353
v -0.83934951 0.77505165 -64.99912262 0.65098039 0.74117647 0.85882353
v -0.83023423 0.76645643 -65.00405884 0.65098039 0.74117647 0.85882353
v -0.84188366 0.88118315 -65.05992126 0.65098039 0.74117647 0.85882353
v -0.84774977 0.86451840 -65.05268097 0.65098039 0.74117647 0.85882353
v -0.82088596 0.91675419 -65.06159973 0.65098039 0.74117647 0.85882353
v -0.83271259 0.89907950 -65.06188965 0.65098039 0.74117647 0.85882353
v -0.84800661 0.85279894 -65.04917908 0.65098039 0.74117647 0.85882353
v -0.80773544 0.93264431 -65.05373383 0.65098039 0.74117647 0.85882353
v -0.83620685 0.77580529 -64.90545654 0.65098039 0.74117647 0.85882353
v -0.83668888 0.78031927 -64.90498352 0.65098039 0.74117647 0.85882353
v -0.83869207 0.77463734 -64.91376495 0.65098039 0.74117647 0.85882353
v -0.82570809 0.75289023 -64.90509796 0.65098039 0.74117647 0.85882353
v -0.82262284 0.74799198 -64.90846252 0.65098039 0.74117647 0.85882353
v -0.81984913 0.74905592 -64.90472412 0.65098039 0.74117647 0.85882353
v -0.82286757 0.75361747 -64.90128326 0.65098039 0.74117647 0.85882353
v -0.79673910 0.72062844 -64.93167114 0.65098039 0.74117647 0.85882353
v -0.80373895 0.72192675 -64.94075775 0.65098039 0.74117647 0.85882353
v -0.77470660 0.71082467 -64.95343781 0.65098039 0.74117647 0.85882353
v -0.78088224 0.71167356 -64.96443176 0.65098039 0.74117647 0.85882353
v -0.84246218 0.78748339 -64.90148163 0.65098039 0.74117647 0.85882353
v -0.84125936 0.78723377 -64.90354156 0.65098039 0.74117647 0.85882353
v -0.84019327 0.78798991 -64.90191650 0.65098039 0.74117647 0.85882353
v -0.84167176 0.78810769 -64.90026093 0.65098039 0.74117647 0.85882353
v -0.83415282 0.75976378 -64.91928101 0.65098039 0.74117647 0.85882353
v -0.83161765 0.76895070 -64.90000916 0.65098039 0.74117647 0.85882353
v -0.82906258 0.76546592 -64.90111542 0.65098039 0.74117647 0.85882353
v -0.82700902 0.76607662 -64.89877319 0.65098039 0.74117647 0.85882353
v -0.82916647 0.76928484 -64.89757538 0.65098039 0.74117647 0.85882353
v -0.80552679 0.72894460 -64.97103119 0.65098039 0.74117647 0.85882353
v -0.79397279 0.72408587 -64.97632599 0.65098039 0.74117647 0.85882353
v -0.78766817 0.70980591 -65.01399231 0.65098039 0.74117647 0.85882353
v -0.79275692 0.72183520 -65.01240540 0.65098039 0.74117647 0.85882353
v -0.79192322 0.74183506 -65.02642059 0.65098039 0.74117647 0.85882353
v -0.76174319 0.76039249 -65.04434204 0.65098039 0.74117647 0.85882353
v -0.75130820 0.76676267 -65.04504395 0.65098039 0.74117647 0.85882353
v -0.74146175 0.77187592 -65.04419708 0.65098039 0.74117647 0.85882353
v -0.74646777 0.78982669 -65.04730225 0.65098039 0.74117647 0.85882353
v -0.79516309 0.72226924 -64.95346069 0.65098039 0.74117647 0.85882353
v -0.78699827 0.71895552 -64.96054077 0.65098039 0.74117647 0.85882353
v -0.78087568 0.71806800 -64.94964600 0.65098039 0.74117647 0.85882353
v -0.78796059 0.72102576 -64.94257355 0.65098039 0.74117647 0.85882353
v -0.83802968 0.78609210 -64.89678192 0.65098039 0.74117647 0.85882353
v -0.83704942 0.78536481 -64.89912415 0.65098039 0.74117647 0.85882353
v -0.83514315 0.78354287 -64.89730835 0.65098039 0.74117647 0.85882353
v -0.83727199 0.78513438 -64.89473724 0.65098039 0.74117647 0.85882353
v -0.84023130 0.78541785 -64.90528870 0.65098039 0.74117647 0.85882353
v -0.83753866 0.78336090 -64.90425110 0.65098039 0.74117647 0.85882353
v -0.83815539 0.78540689 -64.90398407 0.65098039 0.74117647 0.85882353
v -0.84229410 0.78607094 -64.90443420 0.65098039 0.74117647 0.85882353
v -0.84384990 0.78685993 -64.90188599 0.65098039 0.74117647 0.85882353
v -0.84306043 0.78753549 -64.89517975 0.65098039 0.74117647 0.85882353
v -0.84575796 0.78706628 -64.89096832 0.65098039 0.74117647 0.85882353
v -0.84433556 0.78709084 -64.89829254 0.65098039 0.74117647 0.85882353
v -0.83913749 0.78737253 -64.89909363 0.65098039 0.74117647 0.85882353
v -0.83773744 0.78650427 -64.90081787 0.65098039 0.74117647 0.85882353
v -0.83875203 0.78699178 -64.90334320 0.65098039 0.74117647 0.85882353
v -0.84017497 0.78668809 -64.90433502 0.65098039 0.74117647 0.85882353
v -0.84218782 0.78799140 -64.89710999 0.65098039 0.74117647 0.85882353
v -0.84277540 0.78773683 -64.89925385 0.65098039 0.74117647 0.85882353
v -0.84945756 0.80831444 -64.89718628 0.65098039 0.74117647 0.85882353
v -0.76808679 0.71136981 -64.94609070 0.65098039 0.74117647 0.85882353
v -0.77451426 0.71872431 -64.94281006 0.65098039 0.74117647 0.85882353
v -0.83345294 0.75871181 -64.92109680 0.65098039 0.74117647 0.85882353
v -0.86326790 0.83383882 -64.92409515 0.65098039 0.74117647 0.85882353
v -0.86222935 0.79506510 -64.94581604 0.65098039 0.74117647 0.85882353
v -0.85228699 0.80063325 -64.92792511 0.65098039 0.74117647 0.85882353
v -0.85400009 0.80646914 -64.93029022 0.65098039 0.74117647 0.85882353
v -0.85638648 0.80208725 -64.93426514 0.65098039 0.74117647 0.85882353
v -0.85454667 0.79478848 -64.93186188 0.65098039 0.74117647 0.85882353
v -0.85568476 0.83330482 -64.91921997 0.65098039 0.74117647 0.85882353
v -0.84977448 0.82981646 -64.91766357 0.65098039 0.74117647 0.85882353
v -0.85078180 0.83107215 -64.90982056 0.65098039 0.74117647 0.85882353
v -0.84676301 0.82396179 -64.91755676 0.65098039 0.74117647 0.85882353
v -0.84635603 0.81876618 -64.92055511 0.65098039 0.74117647 0.85882353
v -0.84715295 0.81578058 -64.91472626 0.65098039 0.74117647 0.85882353
v -0.84855461 0.82230514 -64.90859985 0.65098039 0.74117647 0.85882353
v -0.86986768 0.82217062 -64.94731140 0.65098039 0.74117647 0.85882353
v -0.86889136 0.82099432 -64.94480896 0.65098039 0.74117647 0.85882353
v -0.84763086 0.81085712 -64.92008972 0.65098039 0.74117647 0.85882353
v -0.84810364 0.81452888 -64.92380524 0.65098039 0.74117647 0.85882353
v -0.85067731 0.81054360 -64.92683411 0.65098039 0.74117647 0.85882353
v -0.84956729 0.80585545 -64.92431641 0.65098039 0.74117647 0.85882353
v -0.85915875 0.79806691 -64.93936920 0.65098039 0.74117647 0.85882353
v -0.87016082 0.81922686 -64.95684814 0.65098039 0.74117647 0.85882353
v -0.86427546 0.80878288 -64.95323181 0.65098039 0.74117647 0.85882353
v -0.81740087 0.78882283 -65.03321838 0.65098039 0.74117647 0.85882353
v -0.82029063 0.79943073 -65.04109955 0.65098039 0.74117647 0.85882353
v -0.82500327 0.77693135 -65.01959229 0.65098039 0.74117647 0.85882353
v -0.82372123 0.77988464 -65.02209473 0.65098039 0.74117647 0.85882353
v -0.81845689 0.77513272 -65.01775360 0.65098039 0.74117647 0.85882353
v -0.82267797 0.77282506 -65.01552582 0.65098039 0.74117647 0.85882353
v -0.84313142 0.82687289 -65.04045105 0.65098039 0.74117647 0.85882353
v -0.84487712 0.82632816 -65.03675079 0.65098039 0.74117647 0.85882353
v -0.84798598 0.83225375 -65.03601837 0.65098039 0.74117647 0.85882353
v -0.84393758 0.83340937 -65.04190063 0.65098039 0.74117647 0.85882353
v -0.84980130 0.82691175 -65.03181458 0.65098039 0.74117647 0.85882353
v -0.84797502 0.82391685 -65.03147125 0.65098039 0.74117647 0.85882353
v -0.84959835 0.82247382 -65.02893066 0.65098039 0.74117647 0.85882353
v -0.85210085 0.82924110 -65.03009796 0.65098039 0.74117647 0.85882353
v -0.85361755 0.82570738 -65.02321625 0.65098039 0.74117647 0.85882353
v -0.86028314 0.83550280 -65.02014923 0.65098039 0.74117647 0.85882353
v -0.85669702 0.83991081 -65.02897644 0.65098039 0.74117647 0.85882353
v -0.86114740 0.81969881 -65.00041199 0.65098039 0.74117647 0.85882353
v -0.86120242 0.82914740 -65.01110840 0.65098039 0.74117647 0.85882353
v -0.85285109 0.82009035 -65.01710510 0.65098039 0.74117647 0.85882353
v -0.85138893 0.81103277 -65.01298523 0.65098039 0.74117647 0.85882353
v -0.83392882 0.78057271 -65.01126099 0.65098039 0.74117647 0.85882353
v -0.82875675 0.77364773 -65.01336670 0.65098039 0.74117647 0.85882353
v -0.81691420 0.78056484 -65.02445984 0.65098039 0.74117647 0.85882353
v -0.79359996 0.85016125 -65.07467651 0.65098039 0.74117647 0.85882353
v -0.80687922 0.83903581 -65.06904602 0.65098039 0.74117647 0.85882353
v -0.81661445 0.82894307 -65.06249237 0.65098039 0.74117647 0.85882353
v -0.82399297 0.82194060 -65.05477142 0.65098039 0.74117647 0.85882353
v -0.77882189 0.86162263 -65.07923126 0.65098039 0.74117647 0.85882353
v -0.76188684 0.86895865 -65.07611847 0.65098039 0.74117647 0.85882353
v -0.85508072 0.80249262 -65.00153351 0.65098039 0.74117647 0.85882353
v -0.84625661 0.80029279 -65.01109314 0.65098039 0.74117647 0.85882353
v -0.79824245 0.82249421 -65.06569672 0.65098039 0.74117647 0.85882353
v -0.78447187 0.83233488 -65.07022095 0.65098039 0.74117647 0.85882353
v -0.80850160 0.81463343 -65.05802917 0.65098039 0.74117647 0.85882353
v -0.81722283 0.81062257 -65.05152893 0.65098039 0.74117647 0.85882353
v -0.77052051 0.84399301 -65.07366180 0.65098039 0.74117647 0.85882353
v -0.75342858 0.84942633 -65.07169342 0.65098039 0.74117647 0.85882353
v -0.75139034 0.82675046 -65.06288147 0.65098039 0.74117647 0.85882353
v -0.83237320 0.78296685 -65.02228546 0.65098039 0.74117647 0.85882353
v -0.83124846 0.77698034 -65.02185059 0.65098039 0.74117647 0.85882353
v -0.82905179 0.77638870 -65.01891327 0.65098039 0.74117647 0.85882353
v -0.83232981 0.78134257 -65.01792145 0.65098039 0.74117647 0.85882353
v -0.84063441 0.78972352 -65.01129150 0.65098039 0.74117647 0.85882353
v -0.84725493 0.78964955 -65.00137329 0.65098039 0.74117647 0.85882353
v -0.84938204 0.81512028 -64.90221405 0.65098039 0.74117647 0.85882353
v -0.81111407 0.72910303 -64.90401459 0.65098039 0.74117647 0.85882353
v -0.81518602 0.74224013 -64.90252686 0.65098039 0.74117647 0.85882353
v -0.83389795 0.77666789 -64.90043640 0.65098039 0.74117647 0.85882353
v -0.83274329 0.77250236 -64.90003967 0.65098039 0.74117647 0.85882353
v -0.83037579 0.77276480 -64.89769745 0.65098039 0.74117647 0.85882353
v -0.83147705 0.77656764 -64.89800262 0.65098039 0.74117647 0.85882353
v -0.85405320 0.83068007 -64.92539215 0.65098039 0.74117647 0.85882353
v -0.75016594 0.80798548 -65.05305481 0.65098039 0.74117647 0.85882353
v -0.73608834 0.75523013 -65.04382324 0.65098039 0.74117647 0.85882353
v -0.73088652 0.73751920 -65.04551697 0.65098039 0.74117647 0.85882353
v -0.74945754 0.71480948 -65.05603790 0.65098039 0.74117647 0.85882353
v -0.73754883 0.71726114 -65.05549622 0.65098039 0.74117647 0.85882353
v -0.83289725 0.78039682 -64.89797974 0.65098039 0.74117647 0.85882353
v -0.83505970 0.78038979 -64.90065765 0.65098039 0.74117647 0.85882353
v -0.84091425 0.78784192 -64.89773560 0.65098039 0.74117647 0.85882353
v -0.83139545 0.76413518 -64.90522003 0.65098039 0.74117647 0.85882353
v -0.83711720 0.78512645 -64.90126801 0.65098039 0.74117647 0.85882353
v -0.83590126 0.78314215 -64.90058136 0.65098039 0.74117647 0.85882353
v -0.83376855 0.78340143 -64.89549255 0.65098039 0.74117647 0.85882353
v -0.83172011 0.78046209 -64.89667511 0.65098039 0.74117647 0.85882353
v -0.85532010 0.81196052 -64.93138123 0.65098039 0.74117647 0.85882353
v -0.85689551 0.81625944 -64.93166351 0.65098039 0.74117647 0.85882353
v -0.84052050 0.78688538 -64.89513397 0.65098039 0.74117647 0.85882353
v -0.84061891 0.78582257 -64.89238739 0.65098039 0.74117647 0.85882353
v -0.78263289 0.69273418 -64.98338318 0.65098039 0.74117647 0.85882353
v -0.78680855 0.69503862 -65.00096893 0.65098039 0.74117647 0.85882353
v -0.82538986 0.76665568 -64.89727020 0.65098039 0.74117647 0.85882353
v -0.82760298 0.76969737 -64.89614105 0.65098039 0.74117647 0.85882353
v -0.84400642 0.80706090 -65.01980591 0.65098039 0.74117647 0.85882353
v -0.84708518 0.81406420 -65.02221680 0.65098039 0.74117647 0.85882353
v -0.84354138 0.80995363 -65.02725983 0.65098039 0.74117647 0.85882353
v -0.84007984 0.80460411 -65.02503967 0.65098039 0.74117647 0.85882353
v -0.76246554 0.70266104 -64.94870758 0.65098039 0.74117647 0.85882353
v -0.78396839 0.69926077 -65.01715851 0.65098039 0.74117647 0.85882353
v -0.72616947 0.72189271 -65.05273438 0.65098039 0.74117647 0.85882353
v -0.86579323 0.81427282 -64.94866180 0.65098039 0.74117647 0.85882353
v -0.86635876 0.81592959 -64.95027924 0.65098039 0.74117647 0.85882353
v -0.85473669 0.82778579 -64.92808533 0.65098039 0.74117647 0.85882353
v -0.82879597 0.75685054 -64.90785217 0.65098039 0.74117647 0.85882353
v -0.82860661 0.76121122 -64.90731049 0.65098039 0.74117647 0.85882353
v -0.78193325 0.72171557 -64.93592834 0.65098039 0.74117647 0.85882353
v -0.83622038 0.78484935 -64.89310455 0.65098039 0.74117647 0.85882353
v -0.84205329 0.81931520 -65.03412628 0.65098039 0.74117647 0.85882353
v -0.84071106 0.81604087 -65.03357697 0.65098039 0.74117647 0.85882353
v -0.84368241 0.81370497 -65.03349304 0.65098039 0.74117647 0.85882353
v -0.84536523 0.81652319 -65.03304291 0.65098039 0.74117647 0.85882353
v -0.85076475 0.81811392 -65.02951050 0.65098039 0.74117647 0.85882353
v -0.85216719 0.82109517 -65.03128052 0.65098039 0.74117647 0.85882353
v -0.85074437 0.81792319 -65.03364563 0.65098039 0.74117647 0.85882353
v -0.84871703 0.81578475 -65.03250122 0.65098039 0.74117647 0.85882353
v -0.84971917 0.81907314 -65.02565002 0.65098039 0.74117647 0.85882353
v -0.84752560 0.81507969 -65.02819061 0.65098039 0.74117647 0.85882353
v -0.85359263 0.82217109 -65.03386688 0.65098039 0.74117647 0.85882353
v -0.85143423 0.82006216 -65.03514862 0.65098039 0.74117647 0.85882353
v -0.84715641 0.82503563 -65.03347015 0.65098039 0.74117647 0.85882353
v -0.85103357 0.82446295 -65.03322601 0.65098039 0.74117647 0.85882353
v -0.85031098 0.82681686 -65.03734589 0.65098039 0.74117647 0.85882353
v -0.85402817 0.82318777 -65.03837585 0.65098039 0.74117647 0.85882353
v -0.84851623 0.82703573 -65.04362488 0.65098039 0.74117647 0.85882353
v -0.85281968 0.82266825 -65.04438782 0.65098039 0.74117647 0.85882353
v -0.84488201 0.82437611 -65.04872894 0.65098039 0.74117647 0.85882353
v -0.84944606 0.82057446 -65.04944611 0.65098039 0.74117647 0.85882353
v -0.83569843 0.78933907 -65.01796722 0.65098039 0.74117647 0.85882353
v -0.83149058 0.79215330 -65.02291870 0.65098039 0.74117647 0.85882353
v -0.84106183 0.81939059 -65.05091095 0.65098039 0.74117647 0.85882353
v -0.84589803 0.81637090 -65.05225372 0.65098039 0.74117647 0.85882353
v -0.83661538 0.81288260 -65.05161285 0.65098039 0.74117647 0.85882353
v -0.84165841 0.81058866 -65.05305481 0.65098039 0.74117647 0.85882353
v -0.83315307 0.80556732 -65.05057526 0.65098039 0.74117647 0.85882353
v -0.83776104 0.80392808 -65.05239105 0.65098039 0.74117647 0.85882353
v -0.83059764 0.79749292 -65.04810333 0.65098039 0.74117647 0.85882353
v -0.83532006 0.79695386 -65.04960632 0.65098039 0.74117647 0.85882353
v -0.82792187 0.78828555 -65.04308319 0.65098039 0.74117647 0.85882353
v -0.83341157 0.78993928 -65.04459381 0.65098039 0.74117647 0.85882353
v -0.84618497 0.81975096 -65.04672241 0.65098039 0.74117647 0.85882353
v -0.84853709 0.82205802 -65.04294586 0.65098039 0.74117647 0.85882353
v -0.84022975 0.82396406 -65.04167938 0.65098039 0.74117647 0.85882353
v -0.85054278 0.82201290 -65.03825378 0.65098039 0.74117647 0.85882353
v -0.83392262 0.81287783 -65.03945160 0.65098039 0.74117647 0.85882353
v -0.83340126 0.80997175 -65.03778076 0.65098039 0.74117647 0.85882353
v -0.83745092 0.80922812 -65.03673553 0.65098039 0.74117647 0.85882353
v -0.83544850 0.81263512 -65.03681946 0.65098039 0.74117647 0.85882353
v -0.83817548 0.80345118 -65.02844238 0.65098039 0.74117647 0.85882353
v -0.83603156 0.79817390 -65.02843475 0.65098039 0.74117647 0.85882353
v -0.83720833 0.79767674 -65.02390289 0.65098039 0.74117647 0.85882353
v -0.83251894 0.79526657 -65.02733612 0.65098039 0.74117647 0.85882353
v -0.83318174 0.79992741 -65.02817535 0.65098039 0.74117647 0.85882353
v -0.83202219 0.79693872 -65.02838898 0.65098039 0.74117647 0.85882353
v -0.83384883 0.80389553 -65.02790070 0.65098039 0.74117647 0.85882353
v -0.83103448 0.79554296 -65.02973175 0.65098039 0.74117647 0.85882353
v -0.83144808 0.79354334 -65.02893066 0.65098039 0.74117647 0.85882353
v -0.83036590 0.79691976 -65.02971649 0.65098039 0.74117647 0.85882353
v -0.83084303 0.79778898 -65.02889252 0.65098039 0.74117647 0.85882353
v -0.83038759 0.79978758 -65.02907562 0.65098039 0.74117647 0.85882353
v -0.83022165 0.80291718 -65.03103638 0.65098039 0.74117647 0.85882353
v -0.84021282 0.79803538 -65.01869965 0.65098039 0.74117647 0.85882353
v -0.82444584 0.79273325 -65.03349304 0.65098039 0.74117647 0.85882353
v -0.82771254 0.80013508 -65.03896332 0.65098039 0.74117647 0.85882353
v -0.83213145 0.78419179 -65.03819275 0.65098039 0.74117647 0.85882353
v -0.82682049 0.77946001 -65.03633118 0.65098039 0.74117647 0.85882353
v -0.83055222 0.77448732 -65.02458191 0.65098039 0.74117647 0.85882353
v -0.82881057 0.77505380 -65.02994537 0.65098039 0.74117647 0.85882353
v -0.83687079 0.81990027 -65.04206085 0.65098039 0.74117647 0.85882353
v -0.83337963 0.81413412 -65.04331207 0.65098039 0.74117647 0.85882353
v -0.82397461 0.78598899 -65.02656555 0.65098039 0.74117647 0.85882353
v -0.83026785 0.80789304 -65.04190063 0.65098039 0.74117647 0.85882353
v -0.83413851 0.79379946 -65.04296875 0.65098039 0.74117647 0.85882353
v -0.83273482 0.79011089 -65.03785706 0.65098039 0.74117647 0.85882353
v -0.83593190 0.79867619 -65.04713440 0.65098039 0.74117647 0.85882353
v -0.83222765 0.78946251 -65.02743530 0.65098039 0.74117647 0.85882353
v -0.83253998 0.78846854 -65.03268433 0.65098039 0.74117647 0.85882353
v -0.83278108 0.78195983 -65.03199768 0.65098039 0.74117647 0.85882353
v -0.83318436 0.78181630 -65.02671814 0.65098039 0.74117647 0.85882353
v -0.83225584 0.79448754 -65.03650665 0.65098039 0.74117647 0.85882353
v -0.83465093 0.79680198 -65.04054260 0.65098039 0.74117647 0.85882353
v -0.82999325 0.79767776 -65.03561401 0.65098039 0.74117647 0.85882353
v -0.83234847 0.80009091 -65.03934479 0.65098039 0.74117647 0.85882353
v -0.83031702 0.79604667 -65.03208160 0.65098039 0.74117647 0.85882353
v -0.83127207 0.79335093 -65.03221130 0.65098039 0.74117647 0.85882353
v -0.82782757 0.80057937 -65.03394318 0.65098039 0.74117647 0.85882353
v -0.83005947 0.80438304 -65.03789520 0.65098039 0.74117647 0.85882353
v -0.82922220 0.79802066 -65.03112793 0.65098039 0.74117647 0.85882353
v -0.83562052 0.80253035 -65.04128265 0.65098039 0.74117647 0.85882353
v -0.83394933 0.80657166 -65.04039764 0.65098039 0.74117647 0.85882353
v -0.83885586 0.80829293 -65.04076385 0.65098039 0.74117647 0.85882353
v -0.83922184 0.80525488 -65.04267883 0.65098039 0.74117647 0.85882353
v -0.83701491 0.79992312 -65.04415131 0.65098039 0.74117647 0.85882353
v -0.83935499 0.80397373 -65.04640198 0.65098039 0.74117647 0.85882353
v -0.83767587 0.80439728 -65.04940796 0.65098039 0.74117647 0.85882353
v -0.84136289 0.80912477 -65.04735565 0.65098039 0.74117647 0.85882353
v -0.84012777 0.81064647 -65.04985809 0.65098039 0.74117647 0.85882353
v -0.84112024 0.80889255 -65.04421234 0.65098039 0.74117647 0.85882353
v -0.84150463 0.80982870 -65.04141998 0.65098039 0.74117647 0.85882353
v -0.84342641 0.81606454 -65.04914093 0.65098039 0.74117647 0.85882353
v -0.84347785 0.81397086 -65.04677582 0.65098039 0.74117647 0.85882353
v -0.84539390 0.81752449 -65.04479218 0.65098039 0.74117647 0.85882353
v -0.84315622 0.81242150 -65.04411316 0.65098039 0.74117647 0.85882353
v -0.84462643 0.81528348 -65.04244232 0.65098039 0.74117647 0.85882353
v -0.84281111 0.81169850 -65.04205322 0.65098039 0.74117647 0.85882353
v -0.84359163 0.81324965 -65.04045868 0.65098039 0.74117647 0.85882353
v -0.84807944 0.82038820 -65.03499603 0.65098039 0.74117647 0.85882353
v -0.84715998 0.81867552 -65.03340149 0.65098039 0.74117647 0.85882353
v -0.84786588 0.82068139 -65.03804779 0.65098039 0.74117647 0.85882353
v -0.84572715 0.81867772 -65.03739929 0.65098039 0.74117647 0.85882353
v -0.84599060 0.81962675 -65.03562927 0.65098039 0.74117647 0.85882353
v -0.84464234 0.81895864 -65.03468323 0.65098039 0.74117647 0.85882353
v -0.84438539 0.81671029 -65.03649139 0.65098039 0.74117647 0.85882353
v -0.84123284 0.81623012 -65.03678131 0.65098039 0.74117647 0.85882353
v -0.76017922 0.67421800 -64.96183777 0.65098039 0.74117647 0.85882353
v -0.74896520 0.67557281 -64.95450592 0.65098039 0.74117647 0.85882353
v -0.75225937 0.68489248 -64.95294189 0.65098039 0.74117647 0.85882353
v -0.76206845 0.68353289 -64.96041870 0.65098039 0.74117647 0.85882353
v -0.84541190 0.81716377 -65.03992462 0.65098039 0.74117647 0.85882353
v -0.84428358 0.81471843 -65.03834534 0.65098039 0.74117647 0.85882353
v -0.84696937 0.81974763 -65.04168701 0.65098039 0.74117647 0.85882353
v -0.83960581 0.81275755 -65.03958893 0.65098039 0.74117647 0.85882353
v -0.84182978 0.81351119 -65.03849030 0.65098039 0.74117647 0.85882353
v -0.84193963 0.81147444 -65.03952026 0.65098039 0.74117647 0.85882353
v -0.84028554 0.81088930 -65.04003143 0.65098039 0.74117647 0.85882353
v -0.83914739 0.80724525 -65.02919006 0.65098039 0.74117647 0.85882353
v -0.83471477 0.80757219 -65.03093719 0.65098039 0.74117647 0.85882353
v -0.83181012 0.80570835 -65.03409576 0.65098039 0.74117647 0.85882353
v -0.78662843 0.65967679 -64.99214172 0.65098039 0.74117647 0.85882353
v -0.78253543 0.66749763 -64.99278259 0.65098039 0.74117647 0.85882353
v -0.79272908 0.67123193 -65.01100922 0.65098039 0.74117647 0.85882353
v -0.79771405 0.66427940 -65.01187897 0.65098039 0.74117647 0.85882353
v -0.79806793 0.63968664 -64.97951508 0.65098039 0.74117647 0.85882353
v -0.81565821 0.64394134 -65.00615692 0.65098039 0.74117647 0.85882353
v -0.81713843 0.62344116 -64.98550415 0.65098039 0.74117647 0.85882353
v -0.79933548 0.62194288 -64.96944427 0.65098039 0.74117647 0.85882353
v -0.81581908 0.60542625 -64.97000885 0.65098039 0.74117647 0.85882353
v -0.79964530 0.60511363 -64.95758820 0.65098039 0.74117647 0.85882353
v -0.81171513 0.55796629 -64.93009186 0.65098039 0.74117647 0.85882353
v -0.79735935 0.55951548 -64.92113495 0.65098039 0.74117647 0.85882353
v -0.79850227 0.57454860 -64.93323517 0.65098039 0.74117647 0.85882353
v -0.81299520 0.57353359 -64.94281769 0.65098039 0.74117647 0.85882353
v -0.82102317 0.47939962 -64.90469360 0.65098039 0.74117647 0.85882353
v -0.81241852 0.46279651 -64.90683746 0.65098039 0.74117647 0.85882353
v -0.80226594 0.46685326 -64.89752960 0.65098039 0.74117647 0.85882353
v -0.81152344 0.48205340 -64.89713287 0.65098039 0.74117647 0.85882353
v -0.86658496 0.57344818 -64.99906158 0.65098039 0.74117647 0.85882353
v -0.87211347 0.59137124 -65.01078796 0.65098039 0.74117647 0.85882353
v -0.87928784 0.58236885 -65.01652527 0.65098039 0.74117647 0.85882353
v -0.87165987 0.56362599 -65.00485992 0.65098039 0.74117647 0.85882353
v -0.81301838 0.67151666 -65.05754852 0.65098039 0.74117647 0.85882353
v -0.81550515 0.65998471 -65.03414917 0.65098039 0.74117647 0.85882353
v -0.80699098 0.66396308 -65.03402710 0.65098039 0.74117647 0.85882353
v -0.80570459 0.67599863 -65.05570984 0.65098039 0.74117647 0.85882353
v -0.85168660 0.48901349 -64.96163177 0.65098039 0.74117647 0.85882353
v -0.84751928 0.47892076 -64.95234680 0.65098039 0.74117647 0.85882353
v -0.84754771 0.48685318 -64.94412994 0.65098039 0.74117647 0.85882353
v -0.85131919 0.49727833 -64.95221710 0.65098039 0.74117647 0.85882353
v -0.81686938 0.41164017 -64.95395660 0.65098039 0.74117647 0.85882353
v -0.81835359 0.39394099 -64.95660400 0.65098039 0.74117647 0.85882353
v -0.80656147 0.38970244 -64.93891144 0.65098039 0.74117647 0.85882353
v -0.80564862 0.40800571 -64.93725586 0.65098039 0.74117647 0.85882353
v -0.84012347 0.43812716 -65.02120209 0.65098039 0.74117647 0.85882353
v -0.83615607 0.43924457 -65.04608154 0.65098039 0.74117647 0.85882353
v -0.83423543 0.42880708 -65.04694366 0.65098039 0.74117647 0.85882353
v -0.83911800 0.42525834 -65.02197266 0.65098039 0.74117647 0.85882353
v -0.83501607 0.55376226 -64.94963837 0.65098039 0.74117647 0.85882353
v -0.82437855 0.55631179 -64.93960571 0.65098039 0.74117647 0.85882353
v -0.82632720 0.57177609 -64.95289612 0.65098039 0.74117647 0.85882353
v -0.83778560 0.56929219 -64.96307373 0.65098039 0.74117647 0.85882353
v -1.02814448 0.54783261 -65.09064484 0.65098039 0.74117647 0.85882353
v -1.02322590 0.53323060 -65.08473969 0.65098039 0.74117647 0.85882353
v -1.00112915 0.54379797 -65.07712555 0.65098039 0.74117647 0.85882353
v -1.00569594 0.55778664 -65.08341980 0.65098039 0.74117647 0.85882353
v -0.85053885 0.35102892 -65.02937317 0.65098039 0.74117647 0.85882353
v -0.84417784 0.35894078 -65.05157471 0.65098039 0.74117647 0.85882353
v -0.85010213 0.34242588 -65.05355835 0.65098039 0.74117647 0.85882353
v -0.85555494 0.33403254 -65.03066254 0.65098039 0.74117647 0.85882353
v -0.91666573 0.62975508 -65.06313324 0.65098039 0.74117647 0.85882353
v -0.90582007 0.63858527 -65.05841064 0.65098039 0.74117647 0.85882353
v -0.90138412 0.64936095 -65.07923889 0.65098039 0.74117647 0.85882353
v -0.91341901 0.64151508 -65.08374023 0.65098039 0.74117647 0.85882353
v -0.85919946 0.53650904 -64.98471069 0.65098039 0.74117647 0.85882353
v -0.85608649 0.54380697 -64.97621918 0.65098039 0.74117647 0.85882353
v -0.86094713 0.55825895 -64.98748779 0.65098039 0.74117647 0.85882353
v -0.86458987 0.54868037 -64.99420929 0.65098039 0.74117647 0.85882353
v -0.84262860 0.45713484 -65.05059814 0.65098039 0.74117647 0.85882353
v -0.84601200 0.45819670 -65.03012085 0.65098039 0.74117647 0.85882353
v -0.84872687 0.47167176 -65.03784943 0.65098039 0.74117647 0.85882353
v -0.84637976 0.46977675 -65.05630493 0.65098039 0.74117647 0.85882353
v -0.84354675 0.44813186 -65.02508545 0.65098039 0.74117647 0.85882353
v -0.83949381 0.44729626 -65.04782104 0.65098039 0.74117647 0.85882353
v -0.85127628 0.54812002 -64.96794128 0.65098039 0.74117647 0.85882353
v -0.84401298 0.55068964 -64.95873260 0.65098039 0.74117647 0.85882353
v -0.84737265 0.56673211 -64.97237396 0.65098039 0.74117647 0.85882353
v -0.85470474 0.56463510 -64.98051453 0.65098039 0.74117647 0.85882353
v -0.80351591 0.44920868 -64.91271973 0.65098039 0.74117647 0.85882353
v -0.79116040 0.45372510 -64.90101624 0.65098039 0.74117647 0.85882353
v -0.85482442 0.32501811 -65.00726318 0.65098039 0.74117647 0.85882353
v -0.84831733 0.31539357 -64.98594666 0.65098039 0.74117647 0.85882353
v -0.84445626 0.33318907 -64.98488617 0.65098039 0.74117647 0.85882353
v -0.85055375 0.34247935 -65.00641632 0.65098039 0.74117647 0.85882353
v -0.79339635 0.42353201 -64.92187500 0.65098039 0.74117647 0.85882353
v -0.79665565 0.43816721 -64.91835022 0.65098039 0.74117647 0.85882353
v -0.80797982 0.43791866 -64.93142700 0.65098039 0.74117647 0.85882353
v -0.80554974 0.42442662 -64.93587494 0.65098039 0.74117647 0.85882353
v -0.83670092 0.30583119 -64.96623230 0.65098039 0.74117647 0.85882353
v -0.82270920 0.29730290 -64.94754791 0.65098039 0.74117647 0.85882353
v -0.81816828 0.31593531 -64.94693756 0.65098039 0.74117647 0.85882353
v -0.83265430 0.32384270 -64.96517181 0.65098039 0.74117647 0.85882353
v -0.81449592 0.58909649 -64.95617676 0.65098039 0.74117647 0.85882353
v -0.79937136 0.59003395 -64.94510651 0.65098039 0.74117647 0.85882353
v -0.83583200 0.47810805 -64.92315674 0.65098039 0.74117647 0.85882353
v -0.82986748 0.46290040 -64.92675781 0.65098039 0.74117647 0.85882353
v -0.82177293 0.46192008 -64.91683197 0.65098039 0.74117647 0.85882353
v -0.82916826 0.47826558 -64.91368866 0.65098039 0.74117647 0.85882353
v -0.86670500 0.53714973 -65.02219391 0.65098039 0.74117647 0.85882353
v -0.87226343 0.55010623 -65.01239014 0.65098039 0.74117647 0.85882353
v -0.88534933 0.56838274 -65.02471161 0.65098039 0.74117647 0.85882353
v -0.87432861 0.54761320 -65.03232574 0.65098039 0.74117647 0.85882353
v -0.85587287 0.32432342 -65.05548096 0.65098039 0.74117647 0.85882353
v -0.86110449 0.31709754 -65.03199005 0.65098039 0.74117647 0.85882353
v -0.84034991 0.28676319 -64.96807098 0.65098039 0.74117647 0.85882353
v -0.82598346 0.27828556 -64.94944000 0.65098039 0.74117647 0.85882353
v -0.87755620 0.52445883 -65.08508301 0.65098039 0.74117647 0.85882353
v -0.87019449 0.51983792 -65.08112335 0.65098039 0.74117647 0.85882353
v -0.87158626 0.52489394 -65.06982422 0.65098039 0.74117647 0.85882353
v -0.87891722 0.53034902 -65.07380676 0.65098039 0.74117647 0.85882353
v -0.77625930 0.48671722 -64.88313293 0.65098039 0.74117647 0.85882353
v -0.79239911 0.49484903 -64.88720703 0.65098039 0.74117647 0.85882353
v -0.79497117 0.47749960 -64.88988495 0.65098039 0.74117647 0.85882353
v -0.78040874 0.46560055 -64.88976288 0.65098039 0.74117647 0.85882353
v -0.82354480 0.44994777 -64.93464661 0.65098039 0.74117647 0.85882353
v -0.81848609 0.44000542 -64.94339752 0.65098039 0.74117647 0.85882353
v -0.81442320 0.44842082 -64.92398071 0.65098039 0.74117647 0.85882353
v -0.75778145 0.47757453 -64.88269806 0.65098039 0.74117647 0.85882353
v -0.76338667 0.45149243 -64.89229584 0.65098039 0.74117647 0.85882353
v -0.78335494 0.59038323 -64.93482971 0.65098039 0.74117647 0.85882353
v -0.78291094 0.57606995 -64.92395020 0.65098039 0.74117647 0.85882353
v -0.78340149 0.60456187 -64.94514465 0.65098039 0.74117647 0.85882353
v -0.76767832 0.60433263 -64.93427277 0.65098039 0.74117647 0.85882353
v -0.76633412 0.61937177 -64.94242859 0.65098039 0.74117647 0.85882353
v -0.78222263 0.62002021 -64.95446014 0.65098039 0.74117647 0.85882353
v -0.76472312 0.63513249 -64.94817352 0.65098039 0.74117647 0.85882353
v -0.78067821 0.63639790 -64.96133423 0.65098039 0.74117647 0.85882353
v -0.77177107 0.65696710 -64.97425079 0.65098039 0.74117647 0.85882353
v -0.76932192 0.66547632 -64.97612762 0.65098039 0.74117647 0.85882353
v -0.86506057 0.53738213 -65.00228119 0.65098039 0.74117647 0.85882353
v -0.85979903 0.52655464 -64.99364471 0.65098039 0.74117647 0.85882353
v -0.85237288 0.29665691 -64.98757935 0.65098039 0.74117647 0.85882353
v -0.78142226 0.60239023 -65.13188934 0.65098039 0.74117647 0.85882353
v -0.77635777 0.58669120 -65.13493347 0.65098039 0.74117647 0.85882353
v -0.79431552 0.58750558 -65.13413239 0.65098039 0.74117647 0.85882353
v -0.79835129 0.60295409 -65.13247681 0.65098039 0.74117647 0.85882353
v -0.82170868 0.66907555 -65.06055450 0.65098039 0.74117647 0.85882353
v -0.82734334 0.65823096 -65.03672791 0.65098039 0.74117647 0.85882353
v -0.84728670 0.53308648 -65.12213898 0.65098039 0.74117647 0.85882353
v -0.83677632 0.53300196 -65.12201691 0.65098039 0.74117647 0.85882353
v -0.83967328 0.52422589 -65.11730194 0.65098039 0.74117647 0.85882353
v -0.84830302 0.52573287 -65.11705017 0.65098039 0.74117647 0.85882353
v -0.87280810 0.52013427 -65.10322571 0.65098039 0.74117647 0.85882353
v -0.88534993 0.51854235 -65.10760498 0.65098039 0.74117647 0.85882353
v -0.88513428 0.52196896 -65.11570740 0.65098039 0.74117647 0.85882353
v -0.87147880 0.52365857 -65.11019135 0.65098039 0.74117647 0.85882353
v -0.83904243 0.34871048 -65.07369995 0.65098039 0.74117647 0.85882353
v -0.83226568 0.36508977 -65.07211304 0.65098039 0.74117647 0.85882353
v -0.79833651 0.45651001 -65.10036469 0.65098039 0.74117647 0.85882353
v -0.81442344 0.44849765 -65.08517456 0.65098039 0.74117647 0.85882353
v -0.82138216 0.45730984 -65.08592987 0.65098039 0.74117647 0.85882353
v -0.80831403 0.46489626 -65.10109711 0.65098039 0.74117647 0.85882353
v -0.69695133 0.59152347 -65.10196686 0.65098039 0.74117647 0.85882353
v -0.69399029 0.57816166 -65.10334015 0.65098039 0.74117647 0.85882353
v -0.71044075 0.57846403 -65.11290741 0.65098039 0.74117647 0.85882353
v -0.71232140 0.59205872 -65.11174011 0.65098039 0.74117647 0.85882353
v -0.74991834 0.61264843 -65.12432098 0.65098039 0.74117647 0.85882353
v -0.75303668 0.62636089 -65.12103271 0.65098039 0.74117647 0.85882353
v -0.73332810 0.62250179 -65.11573792 0.65098039 0.74117647 0.85882353
v -0.73017693 0.60868746 -65.11864471 0.65098039 0.74117647 0.85882353
v -0.76327312 0.60042334 -65.13108826 0.65098039 0.74117647 0.85882353
v -0.75918061 0.58434325 -65.13404846 0.65098039 0.74117647 0.85882353
v -0.84121466 0.47189361 -65.07336426 0.65098039 0.74117647 0.85882353
v -0.83618814 0.46018046 -65.06953430 0.65098039 0.74117647 0.85882353
v -0.84968793 0.48995525 -65.08407593 0.65098039 0.74117647 0.85882353
v -0.85348463 0.48995888 -65.06922913 0.65098039 0.74117647 0.85882353
v -0.85627234 0.49842095 -65.07350922 0.65098039 0.74117647 0.85882353
v -0.85266531 0.49748951 -65.08752441 0.65098039 0.74117647 0.85882353
v -0.79903948 0.68178558 -65.05342865 0.65098039 0.74117647 0.85882353
v -0.79082441 0.68816757 -65.07337952 0.65098039 0.74117647 0.85882353
v -0.79937780 0.68296093 -65.07629395 0.65098039 0.74117647 0.85882353
v -0.74375623 0.67016822 -65.09535980 0.65098039 0.74117647 0.85882353
v -0.74155450 0.66393733 -65.09906769 0.65098039 0.74117647 0.85882353
v -0.75581652 0.66669947 -65.09967041 0.65098039 0.74117647 0.85882353
v -0.75491279 0.67234421 -65.09525299 0.65098039 0.74117647 0.85882353
v -0.70719612 0.51963073 -65.11423492 0.65098039 0.74117647 0.85882353
v -0.68867630 0.52069575 -65.10770416 0.65098039 0.74117647 0.85882353
v -0.68828863 0.50359565 -65.10524750 0.65098039 0.74117647 0.85882353
v -0.70823675 0.50260466 -65.11146545 0.65098039 0.74117647 0.85882353
v -0.85235220 0.50650263 -65.09887695 0.65098039 0.74117647 0.85882353
v -0.85804170 0.51157576 -65.09821320 0.65098039 0.74117647 0.85882353
v -0.85391581 0.51454550 -65.10594177 0.65098039 0.74117647 0.85882353
v -0.84760869 0.51059180 -65.10668945 0.65098039 0.74117647 0.85882353
v -0.84283412 0.50533837 -65.10675812 0.65098039 0.74117647 0.85882353
v -0.83772695 0.49861050 -65.10607910 0.65098039 0.74117647 0.85882353
v -0.84431958 0.49311203 -65.09595490 0.65098039 0.74117647 0.85882353
v -0.84839368 0.50088221 -65.09787750 0.65098039 0.74117647 0.85882353
v -0.81788278 0.47395366 -65.10096741 0.65098039 0.74117647 0.85882353
v -0.82835972 0.46618491 -65.08658600 0.65098039 0.74117647 0.85882353
v -0.83512133 0.47666854 -65.08944702 0.65098039 0.74117647 0.85882353
v -0.82675725 0.48392028 -65.10360718 0.65098039 0.74117647 0.85882353
v -0.68716627 0.44439834 -65.09642792 0.65098039 0.74117647 0.85882353
v -0.70494127 0.44422072 -65.10523224 0.65098039 0.74117647 0.85882353
v -0.70416188 0.46397531 -65.10623169 0.65098039 0.74117647 0.85882353
v -0.68569052 0.46422833 -65.09939575 0.65098039 0.74117647 0.85882353
v -0.89610749 0.54554707 -65.06087494 0.65098039 0.74117647 0.85882353
v -0.90234846 0.55475497 -65.05271149 0.65098039 0.74117647 0.85882353
v -0.91433543 0.55169165 -65.05753326 0.65098039 0.74117647 0.85882353
v -0.90967083 0.54093868 -65.06748962 0.65098039 0.74117647 0.85882353
v -0.89504462 0.53453720 -65.13565826 0.65098039 0.74117647 0.85882353
v -0.90583748 0.53357881 -65.13983154 0.65098039 0.74117647 0.85882353
v -0.90685642 0.53937536 -65.14296722 0.65098039 0.74117647 0.85882353
v -0.89540195 0.54096478 -65.13920593 0.65098039 0.74117647 0.85882353
v -0.92431945 0.52196121 -65.08303070 0.65098039 0.74117647 0.85882353
v -0.92583460 0.53315318 -65.07344055 0.65098039 0.74117647 0.85882353
v -0.94500530 0.52255350 -65.07849121 0.65098039 0.74117647 0.85882353
v -0.94261169 0.51052094 -65.08856964 0.65098039 0.74117647 0.85882353
v -0.82040489 0.66734129 -65.08797455 0.65098039 0.74117647 0.85882353
v -0.83037961 0.66781491 -65.06350708 0.65098039 0.74117647 0.85882353
v -0.81431276 0.67190832 -65.08378601 0.65098039 0.74117647 0.85882353
v -0.90374625 0.51555771 -65.09548187 0.65098039 0.74117647 0.85882353
v -0.91903210 0.50690407 -65.10216522 0.65098039 0.74117647 0.85882353
v -0.91659260 0.50540453 -65.11246490 0.65098039 0.74117647 0.85882353
v -0.90095198 0.51304531 -65.10530853 0.65098039 0.74117647 0.85882353
v -1.03041661 0.55908918 -65.10388947 0.65098039 0.74117647 0.85882353
v -1.00795364 0.56851172 -65.09645844 0.65098039 0.74117647 0.85882353
v -0.96026754 0.49148840 -65.10588837 0.65098039 0.74117647 0.85882353
v -0.95885372 0.48777145 -65.11842346 0.65098039 0.74117647 0.85882353
v -0.93751317 0.49688905 -65.10993958 0.65098039 0.74117647 0.85882353
v -0.94007874 0.50173515 -65.09906769 0.65098039 0.74117647 0.85882353
v -0.79123944 0.44834596 -65.10005951 0.65098039 0.74117647 0.85882353
v -0.80866170 0.44039208 -65.08607483 0.65098039 0.74117647 0.85882353
v -0.80516827 0.35507637 -65.10393524 0.65098039 0.74117647 0.85882353
v -0.82337904 0.35251129 -65.09053802 0.65098039 0.74117647 0.85882353
v -0.81543022 0.37014431 -65.08826447 0.65098039 0.74117647 0.85882353
v -0.79744762 0.37381798 -65.10112762 0.65098039 0.74117647 0.85882353
v -0.84528488 0.32969302 -65.07636261 0.65098039 0.74117647 0.85882353
v -0.81123459 0.33444142 -65.10585022 0.65098039 0.74117647 0.85882353
v -0.82943404 0.33306098 -65.09262848 0.65098039 0.74117647 0.85882353
v -0.77889860 0.69794095 -65.06099701 0.65098039 0.74117647 0.85882353
v -0.76565087 0.69958436 -65.07055664 0.65098039 0.74117647 0.85882353
v -0.76876050 0.69264984 -65.07875061 0.65098039 0.74117647 0.85882353
v -0.78417665 0.69360745 -65.06822205 0.65098039 0.74117647 0.85882353
v -0.87982929 0.20659405 -65.09276581 0.65098039 0.74117647 0.85882353
v -0.88094097 0.17460041 -65.09632111 0.65098039 0.74117647 0.85882353
v -0.89285225 0.16946207 -65.06846619 0.65098039 0.74117647 0.85882353
v -0.88963425 0.20273596 -65.06527710 0.65098039 0.74117647 0.85882353
v -0.73454565 0.68647498 -65.08177948 0.65098039 0.74117647 0.85882353
v -0.75186217 0.68912238 -65.08190155 0.65098039 0.74117647 0.85882353
v -0.74991906 0.69790465 -65.07384491 0.65098039 0.74117647 0.85882353
v -0.73498917 0.69593054 -65.07302094 0.65098039 0.74117647 0.85882353
v -0.88441944 0.23108427 -65.06275940 0.65098039 0.74117647 0.85882353
v -0.87484753 0.23717247 -65.08930206 0.65098039 0.74117647 0.85882353
v -0.78674281 0.68971449 -65.04467773 0.65098039 0.74117647 0.85882353
v -0.79300702 0.68587250 -65.04960632 0.65098039 0.74117647 0.85882353
v -0.79534000 0.67682701 -65.03031158 0.65098039 0.74117647 0.85882353
v -0.78967774 0.68236572 -65.02688599 0.65098039 0.74117647 0.85882353
v -0.78799146 0.67821908 -65.00843048 0.65098039 0.74117647 0.85882353
v -0.89878643 0.16066806 -65.04120636 0.65098039 0.74117647 0.85882353
v -0.89350551 0.19153211 -65.03945923 0.65098039 0.74117647 0.85882353
v -0.76376623 0.70538920 -65.06145477 0.65098039 0.74117647 0.85882353
v -0.74945396 0.70526665 -65.06512451 0.65098039 0.74117647 0.85882353
v -0.73593771 0.70609623 -65.06458282 0.65098039 0.74117647 0.85882353
v -0.72310191 0.70904380 -65.06136322 0.65098039 0.74117647 0.85882353
v -0.85141337 0.31156021 -65.07915497 0.65098039 0.74117647 0.85882353
v -0.86167437 0.30623442 -65.05727386 0.65098039 0.74117647 0.85882353
v -0.81848752 0.06473871 -65.15253448 0.65098039 0.74117647 0.85882353
v -0.79055530 0.06430976 -65.15862274 0.65098039 0.74117647 0.85882353
v -0.79036570 0.04364924 -65.14382935 0.65098039 0.74117647 0.85882353
v -0.82099062 0.04252048 -65.13845062 0.65098039 0.74117647 0.85882353
v -0.72646499 0.08150794 -65.14936066 0.65098039 0.74117647 0.85882353
v -0.72713941 0.06637977 -65.13330841 0.65098039 0.74117647 0.85882353
v -0.75803655 0.05336861 -65.14156342 0.65098039 0.74117647 0.85882353
v -0.75952560 0.07002778 -65.15692902 0.65098039 0.74117647 0.85882353
v -0.72003305 0.20544504 -65.16759491 0.65098039 0.74117647 0.85882353
v -0.74938172 0.20695621 -65.17174530 0.65098039 0.74117647 0.85882353
v -0.74920136 0.22871383 -65.16278076 0.65098039 0.74117647 0.85882353
v -0.72035730 0.22770230 -65.15959167 0.65098039 0.74117647 0.85882353
v -0.81751597 0.31536573 -65.11029053 0.65098039 0.74117647 0.85882353
v -0.83590341 0.31444192 -65.09678650 0.65098039 0.74117647 0.85882353
v -0.86554539 0.29848599 -65.03360748 0.65098039 0.74117647 0.85882353
v -0.89268899 0.01945813 -65.01909637 0.65098039 0.74117647 0.85882353
v -0.89333254 0.02214019 -65.05831909 0.65098039 0.74117647 0.85882353
v -0.88340533 -0.01172952 -65.05525970 0.65098039 0.74117647 0.85882353
v -0.88507128 -0.01432748 -65.01856232 0.65098039 0.74117647 0.85882353
v -0.84329915 -0.00821622 -65.10742188 0.65098039 0.74117647 0.85882353
v -0.85017729 0.02060314 -65.11494446 0.65098039 0.74117647 0.85882353
v -0.81809539 0.01949753 -65.12750244 0.65098039 0.74117647 0.85882353
v -0.81218970 -0.00529800 -65.11914062 0.65098039 0.74117647 0.85882353
v -0.81062430 0.27019989 -64.93211365 0.65098039 0.74117647 0.85882353
v -0.82761765 0.26000273 -64.95180511 0.65098039 0.74117647 0.85882353
v -0.81170225 0.25151193 -64.93455505 0.65098039 0.74117647 0.85882353
v -0.75844473 0.25270087 -64.89841461 0.65098039 0.74117647 0.85882353
v -0.77855146 0.25739205 -64.90645599 0.65098039 0.74117647 0.85882353
v -0.77706695 0.23883234 -64.90846252 0.65098039 0.74117647 0.85882353
v -0.75766271 0.23459892 -64.90050507 0.65098039 0.74117647 0.85882353
v -0.76189244 0.13535263 -64.92621613 0.65098039 0.74117647 0.85882353
v -0.74724019 0.13503014 -64.92225647 0.65098039 0.74117647 0.85882353
v -0.74994385 0.15553601 -64.91895294 0.65098039 0.74117647 0.85882353
v -0.76615471 0.15681444 -64.92495728 0.65098039 0.74117647 0.85882353
v -0.88906527 0.17957094 -65.01409149 0.65098039 0.74117647 0.85882353
v -0.87545788 0.17055900 -64.99015045 0.65098039 0.74117647 0.85882353
v -0.87175542 0.19555545 -64.99197388 0.65098039 0.74117647 0.85882353
v -0.88325751 0.20664044 -65.01406860 0.65098039 0.74117647 0.85882353
v -0.72642154 0.05585141 -65.11479187 0.65098039 0.74117647 0.85882353
v -0.75196874 0.03944357 -65.12595367 0.65098039 0.74117647 0.85882353
v -0.87512684 -0.01471154 -64.98145294 0.65098039 0.74117647 0.85882353
v -0.88055515 0.02117141 -64.98257446 0.65098039 0.74117647 0.85882353
v -0.85075891 -0.01044153 -64.95013428 0.65098039 0.74117647 0.85882353
v -0.81894690 -0.00314759 -64.93663025 0.65098039 0.74117647 0.85882353
v -0.82474089 0.02862264 -64.93872070 0.65098039 0.74117647 0.85882353
v -0.85656810 0.02316959 -64.95322418 0.65098039 0.74117647 0.85882353
v -0.73875540 0.06465302 -64.96577454 0.65098039 0.74117647 0.85882353
v -0.75342244 0.08450787 -64.94704437 0.65098039 0.74117647 0.85882353
v -0.75713289 0.07752021 -64.95352936 0.65098039 0.74117647 0.85882353
v -0.73903871 0.06363799 -64.97218323 0.65098039 0.74117647 0.85882353
v -0.72254312 0.11746936 -65.16992950 0.65098039 0.74117647 0.85882353
v -0.72451568 0.09927849 -65.16204834 0.65098039 0.74117647 0.85882353
v -0.75637043 0.09017174 -65.16944122 0.65098039 0.74117647 0.85882353
v -0.75351560 0.11204042 -65.17748260 0.65098039 0.74117647 0.85882353
v -0.79120159 0.33439112 -65.11400604 0.65098039 0.74117647 0.85882353
v -0.79715788 0.31396699 -65.11987305 0.65098039 0.74117647 0.85882353
v -0.77106369 0.33347201 -65.11857605 0.65098039 0.74117647 0.85882353
v -0.78532380 0.35596681 -65.11215973 0.65098039 0.74117647 0.85882353
v -0.76505482 0.35611355 -65.11508179 0.65098039 0.74117647 0.85882353
v -0.75009829 0.46905655 -65.11279297 0.65098039 0.74117647 0.85882353
v -0.77131325 0.45789456 -65.10927582 0.65098039 0.74117647 0.85882353
v -0.77896976 0.46800494 -65.11091614 0.65098039 0.74117647 0.85882353
v -0.75805914 0.48030716 -65.11663055 0.65098039 0.74117647 0.85882353
v -0.72578597 0.58029842 -65.12223816 0.65098039 0.74117647 0.85882353
v -0.72808003 0.59442788 -65.12081909 0.65098039 0.74117647 0.85882353
v -0.77781510 0.00406031 -65.12222290 0.65098039 0.74117647 0.85882353
v -0.74264574 0.02296893 -65.10839081 0.65098039 0.74117647 0.85882353
v -0.74770868 -0.01539437 -65.10543060 0.65098039 0.74117647 0.85882353
v -0.77809936 -0.02561082 -65.11509705 0.65098039 0.74117647 0.85882353
v -0.83546746 -0.03753360 -65.10248566 0.65098039 0.74117647 0.85882353
v -0.85801923 -0.04017211 -65.08232117 0.65098039 0.74117647 0.85882353
v -0.86859882 -0.00927849 -65.08717346 0.65098039 0.74117647 0.85882353
v -0.87237823 -0.04435788 -65.05158997 0.65098039 0.74117647 0.85882353
v -0.87601137 -0.04787053 -65.01429749 0.65098039 0.74117647 0.85882353
v -0.84339356 -0.04279311 -64.94766998 0.65098039 0.74117647 0.85882353
v -0.81162608 -0.03586470 -64.93598175 0.65098039 0.74117647 0.85882353
v -0.73421091 0.00951247 -64.96952820 0.65098039 0.74117647 0.85882353
v -0.75646043 0.00522582 -64.95156097 0.65098039 0.74117647 0.85882353
v -0.75150210 -0.02122264 -64.95515442 0.65098039 0.74117647 0.85882353
v -0.73002654 -0.01610716 -64.97565460 0.65098039 0.74117647 0.85882353
v -0.79951388 0.13071342 -64.94023132 0.65098039 0.74117647 0.85882353
v -0.83086783 0.14669193 -64.95378876 0.65098039 0.74117647 0.85882353
v -0.83178627 0.12710781 -64.95517731 0.65098039 0.74117647 0.85882353
v -0.80387253 0.11432241 -64.94674683 0.65098039 0.74117647 0.85882353
v -0.76138306 0.27191180 -64.89739227 0.65098039 0.74117647 0.85882353
v -0.77758563 0.27688694 -64.90399170 0.65098039 0.74117647 0.85882353
v -0.79476762 0.26316535 -64.91729736 0.65098039 0.74117647 0.85882353
v -0.79274780 0.28275543 -64.91444397 0.65098039 0.74117647 0.85882353
v -0.80797970 0.28961289 -64.92960358 0.65098039 0.74117647 0.85882353
v -0.76266831 0.35821956 -64.89140320 0.65098039 0.74117647 0.85882353
v -0.78068328 0.36167884 -64.90483856 0.65098039 0.74117647 0.85882353
v -0.78165901 0.34109193 -64.90692139 0.65098039 0.74117647 0.85882353
v -0.76431036 0.33718997 -64.89382935 0.65098039 0.74117647 0.85882353
v -0.76136237 0.38154745 -64.89141846 0.65098039 0.74117647 0.85882353
v -0.77945155 0.38405585 -64.90476227 0.65098039 0.74117647 0.85882353
v -0.76007318 0.42845249 -64.89611053 0.65098039 0.74117647 0.85882353
v -0.78199238 0.44137096 -64.90523529 0.65098039 0.74117647 0.85882353
v -0.77841568 0.42491990 -64.90811920 0.65098039 0.74117647 0.85882353
v -0.76767343 0.58972293 -64.92521667 0.65098039 0.74117647 0.85882353
v -0.76708829 0.57562131 -64.91568756 0.65098039 0.74117647 0.85882353
v -0.89415628 0.14973159 -65.01319122 0.65098039 0.74117647 0.85882353
v -0.72060698 0.02304335 -65.07869720 0.65098039 0.74117647 0.85882353
v -0.71256614 0.01882862 -65.04911804 0.65098039 0.74117647 0.85882353
v -0.71305776 -0.00846280 -65.05536652 0.65098039 0.74117647 0.85882353
v -0.72439307 -0.00903536 -65.08357239 0.65098039 0.74117647 0.85882353
v -0.88722771 0.21935247 -65.03789520 0.65098039 0.74117647 0.85882353
v -0.85968202 0.30721968 -65.00870514 0.65098039 0.74117647 0.85882353
v -0.86280888 0.28910881 -65.01033020 0.65098039 0.74117647 0.85882353
v -0.83687806 0.43938690 -64.99071503 0.65098039 0.74117647 0.85882353
v -0.83556050 0.42182904 -64.99575806 0.65098039 0.74117647 0.85882353
v -0.80553931 0.49932039 -64.89340973 0.65098039 0.74117647 0.85882353
v -0.80476040 0.48659956 -64.89294434 0.65098039 0.74117647 0.85882353
v -0.87777746 0.02330397 -65.09305573 0.65098039 0.74117647 0.85882353
v -0.83546370 -0.07451762 -64.94680023 0.65098039 0.74117647 0.85882353
v -0.82650352 -0.10500146 -64.94669342 0.65098039 0.74117647 0.85882353
v -0.79565579 -0.09864299 -64.93759918 0.65098039 0.74117647 0.85882353
v -0.80340230 -0.06717844 -64.93591309 0.65098039 0.74117647 0.85882353
v -0.71669859 -0.04336216 -65.00581360 0.65098039 0.74117647 0.85882353
v -0.72771317 -0.04551642 -64.98150635 0.65098039 0.74117647 0.85882353
v -0.72601289 -0.07649921 -64.98684692 0.65098039 0.74117647 0.85882353
v -0.71717793 -0.07492267 -65.01101685 0.65098039 0.74117647 0.85882353
v -0.71761048 -0.10703368 -65.01317596 0.65098039 0.74117647 0.85882353
v -0.72533351 -0.10907812 -64.98896027 0.65098039 0.74117647 0.85882353
v -0.72151214 -0.13987292 -64.99209595 0.65098039 0.74117647 0.85882353
v -0.71655720 -0.13712208 -65.01556396 0.65098039 0.74117647 0.85882353
v -0.86722404 -0.04842190 -64.97650909 0.65098039 0.74117647 0.85882353
v -0.85823035 -0.10942774 -65.00448608 0.65098039 0.74117647 0.85882353
v -0.84993219 -0.10980807 -64.97101593 0.65098039 0.74117647 0.85882353
v -0.85846782 -0.07974119 -64.97367096 0.65098039 0.74117647 0.85882353
v -0.86667681 -0.07945342 -65.00859833 0.65098039 0.74117647 0.85882353
v -0.80845630 -0.03413112 -65.11334991 0.65098039 0.74117647 0.85882353
v -0.71696466 -0.01350354 -64.99945068 0.65098039 0.74117647 0.85882353
v -0.71923041 0.01144989 -64.99220276 0.65098039 0.74117647 0.85882353
v -0.71894890 -0.07659553 -65.05857086 0.65098039 0.74117647 0.85882353
v -0.73085672 -0.07988675 -65.08169556 0.65098039 0.74117647 0.85882353
v -0.72741687 -0.04548360 -65.08358765 0.65098039 0.74117647 0.85882353
v -0.71513009 -0.04244061 -65.05789948 0.65098039 0.74117647 0.85882353
v -0.82588661 -0.09711416 -65.09004974 0.65098039 0.74117647 0.85882353
v -0.84329569 -0.10042204 -65.06789398 0.65098039 0.74117647 0.85882353
v -0.84994626 -0.07091172 -65.07482147 0.65098039 0.74117647 0.85882353
v -0.83036053 -0.06777476 -65.09603119 0.65098039 0.74117647 0.85882353
v -0.86281389 -0.07532786 -65.04384613 0.65098039 0.74117647 0.85882353
v -0.85458779 -0.10504736 -65.03785706 0.65098039 0.74117647 0.85882353
v -0.84230715 -0.16789888 -64.99649811 0.65098039 0.74117647 0.85882353
v -0.83093596 -0.16807930 -64.96710205 0.65098039 0.74117647 0.85882353
v -0.84071743 -0.13916205 -64.96869659 0.65098039 0.74117647 0.85882353
v -0.85024893 -0.13900380 -65.00004578 0.65098039 0.74117647 0.85882353
v -0.84096086 -0.16324763 -65.02820587 0.65098039 0.74117647 0.85882353
v -0.84735894 -0.13439070 -65.03279877 0.65098039 0.74117647 0.85882353
v -0.83779329 -0.12936886 -65.06163788 0.65098039 0.74117647 0.85882353
v -0.83283132 -0.15794991 -65.05607605 0.65098039 0.74117647 0.85882353
v -0.81735384 -0.15233935 -65.07575989 0.65098039 0.74117647 0.85882353
v -0.82211304 -0.12461747 -65.08291626 0.65098039 0.74117647 0.85882353
v -0.80058122 -0.12097232 -65.09526062 0.65098039 0.74117647 0.85882353
v -0.79831403 -0.14792384 -65.08803558 0.65098039 0.74117647 0.85882353
v -0.77667844 -0.11684696 -65.09812164 0.65098039 0.74117647 0.85882353
v -0.75370777 -0.11273761 -65.09193420 0.65098039 0.74117647 0.85882353
v -0.75611758 -0.14078234 -65.08615875 0.65098039 0.74117647 0.85882353
v -0.77697980 -0.14441253 -65.09135437 0.65098039 0.74117647 0.85882353
v -0.72401541 -0.13690262 -65.05846405 0.65098039 0.74117647 0.85882353
v -0.73720992 -0.13821660 -65.07524872 0.65098039 0.74117647 0.85882353
v -0.73404622 -0.11006506 -65.07856750 0.65098039 0.74117647 0.85882353
v -0.72183818 -0.10816200 -65.05877686 0.65098039 0.74117647 0.85882353
v -0.72794044 -0.24245565 -65.05717468 0.65098039 0.74117647 0.85882353
v -0.74413884 -0.24244200 -65.06449127 0.65098039 0.74117647 0.85882353
v -0.74236757 -0.21770762 -65.06649780 0.65098039 0.74117647 0.85882353
v -0.72554886 -0.21725224 -65.05751038 0.65098039 0.74117647 0.85882353
v -0.75945413 -0.24290709 -65.07176208 0.65098039 0.74117647 0.85882353
v -0.77626741 -0.24452527 -65.07473755 0.65098039 0.74117647 0.85882353
v -0.77607393 -0.22069533 -65.07409668 0.65098039 0.74117647 0.85882353
v -0.75836575 -0.21897455 -65.07093048 0.65098039 0.74117647 0.85882353
v -0.80814391 -0.22941257 -65.05903625 0.65098039 0.74117647 0.85882353
v -0.79308486 -0.22411545 -65.07054901 0.65098039 0.74117647 0.85882353
v -0.79310167 -0.24796359 -65.07122040 0.65098039 0.74117647 0.85882353
v -0.80747938 -0.25402439 -65.06002045 0.65098039 0.74117647 0.85882353
v -0.82047713 -0.26159859 -65.04356384 0.65098039 0.74117647 0.85882353
v -0.82343352 -0.23655163 -65.04325104 0.65098039 0.74117647 0.85882353
v -0.82309431 -0.26884800 -65.01958466 0.65098039 0.74117647 0.85882353
v -0.82853615 -0.24412848 -65.01946259 0.65098039 0.74117647 0.85882353
v -0.82116556 -0.24832739 -64.99082184 0.65098039 0.74117647 0.85882353
v -0.81642878 -0.27400827 -64.99111938 0.65098039 0.74117647 0.85882353
v -0.71131229 -0.22434629 -65.00547028 0.65098039 0.74117647 0.85882353
v -0.70998913 -0.25057632 -65.00947571 0.65098039 0.74117647 0.85882353
v -0.70782244 -0.24556376 -65.02883148 0.65098039 0.74117647 0.85882353
v -0.70781404 -0.22011347 -65.02430725 0.65098039 0.74117647 0.85882353
v -0.73918521 -0.23516290 -64.96882629 0.65098039 0.74117647 0.85882353
v -0.75861704 -0.24036814 -64.94895172 0.65098039 0.74117647 0.85882353
v -0.75420445 -0.26666659 -64.95750427 0.65098039 0.74117647 0.85882353
v -0.73597968 -0.26237190 -64.97625732 0.65098039 0.74117647 0.85882353
v -0.83521694 -0.19071917 -65.02433014 0.65098039 0.74117647 0.85882353
v -0.83438396 -0.19583656 -64.99374390 0.65098039 0.74117647 0.85882353
v -0.81245363 -0.17931290 -65.06845856 0.65098039 0.74117647 0.85882353
v -0.82828069 -0.18489037 -65.05033875 0.65098039 0.74117647 0.85882353
v -0.72489721 -0.16429634 -65.05815887 0.65098039 0.74117647 0.85882353
v -0.73930317 -0.16543140 -65.07215118 0.65098039 0.74117647 0.85882353
v -0.71847934 -0.16911794 -64.99560547 0.65098039 0.74117647 0.85882353
v -0.71413028 -0.16593237 -65.01768494 0.65098039 0.74117647 0.85882353
v -0.79267937 -0.21939786 -64.94431305 0.65098039 0.74117647 0.85882353
v -0.79855925 -0.19182287 -64.94647980 0.65098039 0.74117647 0.85882353
v -0.82264447 -0.19564529 -64.96446228 0.65098039 0.74117647 0.85882353
v -0.81580675 -0.22309951 -64.96188354 0.65098039 0.74117647 0.85882353
v -0.83181238 -0.21801926 -65.02115631 0.65098039 0.74117647 0.85882353
v -0.82504553 -0.21082379 -65.04573059 0.65098039 0.74117647 0.85882353
v -0.80992329 -0.20451199 -65.06237793 0.65098039 0.74117647 0.85882353
v -0.79392993 -0.19977130 -65.07457733 0.65098039 0.74117647 0.85882353
v -0.77655810 -0.19633640 -65.07812500 0.65098039 0.74117647 0.85882353
v -0.75903678 -0.19358222 -65.07510376 0.65098039 0.74117647 0.85882353
v -0.74129432 -0.19200487 -65.06954956 0.65098039 0.74117647 0.85882353
v -0.72571295 -0.19094960 -65.05794525 0.65098039 0.74117647 0.85882353
v -0.71084976 -0.19385479 -65.02153778 0.65098039 0.74117647 0.85882353
v -0.71506828 -0.19773228 -65.00055695 0.65098039 0.74117647 0.85882353
v -0.78104311 -0.27239680 -64.95260620 0.65098039 0.74117647 0.85882353
v -0.78659308 -0.24765538 -64.94474030 0.65098039 0.74117647 0.85882353
v -0.81053436 -0.25049484 -64.96237946 0.65098039 0.74117647 0.85882353
v -0.80490440 -0.27647930 -64.96599579 0.65098039 0.74117647 0.85882353
v -0.77571785 -0.29443574 -64.96391296 0.65098039 0.74117647 0.85882353
v -0.75366670 -0.28958470 -64.96822357 0.65098039 0.74117647 0.85882353
v -0.75810480 -0.26673114 -65.07557678 0.65098039 0.74117647 0.85882353
v -0.77417767 -0.26904690 -65.07852173 0.65098039 0.74117647 0.85882353
v -0.79081154 -0.27344090 -65.07526398 0.65098039 0.74117647 0.85882353
v -0.81697077 -0.28756166 -65.04646301 0.65098039 0.74117647 0.85882353
v -0.81758565 -0.29552412 -65.02032471 0.65098039 0.74117647 0.85882353
v -0.80917668 -0.30070376 -64.99253082 0.65098039 0.74117647 0.85882353
v -0.79705334 -0.29798353 -64.97192383 0.65098039 0.74117647 0.85882353
v -0.71099925 -0.29840171 -65.03636932 0.65098039 0.74117647 0.85882353
v -0.71127754 -0.27103758 -65.03173828 0.65098039 0.74117647 0.85882353
v -0.71296710 -0.27604264 -65.01412201 0.65098039 0.74117647 0.85882353
v -0.71422660 -0.30354011 -65.01891327 0.65098039 0.74117647 0.85882353
v -0.72508544 -0.29437184 -65.06594086 0.65098039 0.74117647 0.85882353
v -0.73756105 -0.29278481 -65.07864380 0.65098039 0.74117647 0.85882353
v -0.74342299 -0.26689416 -65.06686401 0.65098039 0.74117647 0.85882353
v -0.73030937 -0.26746529 -65.05690002 0.65098039 0.74117647 0.85882353
v -0.75404435 -0.29261023 -65.08631897 0.65098039 0.74117647 0.85882353
v -0.77173108 -0.29531950 -65.08768463 0.65098039 0.74117647 0.85882353
v -0.78931594 -0.29954201 -65.08364105 0.65098039 0.74117647 0.85882353
v -0.81294399 -0.31558371 -65.04976654 0.65098039 0.74117647 0.85882353
v -0.80635631 -0.27852386 -65.06463623 0.65098039 0.74117647 0.85882353
v -0.80498999 -0.30670768 -65.07122803 0.65098039 0.74117647 0.85882353
v -0.81245160 -0.32495499 -65.01956940 0.65098039 0.74117647 0.85882353
v -0.79033542 -0.35951203 -64.99845123 0.65098039 0.74117647 0.85882353
v -0.79587370 -0.32914209 -64.99230194 0.65098039 0.74117647 0.85882353
v -0.80835170 -0.35576677 -65.02291107 0.65098039 0.74117647 0.85882353
v -0.74195057 -0.45104378 -65.01145935 0.65098039 0.74117647 0.85882353
v -0.76709962 -0.45411652 -65.01827240 0.65098039 0.74117647 0.85882353
v -0.75517714 -0.48696244 -65.02626801 0.65098039 0.74117647 0.85882353
v -0.73314613 -0.48477650 -65.02026367 0.65098039 0.74117647 0.85882353
v -0.70989275 -0.33199525 -65.02478790 0.65098039 0.74117647 0.85882353
v -0.70486838 -0.32692558 -65.04342651 0.65098039 0.74117647 0.85882353
v -0.71570808 -0.32193369 -65.07637024 0.65098039 0.74117647 0.85882353
v -0.73021966 -0.32048917 -65.08950806 0.65098039 0.74117647 0.85882353
v -0.80623144 -0.37766796 -65.06095886 0.65098039 0.74117647 0.85882353
v -0.81084383 -0.34652501 -65.05366516 0.65098039 0.74117647 0.85882353
v -0.80262977 -0.33735806 -65.07693481 0.65098039 0.74117647 0.85882353
v -0.79760092 -0.36872429 -65.08434296 0.65098039 0.74117647 0.85882353
v -0.68484735 -0.42640489 -65.04278564 0.65098039 0.74117647 0.85882353
v -0.67966616 -0.42259914 -65.06072235 0.65098039 0.74117647 0.85882353
v -0.68555194 -0.38889807 -65.05590820 0.65098039 0.74117647 0.85882353
v -0.69108164 -0.39327139 -65.03657532 0.65098039 0.74117647 0.85882353
v -0.72111338 -0.35119444 -65.09726715 0.65098039 0.74117647 0.85882353
v -0.70601958 -0.35223854 -65.08341217 0.65098039 0.74117647 0.85882353
v -0.69771296 -0.38435602 -65.08955383 0.65098039 0.74117647 0.85882353
v -0.71271908 -0.38405406 -65.10247803 0.65098039 0.74117647 0.85882353
v -0.78584939 -0.44498515 -65.06961060 0.65098039 0.74117647 0.85882353
v -0.79778141 -0.41054803 -65.06625366 0.65098039 0.74117647 0.85882353
v -0.78968954 -0.40212905 -65.08937073 0.65098039 0.74117647 0.85882353
v -0.77862704 -0.43801147 -65.09136200 0.65098039 0.74117647 0.85882353
v -0.78468585 -0.38958436 -65.00471497 0.65098039 0.74117647 0.85882353
v -0.80315840 -0.38613081 -65.02999115 0.65098039 0.74117647 0.85882353
v -0.79475027 -0.41745454 -65.03684998 0.65098039 0.74117647 0.85882353
v -0.77711970 -0.42150867 -65.01173401 0.65098039 0.74117647 0.85882353
v -0.75771779 -0.38595819 -64.99784851 0.65098039 0.74117647 0.85882353
v -0.75085139 -0.41745234 -65.00433350 0.65098039 0.74117647 0.85882353
v -0.67593426 -0.49811405 -65.06714630 0.65098039 0.74117647 0.85882353
v -0.67850405 -0.45970953 -65.06404114 0.65098039 0.74117647 0.85882353
v -0.68299633 -0.46463722 -65.04840851 0.65098039 0.74117647 0.85882353
v -0.67930424 -0.50358170 -65.05305481 0.65098039 0.74117647 0.85882353
v -0.70712882 -0.41979069 -65.10426331 0.65098039 0.74117647 0.85882353
v -0.69169301 -0.41887331 -65.09201050 0.65098039 0.74117647 0.85882353
v -0.68916857 -0.45731789 -65.09171295 0.65098039 0.74117647 0.85882353
v -0.70207304 -0.45793802 -65.10282898 0.65098039 0.74117647 0.85882353
v -0.75772148 -0.51888329 -65.07501984 0.65098039 0.74117647 0.85882353
v -0.77246147 -0.48121154 -65.07272339 0.65098039 0.74117647 0.85882353
v -0.76497781 -0.47567958 -65.09233093 0.65098039 0.74117647 0.85882353
v -0.75038618 -0.51327235 -65.09295654 0.65098039 0.74117647 0.85882353
v -0.74291110 -0.52315795 -65.03433228 0.65098039 0.74117647 0.85882353
v -0.77063125 -0.48569399 -65.04613495 0.65098039 0.74117647 0.85882353
v -0.75703764 -0.52281344 -65.05224609 0.65098039 0.74117647 0.85882353
v -0.72995919 -0.55936915 -65.03953552 0.65098039 0.74117647 0.85882353
v -0.71439368 -0.55802459 -65.03427887 0.65098039 0.74117647 0.85882353
v -0.72358477 -0.52115196 -65.02838135 0.65098039 0.74117647 0.85882353
v -0.67708433 -0.54034501 -65.05735016 0.65098039 0.74117647 0.85882353
v -0.67237091 -0.53546453 -65.06968689 0.65098039 0.74117647 0.85882353
v -0.67758954 -0.53181833 -65.09151459 0.65098039 0.74117647 0.85882353
v -0.68783510 -0.53104395 -65.10159302 0.65098039 0.74117647 0.85882353
v -0.69583082 -0.49527341 -65.10186005 0.65098039 0.74117647 0.85882353
v -0.68436140 -0.49537414 -65.09174347 0.65098039 0.74117647 0.85882353
v -0.72576272 -0.50390851 -65.10950470 0.65098039 0.74117647 0.85882353
v -0.71059275 -0.49840724 -65.10826111 0.65098039 0.74117647 0.85882353
v -0.70124078 -0.53373593 -65.10724640 0.65098039 0.74117647 0.85882353
v -0.71516263 -0.53915280 -65.10778809 0.65098039 0.74117647 0.85882353
v -0.73566079 -0.54728657 -65.09237671 0.65098039 0.74117647 0.85882353
v -0.73941845 -0.50841409 -65.10446930 0.65098039 0.74117647 0.85882353
v -0.72620207 -0.54301697 -65.10257721 0.65098039 0.74117647 0.85882353
v -0.74325919 -0.55245811 -65.07577515 0.65098039 0.74117647 0.85882353
v -0.74293840 -0.55808693 -65.05515289 0.65098039 0.74117647 0.85882353
v -0.71645522 0.05121635 -65.05445099 0.65098039 0.74117647 0.85882353
v -0.71606988 0.04624106 -65.02717590 0.65098039 0.74117647 0.85882353
v -0.71464783 0.03690572 -65.03894043 0.65098039 0.74117647 0.85882353
v -0.71907830 0.04471092 -65.06794739 0.65098039 0.74117647 0.85882353
v -0.74329966 -0.08306737 -64.96195221 0.65098039 0.74117647 0.85882353
v -0.74769121 -0.05067886 -64.95873260 0.65098039 0.74117647 0.85882353
v -0.73442888 -0.14519636 -64.96858978 0.65098039 0.74117647 0.85882353
v -0.73974013 -0.11557145 -64.96460724 0.65098039 0.74117647 0.85882353
v -0.73031551 -0.17471294 -64.97401428 0.65098039 0.74117647 0.85882353
v -0.72638500 -0.20315991 -64.98057556 0.65098039 0.74117647 0.85882353
v -0.72186381 -0.23060004 -64.98683929 0.65098039 0.74117647 0.85882353
v -0.72023344 -0.25714207 -64.99221802 0.65098039 0.74117647 0.85882353
v -0.72237498 -0.28300905 -64.99726868 0.65098039 0.74117647 0.85882353
v -0.72362655 -0.31086481 -65.00135040 0.65098039 0.74117647 0.85882353
v -0.71446645 -0.36839938 -65.01292419 0.65098039 0.74117647 0.85882353
v -0.70114559 -0.36214995 -65.03113556 0.65098039 0.74117647 0.85882353
v -0.72153246 -0.33957154 -65.00720978 0.65098039 0.74117647 0.85882353
v -0.69877839 -0.43376076 -65.02484894 0.65098039 0.74117647 0.85882353
v -0.70600224 -0.39954096 -65.01868439 0.65098039 0.74117647 0.85882353
v -0.69341809 -0.47186273 -65.03202057 0.65098039 0.74117647 0.85882353
v -0.68926817 -0.51058775 -65.03941345 0.65098039 0.74117647 0.85882353
v -0.68671882 -0.54694086 -65.04538727 0.65098039 0.74117647 0.85882353
v -0.79845703 0.05768447 -64.94001770 0.65098039 0.74117647 0.85882353
v -0.76894605 0.05302916 -64.94783020 0.65098039 0.74117647 0.85882353
v -0.77476859 0.07009239 -64.94667053 0.65098039 0.74117647 0.85882353
v -0.80324191 0.07980902 -64.94200134 0.65098039 0.74117647 0.85882353
v -0.72750241 0.05568637 -64.99389648 0.65098039 0.74117647 0.85882353
v -0.73157424 0.05775447 -64.98140717 0.65098039 0.74117647 0.85882353
v -0.73049754 0.05836187 -64.98681641 0.65098039 0.74117647 0.85882353
v -0.72534341 0.05696414 -65.00007629 0.65098039 0.74117647 0.85882353
v -0.82785809 -0.22221707 -64.99142456 0.65098039 0.74117647 0.85882353
v -0.79573768 -0.17428626 -65.08065033 0.65098039 0.74117647 0.85882353
v -0.77674544 -0.17062421 -65.08365631 0.65098039 0.74117647 0.85882353
v -0.75772822 -0.16752551 -65.08004761 0.65098039 0.74117647 0.85882353
v -0.74219584 -0.20838921 -64.95886993 0.65098039 0.74117647 0.85882353
v -0.74770874 -0.18075608 -64.95440674 0.65098039 0.74117647 0.85882353
v -0.77078962 -0.18606101 -64.94348907 0.65098039 0.74117647 0.85882353
v -0.76421505 -0.21355458 -64.94573212 0.65098039 0.74117647 0.85882353
v -0.76207268 -0.35857475 -64.99150085 0.65098039 0.74117647 0.85882353
v -0.73437554 -0.37763631 -65.00296021 0.65098039 0.74117647 0.85882353
v -0.73946965 -0.34938550 -64.99550629 0.65098039 0.74117647 0.85882353
v -0.76740205 -0.33376855 -64.98376465 0.65098039 0.74117647 0.85882353
v -0.76895112 -0.32456362 -65.09813690 0.65098039 0.74117647 0.85882353
v -0.78761923 -0.32956803 -65.09235382 0.65098039 0.74117647 0.85882353
v -0.74141002 -0.35208404 -65.10557556 0.65098039 0.74117647 0.85882353
v -0.76271379 -0.35549521 -65.10745239 0.65098039 0.74117647 0.85882353
v -0.74897760 -0.32108182 -65.09590149 0.65098039 0.74117647 0.85882353
v -0.76067698 -0.12344660 -64.94659424 0.65098039 0.74117647 0.85882353
v -0.78759408 -0.12916072 -64.93995667 0.65098039 0.74117647 0.85882353
v -0.77900273 -0.15839393 -64.94204712 0.65098039 0.74117647 0.85882353
v -0.75380772 -0.15234776 -64.95001221 0.65098039 0.74117647 0.85882353
v -0.80832207 0.38612437 -65.08728790 0.65098039 0.74117647 0.85882353
v -0.78977025 0.39201593 -65.09859467 0.65098039 0.74117647 0.85882353
v -0.83926588 0.46067721 -64.95487213 0.65098039 0.74117647 0.85882353
v -0.83683091 0.45111465 -64.96982574 0.65098039 0.74117647 0.85882353
v -0.82842976 0.44412261 -64.95641327 0.65098039 0.74117647 0.85882353
v -0.83185047 0.45374823 -64.94496918 0.65098039 0.74117647 0.85882353
v -0.84309113 0.45954096 -64.97959137 0.65098039 0.74117647 0.85882353
v -0.84530193 0.46910483 -64.96366119 0.65098039 0.74117647 0.85882353
v -0.84990954 0.47964704 -64.97300720 0.65098039 0.74117647 0.85882353
v -0.84780753 0.46952361 -64.98842621 0.65098039 0.74117647 0.85882353
v -0.86248767 0.52928126 -65.03494263 0.65098039 0.74117647 0.85882353
v -0.86751270 0.53726006 -65.04305267 0.65098039 0.74117647 0.85882353
v -0.76047176 0.40542322 -64.89239502 0.65098039 0.74117647 0.85882353
v -0.73941129 0.40302366 -64.88311005 0.65098039 0.74117647 0.85882353
v -0.73898947 0.42607397 -64.88622284 0.65098039 0.74117647 0.85882353
v -0.79529285 0.24418686 -64.92039490 0.65098039 0.74117647 0.85882353
v -0.80473846 0.16148128 -64.94343567 0.65098039 0.74117647 0.85882353
v -0.77690411 0.13329084 -64.93302917 0.65098039 0.74117647 0.85882353
v -0.78423905 0.15773378 -64.93321228 0.65098039 0.74117647 0.85882353
v -0.73785710 0.08053206 -64.94548035 0.65098039 0.74117647 0.85882353
v -0.72491318 0.44089419 -65.10980988 0.65098039 0.74117647 0.85882353
v -0.72471827 0.46012533 -65.10990143 0.65098039 0.74117647 0.85882353
v -0.71455246 0.60585648 -65.11006927 0.65098039 0.74117647 0.85882353
v -0.69895321 0.60384041 -65.10037994 0.65098039 0.74117647 0.85882353
v -0.71895707 0.63109332 -65.10445404 0.65098039 0.74117647 0.85882353
v -0.72080904 0.64259684 -65.10124969 0.65098039 0.74117647 0.85882353
v -0.70539570 0.63932228 -65.09358978 0.65098039 0.74117647 0.85882353
v -0.70332456 0.62810189 -65.09622955 0.65098039 0.74117647 0.85882353
v -0.72009283 0.69683635 -65.07012177 0.65098039 0.74117647 0.85882353
v -0.71783859 0.68520790 -65.07751465 0.65098039 0.74117647 0.85882353
v -0.72167748 0.05727915 -65.01557922 0.65098039 0.74117647 0.85882353
v -0.72199452 0.05559506 -65.00675964 0.65098039 0.74117647 0.85882353
v -0.71911502 0.05657314 -65.02597046 0.65098039 0.74117647 0.85882353
v -0.73955011 0.03147449 -64.96483612 0.65098039 0.74117647 0.85882353
v -0.72363675 0.03093915 -64.98535919 0.65098039 0.74117647 0.85882353
v -0.72854066 0.04539098 -64.98041534 0.65098039 0.74117647 0.85882353
v -0.74477822 0.04795776 -64.96134186 0.65098039 0.74117647 0.85882353
v -0.89788508 0.05336659 -65.01705933 0.65098039 0.74117647 0.85882353
v -0.90085572 0.05757035 -65.05666351 0.65098039 0.74117647 0.85882353
v -0.78452784 0.02641438 -65.13035583 0.65098039 0.74117647 0.85882353
v -1.00757027 0.47461092 -65.13517761 0.65098039 0.74117647 0.85882353
v -1.00904131 0.47798723 -65.14836884 0.65098039 0.74117647 0.85882353
v -0.98340607 0.48328638 -65.14103699 0.65098039 0.74117647 0.85882353
v -0.98215854 0.48053306 -65.12720490 0.65098039 0.74117647 0.85882353
v -0.72790092 0.51910496 -65.12180328 0.65098039 0.74117647 0.85882353
v -0.73483789 0.49723405 -65.11825562 0.65098039 0.74117647 0.85882353
v -0.80096030 0.67104524 -65.03276825 0.65098039 0.74117647 0.85882353
v -0.85006255 0.66460907 -65.06795502 0.65098039 0.74117647 0.85882353
v -0.85890114 0.65868217 -65.04492950 0.65098039 0.74117647 0.85882353
v -0.84795529 0.65860891 -65.04326630 0.65098039 0.74117647 0.85882353
v -0.83971900 0.66630119 -65.06602478 0.65098039 0.74117647 0.85882353
v -0.81697172 0.61798817 -65.12817383 0.65098039 0.74117647 0.85882353
v -0.82216859 0.63292432 -65.12006378 0.65098039 0.74117647 0.85882353
v -0.81018281 0.63465005 -65.12039948 0.65098039 0.74117647 0.85882353
v -0.80376643 0.61847562 -65.12865448 0.65098039 0.74117647 0.85882353
v -0.71909201 0.18288219 -65.17346954 0.65098039 0.74117647 0.85882353
v -0.74829394 0.18426259 -65.17830658 0.65098039 0.74117647 0.85882353
v -0.71723390 0.37878305 -65.10877228 0.65098039 0.74117647 0.85882353
v -0.73783672 0.37834209 -65.11331177 0.65098039 0.74117647 0.85882353
v -0.73115462 0.39942861 -65.11179352 0.65098039 0.74117647 0.85882353
v -0.71143937 0.40068591 -65.10657501 0.65098039 0.74117647 0.85882353
v -0.75788218 0.50524473 -65.12557220 0.65098039 0.74117647 0.85882353
v -0.77401316 0.48946381 -65.12013245 0.65098039 0.74117647 0.85882353
v -0.75889796 0.50376379 -64.88193512 0.65098039 0.74117647 0.85882353
v -0.76149601 0.52526557 -64.88849640 0.65098039 0.74117647 0.85882353
v -0.77880204 0.52760792 -64.89349365 0.65098039 0.74117647 0.85882353
v -0.77674675 0.50870484 -64.88553619 0.65098039 0.74117647 0.85882353
v -0.95531404 0.51381117 -65.15314484 0.65098039 0.74117647 0.85882353
v -0.93157727 0.51324278 -65.14160156 0.65098039 0.74117647 0.85882353
v -0.93526393 0.50365537 -65.13478088 0.65098039 0.74117647 0.85882353
v -0.95929527 0.49844664 -65.14531708 0.65098039 0.74117647 0.85882353
v -0.88466811 0.06397898 -65.09799194 0.65098039 0.74117647 0.85882353
v -0.85430568 0.05012535 -65.12409973 0.65098039 0.74117647 0.85882353
v -0.82213157 0.41002852 -65.07169342 0.65098039 0.74117647 0.85882353
v -0.80499607 0.41683394 -65.08954620 0.65098039 0.74117647 0.85882353
v -0.80503857 0.40127516 -65.08828735 0.65098039 0.74117647 0.85882353
v -0.82162428 0.39501148 -65.07106781 0.65098039 0.74117647 0.85882353
v -0.82720613 0.44293785 -65.06719208 0.65098039 0.74117647 0.85882353
v -0.82350945 0.43369853 -65.06797028 0.65098039 0.74117647 0.85882353
v -0.83183557 0.45122665 -65.06798553 0.65098039 0.74117647 0.85882353
v -0.86267453 0.51748639 -65.09864807 0.65098039 0.74117647 0.85882353
v -0.86601222 0.51668435 -65.09116364 0.65098039 0.74117647 0.85882353
v -0.87469530 0.52027464 -65.09402466 0.65098039 0.74117647 0.85882353
v -0.76281971 0.03159158 -64.94905090 0.65098039 0.74117647 0.85882353
v -0.77998936 0.09648649 -64.94502258 0.65098039 0.74117647 0.85882353
v -0.77518582 0.10622035 -64.93994141 0.65098039 0.74117647 0.85882353
v -0.72435647 0.05657099 -65.00665283 0.65098039 0.74117647 0.85882353
v -0.78475535 0.68928689 -65.02187347 0.65098039 0.74117647 0.85882353
v -0.78539801 0.68555349 -65.00484467 0.65098039 0.74117647 0.85882353
v -0.90646780 0.52230108 -65.08595276 0.65098039 0.74117647 0.85882353
v -0.92203152 0.51250374 -65.09242249 0.65098039 0.74117647 0.85882353
v -0.85988832 0.50633723 -65.07648468 0.65098039 0.74117647 0.85882353
v -0.86086833 0.51127470 -65.06260681 0.65098039 0.74117647 0.85882353
v -0.86577070 0.51881742 -65.06679535 0.65098039 0.74117647 0.85882353
v -0.86486232 0.51351804 -65.07864380 0.65098039 0.74117647 0.85882353
v -0.86210972 0.51113945 -65.08929443 0.65098039 0.74117647 0.85882353
v -0.85698903 0.50499243 -65.08879852 0.65098039 0.74117647 0.85882353
v -0.85970545 0.58033097 -64.99289703 0.65098039 0.74117647 0.85882353
v -0.85092413 0.58399421 -64.98561859 0.65098039 0.74117647 0.85882353
v -0.85468006 0.60013884 -64.99678040 0.65098039 0.74117647 0.85882353
v -0.86429960 0.59694678 -65.00370789 0.65098039 0.74117647 0.85882353
v -0.84057963 0.58549458 -64.97675323 0.65098039 0.74117647 0.85882353
v -0.82865500 0.58751112 -64.96691132 0.65098039 0.74117647 0.85882353
v -0.83068371 0.60451883 -64.98126984 0.65098039 0.74117647 0.85882353
v -0.84336835 0.60313195 -64.99026489 0.65098039 0.74117647 0.85882353
v -0.80409485 0.65660089 -65.00988007 0.65098039 0.74117647 0.85882353
v -0.79256785 0.65238076 -64.98692322 0.65098039 0.74117647 0.85882353
v -0.77692688 0.64915961 -64.96826935 0.65098039 0.74117647 0.85882353
v -0.76245940 0.64707106 -64.95345306 0.65098039 0.74117647 0.85882353
v -0.71487391 0.67365783 -65.08406830 0.65098039 0.74117647 0.85882353
v -0.71116376 0.66110086 -65.08798981 0.65098039 0.74117647 0.85882353
v -0.72741449 0.66313303 -65.09469604 0.65098039 0.74117647 0.85882353
v -0.73413879 0.67473000 -65.09026337 0.65098039 0.74117647 0.85882353
v -0.78055048 0.67495209 -64.99108887 0.65098039 0.74117647 0.85882353
v -0.77032769 0.67431122 -64.97441101 0.65098039 0.74117647 0.85882353
v -0.75863129 0.66485924 -64.96199036 0.65098039 0.74117647 0.85882353
v -1.03034306 0.56350660 -65.12182617 0.65098039 0.74117647 0.85882353
v -1.00806415 0.57269526 -65.11496735 0.65098039 0.74117647 0.85882353
v -0.77476954 0.70224440 -65.05151367 0.65098039 0.74117647 0.85882353
v -0.78142518 0.69544709 -65.03731537 0.65098039 0.74117647 0.85882353
v -1.00611269 0.57030565 -65.13341522 0.65098039 0.74117647 0.85882353
v -1.02854633 0.56074440 -65.14035034 0.65098039 0.74117647 0.85882353
v -0.84295934 0.64127463 -65.02041626 0.65098039 0.74117647 0.85882353
v -0.83764935 0.65828717 -65.04042816 0.65098039 0.74117647 0.85882353
v -0.85322803 0.64140910 -65.02433014 0.65098039 0.74117647 0.85882353
v -0.78085709 0.68292648 -64.98786163 0.65098039 0.74117647 0.85882353
v -0.77213812 0.68265331 -64.97159576 0.65098039 0.74117647 0.85882353
v -0.90226674 0.09308712 -65.05062866 0.65098039 0.74117647 0.85882353
v -0.89834422 0.08711712 -65.01474762 0.65098039 0.74117647 0.85882353
v -0.84471714 0.35878623 -65.00484467 0.65098039 0.74117647 0.85882353
v -0.84443247 0.36686039 -65.02745056 0.65098039 0.74117647 0.85882353
v -0.74271035 0.35500240 -64.88265991 0.65098039 0.74117647 0.85882353
v -0.74467826 0.33394092 -64.88485718 0.65098039 0.74117647 0.85882353
v -0.75698310 0.69390017 -64.95079803 0.65098039 0.74117647 0.85882353
v -0.77250433 0.29725331 -64.90024567 0.65098039 0.74117647 0.85882353
v -0.75300169 0.29074317 -64.89257812 0.65098039 0.74117647 0.85882353
v -0.74807018 0.31296694 -64.88864899 0.65098039 0.74117647 0.85882353
v -0.76743680 0.31738198 -64.89727020 0.65098039 0.74117647 0.85882353
v -0.74840552 0.26742846 -64.89537048 0.65098039 0.74117647 0.85882353
v -0.74799097 0.25819778 -64.89617157 0.65098039 0.74117647 0.85882353
v -0.75580513 0.11786465 -64.93033600 0.65098039 0.74117647 0.85882353
v -0.74534404 0.11794354 -64.92592621 0.65098039 0.74117647 0.85882353
v -0.95004010 0.58604133 -65.06571198 0.65098039 0.74117647 0.85882353
v -0.93614471 0.59492141 -65.06039429 0.65098039 0.74117647 0.85882353
v -0.93842900 0.61091971 -65.07122803 0.65098039 0.74117647 0.85882353
v -0.95251131 0.60058188 -65.07798004 0.65098039 0.74117647 0.85882353
v -0.78862101 0.30316275 -64.91236115 0.65098039 0.74117647 0.85882353
v -0.80400181 0.30914980 -64.92869568 0.65098039 0.74117647 0.85882353
v -0.86096680 0.52677619 -65.01330566 0.65098039 0.74117647 0.85882353
v -0.85785186 0.51936048 -65.02748871 0.65098039 0.74117647 0.85882353
v -0.73949623 0.44965780 -64.88632202 0.65098039 0.74117647 0.85882353
v -0.79259247 0.51257312 -64.89084625 0.65098039 0.74117647 0.85882353
v -0.79422659 0.52857840 -64.89900970 0.65098039 0.74117647 0.85882353
v -0.80849618 0.52852094 -64.90603638 0.65098039 0.74117647 0.85882353
v -0.80670607 0.51390415 -64.89735413 0.65098039 0.74117647 0.85882353
v -0.72233599 0.05890305 -65.01706696 0.65098039 0.74117647 0.85882353
v -0.91084230 0.57618862 -65.14957428 0.65098039 0.74117647 0.85882353
v -0.89755094 0.57928878 -65.14840698 0.65098039 0.74117647 0.85882353
v -0.89677656 0.56841910 -65.14797974 0.65098039 0.74117647 0.85882353
v -0.91075492 0.56634861 -65.14965057 0.65098039 0.74117647 0.85882353
v -0.71548593 0.03191890 -65.01055145 0.65098039 0.74117647 0.85882353
v -0.71288204 0.01428764 -65.01908112 0.65098039 0.74117647 0.85882353
v -0.72351784 0.05147700 -65.09275055 0.65098039 0.74117647 0.85882353
v -0.71628773 0.05561028 -65.07438660 0.65098039 0.74117647 0.85882353
v -0.77916855 -0.02902134 -64.93955231 0.65098039 0.74117647 0.85882353
v -0.78633630 0.00221486 -64.93836975 0.65098039 0.74117647 0.85882353
v -0.77266216 -0.06092037 -64.94222260 0.65098039 0.74117647 0.85882353
v -0.76646084 -0.09302236 -64.94427490 0.65098039 0.74117647 0.85882353
v -0.73766696 -0.28813076 -64.98314667 0.65098039 0.74117647 0.85882353
v -0.74341601 -0.31896001 -64.98590088 0.65098039 0.74117647 0.85882353
v -0.72765076 -0.40904540 -65.00998688 0.65098039 0.74117647 0.85882353
v -0.72006792 -0.44288880 -65.01713562 0.65098039 0.74117647 0.85882353
v -0.71240038 -0.47938716 -65.02452850 0.65098039 0.74117647 0.85882353
v -0.70519507 -0.51718086 -65.03254700 0.65098039 0.74117647 0.85882353
v -0.69916457 -0.55370921 -65.03709412 0.65098039 0.74117647 0.85882353
v -1.02601480 0.55205435 -65.15614319 0.65098039 0.74117647 0.85882353
v -1.00210178 0.56210172 -65.15000153 0.65098039 0.74117647 0.85882353
v -1.00000715 0.54861009 -65.16090393 0.65098039 0.74117647 0.85882353
v -1.02462244 0.53889829 -65.16693878 0.65098039 0.74117647 0.85882353
v -0.96262753 0.50001842 -65.09511566 0.65098039 0.74117647 0.85882353
v -0.96571696 0.51190114 -65.08507538 0.65098039 0.74117647 0.85882353
v -0.98745215 0.50213635 -65.09201813 0.65098039 0.74117647 0.85882353
v -0.98428488 0.49129927 -65.10224915 0.65098039 0.74117647 0.85882353
v -1.00745058 0.48279572 -65.11008453 0.65098039 0.74117647 0.85882353
v -1.00696015 0.47651494 -65.12232971 0.65098039 0.74117647 0.85882353
v -0.98243868 0.48380280 -65.11377716 0.65098039 0.74117647 0.85882353
v -1.01093876 0.48661757 -65.15975189 0.65098039 0.74117647 0.85882353
v -1.01386595 0.49850720 -65.16757965 0.65098039 0.74117647 0.85882353
v -0.98649025 0.50606036 -65.16133118 0.65098039 0.74117647 0.85882353
v -0.98583043 0.49221039 -65.15332031 0.65098039 0.74117647 0.85882353
v -1.02195787 0.52516365 -65.17209625 0.65098039 0.74117647 0.85882353
v -0.99759793 0.53427118 -65.16616058 0.65098039 0.74117647 0.85882353
v -0.99299455 0.52030051 -65.16624451 0.65098039 0.74117647 0.85882353
v -1.01834214 0.51109999 -65.17211151 0.65098039 0.74117647 0.85882353
v -1.01768374 0.51822138 -65.08551025 0.65098039 0.74117647 0.85882353
v -1.01301622 0.50450975 -65.09112549 0.65098039 0.74117647 0.85882353
v -0.99101317 0.51463956 -65.08370209 0.65098039 0.74117647 0.85882353
v -0.99588907 0.52850235 -65.07813263 0.65098039 0.74117647 0.85882353
v -0.93800884 0.62226093 -65.09036255 0.65098039 0.74117647 0.85882353
v -0.95231074 0.60956413 -65.09642792 0.65098039 0.74117647 0.85882353
v -0.88378382 0.55684960 -65.04109955 0.65098039 0.74117647 0.85882353
v -0.89328533 0.57143861 -65.03578186 0.65098039 0.74117647 0.85882353
v -0.90079367 0.57149011 -65.04251099 0.65098039 0.74117647 0.85882353
v -0.89128393 0.55788332 -65.04740906 0.65098039 0.74117647 0.85882353
v -0.98651445 0.57831049 -65.08928680 0.65098039 0.74117647 0.85882353
v -0.96832514 0.58943659 -65.08328247 0.65098039 0.74117647 0.85882353
v -0.96854365 0.59639591 -65.10182953 0.65098039 0.74117647 0.85882353
v -0.98693275 0.58320850 -65.10832977 0.65098039 0.74117647 0.85882353
v -0.97392756 0.53865236 -65.07064819 0.65098039 0.74117647 0.85882353
v -0.96944267 0.52538544 -65.07646942 0.65098039 0.74117647 0.85882353
v -0.94836533 0.53551590 -65.06914520 0.65098039 0.74117647 0.85882353
v -0.95391619 0.54815465 -65.06232452 0.65098039 0.74117647 0.85882353
v -0.95843804 0.49001408 -65.13247681 0.65098039 0.74117647 0.85882353
v -0.93584955 0.49736702 -65.12237549 0.65098039 0.74117647 0.85882353
v -0.93077791 0.57714832 -65.05405426 0.65098039 0.74117647 0.85882353
v -0.94482177 0.56944066 -65.05874634 0.65098039 0.74117647 0.85882353
v -0.85724068 0.51617694 -65.00517273 0.65098039 0.74117647 0.85882353
v -0.85472107 0.49396181 -65.05221558 0.65098039 0.74117647 0.85882353
v -0.85775620 0.50297207 -65.05792999 0.65098039 0.74117647 0.85882353
v -0.83658206 0.46595728 -64.93572235 0.65098039 0.74117647 0.85882353
v -0.84092718 0.47885603 -64.93199158 0.65098039 0.74117647 0.85882353
v -0.84703970 0.46277028 -65.00804138 0.65098039 0.74117647 0.85882353
v -0.84968054 0.47617459 -65.01796722 0.65098039 0.74117647 0.85882353
v -0.84238064 0.47115594 -64.94415283 0.65098039 0.74117647 0.85882353
v -0.84403485 0.47930038 -64.93926239 0.65098039 0.74117647 0.85882353
v -0.79368019 0.40588623 -64.92097473 0.65098039 0.74117647 0.85882353
v -0.75886422 0.65612310 -64.95937347 0.65098039 0.74117647 0.85882353
v -0.96561849 0.57656747 -65.07072449 0.65098039 0.74117647 0.85882353
v -0.95975161 0.56181514 -65.06330109 0.65098039 0.74117647 0.85882353
v -0.91385257 0.51556003 -65.13156128 0.65098039 0.74117647 0.85882353
v -0.89854646 0.51898217 -65.12329865 0.65098039 0.74117647 0.85882353
v -0.89927721 0.51463026 -65.11489105 0.65098039 0.74117647 0.85882353
v -0.91527933 0.50888360 -65.12364197 0.65098039 0.74117647 0.85882353
v -0.79507738 0.51608062 -65.12906647 0.65098039 0.74117647 0.85882353
v -0.77761817 0.51143140 -65.12879181 0.65098039 0.74117647 0.85882353
v -0.79051137 0.49696898 -65.12216187 0.65098039 0.74117647 0.85882353
v -0.80598152 0.50345922 -65.12274933 0.65098039 0.74117647 0.85882353
v -0.91838670 0.59240896 -65.14609528 0.65098039 0.74117647 0.85882353
v -0.92718410 0.59961528 -65.14144897 0.65098039 0.74117647 0.85882353
v -0.91209954 0.60933024 -65.13865662 0.65098039 0.74117647 0.85882353
v -0.90478045 0.59903222 -65.14422607 0.65098039 0.74117647 0.85882353
v -0.92126215 0.61888444 -65.12869263 0.65098039 0.74117647 0.85882353
v -0.93748009 0.60668182 -65.13262177 0.65098039 0.74117647 0.85882353
v -0.94737840 0.61066765 -65.11733246 0.65098039 0.74117647 0.85882353
v -0.93127608 0.62426662 -65.11231232 0.65098039 0.74117647 0.85882353
v -0.88166493 0.14325123 -65.10263824 0.65098039 0.74117647 0.85882353
v -0.89575750 0.13628797 -65.07335663 0.65098039 0.74117647 0.85882353
v -0.85488307 0.27848303 -64.98934937 0.65098039 0.74117647 0.85882353
v -0.84259570 0.26863587 -64.97027588 0.65098039 0.74117647 0.85882353
v -0.83080006 0.17081527 -64.95699310 0.65098039 0.74117647 0.85882353
v -0.75408417 0.06953596 -64.95616150 0.65098039 0.74117647 0.85882353
v -0.73509938 0.05942987 -64.97506714 0.65098039 0.74117647 0.85882353
v -0.71170133 -0.01109408 -65.02625275 0.65098039 0.74117647 0.85882353
v -0.90076578 0.12730487 -65.04493713 0.65098039 0.74117647 0.85882353
v -0.71255267 -0.04221247 -65.03134155 0.65098039 0.74117647 0.85882353
v -0.71479791 -0.07474042 -65.03440094 0.65098039 0.74117647 0.85882353
v -0.75189704 -0.08398049 -65.09736633 0.65098039 0.74117647 0.85882353
v -0.77711236 -0.08852632 -65.10434723 0.65098039 0.74117647 0.85882353
v -0.77756643 -0.05783050 -65.10975647 0.65098039 0.74117647 0.85882353
v -0.75004500 -0.05170985 -65.10225677 0.65098039 0.74117647 0.85882353
v -0.80281955 -0.09327330 -65.10183716 0.65098039 0.74117647 0.85882353
v -0.80551100 -0.06361644 -65.10748291 0.65098039 0.74117647 0.85882353
v -0.80724400 -0.16363712 -64.94818115 0.65098039 0.74117647 0.85882353
v -0.73290408 -0.38601375 -65.11098480 0.65098039 0.74117647 0.85882353
v -0.74541318 -0.42708218 -65.11299896 0.65098039 0.74117647 0.85882353
v -0.75438386 -0.38910252 -65.11291504 0.65098039 0.74117647 0.85882353
v -0.72567123 -0.42259651 -65.11162567 0.65098039 0.74117647 0.85882353
v -0.77413905 -0.39489710 -65.10509491 0.65098039 0.74117647 0.85882353
v -0.78218001 -0.36069059 -65.10025787 0.65098039 0.74117647 0.85882353
v -0.78363127 -0.45059502 -65.04116821 0.65098039 0.74117647 0.85882353
v -0.71883720 -0.46069241 -65.11018372 0.65098039 0.74117647 0.85882353
v -0.73602796 -0.46482503 -65.11150360 0.65098039 0.74117647 0.85882353
v -0.76400447 -0.43116820 -65.10640717 0.65098039 0.74117647 0.85882353
v -0.75230068 -0.46971560 -65.10543823 0.65098039 0.74117647 0.85882353
v -0.71974140 0.04413797 -65.00238037 0.65098039 0.74117647 0.85882353
v -0.88447130 0.05418260 -64.98267365 0.65098039 0.74117647 0.85882353
v -0.88451636 0.08513360 -64.98323059 0.65098039 0.74117647 0.85882353
v -0.83341396 0.10746263 -64.95070648 0.65098039 0.74117647 0.85882353
v -0.80520773 0.09814809 -64.94477844 0.65098039 0.74117647 0.85882353
v -0.81389582 0.33336818 -64.94593048 0.65098039 0.74117647 0.85882353
v -0.82854223 0.34093243 -64.96360016 0.65098039 0.74117647 0.85882353
v -0.82005680 0.37616938 -64.95912170 0.65098039 0.74117647 0.85882353
v -0.83082646 0.38283259 -64.97862244 0.65098039 0.74117647 0.85882353
v -0.83396429 0.36612475 -64.98125458 0.65098039 0.74117647 0.85882353
v -0.82412285 0.35830295 -64.96120453 0.65098039 0.74117647 0.85882353
v -0.83936477 0.39626455 -65.02501678 0.65098039 0.74117647 0.85882353
v -0.83401459 0.40314549 -65.04988098 0.65098039 0.74117647 0.85882353
v -0.83385772 0.38828659 -65.04989624 0.65098039 0.74117647 0.85882353
v -0.83985358 0.38157141 -65.02607727 0.65098039 0.74117647 0.85882353
v -0.83716667 0.37390780 -65.04972076 0.65098039 0.74117647 0.85882353
v -0.82531661 0.38037580 -65.07099152 0.65098039 0.74117647 0.85882353
v -0.74761540 0.41671091 -65.11183167 0.65098039 0.74117647 0.85882353
v -0.76787490 0.41245103 -65.10802460 0.65098039 0.74117647 0.85882353
v -0.76563525 0.43041068 -65.10839844 0.65098039 0.74117647 0.85882353
v -0.74531436 0.43615621 -65.11068726 0.65098039 0.74117647 0.85882353
v -0.76660061 0.11442782 -64.93367767 0.65098039 0.74117647 0.85882353
v -0.72619295 0.05596410 -64.99148560 0.65098039 0.74117647 0.85882353
v -0.79279304 0.03137551 -64.93875122 0.65098039 0.74117647 0.85882353
v -0.82946706 0.05841710 -64.94151306 0.65098039 0.74117647 0.85882353
v -0.85986000 0.05547906 -64.95612335 0.65098039 0.74117647 0.85882353
v -0.90822530 0.53093821 -65.07695770 0.65098039 0.74117647 0.85882353
v -0.82802725 0.53113526 -65.12275696 0.65098039 0.74117647 0.85882353
v -0.83198905 0.52062845 -65.11852264 0.65098039 0.74117647 0.85882353
v -0.95486820 0.59177285 -65.13697815 0.65098039 0.74117647 0.85882353
v -0.96437162 0.59635764 -65.12158203 0.65098039 0.74117647 0.85882353
v -0.93725169 0.55589348 -65.05566406 0.65098039 0.74117647 0.85882353
v -0.92691779 0.62002426 -65.06635284 0.65098039 0.74117647 0.85882353
v -0.92422384 0.60205138 -65.05559540 0.65098039 0.74117647 0.85882353
v -0.91456151 0.61036444 -65.05010223 0.65098039 0.74117647 0.85882353
v -0.85565519 0.15778612 -64.97142792 0.65098039 0.74117647 0.85882353
v -0.88022655 0.14100911 -64.98732758 0.65098039 0.74117647 0.85882353
v -0.85852927 0.13432129 -64.96810150 0.65098039 0.74117647 0.85882353
v -0.71620250 0.05674829 -65.05649567 0.65098039 0.74117647 0.85882353
v -0.77848387 0.08324860 -64.94539642 0.65098039 0.74117647 0.85882353
v -0.71615970 -0.10635065 -65.03591919 0.65098039 0.74117647 0.85882353
v -0.71653122 -0.13639139 -65.03739166 0.65098039 0.74117647 0.85882353
v -0.71597469 -0.16457151 -65.03965759 0.65098039 0.74117647 0.85882353
v -0.71422863 -0.19175394 -65.04119110 0.65098039 0.74117647 0.85882353
v -0.71328598 -0.21814488 -65.04296875 0.65098039 0.74117647 0.85882353
v -0.71453029 -0.24373586 -65.04536438 0.65098039 0.74117647 0.85882353
v -0.71766478 -0.26857251 -65.04669189 0.65098039 0.74117647 0.85882353
v -0.71580154 -0.29540670 -65.05230713 0.65098039 0.74117647 0.85882353
v -0.69540274 -0.35716516 -65.04996490 0.65098039 0.74117647 0.85882353
v -0.69780588 -0.35415733 -65.06777191 0.65098039 0.74117647 0.85882353
v -0.70762134 -0.32382184 -65.06074524 0.65098039 0.74117647 0.85882353
v -0.68842626 -0.38596547 -65.07378387 0.65098039 0.74117647 0.85882353
v -0.68283510 -0.42090702 -65.07715607 0.65098039 0.74117647 0.85882353
v -0.68122143 -0.45781285 -65.07850647 0.65098039 0.74117647 0.85882353
v -0.67819536 -0.49563694 -65.07971191 0.65098039 0.74117647 0.85882353
v -0.67287123 -0.53251964 -65.08081055 0.65098039 0.74117647 0.85882353
v -0.72075564 0.05825798 -65.02692413 0.65098039 0.74117647 0.85882353
v -0.71857798 0.05823676 -65.04091644 0.65098039 0.74117647 0.85882353
v -0.83170909 0.64137167 -65.01521301 0.65098039 0.74117647 0.85882353
v -0.86111563 0.52000713 -65.04860687 0.65098039 0.74117647 0.85882353
v -0.86546707 0.52693784 -65.05447388 0.65098039 0.74117647 0.85882353
v -0.92273259 0.56270534 -65.05146027 0.65098039 0.74117647 0.85882353
v -0.97468579 0.54118890 -65.16142273 0.65098039 0.74117647 0.85882353
v -0.97582662 0.55617052 -65.15718079 0.65098039 0.74117647 0.85882353
v -0.92949367 0.54523236 -65.06283569 0.65098039 0.74117647 0.85882353
v -0.87537038 0.54504603 -65.04959106 0.65098039 0.74117647 0.85882353
v -0.88395447 0.54851431 -65.05384064 0.65098039 0.74117647 0.85882353
v -1.17608345 0.57360262 -65.10867310 0.65098039 0.74117647 0.85882353
v -1.18343842 0.56913459 -65.12034607 0.65098039 0.74117647 0.85882353
v -1.19787192 0.57582229 -65.10667419 0.65098039 0.74117647 0.85882353
v -1.19052160 0.57889444 -65.09542847 0.65098039 0.74117647 0.85882353
v -1.17013097 0.57155019 -65.09620667 0.65098039 0.74117647 0.85882353
v -1.18489802 0.57574469 -65.08421326 0.65098039 0.74117647 0.85882353
v -1.17922854 0.51480871 -65.07242584 0.65098039 0.74117647 0.85882353
v -1.17134333 0.52693015 -65.07118225 0.65098039 0.74117647 0.85882353
v -1.18920076 0.53360695 -65.06352997 0.65098039 0.74117647 0.85882353
v -1.19722581 0.52241164 -65.06531525 0.65098039 0.74117647 0.85882353
v -1.19696248 0.57276946 -65.06409454 0.65098039 0.74117647 0.85882353
v -1.19693446 0.56270224 -65.05867767 0.65098039 0.74117647 0.85882353
v -1.18094671 0.55758989 -65.06797028 0.65098039 0.74117647 0.85882353
v -1.18183899 0.56836325 -65.07485962 0.65098039 0.74117647 0.85882353
v -1.19782186 0.50198585 -65.09224701 0.65098039 0.74117647 0.85882353
v -1.20327222 0.50413918 -65.10507202 0.65098039 0.74117647 0.85882353
v -1.18639028 0.49334556 -65.11241150 0.65098039 0.74117647 0.85882353
v -1.18064046 0.49233466 -65.09862518 0.65098039 0.74117647 0.85882353
v -1.10595107 0.49361902 -65.10397339 0.65098039 0.74117647 0.85882353
v -1.11259699 0.48088443 -65.10639191 0.65098039 0.74117647 0.85882353
v -1.09819627 0.47935444 -65.11068726 0.65098039 0.74117647 0.85882353
v -1.09312916 0.49185485 -65.10754395 0.65098039 0.74117647 0.85882353
v -1.14651799 0.56241268 -65.13393402 0.65098039 0.74117647 0.85882353
v -1.15335429 0.55461216 -65.14614105 0.65098039 0.74117647 0.85882353
v -1.16842544 0.56206375 -65.13368225 0.65098039 0.74117647 0.85882353
v -1.16106725 0.56811899 -65.12126160 0.65098039 0.74117647 0.85882353
v -1.13161206 0.54375380 -65.09757233 0.65098039 0.74117647 0.85882353
v -1.13217747 0.52966058 -65.09188843 0.65098039 0.74117647 0.85882353
v -1.11526263 0.52410543 -65.10147858 0.65098039 0.74117647 0.85882353
v -1.11561871 0.53824073 -65.10788727 0.65098039 0.74117647 0.85882353
v -1.13209724 0.55480880 -65.14613342 0.65098039 0.74117647 0.85882353
v -1.13816965 0.54527670 -65.15746307 0.65098039 0.74117647 0.85882353
v -1.16445923 0.55331713 -65.07763672 0.65098039 0.74117647 0.85882353
v -1.16629720 0.53983510 -65.07327271 0.65098039 0.74117647 0.85882353
v -1.14899218 0.53486478 -65.08219147 0.65098039 0.74117647 0.85882353
v -1.14816582 0.54886860 -65.08750916 0.65098039 0.74117647 0.85882353
v -1.22955441 0.52302736 -65.07686615 0.65098039 0.74117647 0.85882353
v -1.23411965 0.52608532 -65.08796692 0.65098039 0.74117647 0.85882353
v -1.21912956 0.51509809 -65.09700012 0.65098039 0.74117647 0.85882353
v -1.21432638 0.51231498 -65.08496094 0.65098039 0.74117647 0.85882353
v -1.20043206 0.55174065 -65.05609131 0.65098039 0.74117647 0.85882353
v -1.20625186 0.54091585 -65.05561066 0.65098039 0.74117647 0.85882353
v -1.18367743 0.54541153 -65.06478882 0.65098039 0.74117647 0.85882353
v -1.22636473 0.56575841 -65.10665131 0.65098039 0.74117647 0.85882353
v -1.21950912 0.57529742 -65.10126495 0.65098039 0.74117647 0.85882353
v -1.20494962 0.56733280 -65.11548615 0.65098039 0.74117647 0.85882353
v -1.21202755 0.55651307 -65.12070465 0.65098039 0.74117647 0.85882353
v -1.14157605 0.50182521 -65.08812714 0.65098039 0.74117647 0.85882353
v -1.13537621 0.51489365 -65.08840942 0.65098039 0.74117647 0.85882353
v -1.15322888 0.52072012 -65.07949066 0.65098039 0.74117647 0.85882353
v -1.16055679 0.50799263 -65.08007050 0.65098039 0.74117647 0.85882353
v -1.13893044 0.56182879 -65.11942291 0.65098039 0.74117647 0.85882353
v -1.15438092 0.56690794 -65.10792542 0.65098039 0.74117647 0.85882353
v -1.19793415 0.54790896 -65.13407135 0.65098039 0.74117647 0.85882353
v -1.19049633 0.55932707 -65.12919617 0.65098039 0.74117647 0.85882353
v -1.17527223 0.55082983 -65.14179230 0.65098039 0.74117647 0.85882353
v -1.18194115 0.53733402 -65.14598083 0.65098039 0.74117647 0.85882353
v -1.17157555 0.51113778 -65.15458679 0.65098039 0.74117647 0.85882353
v -1.17243659 0.49831569 -65.14501953 0.65098039 0.74117647 0.85882353
v -1.18890977 0.50986701 -65.13654327 0.65098039 0.74117647 0.85882353
v -1.18723953 0.52273124 -65.14448547 0.65098039 0.74117647 0.85882353
v -1.12278676 0.49681056 -65.09702301 0.65098039 0.74117647 0.85882353
v -1.13112879 0.48449409 -65.10019684 0.65098039 0.74117647 0.85882353
v -1.16166317 0.48374093 -65.10485077 0.65098039 0.74117647 0.85882353
v -1.16825855 0.48327947 -65.11886597 0.65098039 0.74117647 0.85882353
v -1.14898813 0.47377825 -65.12485504 0.65098039 0.74117647 0.85882353
v -1.14133346 0.47577578 -65.11016083 0.65098039 0.74117647 0.85882353
v -1.09474444 0.54427975 -65.13301849 0.65098039 0.74117647 0.85882353
v -1.10122216 0.54838938 -65.14971161 0.65098039 0.74117647 0.85882353
v -1.11211610 0.55231732 -65.14189148 0.65098039 0.74117647 0.85882353
v -1.10592771 0.54797924 -65.12698364 0.65098039 0.74117647 0.85882353
v -1.11795890 0.54686522 -65.15679169 0.65098039 0.74117647 0.85882353
v -1.10535014 0.54044545 -65.16463470 0.65098039 0.74117647 0.85882353
v -1.08684540 0.52322030 -65.18070984 0.65098039 0.74117647 0.85882353
v -1.08704650 0.50927407 -65.18434906 0.65098039 0.74117647 0.85882353
v -1.09875607 0.51078564 -65.18354797 0.65098039 0.74117647 0.85882353
v -1.09813404 0.52535826 -65.17906189 0.65098039 0.74117647 0.85882353
v -1.13901603 0.48652327 -65.17196655 0.65098039 0.74117647 0.85882353
v -1.13622105 0.47390610 -65.16043091 0.65098039 0.74117647 0.85882353
v -1.15499985 0.48609173 -65.15272522 0.65098039 0.74117647 0.85882353
v -1.15597975 0.49889475 -65.16387939 0.65098039 0.74117647 0.85882353
v -1.11517084 0.45774651 -65.14873505 0.65098039 0.74117647 0.85882353
v -1.11187959 0.45938987 -65.13212585 0.65098039 0.74117647 0.85882353
v -1.12961388 0.46516395 -65.12960815 0.65098039 0.74117647 0.85882353
v -1.13345706 0.46667677 -65.14564514 0.65098039 0.74117647 0.85882353
v -1.05007458 0.46501285 -65.13709259 0.65098039 0.74117647 0.85882353
v -1.04948640 0.46886379 -65.12560272 0.65098039 0.74117647 0.85882353
v -1.06646383 0.46438944 -65.12888336 0.65098039 0.74117647 0.85882353
v -1.06874657 0.46103442 -65.14088440 0.65098039 0.74117647 0.85882353
v -1.06427646 0.48377389 -65.10971069 0.65098039 0.74117647 0.85882353
v -1.05070066 0.48751259 -65.10534668 0.65098039 0.74117647 0.85882353
v -1.05423212 0.50054246 -65.10018158 0.65098039 0.74117647 0.85882353
v -1.06630445 0.49685466 -65.10498047 0.65098039 0.74117647 0.85882353
v -1.06804991 0.54702413 -65.13828278 0.65098039 0.74117647 0.85882353
v -1.06683028 0.54500687 -65.15710449 0.65098039 0.74117647 0.85882353
v -1.07587552 0.54410130 -65.15978241 0.65098039 0.74117647 0.85882353
v -1.07561707 0.54487967 -65.14187622 0.65098039 0.74117647 0.85882353
v -1.12232590 0.47656620 -65.17848206 0.65098039 0.74117647 0.85882353
v -1.11681354 0.46147555 -65.16708374 0.65098039 0.74117647 0.85882353
v -1.07528996 0.48122132 -65.11190796 0.65098039 0.74117647 0.85882353
v -1.07492650 0.49405992 -65.10710144 0.65098039 0.74117647 0.85882353
v -1.08355129 0.49215204 -65.10834503 0.65098039 0.74117647 0.85882353
v -1.08575022 0.47917491 -65.11211395 0.65098039 0.74117647 0.85882353
v -1.07777560 0.52198321 -65.11444855 0.65098039 0.74117647 0.85882353
v -1.07886136 0.53389567 -65.12564087 0.65098039 0.74117647 0.85882353
v -1.08389938 0.53247166 -65.12395477 0.65098039 0.74117647 0.85882353
v -1.08349466 0.51929915 -65.11418152 0.65098039 0.74117647 0.85882353
v -1.08070183 0.54312319 -65.14093018 0.65098039 0.74117647 0.85882353
v -1.08370638 0.54436976 -65.15919495 0.65098039 0.74117647 0.85882353
v -1.09082091 0.54417700 -65.15485382 0.65098039 0.74117647 0.85882353
v -1.08655477 0.54224610 -65.13774872 0.65098039 0.74117647 0.85882353
v -1.10920870 0.47194099 -65.18119812 0.65098039 0.74117647 0.85882353
v -1.10886931 0.48669511 -65.18429565 0.65098039 0.74117647 0.85882353
v -1.09772253 0.48238629 -65.18411255 0.65098039 0.74117647 0.85882353
v -1.09771633 0.46963221 -65.17956543 0.65098039 0.74117647 0.85882353
v -1.09901822 0.45580542 -65.14726257 0.65098039 0.74117647 0.85882353
v -1.09612525 0.45824564 -65.13260651 0.65098039 0.74117647 0.85882353
v -1.09149027 0.51878840 -65.11213684 0.65098039 0.74117647 0.85882353
v -1.09131217 0.50496382 -65.10775757 0.65098039 0.74117647 0.85882353
v -1.08314657 0.50602537 -65.10785675 0.65098039 0.74117647 0.85882353
v -1.09468663 0.53673583 -65.16933441 0.65098039 0.74117647 0.85882353
v -1.05181623 0.46457219 -65.14854431 0.65098039 0.74117647 0.85882353
v -1.05285704 0.46686423 -65.15985870 0.65098039 0.74117647 0.85882353
v -1.03379095 0.47193199 -65.15500641 0.65098039 0.74117647 0.85882353
v -1.03254044 0.46875721 -65.14344025 0.65098039 0.74117647 0.85882353
v -1.03148115 0.46961564 -65.13163757 0.65098039 0.74117647 0.85882353
v -1.03127515 0.47447115 -65.11957550 0.65098039 0.74117647 0.85882353
v -1.03408933 0.49477649 -65.09907532 0.65098039 0.74117647 0.85882353
v -1.03815210 0.50827807 -65.09375763 0.65098039 0.74117647 0.85882353
v -1.04332066 0.52289796 -65.09334564 0.65098039 0.74117647 0.85882353
v -1.04792857 0.53722888 -65.09816742 0.65098039 0.74117647 0.85882353
v -1.06350398 0.52923292 -65.10578156 0.65098039 0.74117647 0.85882353
v -1.05893373 0.51502913 -65.09999084 0.65098039 0.74117647 0.85882353
v -1.05113602 0.55391240 -65.12955475 0.65098039 0.74117647 0.85882353
v -1.04954755 0.55139291 -65.14868927 0.65098039 0.74117647 0.85882353
v -1.06540859 0.53633732 -65.17002869 0.65098039 0.74117647 0.85882353
v -1.04853487 0.54234385 -65.16369629 0.65098039 0.74117647 0.85882353
v -1.07751417 0.46927065 -65.11983490 0.65098039 0.74117647 0.85882353
v -1.06479836 0.47243255 -65.11797333 0.65098039 0.74117647 0.85882353
v -1.20278716 0.53364426 -65.13387299 0.65098039 0.74117647 0.85882353
v -1.20501900 0.52129078 -65.12725830 0.65098039 0.74117647 0.85882353
v -1.22017705 0.53217608 -65.11644745 0.65098039 0.74117647 0.85882353
v -1.21721697 0.54386312 -65.12130737 0.65098039 0.74117647 0.85882353
v -1.23540831 0.53336686 -65.09745026 0.65098039 0.74117647 0.85882353
v -1.22079897 0.52248353 -65.10771942 0.65098039 0.74117647 0.85882353
v -1.16582525 0.56447786 -65.08562469 0.65098039 0.74117647 0.85882353
v -1.15010011 0.56011325 -65.09613037 0.65098039 0.74117647 0.85882353
v -1.19933128 0.58088154 -65.07221222 0.65098039 0.74117647 0.85882353
v -1.09218526 0.53270537 -65.12031555 0.65098039 0.74117647 0.85882353
v -1.10189390 0.53449482 -65.11547089 0.65098039 0.74117647 0.85882353
v -1.08663177 0.49477124 -65.18492889 0.65098039 0.74117647 0.85882353
v -1.07516360 0.50902319 -65.18383026 0.65098039 0.74117647 0.85882353
v -1.07434154 0.49511611 -65.18379211 0.65098039 0.74117647 0.85882353
v -1.12076068 0.49423212 -65.18180847 0.65098039 0.74117647 0.85882353
v -1.13512850 0.50464350 -65.17596436 0.65098039 0.74117647 0.85882353
v -1.12806129 0.52115875 -65.17258453 0.65098039 0.74117647 0.85882353
v -1.11302149 0.51109922 -65.18101501 0.65098039 0.74117647 0.85882353
v -1.08650351 0.46908373 -65.17624664 0.65098039 0.74117647 0.85882353
v -1.08670139 0.48087096 -65.18264771 0.65098039 0.74117647 0.85882353
v -1.07330322 0.48232549 -65.18018341 0.65098039 0.74117647 0.85882353
v -1.07203174 0.47103560 -65.17348480 0.65098039 0.74117647 0.85882353
v -1.06726813 0.54047227 -65.11952972 0.65098039 0.74117647 0.85882353
v -1.07484519 0.53680784 -65.12459564 0.65098039 0.74117647 0.85882353
v -1.04471743 0.51613539 -65.17810822 0.65098039 0.74117647 0.85882353
v -1.06096947 0.51157373 -65.18150330 0.65098039 0.74117647 0.85882353
v -1.06367326 0.52443248 -65.17803955 0.65098039 0.74117647 0.85882353
v -1.04772949 0.52919322 -65.17368317 0.65098039 0.74117647 0.85882353
v -1.07585669 0.52257913 -65.18022919 0.65098039 0.74117647 0.85882353
v -1.04090738 0.50325221 -65.17746735 0.65098039 0.74117647 0.85882353
v -1.05875742 0.49831045 -65.18124390 0.65098039 0.74117647 0.85882353
v -1.05072796 0.54883564 -65.11075592 0.65098039 0.74117647 0.85882353
v -1.05401897 0.47494847 -65.17016602 0.65098039 0.74117647 0.85882353
v -1.05630231 0.48615426 -65.17730713 0.65098039 0.74117647 0.85882353
v -1.03749502 0.49113816 -65.17308044 0.65098039 0.74117647 0.85882353
v -1.03471005 0.47985768 -65.16548920 0.65098039 0.74117647 0.85882353
v -1.20502639 0.51110870 -65.11710358 0.65098039 0.74117647 0.85882353
v -1.18860495 0.50032288 -65.12527466 0.65098039 0.74117647 0.85882353
v -1.10559833 0.46646118 -65.11808014 0.65098039 0.74117647 0.85882353
v -1.12183821 0.46933496 -65.11463165 0.65098039 0.74117647 0.85882353
v -1.09098363 0.46686572 -65.11987305 0.65098039 0.74117647 0.85882353
v -1.18946624 0.50549626 -65.07987213 0.65098039 0.74117647 0.85882353
v -1.20667005 0.51464194 -65.07337189 0.65098039 0.74117647 0.85882353
v -1.15132654 0.49016225 -65.09310913 0.65098039 0.74117647 0.85882353
v -1.17081428 0.49734962 -65.08643341 0.65098039 0.74117647 0.85882353
v -1.16693950 0.52727920 -65.15697479 0.65098039 0.74117647 0.85882353
v -1.08604562 0.45777804 -65.15659332 0.65098039 0.74117647 0.85882353
v -1.08447921 0.45791918 -65.14411926 0.65098039 0.74117647 0.85882353
v -1.10013127 0.45613629 -65.16166687 0.65098039 0.74117647 0.85882353
v -1.03178620 0.48358220 -65.10762024 0.65098039 0.74117647 0.85882353
v -1.04940259 0.47650051 -65.11434937 0.65098039 0.74117647 0.85882353
v -1.10798132 0.46225411 -65.17546082 0.65098039 0.74117647 0.85882353
v -1.00903642 0.49271047 -65.09951019 0.65098039 0.74117647 0.85882353
v -1.10925102 0.52840507 -65.17467499 0.65098039 0.74117647 0.85882353
v -1.08576655 0.53599709 -65.17277527 0.65098039 0.74117647 0.85882353
v -1.07621002 0.53518379 -65.17266083 0.65098039 0.74117647 0.85882353
v -1.21181214 0.58262664 -65.09256744 0.65098039 0.74117647 0.85882353
v -1.13399494 0.55542278 -65.10668945 0.65098039 0.74117647 0.85882353
v -1.10113037 0.51986581 -65.10935211 0.65098039 0.74117647 0.85882353
v -1.10210240 0.50619042 -65.10482788 0.65098039 0.74117647 0.85882353
v -1.08661246 0.46090221 -65.16744232 0.65098039 0.74117647 0.85882353
v -1.07130075 0.46309584 -65.16363525 0.65098039 0.74117647 0.85882353
v -1.07041454 0.46070588 -65.15240479 0.65098039 0.74117647 0.85882353
v -1.07305849 0.52501231 -65.11165619 0.65098039 0.74117647 0.85882353
v -1.06971502 0.51112270 -65.10511017 0.65098039 0.74117647 0.85882353
v -1.22264361 0.52427930 -65.06627655 0.65098039 0.74117647 0.85882353
v -1.07687151 0.50893396 -65.10790253 0.65098039 0.74117647 0.85882353
v -1.12419438 0.53662938 -65.16775513 0.65098039 0.74117647 0.85882353
v -0.70128363 0.61596388 -65.09838867 0.65098039 0.74117647 0.85882353
v -0.84346282 0.45185131 -65.00045776 0.65098039 0.74117647 0.85882353
v -0.81622279 0.42769963 -64.95085907 0.65098039 0.74117647 0.85882353
v -0.82592279 0.43323690 -64.96819305 0.65098039 0.74117647 0.85882353
v -0.85445338 0.50065833 -65.03515625 0.65098039 0.74117647 0.85882353
v -0.85781264 0.51136094 -65.04214478 0.65098039 0.74117647 0.85882353
v -0.87355536 0.53435701 -65.05804443 0.65098039 0.74117647 0.85882353
v -0.88054478 0.53820944 -65.06232452 0.65098039 0.74117647 0.85882353
v -0.85088092 0.48228818 -64.99878693 0.65098039 0.74117647 0.85882353
v -0.83917129 0.83083081 -65.04593658 0.65098039 0.74117647 0.85882353
v -0.83401513 0.82525843 -65.04761505 0.65098039 0.74117647 0.85882353
v -0.84604812 0.84276456 -65.04565430 0.65098039 0.74117647 0.85882353
v -0.74478358 0.27845925 -64.89390564 0.65098039 0.74117647 0.85882353
v -0.83736759 0.81618589 -65.03803253 0.65098039 0.74117647 0.85882353
v -0.83143234 0.80924183 -65.03887939 0.65098039 0.74117647 0.85882353
v -0.83753961 0.81108767 -65.04040527 0.65098039 0.74117647 0.85882353
v -0.83833516 0.81694722 -65.03615570 0.65098039 0.74117647 0.85882353
v -0.83917761 0.81777728 -65.03567505 0.65098039 0.74117647 0.85882353
v -0.85227203 0.84207517 -65.03739929 0.65098039 0.74117647 0.85882353
v -0.82912630 0.81776953 -65.04756927 0.65098039 0.74117647 0.85882353
v -0.82468230 0.80951244 -65.04565430 0.65098039 0.74117647 0.85882353
v -0.84874201 0.82802528 -65.03337097 0.65098039 0.74117647 0.85882353
v -0.73567343 0.30689442 -65.12569427 0.65098039 0.74117647 0.85882353
v -0.71318769 0.30533743 -65.12229919 0.65098039 0.74117647 0.85882353
v -0.71534568 0.28514773 -65.13112640 0.65098039 0.74117647 0.85882353
v -0.74022669 0.28673053 -65.13296509 0.65098039 0.74117647 0.85882353
v -0.71667600 0.26521647 -65.14093781 0.65098039 0.74117647 0.85882353
v -0.83998156 0.23502241 -65.13333893 0.65098039 0.74117647 0.85882353
v -0.85999310 0.23765920 -65.11279297 0.65098039 0.74117647 0.85882353
v -0.85283387 0.25998032 -65.10768890 0.65098039 0.74117647 0.85882353
v -0.83457822 0.25820988 -65.12669373 0.65098039 0.74117647 0.85882353
v -0.86212683 0.27620614 -65.08349609 0.65098039 0.74117647 0.85882353
v -0.84714091 0.27818412 -65.10446930 0.65098039 0.74117647 0.85882353
v -0.86800176 0.25900894 -65.08473969 0.65098039 0.74117647 0.85882353
v -0.87781173 0.25312370 -65.05992889 0.65098039 0.74117647 0.85882353
v -0.87207472 0.27134341 -65.05906677 0.65098039 0.74117647 0.85882353
v -0.88076234 0.24318348 -65.03605652 0.65098039 0.74117647 0.85882353
v -0.87460423 0.26280266 -65.03478241 0.65098039 0.74117647 0.85882353
v -0.87667280 0.23151571 -65.01368713 0.65098039 0.74117647 0.85882353
v -0.86630881 0.21936035 -64.99279022 0.65098039 0.74117647 0.85882353
v -0.85372043 0.18325251 -64.97235107 0.65098039 0.74117647 0.85882353
v -0.83077621 0.19648005 -64.95574188 0.65098039 0.74117647 0.85882353
v -0.85051811 0.20739695 -64.97296906 0.65098039 0.74117647 0.85882353
v -0.78919721 0.18249787 -64.93025208 0.65098039 0.74117647 0.85882353
v -0.81006622 0.18758063 -64.94142914 0.65098039 0.74117647 0.85882353
v -0.75273919 0.17751241 -64.91401672 0.65098039 0.74117647 0.85882353
v -0.77032000 0.17921659 -64.92085266 0.65098039 0.74117647 0.85882353
v -0.83197886 0.62307841 -64.99716949 0.65098039 0.74117647 0.85882353
v -0.78425056 0.67918664 -65.09032440 0.65098039 0.74117647 0.85882353
v -0.79182100 0.67305076 -65.09420776 0.65098039 0.74117647 0.85882353
v -0.80667132 0.67747277 -65.07933807 0.65098039 0.74117647 0.85882353
v -0.78701055 0.61859602 -65.12820435 0.65098039 0.74117647 0.85882353
v -0.79419959 0.63489461 -65.12088013 0.65098039 0.74117647 0.85882353
v -0.77472222 0.63122112 -65.12256622 0.65098039 0.74117647 0.85882353
v -0.76851898 0.61553949 -65.12732697 0.65098039 0.74117647 0.85882353
v -0.77028859 0.67174208 -65.09714508 0.65098039 0.74117647 0.85882353
v -0.76594597 0.67567647 -65.09368896 0.65098039 0.74117647 0.85882353
v -0.77444381 0.66591465 -65.10192108 0.65098039 0.74117647 0.85882353
v -0.74051112 0.65528178 -65.10311890 0.65098039 0.74117647 0.85882353
v -0.75715059 0.65977865 -65.10424042 0.65098039 0.74117647 0.85882353
v -0.83876896 0.65980941 -65.09008026 0.65098039 0.74117647 0.85882353
v -0.82901609 0.64793849 -65.10797882 0.65098039 0.74117647 0.85882353
v -0.83977538 0.64575601 -65.10804749 0.65098039 0.74117647 0.85882353
v -0.85061145 0.65768552 -65.09143066 0.65098039 0.74117647 0.85882353
v -0.81269586 0.60290515 -65.13265991 0.65098039 0.74117647 0.85882353
v -0.80964196 0.58820754 -65.13407135 0.65098039 0.74117647 0.85882353
v -0.82110196 0.58893359 -65.13545990 0.65098039 0.74117647 0.85882353
v -0.82376850 0.60311258 -65.13345337 0.65098039 0.74117647 0.85882353
v -0.89099777 0.64980316 -65.10034943 0.65098039 0.74117647 0.85882353
v -0.87821031 0.64010680 -65.11637878 0.65098039 0.74117647 0.85882353
v -0.89252496 0.63525170 -65.12105560 0.65098039 0.74117647 0.85882353
v -0.90405452 0.64319706 -65.10470581 0.65098039 0.74117647 0.85882353
v -0.82794642 0.61697143 -65.12810516 0.65098039 0.74117647 0.85882353
v -0.74732423 0.52174956 -65.12918091 0.65098039 0.74117647 0.85882353
v -0.76779950 0.52602327 -65.13333893 0.65098039 0.74117647 0.85882353
v -0.78525603 0.52841508 -65.13433075 0.65098039 0.74117647 0.85882353
v -0.82407707 0.54129702 -65.12637329 0.65098039 0.74117647 0.85882353
v -0.81514162 0.53800946 -65.12785339 0.65098039 0.74117647 0.85882353
v -0.81945449 0.52622390 -65.12483215 0.65098039 0.74117647 0.85882353
v -0.83307868 0.54359174 -65.12693787 0.65098039 0.74117647 0.85882353
v -0.84406918 0.54255348 -65.12683105 0.65098039 0.74117647 0.85882353
v -0.90913916 0.58961219 -65.04412079 0.65098039 0.74117647 0.85882353
v -0.90155125 0.59353489 -65.03647614 0.65098039 0.74117647 0.85882353
v -0.90488285 0.61780506 -65.04424286 0.65098039 0.74117647 0.85882353
v -0.86947978 0.53701782 -65.12538910 0.65098039 0.74117647 0.85882353
v -0.85592234 0.53805381 -65.12354279 0.65098039 0.74117647 0.85882353
v -0.85729301 0.53167015 -65.11885071 0.65098039 0.74117647 0.85882353
v -0.87044364 0.53204560 -65.12120819 0.65098039 0.74117647 0.85882353
v -0.82862979 0.66280270 -65.08901215 0.65098039 0.74117647 0.85882353
v -0.88345420 0.62247515 -65.13179779 0.65098039 0.74117647 0.85882353
v -0.86921954 0.62641513 -65.12645721 0.65098039 0.74117647 0.85882353
v -0.86429685 0.61247617 -65.13361359 0.65098039 0.74117647 0.85882353
v -0.87839401 0.60939264 -65.13790131 0.65098039 0.74117647 0.85882353
v -0.87350518 0.59674317 -65.14188385 0.65098039 0.74117647 0.85882353
v -0.85972774 0.59928668 -65.13856506 0.65098039 0.74117647 0.85882353
v -0.85622025 0.58670270 -65.14028931 0.65098039 0.74117647 0.85882353
v -0.86952698 0.58475345 -65.14312744 0.65098039 0.74117647 0.85882353
v -0.86824250 0.54334092 -65.13040924 0.65098039 0.74117647 0.85882353
v -0.85477799 0.54476529 -65.12815094 0.65098039 0.74117647 0.85882353
v -0.92533672 0.63257986 -65.08616638 0.65098039 0.74117647 0.85882353
v -0.87443978 0.66084653 -65.07130432 0.65098039 0.74117647 0.85882353
v -0.88173938 0.65270358 -65.04824066 0.65098039 0.74117647 0.85882353
v -0.86984658 0.65642631 -65.04578400 0.65098039 0.74117647 0.85882353
v -0.86169291 0.66335654 -65.06892395 0.65098039 0.74117647 0.85882353
v -0.89070189 0.52903920 -65.07984161 0.65098039 0.74117647 0.85882353
v -0.89226842 0.53683412 -65.06986237 0.65098039 0.74117647 0.85882353
v -0.88898742 0.52170163 -65.08905029 0.65098039 0.74117647 0.85882353
v -0.86056083 0.52106160 -65.10653687 0.65098039 0.74117647 0.85882353
v -0.88693976 0.51820958 -65.09865570 0.65098039 0.74117647 0.85882353
v -0.91006166 0.56778997 -65.04798889 0.65098039 0.74117647 0.85882353
v -0.91862249 0.58398378 -65.04958344 0.65098039 0.74117647 0.85882353
v -0.88392156 0.63233274 -65.03184509 0.65098039 0.74117647 0.85882353
v -0.87355930 0.63758385 -65.02835083 0.65098039 0.74117647 0.85882353
v -0.91726530 0.63459516 -65.10861969 0.65098039 0.74117647 0.85882353
v -0.90683836 0.62762523 -65.12555695 0.65098039 0.74117647 0.85882353
v -0.88319850 0.53495234 -65.13012695 0.65098039 0.74117647 0.85882353
v -0.88392383 0.53021425 -65.12612152 0.65098039 0.74117647 0.85882353
v -0.89611745 0.52894080 -65.13248444 0.65098039 0.74117647 0.85882353
v -0.85097063 0.51956844 -65.11141205 0.65098039 0.74117647 0.85882353
v -0.85908103 0.52607858 -65.11361694 0.65098039 0.74117647 0.85882353
v -0.86317801 0.65539873 -65.09350586 0.65098039 0.74117647 0.85882353
v -0.89724654 0.61616498 -65.13614655 0.65098039 0.74117647 0.85882353
v -0.89108324 0.60400248 -65.14187622 0.65098039 0.74117647 0.85882353
v -0.84684032 0.60105580 -65.13594818 0.65098039 0.74117647 0.85882353
v -0.85061944 0.61459208 -65.13057709 0.65098039 0.74117647 0.85882353
v -0.83878297 0.61612314 -65.12893677 0.65098039 0.74117647 0.85882353
v -0.83490080 0.60221082 -65.13468170 0.65098039 0.74117647 0.85882353
v -0.88305485 0.58161157 -65.14752960 0.65098039 0.74117647 0.85882353
v -0.88241738 0.57045203 -65.14559937 0.65098039 0.74117647 0.85882353
v -0.83263552 0.58857906 -65.13642883 0.65098039 0.74117647 0.85882353
v -0.84397995 0.58772892 -65.13776398 0.65098039 0.74117647 0.85882353
v -0.88208890 0.54163069 -65.13446808 0.65098039 0.74117647 0.85882353
v -0.86316937 0.64095837 -65.02664948 0.65098039 0.74117647 0.85882353
v -0.86528426 0.61989081 -65.01359558 0.65098039 0.74117647 0.85882353
v -0.85530913 0.62125844 -65.00861359 0.65098039 0.74117647 0.85882353
v -0.88360417 0.60775697 -65.02324677 0.65098039 0.74117647 0.85882353
v -0.87404859 0.61474329 -65.01839447 0.65098039 0.74117647 0.85882353
v -0.89330888 0.59902996 -65.02903748 0.65098039 0.74117647 0.85882353
v -0.84523660 0.62218523 -65.00290680 0.65098039 0.74117647 0.85882353
v -1.09840095 0.46008295 -65.17184448 0.65098039 0.74117647 0.85882353
v -0.89805943 0.52441669 -65.12879944 0.65098039 0.74117647 0.85882353
v -0.91110486 0.52258992 -65.13568878 0.65098039 0.74117647 0.85882353
v -0.90763003 0.52837223 -65.13809967 0.65098039 0.74117647 0.85882353
v -0.96769059 0.52769417 -65.15986633 0.65098039 0.74117647 0.85882353
v -0.81681013 0.74969715 -64.90148163 0.65098039 0.74117647 0.85882353
v -0.82016999 0.75423944 -64.89858246 0.65098039 0.74117647 0.85882353
v -0.82885230 0.77314931 -64.89646149 0.65098039 0.74117647 0.85882353
v -0.83003640 0.77671647 -64.89687347 0.65098039 0.74117647 0.85882353
v -1.09776759 0.49642831 -65.18545532 0.65098039 0.74117647 0.85882353
v -1.10655260 0.49780279 -65.18437195 0.65098039 0.74117647 0.85882353
v -1.15066266 0.51582050 -65.16690826 0.65098039 0.74117647 0.85882353
v -1.15944910 0.54143542 -65.15316772 0.65098039 0.74117647 0.85882353
v -1.14379573 0.53163165 -65.16349030 0.65098039 0.74117647 0.85882353
v -1.12434316 0.55634135 -65.13120270 0.65098039 0.74117647 0.85882353
v -1.11827254 0.55066335 -65.11724854 0.65098039 0.74117647 0.85882353
v -1.11807060 0.50979185 -65.09775543 0.65098039 0.74117647 0.85882353
v -1.15266335 0.47738492 -65.13947296 0.65098039 0.74117647 0.85882353
v -1.23091650 0.59794933 -65.05525970 0.65098039 0.74117647 0.85882353
v -1.23850536 0.59769946 -65.06449127 0.65098039 0.74117647 0.85882353
v -1.25144589 0.60590059 -65.05046082 0.65098039 0.74117647 0.85882353
v -1.24390697 0.60476214 -65.04161835 0.65098039 0.74117647 0.85882353
v -1.25665140 0.61172760 -65.02847290 0.65098039 0.74117647 0.85882353
v -1.25416231 0.60412568 -65.02175140 0.65098039 0.74117647 0.85882353
v -1.24053216 0.59852564 -65.03416443 0.65098039 0.74117647 0.85882353
v -1.25534046 0.59472507 -65.01863098 0.65098039 0.74117647 0.85882353
v -1.24092829 0.58920461 -65.02986908 0.65098039 0.74117647 0.85882353
v -1.25847876 0.58526760 -65.01805878 0.65098039 0.74117647 0.85882353
v -1.26330328 0.57784289 -65.01930237 0.65098039 0.74117647 0.85882353
v -1.24830580 0.57165307 -65.02838898 0.65098039 0.74117647 0.85882353
v -1.24366546 0.57978606 -65.02822113 0.65098039 0.74117647 0.85882353
v -1.23834169 0.55687672 -65.03924561 0.65098039 0.74117647 0.85882353
v -1.25444937 0.56442386 -65.03075409 0.65098039 0.74117647 0.85882353
v -1.26161480 0.55856568 -65.03543091 0.65098039 0.74117647 0.85882353
v -1.24578261 0.54910249 -65.04307556 0.65098039 0.74117647 0.85882353
v -1.28860593 0.56597382 -65.04067993 0.65098039 0.74117647 0.85882353
v -1.29099977 0.57059711 -65.04707336 0.65098039 0.74117647 0.85882353
v -1.27772498 0.55985856 -65.05793762 0.65098039 0.74117647 0.85882353
v -1.27470016 0.55489832 -65.05039215 0.65098039 0.74117647 0.85882353
v -1.26357532 0.56568128 -65.07997131 0.65098039 0.74117647 0.85882353
v -1.26428521 0.55623776 -65.07521820 0.65098039 0.74117647 0.85882353
v -1.27834392 0.56763953 -65.06393433 0.65098039 0.74117647 0.85882353
v -1.27761865 0.57687938 -65.06849670 0.65098039 0.74117647 0.85882353
v -1.29130626 0.58716404 -65.05884552 0.65098039 0.74117647 0.85882353
v -1.28718305 0.59674138 -65.05786896 0.65098039 0.74117647 0.85882353
v -1.27432966 0.58614331 -65.06906128 0.65098039 0.74117647 0.85882353
v -1.20483553 0.58478856 -65.08249664 0.65098039 0.74117647 0.85882353
v -1.21797013 0.59114057 -65.06893921 0.65098039 0.74117647 0.85882353
v -1.21324229 0.58633560 -65.05955505 0.65098039 0.74117647 0.85882353
v -1.22823000 0.57415485 -65.03842163 0.65098039 0.74117647 0.85882353
v -1.21264863 0.56856054 -65.04869843 0.65098039 0.74117647 0.85882353
v -1.21154022 0.57818866 -65.05288696 0.65098039 0.74117647 0.85882353
v -1.22626281 0.58369774 -65.04140472 0.65098039 0.74117647 0.85882353
v -1.21400201 0.53078020 -65.05829620 0.65098039 0.74117647 0.85882353
v -1.22234392 0.54892248 -65.04756927 0.65098039 0.74117647 0.85882353
v -1.22993362 0.54002196 -65.05090332 0.65098039 0.74117647 0.85882353
v -1.23250389 0.56533045 -65.03778076 0.65098039 0.74117647 0.85882353
v -1.21658170 0.55871755 -65.04723358 0.65098039 0.74117647 0.85882353
v -1.25342751 0.54426897 -65.05064392 0.65098039 0.74117647 0.85882353
v -1.26889539 0.55487603 -65.04246521 0.65098039 0.74117647 0.85882353
v -1.24662495 0.59218657 -65.07229614 0.65098039 0.74117647 0.85882353
v -1.25393975 0.58443576 -65.07810211 0.65098039 0.74117647 0.85882353
v -1.26794624 0.59454900 -65.06450653 0.65098039 0.74117647 0.85882353
v -1.26024032 0.60180134 -65.05863190 0.65098039 0.74117647 0.85882353
v -1.23806095 0.53443903 -65.05839539 0.65098039 0.74117647 0.85882353
v -1.24039090 0.57507372 -65.09230042 0.65098039 0.74117647 0.85882353
v -1.23315454 0.58348149 -65.08670807 0.65098039 0.74117647 0.85882353
v -1.25979781 0.57516605 -65.08119965 0.65098039 0.74117647 0.85882353
v -1.24596548 0.56480229 -65.09421539 0.65098039 0.74117647 0.85882353
v -1.27241731 0.61015475 -65.04581451 0.65098039 0.74117647 0.85882353
v -1.26371300 0.61371815 -65.03730011 0.65098039 0.74117647 0.85882353
v -1.22510636 0.58955908 -65.07861328 0.65098039 0.74117647 0.85882353
v -1.25970840 0.54392523 -65.05944061 0.65098039 0.74117647 0.85882353
v -1.26333964 0.54842240 -65.06816101 0.65098039 0.74117647 0.85882353
v -1.24884772 0.53707606 -65.07815552 0.65098039 0.74117647 0.85882353
v -1.24472964 0.53333479 -65.06823730 0.65098039 0.74117647 0.85882353
v -1.23456216 0.54297751 -65.10412598 0.65098039 0.74117647 0.85882353
v -1.24955988 0.54427880 -65.08607483 0.65098039 0.74117647 0.85882353
v -1.24895859 0.55400813 -65.09190369 0.65098039 0.74117647 0.85882353
v -1.29150391 0.57758093 -65.05345154 0.65098039 0.74117647 0.85882353
v -1.23201609 0.55485433 -65.10781097 0.65098039 0.74117647 0.85882353
v -1.32043815 0.61643839 -64.96778870 0.65098039 0.74117647 0.85882353
v -1.31296873 0.61031687 -64.97071075 0.65098039 0.74117647 0.85882353
v -1.30892324 0.61540890 -64.96143341 0.65098039 0.74117647 0.85882353
v -1.31633174 0.62181252 -64.95957947 0.65098039 0.74117647 0.85882353
v -1.28981459 0.60265207 -64.96434784 0.65098039 0.74117647 0.85882353
v -1.27832305 0.60512227 -64.96799469 0.65098039 0.74117647 0.85882353
v -1.27879715 0.61375779 -64.95826721 0.65098039 0.74117647 0.85882353
v -1.28840184 0.61160994 -64.95525360 0.65098039 0.74117647 0.85882353
v -1.31212091 0.62833226 -64.95407104 0.65098039 0.74117647 0.85882353
v -1.30527544 0.62137723 -64.95507812 0.65098039 0.74117647 0.85882353
v -1.30722511 0.63365424 -64.95370483 0.65098039 0.74117647 0.85882353
v -1.31500149 0.64169002 -64.95395660 0.65098039 0.74117647 0.85882353
v -1.31790209 0.63490802 -64.95190430 0.65098039 0.74117647 0.85882353
v -1.32138741 0.64725953 -64.95222473 0.65098039 0.74117647 0.85882353
v -1.31334555 0.64633667 -64.96511078 0.65098039 0.74117647 0.85882353
v -1.32393122 0.65162301 -64.96073914 0.65098039 0.74117647 0.85882353
v -1.32884622 0.64282542 -64.98794556 0.65098039 0.74117647 0.85882353
v -1.33514619 0.63795918 -64.99548340 0.65098039 0.74117647 0.85882353
v -1.34514964 0.64305359 -64.98598480 0.65098039 0.74117647 0.85882353
v -1.33817625 0.64760393 -64.97817993 0.65098039 0.74117647 0.85882353
v -1.35345268 0.62765521 -64.99803162 0.65098039 0.74117647 0.85882353
v -1.35014331 0.63614970 -64.99162292 0.65098039 0.74117647 0.85882353
v -1.33932281 0.63170147 -65.00104523 0.65098039 0.74117647 0.85882353
v -1.34269953 0.62429839 -65.00637817 0.65098039 0.74117647 0.85882353
v -1.32724440 0.60970706 -64.98080444 0.65098039 0.74117647 0.85882353
v -1.32071161 0.60343897 -64.98585510 0.65098039 0.74117647 0.85882353
v -1.31726456 0.60651249 -64.98026276 0.65098039 0.74117647 0.85882353
v -1.32413280 0.61247182 -64.97608948 0.65098039 0.74117647 0.85882353
v -1.29740000 0.63854486 -64.95185852 0.65098039 0.74117647 0.85882353
v -1.30029190 0.64012551 -64.96236420 0.65098039 0.74117647 0.85882353
v -1.30536175 0.63964385 -64.95749664 0.65098039 0.74117647 0.85882353
v -1.29986882 0.63604981 -64.94975281 0.65098039 0.74117647 0.85882353
v -1.31297731 0.58070260 -65.00209045 0.65098039 0.74117647 0.85882353
v -1.30354834 0.57790846 -65.00947571 0.65098039 0.74117647 0.85882353
v -1.29737103 0.58219969 -65.00465393 0.65098039 0.74117647 0.85882353
v -1.30695224 0.58422804 -64.99882507 0.65098039 0.74117647 0.85882353
v -1.27980614 0.59308255 -64.98600006 0.65098039 0.74117647 0.85882353
v -1.28216636 0.59031123 -64.99476624 0.65098039 0.74117647 0.85882353
v -1.27126241 0.60028917 -64.99864960 0.65098039 0.74117647 0.85882353
v -1.27180099 0.60418373 -64.99098206 0.65098039 0.74117647 0.85882353
v -1.27851129 0.59802586 -64.97729492 0.65098039 0.74117647 0.85882353
v -1.27174377 0.60832101 -64.98336792 0.65098039 0.74117647 0.85882353
v -1.27319121 0.61391443 -64.97391510 0.65098039 0.74117647 0.85882353
v -1.27485204 0.62094456 -64.96283722 0.65098039 0.74117647 0.85882353
v -1.31031609 0.57522434 -65.01681519 0.65098039 0.74117647 0.85882353
v -1.31878042 0.57586890 -65.01257324 0.65098039 0.74117647 0.85882353
v -1.35715318 0.66064918 -64.92100525 0.65098039 0.74117647 0.85882353
v -1.36166382 0.65712810 -64.92219543 0.65098039 0.74117647 0.85882353
v -1.35760963 0.65514934 -64.92566681 0.65098039 0.74117647 0.85882353
v -1.35300386 0.65870434 -64.92450714 0.65098039 0.74117647 0.85882353
v -1.32448506 0.58715433 -65.02848816 0.65098039 0.74117647 0.85882353
v -1.32379675 0.59661007 -65.03161621 0.65098039 0.74117647 0.85882353
v -1.31799757 0.59222966 -65.03519440 0.65098039 0.74117647 0.85882353
v -1.31772828 0.58356661 -65.03055573 0.65098039 0.74117647 0.85882353
v -1.33302224 0.59088385 -65.02535248 0.65098039 0.74117647 0.85882353
v -1.33081436 0.60161334 -65.02709198 0.65098039 0.74117647 0.85882353
v -1.35855150 0.67196745 -64.92630005 0.65098039 0.74117647 0.85882353
v -1.35545325 0.66921461 -64.92329407 0.65098039 0.74117647 0.85882353
v -1.35185802 0.66754013 -64.92771149 0.65098039 0.74117647 0.85882353
v -1.35514748 0.67002696 -64.93103790 0.65098039 0.74117647 0.85882353
v -1.32232201 0.62763482 -64.95572662 0.65098039 0.74117647 0.85882353
v -1.32642508 0.62222922 -64.96308899 0.65098039 0.74117647 0.85882353
v -1.33676696 0.63574624 -64.94743347 0.65098039 0.74117647 0.85882353
v -1.33294392 0.62807614 -64.95645905 0.65098039 0.74117647 0.85882353
v -1.32679093 0.63351971 -64.95072937 0.65098039 0.74117647 0.85882353
v -1.33103621 0.63931447 -64.94586182 0.65098039 0.74117647 0.85882353
v -1.34332335 0.61728090 -64.97187042 0.65098039 0.74117647 0.85882353
v -1.33615625 0.61274236 -64.97826385 0.65098039 0.74117647 0.85882353
v -1.33325815 0.61756241 -64.97193909 0.65098039 0.74117647 0.85882353
v -1.34061122 0.62211674 -64.96538544 0.65098039 0.74117647 0.85882353
v -1.34320784 0.60361296 -64.98455048 0.65098039 0.74117647 0.85882353
v -1.35033619 0.60842848 -64.97911072 0.65098039 0.74117647 0.85882353
v -1.35422766 0.60332060 -64.98218536 0.65098039 0.74117647 0.85882353
v -1.34753489 0.59938353 -64.98670197 0.65098039 0.74117647 0.85882353
v -1.36030841 0.62171572 -64.96540833 0.65098039 0.74117647 0.85882353
v -1.36693096 0.62734342 -64.96133423 0.65098039 0.74117647 0.85882353
v -1.36998892 0.62453592 -64.96504211 0.65098039 0.74117647 0.85882353
v -1.36352789 0.61832029 -64.96869659 0.65098039 0.74117647 0.85882353
v -1.31256485 0.58865714 -65.03930664 0.65098039 0.74117647 0.85882353
v -1.31101930 0.58037454 -65.03399658 0.65098039 0.74117647 0.85882353
v -1.36005890 0.61019039 -65.00762939 0.65098039 0.74117647 0.85882353
v -1.36057234 0.59980381 -65.00842285 0.65098039 0.74117647 0.85882353
v -1.37015271 0.60053551 -65.00352478 0.65098039 0.74117647 0.85882353
v -1.36885583 0.61135358 -65.00251770 0.65098039 0.74117647 0.85882353
v -1.32067537 0.60664481 -65.03079224 0.65098039 0.74117647 0.85882353
v -1.31541634 0.60276282 -65.03592682 0.65098039 0.74117647 0.85882353
v -1.36346006 0.67195064 -64.92942047 0.65098039 0.74117647 0.85882353
v -1.36004329 0.67010152 -64.93425751 0.65098039 0.74117647 0.85882353
v -1.27649403 0.62238830 -64.98046112 0.65098039 0.74117647 0.85882353
v -1.27762651 0.62852818 -64.96784973 0.65098039 0.74117647 0.85882353
v -1.27506006 0.61744213 -64.99059296 0.65098039 0.74117647 0.85882353
v -1.27361894 0.61411077 -64.99768829 0.65098039 0.74117647 0.85882353
v -1.26981723 0.61180174 -65.00399017 0.65098039 0.74117647 0.85882353
v -1.34024382 0.62868249 -64.95618439 0.65098039 0.74117647 0.85882353
v -1.32825840 0.61722618 -64.97096252 0.65098039 0.74117647 0.85882353
v -1.32940614 0.60667026 -64.98393250 0.65098039 0.74117647 0.85882353
v -1.34823656 0.58652323 -64.99698639 0.65098039 0.74117647 0.85882353
v -1.34270930 0.58308107 -65.00125885 0.65098039 0.74117647 0.85882353
v -1.33779430 0.58853525 -64.99438477 0.65098039 0.74117647 0.85882353
v -1.34438944 0.59127825 -64.99233246 0.65098039 0.74117647 0.85882353
v -1.36033916 0.59101284 -65.00437164 0.65098039 0.74117647 0.85882353
v -1.35827136 0.58890849 -64.99774170 0.65098039 0.74117647 0.85882353
v -1.36536503 0.59189349 -64.99330139 0.65098039 0.74117647 0.85882353
v -1.36852717 0.59300905 -64.99936676 0.65098039 0.74117647 0.85882353
v -1.29291785 0.64078802 -64.95257568 0.65098039 0.74117647 0.85882353
v -1.29315543 0.63914424 -64.96441650 0.65098039 0.74117647 0.85882353
v -1.32322502 0.57921213 -65.02216339 0.65098039 0.74117647 0.85882353
v -1.31521869 0.57724839 -65.02457428 0.65098039 0.74117647 0.85882353
v -1.30771565 0.57567233 -65.02776337 0.65098039 0.74117647 0.85882353
v -1.31426549 0.59300631 -64.99245453 0.65098039 0.74117647 0.85882353
v -1.30312335 0.58627260 -64.99616241 0.65098039 0.74117647 0.85882353
v -1.29913664 0.58822322 -64.99115753 0.65098039 0.74117647 0.85882353
v -1.31176853 0.59540713 -64.98900604 0.65098039 0.74117647 0.85882353
v -1.30428004 0.60170466 -64.97224426 0.65098039 0.74117647 0.85882353
v -1.29238582 0.59530210 -64.97438049 0.65098039 0.74117647 0.85882353
v -1.30079722 0.60791916 -64.96234131 0.65098039 0.74117647 0.85882353
v -1.29111254 0.58519650 -65.00042725 0.65098039 0.74117647 0.85882353
v -1.28970766 0.58107919 -65.01043701 0.65098039 0.74117647 0.85882353
v -1.28304422 0.58526033 -65.00598907 0.65098039 0.74117647 0.85882353
v -1.29679358 0.57718730 -65.01565552 0.65098039 0.74117647 0.85882353
v -1.30306292 0.57493240 -65.02162170 0.65098039 0.74117647 0.85882353
v -1.28157425 0.57814020 -65.01599884 0.65098039 0.74117647 0.85882353
v -1.27500677 0.58292121 -65.01194763 0.65098039 0.74117647 0.85882353
v -1.28887630 0.57470649 -65.02168274 0.65098039 0.74117647 0.85882353
v -1.29515362 0.57292801 -65.02734375 0.65098039 0.74117647 0.85882353
v -1.30198109 0.59527588 -65.05036163 0.65098039 0.74117647 0.85882353
v -1.30321634 0.58480531 -65.04586792 0.65098039 0.74117647 0.85882353
v -1.30974293 0.59914625 -65.04213715 0.65098039 0.74117647 0.85882353
v -1.26527286 0.59910142 -65.00790405 0.65098039 0.74117647 0.85882353
v -1.27632666 0.59180737 -65.00217438 0.65098039 0.74117647 0.85882353
v -1.26972771 0.58997148 -65.00888062 0.65098039 0.74117647 0.85882353
v -1.26381326 0.60929656 -65.01134491 0.65098039 0.74117647 0.85882353
v -1.28749609 0.61795419 -64.94915771 0.65098039 0.74117647 0.85882353
v -1.28744149 0.62336785 -64.94333649 0.65098039 0.74117647 0.85882353
v -1.29488564 0.62490994 -64.94386292 0.65098039 0.74117647 0.85882353
v -1.29560244 0.62100732 -64.94969177 0.65098039 0.74117647 0.85882353
v -1.32788467 0.65161771 -64.94961548 0.65098039 0.74117647 0.85882353
v -1.32765734 0.64548272 -64.94586182 0.65098039 0.74117647 0.85882353
v -1.32254028 0.64051872 -64.94902802 0.65098039 0.74117647 0.85882353
v -1.32311249 0.58209974 -64.99982452 0.65098039 0.74117647 0.85882353
v -1.32823324 0.57751220 -65.00908661 0.65098039 0.74117647 0.85882353
v -1.34266031 0.63488382 -64.94897461 0.65098039 0.74117647 0.85882353
v -1.35074949 0.66732323 -64.93627930 0.65098039 0.74117647 0.85882353
v -1.34744835 0.66471064 -64.93256378 0.65098039 0.74117647 0.85882353
v -1.33939505 0.65929025 -64.94046783 0.65098039 0.74117647 0.85882353
v -1.34308124 0.66274434 -64.94454956 0.65098039 0.74117647 0.85882353
v -1.35160208 0.64071959 -64.94754028 0.65098039 0.74117647 0.85882353
v -1.34572923 0.63975674 -64.94489288 0.65098039 0.74117647 0.85882353
v -1.35051155 0.64381808 -64.93981171 0.65098039 0.74117647 0.85882353
v -1.35574174 0.64603788 -64.94289398 0.65098039 0.74117647 0.85882353
v -1.37200260 0.61839205 -64.96931458 0.65098039 0.74117647 0.85882353
v -1.36689723 0.61331797 -64.97244263 0.65098039 0.74117647 0.85882353
v -1.34744525 0.64901680 -64.96678925 0.65098039 0.74117647 0.85882353
v -1.33781815 0.65542394 -64.96302795 0.65098039 0.74117647 0.85882353
v -1.32974768 0.65203393 -64.97065735 0.65098039 0.74117647 0.85882353
v -1.34688842 0.61278301 -64.97612762 0.65098039 0.74117647 0.85882353
v -1.35373998 0.61701566 -64.97056580 0.65098039 0.74117647 0.85882353
v -1.35719466 0.61321431 -64.97365570 0.65098039 0.74117647 0.85882353
v -1.34437776 0.62958211 -64.95589447 0.65098039 0.74117647 0.85882353
v -1.34704757 0.63411790 -64.95142365 0.65098039 0.74117647 0.85882353
v -1.35005522 0.63051963 -64.95610046 0.65098039 0.74117647 0.85882353
v -1.34579420 0.62575114 -64.96073151 0.65098039 0.74117647 0.85882353
v -1.35102344 0.59778816 -65.01502228 0.65098039 0.74117647 0.85882353
v -1.35086083 0.58651465 -65.00933075 0.65098039 0.74117647 0.85882353
v -1.35501909 0.66510850 -64.92155457 0.65098039 0.74117647 0.85882353
v -1.35108995 0.66339612 -64.92535400 0.65098039 0.74117647 0.85882353
v -1.30187631 0.57693744 -65.03907776 0.65098039 0.74117647 0.85882353
v -1.29957283 0.57324427 -65.03278351 0.65098039 0.74117647 0.85882353
v -1.33923936 0.60831159 -64.98189545 0.65098039 0.74117647 0.85882353
v -1.32094252 0.64633781 -64.97882080 0.65098039 0.74117647 0.85882353
v -1.33185983 0.60286957 -64.98671722 0.65098039 0.74117647 0.85882353
v -1.37180591 0.62302744 -64.98663330 0.65098039 0.74117647 0.85882353
v -1.37458014 0.61551481 -64.98519897 0.65098039 0.74117647 0.85882353
v -1.37765098 0.61987799 -64.97946167 0.65098039 0.74117647 0.85882353
v -1.37718642 0.62604433 -64.98213959 0.65098039 0.74117647 0.85882353
v -1.36252511 0.65272105 -64.93647766 0.65098039 0.74117647 0.85882353
v -1.35799456 0.65063375 -64.93266296 0.65098039 0.74117647 0.85882353
v -1.36286545 0.65437347 -64.92861176 0.65098039 0.74117647 0.85882353
v -1.36683226 0.65652138 -64.93227386 0.65098039 0.74117647 0.85882353
v -1.34023297 0.64072651 -64.94343567 0.65098039 0.74117647 0.85882353
v -1.33537388 0.64394504 -64.94223785 0.65098039 0.74117647 0.85882353
v -1.34078407 0.64863920 -64.93695831 0.65098039 0.74117647 0.85882353
v -1.34523511 0.64489919 -64.93778229 0.65098039 0.74117647 0.85882353
v -1.33308518 0.64959830 -64.94305420 0.65098039 0.74117647 0.85882353
v -1.33870029 0.65419537 -64.93791199 0.65098039 0.74117647 0.85882353
v -1.36443520 0.65783101 -64.94007874 0.65098039 0.74117647 0.85882353
v -1.36146510 0.66377932 -64.94155884 0.65098039 0.74117647 0.85882353
v -1.35488689 0.65826094 -64.94971466 0.65098039 0.74117647 0.85882353
v -1.35791063 0.65195888 -64.94675446 0.65098039 0.74117647 0.85882353
v -1.33243537 0.62075752 -65.01441956 0.65098039 0.74117647 0.85882353
v -1.33620548 0.61351854 -65.01848602 0.65098039 0.74117647 0.85882353
v -1.34671760 0.61628693 -65.01078033 0.65098039 0.74117647 0.85882353
v -1.35734713 0.61876196 -65.00324249 0.65098039 0.74117647 0.85882353
v -1.36628723 0.61922604 -64.99425507 0.65098039 0.74117647 0.85882353
v -1.36285746 0.63028759 -64.99000549 0.65098039 0.74117647 0.85882353
v -1.34948087 0.60854727 -65.01421356 0.65098039 0.74117647 0.85882353
v -1.35527909 0.64503807 -64.95644379 0.65098039 0.74117647 0.85882353
v -1.35054564 0.65185058 -64.95642090 0.65098039 0.74117647 0.85882353
v -1.35597134 0.64835566 -64.96129608 0.65098039 0.74117647 0.85882353
v -1.33620226 0.59714407 -64.98983002 0.65098039 0.74117647 0.85882353
v -1.34656453 0.66040540 -64.92988586 0.65098039 0.74117647 0.85882353
v -1.28676295 0.62500155 -65.01219177 0.65098039 0.74117647 0.85882353
v -1.29571605 0.62415987 -65.02062225 0.65098039 0.74117647 0.85882353
v -1.30333185 0.62745452 -65.01438904 0.65098039 0.74117647 0.85882353
v -1.29185033 0.62799174 -65.00535583 0.65098039 0.74117647 0.85882353
v -1.35293591 0.65155488 -64.93003082 0.65098039 0.74117647 0.85882353
v -1.34856582 0.65518016 -64.92869568 0.65098039 0.74117647 0.85882353
v -1.37132299 0.61001676 -64.97633362 0.65098039 0.74117647 0.85882353
v -1.37503815 0.61542207 -64.97306824 0.65098039 0.74117647 0.85882353
v -1.37811363 0.61525643 -64.97617340 0.65098039 0.74117647 0.85882353
v -1.37630677 0.61018628 -64.97957611 0.65098039 0.74117647 0.85882353
v -1.33939469 0.60598636 -65.02124023 0.65098039 0.74117647 0.85882353
v -1.37670660 0.60102874 -64.99896240 0.65098039 0.74117647 0.85882353
v -1.37519550 0.61127573 -64.99929810 0.65098039 0.74117647 0.85882353
v -1.32734001 0.61030388 -65.02548218 0.65098039 0.74117647 0.85882353
v -1.32315350 0.61787039 -65.02178192 0.65098039 0.74117647 0.85882353
v -1.31562400 0.61531478 -65.02744293 0.65098039 0.74117647 0.85882353
v -1.36058021 0.63848329 -64.97975922 0.65098039 0.74117647 0.85882353
v -1.32904911 0.62718982 -65.00965881 0.65098039 0.74117647 0.85882353
v -1.31944335 0.62339580 -65.01716614 0.65098039 0.74117647 0.85882353
v -1.31040311 0.62132722 -65.02283478 0.65098039 0.74117647 0.85882353
v -1.30353558 0.61881441 -65.02800751 0.65098039 0.74117647 0.85882353
v -1.30959535 0.61227161 -65.03276062 0.65098039 0.74117647 0.85882353
v -1.35597110 0.66739219 -64.93974304 0.65098039 0.74117647 0.85882353
v -1.36533856 0.66678131 -64.93616486 0.65098039 0.74117647 0.85882353
v -1.30292392 0.60845870 -65.03941345 0.65098039 0.74117647 0.85882353
v -1.29595900 0.60418040 -65.04830170 0.65098039 0.74117647 0.85882353
v -1.28959298 0.61108905 -65.04258728 0.65098039 0.74117647 0.85882353
v -1.29695368 0.61571157 -65.03435516 0.65098039 0.74117647 0.85882353
v -1.31483102 0.62872356 -65.01131439 0.65098039 0.74117647 0.85882353
v -1.30932438 0.63273269 -65.00493622 0.65098039 0.74117647 0.85882353
v -1.32498693 0.63260198 -65.00405884 0.65098039 0.74117647 0.85882353
v -1.31947088 0.63748282 -64.99682617 0.65098039 0.74117647 0.85882353
v -1.35389495 0.64640576 -64.97637177 0.65098039 0.74117647 0.85882353
v -1.37608933 0.66754043 -64.92455292 0.65098039 0.74117647 0.85882353
v -1.37123013 0.66398031 -64.93058777 0.65098039 0.74117647 0.85882353
v -1.37088311 0.65930074 -64.92838287 0.65098039 0.74117647 0.85882353
v -1.37619495 0.66339010 -64.92290497 0.65098039 0.74117647 0.85882353
v -1.36792040 0.66123921 -64.93520355 0.65098039 0.74117647 0.85882353
v -1.36860490 0.66895777 -64.93133545 0.65098039 0.74117647 0.85882353
v -1.31127584 0.64062840 -64.98719025 0.65098039 0.74117647 0.85882353
v -1.35479259 0.63630646 -64.95248413 0.65098039 0.74117647 0.85882353
v -1.29806340 0.63365763 -64.99396515 0.65098039 0.74117647 0.85882353
v -1.30443954 0.64313215 -64.97464752 0.65098039 0.74117647 0.85882353
v -1.29431760 0.63820690 -64.97827148 0.65098039 0.74117647 0.85882353
v -1.28126311 0.62500817 -64.99768829 0.65098039 0.74117647 0.85882353
v -1.28336012 0.62891424 -64.98770905 0.65098039 0.74117647 0.85882353
v -1.27403092 0.61927098 -65.01104736 0.65098039 0.74117647 0.85882353
v -1.27841377 0.62166411 -65.00470734 0.65098039 0.74117647 0.85882353
v -1.26709759 0.61670315 -65.01828003 0.65098039 0.74117647 0.85882353
v -1.28410304 0.63408035 -64.97420502 0.65098039 0.74117647 0.85882353
v -1.36292219 0.66274947 -64.91587067 0.65098039 0.74117647 0.85882353
v -1.36765218 0.65967983 -64.91757965 0.65098039 0.74117647 0.85882353
v -1.28131843 0.62246972 -65.01867676 0.65098039 0.74117647 0.85882353
v -1.27389729 0.61969650 -65.02648926 0.65098039 0.74117647 0.85882353
v -1.29788470 0.61520702 -64.95490265 0.65098039 0.74117647 0.85882353
v -1.32761323 0.59245455 -64.99292755 0.65098039 0.74117647 0.85882353
v -1.32475042 0.59719414 -64.99079895 0.65098039 0.74117647 0.85882353
v -1.33654284 0.58011478 -65.00508118 0.65098039 0.74117647 0.85882353
v -1.33128285 0.58540040 -64.99642944 0.65098039 0.74117647 0.85882353
v -1.28205812 0.61718780 -65.03539276 0.65098039 0.74117647 0.85882353
v -1.26970291 0.57214445 -65.02246094 0.65098039 0.74117647 0.85882353
v -1.27684081 0.56799620 -65.02816010 0.65098039 0.74117647 0.85882353
v -1.28036022 0.60396171 -65.05240631 0.65098039 0.74117647 0.85882353
v -1.36073947 0.66727191 -64.91583252 0.65098039 0.74117647 0.85882353
v -1.37087345 0.63263190 -64.96369934 0.65098039 0.74117647 0.85882353
v -1.37174642 0.63187307 -64.96616364 0.65098039 0.74117647 0.85882353
v -1.27915025 0.62003022 -64.95085144 0.65098039 0.74117647 0.85882353
v -1.28127766 0.62589127 -64.94418335 0.65098039 0.74117647 0.85882353
v -1.28107619 0.63669384 -64.94839478 0.65098039 0.74117647 0.85882353
v -1.27938128 0.63102335 -64.94592285 0.65098039 0.74117647 0.85882353
v -1.27607441 0.62637877 -64.95376587 0.65098039 0.74117647 0.85882353
v -1.27857804 0.63305002 -64.95767975 0.65098039 0.74117647 0.85882353
v -1.31657910 0.59054124 -64.99440002 0.65098039 0.74117647 0.85882353
v -1.31981063 0.58726883 -64.99635315 0.65098039 0.74117647 0.85882353
v -1.34174502 0.59467131 -65.02085876 0.65098039 0.74117647 0.85882353
v -1.34164596 0.58417505 -65.01530457 0.65098039 0.74117647 0.85882353
v -1.33356571 0.65514880 -64.94617462 0.65098039 0.74117647 0.85882353
v -1.33150983 0.65531975 -64.95601654 0.65098039 0.74117647 0.85882353
v -1.33727276 0.65835214 -64.95112610 0.65098039 0.74117647 0.85882353
v -1.34868908 0.66234535 -64.94858551 0.65098039 0.74117647 0.85882353
v -1.35563445 0.64247972 -64.95277405 0.65098039 0.74117647 0.85882353
v -1.35413098 0.64668840 -64.95085144 0.65098039 0.74117647 0.85882353
v -1.29563963 0.59088790 -64.98365021 0.65098039 0.74117647 0.85882353
v -1.30829203 0.59816736 -64.98213959 0.65098039 0.74117647 0.85882353
v -1.30182123 0.62618780 -64.95138550 0.65098039 0.74117647 0.85882353
v -1.30009747 0.63034707 -64.94750977 0.65098039 0.74117647 0.85882353
v -1.34926486 0.62112033 -64.96623230 0.65098039 0.74117647 0.85882353
v -1.36663961 0.64335507 -64.97050476 0.65098039 0.74117647 0.85882353
v -1.36060786 0.64906526 -64.96873474 0.65098039 0.74117647 0.85882353
v -1.35470152 0.62565309 -64.96134186 0.65098039 0.74117647 0.85882353
v -1.36410141 0.67421585 -64.91997528 0.65098039 0.74117647 0.85882353
v -1.36112607 0.67139858 -64.91703033 0.65098039 0.74117647 0.85882353
v -1.34338892 0.65818775 -64.95587921 0.65098039 0.74117647 0.85882353
v -1.36102080 0.60797191 -64.97718048 0.65098039 0.74117647 0.85882353
v -1.36837769 0.63617861 -64.97467041 0.65098039 0.74117647 0.85882353
v -1.37013364 0.63819432 -64.96770477 0.65098039 0.74117647 0.85882353
v -1.37351823 0.59528112 -64.99572754 0.65098039 0.74117647 0.85882353
v -1.28956032 0.62112623 -65.02721405 0.65098039 0.74117647 0.85882353
v -1.36720634 0.65633315 -64.92512512 0.65098039 0.74117647 0.85882353
v -1.37301445 0.65937543 -64.92033386 0.65098039 0.74117647 0.85882353
v -1.37344027 0.67135924 -64.92504120 0.65098039 0.74117647 0.85882353
v -1.36865616 0.67411518 -64.92334747 0.65098039 0.74117647 0.85882353
v -1.33256412 0.58153635 -65.01939392 0.65098039 0.74117647 0.85882353
v -1.32271791 0.60062665 -64.98867798 0.65098039 0.74117647 0.85882353
v -1.28357899 0.56583798 -65.03447723 0.65098039 0.74117647 0.85882353
v -1.28465497 0.63749665 -64.96209717 0.65098039 0.74117647 0.85882353
v -1.28630567 0.64064795 -64.95115662 0.65098039 0.74117647 0.85882353
v -1.36000609 0.63009375 -64.95714569 0.65098039 0.74117647 0.85882353
v -1.37373137 0.61507964 -64.99243164 0.65098039 0.74117647 0.85882353
v -1.36967230 0.63224250 -64.98465729 0.65098039 0.74117647 0.85882353
v -1.37516570 0.63406259 -64.98101807 0.65098039 0.74117647 0.85882353
v -1.37291360 0.63760740 -64.97444153 0.65098039 0.74117647 0.85882353
v -1.37346220 0.63586229 -64.96891785 0.65098039 0.74117647 0.85882353
v -1.37757015 0.67354268 -64.92044830 0.65098039 0.74117647 0.85882353
v -1.37305796 0.67636126 -64.91859436 0.65098039 0.74117647 0.85882353
v -1.36877847 0.67667669 -64.91506958 0.65098039 0.74117647 0.85882353
v -1.36579323 0.67347956 -64.91256714 0.65098039 0.74117647 0.85882353
v -1.36518216 0.66912675 -64.91204071 0.65098039 0.74117647 0.85882353
v -1.37996769 0.66998899 -64.92012024 0.65098039 0.74117647 0.85882353
v -1.37983513 0.66585058 -64.91879272 0.65098039 0.74117647 0.85882353
v -1.37660968 0.66196936 -64.91661072 0.65098039 0.74117647 0.85882353
v -1.38356328 0.67158431 -64.91634369 0.65098039 0.74117647 0.85882353
v -1.38189936 0.67569125 -64.91577148 0.65098039 0.74117647 0.85882353
v -1.37658322 0.67990017 -64.90505981 0.65098039 0.74117647 0.85882353
v -1.37370324 0.67912728 -64.91014862 0.65098039 0.74117647 0.85882353
v -1.37753391 0.67985457 -64.90943909 0.65098039 0.74117647 0.85882353
v -1.37953925 0.68084615 -64.90652466 0.65098039 0.74117647 0.85882353
v -1.38257575 0.68175662 -64.90353394 0.65098039 0.74117647 0.85882353
v -1.38025808 0.68021870 -64.90173340 0.65098039 0.74117647 0.85882353
v -1.37944579 0.67907155 -64.91197205 0.65098039 0.74117647 0.85882353
v -1.38253403 0.68030661 -64.90922546 0.65098039 0.74117647 0.85882353
v -1.38530993 0.67800623 -64.91094971 0.65098039 0.74117647 0.85882353
v -1.38836193 0.67921031 -64.90805054 0.65098039 0.74117647 0.85882353
v -1.38580072 0.68155676 -64.90626526 0.65098039 0.74117647 0.85882353
v -1.38227654 0.67756349 -64.91307068 0.65098039 0.74117647 0.85882353
v -1.37686765 0.67811674 -64.91455841 0.65098039 0.74117647 0.85882353
v -1.38445473 0.68062502 -64.90003967 0.65098039 0.74117647 0.85882353
v -1.38509870 0.68228799 -64.90176392 0.65098039 0.74117647 0.85882353
v -1.38837397 0.68223113 -64.90325928 0.65098039 0.74117647 0.85882353
v -1.38913846 0.68029279 -64.90113068 0.65098039 0.74117647 0.85882353
v -1.36989713 0.67526609 -64.90872955 0.65098039 0.74117647 0.85882353
v -1.37476277 0.67668837 -64.90422058 0.65098039 0.74117647 0.85882353
v -1.37957728 0.67732781 -64.90087128 0.65098039 0.74117647 0.85882353
v -1.38426280 0.67772257 -64.89925385 0.65098039 0.74117647 0.85882353
v -1.37518167 0.67305106 -64.90375519 0.65098039 0.74117647 0.85882353
v -1.38043439 0.67428136 -64.90100861 0.65098039 0.74117647 0.85882353
v -1.38450861 0.67476386 -64.89988708 0.65098039 0.74117647 0.85882353
v -1.37759459 0.66976970 -64.90412140 0.65098039 0.74117647 0.85882353
v -1.38230383 0.67188424 -64.90162659 0.65098039 0.74117647 0.85882353
v -1.37120891 0.66689509 -64.90894318 0.65098039 0.74117647 0.85882353
v -1.36918962 0.67092055 -64.90847015 0.65098039 0.74117647 0.85882353
v -1.38482666 0.67306751 -64.90075684 0.65098039 0.74117647 0.85882353
v -1.38885474 0.67726088 -64.90055084 0.65098039 0.74117647 0.85882353
v -1.38664019 0.67559540 -64.91226196 0.65098039 0.74117647 0.85882353
v -1.38988149 0.67677790 -64.90856171 0.65098039 0.74117647 0.85882353
v -1.38749087 0.67281592 -64.91218567 0.65098039 0.74117647 0.85882353
v -1.39050174 0.67419171 -64.90811920 0.65098039 0.74117647 0.85882353
v -1.39157033 0.67851174 -64.90477753 0.65098039 0.74117647 0.85882353
v -1.39040804 0.68052292 -64.90551758 0.65098039 0.74117647 0.85882353
v -1.36711359 0.66458708 -64.91251373 0.65098039 0.74117647 0.85882353
v -1.37181306 0.66195434 -64.91437531 0.65098039 0.74117647 0.85882353
v -1.37567902 0.66408223 -64.91069031 0.65098039 0.74117647 0.85882353
v -1.38147283 0.66686457 -64.90583801 0.65098039 0.74117647 0.85882353
v -1.38004875 0.66416115 -64.91325378 0.65098039 0.74117647 0.85882353
v -1.38322544 0.66763288 -64.91516113 0.65098039 0.74117647 0.85882353
v -1.38698733 0.66985565 -64.91107941 0.65098039 0.74117647 0.85882353
v -1.38510132 0.66706562 -64.90896606 0.65098039 0.74117647 0.85882353
v -1.38981462 0.67163885 -64.90710449 0.65098039 0.74117647 0.85882353
v -1.38810658 0.67002046 -64.90537262 0.65098039 0.74117647 0.85882353
v -1.38531017 0.67026788 -64.90306854 0.65098039 0.74117647 0.85882353
v -1.39044023 0.67332608 -64.90361786 0.65098039 0.74117647 0.85882353
v -1.39151728 0.67584687 -64.90404510 0.65098039 0.74117647 0.85882353
v -1.38816810 0.67459637 -64.90094757 0.65098039 0.74117647 0.85882353
v -1.38893926 0.67192775 -64.90341949 0.65098039 0.74117647 0.85882353
v -1.38703835 0.67254144 -64.90181732 0.65098039 0.74117647 0.85882353
v -1.38681912 0.65100002 -64.93346405 0.65098039 0.74117647 0.85882353
v -1.39050531 0.64740258 -64.93535614 0.65098039 0.74117647 0.85882353
v -1.38477802 0.64558613 -64.93983459 0.65098039 0.74117647 0.85882353
v -1.38118505 0.64904362 -64.93784332 0.65098039 0.74117647 0.85882353
v -1.38538527 0.66239417 -64.93873596 0.65098039 0.74117647 0.85882353
v -1.38360667 0.65893793 -64.93453217 0.65098039 0.74117647 0.85882353
v -1.37849021 0.65757030 -64.93914032 0.65098039 0.74117647 0.85882353
v -1.38046432 0.66081393 -64.94345856 0.65098039 0.74117647 0.85882353
v -1.38953555 0.66149521 -64.94350433 0.65098039 0.74117647 0.85882353
v -1.38489223 0.65988380 -64.94842529 0.65098039 0.74117647 0.85882353
v -1.37436604 0.65845388 -64.94837952 0.65098039 0.74117647 0.85882353
v -1.37247419 0.65506971 -64.94393921 0.65098039 0.74117647 0.85882353
v -1.36270475 0.64871168 -64.95171356 0.65098039 0.74117647 0.85882353
v -1.36395156 0.65270704 -64.95586395 0.65098039 0.74117647 0.85882353
v -1.37223363 0.63356572 -64.95538330 0.65098039 0.74117647 0.85882353
v -1.37563086 0.63619882 -64.95867157 0.65098039 0.74117647 0.85882353
v -1.38446522 0.65487218 -64.93285370 0.65098039 0.74117647 0.85882353
v -1.37913787 0.65314025 -64.93743134 0.65098039 0.74117647 0.85882353
v -1.38509738 0.64254081 -64.95092773 0.65098039 0.74117647 0.85882353
v -1.38229775 0.64062941 -64.94727325 0.65098039 0.74117647 0.85882353
v -1.38846540 0.64426070 -64.94268036 0.65098039 0.74117647 0.85882353
v -1.39129722 0.64571822 -64.94608307 0.65098039 0.74117647 0.85882353
v -1.36347282 0.63960171 -64.94964600 0.65098039 0.74117647 0.85882353
v -1.36735666 0.63529998 -64.95213318 0.65098039 0.74117647 0.85882353
v -1.36265063 0.64438802 -64.94980621 0.65098039 0.74117647 0.85882353
v -1.38639188 0.64670449 -64.95442200 0.65098039 0.74117647 0.85882353
v -1.38446879 0.65244585 -64.95590973 0.65098039 0.74117647 0.85882353
v -1.37412727 0.64786470 -64.96399689 0.65098039 0.74117647 0.85882353
v -1.37668073 0.64176732 -64.96221161 0.65098039 0.74117647 0.85882353
v -1.37292743 0.65030640 -64.94219208 0.65098039 0.74117647 0.85882353
v -1.37820053 0.64199650 -64.94432831 0.65098039 0.74117647 0.85882353
v -1.37472904 0.64569342 -64.94225311 0.65098039 0.74117647 0.85882353
v -1.37903631 0.65740579 -64.95356750 0.65098039 0.74117647 0.85882353
v -1.39015198 0.65467793 -64.95054626 0.65098039 0.74117647 0.85882353
v -1.40316319 0.65547138 -64.93843079 0.65098039 0.74117647 0.85882353
v -1.39680433 0.65200752 -64.94445038 0.65098039 0.74117647 0.85882353
v -1.39674985 0.64794153 -64.94185638 0.65098039 0.74117647 0.85882353
v -1.40376663 0.65159041 -64.93604279 0.65098039 0.74117647 0.85882353
v -1.39208055 0.64950651 -64.94903564 0.65098039 0.74117647 0.85882353
v -1.39455473 0.65694636 -64.94567871 0.65098039 0.74117647 0.85882353
v -1.39487028 0.65369076 -64.92700958 0.65098039 0.74117647 0.85882353
v -1.39864993 0.65043777 -64.92924500 0.65098039 0.74117647 0.85882353
v -1.39230764 0.65742010 -64.92648315 0.65098039 0.74117647 0.85882353
v -1.36870825 0.65310472 -64.96191406 0.65098039 0.74117647 0.85882353
v -1.39252186 0.66452652 -64.93219757 0.65098039 0.74117647 0.85882353
v -1.39132023 0.66107816 -64.92812347 0.65098039 0.74117647 0.85882353
v -1.39424849 0.64609677 -64.93830872 0.65098039 0.74117647 0.85882353
v -1.40191960 0.64918214 -64.93257141 0.65098039 0.74117647 0.85882353
v -1.40078402 0.66003412 -64.93927765 0.65098039 0.74117647 0.85882353
v -1.39609969 0.66397274 -64.93711853 0.65098039 0.74117647 0.85882353
v -1.40620196 0.66204977 -64.93402863 0.65098039 0.74117647 0.85882353
v -1.40207553 0.66574097 -64.93178558 0.65098039 0.74117647 0.85882353
v -1.39862168 0.66654021 -64.92720795 0.65098039 0.74117647 0.85882353
v -1.39697528 0.66291332 -64.92379761 0.65098039 0.74117647 0.85882353
v -1.39755392 0.65919393 -64.92288208 0.65098039 0.74117647 0.85882353
v -1.40829694 0.65790087 -64.93368530 0.65098039 0.74117647 0.85882353
v -1.40846419 0.65418202 -64.93204498 0.65098039 0.74117647 0.85882353
v -1.40642214 0.65150952 -64.92916870 0.65098039 0.74117647 0.85882353
v -1.41361666 0.65988392 -64.92941284 0.65098039 0.74117647 0.85882353
v -1.41234636 0.66415817 -64.92908478 0.65098039 0.74117647 0.85882353
v -1.41369462 0.67028379 -64.91452789 0.65098039 0.74117647 0.85882353
v -1.40890729 0.66961890 -64.91781616 0.65098039 0.74117647 0.85882353
v -1.41157198 0.67018420 -64.91978455 0.65098039 0.74117647 0.85882353
v -1.41534591 0.67184442 -64.91673279 0.65098039 0.74117647 0.85882353
v -1.40499699 0.66876078 -64.92263794 0.65098039 0.74117647 0.85882353
v -1.40918350 0.66934258 -64.92254639 0.65098039 0.74117647 0.85882353
v -1.41113091 0.66829789 -64.92494202 0.65098039 0.74117647 0.85882353
v -1.41460466 0.66970176 -64.92263794 0.65098039 0.74117647 0.85882353
v -1.41702664 0.66687059 -64.92432404 0.65098039 0.74117647 0.85882353
v -1.42098677 0.66848683 -64.92179108 0.65098039 0.74117647 0.85882353
v -1.41869831 0.67174238 -64.91986847 0.65098039 0.74117647 0.85882353
v -1.41356111 0.66631669 -64.92632294 0.65098039 0.74117647 0.85882353
v -1.41878438 0.67272079 -64.91489410 0.65098039 0.74117647 0.85882353
v -1.41885900 0.67075729 -64.91331482 0.65098039 0.74117647 0.85882353
v -1.40763760 0.66746932 -64.92763519 0.65098039 0.74117647 0.85882353
v -1.40189755 0.66499561 -64.92028046 0.65098039 0.74117647 0.85882353
v -1.40738654 0.66649520 -64.91622162 0.65098039 0.74117647 0.85882353
v -1.41329336 0.66721469 -64.91337585 0.65098039 0.74117647 0.85882353
v -1.41890383 0.66748077 -64.91252899 0.65098039 0.74117647 0.85882353
v -1.40817809 0.66265315 -64.91564941 0.65098039 0.74117647 0.85882353
v -1.41411614 0.66398692 -64.91309357 0.65098039 0.74117647 0.85882353
v -1.41887796 0.66473049 -64.91276550 0.65098039 0.74117647 0.85882353
v -1.41036057 0.65887731 -64.91626740 0.65098039 0.74117647 0.85882353
v -1.41589534 0.66124815 -64.91378021 0.65098039 0.74117647 0.85882353
v -1.40375805 0.65680212 -64.92082977 0.65098039 0.74117647 0.85882353
v -1.40183723 0.66077548 -64.91985321 0.65098039 0.74117647 0.85882353
v -1.41881049 0.66280252 -64.91345215 0.65098039 0.74117647 0.85882353
v -1.42357326 0.67072815 -64.91499329 0.65098039 0.74117647 0.85882353
v -1.42327762 0.66746563 -64.91416168 0.65098039 0.74117647 0.85882353
v -1.42249465 0.67333168 -64.91683960 0.65098039 0.74117647 0.85882353
v -1.41777754 0.66428739 -64.92492676 0.65098039 0.74117647 0.85882353
v -1.42193007 0.66585082 -64.92192078 0.65098039 0.74117647 0.85882353
v -1.41872478 0.66173685 -64.92546082 0.65098039 0.74117647 0.85882353
v -1.42292953 0.66365492 -64.92185974 0.65098039 0.74117647 0.85882353
v -1.42486763 0.66834927 -64.91876984 0.65098039 0.74117647 0.85882353
v -1.42382181 0.67029339 -64.91947174 0.65098039 0.74117647 0.85882353
v -1.39964652 0.65549666 -64.92371368 0.65098039 0.74117647 0.85882353
v -1.40302193 0.65241563 -64.92603302 0.65098039 0.74117647 0.85882353
v -1.40713573 0.65351373 -64.92295074 0.65098039 0.74117647 0.85882353
v -1.41376436 0.65578187 -64.91844940 0.65098039 0.74117647 0.85882353
v -1.41034079 0.65300375 -64.92623138 0.65098039 0.74117647 0.85882353
v -1.41305518 0.65610713 -64.92842102 0.65098039 0.74117647 0.85882353
v -1.41840029 0.65847898 -64.92436981 0.65098039 0.74117647 0.85882353
v -1.41671574 0.65577340 -64.92189026 0.65098039 0.74117647 0.85882353
v -1.42234993 0.66099709 -64.92070007 0.65098039 0.74117647 0.85882353
v -1.42082262 0.65877455 -64.91866302 0.65098039 0.74117647 0.85882353
v -1.41841543 0.65892965 -64.91584778 0.65098039 0.74117647 0.85882353
v -1.42398179 0.66303575 -64.91725922 0.65098039 0.74117647 0.85882353
v -1.42511988 0.66575831 -64.91801453 0.65098039 0.74117647 0.85882353
v -1.42221212 0.66430533 -64.91417694 0.65098039 0.74117647 0.85882353
v -1.42243195 0.66106963 -64.91665649 0.65098039 0.74117647 0.85882353
v -1.42085445 0.66179901 -64.91472626 0.65098039 0.74117647 0.85882353
v -1.39823365 0.63541311 -64.95248413 0.65098039 0.74117647 0.85882353
v -1.40032327 0.63049632 -64.95398712 0.65098039 0.74117647 0.85882353
v -1.39522219 0.62933195 -64.95742798 0.65098039 0.74117647 0.85882353
v -1.39329970 0.63420230 -64.95568085 0.65098039 0.74117647 0.85882353
v -1.39924085 0.64452106 -64.95864105 0.65098039 0.74117647 0.85882353
v -1.39813459 0.64339441 -64.95555878 0.65098039 0.74117647 0.85882353
v -1.39266646 0.64234298 -64.95868683 0.65098039 0.74117647 0.85882353
v -1.39332581 0.64381450 -64.96250916 0.65098039 0.74117647 0.85882353
v -1.40193915 0.64289069 -64.96253967 0.65098039 0.74117647 0.85882353
v -1.39604485 0.64159232 -64.96699524 0.65098039 0.74117647 0.85882353
v -1.38756537 0.64247102 -64.96607971 0.65098039 0.74117647 0.85882353
v -1.38703060 0.64065701 -64.96152496 0.65098039 0.74117647 0.85882353
v -1.37862575 0.63696438 -64.96623230 0.65098039 0.74117647 0.85882353
v -1.37910557 0.63955265 -64.97113800 0.65098039 0.74117647 0.85882353
v -1.39786911 0.64012975 -64.95328522 0.65098039 0.74117647 0.85882353
v -1.39264846 0.63888788 -64.95632172 0.65098039 0.74117647 0.85882353
v -1.39335108 0.62425870 -64.96647644 0.65098039 0.74117647 0.85882353
v -1.39155889 0.62392634 -64.96335602 0.65098039 0.74117647 0.85882353
v -1.39758837 0.62667155 -64.96025848 0.65098039 0.74117647 0.85882353
v -1.39923990 0.62701643 -64.96314240 0.65098039 0.74117647 0.85882353
v -1.37757945 0.62715226 -64.96382141 0.65098039 0.74117647 0.85882353
v -1.37895668 0.62221038 -64.96607971 0.65098039 0.74117647 0.85882353
v -1.37795389 0.63234156 -64.96389771 0.65098039 0.74117647 0.85882353
v -1.39460480 0.62786716 -64.97012329 0.65098039 0.74117647 0.85882353
v -1.39363253 0.63387001 -64.97283173 0.65098039 0.74117647 0.85882353
v -1.38450289 0.62968808 -64.97805786 0.65098039 0.74117647 0.85882353
v -1.38464260 0.62360376 -64.97522736 0.65098039 0.74117647 0.85882353
v -1.38715339 0.63674575 -64.95893097 0.65098039 0.74117647 0.85882353
v -1.38922739 0.62655210 -64.96015167 0.65098039 0.74117647 0.85882353
v -1.38748646 0.63172513 -64.95832825 0.65098039 0.74117647 0.85882353
v -1.39023125 0.63976431 -64.97109985 0.65098039 0.74117647 0.85882353
v -1.39909458 0.63590765 -64.96870422 0.65098039 0.74117647 0.85882353
v -1.41379142 0.63549674 -64.95727539 0.65098039 0.74117647 0.85882353
v -1.40548825 0.63213378 -64.96289062 0.65098039 0.74117647 0.85882353
v -1.40491891 0.62822133 -64.95993805 0.65098039 0.74117647 0.85882353
v -1.41346896 0.63170046 -64.95484161 0.65098039 0.74117647 0.85882353
v -1.40020263 0.63014668 -64.96649933 0.65098039 0.74117647 0.85882353
v -1.40471423 0.63784450 -64.96436310 0.65098039 0.74117647 0.85882353
v -1.40631688 0.63705575 -64.94747162 0.65098039 0.74117647 0.85882353
v -1.40854287 0.63272125 -64.94909668 0.65098039 0.74117647 0.85882353
v -1.40586901 0.64151710 -64.94815826 0.65098039 0.74117647 0.85882353
v -1.38185894 0.63677102 -64.97669220 0.65098039 0.74117647 0.85882353
v -1.38347387 0.61925066 -64.97186279 0.65098039 0.74117647 0.85882353
v -1.40749538 0.64619523 -64.95269012 0.65098039 0.74117647 0.85882353
v -1.40624833 0.64489287 -64.94995880 0.65098039 0.74117647 0.85882353
v -1.40291715 0.62759203 -64.95695496 0.65098039 0.74117647 0.85882353
v -1.41134953 0.63023406 -64.95199585 0.65098039 0.74117647 0.85882353
v -1.41273785 0.64048475 -64.95830536 0.65098039 0.74117647 0.85882353
v -1.40987527 0.64501458 -64.95655823 0.65098039 0.74117647 0.85882353
v -1.41847432 0.64220548 -64.95452881 0.65098039 0.74117647 0.85882353
v -1.41560686 0.64646602 -64.95246887 0.65098039 0.74117647 0.85882353
v -1.41334295 0.64796919 -64.94864655 0.65098039 0.74117647 0.85882353
v -1.41188550 0.64596623 -64.94605255 0.65098039 0.74117647 0.85882353
v -1.41127217 0.64240080 -64.94480133 0.65098039 0.74117647 0.85882353
v -1.41960192 0.63750041 -64.95345306 0.65098039 0.74117647 0.85882353
v -1.41884422 0.63423276 -64.95140839 0.65098039 0.74117647 0.85882353
v -1.41613865 0.63236064 -64.94895935 0.65098039 0.74117647 0.85882353
v -1.42389488 0.63869393 -64.95072174 0.65098039 0.74117647 0.85882353
v -1.42346668 0.64356035 -64.95088959 0.65098039 0.74117647 0.85882353
v -1.42735231 0.65115541 -64.93776703 0.65098039 0.74117647 0.85882353
v -1.42311001 0.65031618 -64.94039917 0.65098039 0.74117647 0.85882353
v -1.42476511 0.65004432 -64.94208527 0.65098039 0.74117647 0.85882353
v -1.42849803 0.65148920 -64.93976593 0.65098039 0.74117647 0.85882353
v -1.41892564 0.64943713 -64.94494629 0.65098039 0.74117647 0.85882353
v -1.42213893 0.64947861 -64.94464874 0.65098039 0.74117647 0.85882353
v -1.42331183 0.64822304 -64.94733429 0.65098039 0.74117647 0.85882353
v -1.42692196 0.64939088 -64.94517517 0.65098039 0.74117647 0.85882353
v -1.42811835 0.64560276 -64.94696045 0.65098039 0.74117647 0.85882353
v -1.43181443 0.64676833 -64.94467163 0.65098039 0.74117647 0.85882353
v -1.43067431 0.65050727 -64.94271088 0.65098039 0.74117647 0.85882353
v -1.42506063 0.64582938 -64.94882202 0.65098039 0.74117647 0.85882353
v -1.43134665 0.65208334 -64.93854523 0.65098039 0.74117647 0.85882353
v -1.43134892 0.65135151 -64.93672943 0.65098039 0.74117647 0.85882353
v -1.42023063 0.64752704 -64.94934082 0.65098039 0.74117647 0.85882353
v -1.41637111 0.64707708 -64.94256592 0.65098039 0.74117647 0.85882353
v -1.42129695 0.64811081 -64.93879700 0.65098039 0.74117647 0.85882353
v -1.42640066 0.64892346 -64.93605042 0.65098039 0.74117647 0.85882353
v -1.43056750 0.64863235 -64.93546295 0.65098039 0.74117647 0.85882353
v -1.42065454 0.64449137 -64.93811798 0.65098039 0.74117647 0.85882353
v -1.42573535 0.64547914 -64.93552399 0.65098039 0.74117647 0.85882353
v -1.42948472 0.64544445 -64.93510437 0.65098039 0.74117647 0.85882353
v -1.42094553 0.64063072 -64.93854523 0.65098039 0.74117647 0.85882353
v -1.42600369 0.64227378 -64.93613434 0.65098039 0.74117647 0.85882353
v -1.41560030 0.63926500 -64.94219208 0.65098039 0.74117647 0.85882353
v -1.41542280 0.64325398 -64.94178009 0.65098039 0.74117647 0.85882353
v -1.42875874 0.64328647 -64.93568420 0.65098039 0.74117647 0.85882353
v -1.43453097 0.64959371 -64.93868256 0.65098039 0.74117647 0.85882353
v -1.43401349 0.64654070 -64.93738556 0.65098039 0.74117647 0.85882353
v -1.43371415 0.65126437 -64.94057465 0.65098039 0.74117647 0.85882353
v -1.42836666 0.64292669 -64.94779205 0.65098039 0.74117647 0.85882353
v -1.43217337 0.64409053 -64.94491577 0.65098039 0.74117647 0.85882353
v -1.42818677 0.63982826 -64.94723511 0.65098039 0.74117647 0.85882353
v -1.43217826 0.64156193 -64.94406891 0.65098039 0.74117647 0.85882353
v -1.43469882 0.64630103 -64.94212341 0.65098039 0.74117647 0.85882353
v -1.43414319 0.64814842 -64.94273376 0.65098039 0.74117647 0.85882353
v -1.41152024 0.63832539 -64.94480896 0.65098039 0.74117647 0.85882353
v -1.41318119 0.63442236 -64.94649506 0.65098039 0.74117647 0.85882353
v -1.41710889 0.63565570 -64.94385529 0.65098039 0.74117647 0.85882353
v -1.42283750 0.63722336 -64.94014740 0.65098039 0.74117647 0.85882353
v -1.41980577 0.63375497 -64.94638062 0.65098039 0.74117647 0.85882353
v -1.42259991 0.63562059 -64.94869232 0.65098039 0.74117647 0.85882353
v -1.42722797 0.63726693 -64.94554901 0.65098039 0.74117647 0.85882353
v -1.42524385 0.63571090 -64.94303894 0.65098039 0.74117647 0.85882353
v -1.43124270 0.63936675 -64.94257355 0.65098039 0.74117647 0.85882353
v -1.42971802 0.63810039 -64.94036865 0.65098039 0.74117647 0.85882353
v -1.42767382 0.63945729 -64.93770599 0.65098039 0.74117647 0.85882353
v -1.43323648 0.64158672 -64.93981171 0.65098039 0.74117647 0.85882353
v -1.43444407 0.64376175 -64.94104767 0.65098039 0.74117647 0.85882353
v -1.43238330 0.64379406 -64.93682861 0.65098039 0.74117647 0.85882353
v -1.43161464 0.64015514 -64.93894196 0.65098039 0.74117647 0.85882353
v -1.43043423 0.64172393 -64.93689728 0.65098039 0.74117647 0.85882353
v -1.38119590 0.61943781 -64.96925354 0.65098039 0.74117647 0.85882353
v -1.40077376 0.60830504 -64.97782135 0.65098039 0.74117647 0.85882353
v -1.40102303 0.60449684 -64.97901917 0.65098039 0.74117647 0.85882353
v -1.39654028 0.60454696 -64.98064423 0.65098039 0.74117647 0.85882353
v -1.39619684 0.60810679 -64.97953796 0.65098039 0.74117647 0.85882353
v -1.40340912 0.61590040 -64.98407745 0.65098039 0.74117647 0.85882353
v -1.40209126 0.61540455 -64.98039246 0.65098039 0.74117647 0.85882353
v -1.39695621 0.61554110 -64.98207092 0.65098039 0.74117647 0.85882353
v -1.39817691 0.61637884 -64.98620605 0.65098039 0.74117647 0.85882353
v -1.40486979 0.61249274 -64.98796844 0.65098039 0.74117647 0.85882353
v -1.39974713 0.61280340 -64.99037170 0.65098039 0.74117647 0.85882353
v -1.39190650 0.61613005 -64.98777771 0.65098039 0.74117647 0.85882353
v -1.39091706 0.61521429 -64.98333740 0.65098039 0.74117647 0.85882353
v -1.38150024 0.61401910 -64.98556519 0.65098039 0.74117647 0.85882353
v -1.38165200 0.61540854 -64.99054718 0.65098039 0.74117647 0.85882353
v -1.37773430 0.59666938 -64.99282837 0.65098039 0.74117647 0.85882353
v -1.37580025 0.59712529 -64.98879242 0.65098039 0.74117647 0.85882353
v -1.38290453 0.59871799 -64.98664093 0.65098039 0.74117647 0.85882353
v -1.38406551 0.59750587 -64.99047089 0.65098039 0.74117647 0.85882353
v -1.40125334 0.61228162 -64.97832489 0.65098039 0.74117647 0.85882353
v -1.39635539 0.61217576 -64.97986603 0.65098039 0.74117647 0.85882353
v -1.39344215 0.59938848 -64.98751068 0.65098039 0.74117647 0.85882353
v -1.39236164 0.60068369 -64.98394775 0.65098039 0.74117647 0.85882353
v -1.39747751 0.60166746 -64.98290253 0.65098039 0.74117647 0.85882353
v -1.39874077 0.60036129 -64.98604584 0.65098039 0.74117647 0.85882353
v -1.37473094 0.59964627 -64.98489380 0.65098039 0.74117647 0.85882353
v -1.37456286 0.60408062 -64.98156738 0.65098039 0.74117647 0.85882353
v -1.38113749 0.60585737 -64.98218536 0.65098039 0.74117647 0.85882353
v -1.38208699 0.60166800 -64.98374939 0.65098039 0.74117647 0.85882353
v -1.38148475 0.60977787 -64.98272705 0.65098039 0.74117647 0.85882353
v -1.39433408 0.60107309 -64.99115753 0.65098039 0.74117647 0.85882353
v -1.39460921 0.60617417 -64.99324799 0.65098039 0.74117647 0.85882353
v -1.38446927 0.60415524 -64.99707031 0.65098039 0.74117647 0.85882353
v -1.38475513 0.59937167 -64.99410248 0.65098039 0.74117647 0.85882353
v -1.39085805 0.61153585 -64.98104095 0.65098039 0.74117647 0.85882353
v -1.39136362 0.60370421 -64.98160553 0.65098039 0.74117647 0.85882353
v -1.39081454 0.60774058 -64.98036957 0.65098039 0.74117647 0.85882353
v -1.39349508 0.61264950 -64.99240112 0.65098039 0.74117647 0.85882353
v -1.40054417 0.60685843 -64.99123383 0.65098039 0.74117647 0.85882353
v -1.41126037 0.60230398 -64.98499298 0.65098039 0.74117647 0.85882353
v -1.40471470 0.60205448 -64.98775482 0.65098039 0.74117647 0.85882353
v -1.40343785 0.59997088 -64.98478699 0.65098039 0.74117647 0.85882353
v -1.40994108 0.60026157 -64.98254395 0.65098039 0.74117647 0.85882353
v -1.39994907 0.60204679 -64.98932648 0.65098039 0.74117647 0.85882353
v -1.40541387 0.60678124 -64.98912811 0.65098039 0.74117647 0.85882353
v -1.40713453 0.60867000 -64.97522736 0.65098039 0.74117647 0.85882353
v -1.40713513 0.60463756 -64.97658539 0.65098039 0.74117647 0.85882353
v -1.40768456 0.61231369 -64.97584534 0.65098039 0.74117647 0.85882353
v -1.38308752 0.61230624 -64.99628448 0.65098039 0.74117647 0.85882353
v -1.40994167 0.61577481 -64.98100281 0.65098039 0.74117647 0.85882353
v -1.40869045 0.61507231 -64.97760773 0.65098039 0.74117647 0.85882353
v -1.40201807 0.60148984 -64.98147583 0.65098039 0.74117647 0.85882353
v -1.40834844 0.60153854 -64.97938538 0.65098039 0.74117647 0.85882353
v -1.41190267 0.60690188 -64.98609924 0.65098039 0.74117647 0.85882353
v -1.41117406 0.61250138 -64.98474121 0.65098039 0.74117647 0.85882353
v -1.41739810 0.60707361 -64.98386383 0.65098039 0.74117647 0.85882353
v -1.41655195 0.61270201 -64.98254395 0.65098039 0.74117647 0.85882353
v -1.41503859 0.61580807 -64.97865295 0.65098039 0.74117647 0.85882353
v -1.41333592 0.61525017 -64.97555542 0.65098039 0.74117647 0.85882353
v -1.41198325 0.61231178 -64.97422028 0.65098039 0.74117647 0.85882353
v -1.41666603 0.60258424 -64.98272705 0.65098039 0.74117647 0.85882353
v -1.41491246 0.60107929 -64.98045349 0.65098039 0.74117647 0.85882353
v -1.41285181 0.60226339 -64.97785187 0.65098039 0.74117647 0.85882353
v -1.42084622 0.60360301 -64.98051453 0.65098039 0.74117647 0.85882353
v -1.42222857 0.60816675 -64.98130798 0.65098039 0.74117647 0.85882353
v -1.42724919 0.61585075 -64.97053528 0.65098039 0.74117647 0.85882353
v -1.42358112 0.61594146 -64.97249603 0.65098039 0.74117647 0.85882353
v -1.42484426 0.61532873 -64.97422791 0.65098039 0.74117647 0.85882353
v -1.42791736 0.61593032 -64.97245026 0.65098039 0.74117647 0.85882353
v -1.41984153 0.61563593 -64.97625732 0.65098039 0.74117647 0.85882353
v -1.42227256 0.61505824 -64.97646332 0.65098039 0.74117647 0.85882353
v -1.42273939 0.61307931 -64.97884369 0.65098039 0.74117647 0.85882353
v -1.42590213 0.61379945 -64.97712708 0.65098039 0.74117647 0.85882353
v -1.42652833 0.60992044 -64.97854614 0.65098039 0.74117647 0.85882353
v -1.43009686 0.61046064 -64.97656250 0.65098039 0.74117647 0.85882353
v -1.42935288 0.61446494 -64.97547913 0.65098039 0.74117647 0.85882353
v -1.42405891 0.61054921 -64.97994995 0.65098039 0.74117647 0.85882353
v -1.43049276 0.61628455 -64.97173309 0.65098039 0.74117647 0.85882353
v -1.43070078 0.61562353 -64.96997833 0.65098039 0.74117647 0.85882353
v -1.42043066 0.61293203 -64.98035431 0.65098039 0.74117647 0.85882353
v -1.41759396 0.61508626 -64.97374725 0.65098039 0.74117647 0.85882353
v -1.42230034 0.61517674 -64.97099304 0.65098039 0.74117647 0.85882353
v -1.42685401 0.61483026 -64.96894836 0.65098039 0.74117647 0.85882353
v -1.43033493 0.61364639 -64.96859741 0.65098039 0.74117647 0.85882353
v -1.42088997 0.61293292 -64.97041321 0.65098039 0.74117647 0.85882353
v -1.42587423 0.61271691 -64.96842957 0.65098039 0.74117647 0.85882353
v -1.42917442 0.61158764 -64.96825409 0.65098039 0.74117647 0.85882353
v -1.41998529 0.60980755 -64.97067261 0.65098039 0.74117647 0.85882353
v -1.42502999 0.61014396 -64.96877289 0.65098039 0.74117647 0.85882353
v -1.41503429 0.60901928 -64.97288513 0.65098039 0.74117647 0.85882353
v -1.41600001 0.61254013 -64.97277832 0.65098039 0.74117647 0.85882353
v -1.42796040 0.61017865 -64.96841431 0.65098039 0.74117647 0.85882353
v -1.43300867 0.61304730 -64.97174835 0.65098039 0.74117647 0.85882353
v -1.43221378 0.61123115 -64.97009277 0.65098039 0.74117647 0.85882353
v -1.43233562 0.61457354 -64.97392273 0.65098039 0.74117647 0.85882353
v -1.42643213 0.60732979 -64.97878265 0.65098039 0.74117647 0.85882353
v -1.43041050 0.60791296 -64.97614288 0.65098039 0.74117647 0.85882353
v -1.42513156 0.60450417 -64.97795105 0.65098039 0.74117647 0.85882353
v -1.42953539 0.60583735 -64.97480011 0.65098039 0.74117647 0.85882353
v -1.43275654 0.60987115 -64.97391510 0.65098039 0.74117647 0.85882353
v -1.43238258 0.61138123 -64.97519684 0.65098039 0.74117647 0.85882353
v -1.41127324 0.60881281 -64.97400665 0.65098039 0.74117647 0.85882353
v -1.41145670 0.60506606 -64.97538757 0.65098039 0.74117647 0.85882353
v -1.41513920 0.60543412 -64.97406006 0.65098039 0.74117647 0.85882353
v -1.42004848 0.60633487 -64.97181702 0.65098039 0.74117647 0.85882353
v -1.41665173 0.60274190 -64.97618103 0.65098039 0.74117647 0.85882353
v -1.41878092 0.60196769 -64.97853851 0.65098039 0.74117647 0.85882353
v -1.42370737 0.60315049 -64.97597504 0.65098039 0.74117647 0.85882353
v -1.42167211 0.60364670 -64.97361755 0.65098039 0.74117647 0.85882353
v -1.42810965 0.60512084 -64.97305298 0.65098039 0.74117647 0.85882353
v -1.42652392 0.60550290 -64.97120667 0.65098039 0.74117647 0.85882353
v -1.42521620 0.60755813 -64.96970367 0.65098039 0.74117647 0.85882353
v -1.43041611 0.60767835 -64.97081757 0.65098039 0.74117647 0.85882353
v -1.43198264 0.60842651 -64.97216797 0.65098039 0.74117647 0.85882353
v -1.43055677 0.60990024 -64.96923065 0.65098039 0.74117647 0.85882353
v -1.42890513 0.60738260 -64.97005463 0.65098039 0.74117647 0.85882353
v -1.42862284 0.60886759 -64.96900940 0.65098039 0.74117647 0.85882353
v -1.37926936 0.59840471 -64.99565125 0.65098039 0.74117647 0.85882353
v -1.29421473 0.64536065 -64.94242859 0.65098039 0.74117647 0.85882353
v -1.29878008 0.64305705 -64.94216919 0.65098039 0.74117647 0.85882353
v -1.29499817 0.62916762 -64.93583679 0.65098039 0.74117647 0.85882353
v -1.29968798 0.63330859 -64.93798065 0.65098039 0.74117647 0.85882353
v -1.28840041 0.62885886 -64.93508911 0.65098039 0.74117647 0.85882353
v -1.28162551 0.63610286 -64.93662262 0.65098039 0.74117647 0.85882353
v -1.28376865 0.63193065 -64.93526459 0.65098039 0.74117647 0.85882353
v -1.30111551 0.63901836 -64.94047546 0.65098039 0.74117647 0.85882353
v -1.28815472 0.64536184 -64.94129944 0.65098039 0.74117647 0.85882353
v -1.28288198 0.64149135 -64.93901825 0.65098039 0.74117647 0.85882353
v -1.28931093 0.65061480 -64.93271637 0.65098039 0.74117647 0.85882353
v -1.28380060 0.64693749 -64.92977905 0.65098039 0.74117647 0.85882353
v -1.28221488 0.64096284 -64.92721558 0.65098039 0.74117647 0.85882353
v -1.28475988 0.63562238 -64.92704773 0.65098039 0.74117647 0.85882353
v -1.28934395 0.63226551 -64.92817688 0.65098039 0.74117647 0.85882353
v -1.29545736 0.65032643 -64.93486023 0.65098039 0.74117647 0.85882353
v -1.30008638 0.64710695 -64.93552399 0.65098039 0.74117647 0.85882353
v -1.30173659 0.64146662 -64.93428040 0.65098039 0.74117647 0.85882353
v -1.29658771 0.65477788 -64.92717743 0.65098039 0.74117647 0.85882353
v -1.29132867 0.65688550 -64.92239380 0.65098039 0.74117647 0.85882353
v -1.28631520 0.65093863 -64.90746307 0.65098039 0.74117647 0.85882353
v -1.28522015 0.64826620 -64.91191101 0.65098039 0.74117647 0.85882353
v -1.28486967 0.65235323 -64.91230774 0.65098039 0.74117647 0.85882353
v -1.28486741 0.65447861 -64.90864563 0.65098039 0.74117647 0.85882353
v -1.28413045 0.64669293 -64.91767120 0.65098039 0.74117647 0.85882353
v -1.28482389 0.65145868 -64.91531372 0.65098039 0.74117647 0.85882353
v -1.28638470 0.65532285 -64.91680908 0.65098039 0.74117647 0.85882353
v -1.28610921 0.65732926 -64.91410065 0.65098039 0.74117647 0.85882353
v -1.28916883 0.65823579 -64.91802979 0.65098039 0.74117647 0.85882353
v -1.28991508 0.66067702 -64.91596985 0.65098039 0.74117647 0.85882353
v -1.28581309 0.65952319 -64.91049194 0.65098039 0.74117647 0.85882353
v -1.28557956 0.65700138 -64.90579224 0.65098039 0.74117647 0.85882353
v -1.28679419 0.66100740 -64.90684509 0.65098039 0.74117647 0.85882353
v -1.28758657 0.65491819 -64.90424347 0.65098039 0.74117647 0.85882353
v -1.28621471 0.65251029 -64.92067719 0.65098039 0.74117647 0.85882353
v -1.28571534 0.63989228 -64.91934204 0.65098039 0.74117647 0.85882353
v -1.28720963 0.64408135 -64.91247559 0.65098039 0.74117647 0.85882353
v -1.28925276 0.64820963 -64.90708923 0.65098039 0.74117647 0.85882353
v -1.29146624 0.65274215 -64.90415192 0.65098039 0.74117647 0.85882353
v -1.29195189 0.64101660 -64.91376495 0.65098039 0.74117647 0.85882353
v -1.29382181 0.64663571 -64.90853119 0.65098039 0.74117647 0.85882353
v -1.29501760 0.65118557 -64.90626526 0.65098039 0.74117647 0.85882353
v -1.29720283 0.64135200 -64.91598511 0.65098039 0.74117647 0.85882353
v -1.29756415 0.64720148 -64.91059875 0.65098039 0.74117647 0.85882353
v -1.29586196 0.63522202 -64.92411804 0.65098039 0.74117647 0.85882353
v -1.29012752 0.63575977 -64.92134857 0.65098039 0.74117647 0.85882353
v -1.29730380 0.65045887 -64.90831757 0.65098039 0.74117647 0.85882353
v -1.29009891 0.66010481 -64.90429688 0.65098039 0.74117647 0.85882353
v -1.29419923 0.65751755 -64.90492249 0.65098039 0.74117647 0.85882353
v -1.29381371 0.66051883 -64.91783142 0.65098039 0.74117647 0.85882353
v -1.28994870 0.66262883 -64.91259766 0.65098039 0.74117647 0.85882353
v -1.29428864 0.66252917 -64.91327667 0.65098039 0.74117647 0.85882353
v -1.29814053 0.65859938 -64.92006683 0.65098039 0.74117647 0.85882353
v -1.29815853 0.66038650 -64.91381073 0.65098039 0.74117647 0.85882353
v -1.29308164 0.66306686 -64.90865326 0.65098039 0.74117647 0.85882353
v -1.28943396 0.66363496 -64.90924835 0.65098039 0.74117647 0.85882353
v -1.29504657 0.63185960 -64.92999268 0.65098039 0.74117647 0.85882353
v -1.29974627 0.63556272 -64.93207550 0.65098039 0.74117647 0.85882353
v -1.30079627 0.63885844 -64.92669678 0.65098039 0.74117647 0.85882353
v -1.30139959 0.64467037 -64.91881561 0.65098039 0.74117647 0.85882353
v -1.30259705 0.64520025 -64.92871857 0.65098039 0.74117647 0.85882353
v -1.30113435 0.65137100 -64.92919159 0.65098039 0.74117647 0.85882353
v -1.30197644 0.65508908 -64.92092133 0.65098039 0.74117647 0.85882353
v -1.30333495 0.64992291 -64.92041016 0.65098039 0.74117647 0.85882353
v -1.30092835 0.65716094 -64.91407776 0.65098039 0.74117647 0.85882353
v -1.30172849 0.65318888 -64.91381073 0.65098039 0.74117647 0.85882353
v -1.30021262 0.64968061 -64.91250610 0.65098039 0.74117647 0.85882353
v -1.29899073 0.65708470 -64.90960693 0.65098039 0.74117647 0.85882353
v -1.29672050 0.66040349 -64.90871429 0.65098039 0.74117647 0.85882353
v -1.29694092 0.65487510 -64.90687561 0.65098039 0.74117647 0.85882353
v -1.29997218 0.65449780 -64.91054535 0.65098039 0.74117647 0.85882353
v -1.29868519 0.65255696 -64.90911102 0.65098039 0.74117647 0.85882353
v -1.37079561 0.59457546 -64.99049377 0.65098039 0.74117647 0.85882353
v -1.36866784 0.59753561 -64.98559570 0.65098039 0.74117647 0.85882353
v -1.36246729 0.59455931 -64.98880005 0.65098039 0.74117647 0.85882353
v -1.35534763 0.59052920 -64.99285889 0.65098039 0.74117647 0.85882353
v -1.35246563 0.58592480 -65.00115204 0.65098039 0.74117647 0.85882353
v -1.35160351 0.59484237 -64.98920441 0.65098039 0.74117647 0.85882353
v -1.35902309 0.59873819 -64.98516846 0.65098039 0.74117647 0.85882353
v -1.36692512 0.60331219 -64.98081970 0.65098039 0.74117647 0.85882353
v -1.34258151 0.59579903 -64.98957062 0.65098039 0.74117647 0.85882353
v -0.86761773 0.82146651 -64.94136810 0.65098039 0.74117647 0.85882353
v -0.86678421 0.82267886 -64.93796539 0.65098039 0.74117647 0.85882353
v -0.86445624 0.81587619 -64.94126129 0.65098039 0.74117647 0.85882353
v -0.86530840 0.81579274 -64.94397736 0.65098039 0.74117647 0.85882353
v -0.86040938 0.81747401 -64.93513489 0.65098039 0.74117647 0.85882353
v -0.86299968 0.81612539 -64.93808746 0.65098039 0.74117647 0.85882353
v -0.86416483 0.82435304 -64.93424225 0.65098039 0.74117647 0.85882353
v -0.85977232 0.82560116 -64.93135071 0.65098039 0.74117647 0.85882353
v -0.85093009 0.82473624 -64.92931366 0.65098039 0.74117647 0.85882353
v -0.84906077 0.82371390 -64.92809296 0.65098039 0.74117647 0.85882353
v -0.84954572 0.82259840 -64.92823029 0.65098039 0.74117647 0.85882353
v -0.85123324 0.82196063 -64.92942047 0.65098039 0.74117647 0.85882353
v -0.85436118 0.82031173 -64.93067932 0.65098039 0.74117647 0.85882353
v -0.86674410 0.81821352 -64.94786072 0.65098039 0.74117647 0.85882353
v -0.86743629 0.81946808 -64.94670868 0.65098039 0.74117647 0.85882353
v -0.86746961 0.82055002 -64.94414520 0.65098039 0.74117647 0.85882353
v -0.85743570 0.81872910 -64.93243408 0.65098039 0.74117647 0.85882353
v -0.86584866 0.81639415 -64.94643402 0.65098039 0.74117647 0.85882353
v -0.86621135 0.81722206 -64.94783020 0.65098039 0.74117647 0.85882353
v -0.85485375 0.82581747 -64.92988586 0.65098039 0.74117647 0.85882353
v -0.86157346 0.81939316 -64.93505859 0.65098039 0.74117647 0.85882353
v -0.86387342 0.81823647 -64.93803406 0.65098039 0.74117647 0.85882353
v -0.86295974 0.82172066 -64.93462372 0.65098039 0.74117647 0.85882353
v -0.85937643 0.82302302 -64.93187714 0.65098039 0.74117647 0.85882353
v -0.85334837 0.82258445 -64.93004608 0.65098039 0.74117647 0.85882353
v -0.85546207 0.82175291 -64.93075562 0.65098039 0.74117647 0.85882353
v -0.86522937 0.81755292 -64.94105530 0.65098039 0.74117647 0.85882353
v -0.85858142 0.82062846 -64.93238831 0.65098039 0.74117647 0.85882353
v -0.86526811 0.82041925 -64.93806458 0.65098039 0.74117647 0.85882353
v -0.85567200 0.82373041 -64.93029785 0.65098039 0.74117647 0.85882353
v -0.85324645 0.82377213 -64.92982483 0.65098039 0.74117647 0.85882353
v -0.86641079 0.81810689 -64.94693756 0.65098039 0.74117647 0.85882353
v -0.86628473 0.81761426 -64.94689178 0.65098039 0.74117647 0.85882353
v -0.75161892 0.61907089 -64.93407440 0.65098039 0.74117647 0.85882353
v -0.75241679 0.60406035 -64.92577362 0.65098039 0.74117647 0.85882353
v -0.86613441 0.81948477 -64.94116211 0.65098039 0.74117647 0.85882353
v -0.86615884 0.81747419 -64.94566345 0.65098039 0.74117647 0.85882353
v -0.86579949 0.81742698 -64.94366455 0.65098039 0.74117647 0.85882353
v -0.86647975 0.81898022 -64.94384003 0.65098039 0.74117647 0.85882353
v -0.86651516 0.81851631 -64.94579315 0.65098039 0.74117647 0.85882353
v -0.97876650 0.55288345 -65.07047272 0.65098039 0.74117647 0.85882353
v -0.98360550 0.56710064 -65.07670593 0.65098039 0.74117647 0.85882353
v -0.98347664 0.58181787 -65.12766266 0.65098039 0.74117647 0.85882353
v -0.97383034 0.57402074 -65.14571381 0.65098039 0.74117647 0.85882353
v -0.78429514 0.32242709 -64.91010284 0.65098039 0.74117647 0.85882353
v -0.78666878 0.40697652 -65.10050201 0.65098039 0.74117647 0.85882353
v -0.78566444 0.42383605 -65.10198212 0.65098039 0.74117647 0.85882353
v -0.70709848 0.42222565 -65.10597992 0.65098039 0.74117647 0.85882353
v -0.72702086 0.41977054 -65.11096954 0.65098039 0.74117647 0.85882353
v -0.84008038 0.37441421 -65.00283051 0.65098039 0.74117647 0.85882353
v -0.83749467 0.38955557 -65.00070190 0.65098039 0.74117647 0.85882353
v -0.81030661 0.35105658 -64.94358063 0.65098039 0.74117647 0.85882353
v -0.80795395 0.36982542 -64.94126129 0.65098039 0.74117647 0.85882353
v -0.83962095 0.34984595 -64.98330688 0.65098039 0.74117647 0.85882353
v -0.75811481 0.37749469 -65.11334991 0.65098039 0.74117647 0.85882353
v -0.77822447 0.37619525 -65.10960388 0.65098039 0.74117647 0.85882353
v -0.77203482 0.39504582 -65.10781097 0.65098039 0.74117647 0.85882353
v -0.75214833 0.39773643 -65.11215210 0.65098039 0.74117647 0.85882353
v -0.68952894 0.42333347 -65.09636688 0.65098039 0.74117647 0.85882353
v -0.69394106 0.40145606 -65.09673309 0.65098039 0.74117647 0.85882353
v -0.83940911 0.41109556 -65.02318573 0.65098039 0.74117647 0.85882353
v -0.83415282 0.41715902 -65.04851532 0.65098039 0.74117647 0.85882353
v -0.80589771 0.43007267 -65.08824158 0.65098039 0.74117647 0.85882353
v -0.78677064 0.43762511 -65.10112000 0.65098039 0.74117647 0.85882353
v -0.76675469 0.44594616 -65.10802460 0.65098039 0.74117647 0.85882353
v -0.74580920 0.45389110 -65.11035156 0.65098039 0.74117647 0.85882353
v -0.79454452 0.38645017 -64.92087555 0.65098039 0.74117647 0.85882353
v -0.77893883 0.40522385 -64.90542603 0.65098039 0.74117647 0.85882353
v -0.83695281 0.40537578 -64.99779510 0.65098039 0.74117647 0.85882353
v -0.74101412 0.37848938 -64.88199615 0.65098039 0.74117647 0.85882353
v -0.72760451 0.47798520 -65.11241150 0.65098039 0.74117647 0.85882353
v -0.70528209 0.48406523 -65.10845184 0.65098039 0.74117647 0.85882353
v -0.82248330 0.42353016 -65.07029724 0.65098039 0.74117647 0.85882353
v -0.76568162 0.56104147 -64.90567780 0.65098039 0.74117647 0.85882353
v -0.78190219 0.56069762 -64.91329956 0.65098039 0.74117647 0.85882353
v -0.78053153 0.54429233 -64.90289307 0.65098039 0.74117647 0.85882353
v -0.76286823 0.54332405 -64.89685059 0.65098039 0.74117647 0.85882353
v -0.79611403 0.54418498 -64.90962982 0.65098039 0.74117647 0.85882353
v -0.81016469 0.54297906 -64.91756439 0.65098039 0.74117647 0.85882353
v -0.82258314 0.54138428 -64.92636108 0.65098039 0.74117647 0.85882353
v -0.84826928 0.53338051 -64.95472717 0.65098039 0.74117647 0.85882353
v -0.84168404 0.53643107 -64.94518280 0.65098039 0.74117647 0.85882353
v -0.85674655 0.52476490 -64.97400665 0.65098039 0.74117647 0.85882353
v -0.85331547 0.52981776 -64.96428680 0.65098039 0.74117647 0.85882353
v -0.85742188 0.51529402 -64.98416138 0.65098039 0.74117647 0.85882353
v -0.85515189 0.50511795 -64.99549103 0.65098039 0.74117647 0.85882353
v -0.85413492 0.50785702 -65.01931000 0.65098039 0.74117647 0.85882353
v -0.85234314 0.49485207 -65.00880432 0.65098039 0.74117647 0.85882353
v -0.85294312 0.49248791 -64.98406982 0.65098039 0.74117647 0.85882353
v -0.85476923 0.50228435 -64.97285461 0.65098039 0.74117647 0.85882353
v -0.85406637 0.51092869 -64.96259308 0.65098039 0.74117647 0.85882353
v -0.73891121 0.47348320 -64.88209534 0.65098039 0.74117647 0.85882353
v -0.74029022 0.49856716 -64.88093567 0.65098039 0.74117647 0.85882353
v -0.75053829 0.63407898 -64.94049072 0.65098039 0.74117647 0.85882353
v -1.17102528 0.48883969 -65.13272858 0.65098039 0.74117647 0.85882353
v -1.22678685 0.59225541 -65.04700470 0.65098039 0.74117647 0.85882353
v -0.70785755 0.65051711 -65.09104156 0.65098039 0.74117647 0.85882353
v -0.72402877 0.65267771 -65.09769440 0.65098039 0.74117647 0.85882353
v -0.77891588 0.65771616 -65.10799408 0.65098039 0.74117647 0.85882353
v -0.79801196 0.66561198 -65.10023499 0.65098039 0.74117647 0.85882353
v -0.75774580 0.65083039 -65.11025238 0.65098039 0.74117647 0.85882353
v -0.73832780 0.64590925 -65.10738373 0.65098039 0.74117647 0.85882353
v -0.82764071 0.41663659 -64.97302246 0.65098039 0.74117647 0.85882353
v -0.71682012 0.61905855 -65.10750580 0.65098039 0.74117647 0.85882353
v -0.73605400 0.63516039 -65.11183929 0.65098039 0.74117647 0.85882353
v -0.75612599 0.63952404 -65.11582184 0.65098039 0.74117647 0.85882353
v -0.77923715 0.64594090 -65.11587524 0.65098039 0.74117647 0.85882353
v -0.80305362 0.65447110 -65.10873413 0.65098039 0.74117647 0.85882353
v -0.81815153 0.65072381 -65.10785675 0.65098039 0.74117647 0.85882353
v -0.83255720 0.63156229 -65.11997223 0.65098039 0.74117647 0.85882353
v -0.84367162 0.62975264 -65.12022400 0.65098039 0.74117647 0.85882353
v -0.85585809 0.62808847 -65.12248993 0.65098039 0.74117647 0.85882353
v -0.86432397 0.64251101 -65.11231232 0.65098039 0.74117647 0.85882353
v -0.85145199 0.64386737 -65.10935211 0.65098039 0.74117647 0.85882353
v -0.94155002 0.58798891 -65.14475250 0.65098039 0.74117647 0.85882353
v -0.95200545 0.57448560 -65.14951324 0.65098039 0.74117647 0.85882353
v -0.95546138 0.56046075 -65.15441895 0.65098039 0.74117647 0.85882353
v -0.95459944 0.54701120 -65.15689087 0.65098039 0.74117647 0.85882353
v -0.94855368 0.53529084 -65.15563965 0.65098039 0.74117647 0.85882353
v -0.93858701 0.52594060 -65.15091705 0.65098039 0.74117647 0.85882353
v -0.92439067 0.52260941 -65.14283752 0.65098039 0.74117647 0.85882353
v -0.88542843 0.52665967 -65.12213135 0.65098039 0.74117647 0.85882353
v -0.87188977 0.52838814 -65.11690521 0.65098039 0.74117647 0.85882353
v -0.84367877 0.51704383 -65.11222839 0.65098039 0.74117647 0.85882353
v -0.83700502 0.51180559 -65.11356354 0.65098039 0.74117647 0.85882353
v -0.81666970 0.49246448 -65.11408234 0.65098039 0.74117647 0.85882353
v -0.80474943 0.48419225 -65.11334229 0.65098039 0.74117647 0.85882353
v -0.79133475 0.47663742 -65.11215210 0.65098039 0.74117647 0.85882353
v -0.78702497 0.27402842 -65.13820648 0.65098039 0.74117647 0.85882353
v -0.80799532 0.27594119 -65.13178253 0.65098039 0.74117647 0.85882353
v -0.80217618 0.29429138 -65.12498474 0.65098039 0.74117647 0.85882353
v -0.78185827 0.29173177 -65.13128662 0.65098039 0.74117647 0.85882353
v -0.73027873 0.33024406 -65.11672211 0.65098039 0.74117647 0.85882353
v -0.70969135 0.32835102 -65.11205292 0.65098039 0.74117647 0.85882353
v -0.85684872 0.29308474 -65.08113098 0.65098039 0.74117647 0.85882353
v -0.86695427 0.28833604 -65.05828094 0.65098039 0.74117647 0.85882353
v -0.82242256 0.29614967 -65.11473846 0.65098039 0.74117647 0.85882353
v -0.84124053 0.29548627 -65.10047913 0.65098039 0.74117647 0.85882353
v -0.86961657 0.28067243 -65.03404999 0.65098039 0.74117647 0.85882353
v -0.82849169 0.24079238 -64.95342255 0.65098039 0.74117647 0.85882353
v -0.81160617 0.23234506 -64.93686676 0.65098039 0.74117647 0.85882353
v -0.77495569 0.22023484 -64.91163635 0.65098039 0.74117647 0.85882353
v -0.75592518 0.21705234 -64.90409851 0.65098039 0.74117647 0.85882353
v -0.86590487 0.27066511 -65.01162720 0.65098039 0.74117647 0.85882353
v -0.79382735 0.22537826 -64.92267609 0.65098039 0.74117647 0.85882353
v -0.85724163 0.26015967 -64.99081421 0.65098039 0.74117647 0.85882353
v -0.84428692 0.24970497 -64.97143555 0.65098039 0.74117647 0.85882353
v -0.75113088 0.33206469 -65.11952972 0.65098039 0.74117647 0.85882353
v -0.75652355 0.30968976 -65.12687683 0.65098039 0.74117647 0.85882353
v -0.77692306 0.31169897 -65.12564087 0.65098039 0.74117647 0.85882353
v -0.70521420 0.53529102 -65.11582184 0.65098039 0.74117647 0.85882353
v -0.72252619 0.53555667 -65.12334442 0.65098039 0.74117647 0.85882353
v -0.74204874 0.53746986 -65.13083649 0.65098039 0.74117647 0.85882353
v -0.75690246 0.55278492 -65.13739014 0.65098039 0.74117647 0.85882353
v -0.76018989 0.53881472 -65.13605499 0.65098039 0.74117647 0.85882353
v -0.77860034 0.54200310 -65.13687897 0.65098039 0.74117647 0.85882353
v -0.77454340 0.55566657 -65.13780975 0.65098039 0.74117647 0.85882353
v -0.80806279 0.56084871 -65.13210297 0.65098039 0.74117647 0.85882353
v -0.80996716 0.54933941 -65.12985992 0.65098039 0.74117647 0.85882353
v -0.82116604 0.55209231 -65.12973022 0.65098039 0.74117647 0.85882353
v -0.81918466 0.56348544 -65.13304901 0.65098039 0.74117647 0.85882353
v -0.83084774 0.55383950 -65.13082123 0.65098039 0.74117647 0.85882353
v -0.84204984 0.55324543 -65.13174438 0.65098039 0.74117647 0.85882353
v -0.85416150 0.55279052 -65.13199615 0.65098039 0.74117647 0.85882353
v -0.86783105 0.55113059 -65.13529968 0.65098039 0.74117647 0.85882353
v -0.86745954 0.57317162 -65.14253235 0.65098039 0.74117647 0.85882353
v -0.85384881 0.57450265 -65.13925171 0.65098039 0.74117647 0.85882353
v -0.80760020 0.57438380 -65.13369751 0.65098039 0.74117647 0.85882353
v -0.79116476 0.57283813 -65.13452911 0.65098039 0.74117647 0.85882353
v -0.70712596 0.56444132 -65.11386871 0.65098039 0.74117647 0.85882353
v -0.69185513 0.56362021 -65.10443878 0.65098039 0.74117647 0.85882353
v -0.85114777 0.48833275 -65.02718353 0.65098039 0.74117647 0.85882353
v -0.85093236 0.48258018 -65.04552460 0.65098039 0.74117647 0.85882353
v -0.84936392 0.48004889 -65.06288147 0.65098039 0.74117647 0.85882353
v -0.84568292 0.48072207 -65.07859802 0.65098039 0.74117647 0.85882353
v -0.84010470 0.48446208 -65.09328461 0.65098039 0.74117647 0.85882353
v -0.83236200 0.49082750 -65.10518646 0.65098039 0.74117647 0.85882353
v -0.83090222 0.50542855 -65.11455536 0.65098039 0.74117647 0.85882353
v -0.82456076 0.49915910 -65.11469269 0.65098039 0.74117647 0.85882353
v -0.82462472 0.51506615 -65.12066650 0.65098039 0.74117647 0.85882353
v -0.81691700 0.50913519 -65.12233734 0.65098039 0.74117647 0.85882353
v -0.80952585 0.52102810 -65.12772369 0.65098039 0.74117647 0.85882353
v -0.80164266 0.53321147 -65.13124847 0.65098039 0.74117647 0.85882353
v -0.79518080 0.54610962 -65.13333130 0.65098039 0.74117647 0.85882353
v -0.79148299 0.55889928 -65.13457489 0.65098039 0.74117647 0.85882353
v -0.77374476 0.57142651 -65.13671875 0.65098039 0.74117647 0.85882353
v -0.75762939 0.56783003 -65.13639069 0.65098039 0.74117647 0.85882353
v -0.74252397 0.58177036 -65.12944794 0.65098039 0.74117647 0.85882353
v -0.74542236 0.59698975 -65.12702179 0.65098039 0.74117647 0.85882353
v -0.74069327 0.56554538 -65.13074493 0.65098039 0.74117647 0.85882353
v -0.73928905 0.55152476 -65.13105011 0.65098039 0.74117647 0.85882353
v -0.77301037 0.68414873 -65.08704376 0.65098039 0.74117647 0.85882353
v -0.75367862 0.67992860 -65.08958435 0.65098039 0.74117647 0.85882353
v -0.91704839 0.53766066 -65.14630890 0.65098039 0.74117647 0.85882353
v -0.91359085 0.53313613 -65.14323425 0.65098039 0.74117647 0.85882353
v -0.91822481 0.52921909 -65.14361572 0.65098039 0.74117647 0.85882353
v -0.92672437 0.53351909 -65.14830017 0.65098039 0.74117647 0.85882353
v -0.93354607 0.54101187 -65.15258789 0.65098039 0.74117647 0.85882353
v -0.92315370 0.55404168 -65.15175629 0.65098039 0.74117647 0.85882353
v -0.92149627 0.54484963 -65.14940643 0.65098039 0.74117647 0.85882353
v -0.93766922 0.55120230 -65.15425873 0.65098039 0.74117647 0.85882353
v -0.93811297 0.56263292 -65.15359497 0.65098039 0.74117647 0.85882353
v -0.92372280 0.56444705 -65.15213013 0.65098039 0.74117647 0.85882353
v -0.93577802 0.57412481 -65.15139771 0.65098039 0.74117647 0.85882353
v -0.92289454 0.57409662 -65.15124512 0.65098039 0.74117647 0.85882353
v -0.92938000 0.58427483 -65.14820099 0.65098039 0.74117647 0.85882353
v -0.92130005 0.58131897 -65.14945221 0.65098039 0.74117647 0.85882353
v -0.88623363 0.59281725 -65.14568329 0.65098039 0.74117647 0.85882353
v -0.89904881 0.58934140 -65.14804840 0.65098039 0.74117647 0.85882353
v -0.91175723 0.58493596 -65.14918518 0.65098039 0.74117647 0.85882353
v -0.88227630 0.54918730 -65.13914490 0.65098039 0.74117647 0.85882353
v -0.89601231 0.54866952 -65.14312744 0.65098039 0.74117647 0.85882353
v -0.90888923 0.54747796 -65.14683533 0.65098039 0.74117647 0.85882353
v -0.90958291 0.55675364 -65.14953613 0.65098039 0.74117647 0.85882353
v -0.89632964 0.55799800 -65.14620972 0.65098039 0.74117647 0.85882353
v -0.88220423 0.55893219 -65.14334869 0.65098039 0.74117647 0.85882353
v -0.70487082 0.55013055 -65.11569214 0.65098039 0.74117647 0.85882353
v -0.72155780 0.55152804 -65.12406921 0.65098039 0.74117647 0.85882353
v -0.83040267 0.56430584 -65.13411713 0.65098039 0.74117647 0.85882353
v -0.84083557 0.56412494 -65.13531494 0.65098039 0.74117647 0.85882353
v -0.85278010 0.56289655 -65.13623047 0.65098039 0.74117647 0.85882353
v -0.86723530 0.56135219 -65.13973236 0.65098039 0.74117647 0.85882353
v -0.84207088 0.57533461 -65.13769531 0.65098039 0.74117647 0.85882353
v -0.83097982 0.57618135 -65.13634491 0.65098039 0.74117647 0.85882353
v -0.81932884 0.57587665 -65.13489532 0.65098039 0.74117647 0.85882353
v -0.72356653 0.56543148 -65.12319946 0.65098039 0.74117647 0.85882353
v -0.68956578 0.54940468 -65.10752106 0.65098039 0.74117647 0.85882353
v -0.89425254 0.62522215 -65.03832245 0.65098039 0.74117647 0.85882353
v -0.89433980 0.64626533 -65.05226135 0.65098039 0.74117647 0.85882353
v -0.88839245 0.65620434 -65.07469940 0.65098039 0.74117647 0.85882353
v -0.87705642 0.65413928 -65.09628296 0.65098039 0.74117647 0.85882353
v -1.08132601 0.46087110 -65.13116455 0.65098039 0.74117647 0.85882353
v -0.69892704 0.37952691 -65.09980011 0.65098039 0.74117647 0.85882353
v -0.70467269 0.35434031 -65.10400391 0.65098039 0.74117647 0.85882353
v -0.72407717 0.35473359 -65.11179352 0.65098039 0.74117647 0.85882353
v -0.68642300 0.48468733 -65.10225677 0.65098039 0.74117647 0.85882353
v -0.68827951 0.53570288 -65.10909271 0.65098039 0.74117647 0.85882353
v -0.82877022 0.51088750 -64.91313171 0.65098039 0.74117647 0.85882353
v -0.81876528 0.51291871 -64.90509033 0.65098039 0.74117647 0.85882353
v -0.82081807 0.52725309 -64.91426086 0.65098039 0.74117647 0.85882353
v -0.83114690 0.52506548 -64.92294312 0.65098039 0.74117647 0.85882353
v -0.84341174 0.50653124 -64.93189240 0.65098039 0.74117647 0.85882353
v -0.83699763 0.50877857 -64.92206573 0.65098039 0.74117647 0.85882353
v -0.83946103 0.52259839 -64.93230438 0.65098039 0.74117647 0.85882353
v -0.84595513 0.51964402 -64.94207001 0.65098039 0.74117647 0.85882353
v -0.84821451 0.50307864 -64.94197083 0.65098039 0.74117647 0.85882353
v -0.85101783 0.51631331 -64.95207214 0.65098039 0.74117647 0.85882353
v -0.83395541 0.49434203 -64.91543579 0.65098039 0.74117647 0.85882353
v -0.82634193 0.49583322 -64.90644836 0.65098039 0.74117647 0.85882353
v -0.81631809 0.49787450 -64.89894867 0.65098039 0.74117647 0.85882353
v -0.84466827 0.49105996 -64.93486786 0.65098039 0.74117647 0.85882353
v -0.83989203 0.49285150 -64.92549133 0.65098039 0.74117647 0.85882353
v -0.79123068 0.72144908 -64.92543030 0.65098039 0.74117647 0.85882353
v -0.80150425 0.72200960 -64.91349792 0.65098039 0.74117647 0.85882353
v -0.82240003 0.75874120 -64.89746857 0.65098039 0.74117647 0.85882353
v -0.82298076 0.76342463 -64.89882660 0.65098039 0.74117647 0.85882353
v -0.74706805 0.65611899 -64.95194244 0.65098039 0.74117647 0.85882353
v -0.74710423 0.66620857 -64.95463562 0.65098039 0.74117647 0.85882353
v -0.74313354 0.52133101 -64.88511658 0.65098039 0.74117647 0.85882353
v -0.74890298 0.56001073 -64.89931488 0.65098039 0.74117647 0.85882353
v -0.75110483 0.57323712 -64.90923309 0.65098039 0.74117647 0.85882353
v -0.75211084 0.58792299 -64.91774750 0.65098039 0.74117647 0.85882353
v -0.74932677 0.64625674 -64.94686890 0.65098039 0.74117647 0.85882353
v -0.74598223 0.54103333 -64.89183807 0.65098039 0.74117647 0.85882353
v -0.86652613 0.08881311 -65.12398529 0.65098039 0.74117647 0.85882353
v -0.84502864 0.07297061 -65.14012909 0.65098039 0.74117647 0.85882353
v -0.85191900 0.10522650 -65.14159393 0.65098039 0.74117647 0.85882353
v -0.83584267 0.09306420 -65.15308380 0.65098039 0.74117647 0.85882353
v -0.86500490 0.17813833 -65.12085724 0.65098039 0.74117647 0.85882353
v -0.86408085 0.15008073 -65.12672424 0.65098039 0.74117647 0.85882353
v -0.86426437 0.20902526 -65.11729431 0.65098039 0.74117647 0.85882353
v -0.81409979 0.08717655 -65.16398621 0.65098039 0.74117647 0.85882353
v -0.78748882 0.08588244 -65.16921997 0.65098039 0.74117647 0.85882353
v -0.78348386 0.10899244 -65.17739868 0.65098039 0.74117647 0.85882353
v -0.84423530 0.20887233 -65.13774109 0.65098039 0.74117647 0.85882353
v -0.84565938 0.18054710 -65.14189148 0.65098039 0.74117647 0.85882353
v -0.84176385 0.11563395 -65.15153503 0.65098039 0.74117647 0.85882353
v -0.86056966 0.12494366 -65.13347626 0.65098039 0.74117647 0.85882353
v -0.84407997 0.13137521 -65.14978790 0.65098039 0.74117647 0.85882353
v -0.80904734 0.10923482 -65.17071533 0.65098039 0.74117647 0.85882353
v -0.82901871 0.11145125 -65.16078186 0.65098039 0.74117647 0.85882353
v -0.74427319 0.26716685 -65.14266205 0.65098039 0.74117647 0.85882353
v -0.72012800 0.24753796 -65.15018463 0.65098039 0.74117647 0.85882353
v -0.74735844 0.24912219 -65.15219879 0.65098039 0.74117647 0.85882353
v -0.82874161 0.27807343 -65.12039948 0.65098039 0.74117647 0.85882353
v -0.81281710 0.25814325 -65.13867950 0.65098039 0.74117647 0.85882353
v -0.82669532 0.13161980 -65.16271210 0.65098039 0.74117647 0.85882353
v -0.80535799 0.13259245 -65.17417908 0.65098039 0.74117647 0.85882353
v -0.77930593 0.13402964 -65.18118286 0.65098039 0.74117647 0.85882353
v -0.77583325 0.20859757 -65.17003632 0.65098039 0.74117647 0.85882353
v -0.77578622 0.18521029 -65.17713165 0.65098039 0.74117647 0.85882353
v -0.80044180 0.18412228 -65.17016602 0.65098039 0.74117647 0.85882353
v -0.80017078 0.20937757 -65.16340637 0.65098039 0.74117647 0.85882353
v -0.81834924 0.23514824 -65.14673615 0.65098039 0.74117647 0.85882353
v -0.82227981 0.20999621 -65.15245056 0.65098039 0.74117647 0.85882353
v -0.77389425 0.23128578 -65.16130066 0.65098039 0.74117647 0.85882353
v -0.79682946 0.23348323 -65.15589142 0.65098039 0.74117647 0.85882353
v -0.79181612 0.25516540 -65.14720917 0.65098039 0.74117647 0.85882353
v -0.82442999 0.18248533 -65.15779877 0.65098039 0.74117647 0.85882353
v -0.74760604 0.16036595 -65.18229675 0.65098039 0.74117647 0.85882353
v -0.77699429 0.15914257 -65.18167114 0.65098039 0.74117647 0.85882353
v -0.71846604 0.16013597 -65.17610931 0.65098039 0.74117647 0.85882353
v -0.77068329 0.25194192 -65.15151978 0.65098039 0.74117647 0.85882353
v -0.76583219 0.27128005 -65.14122009 0.65098039 0.74117647 0.85882353
v -0.76067066 0.29030240 -65.13261414 0.65098039 0.74117647 0.85882353
v -0.74526358 0.35558891 -65.11528778 0.65098039 0.74117647 0.85882353
v -0.81723708 -0.13490187 -64.94766235 0.65098039 0.74117647 0.85882353
v -0.71853483 0.05238955 -65.01519775 0.65098039 0.74117647 0.85882353
v -0.71691775 0.05443130 -65.03874207 0.65098039 0.74117647 0.85882353
v -0.89776063 0.12059452 -65.01361084 0.65098039 0.74117647 0.85882353
v -0.89432466 0.10243581 -65.08364105 0.65098039 0.74117647 0.85882353
v -0.87820083 0.11453931 -65.11040497 0.65098039 0.74117647 0.85882353
v -0.75030303 0.06119849 -64.95893097 0.65098039 0.74117647 0.85882353
v -0.73210931 0.05423500 -64.97713470 0.65098039 0.74117647 0.85882353
v -0.88457465 0.11356215 -64.98441315 0.65098039 0.74117647 0.85882353
v -0.83277738 0.08522879 -64.94482422 0.65098039 0.74117647 0.85882353
v -0.72272819 0.05222635 -64.99568176 0.65098039 0.74117647 0.85882353
v -0.84498894 0.15410133 -65.14605713 0.65098039 0.74117647 0.85882353
v -0.82544857 0.15611304 -65.16123962 0.65098039 0.74117647 0.85882353
v -0.80258459 0.15792571 -65.17340088 0.65098039 0.74117647 0.85882353
v -0.74997395 0.13506190 -65.18201447 0.65098039 0.74117647 0.85882353
v -0.72009218 0.13771863 -65.17469788 0.65098039 0.74117647 0.85882353
v -0.75366801 0.10049029 -64.93552399 0.65098039 0.74117647 0.85882353
v -0.75177091 0.10834314 -64.93087769 0.65098039 0.74117647 0.85882353
v -0.74317592 0.10575263 -64.92926025 0.65098039 0.74117647 0.85882353
v -0.74153864 0.09385170 -64.93532562 0.65098039 0.74117647 0.85882353
v -0.82894117 0.21968485 -64.95517731 0.65098039 0.74117647 0.85882353
v -0.81061119 0.21120612 -64.93975830 0.65098039 0.74117647 0.85882353
v -0.77273631 0.20114674 -64.91580200 0.65098039 0.74117647 0.85882353
v -0.75439298 0.19841285 -64.90865326 0.65098039 0.74117647 0.85882353
v -0.87091643 0.25184077 -65.01243591 0.65098039 0.74117647 0.85882353
v -0.79146373 0.20535831 -64.92606354 0.65098039 0.74117647 0.85882353
v -0.86163014 0.24082200 -64.99185181 0.65098039 0.74117647 0.85882353
v -0.84672207 0.22952308 -64.97290039 0.65098039 0.74117647 0.85882353
v -0.67637581 -0.57318383 -65.05838013 0.65098039 0.74117647 0.85882353
v -0.67231345 -0.60164577 -65.05620575 0.65098039 0.74117647 0.85882353
v -0.66913629 -0.59691125 -65.07014465 0.65098039 0.74117647 0.85882353
v -0.67106664 -0.56869394 -65.07094574 0.65098039 0.74117647 0.85882353
v -0.67939651 -0.56277853 -65.10091400 0.65098039 0.74117647 0.85882353
v -0.67051351 -0.56387663 -65.09091949 0.65098039 0.74117647 0.85882353
v -0.69175541 -0.56476974 -65.10691833 0.65098039 0.74117647 0.85882353
v -0.68305254 -0.59307617 -65.10782623 0.65098039 0.74117647 0.85882353
v -0.69484675 -0.59750658 -65.10522461 0.65098039 0.74117647 0.85882353
v -0.70479745 -0.56901759 -65.10652161 0.65098039 0.74117647 0.85882353
v -0.71523786 -0.57322073 -65.10044098 0.65098039 0.74117647 0.85882353
v -0.71390152 -0.60588259 -65.09128571 0.65098039 0.74117647 0.85882353
v -0.72067022 -0.60928422 -65.07530212 0.65098039 0.74117647 0.85882353
v -0.73074126 -0.58213800 -65.07523346 0.65098039 0.74117647 0.85882353
v -0.72345436 -0.57728142 -65.09114838 0.65098039 0.74117647 0.85882353
v -0.73085976 -0.58884400 -65.05561066 0.65098039 0.74117647 0.85882353
v -0.72212148 -0.61510092 -65.05641174 0.65098039 0.74117647 0.85882353
v -0.71919119 -0.59000069 -65.04186249 0.65098039 0.74117647 0.85882353
v -0.68463987 -0.57847232 -65.04577637 0.65098039 0.74117647 0.85882353
v -0.67993808 -0.60725123 -65.04152679 0.65098039 0.74117647 0.85882353
v -0.67134273 -0.59105080 -65.10172272 0.65098039 0.74117647 0.85882353
v -0.66506344 -0.59287125 -65.08946991 0.65098039 0.74117647 0.85882353
v -0.66826153 -0.56602448 -65.08033752 0.65098039 0.74117647 0.85882353
v -0.66688013 -0.59459084 -65.07960510 0.65098039 0.74117647 0.85882353
v -0.66269606 -0.62571567 -65.06629181 0.65098039 0.74117647 0.85882353
v -0.66374558 -0.62794101 -65.05028534 0.65098039 0.74117647 0.85882353
v -0.66190815 -0.61766464 -65.10282135 0.65098039 0.74117647 0.85882353
v -0.66155541 -0.62082797 -65.08882141 0.65098039 0.74117647 0.85882353
v -0.68449914 -0.62387079 -65.10411072 0.65098039 0.74117647 0.85882353
v -0.67290586 -0.61888868 -65.11058807 0.65098039 0.74117647 0.85882353
v -0.70779383 -0.63339126 -65.09430695 0.65098039 0.74117647 0.85882353
v -0.70485312 -0.60177320 -65.09973145 0.65098039 0.74117647 0.85882353
v -0.69650948 -0.62882859 -65.10040283 0.65098039 0.74117647 0.85882353
v -0.71538347 -0.63622326 -65.07771301 0.65098039 0.74117647 0.85882353
v -0.71784329 -0.64048845 -65.05576324 0.65098039 0.74117647 0.85882353
v -0.67350703 -0.63269770 -65.03489685 0.65098039 0.74117647 0.85882353
v -0.66261351 -0.62242192 -65.07780457 0.65098039 0.74117647 0.85882353
v -0.76121074 -0.77778274 -64.93733978 0.65098039 0.74117647 0.85882353
v -0.75536579 -0.77837938 -64.93300629 0.65098039 0.74117647 0.85882353
v -0.75773370 -0.77323741 -64.93361664 0.65098039 0.74117647 0.85882353
v -0.76136416 -0.77399737 -64.93654633 0.65098039 0.74117647 0.85882353
v -0.73195291 -0.77336389 -64.91133881 0.65098039 0.74117647 0.85882353
v -0.72002017 -0.77350730 -64.90799713 0.65098039 0.74117647 0.85882353
v -0.72555935 -0.76275694 -64.90458679 0.65098039 0.74117647 0.85882353
v -0.73393321 -0.76345378 -64.90670013 0.65098039 0.74117647 0.85882353
v -0.74631822 -0.77797037 -64.91931915 0.65098039 0.74117647 0.85882353
v -0.75309253 -0.77901757 -64.92358398 0.65098039 0.74117647 0.85882353
v -0.74864841 -0.78156215 -64.92605591 0.65098039 0.74117647 0.85882353
v -0.74451756 -0.78026813 -64.92329407 0.65098039 0.74117647 0.85882353
v -0.76790690 -0.77049619 -64.97264862 0.65098039 0.74117647 0.85882353
v -0.77155215 -0.77268678 -64.97805023 0.65098039 0.74117647 0.85882353
v -0.76851273 -0.77363712 -64.97895050 0.65098039 0.74117647 0.85882353
v -0.76570332 -0.77470243 -64.97644043 0.65098039 0.74117647 0.85882353
v -0.76361781 -0.77672035 -64.95137024 0.65098039 0.74117647 0.85882353
v -0.76726162 -0.77739447 -64.95657349 0.65098039 0.74117647 0.85882353
v -0.76416719 -0.77978045 -64.95816803 0.65098039 0.74117647 0.85882353
v -0.76120704 -0.77978700 -64.95503998 0.65098039 0.74117647 0.85882353
v -0.72937393 -0.75268406 -64.92656708 0.65098039 0.74117647 0.85882353
v -0.73401159 -0.75819796 -64.91436005 0.65098039 0.74117647 0.85882353
v -0.72099203 -0.75652641 -64.91087341 0.65098039 0.74117647 0.85882353
v -0.71612787 -0.74726135 -64.92127228 0.65098039 0.74117647 0.85882353
v -0.71131015 -0.76310188 -64.91317749 0.65098039 0.74117647 0.85882353
v -0.71545523 -0.76952928 -64.92041016 0.65098039 0.74117647 0.85882353
v -0.70867205 -0.76480514 -64.93190002 0.65098039 0.74117647 0.85882353
v -0.70516157 -0.75557762 -64.92517853 0.65098039 0.74117647 0.85882353
v -0.72693062 -0.77345127 -64.92459106 0.65098039 0.74117647 0.85882353
v -0.72154284 -0.76925153 -64.93588257 0.65098039 0.74117647 0.85882353
v -0.73194146 -0.76456910 -64.93465424 0.65098039 0.74117647 0.85882353
v -0.73923600 -0.76928228 -64.92185974 0.65098039 0.74117647 0.85882353
v -0.74890256 -0.76871592 -64.94103241 0.65098039 0.74117647 0.85882353
v -0.75508112 -0.77576685 -64.93225098 0.65098039 0.74117647 0.85882353
v -0.75241840 -0.76851696 -64.92714691 0.65098039 0.74117647 0.85882353
v -0.74693006 -0.76062495 -64.93675232 0.65098039 0.74117647 0.85882353
v -0.74543905 -0.76742351 -64.92234039 0.65098039 0.74117647 0.85882353
v -0.73802119 -0.75885719 -64.92987823 0.65098039 0.74117647 0.85882353
v -0.73102808 -0.76728350 -64.93218994 0.65098039 0.74117647 0.85882353
v -0.73812866 -0.77270669 -64.92081451 0.65098039 0.74117647 0.85882353
v -0.73915851 -0.77741390 -64.92779541 0.65098039 0.74117647 0.85882353
v -0.73215842 -0.77250594 -64.93832397 0.65098039 0.74117647 0.85882353
v -0.74031782 -0.77407062 -64.94242859 0.65098039 0.74117647 0.85882353
v -0.74677825 -0.77913231 -64.93300629 0.65098039 0.74117647 0.85882353
v -0.75901574 -0.76296741 -64.95076752 0.65098039 0.74117647 0.85882353
v -0.76078111 -0.77071351 -64.94182587 0.65098039 0.74117647 0.85882353
v -0.75433642 -0.76956934 -64.93750763 0.65098039 0.74117647 0.85882353
v -0.75035924 -0.76203334 -64.94406891 0.65098039 0.74117647 0.85882353
v -0.74818015 -0.77583307 -64.93666077 0.65098039 0.74117647 0.85882353
v -0.75101298 -0.77944821 -64.94155121 0.65098039 0.74117647 0.85882353
v -0.74582505 -0.77437407 -64.94956207 0.65098039 0.74117647 0.85882353
v -0.74382883 -0.77058262 -64.94423676 0.65098039 0.74117647 0.85882353
v -0.75394094 -0.77497023 -64.95468140 0.65098039 0.74117647 0.85882353
v -0.75707483 -0.78120315 -64.94577789 0.65098039 0.74117647 0.85882353
v -0.76128465 -0.76909941 -64.95339203 0.65098039 0.74117647 0.85882353
v -0.76307350 -0.77685958 -64.94554138 0.65098039 0.74117647 0.85882353
v -0.76791906 -0.76829880 -64.97232819 0.65098039 0.74117647 0.85882353
v -0.76834732 -0.77640688 -64.96434021 0.65098039 0.74117647 0.85882353
v -0.76800573 -0.77079576 -64.96061707 0.65098039 0.74117647 0.85882353
v -0.76741135 -0.76286143 -64.96911621 0.65098039 0.74117647 0.85882353
v -0.76389861 -0.76928359 -64.95612335 0.65098039 0.74117647 0.85882353
v -0.76195019 -0.76281399 -64.96194458 0.65098039 0.74117647 0.85882353
v -0.75919926 -0.77195495 -64.95418549 0.65098039 0.74117647 0.85882353
v -0.75776958 -0.77789503 -64.95884705 0.65098039 0.74117647 0.85882353
v -0.75576705 -0.77385336 -64.96584320 0.65098039 0.74117647 0.85882353
v -0.75806546 -0.76793259 -64.95977020 0.65098039 0.74117647 0.85882353
v -0.76287276 -0.77889085 -64.96367645 0.65098039 0.74117647 0.85882353
v -0.76123041 -0.77390426 -64.97248077 0.65098039 0.74117647 0.85882353
v -0.77113795 -0.75996715 -64.98986816 0.65098039 0.74117647 0.85882353
v -0.76880223 -0.76568598 -64.99433899 0.65098039 0.74117647 0.85882353
v -0.77149296 -0.76818037 -64.98483276 0.65098039 0.74117647 0.85882353
v -0.77214819 -0.76335365 -64.98188782 0.65098039 0.74117647 0.85882353
v -0.76932347 -0.76434493 -64.97743225 0.65098039 0.74117647 0.85882353
v -0.76822704 -0.75969768 -64.98242188 0.65098039 0.74117647 0.85882353
v -0.76454383 -0.76668876 -64.97590637 0.65098039 0.74117647 0.85882353
v -0.76202232 -0.77235961 -64.97982025 0.65098039 0.74117647 0.85882353
v -0.76062071 -0.76993185 -64.98530579 0.65098039 0.74117647 0.85882353
v -0.76485312 -0.76394707 -64.98073578 0.65098039 0.74117647 0.85882353
v -0.76679951 -0.77257442 -64.98430634 0.65098039 0.74117647 0.85882353
v -0.76431000 -0.76929104 -64.99184418 0.65098039 0.74117647 0.85882353
v -0.71205020 -0.73956198 -64.93306732 0.65098039 0.74117647 0.85882353
v -0.72775888 -0.74893171 -64.94020081 0.65098039 0.74117647 0.85882353
v -0.72079855 -0.77285749 -64.91326904 0.65098039 0.74117647 0.85882353
v -0.70063508 -0.74946266 -64.93746185 0.65098039 0.74117647 0.85882353
v -0.72709197 -0.77506077 -64.91581726 0.65098039 0.74117647 0.85882353
v -0.71991360 -0.76603335 -64.94755554 0.65098039 0.74117647 0.85882353
v -0.70415539 -0.75988334 -64.94441223 0.65098039 0.74117647 0.85882353
v -0.72787607 -0.76246452 -64.93928528 0.65098039 0.74117647 0.85882353
v -0.75314242 -0.77363843 -64.92228699 0.65098039 0.74117647 0.85882353
v -0.74220836 -0.76657337 -64.94840240 0.65098039 0.74117647 0.85882353
v -0.73619920 -0.76987809 -64.95734406 0.65098039 0.74117647 0.85882353
v -0.74908572 -0.77285784 -64.91957092 0.65098039 0.74117647 0.85882353
v -0.74267477 -0.75336844 -64.95034027 0.65098039 0.74117647 0.85882353
v -0.75418609 -0.75444418 -64.96620178 0.65098039 0.74117647 0.85882353
v -0.75472701 -0.78087133 -64.93695831 0.65098039 0.74117647 0.85882353
v -0.75787294 -0.78136343 -64.93922424 0.65098039 0.74117647 0.85882353
v -0.74959409 -0.77058226 -64.97112274 0.65098039 0.74117647 0.85882353
v -0.75843441 -0.76683497 -64.96176147 0.65098039 0.74117647 0.85882353
v -0.76782608 -0.77456242 -64.95581818 0.65098039 0.74117647 0.85882353
v -0.76581848 -0.76525551 -64.98115540 0.65098039 0.74117647 0.85882353
v -0.75756967 -0.76956517 -64.98728180 0.65098039 0.74117647 0.85882353
v -0.76567793 -0.77241522 -64.95301056 0.65098039 0.74117647 0.85882353
v -0.76377612 -0.75321144 -64.98330688 0.65098039 0.74117647 0.85882353
v -0.77118266 -0.76881772 -64.97773743 0.65098039 0.74117647 0.85882353
v -0.76580685 -0.76036018 -65.00549316 0.65098039 0.74117647 0.85882353
v -0.76087707 -0.76788825 -65.00188446 0.65098039 0.74117647 0.85882353
v -0.76987362 -0.76808918 -64.97472382 0.65098039 0.74117647 0.85882353
v -0.76827681 -0.75341922 -64.99900818 0.65098039 0.74117647 0.85882353
v -0.69489676 -0.58555096 -65.03656006 0.65098039 0.74117647 0.85882353
v -0.69094723 -0.61250955 -65.03291321 0.65098039 0.74117647 0.85882353
v -0.70706928 -0.59016216 -65.03533936 0.65098039 0.74117647 0.85882353
v -0.71257901 -0.61667174 -65.04161072 0.65098039 0.74117647 0.85882353
v -0.70274812 -0.61724025 -65.03395081 0.65098039 0.74117647 0.85882353
v -0.68804967 -0.63798493 -65.02611542 0.65098039 0.74117647 0.85882353
v -0.70983088 -0.64346558 -65.03893280 0.65098039 0.74117647 0.85882353
v -0.70099509 -0.64243257 -65.02947235 0.65098039 0.74117647 0.85882353
v -0.70206714 -0.65325862 -65.10072327 0.65098039 0.74117647 0.85882353
v -0.71201897 -0.65758878 -65.08409119 0.65098039 0.74117647 0.85882353
v -0.68827784 -0.64800102 -65.10384369 0.65098039 0.74117647 0.85882353
v -0.66459525 -0.63814509 -65.11528778 0.65098039 0.74117647 0.85882353
v -0.67643619 -0.64290184 -65.10986328 0.65098039 0.74117647 0.85882353
v -0.68765199 -0.66022640 -65.01850891 0.65098039 0.74117647 0.85882353
v -0.67117286 -0.65595323 -65.03105927 0.65098039 0.74117647 0.85882353
v -0.70330298 -0.66423732 -65.02047729 0.65098039 0.74117647 0.85882353
v -0.71383905 -0.66525429 -65.03298950 0.65098039 0.74117647 0.85882353
v -0.70336199 -0.72864258 -64.94451904 0.65098039 0.74117647 0.85882353
v -0.69538730 -0.72155809 -64.96302795 0.65098039 0.74117647 0.85882353
v -0.71241033 -0.71601123 -64.96530914 0.65098039 0.74117647 0.85882353
v -0.72043204 -0.73167866 -64.95201874 0.65098039 0.74117647 0.85882353
v -0.72680068 -0.72002786 -64.97846985 0.65098039 0.74117647 0.85882353
v -0.73372042 -0.73767865 -64.96454620 0.65098039 0.74117647 0.85882353
v -0.73766863 -0.72423965 -64.99383545 0.65098039 0.74117647 0.85882353
v -0.74565655 -0.74035686 -64.97969055 0.65098039 0.74117647 0.85882353
v -0.74579465 -0.72807556 -65.00947571 0.65098039 0.74117647 0.85882353
v -0.75496227 -0.74221474 -64.99608612 0.65098039 0.74117647 0.85882353
v -0.75100833 -0.73440331 -65.02487946 0.65098039 0.74117647 0.85882353
v -0.76182139 -0.74482822 -65.01090240 0.65098039 0.74117647 0.85882353
v -0.75284624 -0.74425417 -65.03513336 0.65098039 0.74117647 0.85882353
v -0.76232189 -0.75368941 -65.01982880 0.65098039 0.74117647 0.85882353
v -0.69140130 -0.74243551 -64.94988251 0.65098039 0.74117647 0.85882353
v -0.68510717 -0.73474723 -64.96787262 0.65098039 0.74117647 0.85882353
v -0.69559485 -0.75505954 -64.95934296 0.65098039 0.74117647 0.85882353
v -0.68848741 -0.74916095 -64.97745514 0.65098039 0.74117647 0.85882353
v -0.70969051 -0.75911903 -64.96845245 0.65098039 0.74117647 0.85882353
v -0.70134485 -0.75227231 -64.98695374 0.65098039 0.74117647 0.85882353
v -0.74531126 -0.75599384 -65.03290558 0.65098039 0.74117647 0.85882353
v -0.75434971 -0.76428109 -65.01634979 0.65098039 0.74117647 0.85882353
v -0.72409314 -0.76196587 -64.98052216 0.65098039 0.74117647 0.85882353
v -0.71519679 -0.75404882 -64.99901581 0.65098039 0.74117647 0.85882353
v -0.73618555 -0.76486140 -64.99381256 0.65098039 0.74117647 0.85882353
v -0.72677016 -0.75651771 -65.01202393 0.65098039 0.74117647 0.85882353
v -0.74579799 -0.76600784 -65.00627136 0.65098039 0.74117647 0.85882353
v -0.73629075 -0.75798905 -65.02383423 0.65098039 0.74117647 0.85882353
v -0.70124871 -0.70110542 -64.98292542 0.65098039 0.74117647 0.85882353
v -0.71913737 -0.70028025 -64.99256897 0.65098039 0.74117647 0.85882353
v -0.72888637 -0.70468444 -65.00857544 0.65098039 0.74117647 0.85882353
v -0.73459244 -0.71123332 -65.02514648 0.65098039 0.74117647 0.85882353
v -0.73723882 -0.72174013 -65.04095459 0.65098039 0.74117647 0.85882353
v -0.74000072 -0.73295820 -65.05191040 0.65098039 0.74117647 0.85882353
v -0.72525322 -0.69091350 -65.04615784 0.65098039 0.74117647 0.85882353
v -0.72218663 -0.71049041 -65.06003571 0.65098039 0.74117647 0.85882353
v -0.72345692 -0.72367626 -65.06873322 0.65098039 0.74117647 0.85882353
v -0.70849168 -0.70086849 -65.08053589 0.65098039 0.74117647 0.85882353
v -0.70771933 -0.71493769 -65.08583832 0.65098039 0.74117647 0.85882353
v -0.68374825 -0.68791378 -65.11380768 0.65098039 0.74117647 0.85882353
v -0.68227422 -0.70327049 -65.12056732 0.65098039 0.74117647 0.85882353
v -0.69424313 -0.70712858 -65.10421753 0.65098039 0.74117647 0.85882353
v -0.69504923 -0.69284767 -65.09911346 0.65098039 0.74117647 0.85882353
v -0.71366560 -0.68264693 -65.07096100 0.65098039 0.74117647 0.85882353
v -0.70123297 -0.67474192 -65.09154510 0.65098039 0.74117647 0.85882353
v -0.68982863 -0.66926593 -65.10474396 0.65098039 0.74117647 0.85882353
v -0.65840876 -0.69457072 -65.13349915 0.65098039 0.74117647 0.85882353
v -0.67080492 -0.69929320 -65.12960815 0.65098039 0.74117647 0.85882353
v -0.67407209 -0.68374735 -65.12344360 0.65098039 0.74117647 0.85882353
v -0.66302305 -0.67855245 -65.12997437 0.65098039 0.74117647 0.85882353
v -0.64580679 -0.67403179 -65.12947845 0.65098039 0.74117647 0.85882353
v -0.64184308 -0.69132406 -65.12954712 0.65098039 0.74117647 0.85882353
v -0.63516748 -0.67557102 -65.11286926 0.65098039 0.74117647 0.85882353
v -0.63013488 -0.69165820 -65.11465454 0.65098039 0.74117647 0.85882353
v -0.66972387 -0.66014451 -65.11946869 0.65098039 0.74117647 0.85882353
v -0.67936003 -0.66507202 -65.11245728 0.65098039 0.74117647 0.85882353
v -0.65568870 -0.65546972 -65.12198639 0.65098039 0.74117647 0.85882353
v -0.64621031 -0.65655893 -65.10784912 0.65098039 0.74117647 0.85882353
v -0.65000206 -0.66159290 -65.09159851 0.65098039 0.74117647 0.85882353
v -0.63898832 -0.68104345 -65.09455109 0.65098039 0.74117647 0.85882353
v -0.63082504 -0.69543892 -65.09570312 0.65098039 0.74117647 0.85882353
v -0.68627417 -0.71327251 -64.98527527 0.65098039 0.74117647 0.85882353
v -0.68112278 -0.72485358 -64.99082947 0.65098039 0.74117647 0.85882353
v -0.72203928 -0.68412280 -65.02228546 0.65098039 0.74117647 0.85882353
v -0.71027213 -0.68116194 -65.00688934 0.65098039 0.74117647 0.85882353
v -0.68808746 -0.68248230 -65.00559235 0.65098039 0.74117647 0.85882353
v -0.67462766 -0.70210057 -65.00768280 0.65098039 0.74117647 0.85882353
v -0.67322630 -0.71623939 -65.01533508 0.65098039 0.74117647 0.85882353
v -0.66368639 -0.70961398 -65.03694916 0.65098039 0.74117647 0.85882353
v -0.66271091 -0.69609219 -65.03012085 0.65098039 0.74117647 0.85882353
v -0.68318146 -0.73612386 -64.99916840 0.65098039 0.74117647 0.85882353
v -0.67722631 -0.72449148 -65.02278137 0.65098039 0.74117647 0.85882353
v -0.66691589 -0.71721190 -65.04333496 0.65098039 0.74117647 0.85882353
v -0.65238297 -0.70464319 -65.05477142 0.65098039 0.74117647 0.85882353
v -0.65336823 -0.69136006 -65.04985046 0.65098039 0.74117647 0.85882353
v -0.64433843 -0.70084399 -65.06945801 0.65098039 0.74117647 0.85882353
v -0.64838952 -0.68681973 -65.06642914 0.65098039 0.74117647 0.85882353
v -0.64435923 -0.68379623 -65.07977295 0.65098039 0.74117647 0.85882353
v -0.63712043 -0.69809657 -65.08155060 0.65098039 0.74117647 0.85882353
v -0.65433013 -0.66738027 -65.06466675 0.65098039 0.74117647 0.85882353
v -0.65235937 -0.66419393 -65.07744598 0.65098039 0.74117647 0.85882353
v -0.65836370 -0.67221862 -65.04750824 0.65098039 0.74117647 0.85882353
v -0.66776347 -0.67664897 -65.02713776 0.65098039 0.74117647 0.85882353
v -0.73351115 -0.74495858 -65.05124664 0.65098039 0.74117647 0.85882353
v -0.71908271 -0.73468089 -65.06911469 0.65098039 0.74117647 0.85882353
v -0.70352942 -0.72464675 -65.08614349 0.65098039 0.74117647 0.85882353
v -0.68897194 -0.71817869 -65.10409546 0.65098039 0.74117647 0.85882353
v -0.67509496 -0.71403188 -65.11750031 0.65098039 0.74117647 0.85882353
v -0.66479480 -0.71041089 -65.12454987 0.65098039 0.74117647 0.85882353
v -0.64122963 -0.70232493 -65.12381744 0.65098039 0.74117647 0.85882353
v -0.65385449 -0.70600349 -65.12796021 0.65098039 0.74117647 0.85882353
v -0.63312542 -0.70240718 -65.11319733 0.65098039 0.74117647 0.85882353
v -0.63395977 -0.70642096 -65.09834290 0.65098039 0.74117647 0.85882353
v -0.63860279 -0.70992607 -65.08648682 0.65098039 0.74117647 0.85882353
v -0.65470964 -0.71368581 -65.06076050 0.65098039 0.74117647 0.85882353
v -0.64547718 -0.71241856 -65.07440186 0.65098039 0.74117647 0.85882353
v -0.65912092 -0.65122604 -65.04750824 0.65098039 0.74117647 0.85882353
v -0.65599030 -0.64727294 -65.06480408 0.65098039 0.74117647 0.85882353
v -0.65596050 -0.64357269 -65.07720184 0.65098039 0.74117647 0.85882353
v -0.65416646 -0.63670200 -65.10424805 0.65098039 0.74117647 0.85882353
v -0.65604496 -0.64122051 -65.08925629 0.65098039 0.74117647 0.85882353
v -0.69282556 -0.74185044 -65.00888824 0.65098039 0.74117647 0.85882353
v -0.70539796 -0.74375266 -65.02054596 0.65098039 0.74117647 0.85882353
v -0.71637809 -0.74600148 -65.03282166 0.65098039 0.74117647 0.85882353
v -0.72515118 -0.74728221 -65.04334259 0.65098039 0.74117647 0.85882353
v -0.71197033 -0.73758417 -65.06290436 0.65098039 0.74117647 0.85882353
v -0.70369244 -0.73611146 -65.05389404 0.65098039 0.74117647 0.85882353
v -0.69318229 -0.73424989 -65.04267883 0.65098039 0.74117647 0.85882353
v -0.68371630 -0.73008657 -65.03131104 0.65098039 0.74117647 0.85882353
v -0.69651192 -0.72892684 -65.08036041 0.65098039 0.74117647 0.85882353
v -0.68913734 -0.72852570 -65.07215118 0.65098039 0.74117647 0.85882353
v -0.67930371 -0.72684067 -65.06246948 0.65098039 0.74117647 0.85882353
v -0.67193639 -0.72335535 -65.05171204 0.65098039 0.74117647 0.85882353
v -0.65869474 -0.71998459 -65.06886292 0.65098039 0.74117647 0.85882353
v -0.66512311 -0.72185493 -65.07931519 0.65098039 0.74117647 0.85882353
v -0.67391920 -0.72289521 -65.08809662 0.65098039 0.74117647 0.85882353
v -0.68097186 -0.72228211 -65.09669495 0.65098039 0.74117647 0.85882353
v -0.66864443 -0.71727937 -65.10877991 0.65098039 0.74117647 0.85882353
v -0.66250670 -0.71772486 -65.09989929 0.65098039 0.74117647 0.85882353
v -0.65502197 -0.71730375 -65.09130096 0.65098039 0.74117647 0.85882353
v -0.64966023 -0.71650475 -65.08277130 0.65098039 0.74117647 0.85882353
v -0.66021812 -0.71367174 -65.11516571 0.65098039 0.74117647 0.85882353
v -0.64397836 -0.70796353 -65.11759949 0.65098039 0.74117647 0.85882353
v -0.65231419 -0.71032983 -65.11872101 0.65098039 0.74117647 0.85882353
v -0.63822347 -0.70814079 -65.11148071 0.65098039 0.74117647 0.85882353
v -0.63982165 -0.71083242 -65.10147858 0.65098039 0.74117647 0.85882353
v -0.64401013 -0.71378547 -65.09232330 0.65098039 0.74117647 0.85882353
v -0.64954019 -0.71429247 -65.09886169 0.65098039 0.74117647 0.85882353
v -0.64563346 -0.71177214 -65.10496521 0.65098039 0.74117647 0.85882353
v -0.65611303 -0.71445149 -65.10654449 0.65098039 0.74117647 0.85882353
v -0.65069914 -0.71165663 -65.11093903 0.65098039 0.74117647 0.85882353
v -0.64335930 -0.70979112 -65.11006927 0.65098039 0.74117647 0.85882353
v -0.64598703 -0.70983756 -65.11299133 0.65098039 0.74117647 0.85882353
v -0.71517599 -0.66514218 -65.05542755 0.65098039 0.74117647 0.85882353
v -0.77177513 -0.31279057 -64.97573090 0.65098039 0.74117647 0.85882353
v -0.75683749 -0.30672258 -64.97695923 0.65098039 0.74117647 0.85882353
v -0.78817940 -0.31380045 -64.97881317 0.65098039 0.74117647 0.85882353
v -0.86043149 0.11078705 -64.96300507 0.65098039 0.74117647 0.85882353
v -0.79949188 0.32761389 -64.92754364 0.65098039 0.74117647 0.85882353
v -0.79536414 0.36555946 -64.92272949 0.65098039 0.74117647 0.85882353
v -0.79682183 0.34571874 -64.92493439 0.65098039 0.74117647 0.85882353
v -0.86084187 0.08488192 -64.95850372 0.65098039 0.74117647 0.85882353
v -0.82895356 0.39943784 -64.97551727 0.65098039 0.74117647 0.85882353
v -0.83302003 0.53938913 -64.93564606 0.65098039 0.74117647 0.85882353
v -0.84596968 0.81320322 -65.03123474 0.65098039 0.74117647 0.85882353
v -0.84288669 0.81068796 -65.03097534 0.65098039 0.74117647 0.85882353
v -0.83971214 0.80901808 -65.03220367 0.65098039 0.74117647 0.85882353
v -0.83703786 0.80748862 -65.03424072 0.65098039 0.74117647 0.85882353
v -0.83418500 0.80660480 -65.03617096 0.65098039 0.74117647 0.85882353
v -0.83090174 0.80781406 -65.03781891 0.65098039 0.74117647 0.85882353
v -0.84006703 0.81029242 -65.03534698 0.65098039 0.74117647 0.85882353
v -0.83728290 0.81426352 -65.03598785 0.65098039 0.74117647 0.85882353
v -0.83908892 0.81535506 -65.03488922 0.65098039 0.74117647 0.85882353
v -0.84212375 0.81178361 -65.03405762 0.65098039 0.74117647 0.85882353
f 2 3 1
f 1 3 4
f 3 2 5
f 5 2 6
f 3 7 4
f 4 7 8
f 10 11 9
f 9 11 12
f 14 15 13
f 13 15 16
f 18 19 17
f 17 19 20
f 22 23 21
f 21 23 24
f 26 18 25
f 25 18 17
f 27 28 17
f 17 28 25
f 30 31 29
f 29 31 32
f 34 35 33
f 33 35 36
f 21 24 37
f 37 24 38
f 40 31 39
f 39 31 38
f 34 33 28
f 28 33 25
f 41 42 44
f 44 42 43
f 36 45 33
f 33 45 25
f 46 47 49
f 49 47 48
f 51 52 50
f 50 52 53
f 55 53 54
f 54 53 52
f 57 58 56
f 56 58 59
f 61 62 60
f 60 62 63
f 65 66 64
f 64 66 67
f 69 70 68
f 68 70 71
f 65 73 72
f 72 73 74
f 64 75 65
f 65 75 73
f 77 78 76
f 76 78 79
f 80 81 83
f 83 81 82
f 81 85 84
f 84 85 86
f 88 89 87
f 87 89 69
f 88 87 90
f 90 87 91
f 93 94 92
f 92 94 95
f 96 84 43
f 43 84 44
f 51 98 97
f 97 98 86
f 97 99 51
f 51 99 52
f 54 52 100
f 100 52 99
f 58 101 59
f 59 101 102
f 62 103 63
f 63 103 104
f 105 106 6
f 6 106 5
f 108 109 107
f 107 109 110
f 112 113 111
f 111 113 114
f 116 117 115
f 115 117 118
f 120 121 119
f 119 121 122
f 124 125 123
f 123 125 126
f 128 129 127
f 127 129 130
f 130 131 127
f 127 131 132
f 134 1 133
f 133 1 135
f 1 4 135
f 135 4 136
f 4 8 136
f 136 8 137
f 138 139 15
f 15 139 140
f 140 139 141
f 141 139 142
f 144 57 143
f 143 57 56
f 145 146 141
f 141 146 147
f 146 149 148
f 148 149 150
f 152 153 151
f 151 153 154
f 141 147 140
f 140 147 155
f 157 11 156
f 156 11 158
f 160 161 159
f 159 161 162
f 164 165 163
f 163 165 166
f 165 160 166
f 166 160 159
f 168 169 167
f 167 169 170
f 169 171 170
f 170 171 172
f 149 173 150
f 150 173 174
f 175 176 149
f 149 176 173
f 178 172 177
f 177 172 171
f 180 181 179
f 179 181 182
f 184 180 183
f 183 180 179
f 186 187 185
f 185 187 188
f 190 191 189
f 189 191 192
f 7 193 8
f 8 193 194
f 196 162 195
f 195 162 161
f 197 168 198
f 198 168 167
f 181 199 182
f 182 199 200
f 202 203 201
f 201 203 204
f 187 186 205
f 205 186 206
f 208 209 207
f 207 209 210
f 212 213 211
f 211 213 214
f 215 216 218
f 218 216 217
f 220 209 219
f 219 209 208
f 204 186 221
f 221 186 185
f 201 204 222
f 222 204 221
f 223 211 220
f 220 211 209
f 224 225 214
f 214 225 210
f 203 206 204
f 204 206 186
f 227 187 226
f 226 187 205
f 27 228 21
f 21 228 22
f 230 231 229
f 229 231 232
f 234 235 233
f 233 235 236
f 238 239 237
f 237 239 240
f 119 122 118
f 118 122 115
f 112 242 241
f 241 242 243
f 98 51 244
f 244 51 50
f 245 138 14
f 14 138 15
f 11 10 158
f 158 10 246
f 89 85 69
f 69 85 70
f 11 157 12
f 12 157 247
f 249 164 248
f 248 164 163
f 177 250 178
f 178 250 251
f 253 254 252
f 252 254 255
f 187 227 188
f 188 227 256
f 212 257 213
f 213 257 258
f 260 134 259
f 259 134 133
f 165 164 135
f 135 164 133
f 160 165 136
f 136 165 135
f 136 137 160
f 160 137 161
f 137 261 161
f 161 261 195
f 263 264 262
f 262 264 265
f 13 16 266
f 266 16 267
f 268 267 155
f 155 267 16
f 147 269 155
f 155 269 268
f 162 196 167
f 167 196 198
f 167 170 162
f 162 170 159
f 170 172 159
f 159 172 166
f 172 178 166
f 166 178 163
f 178 251 163
f 163 251 248
f 168 270 169
f 169 270 271
f 272 273 171
f 171 273 177
f 271 272 169
f 169 272 171
f 168 197 270
f 270 197 274
f 250 177 275
f 275 177 273
f 277 45 276
f 276 45 278
f 280 281 279
f 279 281 282
f 284 104 283
f 283 104 103
f 285 215 286
f 286 215 218
f 288 289 287
f 287 289 290
f 291 80 66
f 66 80 83
f 293 294 292
f 292 294 295
f 73 91 74
f 74 91 87
f 91 73 92
f 92 73 75
f 279 77 280
f 280 77 76
f 80 291 70
f 70 291 71
f 277 47 96
f 96 47 82
f 297 175 296
f 296 175 149
f 299 154 298
f 298 154 153
f 225 300 210
f 210 300 207
f 224 301 206
f 206 301 205
f 210 209 214
f 214 209 211
f 226 205 302
f 302 205 301
f 304 305 303
f 303 305 306
f 308 309 307
f 307 309 310
f 72 291 65
f 65 291 66
f 66 83 67
f 67 83 46
f 312 313 311
f 311 313 314
f 316 317 315
f 315 317 36
f 29 318 35
f 35 318 319
f 321 32 320
f 320 32 322
f 311 314 323
f 323 314 324
f 315 325 316
f 316 325 326
f 318 287 319
f 319 287 290
f 328 321 327
f 327 321 320
f 329 330 39
f 39 330 331
f 332 333 40
f 40 333 322
f 309 334 285
f 285 334 335
f 236 2 134
f 134 2 1
f 260 336 233
f 233 336 337
f 237 14 265
f 265 14 13
f 84 86 44
f 44 86 98
f 189 192 7
f 7 192 193
f 44 98 41
f 41 98 244
f 237 240 14
f 14 240 245
f 7 3 189
f 189 3 5
f 338 71 72
f 72 71 291
f 262 265 266
f 266 265 13
f 124 123 339
f 339 123 105
f 123 109 105
f 105 109 106
f 189 5 190
f 190 5 106
f 111 114 12
f 12 114 9
f 264 340 265
f 265 340 237
f 342 343 341
f 341 343 344
f 6 235 105
f 105 235 339
f 234 346 345
f 345 346 347
f 349 350 348
f 348 350 351
f 107 352 108
f 108 352 353
f 355 356 354
f 354 356 357
f 237 340 238
f 238 340 358
f 12 247 111
f 111 247 359
f 264 263 116
f 116 263 360
f 361 362 222
f 222 362 201
f 364 365 363
f 363 365 366
f 368 369 367
f 367 369 370
f 372 373 371
f 371 373 374
f 375 376 372
f 372 376 377
f 378 379 381
f 381 379 380
f 382 383 269
f 269 383 268
f 150 174 365
f 365 174 384
f 380 377 381
f 381 377 376
f 271 270 180
f 180 270 181
f 273 272 252
f 252 272 184
f 272 271 184
f 184 271 180
f 181 270 274
f 252 255 273
f 273 255 275
f 254 385 255
f 255 385 386
f 387 388 179
f 179 388 183
f 389 387 182
f 182 387 179
f 182 200 389
f 389 200 390
f 388 391 183
f 183 391 253
f 391 392 253
f 253 392 254
f 394 379 393
f 393 379 378
f 185 188 395
f 395 188 396
f 221 185 397
f 397 185 395
f 222 221 398
f 398 221 397
f 188 256 396
f 396 256 399
f 400 401 256
f 256 401 399
f 402 403 405
f 405 403 404
f 148 150 364
f 364 150 365
f 393 406 394
f 394 406 407
f 158 246 393
f 393 246 406
f 342 19 238
f 238 19 239
f 23 22 350
f 350 22 354
f 244 50 245
f 245 50 138
f 55 142 53
f 53 142 139
f 145 144 296
f 296 144 143
f 355 228 341
f 341 228 20
f 41 240 42
f 42 240 239
f 283 308 284
f 284 308 307
f 349 409 408
f 408 409 410
f 244 245 41
f 41 245 240
f 268 383 406
f 406 383 407
f 346 411 349
f 349 411 409
f 251 412 248
f 248 412 413
f 275 414 250
f 250 414 415
f 25 45 26
f 26 45 277
f 43 26 96
f 96 26 277
f 416 417 61
f 61 417 62
f 329 24 408
f 408 24 23
f 31 40 32
f 32 40 322
f 39 38 329
f 329 38 24
f 37 38 30
f 30 38 31
f 418 419 421
f 421 419 420
f 78 295 79
f 79 295 294
f 124 339 422
f 422 339 345
f 232 131 357
f 357 131 351
f 2 236 6
f 6 236 235
f 252 184 253
f 253 184 183
f 227 423 256
f 256 423 400
f 423 227 305
f 305 227 226
f 424 258 425
f 425 258 257
f 426 427 212
f 212 427 257
f 259 133 249
f 249 133 164
f 419 418 428
f 428 418 429
f 327 430 328
f 328 430 288
f 49 431 46
f 46 431 67
f 306 302 424
f 424 302 258
f 313 432 314
f 314 432 433
f 32 321 29
f 29 321 318
f 324 314 433
f 287 318 328
f 328 318 321
f 134 260 236
f 236 260 233
f 345 339 234
f 234 339 235
f 357 351 354
f 354 351 350
f 408 23 349
f 349 23 350
f 317 278 36
f 36 278 45
f 432 313 429
f 429 313 428
f 435 428 434
f 434 428 313
f 42 239 18
f 18 239 19
f 43 42 26
f 26 42 18
f 121 120 436
f 436 120 437
f 302 301 258
f 258 301 213
f 110 109 126
f 126 109 123
f 238 358 342
f 342 358 343
f 341 20 342
f 342 20 19
f 322 438 320
f 320 438 439
f 320 439 327
f 327 439 430
f 333 440 322
f 322 440 438
f 289 288 323
f 323 288 430
f 115 340 116
f 116 340 264
f 146 145 149
f 149 145 296
f 15 140 16
f 16 140 155
f 441 442 152
f 152 442 153
f 225 224 203
f 203 224 206
f 175 297 154
f 154 297 151
f 293 443 294
f 294 443 444
f 248 413 249
f 249 413 445
f 446 447 400
f 400 447 401
f 388 387 396
f 396 387 395
f 387 389 395
f 395 389 397
f 391 388 399
f 399 388 396
f 401 392 399
f 399 392 391
f 255 386 275
f 275 386 414
f 449 450 448
f 448 450 451
f 335 452 285
f 285 452 215
f 453 298 442
f 442 298 153
f 211 223 212
f 212 223 426
f 425 257 454
f 454 257 427
f 266 10 262
f 262 10 9
f 360 113 456
f 456 113 455
f 8 194 137
f 137 194 261
f 10 266 246
f 246 266 267
f 203 202 225
f 225 202 300
f 262 9 263
f 263 9 114
f 108 353 190
f 190 353 191
f 389 390 397
f 397 390 398
f 457 422 128
f 128 422 129
f 156 158 378
f 378 158 393
f 347 346 348
f 348 346 349
f 447 458 401
f 401 458 392
f 364 382 148
f 148 382 269
f 55 54 57
f 57 54 58
f 75 64 459
f 459 64 460
f 100 90 101
f 101 90 95
f 101 58 100
f 100 58 54
f 142 55 144
f 144 55 57
f 147 146 269
f 269 146 148
f 459 93 75
f 75 93 92
f 144 145 142
f 142 145 141
f 228 27 20
f 20 27 17
f 154 299 175
f 175 299 176
f 214 213 224
f 224 213 301
f 424 461 306
f 306 461 303
f 285 286 309
f 309 286 310
f 462 334 308
f 308 334 309
f 302 306 226
f 226 306 305
f 37 28 21
f 21 28 27
f 29 35 30
f 30 35 34
f 30 34 37
f 37 34 28
f 344 436 356
f 356 436 229
f 325 290 326
f 326 290 289
f 311 439 312
f 312 439 438
f 35 319 36
f 36 319 315
f 439 311 430
f 430 311 323
f 315 319 325
f 325 319 290
f 440 463 438
f 438 463 312
f 341 344 355
f 355 344 356
f 360 456 116
f 116 456 117
f 354 22 355
f 355 22 228
f 326 289 324
f 324 289 323
f 74 87 68
f 68 87 69
f 50 53 138
f 138 53 139
f 268 406 267
f 267 406 246
f 190 106 108
f 108 106 109
f 241 455 112
f 112 455 113
f 358 122 343
f 343 122 121
f 129 347 130
f 130 347 348
f 348 351 130
f 130 351 131
f 229 232 356
f 356 232 357
f 340 115 358
f 358 115 122
f 111 359 112
f 112 359 242
f 125 124 457
f 457 124 422
f 231 132 232
f 232 132 131
f 343 121 344
f 344 121 436
f 263 114 360
f 360 114 113
f 347 129 345
f 345 129 422
f 230 229 437
f 437 229 436
f 464 446 423
f 423 446 400
f 465 466 468
f 468 466 467
f 470 471 469
f 469 471 472
f 469 472 373
f 373 472 374
f 474 469 473
f 473 469 373
f 471 475 472
f 472 475 476
f 472 477 374
f 374 477 478
f 477 472 476
f 479 480 476
f 476 480 477
f 473 373 377
f 377 373 372
f 481 482 479
f 479 482 480
f 483 484 481
f 481 484 482
f 403 402 485
f 485 402 486
f 487 488 483
f 483 488 484
f 487 489 488
f 488 489 490
f 489 491 490
f 490 491 492
f 491 493 492
f 492 493 494
f 493 495 494
f 494 495 496
f 497 498 481
f 481 498 483
f 484 499 482
f 482 499 367
f 370 480 367
f 367 480 482
f 480 370 477
f 477 370 478
f 500 497 479
f 479 497 481
f 451 473 380
f 380 473 377
f 448 451 379
f 379 451 380
f 501 502 504
f 504 502 503
f 449 505 507
f 507 505 506
f 486 508 505
f 505 508 506
f 508 509 506
f 506 509 510
f 511 507 510
f 510 507 506
f 509 508 512
f 512 508 513
f 515 509 514
f 514 509 512
f 509 515 510
f 510 515 516
f 510 516 511
f 511 516 517
f 486 505 485
f 485 505 518
f 505 449 518
f 518 449 448
f 383 382 403
f 403 382 404
f 363 404 364
f 364 404 382
f 403 485 383
f 383 485 407
f 519 520 361
f 361 520 362
f 522 496 521
f 521 496 495
f 450 474 451
f 451 474 473
f 363 366 523
f 523 366 524
f 525 499 488
f 488 499 484
f 488 490 525
f 525 490 526
f 496 522 520
f 520 522 527
f 494 496 519
f 519 496 520
f 492 494 528
f 528 494 519
f 529 530 495
f 495 530 521
f 490 492 526
f 526 492 528
f 529 495 531
f 531 495 493
f 533 534 532
f 532 534 535
f 523 524 533
f 533 524 534
f 486 402 532
f 532 402 533
f 529 536 530
f 530 536 537
f 536 538 537
f 537 538 539
f 540 541 539
f 539 541 537
f 530 537 535
f 535 537 541
f 542 539 543
f 543 539 538
f 539 542 540
f 540 542 544
f 541 540 513
f 513 540 512
f 540 544 512
f 512 544 514
f 546 547 545
f 545 547 548
f 549 550 531
f 531 550 551
f 550 549 552
f 552 549 553
f 546 550 554
f 554 550 552
f 547 546 555
f 555 546 554
f 498 556 558
f 558 556 557
f 559 557 560
f 560 557 556
f 561 562 560
f 560 562 559
f 557 559 552
f 552 559 554
f 559 562 554
f 554 562 555
f 558 557 553
f 553 557 552
f 475 471 563
f 563 471 564
f 565 563 567
f 567 563 566
f 471 470 564
f 564 470 466
f 564 466 568
f 568 466 465
f 568 465 569
f 569 465 570
f 572 573 571
f 571 573 574
f 569 575 567
f 567 575 576
f 577 565 576
f 576 565 567
f 578 579 581
f 581 579 580
f 575 561 576
f 576 561 560
f 556 577 560
f 560 577 576
f 577 556 497
f 497 556 498
f 565 577 500
f 500 577 497
f 563 565 475
f 475 565 500
f 553 489 558
f 558 489 487
f 531 493 549
f 549 493 491
f 489 553 491
f 491 553 549
f 394 407 518
f 518 407 485
f 518 448 394
f 394 448 379
f 545 548 538
f 538 548 543
f 551 545 536
f 536 545 538
f 536 529 551
f 551 529 531
f 507 582 449
f 449 582 450
f 511 583 507
f 507 583 582
f 511 517 583
f 583 517 584
f 585 586 588
f 588 586 587
f 590 591 589
f 589 591 592
f 591 590 593
f 593 590 594
f 596 597 595
f 595 597 598
f 599 600 602
f 602 600 601
f 604 605 603
f 603 605 606
f 608 609 607
f 607 609 610
f 612 613 611
f 611 613 614
f 615 616 618
f 618 616 617
f 620 621 619
f 619 621 622
f 624 625 623
f 623 625 626
f 628 629 627
f 627 629 630
f 632 633 631
f 631 633 634
f 635 636 638
f 638 636 637
f 639 640 642
f 642 640 641
f 644 645 643
f 643 645 646
f 619 622 647
f 647 622 648
f 650 651 649
f 649 651 652
f 601 653 602
f 602 653 654
f 656 657 655
f 655 657 658
f 660 661 659
f 659 661 662
f 664 665 663
f 663 665 666
f 593 594 667
f 667 594 668
f 669 670 672
f 672 670 671
f 673 674 676
f 676 674 675
f 633 632 677
f 677 632 678
f 663 666 679
f 679 666 680
f 681 682 684
f 684 682 683
f 686 687 685
f 685 687 688
f 690 661 689
f 689 661 691
f 693 686 692
f 692 686 685
f 695 597 694
f 694 597 668
f 594 696 668
f 668 696 694
f 697 698 696
f 696 698 699
f 700 701 697
f 697 701 698
f 702 585 703
f 703 585 588
f 671 690 672
f 672 690 689
f 640 639 704
f 704 639 705
f 679 706 663
f 663 706 658
f 708 709 707
f 707 709 710
f 711 712 610
f 610 712 607
f 713 714 716
f 716 714 715
f 717 718 720
f 720 718 719
f 722 634 721
f 721 634 633
f 724 725 723
f 723 725 726
f 728 729 727
f 727 729 730
f 732 733 731
f 731 733 734
f 707 710 735
f 735 710 736
f 643 737 644
f 644 737 738
f 740 741 739
f 739 741 742
f 608 744 743
f 743 744 745
f 747 748 746
f 746 748 749
f 751 752 750
f 750 752 753
f 754 755 757
f 757 755 756
f 758 759 761
f 761 759 760
f 763 764 762
f 762 764 765
f 767 768 766
f 766 768 769
f 771 772 770
f 770 772 773
f 775 776 774
f 774 776 777
f 779 780 778
f 778 780 781
f 783 712 782
f 782 712 784
f 785 786 788
f 788 786 787
f 790 628 789
f 789 628 627
f 792 793 791
f 791 793 794
f 795 796 726
f 726 796 723
f 798 799 797
f 797 799 800
f 721 633 801
f 801 633 677
f 797 800 802
f 802 800 803
f 805 806 804
f 804 806 807
f 809 810 808
f 808 810 811
f 813 814 812
f 812 814 815
f 809 808 817
f 817 808 816
f 818 819 804
f 804 819 805
f 820 821 818
f 818 821 819
f 821 820 587
f 587 820 822
f 809 823 810
f 810 823 824
f 814 807 815
f 815 807 806
f 826 426 825
f 825 426 223
f 426 826 427
f 427 826 827
f 828 829 454
f 454 829 830
f 831 832 677
f 677 832 801
f 834 835 833
f 833 835 836
f 838 839 837
f 837 839 840
f 841 842 844
f 844 842 843
f 845 846 803
f 803 846 802
f 847 831 678
f 678 831 677
f 848 849 851
f 851 849 850
f 853 854 852
f 852 854 855
f 857 858 856
f 856 858 680
f 860 861 859
f 859 861 862
f 864 865 863
f 863 865 866
f 868 869 867
f 867 869 870
f 839 871 840
f 840 871 872
f 849 848 874
f 874 848 873
f 876 877 875
f 875 877 878
f 880 881 879
f 879 881 882
f 883 884 886
f 886 884 885
f 846 887 802
f 802 887 888
f 890 891 889
f 889 891 888
f 893 894 892
f 892 894 895
f 896 897 728
f 728 897 729
f 899 900 898
f 898 900 901
f 902 852 904
f 904 852 903
f 849 905 850
f 850 905 906
f 875 878 907
f 907 878 908
f 910 911 909
f 909 911 912
f 914 915 913
f 913 915 916
f 917 918 862
f 862 918 859
f 919 920 856
f 856 920 921
f 923 924 922
f 922 924 925
f 926 927 925
f 925 927 922
f 929 930 928
f 928 930 693
f 932 695 931
f 931 695 694
f 823 867 824
f 824 867 933
f 935 936 934
f 934 936 937
f 938 868 823
f 823 868 867
f 940 847 939
f 939 847 678
f 632 655 678
f 678 655 939
f 941 942 619
f 619 942 620
f 687 943 688
f 688 943 944
f 851 850 945
f 945 850 903
f 850 906 903
f 903 906 904
f 946 947 949
f 949 947 948
f 951 952 950
f 950 952 953
f 955 956 954
f 954 956 957
f 907 958 875
f 875 958 874
f 960 961 959
f 959 961 962
f 963 853 902
f 902 853 852
f 909 964 910
f 910 964 965
f 967 968 966
f 966 968 969
f 971 972 970
f 970 972 973
f 974 960 975
f 975 960 959
f 977 978 976
f 976 978 979
f 981 977 980
f 980 977 976
f 980 982 981
f 981 982 983
f 985 983 984
f 984 983 982
f 984 986 985
f 985 986 987
f 989 990 988
f 988 990 991
f 993 994 992
f 992 994 995
f 997 998 996
f 996 998 999
f 1001 1002 1000
f 1000 1002 1003
f 1005 1006 1004
f 1004 1006 1007
f 1004 1008 1005
f 1005 1008 1009
f 1008 1010 1009
f 1009 1010 1011
f 1013 1011 1012
f 1012 1011 1010
f 1014 1015 1017
f 1017 1015 1016
f 1019 1020 1018
f 1018 1020 1021
f 1022 1023 976
f 976 1023 980
f 1024 1025 982
f 982 1025 984
f 992 995 1026
f 1026 995 1027
f 956 955 1028
f 1028 955 1029
f 1030 1031 1033
f 1033 1031 1032
f 1010 1008 1034
f 1034 1008 1035
f 1008 1004 1035
f 1035 1004 1036
f 1037 1038 1002
f 1002 1038 1007
f 1002 1001 1037
f 1037 1001 1039
f 1040 1041 997
f 997 1041 998
f 1015 1014 1043
f 1043 1014 1042
f 1044 1045 1047
f 1047 1045 1046
f 1044 1020 1048
f 1048 1020 1049
f 1050 1051 1003
f 1003 1051 1000
f 1052 1050 1006
f 1006 1050 1003
f 1053 1054 1011
f 1011 1054 1009
f 1013 1045 1055
f 1055 1045 1056
f 1058 1059 1057
f 1057 1059 1060
f 1062 1063 1061
f 1061 1063 1064
f 1065 1066 1050
f 1050 1066 1051
f 1067 1065 1052
f 1052 1065 1050
f 1068 1069 1054
f 1054 1069 1070
f 1071 1068 1053
f 1053 1068 1054
f 1073 1071 1072
f 1072 1071 1074
f 1074 1071 1055
f 1055 1071 1053
f 1076 1077 1075
f 1075 1077 1078
f 1079 1080 1057
f 1057 1080 1058
f 1081 1082 1064
f 1064 1082 1061
f 1084 1085 1083
f 1083 1085 1086
f 1088 1089 1087
f 1087 1089 1090
f 1092 1093 1091
f 1091 1093 1094
f 1096 1097 1095
f 1095 1097 1098
f 1099 1100 1102
f 1102 1100 1101
f 1103 1104 1099
f 1099 1104 1100
f 1106 1107 1105
f 1105 1107 1108
f 1110 1111 1109
f 1109 1111 1112
f 1114 1115 1113
f 1113 1115 1116
f 1118 1119 1117
f 1117 1119 1077
f 1117 1120 1122
f 1122 1120 1121
f 1105 1123 1106
f 1106 1123 1124
f 1125 1126 1128
f 1128 1126 1127
f 1130 1131 1129
f 1129 1131 1132
f 1134 1135 1133
f 1133 1135 1114
f 1113 1136 1114
f 1114 1136 1133
f 1118 1137 1113
f 1113 1137 1136
f 1118 1117 1137
f 1137 1117 1122
f 1139 1140 1138
f 1138 1140 1141
f 1143 953 1142
f 1142 953 952
f 1145 957 1144
f 1144 957 956
f 1028 1146 956
f 956 1146 1144
f 1014 1147 1042
f 1042 1147 1148
f 1014 1017 1147
f 1147 1017 1149
f 1059 1058 1150
f 1150 1058 1151
f 1153 1080 1152
f 1152 1080 1154
f 1156 1088 1155
f 1155 1088 1087
f 1157 1158 1106
f 1106 1158 1107
f 1106 1124 1157
f 1157 1124 1159
f 1161 1162 1160
f 1160 1162 1163
f 1165 1166 1164
f 1164 1166 1167
f 1168 1031 1012
f 1012 1031 1046
f 1024 1023 1035
f 1035 1023 1034
f 1036 1038 1025
f 1025 1038 1169
f 1170 1171 1039
f 1039 1171 1037
f 1028 1029 1042
f 1042 1029 1043
f 1172 1173 1175
f 1175 1173 1174
f 1055 1053 1013
f 1013 1053 1011
f 1005 1009 1070
f 1070 1009 1054
f 996 999 1062
f 1062 999 1063
f 1016 1060 1017
f 1017 1060 1059
f 1017 1059 1149
f 1149 1059 1150
f 1177 1178 1176
f 1176 1178 1103
f 1176 1072 1179
f 1179 1072 1074
f 1073 1102 1086
f 1086 1102 1083
f 1180 1181 1067
f 1067 1181 1065
f 1182 1183 1184
f 1184 1183 1181
f 1186 1187 1185
f 1185 1187 1188
f 1189 1190 798
f 798 1190 799
f 1192 1193 1191
f 1191 1193 1194
f 1195 1196 1194
f 1194 1196 1191
f 1196 1195 1198
f 1198 1195 1197
f 1200 674 1199
f 1199 674 673
f 928 1201 1203
f 1203 1201 1202
f 861 1204 862
f 862 1204 921
f 1205 1206 913
f 913 1206 1207
f 882 1208 879
f 879 1208 1209
f 1210 1211 1167
f 1167 1211 1164
f 1212 769 1213
f 1213 769 768
f 727 1214 728
f 728 1214 1215
f 1217 1218 1216
f 1216 1218 1219
f 1220 813 1221
f 1221 813 812
f 827 828 427
f 427 828 454
f 1223 1224 1222
f 1222 1224 1165
f 1226 1227 1225
f 1225 1227 1228
f 851 1229 848
f 848 1229 1230
f 834 854 835
f 835 854 1231
f 1233 1234 1232
f 1232 1234 1235
f 1237 751 1236
f 1236 751 750
f 743 819 1238
f 1238 819 821
f 1240 1241 1239
f 1239 1241 1242
f 1244 1245 1243
f 1243 1245 1246
f 844 1247 841
f 841 1247 1248
f 1250 1251 1249
f 1249 1251 1252
f 1254 893 1253
f 1253 893 1237
f 1255 1256 1258
f 1258 1256 1257
f 1260 1261 1259
f 1259 1261 1262
f 945 903 855
f 855 903 852
f 855 1263 945
f 945 1263 1264
f 832 845 801
f 801 845 803
f 800 721 803
f 803 721 801
f 721 800 722
f 722 800 799
f 1266 1267 1265
f 1265 1267 1268
f 1270 795 1269
f 1269 795 726
f 725 1271 726
f 726 1271 1269
f 737 765 738
f 738 765 764
f 759 740 760
f 760 740 739
f 717 1272 1274
f 1274 1272 1273
f 1163 1226 1275
f 1275 1226 1225
f 1277 882 1276
f 1276 882 881
f 1041 1040 1027
f 1027 1040 1026
f 900 935 901
f 901 935 934
f 1164 1278 1165
f 1165 1278 1222
f 1211 1279 1164
f 1164 1279 1278
f 442 1280 453
f 453 1280 1281
f 788 1282 785
f 785 1282 1283
f 1285 1286 1284
f 1284 1286 1287
f 1284 1288 1285
f 1285 1288 1289
f 757 1289 754
f 754 1289 1288
f 605 604 675
f 675 604 676
f 1290 1291 1293
f 1293 1291 1292
f 1295 1296 1294
f 1294 1296 1297
f 696 699 694
f 694 699 931
f 1298 1299 592
f 592 1299 589
f 1299 1300 589
f 589 1300 700
f 1300 1301 700
f 700 1301 701
f 743 745 819
f 819 745 805
f 1303 1304 1302
f 1302 1304 1305
f 1306 1307 1305
f 1305 1307 1302
f 609 1298 610
f 610 1298 592
f 587 822 588
f 588 822 1308
f 703 588 1309
f 1309 588 1308
f 1310 703 571
f 571 703 1309
f 1311 1312 789
f 789 1312 790
f 825 223 1313
f 1313 223 220
f 219 1314 220
f 220 1314 1313
f 1315 1316 1311
f 1311 1316 1312
f 1317 1318 1319
f 1319 1318 1241
f 441 1320 442
f 442 1320 1280
f 1321 217 572
f 572 217 216
f 1323 1230 1322
f 1322 1230 1229
f 1324 1325 631
f 631 1325 656
f 1034 1168 1010
f 1010 1168 1012
f 1327 1328 1326
f 1326 1328 1329
f 1331 1202 1330
f 1330 1202 1201
f 571 1309 572
f 572 1309 1321
f 573 572 1332
f 1332 572 216
f 1334 1335 1333
f 1333 1335 1336
f 1337 1338 918
f 918 1338 859
f 1339 863 1340
f 1340 863 866
f 1341 1342 1344
f 1344 1342 1343
f 1345 1346 919
f 919 1346 920
f 1347 1348 673
f 673 1348 1199
f 693 1349 928
f 928 1349 1201
f 1351 1257 1350
f 1350 1257 1256
f 1350 1352 1351
f 1351 1352 1353
f 653 930 654
f 654 930 662
f 1279 1354 1278
f 1278 1354 1355
f 1357 1358 1356
f 1356 1358 1359
f 937 1360 1140
f 1140 1360 1361
f 1225 1228 909
f 909 1228 964
f 901 934 1362
f 1362 934 1139
f 1364 1365 1363
f 1363 1365 1362
f 1367 912 1366
f 1366 912 911
f 1143 1142 1368
f 1368 1142 1369
f 1144 1186 1145
f 1145 1186 1185
f 1146 1175 1144
f 1144 1175 1186
f 1175 1146 1172
f 1172 1146 1148
f 1147 1018 1148
f 1148 1018 1172
f 1018 1147 1019
f 1019 1147 1149
f 1149 1150 1019
f 1019 1150 1370
f 1150 1151 1370
f 1370 1151 1371
f 1151 1153 1371
f 1371 1153 1177
f 1152 1156 1178
f 1178 1156 1372
f 1155 1158 1373
f 1373 1158 1374
f 1157 1159 1376
f 1376 1159 1375
f 1378 1379 1377
f 1377 1379 1380
f 1382 1383 1381
f 1381 1383 1384
f 1382 1386 1385
f 1385 1386 1387
f 1386 1233 1387
f 1387 1233 1232
f 1389 1390 1388
f 1388 1390 1391
f 1393 1394 1392
f 1392 1394 1395
f 1397 1398 1396
f 1396 1398 1399
f 629 1397 630
f 630 1397 1396
f 1342 1400 1343
f 1343 1400 1401
f 1403 1404 1402
f 1402 1404 1405
f 1407 1408 1406
f 1406 1408 1409
f 1411 1412 1410
f 1410 1412 1413
f 793 1414 794
f 794 1414 1415
f 1417 1341 1416
f 1416 1341 1344
f 704 705 1347
f 1347 705 1418
f 741 1419 742
f 742 1419 1420
f 1422 669 1421
f 1421 669 672
f 645 1423 646
f 646 1423 1424
f 1196 1198 614
f 614 1198 611
f 613 1425 614
f 614 1425 1426
f 1427 616 659
f 659 616 660
f 614 1426 1196
f 1196 1426 1191
f 696 594 697
f 697 594 590
f 697 590 700
f 700 590 589
f 703 1310 702
f 702 1310 1428
f 1421 672 1192
f 1192 672 689
f 1271 648 1269
f 1269 648 622
f 621 1270 622
f 622 1270 1269
f 1429 1430 1417
f 1417 1430 1341
f 1431 1432 1434
f 1434 1432 1433
f 1436 1437 1435
f 1435 1437 1438
f 1440 1441 1439
f 1439 1441 1442
f 1443 1444 1446
f 1446 1444 1445
f 823 809 938
f 938 809 817
f 810 1447 811
f 811 1447 1448
f 1449 1450 679
f 679 1450 706
f 913 916 1205
f 1205 916 1451
f 1275 1225 912
f 912 1225 909
f 1452 1453 880
f 880 1453 881
f 1444 1401 1445
f 1445 1401 1400
f 936 1454 937
f 937 1454 1360
f 824 1455 810
f 810 1455 1447
f 631 656 632
f 632 656 655
f 966 1456 967
f 967 1456 1457
f 1459 1460 1458
f 1458 1460 1461
f 1460 1462 1461
f 1461 1462 1463
f 972 974 973
f 973 974 975
f 990 995 991
f 991 995 994
f 1464 1187 1033
f 1033 1187 1174
f 1018 1021 1172
f 1172 1021 1173
f 1000 999 1001
f 1001 999 998
f 976 979 1022
f 1022 979 1032
f 1023 1024 980
f 980 1024 982
f 989 986 1171
f 1171 986 1169
f 1171 1170 989
f 989 1170 990
f 1170 1027 990
f 990 1027 995
f 1041 1039 998
f 998 1039 1001
f 1051 1063 1000
f 1000 1063 999
f 1066 1064 1051
f 1051 1064 1063
f 1183 1081 1066
f 1066 1081 1064
f 1178 1372 1103
f 1103 1372 1104
f 1092 1091 1465
f 1465 1091 1182
f 1467 1465 1466
f 1466 1465 1468
f 1469 1470 1184
f 1184 1470 1468
f 1095 1098 1471
f 1471 1098 1101
f 1076 1374 1120
f 1120 1374 1376
f 1110 1472 1127
f 1127 1472 1132
f 1472 1473 1132
f 1132 1473 1129
f 1474 1475 1466
f 1466 1475 1473
f 1119 1118 1116
f 1116 1118 1113
f 1375 1121 1376
f 1376 1121 1120
f 1127 1132 1128
f 1128 1132 1131
f 1227 1476 1228
f 1228 1476 1361
f 1365 1477 1362
f 1362 1477 872
f 1478 1479 1323
f 1323 1479 1230
f 1480 1481 914
f 914 1481 915
f 913 1277 914
f 914 1277 1276
f 1168 1034 1022
f 1022 1034 1023
f 1035 1036 1024
f 1024 1036 1025
f 1039 1041 1170
f 1170 1041 1027
f 1042 1148 1028
f 1028 1148 1146
f 968 1459 969
f 969 1459 1458
f 1482 1483 664
f 664 1483 665
f 1485 1486 1484
f 1484 1486 1487
f 1489 1490 1488
f 1488 1490 1491
f 1492 1493 722
f 722 1493 634
f 1495 1496 1494
f 1494 1496 1497
f 1498 1207 1339
f 1339 1207 863
f 1224 1499 1165
f 1165 1499 1166
f 1160 1163 1500
f 1500 1163 1275
f 1500 877 1160
f 1160 877 1501
f 876 873 1502
f 1502 873 1479
f 945 1264 851
f 851 1264 1229
f 835 1231 839
f 839 1231 871
f 1503 1283 778
f 778 1283 1282
f 716 715 1505
f 1505 715 1504
f 1446 1445 1507
f 1507 1445 1506
f 779 792 1381
f 1381 792 791
f 1430 1409 1341
f 1341 1409 1342
f 1411 1429 1508
f 1508 1429 1417
f 635 1510 1509
f 1509 1510 1511
f 1377 1380 1315
f 1315 1380 1316
f 1445 1400 1506
f 1506 1400 1408
f 918 917 1336
f 1336 917 1333
f 1513 1514 1512
f 1512 1514 870
f 1515 1516 1363
f 1363 1516 1364
f 1453 1517 881
f 881 1517 1276
f 992 1518 993
f 993 1518 1519
f 1520 1029 1518
f 1518 1029 955
f 1520 1026 1521
f 1521 1026 1040
f 1522 1015 1521
f 1521 1015 1043
f 996 1523 997
f 997 1523 1522
f 1060 1016 1524
f 1524 1016 1523
f 1061 1525 1062
f 1062 1525 1524
f 1079 1527 1526
f 1526 1527 1528
f 1093 1529 1094
f 1094 1529 1528
f 1111 1530 1112
f 1112 1530 1531
f 1532 1533 1105
f 1105 1533 1123
f 934 937 1139
f 1139 937 1140
f 1138 1363 1139
f 1139 1363 1362
f 1534 1222 1355
f 1355 1222 1278
f 1535 1223 1534
f 1534 1223 1222
f 821 587 1238
f 1238 587 586
f 1319 711 1317
f 1317 711 1536
f 1538 1200 1537
f 1537 1200 1199
f 1508 1417 1539
f 1539 1417 1416
f 1540 1541 840
f 840 1541 837
f 1231 898 871
f 871 898 901
f 1500 1275 1367
f 1367 1275 912
f 1543 1379 1542
f 1542 1379 1395
f 1539 772 1508
f 1508 772 1544
f 1546 1403 1545
f 1545 1403 1402
f 1548 1549 1547
f 1547 1549 1550
f 1552 1548 1551
f 1551 1548 1547
f 1554 1555 1553
f 1553 1555 1556
f 1558 1559 1557
f 1557 1559 1560
f 1562 1563 1561
f 1561 1563 1564
f 1566 1567 1565
f 1565 1567 1568
f 1570 1571 1569
f 1569 1571 1572
f 1574 1575 1573
f 1573 1575 1576
f 1577 1578 1572
f 1572 1578 1569
f 1580 1581 1579
f 1579 1581 1582
f 1584 1585 1583
f 1583 1585 1586
f 1588 1555 1587
f 1587 1555 1589
f 1591 1592 1590
f 1590 1592 1593
f 1595 1596 1594
f 1594 1596 1597
f 1596 1581 1597
f 1597 1581 1576
f 1599 1570 1598
f 1598 1570 1569
f 1601 1602 1600
f 1600 1602 1603
f 1605 1606 1604
f 1604 1606 1607
f 1608 1609 1568
f 1568 1609 1565
f 1611 1612 1610
f 1610 1612 1613
f 1615 1616 1614
f 1614 1616 1617
f 1619 1617 1618
f 1618 1617 1616
f 1621 1622 1620
f 1620 1622 1623
f 1625 1626 1624
f 1624 1626 1627
f 1629 1630 1628
f 1628 1630 1631
f 1633 1634 1632
f 1632 1634 1635
f 1636 1637 1639
f 1639 1637 1638
f 1641 1642 1640
f 1640 1642 1643
f 1624 1627 1644
f 1644 1627 1645
f 1647 1648 1646
f 1646 1648 1649
f 1651 1652 1650
f 1650 1652 1653
f 1655 1656 1654
f 1654 1656 1657
f 1659 1660 1658
f 1658 1660 1661
f 1662 1663 1631
f 1631 1663 1628
f 1651 1665 1664
f 1664 1665 1666
f 1667 1656 1619
f 1619 1656 1617
f 1669 1670 1668
f 1668 1670 1671
f 1632 1635 1672
f 1672 1635 1673
f 1674 1675 1638
f 1638 1675 1639
f 1677 1678 1676
f 1676 1678 1679
f 1680 1640 1681
f 1681 1640 1643
f 1682 1683 1643
f 1643 1683 1681
f 1670 1669 1235
f 1235 1669 1232
f 1396 1399 1674
f 1674 1399 1675
f 627 630 1679
f 1679 630 1676
f 1681 1315 1680
f 1680 1315 1311
f 1683 1377 1681
f 1681 1377 1315
f 1672 1673 1387
f 1387 1673 1385
f 1636 1684 1646
f 1646 1684 1685
f 1687 1688 1686
f 1686 1688 1689
f 1585 1690 1586
f 1586 1690 1691
f 1599 1692 1551
f 1551 1692 1693
f 1552 1558 1694
f 1694 1558 1557
f 1696 1615 1695
f 1695 1615 1614
f 1698 1699 1697
f 1697 1699 1623
f 1700 1701 1703
f 1703 1701 1702
f 1705 1706 1704
f 1704 1706 1707
f 1708 1709 1640
f 1640 1709 1641
f 1710 1711 1713
f 1713 1711 1712
f 1652 1655 1653
f 1653 1655 1654
f 1714 1699 1712
f 1712 1699 1713
f 1715 1710 1716
f 1716 1710 1713
f 1717 1708 1680
f 1680 1708 1640
f 1393 1392 1715
f 1715 1392 1710
f 1719 1720 1718
f 1718 1720 1721
f 1680 1311 1717
f 1717 1311 789
f 1378 1711 1392
f 1392 1711 1710
f 1388 1391 1719
f 1719 1391 1720
f 1723 1606 1722
f 1722 1606 1689
f 1725 1568 1724
f 1724 1568 1567
f 1726 1647 1685
f 1685 1647 1646
f 1728 1554 1727
f 1727 1554 1553
f 1591 1687 1600
f 1600 1687 1686
f 1730 1595 1729
f 1729 1595 1594
f 1601 1605 1731
f 1731 1605 1604
f 1733 1663 1732
f 1732 1663 1734
f 1736 1639 1735
f 1735 1639 1675
f 1658 1644 1737
f 1737 1644 1645
f 1726 1662 1724
f 1724 1662 1631
f 1399 1738 1675
f 1675 1738 1735
f 1621 1667 1739
f 1739 1667 1619
f 1714 1740 1620
f 1620 1740 1741
f 1592 1549 1593
f 1593 1549 1742
f 1602 1571 1603
f 1603 1571 1550
f 1688 1690 1689
f 1689 1690 1722
f 1588 1559 1582
f 1582 1559 1579
f 1673 1735 1385
f 1385 1735 1738
f 1387 1232 1672
f 1672 1232 1669
f 1580 1692 1573
f 1573 1692 1743
f 1377 1683 1378
f 1378 1683 1711
f 1664 1666 1744
f 1744 1666 1745
f 1744 1696 1664
f 1664 1696 1695
f 1746 1747 1732
f 1732 1747 1748
f 1749 1750 1677
f 1677 1750 1678
f 1709 1708 1750
f 1750 1708 1678
f 1668 1632 1669
f 1669 1632 1672
f 1633 1746 1734
f 1734 1746 1732
f 1679 1678 1717
f 1717 1678 1708
f 789 627 1717
f 1717 627 1679
f 1563 1723 1564
f 1564 1723 1722
f 1728 1584 1751
f 1751 1584 1583
f 1674 1676 1396
f 1396 1676 630
f 1666 1566 1745
f 1745 1566 1565
f 1627 1629 1645
f 1645 1629 1628
f 1637 1749 1638
f 1638 1749 1677
f 1648 1665 1649
f 1649 1665 1752
f 1740 1642 1741
f 1741 1642 1657
f 1676 1674 1677
f 1677 1674 1638
f 1683 1682 1711
f 1711 1682 1712
f 1618 1753 1619
f 1619 1753 1739
f 1701 1739 1702
f 1702 1739 1753
f 1754 1214 1756
f 1756 1214 1755
f 647 1757 619
f 619 1757 941
f 1759 1193 1758
f 1758 1193 691
f 1419 1760 1420
f 1420 1760 1761
f 682 1762 683
f 683 1762 1763
f 1412 780 1413
f 1413 780 1384
f 1383 1398 1384
f 1384 1398 1413
f 1197 1424 1764
f 1764 1424 1423
f 1537 1287 1538
f 1538 1287 1286
f 1634 1684 1635
f 1635 1684 1736
f 1724 1631 1725
f 1725 1631 1630
f 1562 1730 1610
f 1610 1730 1729
f 1735 1673 1736
f 1736 1673 1635
f 1757 1195 941
f 941 1195 1194
f 1766 200 1765
f 1765 200 199
f 475 500 476
f 476 500 479
f 498 558 483
f 483 558 487
f 545 551 546
f 546 551 550
f 453 1281 219
f 219 1281 1314
f 298 453 208
f 208 453 219
f 368 1765 1767
f 1767 1765 199
f 523 405 363
f 363 405 404
f 523 533 405
f 405 533 402
f 298 208 299
f 299 208 207
f 299 207 176
f 176 207 300
f 176 300 173
f 173 300 202
f 173 202 174
f 174 202 201
f 1337 918 1768
f 1768 918 1336
f 1769 1770 1338
f 1338 1770 859
f 581 570 578
f 578 570 1771
f 555 562 580
f 580 562 561
f 504 1772 501
f 501 1772 548
f 517 542 584
f 584 542 543
f 515 514 516
f 516 514 544
f 542 517 544
f 544 517 516
f 561 575 580
f 580 575 581
f 575 569 581
f 581 569 570
f 501 548 1773
f 1773 548 547
f 1774 1775 570
f 570 1775 1771
f 369 368 1776
f 1776 368 1767
f 372 369 375
f 375 369 1776
f 822 1280 1308
f 1308 1280 1320
f 820 1281 822
f 822 1281 1280
f 818 1314 820
f 820 1314 1281
f 1314 818 1313
f 1313 818 804
f 807 814 825
f 825 814 826
f 814 813 826
f 826 813 827
f 813 1220 827
f 827 1220 828
f 580 579 555
f 555 579 547
f 1477 1540 872
f 872 1540 840
f 367 499 368
f 368 499 1765
f 1766 1765 525
f 525 1765 499
f 1777 1766 526
f 526 1766 525
f 520 527 362
f 362 527 384
f 361 1778 519
f 519 1778 528
f 371 1779 372
f 372 1779 369
f 369 1779 370
f 370 1779 478
f 1779 371 478
f 478 371 374
f 1778 1777 528
f 528 1777 526
f 1781 1782 1780
f 1780 1782 1783
f 431 460 67
f 67 460 64
f 68 338 74
f 74 338 72
f 1785 1782 1784
f 1784 1782 1786
f 1787 1788 1790
f 1790 1788 1789
f 1792 1789 1791
f 1791 1789 1793
f 1791 1794 1792
f 1792 1794 1795
f 1794 1796 1795
f 1795 1796 1797
f 1797 1798 938
f 938 1798 868
f 1798 1799 868
f 868 1799 869
f 1801 1802 1800
f 1800 1802 1451
f 1803 1804 1205
f 1205 1804 1206
f 1805 1806 864
f 864 1806 865
f 1806 1807 865
f 865 1807 1808
f 68 71 338
f 287 328 288
f 1320 1321 1308
f 1308 1321 1309
f 1320 441 1321
f 1321 441 217
f 441 152 217
f 217 152 218
f 151 286 152
f 152 286 218
f 297 310 151
f 151 310 286
f 296 307 297
f 297 307 310
f 296 143 307
f 307 143 284
f 143 56 284
f 284 56 104
f 56 59 104
f 104 59 63
f 59 102 63
f 63 102 60
f 102 94 60
f 60 94 282
f 93 459 279
f 279 459 77
f 459 460 77
f 77 460 78
f 460 431 78
f 78 431 295
f 431 49 295
f 295 49 292
f 48 421 49
f 49 421 292
f 276 278 418
f 418 278 429
f 317 432 278
f 278 432 429
f 432 317 433
f 433 317 316
f 326 324 316
f 316 324 433
f 1536 592 1809
f 1809 592 591
f 1810 744 1812
f 1812 744 1811
f 1814 1815 1813
f 1813 1815 1816
f 1817 748 1818
f 1818 748 747
f 1812 1819 1810
f 1810 1819 1817
f 1820 1821 748
f 748 1821 749
f 1823 1824 1822
f 1822 1824 1825
f 1827 1828 1826
f 1826 1828 1829
f 1831 1832 1830
f 1830 1832 1833
f 1834 1827 1243
f 1243 1827 1826
f 1313 804 825
f 825 804 807
f 1835 1253 1236
f 1236 1253 1237
f 1836 1837 1438
f 1438 1837 1435
f 1838 1505 1840
f 1840 1505 1839
f 1841 1842 716
f 716 1842 713
f 1843 1844 1510
f 1510 1844 1845
f 1847 1848 1846
f 1846 1848 1849
f 1850 1240 1822
f 1822 1240 1239
f 636 1831 637
f 637 1831 1830
f 1852 1853 1851
f 1851 1853 1854
f 1855 1856 1858
f 1858 1856 1857
f 1846 1849 1859
f 1859 1849 1860
f 1343 1401 1509
f 1509 1401 1861
f 1509 1861 635
f 635 1861 636
f 1863 1864 1862
f 1862 1864 1865
f 1283 1503 1867
f 1867 1503 1866
f 1868 1867 681
f 681 1867 682
f 1286 1285 683
f 683 1285 684
f 757 756 1274
f 1274 756 1869
f 1274 1869 717
f 717 1869 718
f 1434 1433 719
f 719 1433 720
f 1200 1538 1545
f 1545 1538 1763
f 1285 1289 684
f 684 1289 1273
f 684 1273 681
f 681 1273 1272
f 785 1283 1868
f 1868 1283 1867
f 786 785 1870
f 1870 785 1868
f 1289 757 1273
f 1273 757 1274
f 1539 1416 1871
f 1871 1416 1872
f 773 1871 1403
f 1403 1871 1404
f 675 674 1405
f 1405 674 1402
f 1864 1873 1865
f 1865 1873 1874
f 638 1843 635
f 635 1843 1510
f 1344 1343 1511
f 1511 1343 1509
f 772 1539 773
f 773 1539 1871
f 674 1200 1402
f 1402 1200 1545
f 1538 1286 1763
f 1763 1286 683
f 1444 1443 1875
f 1875 1443 1876
f 1875 1876 1831
f 1831 1876 1832
f 1416 1344 1872
f 1872 1344 1511
f 1877 1878 774
f 774 1878 1879
f 1878 1847 1879
f 1879 1847 1846
f 1880 714 1881
f 1881 714 1848
f 1401 1444 1861
f 1861 1444 1875
f 1861 1875 636
f 636 1875 1831
f 1823 1863 1882
f 1882 1863 1862
f 1441 1440 1884
f 1884 1440 1883
f 1883 1852 1884
f 1884 1852 1851
f 1886 1887 1885
f 1885 1887 1888
f 1358 1889 1359
f 1359 1889 1890
f 1891 1886 1892
f 1892 1886 1885
f 774 1879 775
f 775 1879 1893
f 1859 1893 1846
f 1846 1893 1879
f 713 1842 1849
f 1849 1842 1860
f 1318 1895 1894
f 1894 1895 1896
f 1873 1897 1874
f 1874 1897 1898
f 1898 605 1899
f 1899 605 675
f 1405 1844 675
f 675 1844 1899
f 1404 1845 1405
f 1405 1845 1844
f 593 1296 591
f 591 1296 1809
f 1295 1292 1900
f 1900 1292 1895
f 606 1897 1291
f 1291 1897 1896
f 1510 1845 1511
f 1511 1845 1872
f 1871 1872 1404
f 1404 1872 1845
f 1866 770 1762
f 1762 770 1546
f 1762 682 1866
f 1866 682 1867
f 1870 1868 1272
f 1272 1868 681
f 1272 717 1870
f 1870 717 720
f 1870 720 786
f 786 720 1433
f 786 1433 787
f 787 1433 1432
f 1261 1414 1432
f 1432 1414 787
f 1389 1234 1260
f 1260 1234 1415
f 1719 1670 1388
f 1388 1670 1235
f 1718 1671 1719
f 1719 1671 1670
f 1705 1747 1718
f 1718 1747 1671
f 1659 1901 1704
f 1704 1901 1748
f 1877 1903 1902
f 1902 1903 1904
f 1259 1905 1390
f 1390 1905 1394
f 1715 1720 1393
f 1393 1720 1391
f 1716 1721 1715
f 1715 1721 1720
f 1698 1706 1716
f 1716 1706 1721
f 277 276 47
f 47 276 48
f 84 96 81
f 81 96 82
f 80 70 81
f 81 70 85
f 99 97 88
f 88 97 89
f 90 100 88
f 88 100 99
f 101 95 102
f 102 95 94
f 1906 1907 280
f 280 1907 281
f 97 86 89
f 89 86 85
f 60 282 61
f 61 282 281
f 83 82 46
f 46 82 47
f 293 292 420
f 420 292 421
f 419 1908 420
f 420 1908 1909
f 92 95 91
f 91 95 90
f 279 282 93
f 93 282 94
f 276 418 48
f 48 418 421
f 1910 1660 1697
f 1697 1660 1707
f 1703 1624 1700
f 1700 1624 1644
f 1622 1910 1623
f 1623 1910 1697
f 1701 1700 1911
f 1911 1700 1661
f 1700 1644 1661
f 1661 1644 1658
f 1901 1737 1733
f 1733 1737 1645
f 1625 1912 1604
f 1604 1912 1731
f 1912 1913 1731
f 1731 1913 1914
f 1913 1577 1914
f 1914 1577 1572
f 1915 1578 1616
f 1616 1578 1618
f 1915 1916 1598
f 1598 1916 1743
f 1916 1574 1743
f 1743 1574 1573
f 1575 1917 1576
f 1576 1917 1597
f 1917 1609 1597
f 1597 1609 1594
f 1608 1611 1729
f 1729 1611 1610
f 1918 1612 1629
f 1629 1612 1630
f 1626 1918 1627
f 1627 1918 1629
f 1920 1921 1919
f 1919 1921 1922
f 1920 1924 1923
f 1923 1924 1925
f 1926 1927 1924
f 1924 1927 1925
f 1929 1930 1928
f 1928 1930 1931
f 1932 1933 1935
f 1935 1933 1934
f 1937 1938 1936
f 1936 1938 1939
f 1941 1942 1940
f 1940 1942 1943
f 1941 1945 1944
f 1944 1945 1946
f 1947 1948 1694
f 1694 1948 1949
f 1950 1951 1953
f 1953 1951 1952
f 1955 1956 1954
f 1954 1956 1589
f 1958 1956 1957
f 1957 1956 1932
f 1960 1934 1959
f 1959 1934 1933
f 1962 1963 1961
f 1961 1963 1964
f 1965 1955 1751
f 1751 1955 1954
f 1935 1930 1932
f 1932 1930 1957
f 1951 1950 1926
f 1926 1950 1929
f 1966 1967 1593
f 1593 1967 1590
f 1969 1967 1968
f 1968 1967 1964
f 1962 1921 1970
f 1970 1921 1971
f 1963 1945 1964
f 1964 1945 1968
f 1972 1948 1922
f 1922 1948 1919
f 1966 1972 1961
f 1961 1972 1922
f 1958 1953 1587
f 1587 1953 1560
f 1974 1975 1973
f 1973 1975 1976
f 1978 1979 1977
f 1977 1979 1691
f 1979 1975 1691
f 1691 1975 1586
f 1938 1942 1939
f 1939 1942 1980
f 1952 1947 1557
f 1557 1947 1694
f 1969 1978 1981
f 1981 1978 1977
f 1983 1984 1982
f 1982 1984 1985
f 1986 1987 1989
f 1989 1987 1988
f 1990 1991 1983
f 1983 1991 1984
f 1990 1993 1992
f 1992 1993 1994
f 1995 1996 1994
f 1994 1996 1997
f 1999 2000 1998
f 1998 2000 2001
f 2003 2004 2002
f 2002 2004 2005
f 2007 2008 2006
f 2006 2008 2009
f 2011 2012 2010
f 2010 2012 2013
f 2014 2015 2017
f 2017 2015 2016
f 2018 2019 2021
f 2021 2019 2020
f 2022 1989 2024
f 2024 1989 2023
f 1989 1988 2023
f 2023 1988 2025
f 2026 2027 2017
f 2017 2027 2014
f 2029 2030 2028
f 2028 2030 2031
f 2033 2034 2032
f 2032 2034 2035
f 2032 2035 2036
f 2036 2035 2037
f 2039 2040 2038
f 2038 2040 2041
f 1982 2042 1983
f 1983 2042 2043
f 2045 2046 2044
f 2044 2046 2047
f 2049 2050 2048
f 2048 2050 2051
f 2053 2054 2052
f 2052 2054 2055
f 2057 2058 2056
f 2056 2058 2059
f 2060 2061 2033
f 2033 2061 2034
f 2063 2064 2062
f 2062 2064 2065
f 2066 2035 2067
f 2067 2035 2034
f 2069 2039 2068
f 2068 2039 2038
f 2025 2070 2023
f 2023 2070 2071
f 2072 2024 2071
f 2071 2024 2023
f 2074 2020 2073
f 2073 2020 2019
f 2050 2049 2047
f 2047 2049 2075
f 1983 2043 1990
f 1990 2043 1993
f 2006 2050 2007
f 2007 2050 2076
f 2050 2006 2051
f 2051 2006 2077
f 2079 2080 2078
f 2078 2080 2081
f 2082 2083 2085
f 2085 2083 2084
f 2010 2013 2086
f 2086 2013 2087
f 2089 2033 2088
f 2088 2033 2032
f 2090 2060 2089
f 2089 2060 2033
f 2092 2093 2091
f 2091 2093 2094
f 2096 1986 2095
f 2095 1986 2097
f 2097 1986 2022
f 2022 1986 1989
f 2015 2094 2016
f 2016 2094 2098
f 2016 2098 2100
f 2100 2098 2099
f 2017 2016 2101
f 2101 2016 2100
f 2017 2101 2026
f 2026 2101 2102
f 2100 2099 2104
f 2104 2099 2103
f 2104 2105 2100
f 2100 2105 2101
f 2105 2106 2101
f 2101 2106 2102
f 2108 2061 2107
f 2107 2061 2109
f 2111 2112 2110
f 2110 2112 2020
f 2020 2074 2110
f 2110 2074 2113
f 2115 2116 2114
f 2114 2116 2117
f 2118 2119 1995
f 1995 2119 2120
f 2121 2122 2027
f 2027 2122 2014
f 2047 2075 2044
f 2044 2075 2123
f 2124 2125 2127
f 2127 2125 2126
f 2129 2130 2128
f 2128 2130 2131
f 2132 2133 2057
f 2057 2133 2058
f 2134 1999 2136
f 2136 1999 2135
f 2055 2138 2137
f 2137 2138 2139
f 2141 2142 2140
f 2140 2142 2143
f 2083 2082 2064
f 2064 2082 2065
f 2082 2144 2065
f 2065 2144 2145
f 2040 2146 2041
f 2041 2146 2147
f 2060 2090 2148
f 2148 2090 2149
f 2048 2051 2137
f 2137 2051 2150
f 2151 1997 2135
f 2135 1997 1996
f 2152 2150 2077
f 2077 2150 2051
f 2046 2045 2118
f 2118 2045 2119
f 2154 2155 2153
f 2153 2155 2156
f 2158 2159 2157
f 2157 2159 2160
f 2162 2163 2161
f 2161 2163 2164
f 2164 2163 2165
f 2165 2163 2166
f 2168 2169 2167
f 2167 2169 2170
f 2003 2172 2171
f 2171 2172 2173
f 2174 2175 2002
f 2002 2175 2176
f 2145 2177 2065
f 2065 2177 2062
f 2178 2179 2180
f 2180 2179 2134
f 2181 2052 2152
f 2152 2052 2150
f 2040 2127 2146
f 2146 2127 2182
f 2130 2162 2131
f 2131 2162 2161
f 2052 2055 2150
f 2150 2055 2137
f 2184 2185 2183
f 2183 2185 2186
f 2159 2030 2160
f 2160 2030 2187
f 2146 2182 2029
f 2029 2182 2188
f 2189 2190 2192
f 2192 2190 2191
f 2172 2003 2176
f 2176 2003 2002
f 1998 2151 1999
f 1999 2151 2135
f 2177 2172 2062
f 2062 2172 2176
f 2172 2177 2173
f 2173 2177 2193
f 2063 2194 2064
f 2064 2194 2195
f 2066 2197 2196
f 2196 2197 2198
f 2002 2005 2174
f 2174 2005 2199
f 2004 2003 2200
f 2200 2003 2171
f 2198 2201 2171
f 2171 2201 2200
f 2197 2202 2198
f 2198 2202 2201
f 2202 2197 2203
f 2203 2197 2204
f 2196 2198 2173
f 2173 2198 2171
f 2205 2069 2170
f 2170 2069 2206
f 2197 2066 2204
f 2204 2066 2067
f 2107 2207 2108
f 2108 2207 2208
f 2210 2208 2209
f 2209 2208 2207
f 2185 2211 2212
f 2213 2214 2211
f 2211 2214 2212
f 1998 2001 2213
f 2213 2001 2214
f 2134 2215 1999
f 1999 2215 2000
f 2216 2217 2219
f 2219 2217 2218
f 2206 2220 2170
f 2170 2220 2167
f 2069 2068 2206
f 2206 2068 2221
f 2151 1998 2222
f 2222 1998 2213
f 2124 2039 2205
f 2205 2039 2069
f 2142 2223 2143
f 2143 2223 2128
f 2203 2186 2202
f 2202 2186 2185
f 2185 2184 2211
f 2211 2184 2224
f 2224 2225 2222
f 2222 2225 2226
f 2071 2227 2072
f 2072 2227 2228
f 2229 2074 2230
f 2230 2074 2073
f 2074 2229 2113
f 2113 2229 2231
f 2232 2225 2227
f 2227 2225 2224
f 2233 2234 2031
f 2031 2234 2028
f 2236 2231 2235
f 2235 2231 2229
f 2230 2183 2229
f 2229 2183 2235
f 2237 1987 2096
f 2096 1987 1986
f 2152 2238 2181
f 2181 2238 2239
f 2080 2240 2081
f 2081 2240 2241
f 2236 2242 1971
f 1971 2242 1970
f 1925 2113 1923
f 1923 2113 2231
f 2110 1927 2111
f 2111 1927 1928
f 2103 2111 1931
f 1931 2111 1928
f 1931 2243 2103
f 2103 2243 2104
f 2105 2104 2244
f 2244 2104 2243
f 1939 1980 2148
f 2148 1980 2109
f 1980 1944 2109
f 2109 1944 2107
f 1946 2245 2207
f 2207 2245 2209
f 2245 1970 2209
f 2209 1970 2242
f 2231 2236 1923
f 1923 2236 1971
f 2113 1925 2110
f 2110 1925 1927
f 2234 2246 2028
f 2028 2246 2147
f 2247 2248 2058
f 2058 2248 2059
f 2114 2117 2249
f 2249 2117 2250
f 2252 2253 2251
f 2251 2253 2254
f 2094 2015 2091
f 2091 2015 2255
f 2256 2255 2014
f 2014 2255 2015
f 2257 2145 2258
f 2258 2145 2144
f 2131 2161 2123
f 2123 2161 2044
f 2045 2044 2164
f 2164 2044 2161
f 2045 2164 2119
f 2119 2164 2165
f 2259 2120 2165
f 2165 2120 2119
f 2260 2261 2259
f 2259 2261 2120
f 2205 2262 2124
f 2124 2262 2125
f 2180 2263 2178
f 2178 2263 2264
f 2265 2266 2092
f 2092 2266 2093
f 1992 2267 2268
f 2184 2228 2224
f 2224 2228 2227
f 2048 2269 2049
f 2049 2269 2141
f 2129 2168 2157
f 2157 2168 2167
f 2049 2141 2075
f 2075 2141 2140
f 2199 2215 2270
f 2270 2215 2271
f 2142 2141 2272
f 2272 2141 2269
f 2089 2026 2090
f 2090 2026 2102
f 2146 2029 2147
f 2147 2029 2028
f 2111 2103 2112
f 2112 2103 2099
f 2061 2060 2109
f 2109 2060 2148
f 2273 2274 2041
f 2041 2274 2038
f 2260 2275 2261
f 2261 2275 2136
f 2057 2138 2132
f 2132 2138 2276
f 2272 2269 2056
f 2056 2269 2139
f 2277 2278 2270
f 2270 2278 2199
f 2029 2188 2030
f 2030 2188 2187
f 2040 2039 2127
f 2127 2039 2124
f 2064 2195 2083
f 2083 2195 2279
f 2056 2139 2057
f 2057 2139 2138
f 2278 2277 2247
f 2247 2277 2248
f 2062 2176 2063
f 2063 2176 2175
f 2280 2210 2242
f 2242 2210 2209
f 2282 2233 2281
f 2281 2233 2031
f 2216 2219 2283
f 2283 2219 2221
f 2158 2220 2218
f 2218 2220 2219
f 2217 2282 2218
f 2218 2282 2281
f 2220 2158 2167
f 2167 2158 2157
f 2223 2264 2128
f 2128 2264 2263
f 2261 1996 2120
f 2120 1996 1995
f 2213 2211 2222
f 2222 2211 2224
f 2283 2221 2284
f 2284 2221 2068
f 2135 1996 2136
f 2136 1996 2261
f 2144 2081 2258
f 2258 2081 2241
f 2235 2280 2236
f 2236 2280 2242
f 2246 2273 2147
f 2147 2273 2041
f 2036 2285 2032
f 2032 2285 2088
f 2077 2286 2152
f 2152 2286 2238
f 1937 1960 1973
f 1973 1960 1959
f 2070 2232 2071
f 2071 2232 2227
f 2244 2287 2105
f 2105 2287 2106
f 1936 1939 2149
f 2149 1939 2148
f 1944 1946 2107
f 2107 1946 2207
f 2285 2121 2088
f 2088 2121 2027
f 2253 2249 2254
f 2254 2249 2250
f 2006 2009 2077
f 2077 2009 2286
f 2289 2086 2288
f 2288 2086 2087
f 2223 2142 2290
f 2290 2142 2272
f 2128 2131 2143
f 2143 2131 2123
f 2156 2291 2153
f 2153 2291 2175
f 2292 2293 2278
f 2278 2293 2294
f 2075 2140 2123
f 2123 2140 2143
f 2262 2169 2275
f 2275 2169 2180
f 2275 2180 2136
f 2136 2180 2134
f 2274 2284 2038
f 2038 2284 2068
f 2127 2126 2182
f 2182 2126 2166
f 2094 2093 2098
f 2098 2093 2021
f 2098 2021 2099
f 2099 2021 2112
f 2018 2021 2266
f 2266 2021 2093
f 2251 2289 2252
f 2252 2289 2288
f 1997 2151 2226
f 2226 2151 2222
f 2206 2221 2220
f 2220 2221 2219
f 2269 2048 2139
f 2139 2048 2137
f 2159 2158 2281
f 2281 2158 2218
f 2156 2155 2190
f 2190 2155 2191
f 1974 1965 1583
f 1583 1965 1751
f 2088 2027 2089
f 2089 2027 2026
f 2030 2159 2031
f 2031 2159 2281
f 2106 2149 2102
f 2102 2149 2090
f 2287 1936 2106
f 2106 1936 2149
f 2293 2154 2294
f 2294 2154 2153
f 2021 2020 2112
f 2247 2295 2278
f 2278 2295 2292
f 2284 2296 2283
f 2283 2296 2297
f 2298 2296 2274
f 2274 2296 2284
f 2273 2299 2274
f 2274 2299 2298
f 2246 2300 2273
f 2273 2300 2299
f 2283 2297 2216
f 2216 2297 2301
f 2216 2301 2217
f 2217 2301 2302
f 2302 2303 2217
f 2217 2303 2282
f 2304 2301 2305
f 2305 2301 2297
f 2307 2308 2306
f 2306 2308 2309
f 2306 2310 2307
f 2307 2310 2311
f 2307 2312 2308
f 2308 2312 2313
f 2314 2315 2312
f 2312 2315 2316
f 2316 2317 2312
f 2312 2317 2313
f 2317 2305 2313
f 2313 2305 2318
f 2314 2312 2311
f 2311 2312 2307
f 2319 2320 2322
f 2322 2320 2321
f 2322 2311 2319
f 2319 2311 2310
f 2313 2318 2308
f 2308 2318 2309
f 2296 2298 2318
f 2318 2298 2309
f 2309 2298 2323
f 2323 2298 2299
f 2306 2309 2324
f 2324 2309 2323
f 2310 2306 2325
f 2325 2306 2324
f 2296 2318 2297
f 2297 2318 2305
f 2319 2310 2326
f 2326 2310 2325
f 2328 2325 2327
f 2327 2325 2324
f 2325 2328 2326
f 2326 2328 2329
f 2331 2328 2330
f 2330 2328 2327
f 2332 2333 2327
f 2327 2333 2330
f 2328 2331 2329
f 2329 2331 2334
f 2324 2323 2327
f 2327 2323 2332
f 2300 2332 2299
f 2299 2332 2323
f 2326 2335 2319
f 2319 2335 2320
f 2305 2317 2336
f 2336 2317 2316
f 2336 2316 2337
f 2337 2316 2315
f 2338 2304 2336
f 2336 2304 2305
f 2337 2339 2336
f 2336 2339 2338
f 2337 2315 2341
f 2341 2315 2340
f 2342 2300 2234
f 2234 2300 2246
f 2303 2343 2282
f 2282 2343 2233
f 2234 2233 2342
f 2342 2233 2343
f 2342 2343 2333
f 2333 2343 2344
f 2333 2344 2330
f 2330 2344 2345
f 2346 2344 2303
f 2303 2344 2343
f 2332 2300 2333
f 2333 2300 2342
f 2347 2346 2302
f 2302 2346 2303
f 2301 2304 2302
f 2302 2304 2347
f 2304 2338 2347
f 2347 2338 2348
f 2348 2349 2347
f 2347 2349 2346
f 2350 2351 2348
f 2348 2351 2349
f 2349 2345 2346
f 2346 2345 2344
f 2345 2349 2352
f 2352 2349 2351
f 2338 2339 2348
f 2348 2339 2350
f 2350 2339 2353
f 2353 2339 2354
f 2356 2357 2355
f 2355 2357 2353
f 2351 2350 2357
f 2357 2350 2353
f 2353 2354 2355
f 2355 2354 2335
f 2320 2335 2341
f 2341 2335 2354
f 2339 2337 2354
f 2354 2337 2341
f 2352 2331 2345
f 2345 2331 2330
f 2356 2334 2352
f 2352 2334 2331
f 2356 2352 2357
f 2357 2352 2351
f 2355 2329 2356
f 2356 2329 2334
f 2335 2326 2355
f 2355 2326 2329
f 2321 2314 2322
f 2322 2314 2311
f 2321 2320 2340
f 2340 2320 2341
f 2315 2314 2340
f 2340 2314 2321
f 2125 2260 2126
f 2126 2260 2259
f 2157 2160 2129
f 2129 2160 2130
f 2188 2163 2187
f 2187 2163 2162
f 2182 2166 2188
f 2188 2166 2163
f 2180 2169 2263
f 2263 2169 2168
f 2160 2187 2130
f 2130 2187 2162
f 2275 2260 2262
f 2262 2260 2125
f 2128 2263 2129
f 2129 2263 2168
f 2262 2205 2169
f 2169 2205 2170
f 2165 2166 2259
f 2259 2166 2126
f 2359 2360 2358
f 2358 2360 2361
f 2363 2364 2362
f 2362 2364 2365
f 2367 2363 2366
f 2366 2363 2362
f 2368 2369 2371
f 2371 2369 2370
f 2372 2373 2248
f 2248 2373 2059
f 2364 2374 2365
f 2365 2374 2375
f 2377 2378 2376
f 2376 2378 2379
f 2290 2380 2223
f 2223 2380 2381
f 2223 2381 2264
f 2264 2381 2382
f 2384 2385 2383
f 2383 2385 2386
f 2364 2371 2374
f 2374 2371 2387
f 2059 2373 2290
f 2290 2373 2380
f 2378 2360 2379
f 2379 2360 2388
f 2374 2387 2359
f 2359 2387 2389
f 2390 2367 2386
f 2386 2367 2391
f 2393 2394 2392
f 2392 2394 2395
f 2386 2391 2383
f 2383 2391 2396
f 2367 2366 2391
f 2391 2366 2397
f 2363 2367 2368
f 2368 2367 2390
f 2398 2399 2361
f 2361 2399 2358
f 2399 2400 2358
f 2358 2400 2375
f 2390 2401 2368
f 2368 2401 2369
f 2372 2384 2376
f 2376 2384 2383
f 2374 2359 2375
f 2375 2359 2358
f 2402 2403 2365
f 2365 2403 2362
f 2359 2389 2360
f 2360 2389 2388
f 2364 2363 2371
f 2371 2363 2368
f 2405 2398 2404
f 2404 2398 2361
f 2392 2395 2406
f 2406 2395 2397
f 2377 2396 2394
f 2394 2396 2395
f 2394 2393 2404
f 2404 2393 2405
f 2396 2377 2383
f 2383 2377 2376
f 2406 2397 2407
f 2407 2397 2366
f 2400 2402 2375
f 2375 2402 2365
f 2385 2270 2401
f 2401 2270 2271
f 2403 2407 2362
f 2362 2407 2366
f 2371 2370 2387
f 2387 2370 2382
f 2391 2397 2396
f 2396 2397 2395
f 2378 2377 2404
f 2404 2377 2394
f 2360 2378 2361
f 2361 2378 2404
f 2407 2408 2406
f 2406 2408 2409
f 2410 2408 2403
f 2403 2408 2407
f 2411 2410 2402
f 2402 2410 2403
f 2412 2411 2400
f 2400 2411 2402
f 2406 2409 2392
f 2392 2409 2413
f 2392 2413 2393
f 2393 2413 2414
f 2415 2405 2414
f 2414 2405 2393
f 2416 2413 2417
f 2417 2413 2409
f 2419 2420 2418
f 2418 2420 2421
f 2420 2422 2421
f 2421 2422 2423
f 2420 2424 2422
f 2422 2424 2425
f 2426 2427 2424
f 2424 2427 2428
f 2428 2429 2424
f 2424 2429 2425
f 2426 2424 2419
f 2419 2424 2420
f 2419 2418 2431
f 2431 2418 2430
f 2425 2432 2422
f 2422 2432 2423
f 2408 2410 2432
f 2432 2410 2423
f 2423 2410 2433
f 2433 2410 2411
f 2421 2423 2434
f 2434 2423 2433
f 2435 2418 2434
f 2434 2418 2421
f 2429 2417 2425
f 2425 2417 2432
f 2408 2432 2409
f 2409 2432 2417
f 2418 2435 2430
f 2430 2435 2436
f 2438 2435 2437
f 2437 2435 2434
f 2435 2438 2436
f 2436 2438 2439
f 2441 2438 2440
f 2440 2438 2437
f 2442 2443 2437
f 2437 2443 2440
f 2439 2438 2444
f 2444 2438 2441
f 2433 2442 2434
f 2434 2442 2437
f 2412 2442 2411
f 2411 2442 2433
f 2436 2445 2430
f 2430 2445 2446
f 2430 2446 2431
f 2431 2446 2447
f 2417 2429 2448
f 2448 2429 2428
f 2427 2449 2428
f 2428 2449 2448
f 2450 2416 2448
f 2448 2416 2417
f 2451 2450 2449
f 2449 2450 2448
f 2427 2452 2449
f 2449 2452 2453
f 2447 2446 2452
f 2452 2446 2453
f 2454 2412 2399
f 2399 2412 2400
f 2415 2455 2405
f 2405 2455 2398
f 2399 2398 2454
f 2454 2398 2455
f 2454 2455 2443
f 2443 2455 2456
f 2443 2456 2440
f 2440 2456 2457
f 2458 2456 2415
f 2415 2456 2455
f 2443 2442 2454
f 2454 2442 2412
f 2459 2458 2414
f 2414 2458 2415
f 2413 2416 2414
f 2414 2416 2459
f 2459 2416 2460
f 2460 2416 2450
f 2460 2461 2459
f 2459 2461 2458
f 2462 2463 2460
f 2460 2463 2461
f 2461 2457 2458
f 2458 2457 2456
f 2457 2461 2464
f 2464 2461 2463
f 2451 2462 2450
f 2450 2462 2460
f 2462 2451 2465
f 2465 2451 2466
f 2468 2469 2467
f 2467 2469 2465
f 2463 2462 2469
f 2469 2462 2465
f 2465 2466 2467
f 2467 2466 2445
f 2446 2445 2453
f 2453 2445 2466
f 2451 2449 2466
f 2466 2449 2453
f 2464 2441 2457
f 2457 2441 2440
f 2468 2444 2464
f 2464 2444 2441
f 2468 2464 2469
f 2469 2464 2463
f 2467 2439 2468
f 2468 2439 2444
f 2445 2436 2467
f 2467 2436 2439
f 2447 2426 2431
f 2431 2426 2419
f 2427 2426 2452
f 2452 2426 2447
f 2369 2179 2370
f 2370 2179 2178
f 2376 2379 2372
f 2372 2379 2373
f 2389 2381 2388
f 2388 2381 2380
f 2387 2382 2389
f 2389 2382 2381
f 2270 2385 2277
f 2277 2385 2384
f 2379 2388 2373
f 2373 2388 2380
f 2401 2271 2369
f 2369 2271 2179
f 2248 2277 2372
f 2372 2277 2384
f 2401 2390 2385
f 2385 2390 2386
f 2264 2382 2178
f 2178 2382 2370
f 2215 2134 2271
f 2271 2134 2179
f 2005 2000 2199
f 2199 2000 2215
f 2004 2001 2005
f 2005 2001 2000
f 2200 2214 2004
f 2004 2214 2001
f 2470 2471 2473
f 2473 2471 2472
f 2475 2476 2474
f 2474 2476 2477
f 2479 2475 2478
f 2478 2475 2474
f 2481 2482 2480
f 2480 2482 2483
f 2476 2484 2477
f 2477 2484 2485
f 2487 2488 2486
f 2486 2488 2489
f 2133 2490 2058
f 2058 2490 2491
f 2058 2491 2247
f 2247 2491 2492
f 2494 2495 2493
f 2493 2495 2496
f 2476 2483 2484
f 2484 2483 2497
f 2472 2498 2488
f 2488 2498 2489
f 2484 2497 2471
f 2471 2497 2499
f 2500 2479 2496
f 2496 2479 2501
f 2502 2503 2505
f 2505 2503 2504
f 2496 2501 2493
f 2493 2501 2506
f 2479 2478 2501
f 2501 2478 2507
f 2475 2479 2480
f 2480 2479 2500
f 2508 2509 2473
f 2473 2509 2470
f 2509 2510 2470
f 2470 2510 2485
f 2511 2481 2500
f 2500 2481 2480
f 2512 2494 2486
f 2486 2494 2493
f 2485 2484 2470
f 2470 2484 2471
f 2513 2514 2477
f 2477 2514 2474
f 2471 2499 2472
f 2472 2499 2498
f 2476 2475 2483
f 2483 2475 2480
f 2516 2508 2515
f 2515 2508 2473
f 2502 2505 2517
f 2517 2505 2507
f 2504 2487 2505
f 2505 2487 2506
f 2503 2516 2504
f 2504 2516 2515
f 2506 2487 2493
f 2493 2487 2486
f 2517 2507 2518
f 2518 2507 2478
f 2510 2513 2485
f 2485 2513 2477
f 2511 2495 2293
f 2293 2495 2154
f 2514 2518 2474
f 2474 2518 2478
f 2483 2482 2497
f 2497 2482 2492
f 2501 2507 2506
f 2506 2507 2505
f 2488 2487 2515
f 2515 2487 2504
f 2472 2488 2473
f 2473 2488 2515
f 2518 2519 2517
f 2517 2519 2520
f 2521 2519 2514
f 2514 2519 2518
f 2522 2521 2513
f 2513 2521 2514
f 2523 2522 2510
f 2510 2522 2513
f 2517 2520 2502
f 2502 2520 2524
f 2502 2524 2503
f 2503 2524 2525
f 2525 2526 2503
f 2503 2526 2516
f 2527 2524 2528
f 2528 2524 2520
f 2530 2531 2529
f 2529 2531 2532
f 2531 2533 2532
f 2532 2533 2534
f 2531 2535 2533
f 2533 2535 2536
f 2537 2538 2535
f 2535 2538 2539
f 2539 2540 2535
f 2535 2540 2536
f 2537 2535 2530
f 2530 2535 2531
f 2529 2541 2530
f 2530 2541 2542
f 2543 2534 2536
f 2536 2534 2533
f 2519 2521 2543
f 2543 2521 2534
f 2534 2521 2544
f 2544 2521 2522
f 2532 2534 2545
f 2545 2534 2544
f 2529 2532 2546
f 2546 2532 2545
f 2536 2540 2543
f 2543 2540 2528
f 2519 2543 2520
f 2520 2543 2528
f 2541 2529 2547
f 2547 2529 2546
f 2548 2549 2545
f 2545 2549 2546
f 2549 2550 2546
f 2546 2550 2547
f 2551 2552 2548
f 2548 2552 2549
f 2548 2553 2551
f 2551 2553 2554
f 2550 2549 2555
f 2555 2549 2552
f 2545 2544 2548
f 2548 2544 2553
f 2523 2553 2522
f 2522 2553 2544
f 2547 2556 2541
f 2541 2556 2557
f 2541 2557 2542
f 2542 2557 2558
f 2528 2540 2559
f 2559 2540 2539
f 2538 2560 2539
f 2539 2560 2559
f 2561 2527 2559
f 2559 2527 2528
f 2560 2562 2559
f 2559 2562 2561
f 2560 2538 2564
f 2564 2538 2563
f 2558 2557 2563
f 2563 2557 2564
f 2565 2523 2509
f 2509 2523 2510
f 2526 2566 2516
f 2516 2566 2508
f 2509 2508 2565
f 2565 2508 2566
f 2565 2566 2554
f 2554 2566 2567
f 2554 2567 2551
f 2551 2567 2568
f 2569 2567 2526
f 2526 2567 2566
f 2553 2523 2554
f 2554 2523 2565
f 2570 2569 2525
f 2525 2569 2526
f 2524 2527 2525
f 2525 2527 2570
f 2527 2561 2570
f 2570 2561 2571
f 2571 2572 2570
f 2570 2572 2569
f 2573 2574 2571
f 2571 2574 2572
f 2572 2568 2569
f 2569 2568 2567
f 2568 2572 2575
f 2575 2572 2574
f 2562 2573 2561
f 2561 2573 2571
f 2573 2562 2576
f 2576 2562 2577
f 2579 2580 2578
f 2578 2580 2576
f 2574 2573 2580
f 2580 2573 2576
f 2576 2577 2578
f 2578 2577 2556
f 2557 2556 2564
f 2564 2556 2577
f 2562 2560 2577
f 2577 2560 2564
f 2575 2552 2568
f 2568 2552 2551
f 2579 2555 2575
f 2575 2555 2552
f 2579 2575 2580
f 2580 2575 2574
f 2550 2555 2578
f 2578 2555 2579
f 2556 2547 2578
f 2578 2547 2550
f 2558 2537 2542
f 2542 2537 2530
f 2538 2537 2563
f 2563 2537 2558
f 2292 2295 2481
f 2481 2295 2482
f 2486 2489 2512
f 2512 2489 2581
f 2499 2491 2498
f 2498 2491 2490
f 2497 2492 2499
f 2499 2492 2491
f 2155 2154 2494
f 2494 2154 2495
f 2581 2489 2490
f 2490 2489 2498
f 2293 2292 2511
f 2511 2292 2481
f 2191 2155 2512
f 2512 2155 2494
f 2500 2496 2511
f 2511 2496 2495
f 2247 2492 2295
f 2295 2492 2482
f 2583 2584 2582
f 2582 2584 2585
f 2587 2588 2586
f 2586 2588 2589
f 2591 2587 2590
f 2590 2587 2586
f 2593 2594 2592
f 2592 2594 2595
f 2596 2597 2599
f 2599 2597 2598
f 2588 2600 2589
f 2589 2600 2601
f 2602 2603 2605
f 2605 2603 2604
f 2606 2607 2609
f 2609 2607 2608
f 2609 2608 2190
f 2190 2608 2610
f 2611 2612 2614
f 2614 2612 2613
f 2600 2588 2615
f 2615 2588 2595
f 2599 2598 2606
f 2606 2598 2607
f 2584 2616 2604
f 2604 2616 2605
f 2600 2615 2583
f 2583 2615 2617
f 2591 2619 2618
f 2618 2619 2614
f 2621 2622 2620
f 2620 2622 2623
f 2619 2624 2614
f 2614 2624 2611
f 2591 2590 2619
f 2619 2590 2625
f 2587 2591 2592
f 2592 2591 2618
f 2626 2627 2585
f 2585 2627 2582
f 2627 2628 2582
f 2582 2628 2601
f 2629 2593 2618
f 2618 2593 2592
f 2602 2597 2611
f 2611 2597 2612
f 2600 2583 2601
f 2601 2583 2582
f 2630 2631 2589
f 2589 2631 2586
f 2583 2617 2584
f 2584 2617 2616
f 2588 2587 2595
f 2595 2587 2592
f 2633 2626 2632
f 2632 2626 2585
f 2620 2623 2634
f 2634 2623 2625
f 2622 2603 2623
f 2623 2603 2624
f 2621 2633 2622
f 2622 2633 2632
f 2611 2624 2602
f 2602 2624 2603
f 2634 2625 2635
f 2635 2625 2590
f 2628 2630 2601
f 2601 2630 2589
f 2613 2195 2629
f 2629 2195 2194
f 2631 2635 2586
f 2586 2635 2590
f 2595 2594 2615
f 2615 2594 2610
f 2619 2625 2624
f 2624 2625 2623
f 2632 2604 2622
f 2622 2604 2603
f 2585 2584 2632
f 2632 2584 2604
f 2635 2636 2634
f 2634 2636 2637
f 2638 2636 2631
f 2631 2636 2635
f 2639 2638 2630
f 2630 2638 2631
f 2640 2639 2628
f 2628 2639 2630
f 2634 2637 2620
f 2620 2637 2641
f 2620 2641 2621
f 2621 2641 2642
f 2642 2643 2621
f 2621 2643 2633
f 2641 2637 2644
f 2644 2637 2645
f 2646 2647 2649
f 2649 2647 2648
f 2648 2650 2649
f 2649 2650 2651
f 2648 2652 2650
f 2650 2652 2653
f 2652 2654 2656
f 2656 2654 2655
f 2656 2657 2652
f 2652 2657 2653
f 2654 2652 2647
f 2647 2652 2648
f 2647 2646 2659
f 2659 2646 2658
f 2660 2651 2653
f 2653 2651 2650
f 2636 2638 2660
f 2660 2638 2651
f 2651 2638 2661
f 2661 2638 2639
f 2651 2661 2649
f 2649 2661 2662
f 2663 2646 2662
f 2662 2646 2649
f 2653 2657 2660
f 2660 2657 2645
f 2636 2660 2637
f 2637 2660 2645
f 2646 2663 2658
f 2658 2663 2664
f 2665 2666 2662
f 2662 2666 2663
f 2666 2667 2663
f 2663 2667 2664
f 2668 2669 2665
f 2665 2669 2666
f 2665 2670 2668
f 2668 2670 2671
f 2667 2666 2672
f 2672 2666 2669
f 2662 2661 2665
f 2665 2661 2670
f 2640 2670 2639
f 2639 2670 2661
f 2673 2674 2664
f 2664 2674 2658
f 2658 2674 2659
f 2659 2674 2675
f 2645 2657 2676
f 2676 2657 2656
f 2677 2676 2655
f 2655 2676 2656
f 2676 2678 2645
f 2645 2678 2644
f 2677 2679 2676
f 2676 2679 2678
f 2655 2680 2677
f 2677 2680 2681
f 2675 2674 2680
f 2680 2674 2681
f 2682 2640 2627
f 2627 2640 2628
f 2643 2683 2633
f 2633 2683 2626
f 2682 2627 2683
f 2683 2627 2626
f 2683 2684 2682
f 2682 2684 2671
f 2684 2685 2671
f 2671 2685 2668
f 2686 2684 2643
f 2643 2684 2683
f 2670 2640 2671
f 2671 2640 2682
f 2687 2686 2642
f 2642 2686 2643
f 2642 2641 2687
f 2687 2641 2644
f 2687 2644 2688
f 2688 2644 2678
f 2688 2689 2687
f 2687 2689 2686
f 2690 2691 2688
f 2688 2691 2689
f 2689 2685 2686
f 2686 2685 2684
f 2685 2689 2692
f 2692 2689 2691
f 2679 2690 2678
f 2678 2690 2688
f 2690 2679 2693
f 2693 2679 2694
f 2696 2697 2695
f 2695 2697 2693
f 2691 2690 2697
f 2697 2690 2693
f 2693 2694 2695
f 2695 2694 2673
f 2674 2673 2681
f 2681 2673 2694
f 2679 2677 2694
f 2694 2677 2681
f 2685 2692 2668
f 2668 2692 2669
f 2696 2672 2692
f 2692 2672 2669
f 2696 2692 2697
f 2697 2692 2691
f 2695 2667 2696
f 2696 2667 2672
f 2673 2664 2695
f 2695 2664 2667
f 2675 2654 2659
f 2659 2654 2647
f 2655 2654 2680
f 2680 2654 2675
f 2291 2156 2593
f 2593 2156 2594
f 2597 2602 2598
f 2598 2602 2605
f 2616 2617 2607
f 2607 2617 2608
f 2615 2610 2617
f 2617 2610 2608
f 2597 2596 2612
f 2612 2596 2698
f 2598 2605 2607
f 2607 2605 2616
f 2194 2291 2629
f 2629 2291 2593
f 2629 2618 2613
f 2613 2618 2614
f 2190 2610 2156
f 2156 2610 2594
f 2700 2010 2699
f 2699 2010 2086
f 2267 2701 2116
f 2116 2701 2702
f 2116 2702 2117
f 2117 2702 2703
f 2704 2705 2250
f 2250 2705 2254
f 2011 2706 2267
f 2267 2706 2701
f 2699 2086 2707
f 2707 2086 2289
f 2010 2700 2011
f 2011 2700 2706
f 2708 2707 2251
f 2251 2707 2289
f 2703 2704 2117
f 2117 2704 2250
f 2705 2708 2254
f 2254 2708 2251
f 2709 2710 2708
f 2708 2710 2707
f 2711 2709 2705
f 2705 2709 2708
f 2712 2711 2704
f 2704 2711 2705
f 2713 2712 2703
f 2703 2712 2704
f 2707 2710 2699
f 2699 2710 2714
f 2699 2714 2700
f 2700 2714 2715
f 2716 2706 2715
f 2715 2706 2700
f 2714 2710 2717
f 2717 2710 2718
f 2720 2721 2719
f 2719 2721 2722
f 2721 2723 2722
f 2722 2723 2724
f 2721 2725 2723
f 2723 2725 2726
f 2727 2728 2725
f 2725 2728 2726
f 2729 2725 2720
f 2720 2725 2721
f 2731 2729 2730
f 2730 2729 2720
f 2719 2732 2720
f 2720 2732 2730
f 2726 2733 2723
f 2723 2733 2724
f 2709 2711 2733
f 2733 2711 2724
f 2724 2711 2734
f 2734 2711 2712
f 2722 2724 2735
f 2735 2724 2734
f 2719 2722 2736
f 2736 2722 2735
f 2726 2728 2733
f 2733 2728 2718
f 2709 2733 2710
f 2710 2733 2718
f 2732 2719 2737
f 2737 2719 2736
f 2738 2739 2735
f 2735 2739 2736
f 2739 2740 2736
f 2736 2740 2737
f 2741 2742 2738
f 2738 2742 2739
f 2738 2743 2741
f 2741 2743 2744
f 2740 2739 2745
f 2745 2739 2742
f 2735 2734 2738
f 2738 2734 2743
f 2713 2743 2712
f 2712 2743 2734
f 2737 2746 2732
f 2732 2746 2747
f 2732 2747 2730
f 2730 2747 2731
f 2718 2728 2748
f 2748 2728 2727
f 2749 2750 2727
f 2727 2750 2748
f 2748 2751 2718
f 2718 2751 2717
f 2750 2752 2748
f 2748 2752 2751
f 2750 2749 2754
f 2754 2749 2753
f 2731 2747 2753
f 2753 2747 2754
f 2727 2725 2749
f 2749 2725 2729
f 2749 2729 2753
f 2753 2729 2731
f 2702 2755 2703
f 2703 2755 2713
f 2706 2716 2701
f 2701 2716 2756
f 2755 2702 2756
f 2756 2702 2701
f 2756 2757 2755
f 2755 2757 2744
f 2757 2758 2744
f 2744 2758 2741
f 2759 2757 2716
f 2716 2757 2756
f 2743 2713 2744
f 2744 2713 2755
f 2760 2759 2715
f 2715 2759 2716
f 2715 2714 2760
f 2760 2714 2717
f 2760 2717 2761
f 2761 2717 2751
f 2761 2762 2760
f 2760 2762 2759
f 2763 2764 2761
f 2761 2764 2762
f 2762 2758 2759
f 2759 2758 2757
f 2758 2762 2765
f 2765 2762 2764
f 2752 2763 2751
f 2751 2763 2761
f 2763 2752 2766
f 2766 2752 2767
f 2768 2769 2766
f 2766 2769 2770
f 2764 2763 2770
f 2770 2763 2766
f 2766 2767 2768
f 2768 2767 2746
f 2747 2746 2754
f 2754 2746 2767
f 2752 2750 2767
f 2767 2750 2754
f 2758 2765 2741
f 2741 2765 2742
f 2769 2745 2765
f 2765 2745 2742
f 2769 2765 2770
f 2770 2765 2764
f 2768 2740 2769
f 2769 2740 2745
f 2746 2737 2768
f 2768 2737 2740
f 2201 2212 2200
f 2200 2212 2214
f 2201 2202 2212
f 2212 2202 2185
f 2512 2581 2191
f 2191 2581 2192
f 2059 2290 2056
f 2056 2290 2272
f 2174 2199 2294
f 2294 2199 2278
f 2063 2175 2194
f 2194 2175 2291
f 2192 2581 2133
f 2133 2581 2490
f 2133 2132 2192
f 2192 2132 2189
f 2054 2276 2055
f 2055 2276 2138
f 2083 2279 2084
f 2084 2279 2771
f 2771 2279 2599
f 2599 2279 2596
f 2606 2772 2599
f 2599 2772 2771
f 2772 2773 2771
f 2771 2773 2084
f 2773 2774 2084
f 2084 2774 2085
f 2085 2775 2082
f 2082 2775 2144
f 2774 2078 2085
f 2085 2078 2775
f 2078 2774 2079
f 2079 2774 2776
f 2774 2773 2776
f 2776 2773 2777
f 2773 2772 2777
f 2777 2772 2778
f 2190 2189 2609
f 2609 2189 2778
f 2053 2052 2779
f 2779 2052 2181
f 2144 2775 2081
f 2081 2775 2078
f 2294 2153 2174
f 2174 2153 2175
f 2132 2276 2189
f 2189 2276 2778
f 2606 2609 2772
f 2772 2609 2778
f 2195 2613 2698
f 2698 2613 2612
f 2596 2279 2698
f 2698 2279 2195
f 2054 2777 2276
f 2276 2777 2778
f 2777 2054 2776
f 2776 2054 2053
f 2053 2779 2776
f 2776 2779 2079
f 2779 2181 2079
f 2079 2181 2080
f 2181 2239 2080
f 2080 2239 2240
f 2122 2256 2014
f 2042 1982 2076
f 2076 1982 2007
f 1982 1985 2007
f 2007 1985 2008
f 2095 2097 2265
f 2265 2097 2266
f 2076 2050 2042
f 2042 2050 2047
f 2046 2043 2047
f 2047 2043 2042
f 2118 1993 2046
f 2046 1993 2043
f 1995 1994 2118
f 2118 1994 1993
f 2267 1992 2011
f 2011 1992 2012
f 1997 2012 1994
f 1994 2012 1992
f 2226 2013 1997
f 1997 2013 2012
f 2225 2087 2226
f 2226 2087 2013
f 2225 2232 2087
f 2087 2232 2288
f 2232 2070 2288
f 2288 2070 2252
f 2070 2025 2252
f 2252 2025 2253
f 1988 2249 2025
f 2025 2249 2253
f 2116 2115 2267
f 2267 2115 2268
f 2096 1984 2237
f 2237 1984 1991
f 2095 1985 2096
f 2096 1985 1984
f 2265 2008 2095
f 2095 2008 1985
f 2092 2009 2265
f 2265 2009 2008
f 2091 2286 2092
f 2092 2286 2009
f 2255 2238 2091
f 2091 2238 2286
f 2256 2239 2255
f 2255 2239 2238
f 2122 2240 2256
f 2256 2240 2239
f 2121 2241 2122
f 2122 2241 2240
f 2022 2018 2097
f 2097 2018 2266
f 2022 2024 2018
f 2018 2024 2019
f 2024 2072 2019
f 2019 2072 2073
f 2072 2228 2073
f 2073 2228 2230
f 2228 2184 2230
f 2230 2184 2183
f 2121 2285 2241
f 2241 2285 2258
f 2285 2036 2258
f 2258 2036 2257
f 2177 2145 2193
f 2193 2145 2257
f 2173 2193 2196
f 2196 2193 2037
f 2036 2037 2257
f 2257 2037 2193
f 2196 2037 2066
f 2066 2037 2035
f 2061 2108 2034
f 2034 2108 2067
f 2108 2208 2067
f 2067 2208 2204
f 2208 2210 2204
f 2204 2210 2203
f 2210 2280 2203
f 2203 2280 2186
f 2183 2186 2235
f 2235 2186 2280
f 1987 2114 1988
f 1988 2114 2249
f 2237 2115 1987
f 1987 2115 2114
f 1991 2268 2237
f 2237 2268 2115
f 1991 1990 2268
f 2268 1990 1992
f 107 110 2781
f 2781 110 2780
f 117 2782 118
f 118 2782 2783
f 119 2784 120
f 120 2784 2785
f 125 2786 126
f 126 2786 2787
f 127 2788 128
f 128 2788 2789
f 127 132 2788
f 2788 132 2790
f 231 230 2792
f 2792 230 2791
f 118 2783 119
f 119 2783 2784
f 241 243 2794
f 2794 243 2793
f 2781 2795 107
f 107 2795 352
f 120 2785 437
f 437 2785 2796
f 126 2787 110
f 110 2787 2780
f 455 2797 456
f 456 2797 2798
f 128 2789 457
f 457 2789 2799
f 456 2798 117
f 117 2798 2782
f 2794 2797 241
f 241 2797 455
f 457 2799 125
f 125 2799 2786
f 132 231 2790
f 2790 231 2792
f 230 437 2791
f 2791 437 2796
f 2792 2789 2790
f 2790 2789 2788
f 2785 2784 2801
f 2801 2784 2800
f 2786 2802 2787
f 2787 2802 2803
f 2792 2791 2805
f 2805 2791 2804
f 2784 2783 2800
f 2800 2783 2806
f 2785 2801 2796
f 2796 2801 2807
f 2787 2803 2780
f 2780 2803 2808
f 2789 2809 2799
f 2799 2809 2810
f 2799 2810 2786
f 2786 2810 2802
f 2791 2796 2804
f 2804 2796 2807
f 2789 2792 2809
f 2809 2792 2805
f 2812 2797 2811
f 2811 2797 2794
f 2809 2805 2810
f 2810 2805 2804
f 2810 2804 2802
f 2802 2804 2807
f 2802 2807 2803
f 2803 2807 2801
f 2808 2803 2800
f 2800 2803 2801
f 2814 699 2813
f 2813 699 698
f 2808 2815 2780
f 2780 2815 2781
f 2817 2782 2816
f 2816 2782 2798
f 2815 2818 2781
f 2781 2818 2795
f 2797 2812 2798
f 2798 2812 2816
f 2783 2782 2806
f 2806 2782 2817
f 2800 2806 2808
f 2808 2806 2815
f 2794 2793 2811
f 2811 2793 2819
f 174 201 384
f 384 201 362
f 200 1766 390
f 390 1766 1777
f 1777 1778 390
f 390 1778 398
f 1778 361 398
f 398 361 222
f 2820 2821 628
f 628 2821 629
f 1406 2820 790
f 790 2820 628
f 794 1415 1233
f 1233 1415 1234
f 1406 790 1407
f 1407 790 1312
f 1407 1312 2822
f 2822 1312 1316
f 2823 1380 1543
f 1543 1380 1379
f 1385 1738 1382
f 1382 1738 1383
f 1381 791 1382
f 1382 791 1386
f 791 794 1386
f 1386 794 1233
f 1259 1390 1260
f 1260 1390 1389
f 1905 1542 1394
f 1394 1542 1395
f 1410 1413 1397
f 1397 1413 1398
f 2821 1410 629
f 629 1410 1397
f 2823 2822 1380
f 1380 2822 1316
f 1392 1395 1378
f 1378 1395 1379
f 1738 1399 1383
f 1383 1399 1398
f 1388 1235 1389
f 1389 1235 1234
f 1393 1391 1394
f 1394 1391 1390
f 1381 1384 779
f 779 1384 780
f 1282 788 792
f 792 788 793
f 1431 1262 1432
f 1432 1262 1261
f 1400 1342 1408
f 1408 1342 1409
f 1508 1544 1411
f 1411 1544 1412
f 788 787 793
f 793 787 1414
f 2821 2820 1429
f 1429 2820 1430
f 2822 2823 1506
f 1506 2823 1507
f 778 1282 779
f 779 1282 792
f 2820 1406 1430
f 1430 1406 1409
f 1410 2821 1411
f 1411 2821 1429
f 1407 2822 1408
f 1408 2822 1506
f 1544 781 1412
f 1412 781 780
f 1260 1415 1261
f 1261 1415 1414
f 1334 2824 923
f 923 2824 924
f 2826 1268 2825
f 2825 1268 1267
f 769 1212 2827
f 2827 1212 2828
f 1492 1190 1266
f 1266 1190 1267
f 1488 2829 1489
f 1489 2829 2830
f 922 1329 923
f 923 1329 1328
f 1484 2831 1485
f 1485 2831 2832
f 1482 2833 1485
f 1485 2833 1486
f 1324 1493 1489
f 1489 1493 1490
f 1265 1491 1266
f 1266 1491 1490
f 2835 2836 2834
f 2834 2836 2837
f 1250 2838 2827
f 2827 2838 2839
f 1488 1491 2840
f 2840 1491 2841
f 1268 2826 2842
f 2842 2826 2843
f 2844 2845 1495
f 1495 2845 1496
f 1427 2847 2846
f 2846 2847 926
f 2829 1488 2848
f 2848 1488 2840
f 1329 922 2849
f 2849 922 927
f 2850 2851 768
f 768 2851 1213
f 1265 1268 2852
f 2852 1268 2842
f 1491 1265 2841
f 2841 1265 2852
f 2854 2855 2853
f 2853 2855 2856
f 2855 2857 2856
f 2856 2857 598
f 2857 2858 598
f 598 2858 595
f 2858 2859 595
f 595 2859 626
f 649 652 2860
f 2860 652 2861
f 639 642 2862
f 2862 642 2863
f 2864 705 2862
f 2862 705 639
f 2865 1418 2864
f 2864 1418 705
f 2866 2867 2865
f 2865 2867 1418
f 1760 1348 1761
f 1761 1348 2867
f 1764 2868 1197
f 1197 2868 1198
f 2869 611 2868
f 2868 611 1198
f 2870 612 2869
f 2869 612 611
f 1352 1350 944
f 944 1350 688
f 1350 1256 688
f 688 1256 685
f 1256 1255 685
f 685 1255 692
f 1255 2871 692
f 692 2871 2872
f 701 2873 698
f 698 2873 2813
f 2872 1349 692
f 692 1349 693
f 1696 1744 1574
f 1574 1744 1575
f 1753 1618 1577
f 1577 1618 1578
f 1729 1594 1608
f 1608 1594 1609
f 1725 1630 1611
f 1611 1630 1612
f 1604 1607 1625
f 1625 1607 1626
f 1624 1703 1625
f 1625 1703 1912
f 1703 1702 1912
f 1912 1702 1913
f 1702 1753 1913
f 1913 1753 1577
f 1598 1569 1915
f 1915 1569 1578
f 1616 1615 1915
f 1915 1615 1916
f 1615 1696 1916
f 1916 1696 1574
f 1744 1745 1575
f 1575 1745 1917
f 1745 1565 1917
f 1917 1565 1609
f 1568 1725 1608
f 1608 1725 1611
f 2874 1613 1918
f 1918 1613 1612
f 1607 2874 1626
f 1626 2874 1918
f 1610 1613 1562
f 1562 1613 1563
f 1547 1550 1570
f 1570 1550 1571
f 1573 1576 1580
f 1580 1576 1581
f 1553 1556 1595
f 1595 1556 1596
f 1556 1582 1596
f 1596 1582 1581
f 1551 1547 1599
f 1599 1547 1570
f 1731 1914 1601
f 1601 1914 1602
f 1686 1689 1605
f 1605 1689 1606
f 1598 1743 1599
f 1599 1743 1692
f 2874 1607 1723
f 1723 1607 1606
f 1727 1553 1730
f 1730 1553 1595
f 1600 1686 1601
f 1601 1686 1605
f 1914 1572 1602
f 1602 1572 1571
f 1579 1693 1580
f 1580 1693 1692
f 1613 2874 1563
f 1563 2874 1723
f 1561 1727 1562
f 1562 1727 1730
f 1949 1742 1548
f 1548 1742 1549
f 1694 1949 1552
f 1552 1949 1548
f 1954 1589 1554
f 1554 1589 1555
f 1693 1579 1558
f 1558 1579 1559
f 1561 1564 1584
f 1584 1564 1585
f 1582 1556 1588
f 1588 1556 1555
f 1600 1603 1591
f 1591 1603 1592
f 1981 1977 1687
f 1687 1977 1688
f 1564 1722 1585
f 1585 1722 1690
f 1551 1693 1552
f 1552 1693 1558
f 1751 1954 1728
f 1728 1954 1554
f 1590 1981 1591
f 1591 1981 1687
f 1603 1550 1592
f 1592 1550 1549
f 1977 1691 1688
f 1688 1691 1690
f 1587 1560 1588
f 1588 1560 1559
f 1727 1561 1728
f 1728 1561 1584
f 2875 1919 1947
f 1947 1919 1948
f 1557 1560 1952
f 1952 1560 1953
f 1933 1932 1955
f 1955 1932 1956
f 1587 1589 1958
f 1958 1589 1956
f 1959 1933 1965
f 1965 1933 1955
f 1961 1964 1966
f 1966 1964 1967
f 1981 1590 1969
f 1969 1590 1967
f 1742 1949 1972
f 1972 1949 1948
f 1593 1742 1966
f 1966 1742 1972
f 1957 1950 1958
f 1958 1950 1953
f 1583 1586 1974
f 1974 1586 1975
f 1940 1943 1978
f 1978 1943 1979
f 1943 1976 1979
f 1979 1976 1975
f 1951 2875 1952
f 1952 2875 1947
f 1968 1940 1969
f 1969 1940 1978
f 1973 1959 1974
f 1974 1959 1965
f 1923 1971 1920
f 1920 1971 1921
f 1919 2875 1920
f 1920 2875 1924
f 2875 1951 1924
f 1924 1951 1926
f 1950 1957 1929
f 1929 1957 1930
f 2244 2243 1934
f 1934 2243 1935
f 1973 1976 1937
f 1937 1976 1938
f 1944 1980 1941
f 1941 1980 1942
f 1940 1968 1941
f 1941 1968 1945
f 2287 2244 1960
f 1960 2244 1934
f 1970 2245 1962
f 1962 2245 1963
f 2243 1931 1935
f 1935 1931 1930
f 1927 1926 1928
f 1928 1926 1929
f 1961 1922 1962
f 1962 1922 1921
f 2245 1946 1963
f 1963 1946 1945
f 1976 1943 1938
f 1938 1943 1942
f 1936 2287 1937
f 1937 2287 1960
f 743 1238 608
f 608 1238 609
f 607 1811 608
f 608 1811 744
f 1304 2876 1305
f 1305 2876 2877
f 586 585 1298
f 1298 585 1299
f 585 702 1299
f 1299 702 1300
f 702 1428 1300
f 1300 1428 1301
f 1238 586 609
f 609 586 1298
f 2878 2879 1218
f 1218 2879 2877
f 2880 2881 1812
f 1812 2881 1819
f 2883 1821 2882
f 2882 1821 1820
f 2840 2841 620
f 620 2841 621
f 2842 2843 795
f 795 2843 796
f 892 895 2844
f 2844 895 2845
f 2848 2840 942
f 942 2840 620
f 2849 927 1202
f 1202 927 1203
f 2852 2842 1270
f 1270 2842 795
f 2841 2852 621
f 621 2852 1270
f 941 1759 942
f 942 1759 2884
f 659 929 1427
f 1427 929 2847
f 1237 2851 751
f 751 2851 2850
f 1216 2885 1217
f 1217 2885 1754
f 2887 734 2886
f 2886 734 733
f 2889 1816 2888
f 2888 1816 1815
f 2890 1245 2889
f 2889 1245 1816
f 1824 2891 1825
f 1825 2891 1246
f 2892 2893 2895
f 2895 2893 2894
f 1854 1833 1851
f 1851 1833 1832
f 1851 1832 1884
f 1884 1832 1876
f 1884 1876 1441
f 1441 1876 1443
f 1441 1443 1442
f 1442 1443 1446
f 1442 1446 2896
f 2896 1446 1507
f 2897 2823 2898
f 2898 2823 1543
f 1542 2899 1543
f 1543 2899 2898
f 1542 1905 2899
f 2899 1905 2900
f 1905 1259 2900
f 2900 1259 2901
f 1262 1431 2902
f 2902 1431 1904
f 1431 1434 1904
f 1904 1434 1902
f 1902 1434 2903
f 2903 1434 719
f 2903 719 2904
f 2904 719 718
f 1869 1881 718
f 718 1881 2904
f 1881 1869 1880
f 1880 1869 756
f 1880 756 2905
f 2905 756 755
f 2905 755 2906
f 2906 755 758
f 762 2907 763
f 763 2907 2908
f 724 723 2909
f 2909 723 894
f 796 895 723
f 723 895 894
f 2843 2845 796
f 796 2845 895
f 2826 1496 2843
f 2843 1496 2845
f 2825 1497 2826
f 2826 1497 1496
f 1189 2836 2825
f 2825 2836 1497
f 797 891 798
f 798 891 2837
f 802 888 797
f 797 888 891
f 2910 2911 2913
f 2913 2911 2912
f 1780 1783 2915
f 2915 1783 2914
f 2916 2917 831
f 831 2917 832
f 2918 2919 845
f 845 2919 846
f 2920 2916 847
f 847 2916 831
f 2921 2922 857
f 857 2922 858
f 2923 2924 860
f 860 2924 861
f 2919 2912 846
f 846 2912 887
f 2925 2920 940
f 940 2920 847
f 2924 2926 861
f 861 2926 1204
f 2917 2918 832
f 832 2918 845
f 2927 2928 1449
f 1449 2928 1450
f 2929 2930 889
f 889 2930 2931
f 2896 1507 2897
f 2897 1507 2823
f 2902 2901 1262
f 1262 2901 1259
f 2932 2933 750
f 750 2933 1236
f 2933 2934 1236
f 1236 2934 1835
f 2936 2937 2935
f 2935 2937 2938
f 2940 2941 2939
f 2939 2941 2942
f 2943 2944 1841
f 1841 2944 1842
f 2945 1860 2944
f 2944 1860 1842
f 2945 2946 1860
f 1860 2946 1859
f 1889 2947 1890
f 1890 2947 1856
f 1856 2947 1857
f 1857 2947 2948
f 2950 709 2949
f 2949 709 1829
f 2952 730 2951
f 2951 730 729
f 2866 2953 2867
f 2867 2953 1761
f 2953 2954 1761
f 1761 2954 1420
f 2954 2955 1420
f 1420 2955 742
f 2955 2956 742
f 742 2956 739
f 2956 2957 739
f 739 2957 760
f 2957 2958 760
f 760 2958 761
f 2958 2959 761
f 761 2959 2960
f 2959 2961 2960
f 2960 2961 2962
f 2963 2964 1839
f 1839 2964 1840
f 2964 2965 1840
f 1840 2965 2942
f 2966 2950 2939
f 2939 2950 2949
f 2935 2967 2936
f 2936 2967 2968
f 2969 2970 736
f 736 2970 735
f 734 2887 1815
f 1815 2887 2888
f 2887 2882 2888
f 2888 2882 2881
f 1819 1820 1817
f 1817 1820 748
f 1195 1757 1197
f 1197 1757 1424
f 1757 647 1424
f 1424 647 646
f 647 648 646
f 646 648 643
f 648 1271 643
f 643 1271 737
f 1271 725 737
f 737 725 765
f 725 724 765
f 765 724 762
f 762 724 2907
f 2907 724 2909
f 1254 1437 2909
f 2909 1437 2907
f 1438 1253 1836
f 1836 1253 1835
f 1836 1835 2938
f 2938 1835 2934
f 2971 2972 2935
f 2935 2972 2967
f 897 896 2969
f 2969 896 2970
f 1815 1814 734
f 734 1814 731
f 728 1215 896
f 896 1215 732
f 2885 1216 733
f 733 1216 2886
f 1216 1219 2886
f 2886 1219 2883
f 2876 1304 1821
f 1821 1304 749
f 1304 1303 749
f 749 1303 746
f 1818 2973 1817
f 1817 2973 1810
f 747 2974 1818
f 1818 2974 2973
f 747 746 2974
f 2974 746 1303
f 2976 2977 2975
f 2975 2977 2978
f 2976 2979 2901
f 2901 2979 2900
f 2980 2981 2982
f 2982 2981 2979
f 2981 2980 2983
f 2983 2980 2984
f 2985 2897 2983
f 2983 2897 2898
f 2987 2988 2986
f 2986 2988 2985
f 2896 2988 1442
f 1442 2988 1439
f 1903 2977 1904
f 1904 2977 2902
f 1856 1855 1890
f 1890 1855 2989
f 2989 2990 1890
f 1890 2990 1359
f 2990 2991 1359
f 1359 2991 1356
f 2946 2992 1859
f 1859 2992 1893
f 2992 2993 1893
f 1893 2993 775
f 2993 2994 775
f 775 2994 776
f 2986 1356 2987
f 2987 1356 2991
f 2975 2978 776
f 776 2978 777
f 2982 2994 2980
f 2980 2994 2995
f 1357 2984 2995
f 2995 2984 2980
f 2995 2996 1357
f 1357 2996 1358
f 2996 2997 1358
f 1358 2997 1889
f 2998 2999 2932
f 2932 2999 2933
f 2999 2971 2933
f 2933 2971 2934
f 1837 1836 2937
f 2937 1836 2938
f 2943 1841 2941
f 2941 1841 1838
f 3001 2944 3000
f 3000 2944 2943
f 3001 3002 2944
f 2944 3002 2945
f 3002 3003 2945
f 2945 3003 2946
f 2997 3003 1889
f 1889 3003 2947
f 2947 3003 2948
f 2948 3003 3002
f 3001 3004 3002
f 3002 3004 2948
f 3000 3005 3001
f 3001 3005 3004
f 2940 3006 3000
f 3000 3006 3005
f 2999 3007 2971
f 2971 3007 2972
f 2998 2951 2999
f 2999 2951 3007
f 3008 2952 2998
f 2998 2952 2951
f 2966 2965 2936
f 2936 2965 2937
f 2935 2938 2971
f 2971 2938 2934
f 3003 2997 2946
f 2946 2997 2992
f 2997 2996 2992
f 2992 2996 2993
f 2996 2995 2993
f 2993 2995 2994
f 1356 2986 1357
f 1357 2986 2984
f 2982 2975 2994
f 2994 2975 776
f 1844 1843 1899
f 1899 1843 3009
f 1843 638 3009
f 3009 638 3010
f 638 637 3010
f 3010 637 3011
f 637 1830 3011
f 3011 1830 3012
f 1830 1833 3012
f 3012 1833 2894
f 1833 1854 2894
f 2894 1854 2895
f 1854 1853 2895
f 2895 1853 1888
f 1858 1857 1885
f 1885 1857 1892
f 1899 3009 1898
f 1898 3009 1874
f 3009 3010 1874
f 1874 3010 1865
f 3010 3011 1865
f 1865 3011 1862
f 3011 3012 1862
f 1862 3012 1882
f 3012 2894 1882
f 1882 2894 2893
f 1850 2890 782
f 782 2890 2889
f 783 2880 1811
f 1811 2880 1812
f 744 1810 745
f 745 1810 2973
f 745 2973 805
f 805 2973 806
f 2973 2974 806
f 806 2974 815
f 1303 812 2974
f 2974 812 815
f 1303 1302 812
f 812 1302 1221
f 1307 3013 1302
f 1302 3013 1221
f 1734 3014 1633
f 1633 3014 1634
f 1646 1649 1636
f 1636 1649 1637
f 1654 1657 1641
f 1641 1657 1642
f 1639 1736 1636
f 1636 1736 1684
f 1716 1713 1698
f 1698 1713 1699
f 1718 1721 1705
f 1705 1721 1706
f 1653 1654 1709
f 1709 1654 1641
f 1620 1623 1714
f 1714 1623 1699
f 1712 1682 1714
f 1714 1682 1740
f 1668 1671 1746
f 1746 1671 1747
f 1752 1650 1749
f 1749 1650 1750
f 1750 1650 1709
f 1709 1650 1653
f 1632 1668 1633
f 1633 1668 1746
f 1649 1752 1637
f 1637 1752 1749
f 1682 1643 1740
f 1740 1643 1642
f 3014 1685 1634
f 1634 1685 1684
f 1704 1748 1705
f 1705 1748 1747
f 1697 1707 1698
f 1698 1707 1706
f 1739 1701 1621
f 1621 1701 1622
f 1567 1566 1647
f 1647 1566 1648
f 1664 1695 1651
f 1651 1695 1652
f 1614 1617 1655
f 1655 1617 1656
f 1704 1707 1659
f 1659 1707 1660
f 3014 1734 1662
f 1662 1734 1663
f 1650 1752 1651
f 1651 1752 1665
f 1741 1657 1667
f 1667 1657 1656
f 1695 1614 1652
f 1652 1614 1655
f 1724 1567 1726
f 1726 1567 1647
f 1645 1628 1733
f 1733 1628 1663
f 1685 3014 1726
f 1726 3014 1662
f 1620 1741 1621
f 1621 1741 1667
f 1566 1666 1648
f 1648 1666 1665
f 1658 1737 1659
f 1659 1737 1901
f 1911 1661 1910
f 1910 1661 1660
f 1701 1911 1622
f 1622 1911 1910
f 1732 1748 1733
f 1733 1748 1901
f 1857 2948 1892
f 1892 2948 3004
f 1892 3004 1891
f 1891 3004 3005
f 1828 3006 1829
f 1829 3006 2949
f 2967 736 2968
f 2968 736 710
f 2972 2969 2967
f 2967 2969 736
f 2969 2972 897
f 897 2972 3007
f 897 3007 729
f 729 3007 2951
f 3016 753 3015
f 3015 753 752
f 3018 767 3017
f 3017 767 766
f 3019 3020 1249
f 1249 3020 3021
f 2915 2914 3019
f 3019 2914 3020
f 3023 2914 3022
f 3022 2914 1783
f 2827 2839 769
f 769 2839 766
f 3025 2838 3024
f 3024 2838 3021
f 768 767 2850
f 2850 767 3026
f 2850 3026 751
f 751 3026 752
f 750 753 2932
f 2932 753 3027
f 3008 2998 3027
f 3027 2998 2932
f 3028 3029 3008
f 3008 3029 2952
f 3029 3030 2952
f 2952 3030 730
f 3032 3033 3031
f 3031 3033 3034
f 3036 3037 3035
f 3035 3037 3038
f 2870 3039 612
f 612 3039 3040
f 3041 3042 3031
f 3031 3042 3038
f 3034 1352 3043
f 3043 1352 944
f 612 3040 613
f 613 3040 3044
f 613 3044 1425
f 1425 3044 1422
f 3045 3042 669
f 669 3042 670
f 3041 3043 599
f 599 3043 600
f 772 771 1544
f 1544 771 781
f 1503 771 1866
f 1866 771 770
f 771 1503 781
f 781 1503 778
f 61 281 416
f 416 281 1907
f 283 103 3046
f 3046 103 3047
f 76 79 3048
f 3048 79 3049
f 280 76 1906
f 1906 76 3048
f 3051 335 3050
f 3050 335 334
f 3053 417 3052
f 3052 417 416
f 3055 435 3054
f 3054 435 434
f 428 435 419
f 419 435 1908
f 420 1909 293
f 293 1909 443
f 79 294 3049
f 3049 294 444
f 3057 444 3056
f 3056 444 443
f 3051 3058 335
f 335 3058 452
f 216 215 1332
f 1332 215 452
f 308 283 462
f 462 283 3046
f 3050 334 3059
f 3059 334 462
f 103 62 3047
f 3047 62 417
f 313 312 434
f 434 312 463
f 3061 574 3060
f 3060 574 573
f 1310 3062 1428
f 1428 3062 3063
f 1258 3064 1255
f 1255 3064 2871
f 932 3065 2853
f 2853 3065 3066
f 699 2814 931
f 931 2814 3067
f 3068 1301 3063
f 3063 1301 1428
f 571 574 1310
f 1310 574 3062
f 3060 573 3069
f 3069 573 1332
f 3070 3071 1906
f 1906 3071 1907
f 3072 3073 1908
f 1908 3073 1909
f 3075 2814 3074
f 3074 2814 2813
f 2854 3076 1258
f 1258 3076 3064
f 2871 3077 2872
f 2872 3077 3078
f 3074 2813 3079
f 3079 2813 2873
f 2872 3078 1349
f 1349 3078 3080
f 2873 701 3068
f 3068 701 1301
f 1330 1201 3080
f 3080 1201 1349
f 1264 1263 3081
f 3081 1263 3082
f 3083 3084 3082
f 3082 3084 3081
f 811 1448 3086
f 3086 1448 3085
f 808 811 3087
f 3087 811 3086
f 3088 3083 833
f 833 3083 3082
f 884 3089 885
f 885 3089 3090
f 3087 1790 808
f 808 1790 816
f 1790 3087 1787
f 1787 3087 3091
f 3092 3091 3086
f 3086 3091 3087
f 3093 3094 3084
f 3084 3094 3095
f 3089 3096 3090
f 3090 3096 3088
f 3097 3093 3083
f 3083 3093 3084
f 3099 3100 3098
f 3098 3100 1786
f 3101 1788 2913
f 2913 1788 3102
f 838 837 885
f 885 837 886
f 886 837 3103
f 3103 837 1541
f 3094 3093 3104
f 3104 3093 3097
f 3105 3106 3089
f 3089 3106 3096
f 3108 3109 3107
f 3107 3109 3110
f 3111 3112 3091
f 3091 3112 1787
f 3114 3108 3113
f 3113 3108 3107
f 3114 3115 3112
f 3112 3115 3102
f 3091 3092 3111
f 3111 3092 3116
f 839 838 835
f 835 838 836
f 885 3090 838
f 838 3090 836
f 3110 3117 1247
f 1247 3117 3118
f 1247 3118 1248
f 1248 3118 3119
f 3120 3121 3119
f 3119 3121 1248
f 1247 844 3110
f 3110 844 3107
f 844 843 3107
f 3107 843 3113
f 843 3099 3113
f 3113 3099 3122
f 1781 3123 3098
f 3098 3123 3124
f 2915 2931 1780
f 1780 2931 2930
f 3019 3125 2915
f 2915 3125 2931
f 890 3125 2834
f 2834 3125 1252
f 3125 3019 1252
f 1252 3019 1249
f 907 908 946
f 946 908 947
f 1185 1188 1369
f 1369 1188 948
f 954 957 951
f 951 957 952
f 910 965 953
f 953 965 950
f 905 958 960
f 960 958 961
f 3126 978 949
f 949 978 962
f 936 935 967
f 967 935 968
f 994 993 969
f 969 993 966
f 902 904 971
f 971 904 972
f 983 985 973
f 973 985 970
f 906 905 974
f 974 905 960
f 977 981 959
f 959 981 975
f 911 910 1143
f 1143 910 953
f 952 957 1142
f 1142 957 1145
f 911 1143 1366
f 1366 1143 1368
f 1185 1369 1145
f 1145 1369 1142
f 993 1519 966
f 966 1519 1456
f 965 1454 950
f 950 1454 1457
f 900 899 1459
f 1459 899 1460
f 988 991 1461
f 1461 991 1458
f 899 963 1460
f 1460 963 1462
f 985 987 970
f 970 987 1463
f 904 906 972
f 972 906 974
f 981 983 975
f 975 983 973
f 935 900 968
f 968 900 1459
f 991 994 1458
f 1458 994 969
f 1154 1526 1088
f 1088 1526 1089
f 1109 1112 1092
f 1092 1112 1093
f 1083 1098 1084
f 1084 1098 1097
f 1078 1471 1100
f 1100 1471 1101
f 1075 1078 1104
f 1104 1078 1100
f 1152 1154 1156
f 1156 1154 1088
f 1156 1155 1372
f 1372 1155 1373
f 1372 1373 1104
f 1104 1373 1075
f 1467 1109 1465
f 1465 1109 1092
f 1465 1182 1468
f 1468 1182 1184
f 1474 1470 1096
f 1096 1470 1097
f 1102 1101 1083
f 1083 1101 1098
f 1112 1531 1093
f 1093 1531 1529
f 1102 1073 1099
f 1099 1073 1072
f 1526 1154 1079
f 1079 1154 1080
f 1081 1091 1082
f 1082 1091 1094
f 1069 1068 1085
f 1085 1068 1086
f 1153 1151 1080
f 1080 1151 1058
f 1371 1177 1179
f 1179 1177 1176
f 1099 1072 1103
f 1103 1072 1176
f 1068 1071 1086
f 1086 1071 1073
f 1085 1084 1180
f 1180 1084 1469
f 1066 1065 1183
f 1183 1065 1181
f 1153 1152 1177
f 1177 1152 1178
f 1091 1081 1182
f 1182 1081 1183
f 1057 1525 1079
f 1079 1525 1527
f 1120 1117 1076
f 1076 1117 1077
f 1087 1090 1107
f 1107 1090 1108
f 1127 1126 1110
f 1110 1126 1111
f 1095 1116 1096
f 1096 1116 1115
f 1471 1078 1119
f 1119 1078 1077
f 1087 1107 1155
f 1155 1107 1158
f 1376 1374 1157
f 1157 1374 1158
f 1076 1075 1374
f 1374 1075 1373
f 1109 1467 1110
f 1110 1467 1472
f 1467 1466 1472
f 1472 1466 1473
f 1135 1475 1114
f 1114 1475 1115
f 1471 1119 1095
f 1095 1119 1116
f 1126 1532 1111
f 1111 1532 1530
f 914 1276 1480
f 1480 1276 1517
f 3127 3128 1223
f 1223 3128 1224
f 824 933 1455
f 1455 933 3129
f 3131 1448 3130
f 3130 1448 1447
f 3132 3133 1452
f 1452 3133 1453
f 3130 1447 1322
f 1322 1447 1455
f 933 1514 3129
f 3129 1514 3134
f 1161 3135 1480
f 1480 3135 1481
f 3128 3136 1224
f 1224 3136 1499
f 3133 1162 1453
f 1453 1162 1517
f 1515 3127 1535
f 1535 3127 1223
f 3095 3085 3131
f 3131 3085 1448
f 3137 3092 3085
f 3085 3092 3086
f 3138 3116 3137
f 3137 3116 3092
f 3110 3109 3117
f 3117 3109 3139
f 3105 3140 3117
f 3117 3140 3118
f 3140 3141 3118
f 3118 3141 3119
f 3142 3120 3141
f 3141 3120 3119
f 1498 3143 1277
f 1277 3143 882
f 3144 3145 1340
f 1340 3145 1339
f 1340 3146 3144
f 3144 3146 3147
f 3145 3144 3143
f 3143 3144 3148
f 871 901 872
f 872 901 1362
f 3149 3148 3147
f 3147 3148 3144
f 1208 3150 1209
f 3098 1786 1781
f 1781 1786 1782
f 2930 2929 3123
f 3123 2929 2911
f 1794 1791 2916
f 2916 1791 2917
f 1793 3101 2918
f 2918 3101 2919
f 1796 1794 2920
f 2920 1794 2916
f 3151 3152 2921
f 2921 3152 2922
f 3153 3154 2923
f 2923 3154 2924
f 2919 3101 2912
f 2912 3101 2913
f 3155 1796 2925
f 2925 1796 2920
f 3154 3156 2924
f 2924 3156 2926
f 1791 1793 2917
f 2917 1793 2918
f 3157 3158 2927
f 2927 3158 2928
f 1780 2930 1781
f 1781 2930 3123
f 2825 1267 1189
f 1189 1267 1190
f 2827 2828 1250
f 1250 2828 1251
f 1489 2830 1324
f 1324 2830 1325
f 923 1328 1334
f 1334 1328 1335
f 1485 2832 1482
f 1482 2832 1483
f 1266 1490 1492
f 1492 1490 1493
f 1333 1346 1334
f 1334 1346 2824
f 722 799 1492
f 1492 799 1190
f 664 657 1482
f 1482 657 2833
f 631 634 1324
f 1324 634 1493
f 2828 1494 1251
f 1251 1494 2835
f 1249 3021 1250
f 1250 3021 2838
f 798 2837 1189
f 1189 2837 2836
f 3100 842 3160
f 3160 842 3159
f 1788 3101 1789
f 1789 3101 1793
f 1792 816 1789
f 1789 816 1790
f 817 816 1795
f 1795 816 1792
f 938 817 1797
f 1797 817 1795
f 1796 3155 1797
f 1797 3155 1798
f 3155 3158 1798
f 1798 3158 1799
f 3157 3152 1801
f 1801 3152 1802
f 3151 3156 1803
f 1803 3156 1804
f 3154 3153 1805
f 1805 3153 1806
f 3153 3161 1806
f 1806 3161 1807
f 3099 843 3100
f 3100 843 842
f 1788 1787 3102
f 3102 1787 3112
f 2910 3115 3124
f 3124 3115 3122
f 3099 3098 3122
f 3122 3098 3124
f 416 1907 3052
f 3052 1907 3071
f 3046 3047 3163
f 3163 3047 3162
f 249 445 259
f 259 445 3164
f 425 3165 424
f 424 3165 461
f 408 410 329
f 329 410 330
f 39 331 40
f 40 331 332
f 305 304 423
f 423 304 464
f 385 254 458
f 458 254 392
f 250 415 251
f 251 415 412
f 233 337 234
f 234 337 3166
f 435 3055 1908
f 1908 3055 3072
f 443 1909 3056
f 3056 1909 3073
f 3167 3049 3057
f 3057 3049 444
f 452 3058 1332
f 1332 3058 3069
f 234 3166 346
f 346 3166 411
f 3046 3163 462
f 462 3163 3059
f 259 3164 260
f 260 3164 336
f 3047 417 3162
f 3162 417 3053
f 463 3168 434
f 434 3168 3054
f 454 830 425
f 425 830 3165
f 3062 3169 3063
f 3063 3169 3170
f 1355 1354 1534
f 1534 1354 3171
f 3063 3170 3068
f 3068 3170 3172
f 574 3061 3062
f 3062 3061 3169
f 1534 3171 1535
f 1535 3171 3173
f 3079 2873 3172
f 3172 2873 3068
f 2838 3025 2839
f 2839 3025 3174
f 3176 3177 3175
f 3175 3177 3178
f 3180 1125 3179
f 3179 1125 1128
f 3182 3183 3181
f 3181 3183 3184
f 1134 3185 1130
f 1130 3185 3182
f 3186 3187 3189
f 3189 3187 3188
f 3191 3189 3190
f 3190 3189 3188
f 1137 1122 3190
f 3190 1122 3192
f 3175 3178 3193
f 3193 3178 3194
f 3181 3184 3179
f 3179 3184 3195
f 3197 3198 3196
f 3196 3198 3180
f 3200 3178 3199
f 3199 3178 3177
f 3202 3196 3201
f 3201 3196 3195
f 3204 3184 3203
f 3203 3184 3183
f 3206 3207 3205
f 3205 3207 3186
f 3205 3186 3208
f 3208 3186 3189
f 3209 3208 3191
f 3191 3208 3189
f 3210 3194 3200
f 3200 3194 3178
f 3201 3195 3204
f 3204 3195 3184
f 3197 3211 3177
f 3177 3211 3199
f 3213 3214 3212
f 3212 3214 3215
f 3217 3218 3216
f 3216 3218 3219
f 3221 3222 3220
f 3220 3222 3223
f 3225 3226 3224
f 3224 3226 3227
f 3229 3230 3228
f 3228 3230 3231
f 3233 3234 3232
f 3232 3234 3235
f 3237 3238 3236
f 3236 3238 3239
f 3238 3240 3239
f 3239 3240 3241
f 3232 3235 3242
f 3242 3235 3243
f 3245 3246 3244
f 3244 3246 3247
f 3248 3249 3245
f 3245 3249 3246
f 3251 3252 3250
f 3250 3252 3253
f 3255 3252 3254
f 3254 3252 3251
f 3256 3257 3259
f 3259 3257 3258
f 3261 3262 3260
f 3260 3262 3263
f 3265 3263 3264
f 3264 3263 3262
f 3256 3259 3266
f 3266 3259 3267
f 3269 3270 3268
f 3268 3270 3271
f 3269 3272 3270
f 3270 3272 3273
f 3274 3275 3277
f 3277 3275 3276
f 3278 3279 3276
f 3276 3279 3277
f 3281 3282 3280
f 3280 3282 3283
f 3280 3284 3281
f 3281 3284 3285
f 3287 3288 3286
f 3286 3288 3289
f 3290 3291 3288
f 3288 3291 3289
f 3234 3218 3235
f 3235 3218 3217
f 3232 3292 3233
f 3233 3292 3293
f 3239 3294 3236
f 3236 3294 3219
f 3233 3293 3237
f 3237 3293 3295
f 3296 3294 3241
f 3241 3294 3239
f 3240 3238 3297
f 3297 3238 3298
f 3217 3216 3235
f 3235 3216 3243
f 3297 3299 3240
f 3240 3299 3242
f 3246 3300 3247
f 3247 3300 3223
f 3301 3302 3254
f 3254 3302 3244
f 3249 3303 3246
f 3246 3303 3300
f 3245 3304 3248
f 3248 3304 3292
f 3252 3221 3253
f 3253 3221 3220
f 3250 3248 3299
f 3299 3248 3292
f 3222 3221 3255
f 3255 3221 3252
f 3297 3301 3251
f 3251 3301 3254
f 3258 3214 3259
f 3259 3214 3213
f 3257 3256 3304
f 3304 3256 3305
f 3263 3306 3260
f 3260 3306 3215
f 3261 3257 3302
f 3302 3257 3304
f 3307 3306 3265
f 3265 3306 3263
f 3262 3301 3264
f 3264 3301 3308
f 3259 3213 3267
f 3267 3213 3212
f 3308 3309 3264
f 3264 3309 3266
f 3270 3310 3271
f 3271 3310 3231
f 3311 3312 3278
f 3278 3312 3268
f 3270 3273 3310
f 3310 3273 3313
f 3272 3269 3305
f 3305 3269 3314
f 3277 3229 3274
f 3274 3229 3228
f 3275 3272 3309
f 3309 3272 3305
f 3279 3230 3277
f 3277 3230 3229
f 3276 3308 3278
f 3278 3308 3311
f 3281 3315 3282
f 3282 3315 3227
f 3290 3316 3283
f 3283 3316 3317
f 3281 3285 3315
f 3315 3285 3318
f 3284 3280 3314
f 3314 3280 3319
f 3289 3225 3286
f 3286 3225 3224
f 3287 3284 3312
f 3284 3314 3312
f 3291 3226 3289
f 3289 3226 3225
f 3288 3311 3290
f 3290 3311 3316
f 3212 3215 3307
f 3307 3215 3306
f 3294 3296 3219
f 3219 3296 3216
f 3303 3220 3300
f 3300 3220 3223
f 3224 3227 3318
f 3318 3227 3315
f 3228 3231 3313
f 3313 3231 3310
f 3234 3233 3236
f 3236 3233 3237
f 3243 3241 3242
f 3242 3241 3240
f 3247 3255 3244
f 3244 3255 3254
f 3253 3249 3250
f 3250 3249 3248
f 3260 3258 3261
f 3261 3258 3257
f 3266 3267 3264
f 3264 3267 3265
f 3268 3271 3278
f 3278 3271 3279
f 3274 3273 3275
f 3275 3273 3272
f 3283 3282 3290
f 3290 3282 3291
f 3286 3285 3287
f 3287 3285 3284
f 3218 3234 3219
f 3219 3234 3236
f 3295 3298 3237
f 3237 3298 3238
f 3216 3296 3243
f 3243 3296 3241
f 3242 3299 3232
f 3232 3299 3292
f 3223 3222 3247
f 3247 3222 3255
f 3244 3302 3245
f 3245 3302 3304
f 3303 3249 3220
f 3220 3249 3253
f 3297 3251 3299
f 3299 3251 3250
f 3215 3214 3260
f 3260 3214 3258
f 3301 3262 3302
f 3302 3262 3261
f 3212 3307 3267
f 3267 3307 3265
f 3266 3309 3256
f 3256 3309 3305
f 3271 3231 3279
f 3279 3231 3230
f 3268 3312 3269
f 3269 3312 3314
f 3228 3313 3274
f 3274 3313 3273
f 3308 3276 3309
f 3309 3276 3275
f 3282 3227 3291
f 3291 3227 3226
f 3317 3319 3283
f 3283 3319 3280
f 3224 3318 3286
f 3286 3318 3285
f 3312 3311 3287
f 3311 3288 3287
f 3320 3321 3194
f 3194 3321 3193
f 1375 3321 1121
f 1121 3321 3322
f 3323 3324 3322
f 3322 3324 3192
f 3175 1124 3176
f 3176 1124 1123
f 3179 3195 3180
f 3180 3195 3196
f 3181 1131 3182
f 3182 1131 1130
f 3207 3185 3186
f 3186 3185 3187
f 1136 3188 1133
f 1133 3188 3187
f 3190 3188 1137
f 1137 3188 1136
f 3193 1159 3175
f 3175 1159 1124
f 3179 1128 3181
f 3181 1128 1131
f 1533 3198 1123
f 1123 3198 3176
f 3321 1375 3193
f 3193 1375 1159
f 3321 3320 3322
f 3322 3320 3323
f 1122 1121 3192
f 3192 1121 3322
f 3194 3210 3320
f 3320 3210 3325
f 3324 3323 3327
f 3327 3323 3326
f 3320 3325 3323
f 3323 3325 3326
f 3208 3328 3205
f 3205 3328 3329
f 3330 3206 3329
f 3329 3206 3205
f 3203 3331 3204
f 3204 3331 3332
f 3210 3333 3325
f 3325 3333 3334
f 3325 3334 3326
f 3326 3334 3335
f 3327 3326 3336
f 3336 3326 3335
f 3327 3209 3324
f 3324 3209 3191
f 3190 3192 3191
f 3191 3192 3324
f 3338 3339 3337
f 3337 3339 3340
f 3338 3341 3339
f 3339 3341 3342
f 3341 3343 3342
f 3342 3343 3344
f 3343 3345 3344
f 3344 3345 3346
f 3345 3347 3346
f 3346 3347 3348
f 3347 3349 3348
f 3348 3349 3350
f 3337 3340 3351
f 3351 3340 3352
f 3351 3352 3353
f 3353 3352 3354
f 3353 3354 3355
f 3355 3354 3356
f 3350 3349 3357
f 3357 3349 3358
f 3355 3356 3359
f 3359 3356 3360
f 3359 3360 3361
f 3361 3360 3362
f 3361 3362 3363
f 3363 3362 3364
f 3363 3364 3358
f 3358 3364 3357
f 3339 3342 3365
f 3365 3342 3366
f 3342 3344 3366
f 3366 3344 3367
f 3344 3346 3367
f 3367 3346 3368
f 3346 3348 3368
f 3368 3348 3369
f 3348 3350 3369
f 3369 3350 3370
f 3368 3369 3371
f 3371 3369 3372
f 3369 3370 3372
f 3372 3370 3373
f 3373 3374 3372
f 3372 3374 3375
f 3377 3378 3376
f 3376 3378 3379
f 3377 3375 3378
f 3378 3375 3374
f 3375 3380 3372
f 3372 3380 3371
f 3377 3381 3375
f 3375 3381 3380
f 3376 3382 3377
f 3377 3382 3381
f 3384 3385 3383
f 3383 3385 3386
f 3384 3383 3388
f 3388 3383 3387
f 3388 3387 3389
f 3389 3387 3390
f 3392 3385 3391
f 3391 3385 3384
f 3388 3393 3384
f 3384 3393 3391
f 3389 3394 3388
f 3388 3394 3393
f 3389 3395 3394
f 3394 3395 3396
f 3395 3389 3397
f 3397 3389 3390
f 3339 3365 3340
f 3340 3365 3398
f 3340 3398 3352
f 3352 3398 3399
f 3371 3400 3368
f 3368 3400 3367
f 3400 3401 3367
f 3367 3401 3366
f 3366 3401 3365
f 3365 3401 3402
f 3398 3365 3403
f 3403 3365 3402
f 3398 3403 3399
f 3399 3403 3404
f 3403 3405 3404
f 3404 3405 3406
f 3352 3399 3354
f 3354 3399 3407
f 3399 3404 3407
f 3407 3404 3408
f 3404 3406 3408
f 3408 3406 3409
f 3405 3410 3406
f 3406 3410 3411
f 3410 3412 3411
f 3411 3412 3413
f 3397 3414 3395
f 3395 3414 3415
f 3417 3415 3416
f 3416 3415 3412
f 3410 3418 3412
f 3412 3418 3416
f 3410 3405 3418
f 3418 3405 3419
f 3405 3403 3419
f 3419 3403 3402
f 3370 3350 3420
f 3420 3350 3357
f 3373 3370 3421
f 3421 3370 3420
f 3374 3373 3422
f 3422 3373 3421
f 3378 3374 3423
f 3423 3374 3422
f 3378 3423 3379
f 3379 3423 3424
f 3424 3425 3379
f 3379 3425 3386
f 3383 3426 3387
f 3387 3426 3427
f 3387 3427 3390
f 3390 3427 3428
f 3390 3428 3397
f 3397 3428 3429
f 3429 3430 3397
f 3397 3430 3414
f 3411 3413 3431
f 3431 3413 3432
f 3406 3411 3409
f 3409 3411 3431
f 3401 3400 3335
f 3335 3400 3336
f 3401 3335 3402
f 3402 3335 3334
f 3402 3334 3419
f 3419 3334 3333
f 3419 3333 3418
f 3418 3333 3433
f 3418 3433 3416
f 3416 3433 3434
f 3435 3417 3434
f 3434 3417 3416
f 3394 3396 3436
f 3436 3396 3437
f 3393 3394 3332
f 3332 3394 3436
f 3393 3332 3391
f 3391 3332 3331
f 3330 3392 3331
f 3331 3392 3391
f 3382 3329 3381
f 3381 3329 3328
f 3354 3407 3356
f 3356 3407 3438
f 3356 3438 3360
f 3360 3438 3439
f 3360 3439 3362
f 3362 3439 3440
f 3362 3440 3364
f 3364 3440 3441
f 3364 3441 3357
f 3357 3441 3420
f 3421 3420 3442
f 3442 3420 3441
f 3442 3441 3443
f 3443 3441 3440
f 3443 3440 3444
f 3444 3440 3439
f 3444 3439 3445
f 3445 3439 3438
f 3445 3438 3408
f 3408 3438 3407
f 3422 3421 3446
f 3446 3421 3442
f 3446 3442 3447
f 3447 3442 3443
f 3447 3443 3448
f 3448 3443 3444
f 3448 3444 3449
f 3449 3444 3445
f 3449 3445 3409
f 3409 3445 3408
f 3409 3431 3449
f 3449 3431 3450
f 3449 3450 3448
f 3448 3450 3451
f 3451 3452 3448
f 3448 3452 3447
f 3447 3452 3446
f 3446 3452 3453
f 3446 3453 3422
f 3422 3453 3423
f 3424 3423 3454
f 3454 3423 3453
f 3452 3455 3453
f 3453 3455 3454
f 3452 3451 3455
f 3455 3451 3456
f 3450 3457 3451
f 3451 3457 3456
f 3431 3432 3450
f 3450 3432 3457
f 3454 3458 3424
f 3424 3458 3425
f 3427 3426 3459
f 3459 3426 3460
f 3428 3427 3461
f 3461 3427 3459
f 3428 3461 3429
f 3429 3461 3462
f 3462 3463 3429
f 3429 3463 3430
f 3464 3465 3462
f 3462 3465 3463
f 3455 3466 3454
f 3454 3466 3458
f 3465 3464 3466
f 3466 3464 3467
f 3461 3459 3468
f 3468 3459 3469
f 3468 3469 3464
f 3464 3469 3467
f 3464 3462 3468
f 3468 3462 3461
f 3459 3460 3469
f 3469 3460 3467
f 3295 3351 3298
f 3298 3351 3353
f 3353 3355 3298
f 3298 3355 3297
f 3297 3355 3301
f 3301 3355 3359
f 3301 3359 3308
f 3308 3359 3361
f 3308 3361 3311
f 3311 3361 3363
f 3311 3363 3316
f 3316 3363 3358
f 3316 3358 3317
f 3317 3358 3349
f 3349 3347 3317
f 3317 3347 3319
f 3347 3345 3319
f 3319 3345 3314
f 3345 3343 3314
f 3314 3343 3305
f 3343 3341 3305
f 3305 3341 3304
f 3304 3341 3292
f 3292 3341 3338
f 3292 3338 3293
f 3293 3338 3337
f 3293 3337 3295
f 3295 3337 3351
f 3437 3202 3436
f 3436 3202 3201
f 3436 3201 3332
f 3332 3201 3204
f 3433 3200 3434
f 3434 3200 3199
f 3211 3435 3199
f 3199 3435 3434
f 3333 3210 3433
f 3433 3210 3200
f 3380 3470 3371
f 3400 3371 3336
f 3336 3371 3470
f 3381 3328 3380
f 3380 3328 3470
f 3470 3328 3209
f 3209 3328 3208
f 3336 3470 3327
f 3327 3470 3209
f 1545 1763 1546
f 1546 1763 1762
f 1403 1546 773
f 773 1546 770
f 1221 3013 1220
f 1220 3013 3471
f 1305 2877 1306
f 1306 2877 2879
f 1220 3471 828
f 828 3471 829
f 1217 1754 3472
f 3472 1754 1756
f 1049 3473 1048
f 1048 3473 3474
f 1371 1179 3473
f 3473 1179 3474
f 1074 3475 1179
f 1179 3475 3474
f 3474 3475 1048
f 1048 3475 1056
f 919 666 1345
f 1345 666 665
f 856 680 919
f 919 680 666
f 679 680 1449
f 1449 680 858
f 1367 878 1500
f 1500 878 877
f 1366 908 1367
f 1367 908 878
f 1512 916 1513
f 1513 916 915
f 947 1368 948
f 948 1368 1369
f 1047 1021 1044
f 1044 1021 1020
f 1370 1049 1019
f 1019 1049 1020
f 1173 1030 1174
f 1174 1030 1033
f 3126 1188 1464
f 1464 1188 1187
f 1800 1451 1512
f 1512 1451 916
f 1175 1174 1186
f 1186 1174 1187
f 1030 1173 1047
f 1047 1173 1021
f 1513 915 3476
f 3476 915 1481
f 1345 665 3477
f 3477 665 1483
f 1502 1501 876
f 876 1501 877
f 1205 1451 1803
f 1803 1451 1802
f 3479 2832 3478
f 3478 2832 2831
f 1449 858 2927
f 2927 858 2922
f 908 1366 947
f 947 1366 1368
f 949 948 3126
f 3126 948 1188
f 3480 3135 1502
f 1502 3135 1501
f 2927 2922 3157
f 3157 2922 3152
f 3477 1483 3479
f 3479 1483 2832
f 1803 1802 3151
f 3151 1802 3152
f 663 658 664
f 664 658 657
f 655 658 939
f 939 658 706
f 1512 870 1800
f 1800 870 869
f 875 874 876
f 876 874 873
f 849 874 905
f 905 874 958
f 949 962 946
f 946 962 961
f 978 3126 979
f 979 3126 1464
f 1031 1168 1032
f 1032 1168 1022
f 1045 1013 1046
f 1046 1013 1012
f 1045 1044 1056
f 1056 1044 1048
f 1047 1046 1030
f 1030 1046 1031
f 939 706 940
f 940 706 1450
f 979 1464 1032
f 1032 1464 1033
f 3480 1478 3476
f 3476 1478 3134
f 2829 1487 2830
f 2830 1487 1486
f 848 1230 873
f 873 1230 1479
f 867 870 933
f 933 870 1514
f 1800 869 1801
f 1801 869 1799
f 2830 1486 1325
f 1325 1486 2833
f 940 1450 2925
f 2925 1450 2928
f 946 961 907
f 907 961 958
f 959 962 977
f 977 962 978
f 3476 3134 1513
f 1513 3134 1514
f 2925 2928 3155
f 3155 2928 3158
f 1325 2833 656
f 656 2833 657
f 1801 1799 3157
f 3157 1799 3158
f 1074 1055 3475
f 3475 1055 1056
f 1371 3473 1370
f 1370 3473 1049
f 2884 615 3481
f 3481 615 618
f 3478 2831 2846
f 2846 2831 617
f 2831 1484 617
f 617 1484 618
f 1484 1487 618
f 618 1487 3481
f 2848 3481 2829
f 2829 3481 1487
f 1480 1517 1161
f 1161 1517 1162
f 3129 1323 1455
f 1455 1323 1322
f 3129 3134 1323
f 1323 3134 1478
f 1535 3173 1515
f 1515 3173 1516
f 3085 3095 3137
f 3137 3095 3094
f 3137 3094 3138
f 3138 3094 3104
f 3117 3139 3105
f 3105 3139 3106
f 1138 1141 3127
f 3127 1141 3128
f 3081 3131 1264
f 1264 3131 3130
f 1227 1226 3132
f 3132 1226 3133
f 1264 3130 1229
f 1229 3130 1322
f 1160 1501 1161
f 1161 1501 3135
f 1141 1476 3128
f 3128 1476 3136
f 1226 1163 3133
f 3133 1163 1162
f 1363 1138 1515
f 1515 1138 3127
f 3084 3095 3081
f 3081 3095 3131
f 3089 884 3105
f 3105 884 3140
f 884 883 3140
f 3140 883 3141
f 883 3482 3141
f 3141 3482 3142
f 3476 1481 3480
f 3480 1481 3135
f 1502 1479 3480
f 3480 1479 1478
f 3168 463 440
f 714 1880 715
f 715 1880 2905
f 896 732 2970
f 2970 732 731
f 1263 834 3082
f 3082 834 833
f 898 1231 853
f 853 1231 854
f 3125 890 2931
f 2931 890 889
f 1237 893 2851
f 2851 893 892
f 898 853 899
f 899 853 963
f 988 987 989
f 989 987 986
f 1002 1007 1003
f 1003 1007 1006
f 1038 1036 1007
f 1007 1036 1004
f 1070 1052 1005
f 1005 1052 1006
f 1069 1067 1070
f 1070 1067 1052
f 1130 1129 1134
f 1134 1129 1135
f 879 1167 880
f 880 1167 1166
f 1171 1169 1037
f 1037 1169 1038
f 1085 1180 1069
f 1069 1180 1067
f 1209 1210 879
f 879 1210 1167
f 2885 1215 1754
f 1754 1215 1214
f 1263 855 834
f 834 855 854
f 708 1244 1826
f 1826 1244 1243
f 2909 894 1254
f 1254 894 893
f 1228 1361 964
f 964 1361 1360
f 2908 2907 1436
f 1436 2907 1437
f 2990 1440 2991
f 2991 1440 1439
f 964 1360 965
f 965 1360 1454
f 950 1457 951
f 951 1457 1456
f 970 1463 971
f 971 1463 1462
f 1025 1169 984
f 984 1169 986
f 1084 1097 1469
f 1469 1097 1470
f 1096 1115 1474
f 1474 1115 1475
f 1140 1361 1141
f 1141 1361 1476
f 1212 1495 2828
f 2828 1495 1494
f 880 1166 1452
f 1452 1166 1499
f 715 2905 1504
f 1504 2905 2906
f 954 1519 955
f 955 1519 1518
f 1026 1520 992
f 992 1520 1518
f 1029 1520 1043
f 1043 1520 1521
f 997 1522 1040
f 1040 1522 1521
f 1015 1522 1016
f 1016 1522 1523
f 1523 996 1524
f 1524 996 1062
f 1057 1060 1525
f 1525 1060 1524
f 1094 1528 1082
f 1082 1528 1527
f 1526 1528 1089
f 1089 1528 1529
f 1090 1531 1108
f 1108 1531 1530
f 1125 1533 1126
f 1126 1533 1532
f 3483 1755 727
f 727 1755 1214
f 735 1814 707
f 707 1814 1813
f 2891 1834 1246
f 1246 1834 1243
f 2904 1881 1847
f 1847 1881 1848
f 1852 1855 1853
f 1853 1855 1858
f 1902 2903 1877
f 1877 2903 1878
f 2903 2904 1878
f 1878 2904 1847
f 714 713 1848
f 1848 713 1849
f 1440 2990 1883
f 1883 2990 2989
f 1883 2989 1852
f 1852 2989 1855
f 2895 1888 2892
f 2892 1888 1887
f 774 777 1877
f 1877 777 1903
f 1251 2835 1252
f 1252 2835 2834
f 1213 2844 1212
f 1212 2844 1495
f 2851 892 1213
f 1213 892 2844
f 3123 2911 3124
f 3124 2911 2910
f 887 2929 888
f 888 2929 889
f 1435 2963 1436
f 1436 2963 2961
f 1253 1438 1254
f 1254 1438 1437
f 2970 731 735
f 735 731 1814
f 733 732 2885
f 2885 732 1215
f 2901 2902 2976
f 2976 2902 2977
f 2975 2982 2976
f 2976 2982 2979
f 2899 2900 2981
f 2981 2900 2979
f 2899 2981 2898
f 2898 2981 2983
f 2986 2985 2984
f 2984 2985 2983
f 2897 2985 2896
f 2896 2985 2988
f 2991 1439 2987
f 2987 1439 2988
f 777 2978 1903
f 1903 2978 2977
f 1885 1888 1858
f 1858 1888 1853
f 3090 3088 836
f 836 3088 833
f 3083 3088 3097
f 3097 3088 3096
f 3097 3096 3104
f 3104 3096 3106
f 3111 3116 3108
f 3108 3116 3109
f 3112 3111 3114
f 3114 3111 3108
f 3113 3122 3114
f 3114 3122 3115
f 891 890 2837
f 2837 890 2834
f 951 1456 954
f 954 1456 1519
f 967 1457 936
f 936 1457 1454
f 971 1462 902
f 902 1462 963
f 1461 1463 988
f 988 1463 987
f 1466 1468 1474
f 1474 1468 1470
f 1089 1529 1090
f 1090 1529 1531
f 1184 1181 1469
f 1469 1181 1180
f 1082 1527 1061
f 1061 1527 1525
f 1129 1473 1135
f 1135 1473 1475
f 1108 1530 1105
f 1105 1530 1532
f 1452 1499 3132
f 3132 1499 3136
f 3109 3116 3139
f 3139 3116 3138
f 2912 2911 887
f 887 2911 2929
f 2836 2835 1497
f 1497 2835 1494
f 2913 3102 2910
f 2910 3102 3115
f 1133 3187 1134
f 1134 3187 3185
f 3177 3176 3197
f 3197 3176 3198
f 3203 3183 3206
f 3206 3183 3207
f 3196 3202 3197
f 3197 3202 3211
f 3183 3182 3207
f 3207 3182 3185
f 1125 3180 1533
f 1533 3180 3198
f 3331 3203 3330
f 3330 3203 3206
f 3376 3379 3385
f 3385 3379 3386
f 3382 3376 3392
f 3392 3376 3385
f 3412 3415 3413
f 3413 3415 3414
f 3417 3396 3415
f 3415 3396 3395
f 3383 3386 3426
f 3426 3386 3425
f 3413 3414 3432
f 3432 3414 3430
f 3437 3396 3435
f 3435 3396 3417
f 3329 3382 3330
f 3330 3382 3392
f 3426 3425 3460
f 3460 3425 3458
f 3432 3430 3457
f 3457 3430 3463
f 3457 3463 3456
f 3456 3463 3465
f 3460 3458 3467
f 3467 3458 3466
f 3466 3455 3465
f 3465 3455 3456
f 3202 3437 3211
f 3211 3437 3435
f 3104 3106 3138
f 3138 3106 3139
f 3132 3136 1227
f 1227 3136 1476
f 943 687 600
f 600 687 601
f 596 625 667
f 667 625 1297
f 687 686 601
f 601 686 653
f 1319 784 711
f 711 784 712
f 1811 607 783
f 783 607 712
f 862 921 917
f 917 921 920
f 3478 925 3479
f 3479 925 924
f 2846 926 3478
f 3478 926 925
f 659 662 929
f 929 662 930
f 856 921 857
f 857 921 1204
f 1206 864 1207
f 1207 864 863
f 2876 1219 2877
f 2877 1219 1218
f 667 1297 593
f 593 1297 1296
f 917 920 1333
f 1333 920 1346
f 686 693 653
f 653 693 930
f 1277 913 1498
f 1498 913 1207
f 592 1536 610
f 610 1536 711
f 864 1206 1805
f 1805 1206 1804
f 1317 1536 1900
f 1900 1536 1809
f 1900 1809 1295
f 1295 1809 1296
f 3479 924 3477
f 3477 924 2824
f 927 926 1203
f 1203 926 2847
f 3484 2859 3032
f 3032 2859 3033
f 3472 2878 1217
f 1217 2878 1218
f 2889 2888 2880
f 2880 2888 2881
f 2886 2883 2887
f 2887 2883 2882
f 929 928 2847
f 2847 928 1203
f 857 1204 2921
f 2921 1204 2926
f 1820 1819 2882
f 2882 1819 2881
f 1821 2883 2876
f 2876 2883 1219
f 782 2889 783
f 783 2889 2880
f 1352 3034 1353
f 1353 3034 3033
f 3031 3034 3041
f 3041 3034 3043
f 944 943 3043
f 3043 943 600
f 1339 3145 1498
f 1498 3145 3143
f 1208 882 3148
f 3148 882 3143
f 2921 2926 3151
f 3151 2926 3156
f 3477 2824 1345
f 1345 2824 1346
f 1805 1804 3154
f 3154 1804 3156
f 886 3103 883
f 883 3103 3482
f 841 1248 3485
f 3485 1248 3121
f 2811 2819 2812
f 2812 2819 2816
f 2818 2815 2817
f 2817 2815 2806
f 2817 2816 2818
f 2818 2816 2819
f 2793 2795 2819
f 2819 2795 2818
f 243 352 2793
f 2793 352 2795
f 242 353 243
f 243 353 352
f 359 191 242
f 242 191 353
f 247 192 359
f 359 192 191
f 157 193 247
f 247 193 192
f 156 194 157
f 157 194 193
f 378 261 156
f 156 261 194
f 378 381 261
f 261 381 195
f 195 381 196
f 196 381 376
f 196 376 198
f 198 376 375
f 375 1776 198
f 198 1776 197
f 1776 1767 197
f 197 1767 274
f 181 274 199
f 199 274 1767
f 568 566 564
f 564 566 563
f 568 569 566
f 566 569 567
f 501 1773 1771
f 1771 1773 578
f 547 579 1773
f 1773 579 578
f 3486 470 474
f 474 470 469
f 450 582 3487
f 3487 582 3488
f 582 583 3488
f 3488 583 3489
f 583 584 3489
f 3489 584 3490
f 3490 584 3491
f 3491 584 543
f 470 3486 466
f 466 3486 467
f 3489 3490 503
f 503 3490 504
f 503 3492 3489
f 3489 3492 3488
f 3492 503 3493
f 3493 503 502
f 3495 3492 3494
f 3494 3492 3493
f 3487 3488 3495
f 3495 3488 3492
f 468 1774 465
f 465 1774 570
f 3494 3493 1775
f 1775 3493 1771
f 3490 3491 504
f 504 3491 1772
f 3491 543 1772
f 1772 543 548
f 450 3487 474
f 474 3487 3486
f 3495 467 3487
f 3487 467 3486
f 3494 468 3495
f 3495 468 467
f 468 3494 1774
f 1774 3494 1775
f 501 1771 502
f 502 1771 3493
f 527 366 384
f 384 366 365
f 522 524 527
f 527 524 366
f 521 534 522
f 522 534 524
f 530 535 521
f 521 535 534
f 508 486 513
f 513 486 532
f 513 532 541
f 541 532 535
f 667 668 596
f 596 668 597
f 1294 1297 624
f 624 1297 625
f 603 641 604
f 604 641 640
f 1290 1293 650
f 650 1293 651
f 1758 691 660
f 660 691 661
f 602 671 599
f 599 671 670
f 654 662 690
f 690 662 661
f 2856 598 695
f 695 598 597
f 602 654 671
f 671 654 690
f 604 640 676
f 676 640 704
f 1826 1829 708
f 708 1829 709
f 1288 1284 740
f 740 1284 741
f 755 754 758
f 758 754 759
f 2853 2856 932
f 932 2856 695
f 689 691 1192
f 1192 691 1193
f 784 1319 1240
f 1240 1319 1241
f 1813 1816 1244
f 1244 1816 1245
f 754 1288 759
f 759 1288 740
f 1894 1242 1318
f 1318 1242 1241
f 2867 1348 1418
f 1418 1348 1347
f 676 704 673
f 673 704 1347
f 1284 1287 741
f 741 1287 1419
f 1421 1426 1422
f 1422 1426 1425
f 1758 660 615
f 615 660 616
f 1192 1191 1421
f 1421 1191 1426
f 2962 1839 1504
f 1504 1839 1505
f 941 1194 1759
f 1759 1194 1193
f 1287 1537 1419
f 1419 1537 1760
f 1882 2893 1823
f 1823 2893 1824
f 1886 1891 1827
f 1827 1891 1828
f 1887 1886 1834
f 1834 1886 1827
f 1841 716 1838
f 1838 716 1505
f 782 784 1850
f 1850 784 1240
f 1239 1242 1863
f 1863 1242 1864
f 1242 1894 1864
f 1864 1894 1873
f 1822 1239 1823
f 1823 1239 1863
f 1318 1317 1895
f 1895 1317 1900
f 1894 1896 1873
f 1873 1896 1897
f 1291 1896 1292
f 1292 1896 1895
f 605 1898 606
f 606 1898 1897
f 1258 1257 2854
f 2854 1257 2855
f 1257 1351 2855
f 2855 1351 2857
f 1351 1353 2857
f 2857 1353 2858
f 1353 3033 2858
f 2858 3033 2859
f 2860 2861 3036
f 3036 2861 3037
f 2862 2863 2870
f 2870 2863 3039
f 2870 2869 2862
f 2862 2869 2864
f 2868 2865 2869
f 2869 2865 2864
f 1764 2866 2868
f 2868 2866 2865
f 1537 1199 1760
f 1760 1199 1348
f 615 2884 1758
f 1758 2884 1759
f 1825 1246 2890
f 2890 1246 1245
f 2893 2892 1824
f 1824 2892 2891
f 761 2960 758
f 758 2960 2906
f 3000 2943 2940
f 2940 2943 2941
f 2968 710 2950
f 2950 710 709
f 1764 1423 2866
f 2866 1423 2953
f 1423 645 2953
f 2953 645 2954
f 645 644 2954
f 2954 644 2955
f 644 738 2955
f 2955 738 2956
f 738 764 2956
f 2956 764 2957
f 764 763 2957
f 2957 763 2958
f 763 2908 2958
f 2958 2908 2959
f 2908 1436 2959
f 2959 1436 2961
f 1837 2964 1435
f 1435 2964 2963
f 1837 2937 2964
f 2964 2937 2965
f 2936 2968 2966
f 2966 2968 2950
f 1840 2942 1838
f 1838 2942 2941
f 2939 2949 2940
f 2940 2949 3006
f 2939 2942 2966
f 2966 2942 2965
f 1822 1825 1850
f 1850 1825 2890
f 1891 3005 1828
f 1828 3005 3006
f 3035 3038 3045
f 3045 3038 3042
f 3045 3044 3035
f 3035 3044 3040
f 669 1422 3045
f 3045 1422 3044
f 599 670 3041
f 3041 670 3042
f 931 3067 932
f 932 3067 3065
f 2853 3066 2854
f 2854 3066 3076
f 3067 3496 3065
f 3065 3496 3497
f 3066 3498 3076
f 3076 3498 3499
f 707 1813 708
f 708 1813 1244
f 2960 2962 2906
f 2906 2962 1504
f 2892 1887 2891
f 2891 1887 1834
f 1839 2962 2963
f 2963 2962 2961
f 595 626 596
f 596 626 625
f 623 626 3484
f 3484 626 2859
f 1291 1290 606
f 606 1290 603
f 1290 650 603
f 603 650 641
f 641 650 642
f 642 650 649
f 2860 2863 649
f 649 2863 642
f 3036 3039 2860
f 2860 3039 2863
f 3035 3040 3036
f 3036 3040 3039
f 1294 1293 1295
f 1295 1293 1292
f 624 651 1294
f 1294 651 1293
f 623 652 624
f 624 652 651
f 3484 2861 623
f 623 2861 652
f 3032 3037 3484
f 3484 3037 2861
f 3031 3038 3032
f 3032 3038 3037
f 3481 2848 2884
f 2884 2848 942
f 2846 617 1427
f 1427 617 616
f 3049 3167 3048
f 3048 3167 3500
f 1906 3048 3070
f 3070 3048 3500
f 1337 1768 3501
f 3501 1768 3502
f 3020 3503 3021
f 3021 3503 3024
f 2914 3023 3020
f 3020 3023 3503
f 859 1770 860
f 860 1770 3504
f 1336 3505 1768
f 1768 3505 3502
f 3065 3497 3066
f 3066 3497 3498
f 2814 3075 3067
f 3067 3075 3496
f 2839 3174 766
f 766 3174 3017
f 1337 3501 1338
f 1338 3501 1769
f 767 3018 3026
f 3026 3018 3506
f 3076 3499 3064
f 3064 3499 3507
f 727 730 3483
f 3483 730 3030
f 3064 3507 2871
f 2871 3507 3077
f 3100 3160 1786
f 1786 3160 1784
f 3026 3506 752
f 752 3506 3015
f 860 3504 2923
f 2923 3504 3508
f 753 3016 3027
f 3027 3016 3509
f 3027 3509 3008
f 3008 3509 3028
f 1782 1785 1783
f 1783 1785 3022
f 2923 3508 3153
f 3153 3508 3161
f 3148 3149 1208
f 1208 3149 3150
f 1335 1328 3510
f 3510 1328 1327
f 1336 1335 3505
f 3505 1335 3510
f 866 3511 1340
f 1340 3511 3146
f 865 1808 866
f 866 1808 3511
f 842 841 3159
f 3159 841 3485
f 2849 3512 1329
f 1329 3512 1326
f 1202 1331 2849
f 2849 1331 3512
f 3514 3515 3513
f 3513 3515 3516
f 3518 3516 3517
f 3517 3516 3515
f 3519 3520 3514
f 3514 3520 3515
f 3522 3523 3521
f 3521 3523 3524
f 3526 3527 3525
f 3525 3527 3528
f 3530 3531 3529
f 3529 3531 3532
f 3534 3535 3533
f 3533 3535 3536
f 3529 3532 3537
f 3537 3532 3538
f 3537 3539 3529
f 3529 3539 3540
f 3542 3543 3541
f 3541 3543 3544
f 3546 3547 3545
f 3545 3547 3548
f 3550 3534 3549
f 3549 3534 3533
f 3550 3543 3551
f 3551 3543 3552
f 3537 3545 3539
f 3539 3545 3548
f 3553 3554 3556
f 3556 3554 3555
f 3537 3557 3545
f 3545 3557 3546
f 3558 3559 3561
f 3561 3559 3560
f 3563 3564 3562
f 3562 3564 3565
f 3564 3563 3566
f 3566 3563 3567
f 3569 3570 3568
f 3568 3570 3571
f 3573 3574 3572
f 3572 3574 3575
f 3577 3578 3576
f 3576 3578 3579
f 3581 3582 3580
f 3580 3582 3583
f 3585 3586 3584
f 3584 3586 3579
f 3586 3587 3579
f 3579 3587 3576
f 3589 3590 3588
f 3588 3590 3591
f 3592 3593 3595
f 3595 3593 3594
f 3597 3598 3596
f 3596 3598 3595
f 3583 3600 3599
f 3599 3600 3601
f 3603 3599 3602
f 3602 3599 3601
f 3605 3606 3604
f 3604 3606 3607
f 3608 3555 3596
f 3596 3555 3554
f 3597 3610 3609
f 3609 3610 3565
f 3564 3611 3565
f 3565 3611 3609
f 3611 3564 3612
f 3612 3564 3566
f 3613 3614 3569
f 3569 3614 3570
f 3615 3616 3573
f 3573 3616 3574
f 3517 3617 3518
f 3518 3617 3618
f 3620 3621 3619
f 3619 3621 3622
f 3624 3625 3623
f 3623 3625 3626
f 3628 3629 3627
f 3627 3629 3630
f 3632 3633 3631
f 3631 3633 3634
f 3636 3637 3635
f 3635 3637 3638
f 3640 3641 3639
f 3639 3641 3642
f 3643 3644 3639
f 3639 3644 3640
f 3646 3513 3645
f 3645 3513 3647
f 3648 3514 3646
f 3646 3514 3513
f 3649 3519 3648
f 3648 3519 3514
f 3650 3651 3527
f 3527 3651 3652
f 3654 3651 3653
f 3653 3651 3650
f 3568 3571 3655
f 3655 3571 3656
f 3657 3658 3653
f 3653 3658 3659
f 3661 3662 3660
f 3660 3662 3658
f 3664 3665 3663
f 3663 3665 3666
f 3667 3657 3650
f 3650 3657 3653
f 3669 3523 3668
f 3668 3523 3670
f 3672 3673 3671
f 3671 3673 3674
f 3676 3677 3675
f 3675 3677 3678
f 3671 3674 3676
f 3676 3674 3677
f 3680 3681 3679
f 3679 3681 3682
f 3683 3684 3680
f 3680 3684 3681
f 3685 3686 3661
f 3661 3686 3662
f 3686 3687 3662
f 3662 3687 3688
f 3684 3683 3689
f 3689 3683 3690
f 3692 3693 3691
f 3691 3693 3694
f 3691 3694 3695
f 3695 3694 3696
f 3698 3699 3697
f 3697 3699 3700
f 3702 3703 3701
f 3701 3703 3704
f 3705 3706 3519
f 3519 3706 3520
f 3673 3672 3707
f 3707 3672 3708
f 3709 3710 3682
f 3682 3710 3679
f 3711 3712 3692
f 3692 3712 3693
f 3714 3715 3713
f 3713 3715 3716
f 3718 3700 3717
f 3717 3700 3699
f 3720 3721 3719
f 3719 3721 3722
f 3724 3725 3723
f 3723 3725 3726
f 3727 3728 3730
f 3730 3728 3729
f 3722 3721 3731
f 3731 3721 3732
f 3697 3700 3733
f 3733 3700 3714
f 3733 3714 3734
f 3734 3714 3713
f 3721 3723 3732
f 3732 3723 3735
f 3720 3736 3724
f 3724 3736 3737
f 3700 3718 3714
f 3714 3718 3715
f 3717 3699 3738
f 3738 3699 3739
f 3536 3740 3533
f 3533 3740 3540
f 3742 3743 3741
f 3741 3743 3744
f 3746 3747 3745
f 3745 3747 3748
f 3750 3751 3749
f 3749 3751 3752
f 3627 3632 3628
f 3628 3632 3631
f 3754 3755 3753
f 3753 3755 3626
f 3562 3565 3756
f 3756 3565 3610
f 3527 3652 3528
f 3528 3652 3757
f 3758 3524 3669
f 3669 3524 3523
f 3582 3598 3583
f 3583 3598 3600
f 3759 3670 3522
f 3522 3670 3523
f 3675 3678 3760
f 3760 3678 3761
f 3762 3763 3690
f 3690 3763 3689
f 3765 3766 3764
f 3764 3766 3767
f 3768 3739 3698
f 3698 3739 3699
f 3726 3725 3770
f 3770 3725 3769
f 3645 3647 3771
f 3771 3647 3772
f 3645 3678 3646
f 3646 3678 3677
f 3646 3677 3648
f 3648 3677 3674
f 3673 3649 3674
f 3674 3649 3648
f 3707 3773 3673
f 3673 3773 3649
f 3775 3776 3774
f 3774 3776 3777
f 3779 3526 3778
f 3778 3526 3525
f 3526 3779 3667
f 3667 3779 3780
f 3780 3781 3667
f 3667 3781 3657
f 3672 3679 3708
f 3708 3679 3710
f 3671 3680 3672
f 3672 3680 3679
f 3676 3683 3671
f 3671 3683 3680
f 3675 3690 3676
f 3676 3690 3683
f 3760 3762 3675
f 3675 3762 3690
f 3682 3681 3783
f 3783 3681 3782
f 3689 3784 3684
f 3684 3784 3785
f 3684 3785 3681
f 3681 3785 3782
f 3786 3709 3783
f 3783 3709 3682
f 3784 3689 3787
f 3787 3689 3763
f 3789 3557 3788
f 3788 3557 3790
f 3792 3793 3791
f 3791 3793 3794
f 3616 3615 3795
f 3795 3615 3796
f 3797 3798 3727
f 3727 3798 3728
f 3800 3801 3799
f 3799 3801 3802
f 3803 3578 3592
f 3592 3578 3593
f 3805 3806 3804
f 3804 3806 3807
f 3599 3603 3585
f 3585 3603 3586
f 3587 3586 3604
f 3604 3586 3603
f 3588 3591 3794
f 3794 3591 3791
f 3581 3803 3582
f 3582 3803 3592
f 3594 3561 3608
f 3608 3561 3790
f 3662 3688 3808
f 3808 3688 3809
f 3665 3664 3810
f 3810 3664 3811
f 3719 3812 3720
f 3720 3812 3736
f 3717 3813 3718
f 3718 3813 3737
f 3723 3721 3724
f 3724 3721 3720
f 3813 3717 3814
f 3814 3717 3738
f 3815 3816 303
f 303 3816 304
f 3818 3819 3817
f 3817 3819 3820
f 3578 3803 3579
f 3579 3803 3584
f 3558 3593 3577
f 3577 3593 3578
f 3822 3823 3821
f 3821 3823 3824
f 3546 3826 3825
f 3825 3826 3827
f 3828 3829 3547
f 3547 3829 3541
f 3831 3542 3830
f 3830 3542 3832
f 3834 3822 3833
f 3833 3822 3821
f 3835 3836 3827
f 3827 3836 3825
f 3800 3799 3828
f 3828 3799 3829
f 3830 3832 3837
f 3837 3832 3838
f 331 330 3551
f 3551 330 3839
f 3831 333 3552
f 3552 333 332
f 3819 3797 3841
f 3841 3797 3840
f 3513 3516 3647
f 3647 3516 3746
f 337 336 3745
f 3745 336 3772
f 3525 3528 3775
f 3775 3528 3749
f 3610 3597 3554
f 3554 3597 3596
f 3706 3702 3520
f 3520 3702 3701
f 3756 3610 3553
f 3553 3610 3554
f 3757 3750 3528
f 3528 3750 3749
f 3517 3515 3701
f 3701 3515 3520
f 3842 3584 3581
f 3581 3584 3803
f 3525 3775 3778
f 3778 3775 3774
f 3638 3843 3635
f 3635 3843 3618
f 3617 3621 3618
f 3618 3621 3635
f 3617 3517 3704
f 3704 3517 3701
f 3521 3624 3522
f 3522 3624 3623
f 3749 3844 3775
f 3775 3844 3776
f 3846 3847 3845
f 3845 3847 3848
f 3843 3747 3618
f 3618 3747 3518
f 3850 3851 3849
f 3849 3851 3748
f 3853 3854 3852
f 3852 3854 3855
f 3856 3857 3622
f 3622 3857 3619
f 3859 3860 3858
f 3858 3860 3861
f 3862 3844 3752
f 3752 3844 3749
f 3863 3759 3623
f 3623 3759 3522
f 3864 3777 3630
f 3630 3777 3776
f 3713 3865 3734
f 3734 3865 3866
f 3868 3869 3867
f 3867 3869 3870
f 3872 3873 3871
f 3871 3873 3874
f 3876 3877 3875
f 3875 3877 3878
f 3879 3880 3878
f 3878 3880 3881
f 3882 3883 3885
f 3885 3883 3884
f 3780 3886 3781
f 3781 3886 3887
f 3888 3685 3869
f 3869 3685 3661
f 3880 3879 3883
f 3883 3879 3884
f 3693 3783 3694
f 3694 3783 3782
f 3696 3785 3764
f 3764 3785 3784
f 3694 3782 3696
f 3696 3782 3785
f 3693 3786 3783
f 3787 3765 3784
f 3784 3765 3764
f 386 385 3765
f 3765 385 3766
f 3695 3889 3691
f 3691 3889 3890
f 3691 3890 3692
f 3692 3890 3891
f 3892 3711 3891
f 3891 3711 3692
f 3767 3893 3695
f 3695 3893 3889
f 3766 3894 3767
f 3767 3894 3893
f 3882 3885 3895
f 3895 3885 3896
f 3898 3698 3897
f 3897 3698 3697
f 3897 3697 3899
f 3899 3697 3733
f 3899 3733 3900
f 3900 3733 3734
f 3901 3768 3898
f 3898 3768 3698
f 3901 3902 3768
f 3768 3902 3903
f 3904 3905 3907
f 3907 3905 3906
f 3869 3661 3870
f 3870 3661 3660
f 3908 3909 3896
f 3896 3909 3895
f 3909 3758 3895
f 3895 3758 3669
f 3751 3531 3752
f 3752 3531 3848
f 3858 3536 3854
f 3854 3536 3535
f 3652 3562 3757
f 3757 3562 3756
f 3651 3654 3563
f 3563 3654 3567
f 3655 3656 3808
f 3808 3656 3659
f 3530 3740 3845
f 3845 3740 3861
f 3751 3750 3556
f 3556 3750 3553
f 3817 3820 3796
f 3796 3820 3795
f 410 409 3910
f 3910 409 3855
f 3750 3757 3553
f 3553 3757 3756
f 3908 3886 3909
f 3909 3886 3780
f 409 411 3855
f 3855 411 3851
f 413 412 3760
f 3760 412 3762
f 415 414 3763
f 3763 414 3787
f 3790 3557 3538
f 3538 3557 3537
f 3555 3608 3538
f 3538 3608 3790
f 3574 3911 3575
f 3575 3911 3912
f 3535 3534 3910
f 3910 3534 3839
f 3831 3552 3542
f 3542 3552 3543
f 3534 3550 3839
f 3839 3550 3551
f 3543 3550 3544
f 3544 3550 3549
f 3913 3914 3916
f 3916 3914 3915
f 3806 3805 3589
f 3589 3805 3590
f 3849 3843 3917
f 3917 3843 3638
f 3853 3644 3859
f 3859 3644 3742
f 3747 3746 3518
f 3518 3746 3516
f 3695 3696 3767
f 3767 3696 3764
f 3903 3918 3768
f 3768 3918 3739
f 3738 3739 3816
f 3816 3739 3918
f 3919 3920 3769
f 3769 3920 3770
f 3921 3726 3922
f 3922 3726 3770
f 3678 3645 3761
f 3761 3645 3771
f 3924 3913 3923
f 3923 3913 3916
f 3802 3925 3838
f 3838 3925 3837
f 3577 3926 3558
f 3558 3926 3559
f 3815 3919 3814
f 3814 3919 3769
f 3927 3928 3822
f 3822 3928 3823
f 3829 3832 3541
f 3541 3832 3542
f 3834 3927 3822
f 3832 3829 3838
f 3838 3829 3799
f 3745 3772 3746
f 3746 3772 3647
f 3849 3748 3843
f 3843 3748 3747
f 3854 3853 3858
f 3858 3853 3859
f 3854 3535 3855
f 3855 3535 3910
f 3557 3789 3546
f 3546 3789 3826
f 3923 3823 3924
f 3924 3823 3928
f 3823 3923 3929
f 3929 3923 3930
f 3531 3751 3532
f 3532 3751 3556
f 3532 3556 3538
f 3538 3556 3555
f 3932 3634 3931
f 3931 3634 3633
f 3814 3769 3813
f 3813 3769 3725
f 3620 3636 3621
f 3621 3636 3635
f 3847 3862 3848
f 3848 3862 3752
f 3531 3530 3848
f 3848 3530 3845
f 3933 3934 3830
f 3830 3934 3831
f 3925 3933 3837
f 3837 3933 3830
f 3934 440 3831
f 3831 440 333
f 3925 3802 3833
f 3833 3802 3801
f 3776 3844 3630
f 3630 3844 3627
f 3808 3659 3662
f 3662 3659 3658
f 3667 3650 3526
f 3526 3650 3527
f 3935 3666 3936
f 3936 3666 3665
f 3718 3737 3715
f 3715 3737 3736
f 3663 3809 3664
f 3664 3809 3688
f 3807 3806 3938
f 3938 3806 3937
f 445 413 3761
f 3761 413 3760
f 3902 447 3903
f 3903 447 446
f 3897 3890 3898
f 3898 3890 3889
f 3899 3891 3897
f 3897 3891 3890
f 3898 3889 3901
f 3901 3889 3893
f 3893 3894 3901
f 3901 3894 3902
f 414 386 3787
f 3787 386 3765
f 3940 3941 3939
f 3939 3941 3942
f 3840 3797 3943
f 3943 3797 3727
f 3665 3810 3936
f 3936 3810 3944
f 3921 3735 3726
f 3726 3735 3723
f 3920 3945 3770
f 3770 3945 3922
f 3521 3524 3774
f 3774 3524 3778
f 3864 3946 3625
f 3625 3946 3947
f 3773 3705 3649
f 3649 3705 3519
f 3779 3778 3758
f 3758 3778 3524
f 3812 3716 3736
f 3736 3716 3715
f 3624 3521 3777
f 3777 3521 3774
f 3703 3856 3704
f 3704 3856 3622
f 3900 3892 3899
f 3899 3892 3891
f 3641 3917 3642
f 3642 3917 3948
f 3895 3669 3882
f 3882 3669 3668
f 3855 3851 3852
f 3852 3851 3850
f 3894 458 3902
f 3902 458 447
f 3781 3887 3660
f 3660 3887 3870
f 3570 3566 3571
f 3571 3566 3567
f 3950 3576 3949
f 3949 3576 3587
f 3605 3602 3614
f 3614 3602 3612
f 3614 3612 3570
f 3570 3612 3566
f 3571 3567 3656
f 3656 3567 3654
f 3660 3658 3781
f 3781 3658 3657
f 3604 3607 3587
f 3587 3607 3949
f 3653 3659 3654
f 3654 3659 3656
f 3529 3540 3530
f 3530 3540 3740
f 3687 3811 3688
f 3688 3811 3664
f 3813 3725 3737
f 3737 3725 3724
f 3919 3815 461
f 461 3815 303
f 3818 3798 3819
f 3819 3798 3797
f 3819 3841 3820
f 3820 3841 3951
f 3816 3815 3738
f 3738 3815 3814
f 3540 3539 3533
f 3533 3539 3549
f 3548 3547 3544
f 3544 3547 3541
f 3539 3548 3549
f 3549 3548 3544
f 3741 3931 3860
f 3860 3931 3846
f 3801 3800 3835
f 3835 3800 3836
f 3934 3933 3824
f 3824 3933 3821
f 3825 3828 3546
f 3546 3828 3547
f 3833 3821 3925
f 3925 3821 3933
f 3800 3828 3836
f 3836 3828 3825
f 3824 3952 3934
f 3934 3952 440
f 3860 3846 3861
f 3861 3846 3845
f 3629 3946 3630
f 3630 3946 3864
f 3740 3536 3861
f 3861 3536 3858
f 3833 3801 3834
f 3834 3801 3835
f 3583 3599 3580
f 3580 3599 3585
f 3651 3563 3652
f 3652 3563 3562
f 3758 3909 3779
f 3779 3909 3780
f 3621 3617 3622
f 3622 3617 3704
f 3625 3947 3626
f 3626 3947 3753
f 3633 3632 3847
f 3847 3632 3862
f 3852 3850 3640
f 3640 3850 3641
f 3644 3853 3640
f 3640 3853 3852
f 3859 3742 3860
f 3860 3742 3741
f 3632 3627 3862
f 3862 3627 3844
f 3755 3863 3626
f 3626 3863 3623
f 3917 3638 3948
f 3948 3638 3637
f 3644 3643 3742
f 3742 3643 3743
f 3931 3633 3846
f 3846 3633 3847
f 3625 3624 3864
f 3864 3624 3777
f 3917 3641 3849
f 3849 3641 3850
f 3744 3932 3741
f 3741 3932 3931
f 3903 446 3918
f 3918 446 464
f 3953 3954 3956
f 3956 3954 3955
f 3958 3959 3957
f 3957 3959 3960
f 3876 3958 3877
f 3877 3958 3957
f 3877 3957 3961
f 3961 3957 3962
f 3963 3964 3958
f 3958 3964 3959
f 3965 3966 3876
f 3876 3966 3958
f 3966 3963 3958
f 3966 3967 3963
f 3963 3967 3968
f 3878 3877 3879
f 3879 3877 3961
f 3967 3969 3968
f 3968 3969 3970
f 3969 3971 3970
f 3970 3971 3972
f 3974 3904 3973
f 3973 3904 3907
f 3971 3975 3972
f 3972 3975 3976
f 3976 3975 3978
f 3978 3975 3977
f 3979 3980 3977
f 3977 3980 3978
f 3981 3982 3979
f 3979 3982 3980
f 3983 3984 3981
f 3981 3984 3982
f 3972 3985 3970
f 3970 3985 3986
f 3871 3987 3969
f 3969 3987 3971
f 3872 3871 3967
f 3967 3871 3969
f 3965 3872 3966
f 3966 3872 3967
f 3970 3986 3968
f 3968 3986 3988
f 3879 3961 3884
f 3884 3961 3940
f 3884 3940 3885
f 3885 3940 3939
f 3989 3990 3992
f 3992 3990 3991
f 3942 3993 3995
f 3995 3993 3994
f 3994 3996 3995
f 3995 3996 3974
f 3997 3998 3994
f 3994 3998 3996
f 3999 3997 3993
f 3993 3997 3994
f 4001 3996 4000
f 4000 3996 3998
f 4000 3998 4002
f 4002 3998 4003
f 4004 4003 3997
f 3997 4003 3998
f 3997 3999 4004
f 4004 3999 4005
f 4006 3995 3973
f 3973 3995 3974
f 3939 3942 4006
f 4006 3942 3995
f 3906 3887 3907
f 3907 3887 3886
f 3887 3906 3870
f 3870 3906 3867
f 3908 3973 3886
f 3886 3973 3907
f 3865 4007 3866
f 3866 4007 4008
f 3984 3983 4009
f 4009 3983 4010
f 3961 3962 3940
f 3940 3962 3941
f 4012 3868 4011
f 4011 3868 3867
f 4013 3975 3987
f 3987 3975 3971
f 4014 3977 4013
f 4013 3977 3975
f 4015 4010 4007
f 4007 4010 3983
f 4007 3983 4008
f 4008 3983 3981
f 4008 3981 4016
f 4016 3981 3979
f 4017 3984 4018
f 4018 3984 4009
f 3977 4014 3979
f 3979 4014 4016
f 3982 3984 4019
f 4019 3984 4017
f 4021 4022 4020
f 4020 4022 4023
f 4022 4012 4023
f 4023 4012 4011
f 4023 3904 4020
f 4020 3904 3974
f 4024 4025 4018
f 4018 4025 4017
f 4026 4027 4024
f 4024 4027 4025
f 4028 4026 4029
f 4029 4026 4024
f 4018 4021 4024
f 4024 4021 4029
f 4030 4031 4026
f 4026 4031 4027
f 4032 4030 4028
f 4028 4030 4026
f 4029 4001 4028
f 4028 4001 4000
f 4028 4000 4032
f 4032 4000 4002
f 4034 4035 4033
f 4033 4035 4036
f 4037 4038 4019
f 4019 4038 4039
f 4041 4039 4040
f 4040 4039 4038
f 4040 4038 4042
f 4042 4038 4036
f 4042 4036 4043
f 4043 4036 4035
f 3985 4044 4046
f 4046 4044 4045
f 4047 4048 4045
f 4045 4048 4046
f 4047 4049 4048
f 4048 4049 4050
f 4042 4047 4040
f 4040 4047 4045
f 4043 4049 4042
f 4042 4049 4047
f 4040 4045 4041
f 4041 4045 4044
f 4052 3959 4051
f 4051 3959 3964
f 4053 4054 4051
f 4051 4054 4055
f 3956 3960 4052
f 4052 3960 3959
f 3953 3956 4056
f 4056 3956 4052
f 4058 3953 4057
f 4057 3953 4056
f 4060 4061 4059
f 4059 4061 4062
f 4063 4064 4054
f 4054 4064 4057
f 4054 4053 4063
f 4063 4053 4065
f 4066 4067 4069
f 4069 4067 4068
f 4048 4050 4063
f 4063 4050 4064
f 4063 4065 4048
f 4048 4065 4046
f 3985 4046 3986
f 3986 4046 4065
f 3986 4065 3988
f 3988 4065 4053
f 3988 4053 3964
f 3964 4053 4051
f 3976 3978 4044
f 4044 3978 4041
f 3980 3982 4039
f 4039 3982 4019
f 4039 4041 3980
f 3980 4041 3978
f 3973 3908 4006
f 4006 3908 3896
f 3885 3939 3896
f 3896 3939 4006
f 4031 4034 4027
f 4027 4034 4033
f 4027 4033 4025
f 4025 4033 4037
f 4019 4017 4037
f 4037 4017 4025
f 3993 3942 4070
f 4070 3942 3941
f 3999 3993 4071
f 4071 3993 4070
f 3999 4071 4005
f 4005 4071 4072
f 4073 4074 4076
f 4076 4074 4075
f 4078 4079 4077
f 4077 4079 4080
f 4082 4080 4081
f 4081 4080 4079
f 4084 4085 4083
f 4083 4085 4086
f 4087 4088 4090
f 4090 4088 4089
f 4092 4093 4091
f 4091 4093 4094
f 4096 4097 4095
f 4095 4097 4098
f 4100 4101 4099
f 4099 4101 4102
f 4103 4104 4106
f 4106 4104 4105
f 4108 4109 4107
f 4107 4109 4110
f 4112 4113 4111
f 4111 4113 4114
f 4116 4117 4115
f 4115 4117 4118
f 4120 4121 4119
f 4119 4121 4122
f 4123 4124 4126
f 4126 4124 4125
f 4127 4128 4130
f 4130 4128 4129
f 4132 4133 4131
f 4131 4133 4134
f 4136 4108 4135
f 4135 4108 4107
f 4138 4139 4137
f 4137 4139 4140
f 4141 4142 4088
f 4088 4142 4089
f 4144 4145 4143
f 4143 4145 4146
f 4148 4149 4147
f 4147 4149 4150
f 4152 4153 4151
f 4151 4153 4154
f 4156 4082 4155
f 4155 4082 4081
f 4157 4158 4160
f 4160 4158 4159
f 4161 4162 4164
f 4164 4162 4163
f 4166 4122 4165
f 4165 4122 4121
f 4168 4152 4167
f 4167 4152 4151
f 4169 4170 4172
f 4172 4170 4171
f 4174 4175 4173
f 4173 4175 4176
f 4178 4149 4177
f 4177 4149 4179
f 4173 4176 4180
f 4180 4176 4181
f 4156 4085 4182
f 4182 4085 4183
f 4182 4184 4156
f 4156 4184 4082
f 4185 4186 4184
f 4184 4186 4187
f 4186 4188 4187
f 4187 4188 4189
f 4190 4191 4073
f 4073 4191 4074
f 4177 4179 4158
f 4158 4179 4159
f 4193 4127 4192
f 4192 4127 4130
f 4144 4194 4151
f 4151 4194 4167
f 4196 4197 4195
f 4195 4197 4198
f 4095 4199 4096
f 4096 4199 4200
f 4201 4202 4204
f 4204 4202 4203
f 4205 4206 4208
f 4208 4206 4207
f 4121 4120 4209
f 4209 4120 4210
f 4212 4213 4211
f 4211 4213 4214
f 4216 4217 4215
f 4215 4217 4218
f 4220 4221 4219
f 4219 4221 4222
f 4224 4196 4223
f 4223 4196 4195
f 4225 4226 4134
f 4134 4226 4131
f 4228 4229 4227
f 4227 4229 4230
f 4232 4233 4231
f 4231 4233 4098
f 4235 4236 4234
f 4234 4236 4237
f 4239 4240 4238
f 4238 4240 4241
f 4242 4243 4245
f 4245 4243 4244
f 4246 4247 4249
f 4249 4247 4248
f 4251 4252 4250
f 4250 4252 4253
f 4255 4256 4254
f 4254 4256 4257
f 4259 4260 4258
f 4258 4260 4261
f 4263 4264 4262
f 4262 4264 4265
f 4267 4268 4266
f 4266 4268 4269
f 4271 4199 4270
f 4270 4199 4272
f 4273 4274 4276
f 4276 4274 4275
f 4115 4118 4277
f 4277 4118 4278
f 4280 4281 4279
f 4279 4281 4282
f 4211 4283 4212
f 4212 4283 4284
f 4286 4287 4285
f 4285 4287 4288
f 4165 4121 4289
f 4289 4121 4209
f 4291 4286 4290
f 4290 4286 4285
f 4293 4294 4292
f 4292 4294 4295
f 4297 4298 4296
f 4296 4298 4299
f 4301 4302 4300
f 4300 4302 4303
f 4299 4304 4296
f 4296 4304 4305
f 4306 4292 4307
f 4307 4292 4295
f 4307 4308 4306
f 4306 4308 4309
f 4310 4309 4075
f 4075 4309 4308
f 4299 4298 4312
f 4312 4298 4311
f 4302 4301 4293
f 4293 4301 4294
f 3735 3921 4313
f 4313 3921 4314
f 4315 4314 3922
f 3922 4314 3921
f 4316 3945 829
f 829 3945 830
f 4289 4317 4165
f 4165 4317 4318
f 4320 4321 4319
f 4319 4321 4322
f 4324 4325 4323
f 4323 4325 4326
f 4327 4328 4330
f 4330 4328 4329
f 4290 4331 4291
f 4291 4331 4332
f 4165 4318 4166
f 4166 4318 4333
f 4334 4335 4337
f 4337 4335 4336
f 4339 4340 4338
f 4338 4340 4341
f 4168 4343 4342
f 4342 4343 4344
f 4346 4347 4345
f 4345 4347 4348
f 4350 4351 4349
f 4349 4351 4352
f 4354 4355 4353
f 4353 4355 4356
f 4357 4358 4324
f 4324 4358 4325
f 4337 4359 4334
f 4334 4359 4360
f 4362 4363 4361
f 4361 4363 4364
f 4366 4367 4365
f 4365 4367 4368
f 4369 4370 4372
f 4372 4370 4371
f 4331 4290 4374
f 4374 4290 4373
f 4373 4376 4375
f 4375 4376 4377
f 4379 4380 4378
f 4378 4380 4381
f 4217 4382 4218
f 4218 4382 4383
f 4385 4386 4384
f 4384 4386 4387
f 4388 4389 4338
f 4338 4389 4390
f 4337 4336 4392
f 4392 4336 4391
f 4394 4362 4393
f 4393 4362 4361
f 4396 4397 4395
f 4395 4397 4398
f 4400 4401 4399
f 4399 4401 4402
f 4345 4403 4346
f 4346 4403 4404
f 4405 4406 4342
f 4342 4406 4407
f 4409 4410 4408
f 4408 4410 4411
f 4408 4412 4409
f 4409 4412 4413
f 4181 4415 4414
f 4414 4415 4416
f 4182 4183 4417
f 4417 4183 4418
f 4419 4353 4311
f 4311 4353 4312
f 4421 4422 4420
f 4420 4422 4423
f 4353 4356 4312
f 4312 4356 4424
f 4166 4333 4425
f 4425 4333 4426
f 4425 4143 4166
f 4166 4143 4122
f 4427 4107 4428
f 4428 4107 4110
f 4429 4430 4174
f 4174 4430 4175
f 4335 4431 4336
f 4336 4431 4390
f 4336 4390 4391
f 4391 4390 4389
f 4432 4433 4435
f 4435 4433 4434
f 4437 4438 4436
f 4436 4438 4439
f 4441 4442 4440
f 4440 4442 4443
f 4359 4444 4361
f 4361 4444 4393
f 4446 4447 4445
f 4445 4447 4448
f 4338 4341 4388
f 4388 4341 4449
f 4450 4451 4398
f 4398 4451 4395
f 4453 4454 4452
f 4452 4454 4455
f 4457 4458 4456
f 4456 4458 4459
f 4460 4461 4448
f 4448 4461 4445
f 4463 4464 4462
f 4462 4464 4465
f 4462 4465 4466
f 4466 4465 4467
f 4468 4469 4467
f 4467 4469 4466
f 4469 4468 4470
f 4470 4468 4471
f 4472 4473 4471
f 4471 4473 4470
f 4475 4476 4474
f 4474 4476 4477
f 4479 4480 4478
f 4478 4480 4481
f 4483 4484 4482
f 4482 4484 4485
f 4487 4488 4486
f 4486 4488 4489
f 4491 4492 4490
f 4490 4492 4493
f 4494 4495 4493
f 4493 4495 4490
f 4496 4497 4494
f 4494 4497 4495
f 4497 4496 4498
f 4498 4496 4499
f 4500 4501 4503
f 4503 4501 4502
f 4505 4506 4504
f 4504 4506 4507
f 4466 4508 4462
f 4462 4508 4509
f 4470 4510 4469
f 4469 4510 4511
f 4513 4479 4512
f 4512 4479 4478
f 4515 4443 4514
f 4514 4443 4442
f 4516 4517 4519
f 4519 4517 4518
f 4521 4495 4520
f 4520 4495 4497
f 4522 4490 4521
f 4521 4490 4495
f 4491 4523 4488
f 4488 4523 4524
f 4525 4489 4524
f 4524 4489 4488
f 4484 4526 4485
f 4485 4526 4527
f 4503 4528 4500
f 4500 4528 4529
f 4530 4531 4533
f 4533 4531 4532
f 4535 4506 4534
f 4534 4506 4530
f 4486 4536 4487
f 4487 4536 4537
f 4487 4537 4492
f 4492 4537 4538
f 4494 4539 4496
f 4496 4539 4540
f 4542 4533 4541
f 4541 4533 4499
f 4544 4545 4543
f 4543 4545 4546
f 4548 4549 4547
f 4547 4549 4550
f 4536 4551 4537
f 4537 4551 4552
f 4537 4552 4538
f 4538 4552 4553
f 4554 4539 4556
f 4556 4539 4555
f 4557 4540 4554
f 4554 4540 4539
f 4559 4557 4558
f 4558 4557 4560
f 4540 4557 4541
f 4541 4557 4559
f 4562 4563 4561
f 4561 4563 4564
f 4546 4565 4543
f 4543 4565 4566
f 4547 4567 4548
f 4548 4567 4568
f 4570 4571 4569
f 4569 4571 4572
f 4574 4575 4573
f 4573 4575 4576
f 4578 4579 4577
f 4577 4579 4580
f 4582 4583 4581
f 4581 4583 4584
f 4585 4586 4588
f 4588 4586 4587
f 4589 4585 4590
f 4590 4585 4588
f 4592 4593 4591
f 4591 4593 4594
f 4596 4597 4595
f 4595 4597 4598
f 4600 4601 4599
f 4599 4601 4602
f 4563 4604 4603
f 4603 4604 4605
f 4603 4606 4608
f 4608 4606 4607
f 4609 4610 4594
f 4594 4610 4591
f 4611 4612 4614
f 4614 4612 4613
f 4616 4617 4615
f 4615 4617 4618
f 4602 4620 4619
f 4619 4620 4621
f 4619 4622 4602
f 4602 4622 4599
f 4605 4599 4623
f 4623 4599 4622
f 4605 4623 4603
f 4603 4623 4606
f 4625 4626 4624
f 4624 4626 4627
f 4438 4437 4628
f 4628 4437 4629
f 4442 4441 4630
f 4630 4441 4631
f 4630 4632 4442
f 4442 4632 4514
f 4633 4634 4529
f 4529 4634 4500
f 4500 4634 4501
f 4501 4634 4635
f 4637 4546 4636
f 4636 4546 4545
f 4639 4565 4638
f 4638 4565 4640
f 4573 4576 4641
f 4641 4576 4642
f 4593 4643 4594
f 4594 4643 4644
f 4645 4609 4644
f 4644 4609 4594
f 4647 4648 4646
f 4646 4648 4649
f 4651 4652 4650
f 4650 4652 4653
f 4654 4498 4519
f 4519 4498 4532
f 4520 4508 4521
f 4521 4508 4511
f 4522 4510 4523
f 4523 4510 4655
f 4524 4656 4525
f 4525 4656 4657
f 4514 4529 4515
f 4515 4529 4528
f 4658 4659 4661
f 4661 4659 4660
f 4496 4540 4499
f 4499 4540 4541
f 4493 4555 4494
f 4494 4555 4539
f 4549 4483 4550
f 4550 4483 4482
f 4545 4544 4501
f 4501 4544 4502
f 4636 4545 4635
f 4635 4545 4501
f 4589 4663 4662
f 4662 4663 4664
f 4662 4665 4558
f 4558 4665 4559
f 4569 4586 4570
f 4570 4586 4560
f 4552 4666 4553
f 4553 4666 4667
f 4668 4669 4670
f 4670 4669 4666
f 4672 4673 4671
f 4671 4673 4674
f 4287 4675 4288
f 4288 4675 4676
f 4678 4679 4677
f 4677 4679 4680
f 4681 4678 4682
f 4682 4678 4677
f 4682 4683 4681
f 4681 4683 4684
f 4161 4164 4685
f 4685 4164 4686
f 4414 4687 4689
f 4689 4687 4688
f 4405 4690 4346
f 4346 4690 4347
f 4691 4399 4693
f 4693 4399 4692
f 1209 4694 4365
f 4365 4694 4366
f 4650 1211 4651
f 4651 1211 1210
f 4695 4696 4255
f 4255 4696 4256
f 4697 4698 4218
f 4218 4698 4215
f 4700 4701 4699
f 4699 4701 4702
f 4703 4704 4303
f 4303 4704 4300
f 4315 3922 4316
f 4316 3922 3945
f 4653 4706 4705
f 4705 4706 4707
f 4709 4710 4708
f 4708 4710 4711
f 4335 4334 4713
f 4713 4334 4712
f 4714 4340 4321
f 4321 4340 4322
f 4716 4717 4715
f 4715 4717 4718
f 4238 4241 4719
f 4719 4241 4720
f 4231 4721 4307
f 4307 4721 4308
f 4723 4724 4722
f 4722 4724 4725
f 4727 4728 4726
f 4726 4728 4729
f 4730 4731 4327
f 4327 4731 4328
f 4733 4734 4732
f 4732 4734 4735
f 4720 4381 4736
f 4736 4381 4737
f 4738 4739 4741
f 4741 4739 4740
f 4743 4744 4742
f 4742 4744 4745
f 4338 4390 4339
f 4339 4390 4431
f 4746 4747 4431
f 4431 4747 4339
f 4291 4332 4289
f 4289 4332 4317
f 4289 4209 4291
f 4291 4209 4286
f 4287 4286 4210
f 4210 4286 4209
f 4749 4750 4748
f 4748 4750 4751
f 4212 4284 4752
f 4752 4284 4753
f 4752 4754 4212
f 4212 4754 4213
f 4252 4251 4225
f 4225 4251 4226
f 4227 4230 4248
f 4248 4230 4249
f 4205 4755 4757
f 4757 4755 4756
f 4708 4711 4758
f 4758 4711 4647
f 4367 4366 4759
f 4759 4366 4760
f 4526 4513 4527
f 4527 4513 4512
f 4420 4423 4385
f 4385 4423 4386
f 4705 4761 4653
f 4653 4761 4650
f 4761 1279 4650
f 4650 1279 1211
f 4762 4763 3944
f 3944 4763 3936
f 4274 4273 4765
f 4765 4273 4764
f 4767 4768 4766
f 4766 4768 4769
f 4770 4771 4769
f 4769 4771 4766
f 4771 4770 4242
f 4242 4770 4243
f 4093 4163 4094
f 4094 4163 4162
f 4772 4773 4775
f 4775 4773 4774
f 4777 4778 4776
f 4776 4778 4779
f 4417 4185 4182
f 4182 4185 4184
f 4780 4078 4781
f 4781 4078 4077
f 4781 4077 4782
f 4782 4077 4189
f 4188 4783 4189
f 4189 4783 4782
f 4295 4232 4307
f 4307 4232 4231
f 4785 4786 4784
f 4784 4786 4787
f 4784 1307 4785
f 4785 1307 1306
f 4078 4780 4096
f 4096 4780 4097
f 4075 4074 4310
f 4310 4074 4788
f 4788 4074 4789
f 4789 4074 4191
f 4789 4191 4059
f 4059 4191 4790
f 4791 4277 4792
f 4792 4277 4278
f 3732 3735 4793
f 4793 3735 4313
f 4793 4794 3732
f 3732 4794 3731
f 4792 4795 4791
f 4791 4795 4796
f 4797 4798 4799
f 4799 4798 4724
f 4763 4800 3936
f 3936 4800 3935
f 4801 4062 3729
f 3729 4062 3730
f 4713 4712 4802
f 4802 4712 4803
f 4146 4804 4119
f 4119 4804 4805
f 4498 4654 4497
f 4497 4654 4520
f 4806 4807 1326
f 1326 4807 1327
f 4689 4688 1330
f 1330 4688 1331
f 4801 4789 4062
f 4062 4789 4059
f 3730 4062 4808
f 4808 4062 4061
f 4810 4811 4809
f 4809 4811 4812
f 4813 4403 4814
f 4814 4403 4345
f 4815 4816 4349
f 4349 4816 4350
f 4817 4818 4820
f 4820 4818 4819
f 4406 4821 4407
f 4407 4821 4822
f 4823 4161 4824
f 4824 4161 4685
f 4181 4414 4825
f 4825 4414 4689
f 4741 4740 4826
f 4826 4740 4827
f 4828 4829 4827
f 4827 4829 4826
f 4142 4141 4415
f 4415 4141 4148
f 4830 1354 4761
f 4761 1354 1279
f 4832 4833 4831
f 4831 4833 4834
f 4835 4836 4626
f 4626 4836 4421
f 4451 4709 4395
f 4395 4709 4708
f 4627 4420 4837
f 4837 4420 4385
f 4837 1365 4838
f 4838 1365 1364
f 4397 4396 4839
f 4839 4396 4840
f 4842 4628 4841
f 4841 4628 4629
f 4671 4674 4631
f 4631 4674 4630
f 4674 4659 4630
f 4630 4659 4632
f 4633 4632 4658
f 4658 4632 4659
f 4658 4504 4633
f 4633 4504 4634
f 4635 4634 4507
f 4507 4634 4504
f 4843 4636 4507
f 4507 4636 4635
f 4844 4637 4843
f 4843 4637 4636
f 4637 4844 4640
f 4640 4844 4664
f 4638 4663 4642
f 4642 4663 4845
f 4847 4643 4846
f 4846 4643 4641
f 4644 4848 4645
f 4645 4848 4849
f 4851 4852 4850
f 4850 4852 4853
f 4855 4856 4854
f 4854 4856 4857
f 4859 4860 4858
f 4858 4860 4857
f 4715 4718 4859
f 4859 4718 4860
f 4862 4863 4861
f 4861 4863 4864
f 4866 4867 4865
f 4865 4867 4868
f 4870 4871 4869
f 4869 4871 4872
f 4869 4872 4116
f 4116 4872 4117
f 4820 4819 4874
f 4874 4819 4873
f 4876 4877 4875
f 4875 4877 4878
f 4880 4881 4879
f 4879 4881 4882
f 4884 4885 4883
f 4883 4885 4886
f 4887 4888 4280
f 4280 4888 4281
f 4818 4817 4889
f 4889 4817 4890
f 4891 4193 4823
f 4823 4193 4192
f 4892 4893 4228
f 4228 4893 4229
f 4158 4157 4894
f 4894 4157 4895
f 4896 4897 4132
f 4132 4897 4133
f 4099 4683 4100
f 4100 4683 4682
f 4101 4100 4899
f 4899 4100 4898
f 4150 4106 4147
f 4147 4106 4900
f 4100 4682 4898
f 4898 4682 4677
f 4080 4082 4187
f 4187 4082 4184
f 4077 4080 4189
f 4189 4080 4187
f 4191 4190 4790
f 4790 4190 4901
f 4177 4158 4680
f 4680 4158 4894
f 4108 4136 4752
f 4752 4136 4754
f 4752 4753 4108
f 4108 4753 4109
f 4817 4902 4890
f 4890 4902 4903
f 4904 4905 4907
f 4907 4905 4906
f 4909 4910 4908
f 4908 4910 4911
f 4913 4914 4912
f 4912 4914 4915
f 4916 4917 4919
f 4919 4917 4918
f 4312 4424 4299
f 4299 4424 4304
f 4920 4921 4297
f 4297 4921 4298
f 4194 4922 4167
f 4167 4922 4923
f 4924 4400 4691
f 4691 4400 4399
f 4395 4708 4396
f 4396 4708 4758
f 4367 4925 4368
f 4368 4925 4926
f 4919 4918 4873
f 4873 4918 4874
f 4836 4927 4421
f 4421 4927 4422
f 4921 4928 4298
f 4298 4928 4311
f 4143 4146 4122
f 4122 4146 4119
f 4929 4930 4455
f 4455 4930 4452
f 4932 4933 4931
f 4931 4933 4934
f 4935 4936 4932
f 4932 4936 4933
f 4461 4460 4457
f 4457 4460 4458
f 4480 4479 4475
f 4475 4479 4476
f 4660 4673 4517
f 4517 4673 4937
f 4661 4505 4658
f 4658 4505 4504
f 4484 4483 4489
f 4489 4483 4486
f 4462 4509 4463
f 4463 4509 4518
f 4469 4511 4466
f 4466 4511 4508
f 4655 4473 4656
f 4656 4473 4477
f 4476 4657 4477
f 4477 4657 4656
f 4479 4513 4476
f 4476 4513 4657
f 4489 4525 4484
f 4484 4525 4526
f 4483 4549 4486
f 4486 4549 4536
f 4549 4548 4536
f 4536 4548 4551
f 4548 4568 4551
f 4551 4568 4670
f 4663 4589 4845
f 4845 4589 4590
f 4668 4577 4938
f 4938 4577 4580
f 4940 4938 4939
f 4939 4938 4941
f 4940 4942 4669
f 4669 4942 4943
f 4587 4582 4944
f 4944 4582 4581
f 4848 4847 4608
f 4608 4847 4564
f 4616 4945 4613
f 4613 4945 4598
f 4615 4946 4616
f 4616 4946 4945
f 4947 4939 4948
f 4948 4939 4946
f 4599 4605 4600
f 4600 4605 4604
f 4608 4607 4848
f 4848 4607 4849
f 4613 4612 4616
f 4616 4612 4617
f 4835 4949 4709
f 4709 4949 4710
f 4357 1477 4837
f 4837 1477 1365
f 4712 4950 4803
f 4803 4950 4951
f 4401 4952 4402
f 4402 4952 4953
f 4759 4760 4402
f 4402 4760 4399
f 4508 4520 4509
f 4509 4520 4654
f 4510 4522 4511
f 4511 4522 4521
f 4513 4526 4657
f 4657 4526 4525
f 4632 4633 4514
f 4514 4633 4529
f 4931 4934 4453
f 4453 4934 4454
f 4153 4954 4154
f 4154 4954 4955
f 4957 4958 4956
f 4956 4958 4959
f 4961 4962 4960
f 4960 4962 4963
f 4120 4964 4210
f 4210 4964 4965
f 4967 4968 4966
f 4966 4968 4969
f 4349 4692 4815
f 4815 4692 4970
f 4652 4971 4653
f 4653 4971 4706
f 4758 4647 4972
f 4972 4647 4646
f 4973 4363 4646
f 4646 4363 4972
f 4950 4360 4974
f 4974 4360 4364
f 4431 4335 4746
f 4746 4335 4713
f 4358 4714 4325
f 4325 4714 4321
f 4765 4764 4266
f 4266 4764 4975
f 4202 4976 4203
f 4203 4976 4977
f 4917 4978 4918
f 4918 4978 4979
f 4279 4282 4854
f 4854 4282 4269
f 4820 4880 4817
f 4817 4880 4902
f 4890 4903 4980
f 4980 4903 4886
f 4982 4983 4981
f 4981 4983 4123
f 4795 4851 4796
f 4796 4851 4850
f 4918 4979 4874
f 4874 4979 4881
f 4809 4404 4810
f 4810 4404 4403
f 4354 4985 4984
f 4984 4985 4986
f 1364 1516 4838
f 4838 1516 4987
f 4759 4988 4367
f 4367 4988 4925
f 4989 4990 4481
f 4481 4990 4478
f 4443 4515 4990
f 4990 4515 4991
f 4527 4512 4992
f 4992 4512 4991
f 4528 4503 4992
f 4992 4503 4993
f 4993 4994 4485
f 4485 4994 4482
f 4544 4995 4502
f 4502 4995 4994
f 4995 4996 4550
f 4550 4996 4547
f 4998 4999 4997
f 4997 4999 4566
f 4998 5000 4578
f 4578 5000 4579
f 5001 5002 4596
f 4596 5002 4597
f 5003 4591 5004
f 5004 4591 4610
f 4626 4421 4627
f 4627 4421 4420
f 4837 4838 4627
f 4627 4838 4624
f 4761 4705 4830
f 4830 4705 5005
f 4705 4707 5005
f 5005 4707 5006
f 4308 4721 4075
f 4075 4721 4076
f 5007 4200 4797
f 4797 4200 4798
f 4685 4686 5008
f 5008 4686 5009
f 4889 4890 5010
f 5010 4890 4980
f 4323 1541 4324
f 4324 1541 1540
f 4385 4384 4358
f 4358 4384 4714
f 4396 4758 4840
f 4840 4758 4972
f 4866 4852 5011
f 5011 4852 5012
f 5013 4260 4980
f 4980 4260 5010
f 4875 4878 5014
f 5014 4878 5015
f 5017 5018 5016
f 5016 5018 5019
f 5016 5019 5020
f 5020 5019 5021
f 5023 5024 5022
f 5022 5024 5025
f 5027 5028 5026
f 5026 5028 5029
f 5031 5032 5030
f 5030 5032 5033
f 5035 5036 5034
f 5034 5036 5037
f 5039 5040 5038
f 5038 5040 5041
f 5043 5044 5042
f 5042 5044 5045
f 5038 5046 5039
f 5039 5046 5047
f 5049 5050 5048
f 5048 5050 5051
f 5053 5054 5052
f 5052 5054 5055
f 5057 5024 5056
f 5056 5024 5058
f 5060 5061 5059
f 5059 5061 5062
f 5064 5065 5063
f 5063 5065 5066
f 5043 5050 5064
f 5064 5050 5065
f 5038 5041 5067
f 5067 5041 5068
f 5070 5071 5069
f 5069 5071 5072
f 5074 5075 5073
f 5073 5075 5076
f 5034 5077 5035
f 5035 5077 5078
f 5080 5081 5079
f 5079 5081 5082
f 5084 5085 5083
f 5083 5085 5086
f 5085 5084 5087
f 5087 5084 5088
f 5090 5091 5089
f 5089 5091 5092
f 5094 5095 5093
f 5093 5095 5096
f 5098 5099 5097
f 5097 5099 5100
f 5102 5103 5101
f 5101 5103 5104
f 5105 5106 5108
f 5108 5106 5107
f 5110 5111 5109
f 5109 5111 5112
f 5114 5094 5113
f 5113 5094 5093
f 5116 5117 5115
f 5115 5117 5118
f 5120 5121 5119
f 5119 5121 5122
f 5124 5125 5123
f 5123 5125 5126
f 5128 5129 5127
f 5127 5129 5130
f 5097 5131 5098
f 5098 5131 5132
f 5134 5135 5133
f 5133 5135 5122
f 5084 5125 5088
f 5088 5125 5136
f 5138 5139 5137
f 5137 5139 5140
f 5142 5102 5141
f 5141 5102 5101
f 5106 5143 5107
f 5107 5143 5144
f 5146 5147 5145
f 5145 5147 5148
f 5149 5150 5109
f 5109 5150 5110
f 5151 5110 5152
f 5152 5110 5150
f 4715 5140 4716
f 4716 5140 5139
f 5143 4870 5144
f 5144 4870 4869
f 4115 5146 4116
f 4116 5146 5145
f 4791 4796 5149
f 5149 4796 5150
f 4796 4850 5150
f 5150 4850 5152
f 4858 5142 4859
f 4859 5142 5141
f 5153 5154 5115
f 5115 5154 5105
f 5156 5157 5155
f 5155 5157 5158
f 5159 5160 5053
f 5053 5160 5054
f 5161 5162 5020
f 5020 5162 5068
f 5026 5029 5163
f 5163 5029 5021
f 5083 5086 5164
f 5164 5086 5165
f 5090 5167 5166
f 5166 5167 5168
f 5169 5170 5172
f 5172 5170 5171
f 5174 5175 5173
f 5173 5175 5176
f 5177 5109 5178
f 5178 5109 5112
f 5179 5180 5182
f 5182 5180 5181
f 5123 5126 5120
f 5120 5126 5121
f 5180 5167 5181
f 5181 5167 5183
f 5184 5185 5179
f 5179 5185 5180
f 5186 5149 5177
f 5177 5149 5109
f 4868 5184 4865
f 4865 5184 5179
f 5188 5189 5187
f 5187 5189 5190
f 4277 4791 5186
f 5186 4791 5149
f 5179 5182 4865
f 4865 5182 4853
f 5189 4862 5190
f 5190 4862 4861
f 5156 5075 5191
f 5191 5075 5192
f 5036 5035 5193
f 5193 5035 5194
f 5115 5118 5153
f 5153 5118 5195
f 5022 5025 5196
f 5196 5025 5197
f 5155 5158 5069
f 5069 5158 5062
f 5063 5066 5198
f 5198 5066 5199
f 5073 5076 5200
f 5200 5076 5072
f 5202 5131 5201
f 5201 5131 5203
f 5143 5106 5204
f 5204 5106 5205
f 5114 5113 5206
f 5206 5113 5127
f 5098 5132 5193
f 5193 5132 5195
f 5204 5207 5143
f 5143 5207 4870
f 5088 5136 5208
f 5208 5136 5092
f 5209 5210 5089
f 5089 5210 5183
f 5211 5018 5060
f 5060 5018 5061
f 5017 5040 5070
f 5070 5040 5071
f 5191 5160 5156
f 5156 5160 5157
f 5048 5028 5049
f 5049 5028 5058
f 5207 5204 4858
f 4858 5204 5142
f 4859 5141 4715
f 4715 5141 5140
f 5212 5162 5042
f 5042 5162 5051
f 5182 5152 4853
f 4853 5152 4850
f 5214 5134 5213
f 5213 5134 5133
f 5164 5165 5133
f 5133 5165 5213
f 5215 5216 5201
f 5201 5216 5217
f 5147 5218 5148
f 5148 5218 5219
f 5147 5177 5218
f 5218 5177 5178
f 5141 5101 5140
f 5140 5101 5137
f 5201 5217 5202
f 5202 5217 5104
f 5146 5186 5147
f 5147 5186 5177
f 4277 5186 4115
f 4115 5186 5146
f 5191 5192 5031
f 5031 5192 5032
f 5052 5055 5220
f 5220 5055 5197
f 4116 5145 4869
f 4869 5145 5144
f 5034 5037 5214
f 5214 5037 5134
f 5097 5100 5114
f 5114 5100 5094
f 5108 5107 5219
f 5219 5107 5148
f 5221 5135 5116
f 5116 5135 5117
f 5124 5111 5209
f 5209 5111 5210
f 5107 5144 5148
f 5148 5144 5145
f 5152 5182 5151
f 5151 5182 5181
f 5208 5222 5088
f 5088 5222 5087
f 5222 5208 5171
f 5171 5208 5172
f 5223 1756 4698
f 4698 1756 1755
f 4427 5224 4107
f 4107 5224 4135
f 4178 4679 5225
f 5225 4679 5226
f 5227 5228 4892
f 4892 5228 4893
f 5229 5230 4171
f 4171 5230 4172
f 4855 4268 4884
f 4884 4268 4885
f 4884 4871 4855
f 4855 4871 4856
f 4684 5231 4896
f 4896 5231 4897
f 4768 4767 5009
f 5009 4767 5008
f 5205 5154 5102
f 5102 5154 5103
f 5099 5098 5194
f 5194 5098 5193
f 5198 5199 5079
f 5079 5199 5033
f 5102 5142 5205
f 5205 5142 5204
f 5224 4427 4681
f 4681 4427 4678
f 3712 3711 5232
f 5232 3711 5233
f 3968 3988 3963
f 3963 3988 3964
f 3976 4044 3972
f 3972 4044 3985
f 4038 4037 4036
f 4036 4037 4033
f 4794 4762 3731
f 3731 4762 3944
f 3731 3944 3722
f 3722 3944 3810
f 3874 5234 5232
f 5232 5234 3712
f 3906 3905 3867
f 3867 3905 4011
f 3904 4023 3905
f 3905 4023 4011
f 3719 3722 3811
f 3811 3722 3810
f 3812 3719 3687
f 3687 3719 3811
f 3716 3812 3686
f 3686 3812 3687
f 3713 3716 3685
f 3685 3716 3686
f 4810 4403 5235
f 5235 4403 4813
f 4345 1770 4814
f 4814 1770 1769
f 4067 4066 4058
f 4058 4066 5236
f 4043 4068 4049
f 4049 4068 4050
f 4034 5237 3989
f 3989 5237 3990
f 4031 4030 4072
f 4072 4030 4005
f 4003 4004 4002
f 4002 4004 4032
f 4004 4005 4032
f 4032 4005 4030
f 4067 4064 4068
f 4068 4064 4050
f 4058 4057 4067
f 4067 4057 4064
f 4035 4034 5238
f 5238 4034 3989
f 5236 5239 4058
f 4058 5239 5240
f 5234 3874 5241
f 5241 3874 3873
f 5241 3873 3881
f 3881 3873 3878
f 4800 4763 4788
f 4788 4763 4310
f 4763 4762 4310
f 4310 4762 4309
f 4762 4794 4309
f 4309 4794 4306
f 4794 4793 4306
f 4306 4793 4292
f 4293 4313 4302
f 4302 4313 4314
f 4302 4314 4303
f 4303 4314 4315
f 4303 4315 4703
f 4703 4315 4316
f 4035 4069 4043
f 4043 4069 4068
f 4324 1540 4357
f 4357 1540 1477
f 5232 3987 3874
f 3874 3987 3871
f 3987 5232 4013
f 4013 5232 5233
f 4013 5233 4014
f 4014 5233 5242
f 3888 4015 3865
f 3865 4015 4007
f 3866 4008 5243
f 5243 4008 4016
f 3873 5244 3878
f 3878 5244 3875
f 3965 5244 3872
f 3872 5244 3873
f 3876 3875 3965
f 3965 3875 5244
f 5243 4016 5242
f 5242 4016 4014
f 5246 5247 5245
f 5245 5247 5248
f 3576 3950 3577
f 3577 3950 3926
f 3584 3842 3585
f 3585 3842 3580
f 5249 5247 1784
f 1784 5247 1785
f 5250 5251 5253
f 5253 5251 5252
f 5255 5252 5254
f 5254 5252 5256
f 5254 5256 5258
f 5258 5256 5257
f 5258 5257 5260
f 5260 5257 5259
f 4356 5261 4424
f 4424 5261 5259
f 4355 5262 4356
f 4356 5262 5261
f 4924 5264 5263
f 5263 5264 5265
f 4693 5266 4691
f 4691 5266 5267
f 4351 5268 4352
f 4352 5268 5269
f 1808 1807 4351
f 4351 1807 5268
f 3580 3842 3581
f 3799 3802 3838
f 4800 4788 4801
f 4801 4788 4789
f 3729 3935 4801
f 4801 3935 4800
f 3728 3666 3729
f 3729 3666 3935
f 3728 3798 3666
f 3666 3798 3663
f 3798 3818 3663
f 3663 3818 3809
f 3818 3817 3809
f 3809 3817 3808
f 3796 3655 3817
f 3817 3655 3808
f 3615 3568 3796
f 3796 3568 3655
f 3573 3569 3615
f 3615 3569 3568
f 3572 3613 3573
f 3573 3613 3569
f 3792 3606 3572
f 3572 3606 3613
f 3607 3791 3949
f 3949 3791 3591
f 3590 3950 3591
f 3591 3950 3949
f 3805 3926 3590
f 3590 3926 3950
f 3804 3559 3805
f 3805 3559 3926
f 3804 3914 3559
f 3559 3914 3560
f 3924 3789 3913
f 3913 3789 3788
f 3924 3928 3789
f 3789 3928 3826
f 3928 3927 3826
f 3826 3927 3827
f 3927 3834 3827
f 3827 3834 3835
f 4079 4078 5270
f 5270 4078 5007
f 5271 5272 4233
f 4233 5272 5273
f 5275 5276 5274
f 5274 5276 5277
f 5278 5279 4236
f 4236 5279 4237
f 5278 5280 5271
f 5271 5280 5272
f 4235 5281 4236
f 4236 5281 5282
f 5284 5285 5283
f 5283 5285 5286
f 5288 5289 5287
f 5287 5289 5290
f 5292 5293 5291
f 5291 5293 5294
f 5287 5290 4726
f 4726 5290 5295
f 4293 4292 4313
f 4313 4292 4793
f 4720 4736 4719
f 4719 4736 5296
f 5297 4909 5298
f 5298 4909 4908
f 5299 5300 4976
f 4976 5300 5301
f 5302 4202 5303
f 5303 4202 4201
f 5304 5305 4983
f 4983 5305 5306
f 5308 5309 5307
f 5307 5309 5310
f 4722 4725 5283
f 5283 4725 5311
f 5291 5294 4125
f 4125 5294 4126
f 5313 5314 5312
f 5312 5314 5315
f 5316 5317 5319
f 5319 5317 5318
f 5321 5308 5320
f 5320 5308 5307
f 4819 4981 4873
f 4873 4981 5322
f 4981 4123 5322
f 5322 4123 4126
f 5324 5325 5323
f 5323 5325 5326
f 4764 5327 4975
f 4975 5327 5328
f 4172 5327 4169
f 4169 5327 5329
f 4768 4171 4769
f 4769 4171 4170
f 4243 4755 4244
f 4244 4755 5330
f 4755 4205 5330
f 5330 4205 4208
f 4206 4906 4207
f 4207 4906 4905
f 4686 5014 5009
f 5009 5014 5229
f 4756 4770 4170
f 4170 4770 4769
f 4170 4169 4756
f 4756 4169 4757
f 4273 5329 4764
f 4764 5329 5327
f 4276 5331 4273
f 4273 5331 5329
f 4770 4756 4243
f 4243 4756 4755
f 5333 4889 5332
f 5332 4889 5010
f 4877 5332 4878
f 4878 5332 4259
f 4875 4164 4876
f 4876 4164 4163
f 5334 5335 5324
f 5324 5335 5325
f 4983 5306 4123
f 4123 5306 4124
f 4818 4982 4819
f 4819 4982 4981
f 5332 5010 4259
f 4259 5010 4260
f 5014 4686 4875
f 4875 4686 4164
f 4171 4768 5229
f 5229 4768 5009
f 5337 4916 5336
f 5336 4916 4919
f 5293 5337 5294
f 5294 5337 5336
f 4982 4818 5333
f 5333 4818 4889
f 5338 5339 4262
f 4262 5339 5340
f 5307 5310 5338
f 5338 5310 5339
f 5341 5342 4204
f 4204 5342 5309
f 5336 4919 5322
f 5322 4919 4873
f 5294 5336 4126
f 4126 5336 5322
f 5323 5326 5343
f 5343 5326 5286
f 4914 5344 4915
f 4915 5344 5345
f 5312 5315 5344
f 5344 5315 5345
f 5347 5348 5346
f 5346 5348 5349
f 5350 5351 4832
f 4832 5351 4833
f 5352 5353 5349
f 5349 5353 5346
f 5354 5338 4265
f 4265 5338 4262
f 5320 5307 5354
f 5354 5307 5338
f 4201 5308 5303
f 5303 5308 5321
f 5356 5357 5355
f 5355 5357 4799
f 5358 5359 5334
f 5334 5359 5335
f 5358 5360 4093
f 4093 5360 4163
f 5360 5305 4163
f 4163 5305 4876
f 5305 5304 4876
f 4876 5304 4877
f 5270 4778 4079
f 4079 4778 4081
f 4779 5361 4774
f 4774 5361 5357
f 5356 5359 4775
f 4775 5359 4092
f 5333 5304 4982
f 4982 5304 4983
f 5332 4877 5333
f 5333 4877 5304
f 5015 4258 5230
f 5230 4258 5328
f 5327 4172 5328
f 5328 4172 5230
f 4169 5329 4757
f 4757 5329 5331
f 4757 5331 4205
f 4205 5331 4206
f 5331 4276 4206
f 4206 4276 4906
f 4276 4275 4906
f 4906 4275 4907
f 4275 4888 4907
f 4907 4888 4744
f 4887 4717 4745
f 4745 4717 4864
f 4716 5139 4861
f 4861 5139 5190
f 5139 5138 5190
f 5190 5138 5187
f 5138 5216 5187
f 5187 5216 5176
f 5215 5362 5173
f 5173 5362 5130
f 5364 5365 5363
f 5363 5365 5340
f 4742 4863 5366
f 5366 4863 4867
f 4862 5189 4868
f 4868 5189 5184
f 5189 5188 5184
f 5184 5188 5185
f 5188 5175 5185
f 5185 5175 5168
f 3560 3788 3561
f 3561 3788 3790
f 3596 3595 3608
f 3608 3595 3594
f 3598 3582 3595
f 3595 3582 3592
f 3600 3609 3601
f 3601 3609 3611
f 3602 3601 3612
f 3612 3601 3611
f 3606 3605 3613
f 3613 3605 3614
f 3793 5367 3794
f 3794 5367 5368
f 3598 3597 3600
f 3600 3597 3609
f 3793 3792 3575
f 3575 3792 3572
f 3561 3594 3558
f 3558 3594 3593
f 3807 3915 3804
f 3804 3915 3914
f 3916 3915 5370
f 5370 3915 5369
f 3602 3605 3603
f 3603 3605 3604
f 3606 3792 3607
f 3607 3792 3791
f 3914 3913 3560
f 3560 3913 3788
f 5174 5129 5166
f 5166 5129 5371
f 5170 5169 5093
f 5093 5169 5113
f 5166 5371 5090
f 5090 5371 5091
f 5128 5169 5372
f 5372 5169 5172
f 5127 5113 5128
f 5128 5113 5169
f 5114 5206 5203
f 5203 5206 5362
f 5200 5373 5073
f 5073 5373 5096
f 5374 5375 5200
f 5200 5375 5373
f 5039 5047 5374
f 5374 5047 5375
f 5087 5046 5085
f 5085 5046 5376
f 5212 5377 5067
f 5067 5377 5376
f 5042 5045 5212
f 5212 5045 5377
f 5064 5378 5043
f 5043 5378 5044
f 5063 5077 5064
f 5064 5077 5378
f 5079 5082 5198
f 5198 5082 5078
f 5099 5081 5100
f 5100 5081 5379
f 5100 5379 5094
f 5094 5379 5095
f 5381 5382 5380
f 5380 5382 5383
f 5385 5386 5384
f 5384 5386 5383
f 5385 5387 5386
f 5386 5387 5388
f 5390 5391 5389
f 5389 5391 5392
f 5393 5394 5396
f 5396 5394 5395
f 5398 5399 5397
f 5397 5399 5400
f 5402 5403 5401
f 5401 5403 5404
f 5406 5407 5405
f 5405 5407 5404
f 5408 5409 5163
f 5163 5409 5410
f 5411 5412 5414
f 5414 5412 5413
f 5057 5416 5415
f 5415 5416 5417
f 5393 5416 5418
f 5418 5416 5419
f 5396 5395 5420
f 5420 5395 5421
f 5423 5424 5422
f 5422 5424 5425
f 5415 5417 5220
f 5220 5417 5426
f 5418 5391 5393
f 5393 5391 5394
f 5414 5388 5411
f 5411 5388 5392
f 5059 5427 5060
f 5060 5427 5428
f 5423 5427 5429
f 5429 5427 5430
f 5432 5382 5431
f 5431 5382 5425
f 5429 5407 5423
f 5423 5407 5424
f 5380 5409 5381
f 5381 5409 5433
f 5381 5433 5422
f 5422 5433 5428
f 5027 5412 5056
f 5056 5412 5419
f 5435 5436 5434
f 5434 5436 5437
f 5159 5439 5438
f 5438 5439 5440
f 5053 5436 5159
f 5159 5436 5439
f 5441 5403 5398
f 5398 5403 5399
f 5163 5410 5026
f 5026 5410 5413
f 5438 5440 5442
f 5442 5440 5430
f 5444 5445 5443
f 5443 5445 5446
f 5447 5448 5450
f 5450 5448 5449
f 5451 5446 5452
f 5452 5446 5445
f 5454 5455 5453
f 5453 5455 5451
f 5456 5454 5458
f 5458 5454 5457
f 5460 5461 5459
f 5459 5461 5462
f 5464 5465 5463
f 5463 5465 5466
f 5468 5469 5467
f 5467 5469 5470
f 5472 5473 5471
f 5471 5473 5474
f 5475 5476 5478
f 5478 5476 5477
f 5479 5480 5482
f 5482 5480 5481
f 5483 5484 5448
f 5448 5484 5485
f 5448 5485 5449
f 5449 5485 5486
f 5487 5476 5488
f 5488 5476 5475
f 5490 5491 5489
f 5489 5491 5492
f 5494 5495 5493
f 5493 5495 5496
f 5498 5494 5497
f 5497 5494 5493
f 5500 5501 5499
f 5499 5501 5502
f 5503 5504 5446
f 5446 5504 5443
f 5506 5507 5505
f 5505 5507 5508
f 5510 5511 5509
f 5509 5511 5512
f 5514 5515 5513
f 5513 5515 5516
f 5518 5519 5517
f 5517 5519 5520
f 5495 5521 5496
f 5496 5521 5522
f 5524 5525 5523
f 5523 5525 5526
f 5527 5528 5494
f 5494 5528 5495
f 5499 5502 5529
f 5529 5502 5530
f 5531 5532 5485
f 5485 5532 5486
f 5485 5484 5531
f 5531 5484 5533
f 5482 5481 5534
f 5534 5481 5535
f 5536 5512 5506
f 5506 5512 5511
f 5455 5503 5451
f 5451 5503 5446
f 5467 5470 5511
f 5511 5470 5537
f 5538 5467 5510
f 5510 5467 5511
f 5540 5541 5539
f 5539 5541 5542
f 5543 5544 5546
f 5546 5544 5545
f 5548 5472 5547
f 5547 5472 5471
f 5493 5496 5549
f 5549 5496 5550
f 5496 5522 5550
f 5550 5522 5551
f 5553 5554 5552
f 5552 5554 5555
f 5557 5447 5556
f 5556 5447 5558
f 5557 5483 5447
f 5447 5483 5448
f 5478 5477 5553
f 5553 5477 5559
f 5477 5560 5559
f 5559 5560 5561
f 5476 5562 5477
f 5477 5562 5560
f 5476 5487 5562
f 5562 5487 5563
f 5560 5564 5561
f 5561 5564 5565
f 5564 5560 5566
f 5566 5560 5562
f 5563 5567 5562
f 5562 5567 5566
f 5569 5521 5568
f 5568 5521 5570
f 5481 5572 5571
f 5571 5572 5573
f 5574 5535 5571
f 5571 5535 5481
f 5576 5577 5575
f 5575 5577 5578
f 5579 5580 5456
f 5456 5580 5581
f 5475 5582 5488
f 5488 5582 5583
f 5584 5536 5505
f 5505 5536 5506
f 5585 5586 5588
f 5588 5586 5587
f 5590 5591 5589
f 5589 5591 5592
f 5519 5593 5520
f 5520 5593 5594
f 5595 5596 5462
f 5462 5596 5597
f 5599 5600 5598
f 5598 5600 5514
f 5602 5603 5601
f 5601 5603 5604
f 5524 5543 5525
f 5525 5543 5546
f 5543 5524 5606
f 5606 5524 5605
f 5607 5608 5500
f 5500 5608 5501
f 5610 5551 5609
f 5609 5551 5522
f 5611 5510 5598
f 5598 5510 5509
f 5612 5597 5457
f 5457 5597 5458
f 5510 5611 5538
f 5538 5611 5613
f 5580 5508 5581
f 5581 5508 5507
f 5615 5616 5614
f 5614 5616 5617
f 5619 5620 5618
f 5618 5620 5621
f 5623 5624 5622
f 5622 5624 5625
f 5627 5624 5626
f 5626 5624 5623
f 5629 5630 5628
f 5628 5630 5631
f 5633 5634 5632
f 5632 5634 5466
f 5635 5636 5463
f 5463 5636 5637
f 5523 5638 5524
f 5524 5638 5605
f 5639 5640 5641
f 5641 5640 5595
f 5611 5513 5613
f 5613 5513 5642
f 5643 5586 5608
f 5608 5586 5501
f 5622 5625 5590
f 5590 5625 5591
f 5598 5514 5611
f 5611 5514 5513
f 5645 5646 5644
f 5644 5646 5647
f 5620 5619 5491
f 5491 5619 5648
f 5649 5643 5492
f 5492 5643 5608
f 5650 5651 5653
f 5653 5651 5652
f 5463 5466 5635
f 5635 5466 5634
f 5597 5612 5462
f 5462 5612 5459
f 5635 5634 5523
f 5523 5634 5638
f 5654 5638 5633
f 5633 5638 5634
f 5655 5656 5525
f 5525 5656 5526
f 5658 5659 5657
f 5657 5659 5527
f 5660 5464 5637
f 5637 5464 5463
f 5632 5466 5661
f 5661 5466 5465
f 5661 5662 5632
f 5632 5662 5658
f 5662 5663 5658
f 5658 5663 5659
f 5665 5659 5664
f 5664 5659 5663
f 5632 5658 5633
f 5633 5658 5657
f 5666 5629 5530
f 5530 5629 5667
f 5528 5527 5665
f 5665 5527 5659
f 5668 5669 5570
f 5570 5669 5568
f 5669 5668 5670
f 5670 5668 5671
f 5646 5672 5673
f 5672 5674 5673
f 5673 5674 5675
f 5674 5460 5675
f 5675 5460 5459
f 5461 5676 5462
f 5462 5676 5595
f 5677 5678 5680
f 5680 5678 5679
f 5628 5681 5629
f 5629 5681 5667
f 5682 5529 5667
f 5667 5529 5530
f 5675 5459 5683
f 5683 5459 5612
f 5585 5666 5502
f 5502 5666 5530
f 5589 5684 5602
f 5602 5684 5603
f 5646 5645 5663
f 5663 5645 5664
f 5685 5647 5673
f 5673 5647 5646
f 5686 5687 5683
f 5683 5687 5685
f 5688 5689 5533
f 5533 5689 5531
f 5690 5691 5535
f 5535 5691 5534
f 5692 5690 5574
f 5574 5690 5535
f 5685 5687 5689
f 5689 5687 5693
f 5489 5694 5490
f 5490 5694 5695
f 5690 5692 5696
f 5696 5692 5697
f 5696 5644 5690
f 5690 5644 5691
f 5447 5450 5558
f 5558 5450 5698
f 5699 5700 5642
f 5642 5700 5613
f 5701 5702 5540
f 5540 5702 5541
f 5431 5703 5432
f 5432 5703 5697
f 5385 5384 5574
f 5574 5384 5692
f 5389 5387 5573
f 5573 5387 5571
f 5565 5390 5573
f 5573 5390 5389
f 5390 5565 5704
f 5704 5565 5564
f 5566 5705 5564
f 5564 5705 5704
f 5569 5441 5609
f 5609 5441 5398
f 5568 5405 5569
f 5569 5405 5441
f 5670 5706 5669
f 5669 5706 5406
f 5703 5431 5670
f 5670 5431 5706
f 5432 5697 5384
f 5384 5697 5692
f 5574 5571 5385
f 5385 5571 5387
f 5607 5707 5489
f 5489 5707 5694
f 5518 5708 5519
f 5519 5708 5709
f 5711 5576 5710
f 5710 5576 5575
f 5713 5714 5712
f 5712 5714 5715
f 5553 5552 5478
f 5478 5552 5716
f 5717 5475 5716
f 5716 5475 5478
f 5718 5719 5605
f 5605 5719 5606
f 5505 5622 5584
f 5584 5622 5590
f 5508 5623 5505
f 5505 5623 5622
f 5626 5623 5580
f 5580 5623 5508
f 5580 5579 5626
f 5626 5579 5720
f 5579 5721 5720
f 5720 5721 5722
f 5666 5585 5723
f 5723 5585 5588
f 5724 5725 5639
f 5639 5725 5640
f 5554 5726 5555
f 5555 5726 5727
f 5453 5728 5729
f 5689 5688 5685
f 5685 5688 5647
f 5604 5730 5512
f 5512 5730 5509
f 5628 5631 5618
f 5618 5631 5592
f 5601 5604 5536
f 5536 5604 5512
f 5732 5676 5731
f 5731 5676 5660
f 5730 5604 5733
f 5733 5604 5603
f 5563 5487 5551
f 5551 5487 5550
f 5489 5492 5607
f 5607 5492 5608
f 5573 5572 5565
f 5565 5572 5561
f 5609 5522 5569
f 5569 5522 5521
f 5499 5734 5500
f 5500 5734 5735
f 5596 5736 5721
f 5721 5736 5722
f 5737 5600 5594
f 5594 5600 5520
f 5599 5730 5517
f 5517 5730 5733
f 5660 5738 5731
f 5731 5738 5739
f 5648 5649 5491
f 5491 5649 5492
f 5501 5586 5502
f 5502 5586 5585
f 5525 5546 5655
f 5655 5546 5740
f 5600 5599 5520
f 5520 5599 5517
f 5708 5739 5709
f 5709 5739 5738
f 5636 5635 5526
f 5526 5635 5523
f 5670 5671 5703
f 5703 5671 5741
f 5490 5695 5742
f 5742 5695 5743
f 5682 5678 5744
f 5744 5678 5677
f 5678 5681 5679
f 5679 5681 5621
f 5742 5743 5679
f 5679 5743 5680
f 5618 5621 5628
f 5628 5621 5681
f 5725 5724 5589
f 5589 5724 5684
f 5456 5458 5579
f 5579 5458 5721
f 5675 5683 5673
f 5673 5683 5685
f 5529 5682 5745
f 5745 5682 5744
f 5721 5458 5596
f 5596 5458 5597
f 5701 5540 5719
f 5719 5540 5606
f 5703 5741 5697
f 5697 5741 5696
f 5500 5735 5607
f 5607 5735 5707
f 5549 5746 5493
f 5493 5746 5497
f 5700 5747 5613
f 5613 5747 5538
f 5420 5421 5434
f 5434 5421 5400
f 5689 5693 5531
f 5531 5693 5532
f 5705 5566 5748
f 5748 5566 5567
f 5609 5398 5610
f 5610 5398 5397
f 5669 5406 5568
f 5568 5406 5405
f 5488 5583 5549
f 5549 5583 5746
f 5714 5713 5710
f 5710 5713 5711
f 5747 5468 5538
f 5538 5468 5467
f 5548 5547 5749
f 5749 5547 5750
f 5733 5603 5751
f 5751 5603 5684
f 5589 5602 5590
f 5590 5602 5584
f 5636 5752 5614
f 5614 5752 5615
f 5753 5754 5738
f 5738 5754 5755
f 5602 5601 5584
f 5584 5601 5536
f 5723 5736 5630
f 5630 5736 5640
f 5595 5640 5596
f 5596 5640 5736
f 5734 5499 5745
f 5745 5499 5529
f 5627 5587 5643
f 5643 5587 5586
f 5553 5559 5554
f 5554 5559 5480
f 5559 5561 5480
f 5480 5561 5572
f 5554 5480 5726
f 5726 5480 5479
f 5749 5750 5715
f 5715 5750 5712
f 5683 5612 5686
f 5686 5612 5457
f 5678 5682 5681
f 5681 5682 5667
f 5598 5509 5599
f 5599 5509 5730
f 5679 5621 5742
f 5742 5621 5620
f 5652 5616 5653
f 5653 5616 5615
f 5220 5426 5052
f 5052 5426 5437
f 5487 5488 5550
f 5550 5488 5549
f 5742 5620 5490
f 5490 5620 5491
f 5551 5610 5563
f 5563 5610 5567
f 5610 5397 5567
f 5567 5397 5748
f 5614 5617 5753
f 5753 5617 5754
f 5480 5572 5481
f 5755 5756 5738
f 5738 5756 5709
f 5745 5744 5758
f 5758 5744 5757
f 5745 5758 5734
f 5734 5758 5759
f 5735 5734 5760
f 5760 5734 5759
f 5707 5735 5761
f 5761 5735 5760
f 5744 5677 5757
f 5757 5677 5762
f 5677 5680 5762
f 5762 5680 5763
f 5763 5680 5764
f 5764 5680 5743
f 5765 5766 5762
f 5762 5766 5757
f 5768 5769 5767
f 5767 5769 5770
f 5771 5772 5770
f 5770 5772 5767
f 5770 5769 5774
f 5774 5769 5773
f 5775 5776 5774
f 5774 5776 5777
f 5773 5778 5774
f 5774 5778 5775
f 5779 5766 5773
f 5773 5766 5778
f 5777 5771 5774
f 5774 5771 5770
f 5780 5781 5783
f 5783 5781 5782
f 5781 5780 5771
f 5771 5780 5772
f 5773 5769 5779
f 5779 5769 5768
f 5768 5759 5779
f 5779 5759 5758
f 5768 5784 5759
f 5759 5784 5760
f 5767 5785 5768
f 5768 5785 5784
f 5785 5767 5786
f 5786 5767 5772
f 5766 5779 5757
f 5757 5779 5758
f 5780 5787 5772
f 5772 5787 5786
f 5785 5786 5788
f 5788 5786 5789
f 5786 5787 5789
f 5789 5787 5790
f 5788 5789 5791
f 5791 5789 5792
f 5791 5793 5788
f 5788 5793 5794
f 5795 5792 5790
f 5790 5792 5789
f 5785 5788 5784
f 5784 5788 5794
f 5784 5794 5760
f 5760 5794 5761
f 5787 5780 5796
f 5796 5780 5783
f 5775 5778 5797
f 5797 5778 5766
f 5797 5798 5775
f 5775 5798 5776
f 5766 5765 5797
f 5797 5765 5799
f 5798 5797 5800
f 5800 5797 5799
f 5798 5801 5776
f 5776 5801 5802
f 5707 5761 5694
f 5694 5761 5803
f 5695 5804 5743
f 5743 5804 5764
f 5804 5695 5803
f 5803 5695 5694
f 5803 5793 5804
f 5804 5793 5805
f 5793 5791 5805
f 5805 5791 5806
f 5804 5805 5764
f 5764 5805 5807
f 5803 5761 5793
f 5793 5761 5794
f 5808 5763 5807
f 5807 5763 5764
f 5808 5765 5763
f 5763 5765 5762
f 5809 5799 5808
f 5808 5799 5765
f 5809 5808 5810
f 5810 5808 5807
f 5811 5809 5812
f 5812 5809 5810
f 5805 5806 5807
f 5807 5806 5810
f 5806 5813 5810
f 5810 5813 5812
f 5799 5809 5800
f 5800 5809 5811
f 5815 5800 5814
f 5814 5800 5811
f 5814 5817 5816
f 5816 5817 5818
f 5814 5811 5817
f 5817 5811 5812
f 5814 5816 5815
f 5815 5816 5796
f 5815 5796 5801
f 5801 5796 5783
f 5801 5798 5815
f 5815 5798 5800
f 5791 5792 5806
f 5806 5792 5813
f 5818 5813 5795
f 5795 5813 5792
f 5818 5817 5813
f 5813 5817 5812
f 5816 5818 5790
f 5790 5818 5795
f 5790 5787 5816
f 5816 5787 5796
f 5771 5777 5781
f 5781 5777 5782
f 5782 5802 5783
f 5783 5802 5801
f 5782 5777 5802
f 5802 5777 5776
f 5588 5587 5722
f 5722 5587 5720
f 5591 5619 5592
f 5592 5619 5618
f 5625 5624 5648
f 5648 5624 5649
f 5624 5627 5649
f 5649 5627 5643
f 5631 5630 5725
f 5725 5630 5640
f 5625 5648 5591
f 5591 5648 5619
f 5588 5722 5723
f 5723 5722 5736
f 5631 5725 5592
f 5592 5725 5589
f 5723 5630 5666
f 5666 5630 5629
f 5587 5627 5720
f 5720 5627 5626
f 5820 5821 5819
f 5819 5821 5822
f 5824 5825 5823
f 5823 5825 5826
f 5823 5826 5827
f 5827 5826 5828
f 5829 5830 5832
f 5832 5830 5831
f 5518 5833 5708
f 5708 5833 5834
f 5835 5836 5824
f 5824 5836 5825
f 5838 5839 5837
f 5837 5839 5840
f 5751 5684 5842
f 5842 5684 5841
f 5843 5841 5724
f 5724 5841 5684
f 5845 5846 5844
f 5844 5846 5847
f 5848 5830 5836
f 5836 5830 5825
f 5518 5751 5833
f 5833 5751 5842
f 5839 5838 5821
f 5821 5838 5849
f 5850 5848 5822
f 5822 5848 5836
f 5851 5845 5828
f 5828 5845 5852
f 5854 5855 5853
f 5853 5855 5856
f 5845 5844 5852
f 5852 5844 5857
f 5858 5827 5852
f 5852 5827 5828
f 5851 5828 5829
f 5829 5828 5826
f 5819 5859 5820
f 5820 5859 5860
f 5835 5861 5819
f 5819 5861 5859
f 5851 5829 5862
f 5862 5829 5832
f 5844 5847 5837
f 5837 5847 5834
f 5819 5822 5835
f 5835 5822 5836
f 5823 5863 5824
f 5824 5863 5864
f 5849 5850 5821
f 5821 5850 5822
f 5825 5830 5826
f 5826 5830 5829
f 5820 5860 5865
f 5865 5860 5866
f 5858 5854 5867
f 5867 5854 5853
f 5854 5857 5855
f 5855 5857 5840
f 5855 5865 5856
f 5856 5865 5866
f 5837 5840 5844
f 5844 5840 5857
f 5827 5858 5868
f 5868 5858 5867
f 5824 5864 5835
f 5835 5864 5861
f 5732 5731 5862
f 5862 5731 5846
f 5863 5823 5868
f 5868 5823 5827
f 5843 5831 5848
f 5848 5831 5830
f 5854 5858 5857
f 5857 5858 5852
f 5855 5840 5865
f 5865 5840 5839
f 5865 5839 5820
f 5820 5839 5821
f 5868 5867 5870
f 5870 5867 5869
f 5868 5870 5863
f 5863 5870 5871
f 5863 5871 5864
f 5864 5871 5872
f 5864 5872 5861
f 5861 5872 5873
f 5867 5853 5869
f 5869 5853 5874
f 5853 5856 5874
f 5874 5856 5875
f 5856 5866 5875
f 5875 5866 5876
f 5877 5878 5874
f 5874 5878 5869
f 5880 5881 5879
f 5879 5881 5882
f 5883 5884 5880
f 5880 5884 5881
f 5881 5884 5886
f 5886 5884 5885
f 5887 5888 5886
f 5886 5888 5889
f 5885 5890 5886
f 5886 5890 5887
f 5889 5882 5886
f 5886 5882 5881
f 5882 5891 5879
f 5879 5891 5892
f 5885 5884 5893
f 5893 5884 5883
f 5883 5871 5893
f 5893 5871 5870
f 5883 5894 5871
f 5871 5894 5872
f 5880 5895 5883
f 5883 5895 5894
f 5896 5895 5879
f 5879 5895 5880
f 5893 5878 5885
f 5885 5878 5890
f 5878 5893 5869
f 5869 5893 5870
f 5897 5896 5892
f 5892 5896 5879
f 5895 5896 5898
f 5898 5896 5899
f 5896 5897 5899
f 5899 5897 5900
f 5898 5899 5901
f 5901 5899 5902
f 5901 5903 5898
f 5898 5903 5904
f 5900 5905 5899
f 5899 5905 5902
f 5898 5904 5895
f 5895 5904 5894
f 5894 5904 5872
f 5872 5904 5873
f 5897 5892 5907
f 5907 5892 5906
f 5892 5891 5906
f 5906 5891 5908
f 5887 5890 5909
f 5909 5890 5878
f 5888 5887 5910
f 5910 5887 5909
f 5878 5877 5909
f 5909 5877 5911
f 5909 5911 5910
f 5910 5911 5912
f 5913 5914 5910
f 5910 5914 5888
f 5908 5914 5906
f 5906 5914 5913
f 5861 5873 5859
f 5859 5873 5915
f 5860 5916 5866
f 5866 5916 5876
f 5916 5860 5915
f 5915 5860 5859
f 5915 5903 5916
f 5916 5903 5917
f 5903 5901 5917
f 5917 5901 5918
f 5916 5917 5876
f 5876 5917 5919
f 5903 5915 5904
f 5904 5915 5873
f 5920 5875 5919
f 5919 5875 5876
f 5920 5877 5875
f 5875 5877 5874
f 5920 5921 5877
f 5877 5921 5911
f 5921 5920 5922
f 5922 5920 5919
f 5923 5921 5924
f 5924 5921 5922
f 5917 5918 5919
f 5919 5918 5922
f 5918 5925 5922
f 5922 5925 5924
f 5921 5923 5911
f 5911 5923 5912
f 5927 5912 5926
f 5926 5912 5923
f 5926 5929 5928
f 5928 5929 5930
f 5926 5923 5929
f 5929 5923 5924
f 5926 5928 5927
f 5927 5928 5907
f 5927 5907 5913
f 5913 5907 5906
f 5913 5910 5927
f 5927 5910 5912
f 5901 5902 5918
f 5918 5902 5925
f 5930 5925 5905
f 5905 5925 5902
f 5930 5929 5925
f 5925 5929 5924
f 5928 5930 5900
f 5900 5930 5905
f 5900 5897 5928
f 5928 5897 5907
f 5882 5889 5891
f 5891 5889 5908
f 5908 5889 5914
f 5914 5889 5888
f 5832 5831 5641
f 5641 5831 5639
f 5833 5838 5834
f 5834 5838 5837
f 5842 5841 5849
f 5849 5841 5850
f 5841 5843 5850
f 5850 5843 5848
f 5847 5846 5739
f 5739 5846 5731
f 5842 5849 5833
f 5833 5849 5838
f 5862 5832 5732
f 5732 5832 5641
f 5847 5739 5834
f 5834 5739 5708
f 5862 5846 5851
f 5851 5846 5845
f 5831 5843 5639
f 5639 5843 5724
f 5676 5732 5595
f 5595 5732 5641
f 5676 5461 5660
f 5660 5461 5464
f 5461 5460 5464
f 5464 5460 5465
f 5460 5674 5465
f 5465 5674 5661
f 5931 5932 5934
f 5934 5932 5933
f 5936 5937 5935
f 5935 5937 5938
f 5935 5938 5939
f 5939 5938 5940
f 5942 5943 5941
f 5941 5943 5944
f 5945 5946 5936
f 5936 5946 5937
f 5948 5949 5947
f 5947 5949 5950
f 5951 5952 5519
f 5519 5952 5593
f 5953 5951 5709
f 5709 5951 5519
f 5955 5956 5954
f 5954 5956 5957
f 5958 5942 5946
f 5946 5942 5937
f 5948 5959 5949
f 5949 5959 5933
f 5960 5958 5934
f 5934 5958 5946
f 5961 5955 5940
f 5940 5955 5962
f 5963 5964 5966
f 5966 5964 5965
f 5955 5954 5962
f 5962 5954 5967
f 5968 5939 5962
f 5962 5939 5940
f 5961 5940 5941
f 5941 5940 5938
f 5931 5969 5932
f 5932 5969 5970
f 5945 5971 5931
f 5931 5971 5969
f 5941 5944 5961
f 5961 5944 5972
f 5954 5957 5947
f 5947 5957 5973
f 5945 5931 5946
f 5946 5931 5934
f 5935 5974 5936
f 5936 5974 5975
f 5959 5960 5933
f 5933 5960 5934
f 5937 5942 5938
f 5938 5942 5941
f 5932 5970 5976
f 5976 5970 5977
f 5968 5964 5978
f 5978 5964 5963
f 5965 5964 5950
f 5950 5964 5967
f 5976 5977 5965
f 5965 5977 5966
f 5947 5950 5954
f 5954 5950 5967
f 5939 5968 5979
f 5979 5968 5978
f 5936 5975 5945
f 5945 5975 5971
f 5972 5754 5956
f 5956 5754 5617
f 5974 5935 5979
f 5979 5935 5939
f 5953 5943 5958
f 5958 5943 5942
f 5964 5968 5967
f 5967 5968 5962
f 5965 5950 5976
f 5976 5950 5949
f 5976 5949 5932
f 5932 5949 5933
f 5979 5978 5981
f 5981 5978 5980
f 5979 5981 5974
f 5974 5981 5982
f 5974 5982 5975
f 5975 5982 5983
f 5975 5983 5971
f 5971 5983 5984
f 5978 5963 5980
f 5980 5963 5985
f 5963 5966 5985
f 5985 5966 5986
f 5986 5966 5987
f 5987 5966 5977
f 5988 5989 5985
f 5985 5989 5980
f 5991 5992 5990
f 5990 5992 5993
f 5994 5995 5991
f 5991 5995 5992
f 5992 5995 5997
f 5997 5995 5996
f 5998 5999 5997
f 5997 5999 6000
f 5996 6001 5997
f 5997 6001 5998
f 6000 5993 5997
f 5997 5993 5992
f 6002 6003 5993
f 5993 6003 5990
f 5995 5994 5996
f 5996 5994 6004
f 5994 5982 6004
f 6004 5982 5981
f 5994 6005 5982
f 5982 6005 5983
f 5991 6006 5994
f 5994 6006 6005
f 6006 5991 6007
f 6007 5991 5990
f 5996 6004 6001
f 6001 6004 5989
f 5989 6004 5980
f 5980 6004 5981
f 6003 6008 5990
f 5990 6008 6007
f 6009 6006 6010
f 6010 6006 6007
f 6008 6011 6007
f 6007 6011 6010
f 6012 6009 6013
f 6013 6009 6010
f 6009 6012 6015
f 6015 6012 6014
f 6011 6016 6010
f 6010 6016 6013
f 6006 6009 6005
f 6005 6009 6015
f 6005 6015 5983
f 5983 6015 5984
f 6008 6003 6018
f 6018 6003 6017
f 6003 6002 6017
f 6017 6002 6019
f 5998 6001 6020
f 6020 6001 5989
f 5999 5998 6021
f 6021 5998 6020
f 5989 5988 6020
f 6020 5988 6022
f 6021 6020 6023
f 6023 6020 6022
f 6021 6024 5999
f 5999 6024 6025
f 6019 6025 6017
f 6017 6025 6024
f 5971 5984 5969
f 5969 5984 6026
f 5970 6027 5977
f 5977 6027 5987
f 6027 5970 6026
f 6026 5970 5969
f 6026 6014 6027
f 6027 6014 6028
f 6014 6012 6028
f 6028 6012 6029
f 6027 6028 5987
f 5987 6028 6030
f 6026 5984 6014
f 6014 5984 6015
f 6031 5986 6030
f 6030 5986 5987
f 6031 5988 5986
f 5986 5988 5985
f 6032 6022 6031
f 6031 6022 5988
f 6032 6031 6033
f 6033 6031 6030
f 6034 6032 6035
f 6035 6032 6033
f 6028 6029 6030
f 6030 6029 6033
f 6029 6036 6033
f 6033 6036 6035
f 6032 6034 6022
f 6022 6034 6023
f 6038 6023 6037
f 6037 6023 6034
f 6037 6040 6039
f 6039 6040 6041
f 6037 6034 6040
f 6040 6034 6035
f 6037 6039 6038
f 6038 6039 6018
f 6038 6018 6024
f 6024 6018 6017
f 6024 6021 6038
f 6038 6021 6023
f 6012 6013 6029
f 6029 6013 6036
f 6041 6036 6016
f 6016 6036 6013
f 6041 6040 6036
f 6036 6040 6035
f 6041 6016 6039
f 6039 6016 6011
f 6011 6008 6039
f 6039 6008 6018
f 5993 6000 6002
f 6002 6000 6019
f 6019 6000 6025
f 6025 6000 5999
f 5943 5756 5944
f 5944 5756 5755
f 6042 5948 5973
f 5973 5948 5947
f 5952 5951 5959
f 5959 5951 5960
f 5951 5953 5960
f 5960 5953 5958
f 5616 5957 5617
f 5617 5957 5956
f 6042 5952 5948
f 5948 5952 5959
f 5944 5755 5972
f 5972 5755 5754
f 5957 5616 5973
f 5973 5616 5652
f 5956 5955 5972
f 5972 5955 5961
f 5943 5953 5756
f 5756 5953 5709
f 6044 6045 6043
f 6043 6045 6046
f 6048 6049 6047
f 6047 6049 6050
f 6047 6050 6051
f 6051 6050 6052
f 6054 6055 6053
f 6053 6055 6056
f 6057 6058 6060
f 6060 6058 6059
f 6061 6062 6048
f 6048 6062 6049
f 6063 6064 6066
f 6066 6064 6065
f 6067 6068 6070
f 6070 6068 6069
f 6071 6069 5653
f 5653 6069 6068
f 6072 6073 6075
f 6075 6073 6074
f 6062 6076 6049
f 6049 6076 6054
f 6058 6067 6059
f 6059 6067 6070
f 6064 6077 6065
f 6065 6077 6045
f 6078 6076 6046
f 6046 6076 6062
f 6073 6080 6079
f 6079 6080 6052
f 6082 6083 6081
f 6081 6083 6084
f 6072 6085 6073
f 6073 6085 6080
f 6086 6051 6080
f 6080 6051 6052
f 6079 6052 6053
f 6053 6052 6050
f 6043 6087 6044
f 6044 6087 6088
f 6061 6089 6043
f 6043 6089 6087
f 6053 6056 6079
f 6079 6056 6090
f 6063 6072 6060
f 6060 6072 6075
f 6043 6046 6061
f 6061 6046 6062
f 6047 6091 6048
f 6048 6091 6092
f 6077 6078 6045
f 6045 6078 6046
f 6049 6054 6050
f 6050 6054 6053
f 6044 6088 6093
f 6093 6088 6094
f 6086 6082 6095
f 6095 6082 6081
f 6083 6082 6066
f 6066 6082 6085
f 6093 6094 6083
f 6083 6094 6084
f 6072 6063 6085
f 6085 6063 6066
f 6051 6086 6096
f 6096 6086 6095
f 6048 6092 6061
f 6061 6092 6089
f 5656 5655 6090
f 6090 5655 6074
f 6091 6047 6096
f 6096 6047 6051
f 6071 6055 6076
f 6076 6055 6054
f 6082 6086 6085
f 6085 6086 6080
f 6093 6083 6065
f 6065 6083 6066
f 6044 6093 6045
f 6045 6093 6065
f 6096 6095 6098
f 6098 6095 6097
f 6096 6098 6091
f 6091 6098 6099
f 6091 6099 6092
f 6092 6099 6100
f 6092 6100 6089
f 6089 6100 6101
f 6095 6081 6097
f 6097 6081 6102
f 6081 6084 6102
f 6102 6084 6103
f 6103 6084 6104
f 6104 6084 6094
f 6106 6097 6105
f 6105 6097 6102
f 6107 6108 6110
f 6110 6108 6109
f 6111 6112 6108
f 6108 6112 6109
f 6109 6112 6114
f 6114 6112 6113
f 6114 6115 6117
f 6117 6115 6116
f 6113 6118 6114
f 6114 6118 6115
f 6117 6110 6114
f 6114 6110 6109
f 6110 6119 6107
f 6107 6119 6120
f 6112 6111 6113
f 6113 6111 6121
f 6111 6099 6121
f 6121 6099 6098
f 6111 6122 6099
f 6099 6122 6100
f 6123 6122 6108
f 6108 6122 6111
f 6124 6123 6107
f 6107 6123 6108
f 6113 6121 6118
f 6118 6121 6106
f 6106 6121 6097
f 6097 6121 6098
f 6125 6124 6120
f 6120 6124 6107
f 6126 6123 6127
f 6127 6123 6124
f 6125 6128 6124
f 6124 6128 6127
f 6129 6126 6130
f 6130 6126 6127
f 6126 6129 6132
f 6132 6129 6131
f 6128 6133 6127
f 6127 6133 6130
f 6123 6126 6122
f 6122 6126 6132
f 6122 6132 6100
f 6100 6132 6101
f 6120 6134 6125
f 6125 6134 6135
f 6120 6119 6134
f 6134 6119 6136
f 6115 6118 6137
f 6137 6118 6106
f 6115 6137 6116
f 6116 6137 6138
f 6137 6106 6139
f 6139 6106 6105
f 6138 6137 6140
f 6140 6137 6139
f 6141 6142 6138
f 6138 6142 6116
f 6136 6142 6134
f 6134 6142 6141
f 6089 6101 6087
f 6087 6101 6143
f 6088 6144 6094
f 6094 6144 6104
f 6143 6144 6087
f 6087 6144 6088
f 6131 6145 6143
f 6143 6145 6144
f 6129 6146 6131
f 6131 6146 6145
f 6144 6145 6104
f 6104 6145 6147
f 6143 6101 6131
f 6131 6101 6132
f 6148 6103 6147
f 6147 6103 6104
f 6103 6148 6102
f 6102 6148 6105
f 6148 6149 6105
f 6105 6149 6139
f 6149 6148 6150
f 6150 6148 6147
f 6151 6149 6152
f 6152 6149 6150
f 6145 6146 6147
f 6147 6146 6150
f 6146 6153 6150
f 6150 6153 6152
f 6149 6151 6139
f 6139 6151 6140
f 6155 6140 6154
f 6154 6140 6151
f 6154 6157 6156
f 6156 6157 6158
f 6154 6151 6157
f 6157 6151 6152
f 6154 6156 6155
f 6155 6156 6135
f 6155 6135 6141
f 6141 6135 6134
f 6141 6138 6155
f 6155 6138 6140
f 6146 6129 6153
f 6153 6129 6130
f 6158 6153 6133
f 6133 6153 6130
f 6158 6157 6153
f 6153 6157 6152
f 6156 6158 6128
f 6128 6158 6133
f 6128 6125 6156
f 6156 6125 6135
f 6110 6117 6119
f 6119 6117 6136
f 6136 6117 6142
f 6142 6117 6116
f 6055 5615 6056
f 6056 5615 5752
f 6060 6059 6063
f 6063 6059 6064
f 6077 6070 6078
f 6078 6070 6069
f 6069 6071 6078
f 6078 6071 6076
f 6159 6057 6075
f 6075 6057 6060
f 6059 6070 6064
f 6064 6070 6077
f 6056 5752 6090
f 6090 5752 5656
f 6090 6074 6079
f 6079 6074 6073
f 6055 6071 5615
f 5615 6071 5653
f 5547 5471 6160
f 6160 5471 6161
f 5729 5577 6163
f 6163 5577 6162
f 5577 5576 6162
f 6162 5576 6164
f 5713 6165 5711
f 5711 6165 6166
f 5474 5729 6167
f 6167 5729 6163
f 5750 5547 6168
f 6168 5547 6160
f 5471 5474 6161
f 6161 5474 6167
f 6169 5712 6168
f 6168 5712 5750
f 5711 6166 5576
f 5576 6166 6164
f 6165 5713 6169
f 6169 5713 5712
f 6168 6170 6169
f 6169 6170 6171
f 6169 6171 6165
f 6165 6171 6172
f 6165 6172 6166
f 6166 6172 6173
f 6166 6173 6164
f 6164 6173 6174
f 6168 6160 6170
f 6170 6160 6175
f 6160 6161 6175
f 6175 6161 6176
f 6161 6167 6176
f 6176 6167 6177
f 6179 6170 6178
f 6178 6170 6175
f 6181 6182 6180
f 6180 6182 6183
f 6184 6185 6181
f 6181 6185 6182
f 6186 6187 6185
f 6185 6187 6182
f 6186 6188 6187
f 6187 6188 6189
f 6190 6183 6187
f 6187 6183 6182
f 6183 6190 6191
f 6191 6190 6192
f 6191 6193 6183
f 6183 6193 6180
f 6186 6185 6194
f 6194 6185 6184
f 6184 6172 6194
f 6194 6172 6171
f 6184 6195 6172
f 6172 6195 6173
f 6181 6196 6184
f 6184 6196 6195
f 6196 6181 6197
f 6197 6181 6180
f 6186 6194 6188
f 6188 6194 6179
f 6179 6194 6170
f 6170 6194 6171
f 6193 6198 6180
f 6180 6198 6197
f 6199 6196 6200
f 6200 6196 6197
f 6198 6201 6197
f 6197 6201 6200
f 6202 6199 6203
f 6203 6199 6200
f 6199 6202 6205
f 6205 6202 6204
f 6201 6206 6200
f 6200 6206 6203
f 6196 6199 6195
f 6195 6199 6205
f 6195 6205 6173
f 6173 6205 6174
f 6198 6193 6208
f 6208 6193 6207
f 6193 6191 6207
f 6207 6191 6192
f 6189 6188 6209
f 6209 6188 6179
f 6210 6189 6211
f 6211 6189 6209
f 6209 6179 6212
f 6212 6179 6178
f 6211 6209 6213
f 6213 6209 6212
f 6211 6214 6210
f 6210 6214 6215
f 6192 6215 6207
f 6207 6215 6214
f 6190 6187 6210
f 6210 6187 6189
f 6192 6190 6215
f 6215 6190 6210
f 6162 6164 6216
f 6216 6164 6174
f 6167 6163 6177
f 6177 6163 6217
f 6216 6217 6162
f 6162 6217 6163
f 6204 6218 6216
f 6216 6218 6217
f 6202 6219 6204
f 6204 6219 6218
f 6217 6218 6177
f 6177 6218 6220
f 6216 6174 6204
f 6204 6174 6205
f 6221 6176 6220
f 6220 6176 6177
f 6176 6221 6175
f 6175 6221 6178
f 6221 6222 6178
f 6178 6222 6212
f 6222 6221 6223
f 6223 6221 6220
f 6224 6222 6225
f 6225 6222 6223
f 6218 6219 6220
f 6220 6219 6223
f 6219 6226 6223
f 6223 6226 6225
f 6222 6224 6212
f 6212 6224 6213
f 6228 6213 6227
f 6227 6213 6224
f 6229 6227 6231
f 6231 6227 6230
f 6227 6224 6230
f 6230 6224 6225
f 6227 6229 6228
f 6228 6229 6208
f 6228 6208 6214
f 6214 6208 6207
f 6214 6211 6228
f 6228 6211 6213
f 6219 6202 6226
f 6226 6202 6203
f 6231 6226 6206
f 6206 6226 6203
f 6231 6230 6226
f 6226 6230 6225
f 6229 6231 6201
f 6201 6231 6206
f 6201 6198 6229
f 6229 6198 6208
f 5674 5672 5661
f 5661 5672 5662
f 5662 5672 5663
f 5663 5672 5646
f 5651 6042 5652
f 5652 6042 5973
f 5518 5517 5751
f 5751 5517 5733
f 5738 5660 5753
f 5753 5660 5637
f 5752 5636 5656
f 5656 5636 5526
f 5952 6042 5593
f 5593 6042 5651
f 5593 5651 5594
f 5594 5651 5650
f 5600 5737 5514
f 5514 5737 5515
f 5546 5545 5740
f 5740 5545 6232
f 6232 6058 5740
f 5740 6058 6057
f 6067 6058 6233
f 6233 6058 6232
f 6233 6232 6234
f 6234 6232 5545
f 6234 5545 6235
f 6235 5545 5544
f 5606 6236 5543
f 5543 6236 5544
f 6235 5544 5539
f 5539 5544 6236
f 6237 6235 5542
f 5542 6235 5539
f 6235 6237 6234
f 6234 6237 6238
f 6234 6238 6233
f 6233 6238 6239
f 5653 6068 5650
f 5650 6068 6239
f 5642 5513 6240
f 6240 5513 5516
f 5539 6236 5540
f 5540 6236 5606
f 5636 5614 5637
f 5637 5614 5753
f 6239 5737 5650
f 5650 5737 5594
f 6239 6068 6233
f 6233 6068 6067
f 6075 6074 6159
f 6159 6074 5655
f 6057 6159 5740
f 5740 6159 5655
f 5515 5737 6238
f 6238 5737 6239
f 6238 6237 5515
f 5515 6237 5516
f 5542 6240 6237
f 6237 6240 5516
f 6240 5542 5642
f 5642 5542 5541
f 5702 5699 5541
f 5541 5699 5642
f 5582 5475 5717
f 5470 5443 5537
f 5537 5443 5504
f 5469 5444 5470
f 5470 5444 5443
f 5726 5557 5727
f 5727 5557 5556
f 5537 5504 5511
f 5511 5504 5506
f 5504 5503 5506
f 5506 5503 5507
f 5503 5455 5507
f 5507 5455 5581
f 5455 5454 5581
f 5581 5454 5456
f 5473 5453 5474
f 5474 5453 5729
f 5457 5454 5473
f 5473 5454 5453
f 5473 5472 5457
f 5457 5472 5686
f 5472 5548 5686
f 5686 5548 5687
f 5749 5693 5548
f 5548 5693 5687
f 5715 5532 5749
f 5749 5532 5693
f 5714 5486 5715
f 5715 5486 5532
f 5714 5710 5486
f 5486 5710 5449
f 5728 5578 5729
f 5729 5578 5577
f 5452 5445 5698
f 5698 5445 5558
f 5445 5444 5558
f 5558 5444 5556
f 5444 5469 5556
f 5556 5469 5727
f 5469 5468 5727
f 5727 5468 5555
f 5468 5747 5555
f 5555 5747 5552
f 5747 5700 5552
f 5552 5700 5716
f 5700 5699 5716
f 5716 5699 5717
f 5699 5702 5717
f 5717 5702 5582
f 5702 5701 5582
f 5582 5701 5583
f 5726 5479 5557
f 5557 5479 5483
f 5483 5479 5484
f 5484 5479 5482
f 5534 5533 5482
f 5482 5533 5484
f 5691 5688 5534
f 5534 5688 5533
f 5644 5647 5691
f 5691 5647 5688
f 5719 5746 5701
f 5701 5746 5583
f 5718 5497 5719
f 5719 5497 5746
f 5718 5605 5654
f 5654 5605 5638
f 5498 5654 5657
f 5657 5654 5633
f 5497 5718 5498
f 5498 5718 5654
f 5657 5527 5498
f 5498 5527 5494
f 5528 5570 5495
f 5495 5570 5521
f 5665 5668 5528
f 5528 5668 5570
f 5664 5671 5665
f 5665 5671 5668
f 5645 5741 5664
f 5664 5741 5671
f 5644 5696 5645
f 5645 5696 5741
f 5710 5575 5449
f 5449 5575 5450
f 5575 5578 5450
f 5450 5578 5698
f 5578 5728 5698
f 5698 5728 5452
f 5452 5728 5451
f 5451 5728 5453
f 3619 6241 3620
f 3620 6241 6242
f 6243 6244 3628
f 3628 6244 3629
f 6245 6246 3634
f 3634 6246 3631
f 6247 6248 3636
f 3636 6248 3637
f 6249 6250 3642
f 3642 6250 3639
f 3639 6250 3643
f 3643 6250 6251
f 3743 6252 3744
f 3744 6252 6253
f 6246 6243 3631
f 3631 6243 3628
f 3753 6254 3754
f 3754 6254 6255
f 3857 6256 3619
f 3619 6256 6241
f 6257 6245 3932
f 3932 6245 3634
f 6242 6247 3620
f 3620 6247 3636
f 6258 6259 3946
f 3946 6259 3947
f 6260 6249 3948
f 3948 6249 3642
f 6244 6258 3629
f 3629 6258 3946
f 3947 6259 3753
f 3753 6259 6254
f 6248 6260 3637
f 3637 6260 3948
f 3643 6251 3743
f 3743 6251 6252
f 3744 6253 3932
f 3932 6253 6257
f 6250 6249 6251
f 6251 6249 6252
f 6245 6261 6246
f 6246 6261 6262
f 6263 6264 6247
f 6247 6264 6248
f 6252 6265 6253
f 6253 6265 6266
f 6246 6262 6243
f 6243 6262 6267
f 6268 6261 6257
f 6257 6261 6245
f 6269 6263 6242
f 6242 6263 6247
f 6270 6271 6260
f 6260 6271 6249
f 6264 6270 6248
f 6248 6270 6260
f 6253 6266 6257
f 6257 6266 6268
f 6249 6271 6252
f 6252 6271 6265
f 6254 6259 6272
f 6272 6259 6273
f 6266 6265 6270
f 6270 6265 6271
f 6268 6266 6264
f 6264 6266 6270
f 6261 6268 6263
f 6263 6268 6264
f 6269 6262 6263
f 6263 6262 6261
f 4186 4185 6274
f 6274 4185 6275
f 6241 6276 6242
f 6242 6276 6269
f 6258 6244 6277
f 6277 6244 6278
f 6256 6279 6241
f 6241 6279 6276
f 6259 6258 6273
f 6273 6258 6277
f 6243 6267 6244
f 6244 6267 6278
f 6276 6267 6269
f 6269 6267 6262
f 6254 6272 6255
f 6255 6272 6280
f 3865 3713 3888
f 3888 3713 3685
f 5242 5233 3892
f 3892 5233 3711
f 3900 5243 3892
f 3892 5243 5242
f 3734 3866 3900
f 3900 3866 5243
f 4117 6281 4118
f 4118 6281 6282
f 4118 6282 4278
f 4278 6282 4879
f 4717 4887 4718
f 4718 4887 4280
f 4792 4278 4882
f 4882 4278 4879
f 4795 4792 6283
f 6283 4792 4882
f 4852 4851 5012
f 5012 4851 6284
f 4856 5207 4857
f 4857 5207 4858
f 4860 4279 4857
f 4857 4279 4854
f 4718 4280 4860
f 4860 4280 4279
f 4864 4863 4745
f 4745 4863 4742
f 5366 4867 5011
f 5011 4867 4866
f 4871 4884 4872
f 4872 4884 4883
f 4872 4883 4117
f 4117 4883 6281
f 6284 4851 6283
f 6283 4851 4795
f 4852 4866 4853
f 4853 4866 4865
f 4871 4870 4856
f 4856 4870 5207
f 4717 4716 4864
f 4864 4716 4861
f 4868 4867 4862
f 4862 4867 4863
f 4268 4855 4269
f 4269 4855 4854
f 4281 4274 4282
f 4282 4274 4765
f 4744 4743 4907
f 4907 4743 4904
f 4874 4881 4820
f 4820 4881 4880
f 4885 5013 4886
f 4886 5013 4980
f 4888 4275 4281
f 4281 4275 4274
f 4902 6282 4903
f 4903 6282 6281
f 6283 4979 6284
f 6284 4979 4978
f 4282 4765 4269
f 4269 4765 4266
f 4880 4879 4902
f 4902 4879 6282
f 4903 6281 4886
f 4886 6281 4883
f 4882 4881 6283
f 6283 4881 4979
f 5013 4885 4267
f 4267 4885 4268
f 4888 4887 4744
f 4744 4887 4745
f 4410 6285 4411
f 4411 6285 4812
f 4750 4749 6286
f 6286 4749 6287
f 6289 4695 6288
f 6288 4695 4255
f 4750 4675 4751
f 4751 4675 4965
f 6290 6291 4963
f 4963 6291 4960
f 4807 4806 4411
f 4411 4806 4408
f 6292 6293 4959
f 4959 6293 4956
f 4958 6294 4959
f 4959 6294 4955
f 4962 4964 4963
f 4963 4964 4805
f 4962 4961 4751
f 4751 4961 4748
f 6296 6297 6295
f 6295 6297 6298
f 6299 6300 6288
f 6288 6300 4735
f 6302 4961 6301
f 6301 4961 4960
f 6304 6287 6303
f 6303 6287 4749
f 4968 6305 4969
f 4969 6305 6306
f 4413 6308 6307
f 6307 6308 4900
f 6301 4960 6309
f 6309 4960 6291
f 4412 4408 6310
f 6310 4408 4806
f 4696 6311 4256
f 4256 6311 6312
f 6303 4749 6313
f 6313 4749 4748
f 6313 4748 6302
f 6302 4748 4961
f 6315 6316 6314
f 6314 6316 6317
f 4084 6318 6315
f 6315 6318 6316
f 4083 6319 4084
f 4084 6319 6318
f 4112 6320 4083
f 4083 6320 6319
f 6322 4138 6321
f 6321 4138 4137
f 6324 4128 6323
f 6323 4128 4127
f 4127 4193 6323
f 6323 4193 6325
f 4193 4891 6325
f 6325 4891 6326
f 4891 6327 6326
f 6326 6327 6328
f 6327 4824 5227
f 5227 4824 5228
f 5231 4684 6329
f 6329 4684 4683
f 4683 4099 6329
f 6329 4099 6330
f 4099 4102 6330
f 6330 4102 6331
f 4174 4826 4429
f 4429 4826 4829
f 4173 4741 4174
f 4174 4741 4826
f 4180 4738 4173
f 4173 4738 4741
f 6332 6333 4180
f 4180 6333 4738
f 6274 6334 4186
f 4186 6334 4188
f 4181 4825 4180
f 4180 4825 6332
f 5044 5213 5045
f 5045 5213 5165
f 5046 5087 5047
f 5047 5087 5222
f 5077 5063 5078
f 5078 5063 5198
f 5081 5099 5082
f 5082 5099 5194
f 5095 5074 5096
f 5096 5074 5073
f 5373 5170 5096
f 5096 5170 5093
f 5375 5171 5373
f 5373 5171 5170
f 5047 5222 5375
f 5375 5222 5171
f 5046 5038 5376
f 5376 5038 5067
f 5377 5086 5376
f 5376 5086 5085
f 5045 5165 5377
f 5377 5165 5086
f 5378 5214 5044
f 5044 5214 5213
f 5077 5034 5378
f 5378 5034 5214
f 5082 5194 5078
f 5078 5194 5035
f 5081 5080 5379
f 5379 5080 6335
f 5379 6335 5095
f 5095 6335 5074
f 5032 5080 5033
f 5033 5080 5079
f 5040 5017 5041
f 5041 5017 5016
f 5050 5043 5051
f 5051 5043 5042
f 5065 5023 5066
f 5066 5023 5022
f 5050 5049 5065
f 5065 5049 5023
f 5041 5016 5068
f 5068 5016 5020
f 5071 5374 5072
f 5072 5374 5200
f 5075 5156 5076
f 5076 5156 5155
f 5162 5212 5068
f 5068 5212 5067
f 5075 5074 5192
f 5192 5074 6335
f 5066 5022 5199
f 5199 5022 5196
f 5076 5155 5072
f 5072 5155 5069
f 5040 5039 5071
f 5071 5039 5374
f 5162 5161 5051
f 5051 5161 5048
f 5192 6335 5032
f 5032 6335 5080
f 5199 5196 5033
f 5033 5196 5030
f 5018 5211 5019
f 5019 5211 5408
f 5019 5408 5021
f 5021 5408 5163
f 5024 5057 5025
f 5025 5057 5415
f 5028 5048 5029
f 5029 5048 5161
f 5054 5031 5055
f 5055 5031 5030
f 5024 5023 5058
f 5058 5023 5049
f 5061 5070 5062
f 5062 5070 5069
f 5157 5438 5158
f 5158 5438 5442
f 5160 5191 5054
f 5054 5191 5031
f 5029 5161 5021
f 5021 5161 5020
f 5025 5415 5197
f 5197 5415 5220
f 5158 5442 5062
f 5062 5442 5059
f 5018 5017 5061
f 5061 5017 5070
f 5160 5159 5157
f 5157 5159 5438
f 5028 5027 5058
f 5058 5027 5056
f 5055 5030 5197
f 5197 5030 5196
f 5409 5380 5410
f 5410 5380 6336
f 5026 5413 5027
f 5027 5413 5412
f 5396 5417 5393
f 5393 5417 5416
f 5416 5057 5419
f 5419 5057 5056
f 5417 5396 5426
f 5426 5396 5420
f 5427 5423 5428
f 5428 5423 5422
f 5427 5059 5430
f 5430 5059 5442
f 5409 5408 5433
f 5433 5408 5211
f 5433 5211 5428
f 5428 5211 5060
f 5412 5411 5419
f 5419 5411 5418
f 5436 5053 5437
f 5437 5053 5052
f 5439 5402 5440
f 5440 5402 5401
f 5436 5435 5439
f 5439 5435 5402
f 5410 6336 5413
f 5413 6336 5414
f 5440 5401 5430
f 5430 5401 5429
f 5426 5420 5437
f 5437 5420 5434
f 5382 5432 5383
f 5383 5432 5384
f 5386 6336 5383
f 5383 6336 5380
f 6336 5386 5414
f 5414 5386 5388
f 5391 5418 5392
f 5392 5418 5411
f 5705 5395 5704
f 5704 5395 5394
f 5399 5435 5400
f 5400 5435 5434
f 5403 5441 5404
f 5404 5441 5405
f 5407 5429 5404
f 5404 5429 5401
f 5395 5705 5421
f 5421 5705 5748
f 5424 5706 5425
f 5425 5706 5431
f 5391 5390 5394
f 5394 5390 5704
f 5392 5388 5389
f 5389 5388 5387
f 5382 5381 5425
f 5425 5381 5422
f 5407 5406 5424
f 5424 5406 5706
f 5403 5402 5399
f 5399 5402 5435
f 5421 5748 5400
f 5400 5748 5397
f 4097 4721 4098
f 4098 4721 4231
f 4233 5273 4098
f 4098 5273 4095
f 6337 6338 4785
f 4785 6338 4786
f 4076 4780 4073
f 4073 4780 4781
f 4782 4190 4781
f 4781 4190 4073
f 4783 4901 4782
f 4782 4901 4190
f 4780 4076 4097
f 4097 4076 4721
f 6337 2879 4701
f 4701 2879 2878
f 5280 6339 5272
f 5272 6339 6340
f 5282 5281 6341
f 6341 5281 6342
f 4109 6302 4110
f 4110 6302 6301
f 4283 6304 4284
f 4284 6304 6303
f 6305 4379 6306
f 6306 4379 4378
f 4110 6301 4428
f 4428 6301 6309
f 6310 4688 4412
f 4412 4688 4687
f 4284 6303 4753
f 4753 6303 6313
f 4753 6313 4109
f 4109 6313 6302
f 6343 5226 4428
f 4428 5226 4427
f 4147 4900 4416
f 4416 4900 6308
f 6312 6311 4241
f 4241 6311 4720
f 5223 6344 4702
f 4702 6344 4699
f 4221 4220 6345
f 6345 4220 6346
f 5276 5275 6347
f 6347 5275 6348
f 5275 4728 6348
f 6348 4728 6349
f 4727 6350 5284
f 5284 6350 5285
f 6351 6352 6354
f 6354 6352 6353
f 5313 5312 5292
f 5292 5312 5293
f 5312 5344 5293
f 5293 5344 5337
f 5344 4914 5337
f 5337 4914 4916
f 4914 4913 4916
f 4916 4913 4917
f 4913 6355 4917
f 4917 6355 4978
f 6356 6357 6284
f 6284 6357 5012
f 6357 6358 5012
f 5012 6358 5011
f 5011 6358 5366
f 5366 6358 6359
f 6360 4742 6359
f 6359 4742 5366
f 4743 6361 4904
f 4904 6361 5364
f 5363 4905 5364
f 5364 4905 4904
f 5363 6362 4905
f 4905 6362 4207
f 6362 6363 4207
f 4207 6363 4208
f 6363 5342 4208
f 4208 5342 5330
f 5342 5341 5330
f 5330 5341 4244
f 5341 6364 4244
f 4244 6364 4245
f 6364 6365 4245
f 4245 6365 4246
f 6366 6367 4253
f 4253 6367 4250
f 4214 6368 4211
f 4211 6368 4380
f 4380 4379 4211
f 4211 4379 4283
f 4379 6305 4283
f 4283 6305 6304
f 6305 4968 6304
f 6304 4968 6287
f 4968 4967 6287
f 6287 4967 6286
f 4967 6297 6286
f 6286 6297 4676
f 6296 4376 4288
f 4288 4376 4285
f 4376 4373 4285
f 4285 4373 4290
f 6369 6370 6372
f 6372 6370 6371
f 5245 6373 5246
f 5246 6373 6374
f 4317 6375 4318
f 4318 6375 6376
f 4331 6377 4332
f 4332 6377 6378
f 6379 4333 6376
f 6376 4333 4318
f 4343 6380 4344
f 4344 6380 6381
f 4347 6382 4348
f 4348 6382 6383
f 4374 6371 4331
f 4331 6371 6377
f 4333 6379 4426
f 4426 6379 6384
f 4690 6385 4347
f 4347 6385 6382
f 4332 6378 4317
f 4317 6378 6375
f 4922 6386 4923
f 4923 6386 6387
f 6388 6389 4375
f 4375 6389 6390
f 6355 6356 4978
f 4978 6356 6284
f 4742 6360 4743
f 4743 6360 6361
f 6391 4238 6392
f 6392 4238 4719
f 6392 4719 6393
f 6393 4719 5296
f 6395 6396 6394
f 6394 6396 6397
f 6399 6400 6398
f 6398 6400 6401
f 6402 5302 6403
f 6403 5302 5303
f 5303 5321 6403
f 6403 5321 6404
f 5320 6405 5321
f 5321 6405 6404
f 5319 6406 5350
f 5350 6406 5351
f 5319 5318 6406
f 6406 5318 6407
f 5288 4197 6408
f 6408 4197 6409
f 4217 4216 6410
f 6410 4216 6411
f 5227 6412 6327
f 6327 6412 6328
f 4892 6413 5227
f 5227 6413 6412
f 4228 6414 4892
f 4892 6414 6413
f 4227 6415 4228
f 4228 6415 6414
f 4248 6416 4227
f 4227 6416 6415
f 4247 6417 4248
f 4248 6417 6416
f 6417 4247 6419
f 6419 4247 6418
f 6419 6418 6421
f 6421 6418 6420
f 6422 5301 6423
f 6423 5301 5300
f 6423 5300 6424
f 6424 5300 6399
f 6408 6409 6398
f 6398 6409 6425
f 6426 6427 6397
f 6397 6427 6394
f 6428 4224 6429
f 6429 4224 4223
f 6347 6346 5276
f 5276 6346 4220
f 6346 6347 6341
f 6341 6347 6339
f 5280 5278 5282
f 5282 5278 4236
f 4896 5224 4684
f 4684 5224 4681
f 4132 4135 4896
f 4896 4135 5224
f 4131 4136 4132
f 4132 4136 4135
f 4226 4754 4131
f 4131 4754 4136
f 4251 4213 4226
f 4226 4213 4754
f 4250 4214 4251
f 4251 4214 4213
f 4250 6367 4214
f 4214 6367 6368
f 6367 4910 6368
f 6368 4910 4737
f 4909 5297 4736
f 4736 5297 5296
f 5297 6395 5296
f 5296 6395 6393
f 6427 6430 6394
f 6394 6430 6431
f 6429 4383 6428
f 6428 4383 4382
f 4219 5277 4220
f 4220 5277 5276
f 4222 4697 4383
f 4383 4697 4218
f 6345 4699 4221
f 4221 4699 6344
f 6342 4700 6345
f 6345 4700 4699
f 4235 4786 5281
f 5281 4786 6338
f 4234 4787 4235
f 4235 4787 4786
f 5279 5278 6432
f 6432 5278 5271
f 4237 5279 6433
f 6433 5279 6432
f 4787 4234 6433
f 6433 4234 4237
f 6435 6436 6434
f 6434 6436 6437
f 6359 6438 6360
f 6360 6438 6437
f 6439 6440 6441
f 6441 6440 6438
f 6443 6439 6442
f 6442 6439 6441
f 6357 6356 6442
f 6442 6356 6444
f 6444 6446 6445
f 6445 6446 6447
f 4912 6446 4913
f 4913 6446 6355
f 6361 6436 5364
f 5364 6436 5365
f 5319 5350 5316
f 5316 5350 6448
f 4832 6449 5350
f 5350 6449 6448
f 4831 6450 4832
f 4832 6450 6449
f 5354 6451 5320
f 5320 6451 6405
f 4265 6452 5354
f 5354 6452 6451
f 4264 6453 4265
f 4265 6453 6452
f 6450 4831 6447
f 6447 4831 6445
f 4263 6435 4264
f 4264 6435 6434
f 6454 6453 6439
f 6439 6453 6440
f 6439 6443 6454
f 6454 6443 4834
f 4833 6455 4834
f 4834 6455 6454
f 5351 6456 4833
f 4833 6456 6455
f 6457 6391 6458
f 6458 6391 6392
f 6458 6392 6431
f 6431 6392 6393
f 5298 6396 5297
f 5297 6396 6395
f 6402 6400 5302
f 5302 6400 5299
f 6402 6403 6459
f 6459 6403 6460
f 6460 6403 6461
f 6461 6403 6404
f 6405 6462 6404
f 6404 6462 6461
f 6406 6462 5351
f 5351 6462 6456
f 6406 6407 6462
f 6462 6407 6461
f 6407 6463 6461
f 6461 6463 6460
f 6463 6464 6460
f 6460 6464 6459
f 6464 6465 6459
f 6459 6465 6401
f 6430 6466 6431
f 6431 6466 6458
f 6466 6410 6458
f 6458 6410 6457
f 6410 6411 6457
f 6457 6411 6467
f 6396 6424 6397
f 6397 6424 6425
f 6393 6395 6431
f 6431 6395 6394
f 6451 6456 6405
f 6405 6456 6462
f 6452 6455 6451
f 6451 6455 6456
f 6453 6454 6452
f 6452 6454 6455
f 6443 6445 4834
f 4834 6445 4831
f 6440 6453 6434
f 6434 6453 4264
f 6468 5306 5360
f 5360 5306 5305
f 6469 4124 6468
f 6468 4124 5306
f 6470 4125 6469
f 6469 4125 4124
f 6471 5291 6470
f 6470 5291 4125
f 6353 5292 6471
f 6471 5292 5291
f 5292 6353 5313
f 5313 6353 6352
f 5347 5314 6352
f 6352 5314 5313
f 5353 5318 5346
f 5346 5318 5317
f 5334 6468 5358
f 5358 6468 5360
f 5324 6469 5334
f 5334 6469 6468
f 5323 6470 5324
f 5324 6470 6469
f 5343 6471 5323
f 5323 6471 6470
f 6354 6353 5343
f 5343 6353 6471
f 6348 6349 4270
f 4270 6349 5311
f 5272 6340 5273
f 5273 6340 4272
f 6432 5271 4232
f 4232 5271 4233
f 4294 6432 4295
f 4295 6432 4232
f 6432 4294 6433
f 6433 4294 4301
f 4301 4300 6433
f 6433 4300 4787
f 4704 4784 4300
f 4300 4784 4787
f 4704 3013 4784
f 4784 3013 1307
f 5103 6472 5104
f 5104 6472 5202
f 5108 5116 5105
f 5105 5116 5115
f 5111 5124 5112
f 5112 5124 5123
f 5154 5205 5105
f 5105 5205 5106
f 5167 5180 5168
f 5168 5180 5185
f 5175 5188 5176
f 5176 5188 5187
f 5112 5123 5178
f 5178 5123 5120
f 5167 5090 5183
f 5183 5090 5089
f 5210 5151 5183
f 5183 5151 5181
f 5216 5138 5217
f 5217 5138 5137
f 5218 5119 5219
f 5219 5119 5221
f 5218 5178 5119
f 5119 5178 5120
f 5217 5137 5104
f 5104 5137 5101
f 5116 5108 5221
f 5221 5108 5219
f 5111 5110 5210
f 5210 5110 5151
f 5154 5153 5103
f 5103 5153 6472
f 5216 5215 5176
f 5176 5215 5173
f 5175 5174 5168
f 5168 5174 5166
f 5091 5172 5092
f 5092 5172 5208
f 5117 5037 5118
f 5118 5037 5036
f 5121 5164 5122
f 5122 5164 5133
f 5125 5084 5126
f 5126 5084 5083
f 5129 5174 5130
f 5130 5174 5173
f 5131 5202 5132
f 5132 5202 6472
f 5135 5221 5122
f 5122 5221 5119
f 5125 5124 5136
f 5136 5124 5209
f 5126 5083 5121
f 5121 5083 5164
f 5118 5036 5195
f 5195 5036 5193
f 5131 5097 5203
f 5203 5097 5114
f 5132 6472 5195
f 5195 6472 5153
f 5136 5209 5092
f 5092 5209 5089
f 5135 5134 5117
f 5117 5134 5037
f 5362 5206 5130
f 5130 5206 5127
f 5372 5371 5128
f 5128 5371 5129
f 5371 5372 5091
f 5091 5372 5172
f 5362 5215 5203
f 5203 5215 5201
f 6463 6407 5353
f 5353 6407 5318
f 6464 6463 5352
f 5352 6463 5353
f 6408 6465 5288
f 5288 6465 5289
f 4196 4224 6426
f 6426 4224 6427
f 6430 6427 6428
f 6428 6427 4224
f 6466 6430 4382
f 4382 6430 6428
f 6410 6466 4217
f 4217 6466 4382
f 4240 4239 3015
f 3015 4239 3016
f 4254 4257 3017
f 3017 4257 3018
f 6473 6474 4732
f 4732 6474 6475
f 6474 6374 6475
f 6475 6374 6373
f 5246 6374 3022
f 3022 6374 3023
f 4254 6299 4255
f 4255 6299 6288
f 6473 6300 3024
f 3024 6300 3025
f 6476 4257 6312
f 6312 4257 4256
f 4240 6476 4241
f 4241 6476 6312
f 6477 4239 6391
f 6391 4239 4238
f 6467 6477 6457
f 6457 6477 6391
f 6411 3029 6467
f 6467 3029 3028
f 4216 3030 6411
f 6411 3030 3029
f 6479 6480 6478
f 6478 6480 6481
f 6483 6484 6482
f 6482 6484 6485
f 6486 6487 4102
f 4102 6487 6331
f 6483 6488 6478
f 6478 6488 6489
f 4429 4829 6490
f 6490 4829 6479
f 6491 6486 4101
f 4101 6486 4102
f 4895 6491 4899
f 4899 6491 4101
f 4160 6488 4157
f 4157 6488 6492
f 6489 4087 6490
f 6490 4087 4090
f 4267 4261 5013
f 5013 4261 4260
f 4258 4261 5328
f 5328 4261 4975
f 4261 4267 4975
f 4975 4267 4266
f 5367 3793 3912
f 3912 3793 3575
f 6494 3616 6493
f 6493 3616 3795
f 6496 3589 6495
f 6495 3589 3588
f 6495 3588 5368
f 5368 3588 3794
f 3841 3840 3050
f 3050 3840 3051
f 3912 3911 3052
f 3052 3911 3053
f 3929 3930 3054
f 3054 3930 3055
f 5370 3930 3916
f 3916 3930 3923
f 3938 5369 3807
f 3807 5369 3915
f 3589 6496 3806
f 3806 6496 3937
f 3938 3937 3056
f 3056 3937 3057
f 3051 3840 3058
f 3058 3840 3943
f 3730 4808 3727
f 3727 4808 3943
f 3820 3951 3795
f 3795 3951 6493
f 3951 3841 3059
f 3059 3841 3050
f 3911 3574 6494
f 6494 3574 3616
f 3823 3929 3824
f 3824 3929 3952
f 4061 4060 3060
f 3060 4060 3061
f 6497 6498 4901
f 4901 6498 4790
f 6333 6499 4738
f 4738 6499 4739
f 6500 6501 6314
f 6314 6501 4418
f 6502 6275 4417
f 4417 6275 4185
f 6503 6497 4783
f 4783 6497 4901
f 6498 4060 4790
f 4790 4060 4059
f 4808 4061 3069
f 3069 4061 3060
f 5367 3071 5368
f 5368 3071 3070
f 5369 3073 5370
f 5370 3073 3072
f 6274 6275 3074
f 3074 6275 3075
f 6499 6504 4739
f 4739 6504 6317
f 6333 6332 3077
f 3077 6332 3078
f 6334 6274 3079
f 3079 6274 3074
f 6332 4825 3078
f 3078 4825 3080
f 6334 6503 4188
f 4188 6503 4783
f 4825 4689 3080
f 3080 4689 1330
f 6506 4747 6505
f 6505 4747 4746
f 6505 6507 6506
f 6506 6507 6508
f 4297 6509 4920
f 4920 6509 6510
f 4296 6511 4297
f 4297 6511 6509
f 6506 6508 4319
f 4319 6508 6512
f 4372 4371 6514
f 6514 4371 6513
f 6511 4296 5251
f 5251 4296 4305
f 5251 5250 6511
f 6511 5250 6515
f 6516 6509 6515
f 6515 6509 6511
f 6517 6507 6519
f 6519 6507 6518
f 6512 6520 6513
f 6513 6520 6514
f 6507 6517 6508
f 6508 6517 6521
f 5249 6523 6522
f 6522 6523 6524
f 6525 6370 5253
f 5253 6370 6526
f 4370 4323 4371
f 4371 4323 4326
f 4370 3103 4323
f 4323 3103 1541
f 6521 6517 6527
f 6527 6517 6519
f 6520 6528 6514
f 6514 6528 6529
f 6531 6532 6530
f 6530 6532 6533
f 5250 6534 6515
f 6515 6534 6535
f 6530 6533 6536
f 6536 6533 6537
f 6526 6538 6534
f 6534 6538 6537
f 6515 6535 6516
f 6516 6535 6539
f 4325 4321 4326
f 4326 4321 4320
f 4371 4326 6513
f 6513 4326 4320
f 6531 4731 6541
f 6541 4731 6540
f 4731 4730 6540
f 6540 4730 6542
f 4730 3121 6542
f 6542 3121 3120
f 6530 4328 6531
f 6531 4328 4731
f 4328 6530 4329
f 4329 6530 6536
f 4329 6536 6524
f 6524 6536 6543
f 6544 6545 6522
f 6522 6545 5248
f 6389 6388 5245
f 5245 6388 6373
f 6388 6546 6373
f 6373 6546 6475
f 4733 6546 6295
f 6295 6546 4377
f 4732 6475 4733
f 4733 6475 6546
f 4393 4432 4394
f 4394 4432 4435
f 4434 4672 4842
f 4842 4672 4671
f 4440 4439 4441
f 4441 4439 4438
f 4436 4450 4437
f 4437 4450 4398
f 4447 4444 4448
f 4448 4444 4392
f 4446 4464 4433
f 4433 4464 6547
f 4454 4423 4455
f 4455 4423 4422
f 4452 4481 4453
f 4453 4481 4480
f 4458 4389 4459
f 4459 4389 4388
f 4456 4471 4457
f 4457 4471 4468
f 4391 4460 4392
f 4392 4460 4448
f 4461 4467 4445
f 4445 4467 4465
f 4437 4398 4629
f 4629 4398 4397
f 4438 4628 4441
f 4441 4628 4631
f 4841 4629 4839
f 4839 4629 4397
f 4628 4842 4631
f 4631 4842 4671
f 4930 4989 4452
f 4452 4989 4481
f 4929 4927 4436
f 4436 4927 4450
f 4933 4387 4934
f 4934 4387 4386
f 4931 4475 4932
f 4932 4475 4474
f 4936 4449 4933
f 4933 4449 4387
f 4935 4472 4456
f 4456 4472 4471
f 4389 4458 4391
f 4391 4458 4460
f 4457 4468 4461
f 4461 4468 4467
f 4934 4386 4454
f 4454 4386 4423
f 4453 4480 4931
f 4931 4480 4475
f 4575 4997 4576
f 4576 4997 4639
f 4579 4596 4580
f 4580 4596 4595
f 4583 4582 4572
f 4572 4582 4569
f 4587 4944 4588
f 4588 4944 4562
f 4588 4562 4590
f 4590 4562 4561
f 4576 4639 4642
f 4642 4639 4638
f 4642 4845 4641
f 4641 4845 4846
f 4845 4590 4846
f 4846 4590 4561
f 4941 4938 4595
f 4595 4938 4580
f 4938 4940 4668
f 4668 4940 4669
f 4583 4942 4584
f 4584 4942 4947
f 4582 4587 4569
f 4569 4587 4586
f 5000 5001 4579
f 4579 5001 4596
f 4558 4560 4585
f 4585 4560 4586
f 4565 4639 4566
f 4566 4639 4997
f 4568 4567 4577
f 4577 4567 4578
f 4570 4554 4571
f 4571 4554 4556
f 4640 4565 4637
f 4637 4565 4546
f 4662 4664 4665
f 4665 4664 4844
f 4662 4558 4589
f 4589 4558 4585
f 4554 4570 4557
f 4557 4570 4560
f 4571 4667 4572
f 4572 4667 4943
f 4551 4670 4552
f 4552 4670 4666
f 4640 4664 4638
f 4638 4664 4663
f 4670 4568 4668
f 4668 4568 4577
f 4999 4996 4566
f 4566 4996 4543
f 4608 4564 4603
f 4603 4564 4563
f 4573 4593 4574
f 4574 4593 4592
f 4597 4614 4598
f 4598 4614 4613
f 4601 4600 4584
f 4584 4600 4581
f 4563 4562 4604
f 4604 4562 4944
f 4643 4593 4641
f 4641 4593 4573
f 4643 4847 4644
f 4644 4847 4848
f 4564 4847 4561
f 4561 4847 4846
f 4945 4941 4598
f 4598 4941 4595
f 4941 4945 4939
f 4939 4945 4946
f 4601 4948 4602
f 4602 4948 4620
f 4600 4604 4581
f 4581 4604 4944
f 5002 5003 4597
f 4597 5003 4614
f 4988 4759 4953
f 4953 4759 4402
f 4706 6548 4707
f 4707 6548 6549
f 4311 4928 4419
f 4419 4928 6550
f 4921 4920 6551
f 6551 4920 6552
f 4925 6553 4926
f 4926 6553 6554
f 4928 4921 4802
f 4802 4921 6551
f 6555 4985 6550
f 6550 4985 4419
f 4952 6556 4953
f 4953 6556 4649
f 4971 6557 4706
f 4706 6557 6548
f 4988 4648 4925
f 4925 4648 6553
f 4707 6549 5006
f 5006 6549 4987
f 4920 6510 6552
f 6552 6510 6518
f 6558 6510 6516
f 6516 6510 6509
f 6559 6558 6539
f 6539 6558 6516
f 6531 6541 6532
f 6532 6541 6560
f 6540 6561 6541
f 6541 6561 6529
f 6542 6562 6540
f 6540 6562 6561
f 6542 3120 6562
f 6562 3120 3142
f 4366 6563 4760
f 4760 6563 4970
f 4815 6564 4816
f 4816 6564 6565
f 3147 3146 6565
f 6565 3146 4816
f 6564 6563 6565
f 6565 6563 6566
f 4837 4385 4357
f 4357 4385 4358
f 6565 6566 3147
f 3147 6566 3149
f 4694 1209 3150
f 5247 5249 5248
f 5248 5249 6522
f 6372 6390 6545
f 6545 6390 6389
f 6375 5254 6376
f 6376 5254 5258
f 6377 6525 6378
f 6378 6525 5255
f 5260 6379 5258
f 5258 6379 6376
f 6380 6567 6381
f 6381 6567 6568
f 6382 6569 6383
f 6383 6569 6570
f 6377 6371 6525
f 6525 6371 6370
f 6379 5260 6384
f 6384 5260 6571
f 6385 6572 6382
f 6382 6572 6569
f 6378 5255 6375
f 6375 5255 5254
f 6386 6573 6387
f 6387 6573 6574
f 6545 6389 5248
f 5248 6389 5245
f 4675 4750 4676
f 4676 4750 6286
f 4734 6289 4735
f 4735 6289 6288
f 4804 6290 4805
f 4805 6290 4963
f 4811 4807 4812
f 4812 4807 4411
f 4954 6292 4955
f 4955 6292 4959
f 4964 4962 4965
f 4965 4962 4751
f 6285 4821 4812
f 4812 4821 4809
f 4675 4287 4965
f 4965 4287 4210
f 6294 4145 4955
f 4955 4145 4154
f 4964 4120 4805
f 4805 4120 4119
f 6298 4966 4734
f 4734 4966 6289
f 6300 6473 4735
f 4735 6473 4732
f 6297 6296 4676
f 4676 6296 4288
f 6523 3160 4330
f 4330 3160 3159
f 5253 5252 6525
f 6525 5252 5255
f 5256 5252 4305
f 4305 5252 5251
f 4304 5257 4305
f 4305 5257 5256
f 4424 5259 4304
f 4304 5259 5257
f 5261 6571 5259
f 5259 6571 5260
f 5262 6573 5261
f 5261 6573 6571
f 5264 6567 5265
f 5265 6567 6574
f 5266 6572 5267
f 5267 6572 6568
f 5268 6570 5269
f 5269 6570 6569
f 1807 3161 5268
f 5268 3161 6570
f 6524 6523 4329
f 4329 6523 4330
f 5253 6526 5250
f 5250 6526 6534
f 6543 6538 6544
f 6544 6538 6369
f 6524 6543 6522
f 6522 6543 6544
f 3071 5367 3052
f 3052 5367 3912
f 6493 3163 6494
f 6494 3163 3162
f 3164 445 3771
f 3771 445 3761
f 461 3165 3919
f 3919 3165 3920
f 330 410 3839
f 3839 410 3910
f 332 331 3552
f 3552 331 3551
f 464 304 3918
f 3918 304 3816
f 385 458 3766
f 3766 458 3894
f 412 415 3762
f 3762 415 3763
f 3166 337 3748
f 3748 337 3745
f 3072 3055 5370
f 5370 3055 3930
f 3073 5369 3056
f 3056 5369 3938
f 3167 3057 6496
f 6496 3057 3937
f 3069 3058 4808
f 4808 3058 3943
f 411 3166 3851
f 3851 3166 3748
f 3059 3163 3951
f 3951 3163 6493
f 336 3164 3772
f 3772 3164 3771
f 3053 3911 3162
f 3162 3911 6494
f 3054 3168 3929
f 3929 3168 3952
f 3165 830 3920
f 3920 830 3945
f 3170 3169 6497
f 6497 3169 6498
f 3171 1354 5005
f 5005 1354 4830
f 3172 3170 6503
f 6503 3170 6497
f 3169 3061 6498
f 6498 3061 4060
f 3173 3171 5006
f 5006 3171 5005
f 3079 3172 6334
f 6334 3172 6503
f 3174 3025 6299
f 6299 3025 6300
f 6576 6577 6575
f 6575 6577 6578
f 4612 4611 6579
f 6579 4611 6580
f 6582 6583 6581
f 6581 6583 6584
f 6584 6585 4618
f 4618 6585 4621
f 6586 6587 6589
f 6589 6587 6588
f 6588 6587 6590
f 6590 6587 6591
f 6592 4606 6590
f 6590 4606 4623
f 6594 6576 6593
f 6593 6576 6575
f 6595 6582 6579
f 6579 6582 6581
f 6580 6597 6596
f 6596 6597 6598
f 6577 6576 6599
f 6599 6576 6600
f 6595 6596 6601
f 6601 6596 6602
f 6583 6582 6603
f 6603 6582 6604
f 6586 6606 6605
f 6605 6606 6607
f 6587 6586 6608
f 6608 6586 6605
f 6587 6608 6591
f 6591 6608 6609
f 6576 6594 6600
f 6600 6594 6610
f 6582 6595 6604
f 6604 6595 6601
f 6599 6611 6577
f 6577 6611 6598
f 6613 6614 6612
f 6612 6614 6615
f 6617 6618 6616
f 6616 6618 6619
f 6621 6622 6620
f 6620 6622 6623
f 6625 6626 6624
f 6624 6626 6627
f 6629 6630 6628
f 6628 6630 6631
f 6633 6634 6632
f 6632 6634 6635
f 6637 6638 6636
f 6636 6638 6639
f 6640 6641 6637
f 6637 6641 6638
f 6643 6633 6642
f 6642 6633 6632
f 6645 6646 6644
f 6644 6646 6647
f 6646 6648 6647
f 6647 6648 6649
f 6651 6652 6650
f 6650 6652 6653
f 6653 6652 6654
f 6654 6652 6655
f 6656 6657 6659
f 6659 6657 6658
f 6661 6662 6660
f 6660 6662 6663
f 6662 6661 6664
f 6664 6661 6665
f 6667 6657 6666
f 6666 6657 6656
f 6669 6670 6668
f 6668 6670 6671
f 6672 6673 6670
f 6670 6673 6671
f 6674 6675 6677
f 6677 6675 6676
f 6675 6678 6676
f 6676 6678 6679
f 6681 6682 6680
f 6680 6682 6683
f 6684 6685 6683
f 6683 6685 6680
f 6687 6688 6686
f 6686 6688 6689
f 6687 6690 6688
f 6688 6690 6691
f 6619 6618 6633
f 6633 6618 6634
f 6632 6635 6693
f 6693 6635 6692
f 6617 6694 6636
f 6636 6694 6637
f 6695 6692 6639
f 6639 6692 6635
f 6637 6694 6640
f 6640 6694 6696
f 6698 6638 6697
f 6697 6638 6641
f 6643 6616 6633
f 6633 6616 6619
f 6642 6699 6641
f 6641 6699 6697
f 6646 6645 6700
f 6700 6645 6621
f 6644 6701 6654
f 6654 6701 6702
f 6700 6703 6646
f 6646 6703 6648
f 6693 6704 6649
f 6649 6704 6647
f 6620 6623 6651
f 6651 6623 6652
f 6693 6649 6699
f 6699 6649 6650
f 6652 6623 6655
f 6655 6623 6622
f 6654 6702 6653
f 6653 6702 6697
f 6615 6614 6657
f 6657 6614 6658
f 6705 6656 6704
f 6704 6656 6659
f 6613 6706 6660
f 6660 6706 6661
f 6704 6659 6701
f 6701 6659 6663
f 6661 6706 6665
f 6665 6706 6707
f 6708 6702 6664
f 6664 6702 6662
f 6612 6615 6667
f 6667 6615 6657
f 6666 6709 6664
f 6664 6709 6708
f 6629 6710 6669
f 6669 6710 6670
f 6668 6711 6679
f 6679 6711 6712
f 6713 6672 6710
f 6710 6672 6670
f 6714 6671 6705
f 6705 6671 6673
f 6628 6631 6674
f 6674 6631 6675
f 6705 6673 6709
f 6709 6673 6677
f 6631 6630 6675
f 6675 6630 6678
f 6712 6708 6679
f 6679 6708 6676
f 6625 6715 6682
f 6682 6715 6683
f 6716 6717 6681
f 6681 6717 6691
f 6718 6684 6715
f 6715 6684 6683
f 6719 6680 6714
f 6714 6680 6685
f 6624 6627 6686
f 6686 6627 6687
f 6689 6711 6685
f 6685 6711 6714
f 6627 6626 6687
f 6687 6626 6690
f 6717 6712 6691
f 6691 6712 6688
f 6612 6707 6613
f 6613 6707 6706
f 6616 6696 6617
f 6617 6696 6694
f 6703 6700 6620
f 6620 6700 6621
f 6715 6625 6718
f 6718 6625 6624
f 6710 6629 6713
f 6713 6629 6628
f 6639 6635 6636
f 6636 6635 6634
f 6641 6640 6642
f 6642 6640 6643
f 6654 6655 6644
f 6644 6655 6645
f 6651 6650 6648
f 6648 6650 6649
f 6659 6658 6663
f 6663 6658 6660
f 6665 6667 6664
f 6664 6667 6666
f 6678 6669 6679
f 6679 6669 6668
f 6673 6672 6677
f 6677 6672 6674
f 6690 6682 6691
f 6691 6682 6681
f 6685 6684 6689
f 6689 6684 6686
f 6636 6634 6617
f 6617 6634 6618
f 6638 6698 6639
f 6639 6698 6695
f 6640 6696 6643
f 6643 6696 6616
f 6693 6699 6632
f 6632 6699 6642
f 6655 6622 6645
f 6645 6622 6621
f 6704 6701 6647
f 6647 6701 6644
f 6651 6648 6620
f 6620 6648 6703
f 6650 6653 6699
f 6699 6653 6697
f 6613 6660 6614
f 6614 6660 6658
f 6663 6662 6701
f 6701 6662 6702
f 6665 6707 6667
f 6667 6707 6612
f 6705 6709 6656
f 6656 6709 6666
f 6630 6629 6678
f 6678 6629 6669
f 6714 6711 6671
f 6671 6711 6668
f 6672 6713 6674
f 6674 6713 6628
f 6677 6676 6709
f 6709 6676 6708
f 6626 6625 6690
f 6690 6625 6682
f 6680 6719 6681
f 6681 6719 6716
f 6684 6718 6686
f 6686 6718 6624
f 6711 6689 6712
f 6689 6688 6712
f 6593 6720 6594
f 6594 6720 6721
f 6722 6720 4607
f 4607 6720 4849
f 6592 6723 6722
f 6722 6723 6724
f 4610 4609 6578
f 6578 4609 6575
f 6596 6595 6580
f 6580 6595 6579
f 4618 4617 6584
f 6584 4617 6581
f 6589 6585 6586
f 6586 6585 6606
f 4622 4619 6588
f 6588 4619 6589
f 4622 6588 4623
f 4623 6588 6590
f 4609 4645 6575
f 6575 4645 6593
f 4617 4612 6581
f 6581 4612 6579
f 5004 4610 6597
f 6597 4610 6578
f 4645 4849 6593
f 6593 4849 6720
f 6724 6721 6722
f 6722 6721 6720
f 6722 4607 6592
f 6592 4607 4606
f 6725 6610 6721
f 6721 6610 6594
f 6723 6726 6724
f 6724 6726 6727
f 6727 6725 6724
f 6724 6725 6721
f 6728 6729 6605
f 6605 6729 6608
f 6605 6607 6728
f 6728 6607 6730
f 6731 6732 6604
f 6604 6732 6603
f 6733 6734 6725
f 6725 6734 6610
f 6735 6733 6727
f 6727 6733 6725
f 6735 6727 6736
f 6736 6727 6726
f 6591 6609 6723
f 6723 6609 6726
f 6723 6592 6591
f 6591 6592 6590
f 6738 6739 6737
f 6737 6739 6740
f 6740 6739 6742
f 6742 6739 6741
f 6743 6744 6741
f 6741 6744 6742
f 6745 6746 6743
f 6743 6746 6744
f 6747 6748 6745
f 6745 6748 6746
f 6749 6750 6747
f 6747 6750 6748
f 6752 6738 6751
f 6751 6738 6737
f 6754 6752 6753
f 6753 6752 6751
f 6756 6754 6755
f 6755 6754 6753
f 6758 6750 6757
f 6757 6750 6749
f 6760 6756 6759
f 6759 6756 6755
f 6762 6760 6761
f 6761 6760 6759
f 6764 6762 6763
f 6763 6762 6761
f 6757 6764 6758
f 6758 6764 6763
f 6766 6741 6765
f 6765 6741 6739
f 6767 6743 6766
f 6766 6743 6741
f 6768 6745 6767
f 6767 6745 6743
f 6769 6747 6768
f 6768 6747 6745
f 6770 6749 6769
f 6769 6749 6747
f 6772 6769 6771
f 6771 6769 6768
f 6773 6770 6772
f 6772 6770 6769
f 6774 6775 6772
f 6772 6775 6773
f 6777 6778 6776
f 6776 6778 6779
f 6775 6774 6778
f 6778 6774 6779
f 6771 6780 6772
f 6772 6780 6774
f 6780 6781 6774
f 6774 6781 6779
f 6781 6782 6779
f 6779 6782 6776
f 6784 6785 6783
f 6783 6785 6786
f 6786 6787 6783
f 6783 6787 6788
f 6790 6788 6789
f 6789 6788 6787
f 6786 6785 6791
f 6791 6785 6792
f 6791 6793 6786
f 6786 6793 6787
f 6793 6794 6787
f 6787 6794 6789
f 6795 6796 6794
f 6794 6796 6789
f 6790 6789 6797
f 6797 6789 6796
f 6798 6765 6738
f 6738 6765 6739
f 6799 6798 6752
f 6752 6798 6738
f 6767 6800 6768
f 6768 6800 6771
f 6766 6801 6767
f 6767 6801 6800
f 6802 6801 6765
f 6765 6801 6766
f 6798 6803 6765
f 6765 6803 6802
f 6804 6803 6799
f 6799 6803 6798
f 6805 6806 6804
f 6804 6806 6803
f 6807 6799 6754
f 6754 6799 6752
f 6808 6804 6807
f 6807 6804 6799
f 6809 6805 6808
f 6808 6805 6804
f 6810 6811 6805
f 6805 6811 6806
f 6812 6813 6810
f 6810 6813 6811
f 6814 6815 6796
f 6796 6815 6797
f 6813 6814 6816
f 6816 6814 6817
f 6816 6818 6813
f 6813 6818 6811
f 6819 6806 6818
f 6818 6806 6811
f 6802 6803 6819
f 6819 6803 6806
f 6757 6749 6820
f 6820 6749 6770
f 6820 6770 6821
f 6821 6770 6773
f 6821 6773 6822
f 6822 6773 6775
f 6822 6775 6823
f 6823 6775 6778
f 6824 6823 6777
f 6777 6823 6778
f 6784 6825 6777
f 6777 6825 6824
f 6826 6827 6788
f 6788 6827 6783
f 6828 6826 6790
f 6790 6826 6788
f 6829 6828 6797
f 6797 6828 6790
f 6815 6830 6797
f 6797 6830 6829
f 6832 6812 6831
f 6831 6812 6810
f 6831 6810 6809
f 6809 6810 6805
f 6736 6800 6735
f 6735 6800 6801
f 6733 6735 6802
f 6802 6735 6801
f 6734 6733 6819
f 6819 6733 6802
f 6833 6734 6818
f 6818 6734 6819
f 6834 6833 6816
f 6816 6833 6818
f 6816 6817 6834
f 6834 6817 6835
f 6837 6795 6836
f 6836 6795 6794
f 6836 6794 6731
f 6731 6794 6793
f 6732 6731 6791
f 6791 6731 6793
f 6791 6792 6732
f 6732 6792 6730
f 6729 6728 6781
f 6781 6728 6782
f 6838 6807 6756
f 6756 6807 6754
f 6839 6838 6760
f 6760 6838 6756
f 6840 6839 6762
f 6762 6839 6760
f 6841 6840 6764
f 6764 6840 6762
f 6820 6841 6757
f 6757 6841 6764
f 6841 6820 6842
f 6842 6820 6821
f 6840 6841 6843
f 6843 6841 6842
f 6839 6840 6844
f 6844 6840 6843
f 6838 6839 6845
f 6845 6839 6844
f 6807 6838 6808
f 6808 6838 6845
f 6842 6821 6846
f 6846 6821 6822
f 6843 6842 6847
f 6847 6842 6846
f 6844 6843 6848
f 6848 6843 6847
f 6845 6844 6849
f 6849 6844 6848
f 6808 6845 6809
f 6809 6845 6849
f 6850 6831 6849
f 6849 6831 6809
f 6851 6850 6848
f 6848 6850 6849
f 6847 6852 6848
f 6848 6852 6851
f 6853 6852 6846
f 6846 6852 6847
f 6846 6822 6853
f 6853 6822 6823
f 6853 6823 6854
f 6854 6823 6824
f 6854 6855 6853
f 6853 6855 6852
f 6856 6851 6855
f 6855 6851 6852
f 6856 6857 6851
f 6851 6857 6850
f 6857 6832 6850
f 6850 6832 6831
f 6825 6858 6824
f 6824 6858 6854
f 6860 6827 6859
f 6859 6827 6826
f 6859 6826 6861
f 6861 6826 6828
f 6862 6861 6829
f 6829 6861 6828
f 6830 6863 6829
f 6829 6863 6862
f 6863 6864 6862
f 6862 6864 6865
f 6858 6866 6854
f 6854 6866 6855
f 6867 6865 6866
f 6866 6865 6864
f 6869 6859 6868
f 6868 6859 6861
f 6867 6869 6865
f 6865 6869 6868
f 6861 6862 6868
f 6868 6862 6865
f 6867 6860 6869
f 6869 6860 6859
f 6753 6751 6698
f 6698 6751 6695
f 6697 6755 6698
f 6698 6755 6753
f 6759 6755 6702
f 6702 6755 6697
f 6761 6759 6708
f 6708 6759 6702
f 6763 6761 6712
f 6712 6761 6708
f 6758 6763 6717
f 6717 6763 6712
f 6750 6758 6716
f 6716 6758 6717
f 6719 6748 6716
f 6716 6748 6750
f 6714 6746 6719
f 6719 6746 6748
f 6705 6744 6714
f 6714 6744 6746
f 6704 6742 6705
f 6705 6742 6744
f 6740 6742 6693
f 6693 6742 6704
f 6737 6740 6692
f 6692 6740 6693
f 6751 6737 6695
f 6695 6737 6692
f 6601 6602 6836
f 6836 6602 6837
f 6604 6601 6731
f 6731 6601 6836
f 6599 6600 6834
f 6834 6600 6833
f 6834 6835 6599
f 6599 6835 6611
f 6600 6610 6833
f 6833 6610 6734
f 6780 6771 6870
f 6870 6771 6736
f 6736 6771 6800
f 6870 6729 6780
f 6780 6729 6781
f 6608 6729 6609
f 6609 6729 6870
f 6609 6870 6726
f 6726 6870 6736
f 5014 5015 5229
f 5229 5015 5230
f 4258 5015 4259
f 4259 5015 4878
f 3471 3013 4703
f 4703 3013 4704
f 2879 6337 1306
f 1306 6337 4785
f 829 3471 4316
f 4316 3471 4703
f 4702 3472 5223
f 5223 3472 1756
f 6871 6872 4534
f 4534 6872 4535
f 6871 4665 6872
f 6872 4665 4844
f 6871 6873 4665
f 4665 6873 4559
f 6871 4534 6873
f 6873 4534 4542
f 4153 4152 4822
f 4822 4152 4407
f 4152 4168 4407
f 4407 4168 4342
f 4343 4168 4923
f 4923 4168 4167
f 4363 4362 4972
f 4972 4362 4840
f 4362 4394 4840
f 4840 4394 4839
f 4401 4400 4986
f 4986 4400 4984
f 4435 4434 4841
f 4841 4434 4842
f 4506 4505 4530
f 4530 4505 4531
f 4506 4535 4507
f 4507 4535 4843
f 4661 4660 4516
f 4516 4660 4517
f 4673 4672 4937
f 4937 4672 6547
f 4400 4924 4984
f 4984 4924 5263
f 4673 4660 4674
f 4674 4660 4659
f 4505 4661 4531
f 4531 4661 4516
f 4952 4401 6874
f 6874 4401 4986
f 4954 4153 6875
f 6875 4153 4822
f 4363 4973 4364
f 4364 4973 4974
f 5264 4924 5267
f 5267 4924 4691
f 6293 6292 6876
f 6876 6292 6877
f 6380 4343 6387
f 6387 4343 4923
f 4394 4435 4839
f 4839 4435 4841
f 4672 4434 6547
f 6547 4434 4433
f 4973 6556 4974
f 4974 6556 6878
f 6567 6380 6574
f 6574 6380 6387
f 6292 4954 6877
f 6877 4954 6875
f 6567 5264 6568
f 6568 5264 5267
f 4145 4144 4154
f 4154 4144 4151
f 4194 4144 4425
f 4425 4144 4143
f 4355 4354 5263
f 5263 4354 4984
f 4360 4359 4364
f 4364 4359 4361
f 4444 4359 4392
f 4392 4359 4337
f 4447 4446 4432
f 4432 4446 4433
f 4464 4463 6547
f 6547 4463 4937
f 4519 4518 4654
f 4654 4518 4509
f 4533 4532 4499
f 4499 4532 4498
f 4533 4542 4530
f 4530 4542 4534
f 4519 4532 4516
f 4516 4532 4531
f 4922 4194 4426
f 4426 4194 4425
f 4463 4518 4937
f 4937 4518 4517
f 6555 4951 6874
f 6874 4951 6878
f 4958 4957 6290
f 6290 4957 6291
f 4334 4360 4712
f 4712 4360 4950
f 4985 4354 4419
f 4419 4354 4353
f 5262 4355 5265
f 5265 4355 5263
f 6294 4958 4804
f 4804 4958 6290
f 6386 4922 6384
f 6384 4922 4426
f 4444 4447 4393
f 4393 4447 4432
f 4464 4446 4465
f 4465 4446 4445
f 4985 6555 4986
f 4986 6555 6874
f 6573 6386 6571
f 6571 6386 6384
f 4145 6294 4146
f 4146 6294 4804
f 6573 5262 6574
f 6574 5262 5265
f 4542 4541 6873
f 6873 4541 4559
f 4535 6872 4843
f 4843 6872 4844
f 4104 4103 6879
f 6879 4103 6343
f 4105 6293 6307
f 6307 6293 6876
f 4104 4956 4105
f 4105 4956 6293
f 4956 4104 4957
f 4957 4104 6879
f 4957 6879 6291
f 6291 6879 6309
f 4648 4988 4649
f 4649 4988 4953
f 4802 4803 4928
f 4928 4803 6550
f 6550 4803 6555
f 6555 4803 4951
f 1516 3173 4987
f 4987 3173 5006
f 6519 6518 6558
f 6558 6518 6510
f 6527 6519 6559
f 6559 6519 6558
f 6528 6560 6529
f 6529 6560 6541
f 6548 4625 6549
f 6549 4625 4624
f 6551 6552 4746
f 4746 6552 6505
f 6553 4711 6554
f 6554 4711 4710
f 4802 6551 4713
f 4713 6551 4746
f 6556 4973 4649
f 4649 4973 4646
f 6557 4949 6548
f 6548 4949 4625
f 4648 4647 6553
f 6553 4647 4711
f 6549 4624 4987
f 4987 4624 4838
f 6552 6518 6505
f 6505 6518 6507
f 6561 4372 6529
f 6529 4372 6514
f 6562 4369 6561
f 6561 4369 4372
f 3142 3482 6562
f 6562 3482 4369
f 6556 4952 6878
f 6878 4952 6874
f 4951 4950 6878
f 6878 4950 4974
f 3168 440 3952
f 4204 4203 5341
f 5341 4203 6364
f 4219 4222 6429
f 6429 4222 4383
f 4319 4322 6506
f 6506 4322 4747
f 4340 4714 4341
f 4341 4714 4384
f 4375 4377 6388
f 6388 4377 6546
f 4378 4381 6311
f 6311 4381 4720
f 4449 4341 4387
f 4387 4341 4384
f 4473 4472 4477
f 4477 4472 4474
f 4492 4491 4487
f 4487 4491 4488
f 4523 4491 4522
f 4522 4491 4490
f 4492 4538 4493
f 4493 4538 4555
f 4538 4553 4555
f 4555 4553 4556
f 4620 4615 4621
f 4621 4615 4618
f 4652 4651 4368
f 4368 4651 4365
f 4523 4655 4524
f 4524 4655 4656
f 4553 4667 4556
f 4556 4667 4571
f 4651 1210 4365
f 4365 1210 1209
f 4698 4697 5223
f 5223 4697 6344
f 4340 4339 4322
f 4322 4339 4747
f 4726 4729 5287
f 5287 4729 4198
f 4381 4380 4737
f 4737 4380 6368
f 4836 4835 4451
f 4451 4835 4709
f 4910 6367 4911
f 4911 6367 6366
f 4912 4915 6450
f 6450 4915 6449
f 4927 4836 4450
f 4450 4836 4451
f 4930 4929 4439
f 4439 4929 4436
f 4936 4935 4459
f 4459 4935 4456
f 4473 4655 4470
f 4470 4655 4510
f 4942 4583 4943
f 4943 4583 4572
f 4948 4601 4947
f 4947 4601 4584
f 4949 4835 4625
f 4625 4835 4626
f 4966 4969 6289
f 6289 4969 4695
f 4971 4652 4926
f 4926 4652 4368
f 4203 4977 6364
f 6364 4977 6365
f 4990 4989 4443
f 4443 4989 4440
f 4990 4991 4478
f 4478 4991 4512
f 4992 4991 4528
f 4528 4991 4515
f 4992 4993 4527
f 4527 4993 4485
f 4994 4993 4502
f 4502 4993 4503
f 4994 4995 4482
f 4482 4995 4550
f 4543 4996 4544
f 4544 4996 4995
f 4999 4998 4567
f 4567 4998 4578
f 5000 4998 4575
f 4575 4998 4997
f 5002 5001 4592
f 4592 5001 4574
f 5003 5004 4614
f 4614 5004 4611
f 3483 4215 1755
f 1755 4215 4698
f 5274 5277 4195
f 4195 5277 4223
f 4726 5295 4727
f 4727 5295 6350
f 5309 5342 5310
f 5310 5342 6363
f 5315 5314 5316
f 5316 5314 5317
f 5339 6362 5340
f 5340 6362 5363
f 5310 6363 5339
f 5339 6363 6362
f 4204 5309 4201
f 4201 5309 5308
f 4915 5345 6449
f 6449 5345 6448
f 5345 5315 6448
f 6448 5315 5316
f 5348 5347 6351
f 6351 5347 6352
f 5365 4263 5340
f 5340 4263 4262
f 6295 6298 4733
f 4733 6298 4734
f 4969 6306 4695
f 4695 6306 4696
f 6306 4378 4696
f 4696 4378 6311
f 6369 6372 6544
f 6544 6372 6545
f 4375 6390 4373
f 4373 6390 4374
f 6421 6422 4911
f 4911 6422 4908
f 4910 4909 4737
f 4737 4909 4736
f 5277 4219 4223
f 4223 4219 6429
f 4697 4222 6344
f 6344 4222 4221
f 6436 6361 6437
f 6437 6361 6360
f 6438 6440 6437
f 6437 6440 6434
f 6438 6359 6441
f 6441 6359 6358
f 6442 6441 6357
f 6357 6441 6358
f 6442 6444 6443
f 6443 6444 6445
f 6446 6444 6355
f 6355 6444 6356
f 6446 4912 6447
f 6447 4912 6450
f 6436 6435 5365
f 5365 6435 4263
f 5314 5347 5317
f 5317 5347 5346
f 4319 6512 4320
f 4320 6512 6513
f 6520 6512 6521
f 6521 6512 6508
f 6528 6520 6527
f 6527 6520 6521
f 6532 6539 6533
f 6533 6539 6535
f 6533 6535 6537
f 6537 6535 6534
f 6538 6543 6537
f 6537 6543 6536
f 6295 4377 6296
f 6296 4377 4376
f 4989 4930 4440
f 4440 4930 4439
f 4927 4929 4422
f 4422 4929 4455
f 4449 4936 4388
f 4388 4936 4459
f 4472 4935 4474
f 4474 4935 4932
f 4942 4940 4947
f 4947 4940 4939
f 5001 5000 4574
f 4574 5000 4575
f 4669 4943 4666
f 4666 4943 4667
f 4996 4999 4547
f 4547 4999 4567
f 4948 4946 4620
f 4620 4946 4615
f 5003 5002 4591
f 4591 5002 4592
f 6557 4971 6554
f 6554 4971 4926
f 6532 6560 6539
f 6539 6560 6559
f 6390 6372 4374
f 4374 6372 6371
f 4966 6298 4967
f 4967 6298 6297
f 6538 6526 6369
f 6369 6526 6370
f 6585 6589 4621
f 4621 6589 4619
f 6597 6578 6598
f 6598 6578 6577
f 6606 6583 6607
f 6607 6583 6603
f 6611 6602 6598
f 6598 6602 6596
f 6585 6584 6606
f 6606 6584 6583
f 6597 6580 5004
f 5004 6580 4611
f 6607 6603 6730
f 6730 6603 6732
f 6776 6785 6777
f 6777 6785 6784
f 6785 6776 6792
f 6792 6776 6782
f 6815 6814 6812
f 6812 6814 6813
f 6817 6814 6795
f 6795 6814 6796
f 6825 6784 6827
f 6827 6784 6783
f 6830 6815 6832
f 6832 6815 6812
f 6817 6795 6835
f 6835 6795 6837
f 6792 6782 6730
f 6730 6782 6728
f 6858 6825 6860
f 6860 6825 6827
f 6863 6830 6857
f 6857 6830 6832
f 6864 6863 6856
f 6856 6863 6857
f 6866 6858 6867
f 6867 6858 6860
f 6866 6864 6855
f 6855 6864 6856
f 6835 6837 6611
f 6611 6837 6602
f 6560 6528 6559
f 6559 6528 6527
f 4949 6557 4710
f 4710 6557 6554
f 4430 4090 4175
f 4175 4090 4089
f 4777 4113 4155
f 4155 4113 4086
f 4175 4089 4176
f 4176 4089 4142
f 4199 4271 4200
f 4200 4271 4798
f 4199 4095 4272
f 4272 4095 5273
f 4406 4405 4404
f 4404 4405 4346
f 4410 4409 6877
f 6877 4409 6876
f 4409 4413 6876
f 6876 4413 6307
f 4415 4148 4416
f 4416 4148 4147
f 4690 4405 4344
f 4344 4405 4342
f 4693 4692 4352
f 4352 4692 4349
f 4701 4700 6337
f 6337 4700 6338
f 4778 4777 4081
f 4081 4777 4155
f 4821 4406 4809
f 4809 4406 4404
f 4176 4142 4181
f 4181 4142 4415
f 4760 4970 4399
f 4399 4970 4692
f 4200 5007 4096
f 4096 5007 4078
f 5266 4693 5269
f 5269 4693 4352
f 5270 5007 5361
f 5361 5007 4797
f 4778 5270 4779
f 4779 5270 5361
f 6285 4410 6875
f 6875 4410 6877
f 6308 4413 4687
f 4687 4413 4412
f 6480 6320 6481
f 6481 6320 6880
f 4701 2878 4702
f 4702 2878 3472
f 6339 6347 6340
f 6340 6347 6348
f 6341 6342 6346
f 6346 6342 6345
f 4416 6308 4414
f 4414 6308 4687
f 6385 4690 6381
f 6381 4690 4344
f 5282 6341 5280
f 5280 6341 6339
f 4700 6342 6338
f 6338 6342 5281
f 6340 6348 4272
f 4272 6348 4270
f 6480 6479 4828
f 4828 6479 4829
f 6490 6479 6489
f 6489 6479 6478
f 4090 4430 6490
f 6490 4430 4429
f 6563 6564 4970
f 4970 6564 4815
f 4694 6566 4366
f 4366 6566 6563
f 6572 6385 6568
f 6568 6385 6381
f 4821 6285 4822
f 4822 6285 6875
f 6572 5266 6569
f 6569 5266 5269
f 3482 3103 4369
f 4369 3103 4370
f 3121 4730 3485
f 3485 4730 4327
f 6277 6280 6273
f 6273 6280 6272
f 6267 6276 6278
f 6278 6276 6279
f 6278 6279 6277
f 6277 6279 6280
f 6279 6256 6280
f 6280 6256 6255
f 6256 3857 6255
f 6255 3857 3754
f 3857 3856 3754
f 3754 3856 3755
f 3856 3703 3755
f 3755 3703 3863
f 3703 3702 3863
f 3863 3702 3759
f 3702 3706 3759
f 3759 3706 3670
f 3706 3705 3670
f 3670 3705 3668
f 3705 3773 3668
f 3668 3773 3882
f 3882 3773 3883
f 3883 3773 3707
f 3707 3708 3883
f 3883 3708 3880
f 3708 3710 3880
f 3880 3710 3881
f 3709 5241 3710
f 3710 5241 3881
f 5241 3709 5234
f 5234 3709 3786
f 3693 3712 3786
f 3786 3712 5234
f 4051 4055 4052
f 4052 4055 4056
f 4056 4055 4057
f 4057 4055 4054
f 4066 5238 5236
f 5236 5238 3989
f 4066 4069 5238
f 5238 4069 4035
f 6881 3962 3960
f 3960 3962 3957
f 6883 4070 6882
f 6882 4070 3941
f 4070 6883 4071
f 4071 6883 6884
f 4071 6884 4072
f 4072 6884 6885
f 6885 6886 4072
f 4072 6886 4031
f 3955 6881 3956
f 3956 6881 3960
f 6884 3991 6885
f 6885 3991 3990
f 6883 6887 6884
f 6884 6887 3991
f 6887 6888 3991
f 3991 6888 3992
f 6888 6887 6889
f 6889 6887 6890
f 6887 6883 6890
f 6890 6883 6882
f 4058 5240 3953
f 3953 5240 3954
f 5236 6888 5239
f 5239 6888 6889
f 5237 6886 3990
f 3990 6886 6885
f 4034 4031 5237
f 5237 4031 6886
f 6881 6882 3962
f 3962 6882 3941
f 6881 3955 6882
f 6882 3955 6890
f 3955 3954 6890
f 6890 3954 6889
f 5239 6889 5240
f 5240 6889 3954
f 6888 5236 3992
f 3992 5236 3989
f 3869 3868 3888
f 3888 3868 4015
f 3868 4012 4015
f 4015 4012 4010
f 4012 4022 4010
f 4010 4022 4009
f 4022 4021 4009
f 4009 4021 4018
f 4020 3974 4001
f 4001 3974 3996
f 4021 4020 4029
f 4029 4020 4001
f 4085 4156 4086
f 4086 4156 4155
f 4113 4777 4114
f 4114 4777 4776
f 4130 4129 4094
f 4094 4129 4091
f 4139 4773 4140
f 4140 4773 4772
f 4149 4178 4150
f 4150 4178 5225
f 4160 4159 4087
f 4087 4159 4088
f 4149 4148 4179
f 4179 4148 4141
f 4085 4084 4183
f 4183 4084 6315
f 4179 4141 4159
f 4159 4141 4088
f 4192 4130 4162
f 4162 4130 4094
f 4197 5288 4198
f 4198 5288 5287
f 4229 4766 4230
f 4230 4766 4771
f 4245 4246 4242
f 4242 4246 4249
f 4183 6315 4418
f 4418 6315 6314
f 4679 4178 4680
f 4680 4178 4177
f 4724 4798 4725
f 4725 4798 4271
f 4728 5275 4729
f 4729 5275 5274
f 4230 4771 4249
f 4249 4771 4242
f 4724 4723 4799
f 4799 4723 5355
f 4823 4824 4891
f 4891 4824 6327
f 4823 4192 4161
f 4161 4192 4162
f 4893 4767 4229
f 4229 4767 4766
f 4894 4895 4898
f 4898 4895 4899
f 4106 4150 4103
f 4103 4150 5225
f 4680 4894 4677
f 4677 4894 4898
f 6420 4977 5301
f 5301 4977 4976
f 4679 4678 5226
f 5226 4678 4427
f 5228 5008 4893
f 4893 5008 4767
f 5285 6354 5286
f 5286 6354 5343
f 5289 5352 5290
f 5290 5352 5349
f 5290 5349 5295
f 5295 5349 5348
f 5302 5299 4202
f 4202 5299 4976
f 4725 4271 5311
f 5311 4271 4270
f 5325 4723 5326
f 5326 4723 4722
f 5335 5355 5325
f 5325 5355 4723
f 5326 4722 5286
f 5286 4722 5283
f 4799 5357 4797
f 4797 5357 5361
f 5359 5356 5335
f 5335 5356 5355
f 4775 4774 5356
f 5356 4774 5357
f 5359 5358 4092
f 4092 5358 4093
f 6316 4740 6317
f 6317 4740 4739
f 6318 4827 6316
f 6316 4827 4740
f 6319 4828 6318
f 6318 4828 4827
f 6320 6480 6319
f 6319 6480 4828
f 6484 6322 6485
f 6485 6322 6321
f 6487 6324 6331
f 6331 6324 6323
f 6331 6323 6330
f 6330 6323 6325
f 6325 6326 6330
f 6330 6326 6329
f 6326 6328 6329
f 6329 6328 5231
f 4824 4685 5228
f 5228 4685 5008
f 5226 6343 5225
f 5225 6343 4103
f 4728 4727 6349
f 6349 4727 5284
f 6350 6351 5285
f 5285 6351 6354
f 4247 4246 6418
f 6418 4246 6365
f 6400 6402 6401
f 6401 6402 6459
f 4197 4196 6409
f 6409 4196 6426
f 6412 4897 6328
f 6328 4897 5231
f 6413 4133 6412
f 6412 4133 4897
f 6414 4134 6413
f 6413 4134 4133
f 6415 4225 6414
f 6414 4225 4134
f 6416 4252 6415
f 6415 4252 4225
f 6417 4253 6416
f 6416 4253 4252
f 4253 6417 6366
f 6366 6417 6419
f 6366 6419 4911
f 4911 6419 6421
f 6422 6423 4908
f 4908 6423 5298
f 5298 6423 6396
f 6396 6423 6424
f 6409 6426 6425
f 6425 6426 6397
f 5300 5299 6399
f 6399 5299 6400
f 6465 6408 6401
f 6401 6408 6398
f 6424 6399 6425
f 6425 6399 6398
f 6349 5284 5311
f 5311 5284 5283
f 6465 6464 5289
f 5289 6464 5352
f 6488 6483 6492
f 6492 6483 6482
f 6486 6491 6482
f 6482 6491 6492
f 6491 4895 6492
f 6492 4895 4157
f 6488 4160 6489
f 6489 4160 4087
f 6501 6502 4418
f 4418 6502 4417
f 6504 6500 6317
f 6317 6500 6314
f 3497 3496 6501
f 6501 3496 6502
f 3499 3498 6504
f 6504 3498 6500
f 4729 5274 4198
f 4198 5274 4195
f 6418 6365 6420
f 6420 6365 4977
f 5295 5348 6350
f 6350 5348 6351
f 5301 6422 6420
f 6420 6422 6421
f 4113 4112 4086
f 4086 4112 4083
f 6320 4112 6880
f 6880 4112 4111
f 4091 4772 4092
f 4092 4772 4775
f 4129 4140 4091
f 4091 4140 4772
f 4137 4140 4128
f 4128 4140 4129
f 4128 6324 4137
f 4137 6324 6321
f 6324 6487 6321
f 6321 6487 6485
f 6487 6486 6485
f 6485 6486 6482
f 4774 4773 4779
f 4779 4773 4776
f 4773 4139 4776
f 4776 4139 4114
f 4139 4138 4114
f 4114 4138 4111
f 4138 6322 4111
f 4111 6322 6880
f 6322 6484 6880
f 6880 6484 6481
f 6484 6483 6481
f 6481 6483 6478
f 6879 6343 6309
f 6309 6343 4428
f 4106 4105 4900
f 4900 4105 6307
f 3500 3167 6495
f 6495 3167 6496
f 3500 6495 3070
f 3070 6495 5368
f 3502 5235 3501
f 3501 5235 4813
f 3024 3503 6473
f 6473 3503 6474
f 3503 3023 6474
f 6474 3023 6374
f 3504 1770 4348
f 4348 1770 4345
f 3502 3505 5235
f 5235 3505 4810
f 3498 3497 6500
f 6500 3497 6501
f 3496 3075 6502
f 6502 3075 6275
f 6299 4254 3174
f 3174 4254 3017
f 1769 3501 4814
f 4814 3501 4813
f 3506 3018 6476
f 6476 3018 4257
f 3507 3499 6499
f 6499 3499 6504
f 3030 4216 3483
f 3483 4216 4215
f 3077 3507 6333
f 6333 3507 6499
f 1784 3160 5249
f 5249 3160 6523
f 3015 3506 4240
f 4240 3506 6476
f 3508 3504 6383
f 6383 3504 4348
f 3509 3016 6477
f 6477 3016 4239
f 3028 3509 6467
f 6467 3509 6477
f 3022 1785 5246
f 5246 1785 5247
f 3161 3508 6570
f 6570 3508 6383
f 3150 3149 4694
f 4694 3149 6566
f 1327 4807 3510
f 3510 4807 4811
f 3510 4811 3505
f 3505 4811 4810
f 3146 3511 4816
f 4816 3511 4350
f 3511 1808 4350
f 4350 1808 4351
f 3485 4327 3159
f 3159 4327 4330
f 1326 3512 4806
f 4806 3512 6310
f 3512 1331 6310
f 6310 1331 4688

