# https://github.com/mikedh/trimesh
v 0.85034120 0.63941526 -55.35607529 0.65098039 0.74117647 0.85882353
v 0.84147817 0.62971997 -55.34761429 0.65098039 0.74117647 0.85882353
v 0.85389453 0.62305105 -55.35002518 0.65098039 0.74117647 0.85882353
v 0.86293763 0.62863624 -55.35962677 0.65098039 0.74117647 0.85882353
v 0.84797931 0.61758792 -55.34256363 0.65098039 0.74117647 0.85882353
v 0.83601177 0.62158728 -55.34085464 0.65098039 0.74117647 0.85882353
v 0.86253619 0.61339986 -55.35445404 0.65098039 0.74117647 0.85882353
v 0.87110287 0.61562312 -55.36489105 0.65098039 0.74117647 0.85882353
v 0.86782295 0.57699871 -55.34837723 0.65098039 0.74117647 0.85882353
v 0.87346703 0.56956375 -55.35382843 0.65098039 0.74117647 0.85882353
v 0.87438995 0.58033669 -55.35738754 0.65098039 0.74117647 0.85882353
v 0.86726832 0.58526719 -55.35143661 0.65098039 0.74117647 0.85882353
v 0.86545938 0.55184293 -55.34154892 0.65098039 0.74117647 0.85882353
v 0.85607278 0.54688394 -55.33299637 0.65098039 0.74117647 0.85882353
v 0.86056596 0.53448248 -55.33721161 0.65098039 0.74117647 0.85882353
v 0.86875939 0.53903818 -55.34689713 0.65098039 0.74117647 0.85882353
v 0.81935012 0.56854641 -55.32802200 0.65098039 0.74117647 0.85882353
v 0.82429373 0.56210077 -55.32490921 0.65098039 0.74117647 0.85882353
v 0.82888788 0.56812668 -55.32694244 0.65098039 0.74117647 0.85882353
v 0.82336003 0.57371616 -55.33032990 0.65098039 0.74117647 0.85882353
v 0.81009555 0.57976365 -55.32931900 0.65098039 0.74117647 0.85882353
v 0.81271434 0.58348131 -55.33407974 0.65098039 0.74117647 0.85882353
v 0.80699837 0.58890700 -55.33272552 0.65098039 0.74117647 0.85882353
v 0.80480164 0.58497930 -55.32651138 0.65098039 0.74117647 0.85882353
v 0.81367588 0.56366622 -55.32719040 0.65098039 0.74117647 0.85882353
v 0.81908858 0.55672097 -55.32426071 0.65098039 0.74117647 0.85882353
v 0.81507391 0.57428968 -55.33024597 0.65098039 0.74117647 0.85882353
v 0.81235361 0.57104230 -55.32697678 0.65098039 0.74117647 0.85882353
v 0.80548978 0.56968796 -55.31676102 0.65098039 0.74117647 0.85882353
v 0.80795491 0.57345486 -55.31931305 0.65098039 0.74117647 0.85882353
v 0.80278659 0.57708347 -55.31492996 0.65098039 0.74117647 0.85882353
v 0.80114061 0.57183766 -55.31380463 0.65098039 0.74117647 0.85882353
v 0.81105745 0.56532204 -55.32348251 0.65098039 0.74117647 0.85882353
v 0.81100559 0.56911528 -55.32207108 0.65098039 0.74117647 0.85882353
v 0.80752313 0.56667471 -55.31945038 0.65098039 0.74117647 0.85882353
v 0.80693030 0.56336725 -55.32183456 0.65098039 0.74117647 0.85882353
v 0.80818069 0.57695341 -55.32523346 0.65098039 0.74117647 0.85882353
v 0.80340302 0.58145213 -55.32092667 0.65098039 0.74117647 0.85882353
v 0.79776412 0.58554471 -55.31657028 0.65098039 0.74117647 0.85882353
v 0.79647976 0.57944071 -55.31003952 0.65098039 0.74117647 0.85882353
v 0.83515781 0.54691756 -55.32237625 0.65098039 0.74117647 0.85882353
v 0.83001506 0.55494547 -55.32267380 0.65098039 0.74117647 0.85882353
v 0.82447290 0.55047643 -55.32193375 0.65098039 0.74117647 0.85882353
v 0.82926989 0.54419494 -55.32101440 0.65098039 0.74117647 0.85882353
v 0.80886149 0.55914569 -55.32288742 0.65098039 0.74117647 0.85882353
v 0.81093335 0.54410672 -55.31591797 0.65098039 0.74117647 0.85882353
v 0.81151348 0.54788232 -55.31695175 0.65098039 0.74117647 0.85882353
v 0.80470616 0.55019236 -55.31560898 0.65098039 0.74117647 0.85882353
v 0.80481619 0.54657805 -55.31451797 0.65098039 0.74117647 0.85882353
v 0.84134567 0.52991080 -55.32363129 0.65098039 0.74117647 0.85882353
v 0.83448917 0.53059053 -55.32069778 0.65098039 0.74117647 0.85882353
v 0.83520269 0.52302790 -55.32050323 0.65098039 0.74117647 0.85882353
v 0.84194815 0.52051532 -55.32409668 0.65098039 0.74117647 0.85882353
v 0.83329314 0.51687205 -55.31985855 0.65098039 0.74117647 0.85882353
v 0.84129518 0.51174164 -55.32439423 0.65098039 0.74117647 0.85882353
v 0.83209819 0.49885967 -55.32198334 0.65098039 0.74117647 0.85882353
v 0.83698028 0.50429285 -55.32310486 0.65098039 0.74117647 0.85882353
v 0.82933331 0.51175404 -55.31818008 0.65098039 0.74117647 0.85882353
v 0.82330006 0.50822115 -55.31487274 0.65098039 0.74117647 0.85882353
v 0.80920082 0.51613295 -55.31193542 0.65098039 0.74117647 0.85882353
v 0.80260330 0.51576900 -55.31042099 0.65098039 0.74117647 0.85882353
v 0.80708331 0.50356507 -55.30711746 0.65098039 0.74117647 0.85882353
v 0.81511748 0.50529885 -55.31028748 0.65098039 0.74117647 0.85882353
v 0.81122744 0.53678298 -55.31767654 0.65098039 0.74117647 0.85882353
v 0.81571335 0.53585255 -55.31902695 0.65098039 0.74117647 0.85882353
v 0.81540710 0.53820896 -55.31752777 0.65098039 0.74117647 0.85882353
v 0.81066793 0.54048467 -55.31619644 0.65098039 0.74117647 0.85882353
v 0.81965524 0.53492951 -55.31962967 0.65098039 0.74117647 0.85882353
v 0.82139069 0.53441083 -55.31978607 0.65098039 0.74117647 0.85882353
v 0.82088673 0.53617001 -55.31919861 0.65098039 0.74117647 0.85882353
v 0.81956571 0.53584886 -55.31935501 0.65098039 0.74117647 0.85882353
v 0.81752384 0.53570342 -55.31930161 0.65098039 0.74117647 0.85882353
v 0.81634635 0.53399253 -55.31849289 0.65098039 0.74117647 0.85882353
v 0.81864893 0.53432238 -55.31921387 0.65098039 0.74117647 0.85882353
v 0.81211925 0.53421378 -55.31676483 0.65098039 0.74117647 0.85882353
v 0.79779065 0.53499639 -55.31211472 0.65098039 0.74117647 0.85882353
v 0.80174226 0.53498900 -55.31263733 0.65098039 0.74117647 0.85882353
v 0.80096376 0.53883851 -55.31543732 0.65098039 0.74117647 0.85882353
v 0.79771477 0.53909564 -55.31514359 0.65098039 0.74117647 0.85882353
v 0.81929022 0.53851509 -55.31871033 0.65098039 0.74117647 0.85882353
v 0.82155055 0.53994775 -55.31906128 0.65098039 0.74117647 0.85882353
v 0.81732029 0.54383945 -55.31809616 0.65098039 0.74117647 0.85882353
v 0.81608403 0.54097927 -55.31794357 0.65098039 0.74117647 0.85882353
v 0.82453752 0.54162097 -55.31930161 0.65098039 0.74117647 0.85882353
v 0.82331467 0.53704131 -55.31963348 0.65098039 0.74117647 0.85882353
v 0.82680523 0.53739524 -55.31977081 0.65098039 0.74117647 0.85882353
v 0.82077771 0.53270721 -55.31930542 0.65098039 0.74117647 0.85882353
v 0.82364869 0.53053975 -55.31933212 0.65098039 0.74117647 0.85882353
v 0.82403588 0.53350592 -55.31921005 0.65098039 0.74117647 0.85882353
v 0.82149488 0.52765882 -55.31822586 0.65098039 0.74117647 0.85882353
v 0.81812406 0.53126717 -55.31826782 0.65098039 0.74117647 0.85882353
v 0.81391543 0.53053129 -55.31620789 0.65098039 0.74117647 0.85882353
v 0.80842596 0.53032863 -55.31375122 0.65098039 0.74117647 0.85882353
v 0.81141567 0.52463400 -55.31407928 0.65098039 0.74117647 0.85882353
v 0.81722695 0.52567112 -55.31625748 0.65098039 0.74117647 0.85882353
v 0.82009315 0.54707384 -55.31959915 0.65098039 0.74117647 0.85882353
v 0.82852358 0.53216052 -55.31987381 0.65098039 0.74117647 0.85882353
v 0.83237904 0.53811502 -55.32129669 0.65098039 0.74117647 0.85882353
v 0.82840079 0.52715290 -55.31919479 0.65098039 0.74117647 0.85882353
v 0.82636595 0.52274656 -55.31826019 0.65098039 0.74117647 0.85882353
v 0.82232440 0.51918340 -55.31666183 0.65098039 0.74117647 0.85882353
v 0.81583875 0.51749647 -55.31422806 0.65098039 0.74117647 0.85882353
v 0.81259102 0.49169984 -55.31428909 0.65098039 0.74117647 0.85882353
v 0.82212180 0.49467608 -55.31742096 0.65098039 0.74117647 0.85882353
v 0.83400464 0.61398864 -55.34106064 0.65098039 0.74117647 0.85882353
v 0.84287214 0.61201715 -55.34050369 0.65098039 0.74117647 0.85882353
v 0.84382409 0.60308814 -55.34197998 0.65098039 0.74117647 0.85882353
v 0.84563404 0.60517108 -55.34225464 0.65098039 0.74117647 0.85882353
v 0.84010959 0.60787451 -55.34148407 0.65098039 0.74117647 0.85882353
v 0.83936584 0.60504770 -55.34164810 0.65098039 0.74117647 0.85882353
v 0.86027974 0.58978879 -55.34878540 0.65098039 0.74117647 0.85882353
v 0.85464507 0.59347570 -55.34664154 0.65098039 0.74117647 0.85882353
v 0.85495514 0.58943355 -55.34628296 0.65098039 0.74117647 0.85882353
v 0.86112988 0.58353651 -55.34632492 0.65098039 0.74117647 0.85882353
v 0.84514260 0.58532214 -55.33939362 0.65098039 0.74117647 0.85882353
v 0.85022938 0.58507943 -55.34150696 0.65098039 0.74117647 0.85882353
v 0.84670752 0.59243405 -55.34271240 0.65098039 0.74117647 0.85882353
v 0.84286714 0.59257340 -55.34117126 0.65098039 0.74117647 0.85882353
v 0.83871680 0.59305370 -55.34017181 0.65098039 0.74117647 0.85882353
v 0.83420783 0.59359157 -55.34031296 0.65098039 0.74117647 0.85882353
v 0.83417231 0.58829260 -55.33872986 0.65098039 0.74117647 0.85882353
v 0.83952183 0.58670473 -55.33847046 0.65098039 0.74117647 0.85882353
v 0.83385050 0.60928380 -55.34248352 0.65098039 0.74117647 0.85882353
v 0.82665467 0.60826337 -55.34460068 0.65098039 0.74117647 0.85882353
v 0.82819974 0.60518646 -55.34405518 0.65098039 0.74117647 0.85882353
v 0.83386803 0.60608613 -55.34197235 0.65098039 0.74117647 0.85882353
v 0.81893724 0.59709859 -55.34891891 0.65098039 0.74117647 0.85882353
v 0.82003027 0.59977376 -55.34853745 0.65098039 0.74117647 0.85882353
v 0.81643510 0.60156226 -55.34922409 0.65098039 0.74117647 0.85882353
v 0.81538141 0.59706533 -55.34842300 0.65098039 0.74117647 0.85882353
v 0.81726253 0.59443009 -55.34629822 0.65098039 0.74117647 0.85882353
v 0.81985092 0.59580481 -55.34737396 0.65098039 0.74117647 0.85882353
v 0.84412068 0.65896118 -55.36842728 0.65098039 0.74117647 0.85882353
v 0.83492881 0.64761829 -55.35567093 0.65098039 0.74117647 0.85882353
v 0.86076647 0.64806819 -55.37200546 0.65098039 0.74117647 0.85882353
v 0.87221909 0.63341200 -55.37490845 0.65098039 0.74117647 0.85882353
v 0.88006097 0.61706817 -55.37674713 0.65098039 0.74117647 0.85882353
v 0.85057336 0.53130901 -55.32941818 0.65098039 0.74117647 0.85882353
v 0.85284853 0.52050900 -55.33146667 0.65098039 0.74117647 0.85882353
v 0.86440098 0.52279854 -55.34202576 0.65098039 0.74117647 0.85882353
v 0.86314839 0.51140523 -55.34409332 0.65098039 0.74117647 0.85882353
v 0.85159802 0.50939286 -55.33216476 0.65098039 0.74117647 0.85882353
v 0.83882946 0.49185076 -55.33406830 0.65098039 0.74117647 0.85882353
v 0.84685171 0.49924669 -55.33290863 0.65098039 0.74117647 0.85882353
v 0.85883343 0.50033128 -55.34862900 0.65098039 0.74117647 0.85882353
v 0.87062025 0.50645208 -55.36413193 0.65098039 0.74117647 0.85882353
v 0.87252611 0.51604688 -55.35728073 0.65098039 0.74117647 0.85882353
v 0.87877715 0.51667202 -55.37910080 0.65098039 0.74117647 0.85882353
v 0.86876082 0.49564698 -55.37496948 0.65098039 0.74117647 0.85882353
v 0.87858248 0.51231015 -55.38790894 0.65098039 0.74117647 0.85882353
v 0.85714334 0.46061495 -55.36758041 0.65098039 0.74117647 0.85882353
v 0.86234194 0.44687530 -55.36903763 0.65098039 0.74117647 0.85882353
v 0.87324643 0.45040032 -55.38228989 0.65098039 0.74117647 0.85882353
v 0.87041265 0.46325597 -55.37913513 0.65098039 0.74117647 0.85882353
v 0.87196416 0.52673578 -55.35208511 0.65098039 0.74117647 0.85882353
v 0.87903851 0.58738482 -55.36737442 0.65098039 0.74117647 0.85882353
v 0.87180209 0.59154522 -55.35888672 0.65098039 0.74117647 0.85882353
v 0.88073301 0.57424021 -55.36526108 0.65098039 0.74117647 0.85882353
v 0.89261585 0.63354897 -55.40651703 0.65098039 0.74117647 0.85882353
v 0.88096780 0.63563848 -55.39161301 0.65098039 0.74117647 0.85882353
v 0.88927138 0.61900866 -55.38881683 0.65098039 0.74117647 0.85882353
v 0.89801586 0.61893237 -55.40394974 0.65098039 0.74117647 0.85882353
v 0.86833954 0.66912901 -55.41882324 0.65098039 0.74117647 0.85882353
v 0.85720390 0.66704643 -55.39269257 0.65098039 0.74117647 0.85882353
v 0.86892188 0.65338457 -55.39228821 0.65098039 0.74117647 0.85882353
v 0.88073206 0.65495169 -55.41228485 0.65098039 0.74117647 0.85882353
v 0.90454644 0.61520803 -55.41549683 0.65098039 0.74117647 0.85882353
v 0.91121972 0.60885334 -55.43179321 0.65098039 0.74117647 0.85882353
v 0.90972227 0.62060070 -55.44478989 0.65098039 0.74117647 0.85882353
v 0.90146005 0.63000607 -55.42611313 0.65098039 0.74117647 0.85882353
v 0.90312284 0.63643909 -55.46184921 0.65098039 0.74117647 0.85882353
v 0.89361250 0.64898562 -55.43851089 0.65098039 0.74117647 0.85882353
v 0.87941498 0.49567369 -55.39469910 0.65098039 0.74117647 0.85882353
v 0.88240182 0.51171553 -55.40108109 0.65098039 0.74117647 0.85882353
v 0.86698073 0.47866717 -55.37625504 0.65098039 0.74117647 0.85882353
v 0.87744552 0.48008540 -55.39158249 0.65098039 0.74117647 0.85882353
v 0.88945460 0.64844716 -55.47635269 0.65098039 0.74117647 0.85882353
v 0.87890518 0.66352332 -55.44955826 0.65098039 0.74117647 0.85882353
v 0.91236591 0.57048690 -55.47063446 0.65098039 0.74117647 0.85882353
v 0.91502440 0.58961439 -55.46826172 0.65098039 0.74117647 0.85882353
v 0.91458738 0.58409429 -55.44806671 0.65098039 0.74117647 0.85882353
v 0.91306329 0.56773245 -55.45235825 0.65098039 0.74117647 0.85882353
v 0.90873039 0.57293379 -55.49087524 0.65098039 0.74117647 0.85882353
v 0.91028810 0.59557998 -55.48908615 0.65098039 0.74117647 0.85882353
v 0.89191628 0.52031243 -55.45605850 0.65098039 0.74117647 0.85882353
v 0.88260061 0.50646412 -55.44749451 0.65098039 0.74117647 0.85882353
v 0.87643278 0.50477469 -55.46092987 0.65098039 0.74117647 0.85882353
v 0.88820070 0.51592004 -55.47223663 0.65098039 0.74117647 0.85882353
v 0.85608798 0.61132812 -55.34578705 0.65098039 0.74117647 0.85882353
v 0.85011333 0.60771251 -55.34193802 0.65098039 0.74117647 0.85882353
v 0.85493279 0.60266972 -55.34497833 0.65098039 0.74117647 0.85882353
v 0.86122996 0.60356104 -55.34975433 0.65098039 0.74117647 0.85882353
v 0.86806726 0.60275757 -55.35769272 0.65098039 0.74117647 0.85882353
v 0.87581301 0.60162401 -55.36731339 0.65098039 0.74117647 0.85882353
v 0.89258122 0.60379207 -55.38938904 0.65098039 0.74117647 0.85882353
v 0.90096736 0.60559237 -55.40248108 0.65098039 0.74117647 0.85882353
v 0.91091144 0.59753835 -55.42443848 0.65098039 0.74117647 0.85882353
v 0.90617514 0.60239828 -55.41161728 0.65098039 0.74117647 0.85882353
v 0.91286218 0.57521129 -55.43605042 0.65098039 0.74117647 0.85882353
v 0.91093028 0.56513083 -55.43863678 0.65098039 0.74117647 0.85882353
v 0.88617742 0.51616478 -55.41863251 0.65098039 0.74117647 0.85882353
v 0.88060105 0.49593273 -55.41253662 0.65098039 0.74117647 0.85882353
v 0.87772983 0.49409464 -55.42808914 0.65098039 0.74117647 0.85882353
v 0.88474905 0.51178992 -55.43448257 0.65098039 0.74117647 0.85882353
v 0.86894202 0.48906448 -55.45230865 0.65098039 0.74117647 0.85882353
v 0.87410003 0.49118641 -55.44038010 0.65098039 0.74117647 0.85882353
v 0.87852240 0.46362665 -55.40925980 0.65098039 0.74117647 0.85882353
v 0.88011050 0.44900307 -55.41265488 0.65098039 0.74117647 0.85882353
v 0.87757730 0.44824120 -55.42861938 0.65098039 0.74117647 0.85882353
v 0.87598360 0.46168020 -55.42434311 0.65098039 0.74117647 0.85882353
v 0.87217683 0.44542041 -55.44183731 0.65098039 0.74117647 0.85882353
v 0.86265475 0.44301513 -55.45107269 0.65098039 0.74117647 0.85882353
v 0.86299980 0.45786497 -55.44765854 0.65098039 0.74117647 0.85882353
v 0.87026817 0.46042094 -55.43798828 0.65098039 0.74117647 0.85882353
v 0.83864874 0.44154504 -55.35457611 0.65098039 0.74117647 0.85882353
v 0.84283710 0.42949948 -55.35682297 0.65098039 0.74117647 0.85882353
v 0.85486126 0.43208417 -55.36216736 0.65098039 0.74117647 0.85882353
v 0.84957606 0.44403723 -55.36052704 0.65098039 0.74117647 0.85882353
v 0.88358897 0.43701056 -55.41911316 0.65098039 0.74117647 0.85882353
v 0.88109785 0.43847784 -55.43559647 0.65098039 0.74117647 0.85882353
v 0.89379776 0.52516603 -55.44035721 0.65098039 0.74117647 0.85882353
v 0.89427251 0.53097928 -55.42847824 0.65098039 0.74117647 0.85882353
v 0.87545961 0.43556121 -55.44884491 0.65098039 0.74117647 0.85882353
v 0.87049603 0.47511736 -55.43652344 0.65098039 0.74117647 0.85882353
v 0.87617660 0.47704628 -55.42378235 0.65098039 0.74117647 0.85882353
v 0.86049497 0.48870149 -55.46141052 0.65098039 0.74117647 0.85882353
v 0.86863673 0.50240099 -55.47271347 0.65098039 0.74117647 0.85882353
v 0.81826442 0.57852101 -55.33310699 0.65098039 0.74117647 0.85882353
v 0.82440174 0.59129059 -55.34209061 0.65098039 0.74117647 0.85882353
v 0.82554317 0.59491158 -55.34320450 0.65098039 0.74117647 0.85882353
v 0.82219607 0.59533393 -55.34535980 0.65098039 0.74117647 0.85882353
v 0.82054085 0.59252369 -55.34420013 0.65098039 0.74117647 0.85882353
v 0.81401092 0.63336003 -55.34773636 0.65098039 0.74117647 0.85882353
v 0.81037569 0.61758244 -55.34268188 0.65098039 0.74117647 0.85882353
v 0.82389390 0.62168849 -55.34099579 0.65098039 0.74117647 0.85882353
v 0.82743144 0.63309491 -55.34693527 0.65098039 0.74117647 0.85882353
v 0.85030246 0.56137407 -55.32980347 0.65098039 0.74117647 0.85882353
v 0.83995599 0.56903136 -55.32865906 0.65098039 0.74117647 0.85882353
v 0.83551049 0.56100357 -55.32462311 0.65098039 0.74117647 0.85882353
v 0.84235871 0.55215991 -55.32458496 0.65098039 0.74117647 0.85882353
v 0.85103452 0.59579444 -55.34545135 0.65098039 0.74117647 0.85882353
v 0.85254961 0.59785020 -55.34574127 0.65098039 0.74117647 0.85882353
v 0.84956771 0.59827745 -55.34409714 0.65098039 0.74117647 0.85882353
v 0.83849376 0.53903842 -55.32286453 0.65098039 0.74117647 0.85882353
v 0.84683031 0.54199421 -55.32688904 0.65098039 0.74117647 0.85882353
v 0.87923205 0.56050766 -55.36149216 0.65098039 0.74117647 0.85882353
v 0.86492246 0.59482825 -55.35217285 0.65098039 0.74117647 0.85882353
v 0.84741014 0.67983091 -55.42573547 0.65098039 0.74117647 0.85882353
v 0.83655739 0.67700982 -55.39507675 0.65098039 0.74117647 0.85882353
v 0.87119931 0.65793574 -55.48772430 0.65098039 0.74117647 0.85882353
v 0.86001319 0.67316675 -55.45863342 0.65098039 0.74117647 0.85882353
v 0.90044707 0.60082662 -55.50829315 0.65098039 0.74117647 0.85882353
v 0.89824903 0.57497263 -55.51075363 0.65098039 0.74117647 0.85882353
v 0.88419777 0.57791471 -55.52627563 0.65098039 0.74117647 0.85882353
v 0.88272238 0.60579705 -55.52166748 0.65098039 0.74117647 0.85882353
v 0.88046938 0.51328969 -55.48521423 0.65098039 0.74117647 0.85882353
v 0.85410070 0.44085816 -55.45545959 0.65098039 0.74117647 0.85882353
v 0.85447061 0.45690289 -55.45462418 0.65098039 0.74117647 0.85882353
v 0.82729608 0.66417217 -55.37120438 0.65098039 0.74117647 0.85882353
v 0.82019407 0.64921832 -55.35760117 0.65098039 0.74117647 0.85882353
v 0.88421232 0.60175967 -55.37942886 0.65098039 0.74117647 0.85882353
v 0.86516750 0.56972778 -55.34280777 0.65098039 0.74117647 0.85882353
v 0.85999656 0.57832325 -55.34193802 0.65098039 0.74117647 0.85882353
v 0.85609186 0.57584190 -55.33771133 0.65098039 0.74117647 0.85882353
v 0.86067665 0.56468582 -55.33754349 0.65098039 0.74117647 0.85882353
v 0.86982208 0.55885959 -55.34734726 0.65098039 0.74117647 0.85882353
v 0.87430054 0.54761863 -55.35585022 0.65098039 0.74117647 0.85882353
v 0.88019466 0.53596830 -55.36658478 0.65098039 0.74117647 0.85882353
v 0.87952602 0.52390516 -55.37236023 0.65098039 0.74117647 0.85882353
v 0.91463643 0.59865606 -55.44395447 0.65098039 0.74117647 0.85882353
v 0.91407341 0.60696709 -55.46248627 0.65098039 0.74117647 0.85882353
v 0.90869069 0.61804295 -55.48004532 0.65098039 0.74117647 0.85882353
v 0.89626503 0.62611103 -55.49661636 0.65098039 0.74117647 0.85882353
v 0.91334093 0.59038734 -55.43563843 0.65098039 0.74117647 0.85882353
v 0.87801814 0.63449812 -55.50875854 0.65098039 0.74117647 0.85882353
v 0.80456269 0.55438972 -55.31805801 0.65098039 0.74117647 0.85882353
v 0.81275994 0.55287874 -55.32025146 0.65098039 0.74117647 0.85882353
v 0.80311608 0.55849183 -55.32009888 0.65098039 0.74117647 0.85882353
v 0.80308568 0.53009164 -55.31206894 0.65098039 0.74117647 0.85882353
v 0.79837811 0.52997589 -55.31149292 0.65098039 0.74117647 0.85882353
v 0.80003244 0.52365756 -55.31241989 0.65098039 0.74117647 0.85882353
v 0.80541259 0.52406394 -55.31271744 0.65098039 0.74117647 0.85882353
v 0.81898326 0.48349491 -55.32873535 0.65098039 0.74117647 0.85882353
v 0.82898498 0.48699072 -55.33184052 0.65098039 0.74117647 0.85882353
v 0.83431625 0.45342180 -55.35184097 0.65098039 0.74117647 0.85882353
v 0.84479272 0.45633212 -55.35827255 0.65098039 0.74117647 0.85882353
v 0.80185342 0.56823957 -55.31895828 0.65098039 0.74117647 0.85882353
v 0.80015391 0.56852877 -55.31918335 0.65098039 0.74117647 0.85882353
v 0.80062038 0.56687081 -55.32103348 0.65098039 0.74117647 0.85882353
v 0.80274075 0.56682587 -55.32070541 0.65098039 0.74117647 0.85882353
v 0.81760693 0.53705406 -55.31864929 0.65098039 0.74117647 0.85882353
v 0.79943764 0.54716885 -55.31403732 0.65098039 0.74117647 0.85882353
v 0.79622692 0.54705942 -55.31435776 0.65098039 0.74117647 0.85882353
v 0.79683292 0.54313052 -55.31445694 0.65098039 0.74117647 0.85882353
v 0.80013216 0.54313755 -55.31415939 0.65098039 0.74117647 0.85882353
v 0.85054749 0.48734811 -55.35439301 0.65098039 0.74117647 0.85882353
v 0.85278594 0.47449663 -55.36402512 0.65098039 0.74117647 0.85882353
v 0.87881029 0.44903067 -55.39521790 0.65098039 0.74117647 0.85882353
v 0.87710381 0.46407273 -55.39279175 0.65098039 0.74117647 0.85882353
v 0.87868565 0.47945872 -55.40917587 0.65098039 0.74117647 0.85882353
v 0.86470872 0.47442082 -55.44841766 0.65098039 0.74117647 0.85882353
v 0.85778815 0.47166696 -55.45716858 0.65098039 0.74117647 0.85882353
v 0.83575702 0.47262672 -55.46750259 0.65098039 0.74117647 0.85882353
v 0.83891743 0.48853597 -55.47475052 0.65098039 0.74117647 0.85882353
v 0.85097009 0.48727271 -55.46992493 0.65098039 0.74117647 0.85882353
v 0.84625596 0.47204790 -55.46347427 0.65098039 0.74117647 0.85882353
v 0.83548778 0.47927967 -55.34595871 0.65098039 0.74117647 0.85882353
v 0.82504010 0.47602645 -55.34128952 0.65098039 0.74117647 0.85882353
v 0.82991713 0.46638706 -55.34836960 0.65098039 0.74117647 0.85882353
v 0.84010327 0.46936658 -55.35439301 0.65098039 0.74117647 0.85882353
v 0.79627895 0.56543529 -55.31847000 0.65098039 0.74117647 0.85882353
v 0.79440916 0.56485450 -55.31716156 0.65098039 0.74117647 0.85882353
v 0.79570740 0.56192982 -55.31894684 0.65098039 0.74117647 0.85882353
v 0.79775697 0.56386685 -55.31970596 0.65098039 0.74117647 0.85882353
v 0.80407286 0.56440592 -55.32158279 0.65098039 0.74117647 0.85882353
v 0.80173618 0.56340110 -55.32182312 0.65098039 0.74117647 0.85882353
v 0.80217582 0.56145787 -55.32126999 0.65098039 0.74117647 0.85882353
v 0.80309635 0.56830239 -55.31785583 0.65098039 0.74117647 0.85882353
v 0.80433571 0.56625342 -55.31989288 0.65098039 0.74117647 0.85882353
v 0.79709744 0.57016277 -55.31504440 0.65098039 0.74117647 0.85882353
v 0.80034423 0.56959486 -55.31575775 0.65098039 0.74117647 0.85882353
v 0.79567820 0.57143247 -55.31054688 0.65098039 0.74117647 0.85882353
v 0.79824442 0.56608188 -55.31977463 0.65098039 0.74117647 0.85882353
v 0.79927456 0.56448102 -55.32079315 0.65098039 0.74117647 0.85882353
v 0.80289620 0.56542146 -55.32178116 0.65098039 0.74117647 0.85882353
v 0.80117875 0.56508040 -55.32199478 0.65098039 0.74117647 0.85882353
v 0.79806519 0.56955850 -55.31701279 0.65098039 0.74117647 0.85882353
v 0.80020267 0.56910276 -55.31760025 0.65098039 0.74117647 0.85882353
v 0.79928291 0.58988392 -55.32357407 0.65098039 0.74117647 0.85882353
v 0.79282969 0.59145856 -55.32342529 0.65098039 0.74117647 0.85882353
v 0.79061371 0.58654392 -55.31645203 0.65098039 0.74117647 0.85882353
v 0.78855085 0.58039081 -55.30959702 0.65098039 0.74117647 0.85882353
v 0.78875273 0.57188368 -55.30976105 0.65098039 0.74117647 0.85882353
v 0.82167399 0.46369413 -55.34652710 0.65098039 0.74117647 0.85882353
v 0.82589322 0.45138779 -55.34923172 0.65098039 0.74117647 0.85882353
v 0.80426341 0.64844668 -55.36137772 0.65098039 0.74117647 0.85882353
v 0.80084014 0.63174498 -55.35136032 0.65098039 0.74117647 0.85882353
v 0.81880945 0.53540802 -55.31958389 0.65098039 0.74117647 0.85882353
v 0.82526821 0.61292446 -55.34349823 0.65098039 0.74117647 0.85882353
v 0.84858018 0.57579529 -55.33415604 0.65098039 0.74117647 0.85882353
v 0.82631284 0.57878387 -55.33395386 0.65098039 0.74117647 0.85882353
v 0.83212668 0.57475233 -55.33098221 0.65098039 0.74117647 0.85882353
v 0.83363467 0.58158910 -55.33514786 0.65098039 0.74117647 0.85882353
v 0.82785344 0.58440590 -55.33724594 0.65098039 0.74117647 0.85882353
v 0.81618369 0.60986662 -55.34556961 0.65098039 0.74117647 0.85882353
v 0.80543339 0.60715902 -55.34261322 0.65098039 0.74117647 0.85882353
v 0.81113821 0.60412455 -55.34688950 0.65098039 0.74117647 0.85882353
v 0.81017166 0.59753036 -55.34529495 0.65098039 0.74117647 0.85882353
v 0.80462366 0.59885120 -55.33851624 0.65098039 0.74117647 0.85882353
v 0.80966920 0.59142065 -55.33873367 0.65098039 0.74117647 0.85882353
v 0.81321776 0.59242904 -55.34395599 0.65098039 0.74117647 0.85882353
v 0.84723401 0.60069907 -55.34281158 0.65098039 0.74117647 0.85882353
v 0.84995997 0.60163367 -55.34367752 0.65098039 0.74117647 0.85882353
v 0.81520277 0.58641601 -55.33847809 0.65098039 0.74117647 0.85882353
v 0.82066613 0.58244443 -55.33671951 0.65098039 0.74117647 0.85882353
v 0.82263315 0.58673155 -55.33990860 0.65098039 0.74117647 0.85882353
v 0.81775433 0.58912790 -55.34217453 0.65098039 0.74117647 0.85882353
v 0.84038991 0.57840776 -55.33377075 0.65098039 0.74117647 0.85882353
v 0.85808766 0.59665585 -55.34775162 0.65098039 0.74117647 0.85882353
v 0.85352260 0.58649743 -55.34413910 0.65098039 0.74117647 0.85882353
v 0.89743918 0.53745437 -55.41917419 0.65098039 0.74117647 0.85882353
v 0.89128637 0.52816677 -55.41217041 0.65098039 0.74117647 0.85882353
v 0.89056039 0.52424026 -55.38841248 0.65098039 0.74117647 0.85882353
v 0.88696074 0.52169943 -55.38636780 0.65098039 0.74117647 0.85882353
v 0.88296038 0.52315640 -55.39335632 0.65098039 0.74117647 0.85882353
v 0.88985533 0.52536273 -55.39403915 0.65098039 0.74117647 0.85882353
v 0.90758240 0.56942904 -55.41501236 0.65098039 0.74117647 0.85882353
v 0.90866071 0.57562077 -55.42116928 0.65098039 0.74117647 0.85882353
v 0.90689075 0.57840288 -55.41471863 0.65098039 0.74117647 0.85882353
v 0.90633446 0.57062352 -55.41336823 0.65098039 0.74117647 0.85882353
v 0.90426040 0.57552218 -55.40874481 0.65098039 0.74117647 0.85882353
v 0.90382314 0.57956457 -55.40720367 0.65098039 0.74117647 0.85882353
v 0.90204138 0.57203388 -55.40423203 0.65098039 0.74117647 0.85882353
v 0.90351349 0.57090890 -55.40729904 0.65098039 0.74117647 0.85882353
v 0.90589857 0.58996975 -55.40877151 0.65098039 0.74117647 0.85882353
v 0.90029401 0.59078920 -55.39969635 0.65098039 0.74117647 0.85882353
v 0.89984357 0.57860625 -55.39979553 0.65098039 0.74117647 0.85882353
v 0.88781112 0.58250368 -55.37919617 0.65098039 0.74117647 0.85882353
v 0.89117825 0.56905663 -55.38729095 0.65098039 0.74117647 0.85882353
v 0.89534402 0.57529128 -55.39365387 0.65098039 0.74117647 0.85882353
v 0.89359754 0.58808529 -55.39075089 0.65098039 0.74117647 0.85882353
v 0.88670403 0.52722132 -55.38325500 0.65098039 0.74117647 0.85882353
v 0.88586730 0.53602660 -55.38143158 0.65098039 0.74117647 0.85882353
v 0.88552177 0.52361643 -55.40269852 0.65098039 0.74117647 0.85882353
v 0.86230719 0.58451271 -55.53342819 0.65098039 0.74117647 0.85882353
v 0.85974658 0.61329043 -55.52933884 0.65098039 0.74117647 0.85882353
v 0.90821612 0.55284011 -55.46921921 0.65098039 0.74117647 0.85882353
v 0.90438706 0.55165505 -55.48722076 0.65098039 0.74117647 0.85882353
v 0.90877444 0.55285895 -55.45151520 0.65098039 0.74117647 0.85882353
v 0.90715218 0.55348432 -55.43721008 0.65098039 0.74117647 0.85882353
v 0.89681453 0.55264807 -55.50481796 0.65098039 0.74117647 0.85882353
v 0.88468903 0.55094409 -55.51935577 0.65098039 0.74117647 0.85882353
v 0.88597405 0.56677568 -55.37461090 0.65098039 0.74117647 0.85882353
v 0.88931358 0.55805492 -55.38426590 0.65098039 0.74117647 0.85882353
v 0.90117908 0.53532040 -55.46365738 0.65098039 0.74117647 0.85882353
v 0.89694291 0.53331053 -55.48142624 0.65098039 0.74117647 0.85882353
v 0.90203637 0.53801608 -55.44737625 0.65098039 0.74117647 0.85882353
v 0.90203178 0.54207361 -55.43391418 0.65098039 0.74117647 0.85882353
v 0.88963395 0.53235698 -55.49776459 0.65098039 0.74117647 0.85882353
v 0.86721992 0.51207173 -55.49666214 0.65098039 0.74117647 0.85882353
v 0.87473536 0.52828515 -55.50911331 0.65098039 0.74117647 0.85882353
v 0.89342195 0.53517711 -55.39116287 0.65098039 0.74117647 0.85882353
v 0.89021498 0.53477478 -55.38748169 0.65098039 0.74117647 0.85882353
v 0.88994408 0.52829695 -55.38737488 0.65098039 0.74117647 0.85882353
v 0.89374781 0.52986503 -55.38805771 0.65098039 0.74117647 0.85882353
v 0.88376105 0.55244708 -55.37179184 0.65098039 0.74117647 0.85882353
v 0.88768369 0.54703009 -55.38277817 0.65098039 0.74117647 0.85882353
v 0.80160093 0.59434402 -55.33022690 0.65098039 0.74117647 0.85882353
v 0.79665530 0.60156393 -55.33691788 0.65098039 0.74117647 0.85882353
v 0.79476535 0.59654903 -55.32998276 0.65098039 0.74117647 0.85882353
v 0.79807770 0.60825026 -55.34249878 0.65098039 0.74117647 0.85882353
v 0.83687109 0.67683899 -55.46371841 0.65098039 0.74117647 0.85882353
v 0.82585841 0.68285692 -55.43244934 0.65098039 0.74117647 0.85882353
v 0.85510474 0.64055467 -55.51538849 0.65098039 0.74117647 0.85882353
v 0.84781849 0.66251338 -55.49245834 0.65098039 0.74117647 0.85882353
v 0.79759175 0.51529014 -55.31003952 0.65098039 0.74117647 0.85882353
v 0.79928970 0.50263655 -55.30628586 0.65098039 0.74117647 0.85882353
v 0.79907566 0.55486917 -55.31715775 0.65098039 0.74117647 0.85882353
v 0.79597461 0.55426276 -55.31731033 0.65098039 0.74117647 0.85882353
v 0.79609889 0.55060375 -55.31554794 0.65098039 0.74117647 0.85882353
v 0.79928887 0.55102086 -55.31532288 0.65098039 0.74117647 0.85882353
v 0.82046509 0.60565424 -55.34744263 0.65098039 0.74117647 0.85882353
v 0.85757053 0.50146449 -55.48176575 0.65098039 0.74117647 0.85882353
v 0.84341693 0.45632389 -55.45932770 0.65098039 0.74117647 0.85882353
v 0.84317499 0.43990263 -55.45862961 0.65098039 0.74117647 0.85882353
v 0.86554062 0.43151096 -55.45753479 0.65098039 0.74117647 0.85882353
v 0.85423946 0.42780992 -55.46195221 0.65098039 0.74117647 0.85882353
v 0.79573560 0.55798197 -55.31868362 0.65098039 0.74117647 0.85882353
v 0.79863888 0.55842626 -55.31899261 0.65098039 0.74117647 0.85882353
v 0.79769474 0.56849611 -55.31845856 0.65098039 0.74117647 0.85882353
v 0.80491132 0.54248178 -55.31483841 0.65098039 0.74117647 0.85882353
v 0.79865879 0.56127012 -55.32004929 0.65098039 0.74117647 0.85882353
v 0.79948884 0.56323636 -55.32069016 0.65098039 0.74117647 0.85882353
v 0.79357672 0.56128812 -55.31879044 0.65098039 0.74117647 0.85882353
v 0.79417604 0.55756974 -55.31900024 0.65098039 0.74117647 0.85882353
v 0.82900631 0.58988249 -55.33999634 0.65098039 0.74117647 0.85882353
v 0.82942456 0.59444273 -55.34155655 0.65098039 0.74117647 0.85882353
v 0.79409266 0.56745791 -55.31400681 0.65098039 0.74117647 0.85882353
v 0.79567361 0.56789815 -55.31650543 0.65098039 0.74117647 0.85882353
v 0.79063332 0.56670487 -55.31432724 0.65098039 0.74117647 0.85882353
v 0.86715412 0.43417910 -55.37220001 0.65098039 0.74117647 0.85882353
v 0.87667304 0.43644646 -55.38617325 0.65098039 0.74117647 0.85882353
v 0.79412651 0.54686594 -55.31478882 0.65098039 0.74117647 0.85882353
v 0.79456913 0.54285479 -55.31486893 0.65098039 0.74117647 0.85882353
v 0.81487250 0.67848790 -55.40144730 0.65098039 0.74117647 0.85882353
v 0.84898227 0.51022661 -55.50017548 0.65098039 0.74117647 0.85882353
v 0.85626012 0.52669048 -55.51342773 0.65098039 0.74117647 0.85882353
v 0.89392561 0.56026673 -55.39279938 0.65098039 0.74117647 0.85882353
v 0.89733016 0.55484855 -55.39565277 0.65098039 0.74117647 0.85882353
v 0.89955056 0.56075025 -55.39923859 0.65098039 0.74117647 0.85882353
v 0.89684427 0.56638730 -55.39605331 0.65098039 0.74117647 0.85882353
v 0.82960248 0.43958500 -55.35153198 0.65098039 0.74117647 0.85882353
v 0.88276851 0.43672696 -55.40217209 0.65098039 0.74117647 0.85882353
v 0.84263879 0.42534909 -55.46378326 0.65098039 0.74117647 0.85882353
v 0.85085279 0.59397566 -55.34540558 0.65098039 0.74117647 0.85882353
v 0.84922123 0.59287620 -55.34451294 0.65098039 0.74117647 0.85882353
v 0.82325220 0.60290813 -55.34668732 0.65098039 0.74117647 0.85882353
v 0.85885376 0.55153954 -55.52976227 0.65098039 0.74117647 0.85882353
v 0.80676013 0.53454590 -55.31420135 0.65098039 0.74117647 0.85882353
v 0.80560321 0.53817141 -55.31610870 0.65098039 0.74117647 0.85882353
v 0.83318913 0.45691553 -55.46266174 0.65098039 0.74117647 0.85882353
v 0.81616598 0.47348997 -55.33975983 0.65098039 0.74117647 0.85882353
v 0.79273802 0.56433153 -55.31670380 0.65098039 0.74117647 0.85882353
v 0.84336638 0.50021613 -55.48552704 0.65098039 0.74117647 0.85882353
v 0.90486264 0.56435311 -55.40694809 0.65098039 0.74117647 0.85882353
v 0.90538353 0.56348193 -55.40327454 0.65098039 0.74117647 0.85882353
v 0.90469635 0.56032884 -55.40257645 0.65098039 0.74117647 0.85882353
v 0.90387988 0.56050372 -55.40417862 0.65098039 0.74117647 0.85882353
v 0.90453464 0.56775796 -55.40029907 0.65098039 0.74117647 0.85882353
v 0.90620184 0.56397021 -55.40061951 0.65098039 0.74117647 0.85882353
v 0.90799141 0.56636727 -55.40179062 0.65098039 0.74117647 0.85882353
v 0.90662438 0.57012212 -55.40243149 0.65098039 0.74117647 0.85882353
v 0.89995205 0.57014430 -55.40000534 0.65098039 0.74117647 0.85882353
v 0.90238965 0.56432474 -55.39887619 0.65098039 0.74117647 0.85882353
v 0.90972203 0.56774771 -55.40356064 0.65098039 0.74117647 0.85882353
v 0.90929699 0.57054698 -55.40348053 0.65098039 0.74117647 0.85882353
v 0.90733218 0.57172048 -55.40602112 0.65098039 0.74117647 0.85882353
v 0.90530765 0.57098591 -55.41049576 0.65098039 0.74117647 0.85882353
v 0.91232455 0.57069337 -55.40598297 0.65098039 0.74117647 0.85882353
v 0.91006333 0.57192135 -55.40940475 0.65098039 0.74117647 0.85882353
v 0.91652876 0.56938338 -55.40885925 0.65098039 0.74117647 0.85882353
v 0.91308999 0.57068789 -55.41287994 0.65098039 0.74117647 0.85882353
v 0.91946340 0.56526005 -55.41197968 0.65098039 0.74117647 0.85882353
v 0.91498482 0.56607711 -55.41606522 0.65098039 0.74117647 0.85882353
v 0.89158458 0.54227400 -55.38866425 0.65098039 0.74117647 0.85882353
v 0.89483094 0.54066157 -55.39422989 0.65098039 0.74117647 0.85882353
v 0.92032754 0.55933487 -55.41272354 0.65098039 0.74117647 0.85882353
v 0.91491020 0.55936956 -55.41630936 0.65098039 0.74117647 0.85882353
v 0.91982162 0.55249023 -55.41241455 0.65098039 0.74117647 0.85882353
v 0.91482764 0.55255604 -55.41513443 0.65098039 0.74117647 0.85882353
v 0.91751069 0.54625094 -55.41094208 0.65098039 0.74117647 0.85882353
v 0.91384339 0.54615009 -55.41365814 0.65098039 0.74117647 0.85882353
v 0.91520804 0.54010022 -55.40854645 0.65098039 0.74117647 0.85882353
v 0.91137564 0.53870130 -55.41085052 0.65098039 0.74117647 0.85882353
v 0.91149133 0.53433383 -55.40481949 0.65098039 0.74117647 0.85882353
v 0.90720958 0.53099227 -55.40699387 0.65098039 0.74117647 0.85882353
v 0.91385144 0.56715810 -55.41058731 0.65098039 0.74117647 0.85882353
v 0.91574627 0.56340015 -55.41249847 0.65098039 0.74117647 0.85882353
v 0.90576756 0.56557477 -55.41624451 0.65098039 0.74117647 0.85882353
v 0.91124302 0.56880772 -55.40710831 0.65098039 0.74117647 0.85882353
v 0.90503132 0.55408728 -55.40735245 0.65098039 0.74117647 0.85882353
v 0.90366834 0.55647206 -55.40976715 0.65098039 0.74117647 0.85882353
v 0.90387732 0.55507839 -55.40877533 0.65098039 0.74117647 0.85882353
v 0.90377492 0.55320787 -55.41066742 0.65098039 0.74117647 0.85882353
v 0.89605671 0.54764414 -55.39424896 0.65098039 0.74117647 0.85882353
v 0.89882052 0.54659975 -55.39698792 0.65098039 0.74117647 0.85882353
v 0.89945006 0.55188286 -55.39786530 0.65098039 0.74117647 0.85882353
v 0.89711374 0.54263115 -55.39700317 0.65098039 0.74117647 0.85882353
v 0.89689988 0.54375827 -55.39859772 0.65098039 0.74117647 0.85882353
v 0.89683461 0.54719114 -55.39925766 0.65098039 0.74117647 0.85882353
v 0.89676392 0.55156338 -55.40066147 0.65098039 0.74117647 0.85882353
v 0.89752913 0.54220748 -55.40007019 0.65098039 0.74117647 0.85882353
v 0.89831704 0.54025137 -55.39847946 0.65098039 0.74117647 0.85882353
v 0.89697784 0.54316747 -55.40080643 0.65098039 0.74117647 0.85882353
v 0.89647597 0.54424238 -55.40016556 0.65098039 0.74117647 0.85882353
v 0.89600557 0.54623699 -55.40174866 0.65098039 0.74117647 0.85882353
v 0.89754438 0.54879093 -55.40442276 0.65098039 0.74117647 0.85882353
v 0.89214104 0.55169082 -55.39041138 0.65098039 0.74117647 0.85882353
v 0.89996231 0.54219127 -55.41189194 0.65098039 0.74117647 0.85882353
v 0.89559484 0.53464067 -55.40781403 0.65098039 0.74117647 0.85882353
v 0.90628016 0.53109038 -55.40010452 0.65098039 0.74117647 0.85882353
v 0.90300351 0.52510345 -55.40031052 0.65098039 0.74117647 0.85882353
v 0.89712018 0.52591515 -55.38840103 0.65098039 0.74117647 0.85882353
v 0.90021157 0.52256703 -55.39311600 0.65098039 0.74117647 0.85882353
v 0.90528679 0.56018472 -55.41727066 0.65098039 0.74117647 0.85882353
v 0.90508330 0.55431390 -55.41678238 0.65098039 0.74117647 0.85882353
v 0.89205438 0.52934372 -55.40082550 0.65098039 0.74117647 0.85882353
v 0.90423912 0.54797590 -55.41547012 0.65098039 0.74117647 0.85882353
v 0.90954834 0.53836703 -55.40550232 0.65098039 0.74117647 0.85882353
v 0.90547740 0.53611672 -55.40240097 0.65098039 0.74117647 0.85882353
v 0.91298282 0.54224133 -55.40828705 0.65098039 0.74117647 0.85882353
v 0.89812821 0.53762138 -55.39614105 0.65098039 0.74117647 0.85882353
v 0.89795876 0.53256869 -55.39249802 0.65098039 0.74117647 0.85882353
v 0.90217823 0.53071630 -55.39562988 0.65098039 0.74117647 0.85882353
v 0.90145296 0.53613579 -55.39927292 0.65098039 0.74117647 0.85882353
v 0.90833771 0.54175603 -55.40449524 0.65098039 0.74117647 0.85882353
v 0.90415174 0.54023111 -55.40310287 0.65098039 0.74117647 0.85882353
v 0.90585071 0.54446340 -55.40605164 0.65098039 0.74117647 0.85882353
v 0.90208369 0.54326570 -55.40497589 0.65098039 0.74117647 0.85882353
v 0.89950424 0.54203427 -55.40221786 0.65098039 0.74117647 0.85882353
v 0.90045816 0.53968263 -55.40111542 0.65098039 0.74117647 0.85882353
v 0.89906383 0.54531443 -55.40725327 0.65098039 0.74117647 0.85882353
v 0.90297943 0.54758728 -55.40829086 0.65098039 0.74117647 0.85882353
v 0.89767301 0.54362082 -55.40317154 0.65098039 0.74117647 0.85882353
v 0.90841204 0.54684258 -55.40636063 0.65098039 0.74117647 0.85882353
v 0.91084152 0.55021799 -55.40721893 0.65098039 0.74117647 0.85882353
v 0.90848917 0.55305135 -55.40605164 0.65098039 0.74117647 0.85882353
v 0.90592515 0.55009699 -55.40740585 0.65098039 0.74117647 0.85882353
v 0.91474599 0.54739869 -55.41070938 0.65098039 0.74117647 0.85882353
v 0.91359538 0.54849541 -55.40837479 0.65098039 0.74117647 0.85882353
v 0.91106409 0.54448664 -55.40662003 0.65098039 0.74117647 0.85882353
v 0.91525871 0.55321336 -55.40993500 0.65098039 0.74117647 0.85882353
v 0.91574764 0.55317891 -55.41254044 0.65098039 0.74117647 0.85882353
v 0.91282445 0.55373883 -55.40867615 0.65098039 0.74117647 0.85882353
v 0.91087461 0.55512917 -55.40758514 0.65098039 0.74117647 0.85882353
v 0.91463876 0.56195474 -55.41009903 0.65098039 0.74117647 0.85882353
v 0.91538173 0.55796754 -55.41053009 0.65098039 0.74117647 0.85882353
v 0.91668558 0.55889153 -55.41287613 0.65098039 0.74117647 0.85882353
v 0.91354132 0.55728495 -55.40868759 0.65098039 0.74117647 0.85882353
v 0.91275531 0.56030285 -55.40861130 0.65098039 0.74117647 0.85882353
v 0.91080689 0.55907953 -55.40806580 0.65098039 0.74117647 0.85882353
v 0.91179383 0.55726123 -55.40839386 0.65098039 0.74117647 0.85882353
v 0.90849912 0.56720543 -55.40520859 0.65098039 0.74117647 0.85882353
v 0.90672415 0.56607652 -55.40383911 0.65098039 0.74117647 0.85882353
v 0.91048115 0.56661320 -55.40700531 0.65098039 0.74117647 0.85882353
v 0.90838712 0.56774366 -55.40774155 0.65098039 0.74117647 0.85882353
v 0.90911108 0.56473422 -55.40714264 0.65098039 0.74117647 0.85882353
v 0.90686345 0.56692076 -55.40773010 0.65098039 0.74117647 0.85882353
v 0.90767926 0.56309843 -55.40660095 0.65098039 0.74117647 0.85882353
v 0.90557545 0.56032288 -55.40606308 0.65098039 0.74117647 0.85882353
v 0.85235149 0.40390435 -55.36001968 0.65098039 0.74117647 0.85882353
v 0.84801376 0.41653672 -55.35845947 0.65098039 0.74117647 0.85882353
v 0.83799362 0.41284391 -55.35646439 0.65098039 0.74117647 0.85882353
v 0.84156036 0.40021864 -55.35888672 0.65098039 0.74117647 0.85882353
v 0.90932721 0.56103766 -55.40712357 0.65098039 0.74117647 0.85882353
v 0.91106176 0.56273842 -55.40805054 0.65098039 0.74117647 0.85882353
v 0.91249543 0.56495023 -55.40936279 0.65098039 0.74117647 0.85882353
v 0.90665704 0.55676317 -55.40666962 0.65098039 0.74117647 0.85882353
v 0.90824503 0.55579734 -55.40642929 0.65098039 0.74117647 0.85882353
v 0.90937728 0.55723596 -55.40706253 0.65098039 0.74117647 0.85882353
v 0.90764099 0.55870235 -55.40660477 0.65098039 0.74117647 0.85882353
v 0.90021086 0.55512583 -55.39940643 0.65098039 0.74117647 0.85882353
v 0.89976674 0.55290747 -55.40240860 0.65098039 0.74117647 0.85882353
v 0.90097034 0.55007136 -55.40559006 0.65098039 0.74117647 0.85882353
v 0.88517749 0.39193848 -55.38407898 0.65098039 0.74117647 0.85882353
v 0.89708245 0.40028408 -55.39948654 0.65098039 0.74117647 0.85882353
v 0.89235002 0.40776631 -55.39934540 0.65098039 0.74117647 0.85882353
v 0.88044399 0.40139768 -55.38454819 0.65098039 0.74117647 0.85882353
v 0.89423925 0.37536815 -55.36537170 0.65098039 0.74117647 0.85882353
v 0.89777565 0.35884532 -55.35417557 0.65098039 0.74117647 0.85882353
v 0.91263431 0.36824700 -55.36489868 0.65098039 0.74117647 0.85882353
v 0.91186100 0.38599685 -55.38639450 0.65098039 0.74117647 0.85882353
v 0.91455668 0.34982309 -55.35039139 0.65098039 0.74117647 0.85882353
v 0.90016592 0.34134564 -55.34337997 0.65098039 0.74117647 0.85882353
v 0.91862351 0.29706797 -55.31365204 0.65098039 0.74117647 0.85882353
v 0.91739929 0.31447735 -55.32535934 0.65098039 0.74117647 0.85882353
v 0.90275466 0.30935547 -55.32029343 0.65098039 0.74117647 0.85882353
v 0.90344423 0.29272553 -55.30875397 0.65098039 0.74117647 0.85882353
v 0.94774407 0.20605496 -55.28616333 0.65098039 0.74117647 0.85882353
v 0.93641973 0.20631632 -55.28155899 0.65098039 0.74117647 0.85882353
v 0.93011749 0.18812111 -55.28493500 0.65098039 0.74117647 0.85882353
v 0.94246173 0.18499351 -55.29142380 0.65098039 0.74117647 0.85882353
v 0.96778286 0.34765109 -55.35867691 0.65098039 0.74117647 0.85882353
v 0.97627288 0.34171149 -55.36024475 0.65098039 0.74117647 0.85882353
v 0.97501731 0.36547175 -55.36616135 0.65098039 0.74117647 0.85882353
v 0.96619725 0.36919442 -55.36584473 0.65098039 0.74117647 0.85882353
v 0.91540354 0.41002241 -55.44337082 0.65098039 0.74117647 0.85882353
v 0.91107321 0.41282639 -55.44286346 0.65098039 0.74117647 0.85882353
v 0.90984166 0.40232667 -55.41934967 0.65098039 0.74117647 0.85882353
v 0.91494685 0.40054813 -55.41737366 0.65098039 0.74117647 0.85882353
v 0.98629600 0.23593077 -55.33322525 0.65098039 0.74117647 0.85882353
v 0.98062247 0.24657062 -55.32439041 0.65098039 0.74117647 0.85882353
v 0.97901177 0.23032168 -55.31692505 0.65098039 0.74117647 0.85882353
v 0.98346764 0.21883562 -55.32471085 0.65098039 0.74117647 0.85882353
v 0.96201128 0.12306625 -55.34149933 0.65098039 0.74117647 0.85882353
v 0.94836944 0.11926493 -55.32713318 0.65098039 0.74117647 0.85882353
v 0.94747579 0.09626213 -55.33002472 0.65098039 0.74117647 0.85882353
v 0.96124524 0.10040429 -55.34579849 0.65098039 0.74117647 0.85882353
v 0.99371743 0.16056004 -55.39841080 0.65098039 0.74117647 0.85882353
v 0.99034309 0.14022574 -55.40224075 0.65098039 0.74117647 0.85882353
v 0.98864377 0.14551646 -55.42634583 0.65098039 0.74117647 0.85882353
v 0.99203742 0.16378409 -55.42290497 0.65098039 0.74117647 0.85882353
v 0.94384742 0.30362526 -55.32519913 0.65098039 0.74117647 0.85882353
v 0.94256604 0.32273212 -55.33743286 0.65098039 0.74117647 0.85882353
v 0.93079901 0.31876490 -55.33133316 0.65098039 0.74117647 0.85882353
v 0.93211782 0.30070242 -55.31923676 0.65098039 0.74117647 0.85882353
v 1.08054173 0.50774729 -55.37176132 0.65098039 0.74117647 0.85882353
v 1.06193829 0.48854306 -55.37791061 0.65098039 0.74117647 0.85882353
v 1.06820297 0.47800115 -55.36718750 0.65098039 0.74117647 0.85882353
v 1.08735919 0.49765709 -55.36092758 0.65098039 0.74117647 0.85882353
v 0.98464245 0.03921366 -55.41442871 0.65098039 0.74117647 0.85882353
v 0.98625839 0.02201918 -55.41494751 0.65098039 0.74117647 0.85882353
v 0.98709345 0.03077042 -55.43950653 0.65098039 0.74117647 0.85882353
v 0.98472285 0.04802591 -55.43716431 0.65098039 0.74117647 0.85882353
v 0.98292780 0.43922678 -55.40743637 0.65098039 0.74117647 0.85882353
v 0.98548299 0.44781026 -55.43045425 0.65098039 0.74117647 0.85882353
v 0.97681409 0.44340780 -55.43158340 0.65098039 0.74117647 0.85882353
v 0.97375321 0.43533936 -55.40730286 0.65098039 0.74117647 0.85882353
v 0.97629285 0.30341867 -55.34861374 0.65098039 0.74117647 0.85882353
v 0.97618735 0.32108906 -55.35476303 0.65098039 0.74117647 0.85882353
v 0.96849203 0.32814154 -55.35107422 0.65098039 0.74117647 0.85882353
v 0.96904927 0.30872908 -55.34308624 0.65098039 0.74117647 0.85882353
v 0.99987334 0.20070747 -55.42280579 0.65098039 0.74117647 0.85882353
v 1.00186956 0.22156635 -55.42332840 0.65098039 0.74117647 0.85882353
v 1.00153148 0.22165999 -55.40526199 0.65098039 0.74117647 0.85882353
v 1.00088048 0.19992498 -55.40221786 0.65098039 0.74117647 0.85882353
v 0.99843192 0.18004927 -55.39960480 0.65098039 0.74117647 0.85882353
v 0.99672824 0.18161821 -55.42240524 0.65098039 0.74117647 0.85882353
v 0.96218073 0.30768844 -55.33728790 0.65098039 0.74117647 0.85882353
v 0.96043676 0.33034137 -55.34745407 0.65098039 0.74117647 0.85882353
v 0.95248032 0.32640901 -55.34270477 0.65098039 0.74117647 0.85882353
v 0.95379347 0.30585876 -55.33134460 0.65098039 0.74117647 0.85882353
v 0.92209911 0.17190760 -55.29177094 0.65098039 0.74117647 0.85882353
v 0.93682969 0.16845489 -55.29988098 0.65098039 0.74117647 0.85882353
v 0.97935355 0.01240909 -55.39093018 0.65098039 0.74117647 0.85882353
v 0.97845918 0.02995148 -55.39120102 0.65098039 0.74117647 0.85882353
v 0.96663904 0.02098924 -55.37105942 0.65098039 0.74117647 0.85882353
v 0.96656322 0.00352073 -55.37049484 0.65098039 0.74117647 0.85882353
v 0.93298280 0.13845342 -55.31430435 0.65098039 0.74117647 0.85882353
v 0.94758922 0.14058915 -55.32456207 0.65098039 0.74117647 0.85882353
v 0.94769734 0.15599459 -55.31670380 0.65098039 0.74117647 0.85882353
v 0.93327951 0.15505111 -55.30831909 0.65098039 0.74117647 0.85882353
v 0.94994366 -0.00356558 -55.35290909 0.65098039 0.74117647 0.85882353
v 0.95123589 0.01359698 -55.35405350 0.65098039 0.74117647 0.85882353
v 0.93446910 0.00826666 -55.33897018 0.65098039 0.74117647 0.85882353
v 0.93318903 -0.01056054 -55.33784866 0.65098039 0.74117647 0.85882353
v 0.91623855 0.33161280 -55.33772278 0.65098039 0.74117647 0.85882353
v 0.90176702 0.32518014 -55.33187103 0.65098039 0.74117647 0.85882353
v 0.96587086 0.21001437 -55.29927826 0.65098039 0.74117647 0.85882353
v 0.95784664 0.20719114 -55.29219818 0.65098039 0.74117647 0.85882353
v 0.95373058 0.18569413 -55.29775620 0.65098039 0.74117647 0.85882353
v 0.96325165 0.18909475 -55.30453873 0.65098039 0.74117647 0.85882353
v 0.98883098 0.31249598 -55.37460327 0.65098039 0.74117647 0.85882353
v 0.99341726 0.33272532 -55.37844086 0.65098039 0.74117647 0.85882353
v 0.98664260 0.35606125 -55.36935806 0.65098039 0.74117647 0.85882353
v 0.98414004 0.32983598 -55.36484909 0.65098039 0.74117647 0.85882353
v 0.99123579 0.01408973 -55.44066620 0.65098039 0.74117647 0.85882353
v 0.98953152 0.00526896 -55.41462326 0.65098039 0.74117647 0.85882353
v 0.95002884 -0.02060688 -55.35326767 0.65098039 0.74117647 0.85882353
v 0.93249613 -0.02801189 -55.33863831 0.65098039 0.74117647 0.85882353
v 1.03033936 0.33272132 -55.41543961 0.65098039 0.74117647 0.85882353
v 1.02489460 0.33728090 -55.40761185 0.65098039 0.74117647 0.85882353
v 1.01870811 0.32194892 -55.41004181 0.65098039 0.74117647 0.85882353
v 1.02416587 0.31929055 -55.41800690 0.65098039 0.74117647 0.85882353
v 0.89953041 0.20646277 -55.27733612 0.65098039 0.74117647 0.85882353
v 0.90842509 0.18430993 -55.28313065 0.65098039 0.74117647 0.85882353
v 0.91970408 0.19949844 -55.27916336 0.65098039 0.74117647 0.85882353
v 0.91269016 0.21829215 -55.27715302 0.65098039 0.74117647 0.85882353
v 0.96078718 0.17248479 -55.31478882 0.65098039 0.74117647 0.85882353
v 0.94969499 0.16929302 -55.30747223 0.65098039 0.74117647 0.85882353
v 0.96062016 0.15984720 -55.32519913 0.65098039 0.74117647 0.85882353
v 0.88503867 0.19370195 -55.28133011 0.65098039 0.74117647 0.85882353
v 0.89520127 0.16684976 -55.29129028 0.65098039 0.74117647 0.85882353
v 0.88592166 0.31919304 -55.32639313 0.65098039 0.74117647 0.85882353
v 0.88679790 0.30398366 -55.31566238 0.65098039 0.74117647 0.85882353
v 0.88512480 0.33468702 -55.33665085 0.65098039 0.74117647 0.85882353
v 0.88223881 0.35037056 -55.34508896 0.65098039 0.74117647 0.85882353
v 0.86723655 0.34433159 -55.33922958 0.65098039 0.74117647 0.85882353
v 0.86901063 0.32862106 -55.33105469 0.65098039 0.74117647 0.85882353
v 0.87883288 0.36622420 -55.35297394 0.65098039 0.74117647 0.85882353
v 0.86419529 0.35925272 -55.34576416 0.65098039 0.74117647 0.85882353
v 0.87112939 0.38530657 -55.37082291 0.65098039 0.74117647 0.85882353
v 0.86729431 0.39556506 -55.37260056 0.65098039 0.74117647 0.85882353
v 0.98264259 0.30981877 -55.36073685 0.65098039 0.74117647 0.85882353
v 0.98270243 0.29281905 -55.35556030 0.65098039 0.74117647 0.85882353
v 0.96731740 -0.01307097 -55.37023163 0.65098039 0.74117647 0.85882353
v 0.94337660 0.34058490 -55.51614380 0.65098039 0.74117647 0.85882353
v 0.95849204 0.34919074 -55.50810623 0.65098039 0.74117647 0.85882353
v 0.95965338 0.33378497 -55.50867081 0.65098039 0.74117647 0.85882353
v 0.94475710 0.32547024 -55.51734543 0.65098039 0.74117647 0.85882353
v 0.92099136 0.40259615 -55.41887283 0.65098039 0.74117647 0.85882353
v 0.91972733 0.41093567 -55.44470978 0.65098039 0.74117647 0.85882353
v 1.02080381 0.31857041 -55.45814896 0.65098039 0.74117647 0.85882353
v 1.02100790 0.31209555 -55.45372772 0.65098039 0.74117647 0.85882353
v 1.00999284 0.30108288 -55.46194839 0.65098039 0.74117647 0.85882353
v 1.00929689 0.30928728 -55.46585083 0.65098039 0.74117647 0.85882353
v 1.03953063 0.33082458 -55.42999649 0.65098039 0.74117647 0.85882353
v 1.04223359 0.33390060 -55.43545532 0.65098039 0.74117647 0.85882353
v 1.05530524 0.34919408 -55.43022537 0.65098039 0.74117647 0.85882353
v 1.05298305 0.34690413 -55.42522049 0.65098039 0.74117647 0.85882353
v 0.98135078 0.03869209 -55.46161270 0.65098039 0.74117647 0.85882353
v 0.97807449 0.05639043 -55.45922089 0.65098039 0.74117647 0.85882353
v 0.96561825 0.18386266 -55.47956085 0.65098039 0.74117647 0.85882353
v 0.97378099 0.20110556 -55.47629166 0.65098039 0.74117647 0.85882353
v 0.98436826 0.19334522 -55.46070099 0.65098039 0.74117647 0.85882353
v 0.97748905 0.17545542 -55.46320343 0.65098039 0.74117647 0.85882353
v 0.84208047 0.30207595 -55.51135635 0.65098039 0.74117647 0.85882353
v 0.86305672 0.30697110 -55.51665878 0.65098039 0.74117647 0.85882353
v 0.86386275 0.29398271 -55.51779938 0.65098039 0.74117647 0.85882353
v 0.84289503 0.28904143 -55.51237488 0.65098039 0.74117647 0.85882353
v 0.90584493 0.33635506 -55.52297211 0.65098039 0.74117647 0.85882353
v 0.88366503 0.32704034 -55.52071762 0.65098039 0.74117647 0.85882353
v 0.88223910 0.33924165 -55.51816940 0.65098039 0.74117647 0.85882353
v 0.90444565 0.34989068 -55.51947021 0.65098039 0.74117647 0.85882353
v 0.92593133 0.33114794 -55.52204895 0.65098039 0.74117647 0.85882353
v 0.92691040 0.31619123 -55.52325821 0.65098039 0.74117647 0.85882353
v 0.99558342 0.20505247 -55.44110870 0.65098039 0.74117647 0.85882353
v 0.99936843 0.22418335 -55.44005585 0.65098039 0.74117647 0.85882353
v 1.00653338 0.25736079 -55.43929291 0.65098039 0.74117647 0.85882353
v 1.00988996 0.27162269 -55.43766403 0.65098039 0.74117647 0.85882353
v 1.00824594 0.27154592 -55.42541122 0.65098039 0.74117647 0.85882353
v 1.00545394 0.25694594 -55.42554092 0.65098039 0.74117647 0.85882353
v 0.90528452 0.41744223 -55.44181824 0.65098039 0.74117647 0.85882353
v 0.90966284 0.41837958 -55.46579742 0.65098039 0.74117647 0.85882353
v 0.90231037 0.42109397 -55.46454239 0.65098039 0.74117647 0.85882353
v 0.87308657 0.38586822 -55.49711227 0.65098039 0.74117647 0.85882353
v 0.88244003 0.39258459 -55.49436188 0.65098039 0.74117647 0.85882353
v 0.88649762 0.38658991 -55.49921036 0.65098039 0.74117647 0.85882353
v 0.87402564 0.37917092 -55.50131607 0.65098039 0.74117647 0.85882353
v 0.87064552 0.23507687 -55.51965332 0.65098039 0.74117647 0.85882353
v 0.87535584 0.21740696 -55.51615906 0.65098039 0.74117647 0.85882353
v 0.85046935 0.21425858 -55.51394653 0.65098039 0.74117647 0.85882353
v 0.84755516 0.23186967 -55.51668930 0.65098039 0.74117647 0.85882353
v 1.01420999 0.28702161 -55.44380188 0.65098039 0.74117647 0.85882353
v 1.01345372 0.29003277 -55.45117569 0.65098039 0.74117647 0.85882353
v 1.02124393 0.30338392 -55.44403458 0.65098039 0.74117647 0.85882353
v 1.02127922 0.30104908 -55.43753815 0.65098039 0.74117647 0.85882353
v 1.00796771 0.27717331 -55.45679855 0.65098039 0.74117647 0.85882353
v 1.00949085 0.27356878 -55.44786835 0.65098039 0.74117647 0.85882353
v 1.00560009 0.25972977 -55.45103836 0.65098039 0.74117647 0.85882353
v 1.00299227 0.26382408 -55.46138382 0.65098039 0.74117647 0.85882353
v 0.98190188 0.21744689 -55.47248459 0.65098039 0.74117647 0.85882353
v 0.99185902 0.23574117 -55.46864319 0.65098039 0.74117647 0.85882353
v 0.99631208 0.23014757 -55.45472717 0.65098039 0.74117647 0.85882353
v 0.99008280 0.21078703 -55.45744705 0.65098039 0.74117647 0.85882353
v 0.85656780 0.15478751 -55.50668716 0.65098039 0.74117647 0.85882353
v 0.85450941 0.17500678 -55.51020813 0.65098039 0.74117647 0.85882353
v 0.87635672 0.17602894 -55.51244354 0.65098039 0.74117647 0.85882353
v 0.87666404 0.15464714 -55.51060867 0.65098039 0.74117647 0.85882353
v 1.02434909 0.36214712 -55.39715195 0.65098039 0.74117647 0.85882353
v 1.03564167 0.37757042 -55.39332962 0.65098039 0.74117647 0.85882353
v 1.02595592 0.38655993 -55.38860703 0.65098039 0.74117647 0.85882353
v 1.01689899 0.37333098 -55.39134598 0.65098039 0.74117647 0.85882353
v 1.06192315 0.36757174 -55.44288635 0.65098039 0.74117647 0.85882353
v 1.05970132 0.37182334 -55.44770432 0.65098039 0.74117647 0.85882353
v 1.06791341 0.38275769 -55.44577026 0.65098039 0.74117647 0.85882353
v 1.07028317 0.37859949 -55.44161224 0.65098039 0.74117647 0.85882353
v 1.06115258 0.38813028 -55.38917542 0.65098039 0.74117647 0.85882353
v 1.08004236 0.40478459 -55.37863541 0.65098039 0.74117647 0.85882353
v 1.06702018 0.41107658 -55.37611008 0.65098039 0.74117647 0.85882353
v 1.04990518 0.39367297 -55.38605118 0.65098039 0.74117647 0.85882353
v 0.92765552 0.41231647 -55.47277832 0.65098039 0.74117647 0.85882353
v 0.92163402 0.41382399 -55.47051239 0.65098039 0.74117647 0.85882353
v 0.92454499 0.41241637 -55.44626999 0.65098039 0.74117647 0.85882353
v 1.05964422 0.36292079 -55.40647125 0.65098039 0.74117647 0.85882353
v 1.06500530 0.36162016 -55.41245270 0.65098039 0.74117647 0.85882353
v 1.08367610 0.37692115 -55.40521622 0.65098039 0.74117647 0.85882353
v 1.07802522 0.37918511 -55.39797592 0.65098039 0.74117647 0.85882353
v 1.07987225 0.51529026 -55.38692474 0.65098039 0.74117647 0.85882353
v 1.06166077 0.49677041 -55.39333344 0.65098039 0.74117647 0.85882353
v 1.10900187 0.41783896 -55.37393951 0.65098039 0.74117647 0.85882353
v 1.09003270 0.39973190 -55.38230133 0.65098039 0.74117647 0.85882353
v 1.09844398 0.39557967 -55.38908386 0.65098039 0.74117647 0.85882353
v 1.11820221 0.41465947 -55.38245010 0.65098039 0.74117647 0.85882353
v 0.97147399 0.15785891 -55.46621704 0.65098039 0.74117647 0.85882353
v 0.95816529 0.16616097 -55.48201752 0.65098039 0.74117647 0.85882353
v 0.95580697 0.05065551 -55.49721527 0.65098039 0.74117647 0.85882353
v 0.95185411 0.07045835 -55.49361420 0.65098039 0.74117647 0.85882353
v 0.96673852 0.06400010 -55.47817230 0.65098039 0.74117647 0.85882353
v 0.97089171 0.04524097 -55.48105240 0.65098039 0.74117647 0.85882353
v 0.98637027 0.02065966 -55.46396637 0.65098039 0.74117647 0.85882353
v 0.95966303 0.03044072 -55.50042725 0.65098039 0.74117647 0.85882353
v 0.97511411 0.02631220 -55.48404312 0.65098039 0.74117647 0.85882353
v 0.89081138 0.42678371 -55.45334625 0.65098039 0.74117647 0.85882353
v 0.89584327 0.42403331 -55.46034241 0.65098039 0.74117647 0.85882353
v 0.88618338 0.41740087 -55.47507858 0.65098039 0.74117647 0.85882353
v 0.88220799 0.42300454 -55.46746826 0.65098039 0.74117647 0.85882353
v 1.00880575 -0.09917705 -55.47517014 0.65098039 0.74117647 0.85882353
v 1.01269233 -0.10574369 -55.44507599 0.65098039 0.74117647 0.85882353
v 1.01265562 -0.13903800 -55.44921494 0.65098039 0.74117647 0.85882353
v 1.00730634 -0.13216382 -55.48077011 0.65098039 0.74117647 0.85882353
v 0.85769671 0.39927223 -55.48600388 0.65098039 0.74117647 0.85882353
v 0.85597605 0.40852371 -55.47782516 0.65098039 0.74117647 0.85882353
v 0.86987317 0.41537693 -55.47412109 0.65098039 0.74117647 0.85882353
v 0.87316215 0.40793076 -55.48201752 0.65098039 0.74117647 0.85882353
v 1.00811565 -0.07016361 -55.47110748 0.65098039 0.74117647 0.85882353
v 1.01091063 -0.07828897 -55.44289398 0.65098039 0.74117647 0.85882353
v 0.89422250 0.42377749 -55.43304825 0.65098039 0.74117647 0.85882353
v 0.89956719 0.42051867 -55.43864059 0.65098039 0.74117647 0.85882353
v 0.89377970 0.41931739 -55.41363525 0.65098039 0.74117647 0.85882353
v 0.89902896 0.41385278 -55.41785049 0.65098039 0.74117647 0.85882353
v 0.88742864 0.41572145 -55.39633179 0.65098039 0.74117647 0.85882353
v 1.01045549 -0.11719948 -55.41794586 0.65098039 0.74117647 0.85882353
v 1.01182759 -0.15029460 -55.42038345 0.65098039 0.74117647 0.85882353
v 0.87924081 0.42844346 -55.45788956 0.65098039 0.74117647 0.85882353
v 0.86786413 0.42282942 -55.46557999 0.65098039 0.74117647 0.85882353
v 0.85541028 0.41759482 -55.46969223 0.65098039 0.74117647 0.85882353
v 0.84237838 0.41455868 -55.47103882 0.65098039 0.74117647 0.85882353
v 0.82866025 0.41247788 -55.47127151 0.65098039 0.74117647 0.85882353
v 0.83082968 0.42434868 -55.46520233 0.65098039 0.74117647 0.85882353
v 0.99566412 -0.00310251 -55.44005585 0.65098039 0.74117647 0.85882353
v 0.99107039 0.00332972 -55.46583557 0.65098039 0.74117647 0.85882353
v 0.94308615 -0.22451982 -55.55517197 0.65098039 0.74117647 0.85882353
v 0.93793148 -0.24510214 -55.54530716 0.65098039 0.74117647 0.85882353
v 0.91120517 -0.23653951 -55.55427933 0.65098039 0.74117647 0.85882353
v 0.91800874 -0.22134390 -55.56460571 0.65098039 0.74117647 0.85882353
v 0.85648292 -0.20128939 -55.56811905 0.65098039 0.74117647 0.85882353
v 0.88943642 -0.21315399 -55.56897736 0.65098039 0.74117647 0.85882353
v 0.88226432 -0.22397342 -55.55641937 0.65098039 0.74117647 0.85882353
v 0.85191989 -0.21122950 -55.55342484 0.65098039 0.74117647 0.85882353
v 0.86936516 -0.08453657 -55.57997513 0.65098039 0.74117647 0.85882353
v 0.87022310 -0.06379452 -55.57207870 0.65098039 0.74117647 0.85882353
v 0.89863241 -0.06437781 -55.57099915 0.65098039 0.74117647 0.85882353
v 0.89853328 -0.08521560 -55.57965088 0.65098039 0.74117647 0.85882353
v 0.98021162 0.00801143 -55.48717117 0.65098039 0.74117647 0.85882353
v 0.96460378 0.01140842 -55.50450897 0.65098039 0.74117647 0.85882353
v 0.99261004 -0.01124918 -55.41357040 0.65098039 0.74117647 0.85882353
v 0.96843660 -0.29981366 -55.41914368 0.65098039 0.74117647 0.85882353
v 0.95267540 -0.33121568 -55.42795181 0.65098039 0.74117647 0.85882353
v 0.95977294 -0.32347745 -55.46526337 0.65098039 0.74117647 0.85882353
v 0.97952569 -0.29187420 -55.45723724 0.65098039 0.74117647 0.85882353
v 0.93761551 -0.30218294 -55.52423859 0.65098039 0.74117647 0.85882353
v 0.91232461 -0.28946853 -55.54114151 0.65098039 0.74117647 0.85882353
v 0.92703009 -0.26634827 -55.54102707 0.65098039 0.74117647 0.85882353
v 0.95379734 -0.27490842 -55.52214813 0.65098039 0.74117647 0.85882353
v 0.91452658 -0.03432855 -55.32480621 0.65098039 0.74117647 0.85882353
v 0.91317910 -0.05184212 -55.32710648 0.65098039 0.74117647 0.85882353
v 0.93168187 -0.04462227 -55.34009171 0.65098039 0.74117647 0.85882353
v 0.85669345 -0.04524323 -55.30480957 0.65098039 0.74117647 0.85882353
v 0.85439807 -0.06250229 -55.30778503 0.65098039 0.74117647 0.85882353
v 0.87410975 -0.06054175 -55.31058884 0.65098039 0.74117647 0.85882353
v 0.87738001 -0.04322475 -55.30778122 0.65098039 0.74117647 0.85882353
v 0.85662532 -0.16043633 -55.33345032 0.65098039 0.74117647 0.85882353
v 0.86267573 -0.13869473 -55.32959366 0.65098039 0.74117647 0.85882353
v 0.84675056 -0.13955095 -55.32830429 0.65098039 0.74117647 0.85882353
v 0.84391671 -0.15938541 -55.33319092 0.65098039 0.74117647 0.85882353
v 1.00017369 -0.12835076 -55.39340210 0.65098039 0.74117647 0.85882353
v 0.99668628 -0.10005237 -55.39273834 0.65098039 0.74117647 0.85882353
v 0.97900909 -0.11084948 -55.37185287 0.65098039 0.74117647 0.85882353
v 0.98102975 -0.13808319 -55.37059784 0.65098039 0.74117647 0.85882353
v 0.87303573 -0.23312795 -55.54440689 0.65098039 0.74117647 0.85882353
v 0.84675163 -0.21830136 -55.53699112 0.65098039 0.74117647 0.85882353
v 0.94857180 -0.29907659 -55.38490295 0.65098039 0.74117647 0.85882353
v 0.93401456 -0.33284128 -55.39327621 0.65098039 0.74117647 0.85882353
v 0.90598857 -0.32712027 -55.36934662 0.65098039 0.74117647 0.85882353
v 0.92128956 -0.29464260 -55.36346436 0.65098039 0.74117647 0.85882353
v 0.89058435 -0.28524449 -55.35558701 0.65098039 0.74117647 0.85882353
v 0.87563944 -0.31455162 -55.36141968 0.65098039 0.74117647 0.85882353
v 0.83420825 -0.22417048 -55.38399887 0.65098039 0.74117647 0.85882353
v 0.82931602 -0.22717884 -55.39128494 0.65098039 0.74117647 0.85882353
v 0.84740800 -0.21787879 -55.36782074 0.65098039 0.74117647 0.85882353
v 0.84723896 -0.20946825 -55.35868073 0.65098039 0.74117647 0.85882353
v 0.86176527 -0.17001683 -55.58593369 0.65098039 0.74117647 0.85882353
v 0.89306092 -0.17658475 -55.58674622 0.65098039 0.74117647 0.85882353
v 0.89183027 -0.19604230 -55.58003998 0.65098039 0.74117647 0.85882353
v 0.86029088 -0.18712077 -55.57942200 0.65098039 0.74117647 0.85882353
v 0.94567275 0.01324168 -55.51770401 0.65098039 0.74117647 0.85882353
v 0.94082510 0.03336602 -55.51249695 0.65098039 0.74117647 0.85882353
v 0.92146200 0.03556541 -55.51996613 0.65098039 0.74117647 0.85882353
v 0.91890538 0.05797955 -55.51568222 0.65098039 0.74117647 0.85882353
v 0.93808979 0.05455768 -55.50862503 0.65098039 0.74117647 0.85882353
v 0.92270535 0.18454662 -55.50395966 0.65098039 0.74117647 0.85882353
v 0.93113828 0.20220432 -55.50374985 0.65098039 0.74117647 0.85882353
v 0.95003074 0.19176802 -55.49298096 0.65098039 0.74117647 0.85882353
v 0.94235188 0.17544609 -55.49427414 0.65098039 0.74117647 0.85882353
v 0.88514531 0.31397548 -55.52196121 0.65098039 0.74117647 0.85882353
v 0.88670999 0.30088237 -55.52254105 0.65098039 0.74117647 0.85882353
v 0.88433951 -0.27122968 -55.54760361 0.65098039 0.74117647 0.85882353
v 0.87285882 -0.29947898 -55.54863739 0.65098039 0.74117647 0.85882353
v 0.84440434 -0.28282043 -55.54220581 0.65098039 0.74117647 0.85882353
v 0.85198891 -0.24719718 -55.53520966 0.65098039 0.74117647 0.85882353
v 0.92100865 -0.32884741 -55.52775574 0.65098039 0.74117647 0.85882353
v 0.95524806 -0.31270489 -55.49823761 0.65098039 0.74117647 0.85882353
v 0.93571305 -0.34089634 -55.50458908 0.65098039 0.74117647 0.85882353
v 0.93400854 -0.36150882 -55.43370819 0.65098039 0.74117647 0.85882353
v 0.94034272 -0.35294092 -55.47110367 0.65098039 0.74117647 0.85882353
v 0.88958091 -0.35716441 -55.37538528 0.65098039 0.74117647 0.85882353
v 0.86001623 -0.34356290 -55.36898804 0.65098039 0.74117647 0.85882353
v 0.80695355 -0.27759349 -55.40571213 0.65098039 0.74117647 0.85882353
v 0.79732370 -0.29963386 -55.41792297 0.65098039 0.74117647 0.85882353
v 0.81157535 -0.31261364 -55.39581299 0.65098039 0.74117647 0.85882353
v 0.82312024 -0.28855097 -55.38447952 0.65098039 0.74117647 0.85882353
v 0.89325225 -0.16982934 -55.34053421 0.65098039 0.74117647 0.85882353
v 0.89762449 -0.19138086 -55.34557724 0.65098039 0.74117647 0.85882353
v 0.92737120 -0.17992646 -55.34854126 0.65098039 0.74117647 0.85882353
v 0.92877758 -0.15647531 -55.34764862 0.65098039 0.74117647 0.85882353
v 0.87976068 -0.02466536 -55.30563736 0.65098039 0.74117647 0.85882353
v 0.86249328 -0.02766863 -55.30317307 0.65098039 0.74117647 0.85882353
v 0.91576600 -0.01617357 -55.32353592 0.65098039 0.74117647 0.85882353
v 0.89752066 -0.02080706 -55.31209564 0.65098039 0.74117647 0.85882353
v 0.89591390 -0.03988352 -55.31432724 0.65098039 0.74117647 0.85882353
v 0.89012218 0.06206128 -55.29485321 0.65098039 0.74117647 0.85882353
v 0.88592535 0.03869864 -55.29795074 0.65098039 0.74117647 0.85882353
v 0.90597564 0.04127401 -55.30706024 0.65098039 0.74117647 0.85882353
v 0.91079324 0.06469268 -55.30439377 0.65098039 0.74117647 0.85882353
v 0.91505885 0.09080115 -55.30254745 0.65098039 0.74117647 0.85882353
v 0.89401233 0.08824503 -55.29301453 0.65098039 0.74117647 0.85882353
v 0.89531755 0.14094374 -55.29809570 0.65098039 0.74117647 0.85882353
v 0.91547078 0.13911736 -55.30530167 0.65098039 0.74117647 0.85882353
v 0.91580963 0.15759590 -55.29985809 0.65098039 0.74117647 0.85882353
v 0.87004125 0.31297955 -55.32231903 0.65098039 0.74117647 0.85882353
v 0.87131202 0.29733482 -55.31332779 0.65098039 0.74117647 0.85882353
v 1.00188470 -0.16306531 -55.39062119 0.65098039 0.74117647 0.85882353
v 0.82163602 -0.24601430 -55.50981522 0.65098039 0.74117647 0.85882353
v 0.81697619 -0.27470118 -55.52191162 0.65098039 0.74117647 0.85882353
v 0.80004168 -0.27546135 -55.49529648 0.65098039 0.74117647 0.85882353
v 0.80652726 -0.25212598 -55.48246002 0.65098039 0.74117647 0.85882353
v 1.00624037 -0.08924474 -55.41674805 0.65098039 0.74117647 0.85882353
v 0.98131627 -0.00426656 -55.39053726 0.65098039 0.74117647 0.85882353
v 0.98300004 -0.02035668 -55.39013672 0.65098039 0.74117647 0.85882353
v 0.98780710 0.16209111 -55.36864471 0.65098039 0.74117647 0.85882353
v 0.98544228 0.13699022 -55.37739944 0.65098039 0.74117647 0.85882353
v 0.92748004 0.21147433 -55.27886200 0.65098039 0.74117647 0.85882353
v 0.92540008 0.22586730 -55.27917480 0.65098039 0.74117647 0.85882353
v 0.97400689 -0.28232998 -55.49380875 0.65098039 0.74117647 0.85882353
v 0.87436020 -0.38439763 -55.38338852 0.65098039 0.74117647 0.85882353
v 0.84534431 -0.37144944 -55.37858963 0.65098039 0.74117647 0.85882353
v 0.82972717 -0.39760590 -55.38858795 0.65098039 0.74117647 0.85882353
v 0.85822052 -0.41054499 -55.39202118 0.65098039 0.74117647 0.85882353
v 0.78412622 -0.31472161 -55.45544052 0.65098039 0.74117647 0.85882353
v 0.77750540 -0.34326884 -55.46761322 0.65098039 0.74117647 0.85882353
v 0.78061652 -0.35100505 -55.44319534 0.65098039 0.74117647 0.85882353
v 0.78885001 -0.32425559 -55.43119049 0.65098039 0.74117647 0.85882353
v 0.77008295 -0.37199169 -55.47659683 0.65098039 0.74117647 0.85882353
v 0.76142579 -0.39953396 -55.48596191 0.65098039 0.74117647 0.85882353
v 0.76101208 -0.40779039 -55.46344757 0.65098039 0.74117647 0.85882353
v 0.77105033 -0.37982637 -55.45217514 0.65098039 0.74117647 0.85882353
v 0.91642904 -0.36415923 -55.39944077 0.65098039 0.74117647 0.85882353
v 0.89881241 -0.41492057 -55.44175339 0.65098039 0.74117647 0.85882353
v 0.91586995 -0.38863060 -55.43741608 0.65098039 0.74117647 0.85882353
v 0.89939207 -0.39094579 -55.40538788 0.65098039 0.74117647 0.85882353
v 0.88325417 -0.41739336 -55.41193771 0.65098039 0.74117647 0.85882353
v 0.89780504 -0.31534436 -55.54350281 0.65098039 0.74117647 0.85882353
v 0.79844040 -0.26849005 -55.42869949 0.65098039 0.74117647 0.85882353
v 0.79158235 -0.28937721 -55.44186401 0.65098039 0.74117647 0.85882353
v 0.78911096 -0.33717552 -55.51401138 0.65098039 0.74117647 0.85882353
v 0.79418552 -0.30545828 -55.50559616 0.65098039 0.74117647 0.85882353
v 0.81104213 -0.30748779 -55.53007126 0.65098039 0.74117647 0.85882353
v 0.80535126 -0.33961806 -55.53589249 0.65098039 0.74117647 0.85882353
v 0.89338684 -0.38204205 -55.53067780 0.65098039 0.74117647 0.85882353
v 0.90631139 -0.35557351 -55.52920914 0.65098039 0.74117647 0.85882353
v 0.91886616 -0.36779314 -55.50430298 0.65098039 0.74117647 0.85882353
v 0.90406156 -0.39400518 -55.50508118 0.65098039 0.74117647 0.85882353
v 0.92131138 -0.37956223 -55.47187805 0.65098039 0.74117647 0.85882353
v 0.90488577 -0.40562686 -55.47421646 0.65098039 0.74117647 0.85882353
v 0.86722672 -0.46563405 -55.44992065 0.65098039 0.74117647 0.85882353
v 0.88264143 -0.44026157 -55.44607162 0.65098039 0.74117647 0.85882353
v 0.86649120 -0.44250059 -55.41835403 0.65098039 0.74117647 0.85882353
v 0.85046941 -0.46721292 -55.42470169 0.65098039 0.74117647 0.85882353
v 0.87507159 -0.45647529 -55.47999573 0.65098039 0.74117647 0.85882353
v 0.89015067 -0.43103257 -55.47716904 0.65098039 0.74117647 0.85882353
v 0.87661833 -0.44501296 -55.50706863 0.65098039 0.74117647 0.85882353
v 0.89022976 -0.41969007 -55.50570679 0.65098039 0.74117647 0.85882353
v 0.86856651 -0.43256754 -55.52861786 0.65098039 0.74117647 0.85882353
v 0.88133502 -0.40772766 -55.52948761 0.65098039 0.74117647 0.85882353
v 0.85479122 -0.42106432 -55.54349136 0.65098039 0.74117647 0.85882353
v 0.86505407 -0.39615968 -55.54574203 0.65098039 0.74117647 0.85882353
v 0.84403414 -0.38471073 -55.55261993 0.65098039 0.74117647 0.85882353
v 0.83598912 -0.41082561 -55.55053329 0.65098039 0.74117647 0.85882353
v 0.81538409 -0.40211096 -55.54936981 0.65098039 0.74117647 0.85882353
v 0.82111049 -0.37488353 -55.54972839 0.65098039 0.74117647 0.85882353
v 0.77863163 -0.39388901 -55.52659988 0.65098039 0.74117647 0.85882353
v 0.78390121 -0.36686715 -55.52038193 0.65098039 0.74117647 0.85882353
v 0.79981434 -0.36870942 -55.53947067 0.65098039 0.74117647 0.85882353
v 0.79494041 -0.39610672 -55.54161835 0.65098039 0.74117647 0.85882353
v 0.76125985 -0.48993504 -55.55083466 0.65098039 0.74117647 0.85882353
v 0.76320541 -0.46688929 -55.54595184 0.65098039 0.74117647 0.85882353
v 0.78171289 -0.47010526 -55.54982758 0.65098039 0.74117647 0.85882353
v 0.77858514 -0.49228558 -55.55326843 0.65098039 0.74117647 0.85882353
v 0.79533786 -0.49493966 -55.55524826 0.65098039 0.74117647 0.85882353
v 0.79861468 -0.47470784 -55.55036926 0.65098039 0.74117647 0.85882353
v 0.81503648 -0.48014989 -55.54799652 0.65098039 0.74117647 0.85882353
v 0.81069726 -0.50099939 -55.55447769 0.65098039 0.74117647 0.85882353
v 0.83820021 -0.50110400 -55.52841187 0.65098039 0.74117647 0.85882353
v 0.83247340 -0.52249342 -55.53565979 0.65098039 0.74117647 0.85882353
v 0.82411611 -0.50981140 -55.54774857 0.65098039 0.74117647 0.85882353
v 0.82900548 -0.48923644 -55.54130173 0.65098039 0.74117647 0.85882353
v 0.84463596 -0.51570225 -55.51276016 0.65098039 0.74117647 0.85882353
v 0.83710802 -0.53705114 -55.51918030 0.65098039 0.74117647 0.85882353
v 0.84028530 -0.52788079 -55.48992157 0.65098039 0.74117647 0.85882353
v 0.82872206 -0.55004871 -55.49850845 0.65098039 0.74117647 0.85882353
v 0.82334888 -0.53649515 -55.46754074 0.65098039 0.74117647 0.85882353
v 0.81175274 -0.55866992 -55.47723007 0.65098039 0.74117647 0.85882353
v 0.73371744 -0.48117790 -55.50026703 0.65098039 0.74117647 0.85882353
v 0.73718059 -0.47162688 -55.51753998 0.65098039 0.74117647 0.85882353
v 0.73436701 -0.49385107 -55.53003693 0.65098039 0.74117647 0.85882353
v 0.72865653 -0.50283611 -55.51308441 0.65098039 0.74117647 0.85882353
v 0.74581873 -0.50809443 -55.46160889 0.65098039 0.74117647 0.85882353
v 0.73961806 -0.52998710 -55.47990799 0.65098039 0.74117647 0.85882353
v 0.74935842 -0.54308522 -55.45956802 0.65098039 0.74117647 0.85882353
v 0.75837183 -0.52162457 -55.44223785 0.65098039 0.74117647 0.85882353
v 0.85178953 -0.49014509 -55.45385361 0.65098039 0.74117647 0.85882353
v 0.86098742 -0.48042089 -55.48253250 0.65098039 0.74117647 0.85882353
v 0.86379349 -0.46905190 -55.50815582 0.65098039 0.74117647 0.85882353
v 0.85589314 -0.45613030 -55.52742004 0.65098039 0.74117647 0.85882353
v 0.77252370 -0.41904169 -55.53358078 0.65098039 0.74117647 0.85882353
v 0.79037201 -0.42174491 -55.54495621 0.65098039 0.74117647 0.85882353
v 0.75058436 -0.43390051 -55.47461319 0.65098039 0.74117647 0.85882353
v 0.75220877 -0.42516962 -55.49586868 0.65098039 0.74117647 0.85882353
v 0.79421365 -0.51043248 -55.42438507 0.65098039 0.74117647 0.85882353
v 0.81911975 -0.51658636 -55.43681335 0.65098039 0.74117647 0.85882353
v 0.83444709 -0.49197730 -55.43054962 0.65098039 0.74117647 0.85882353
v 0.80981761 -0.48499578 -55.41740799 0.65098039 0.74117647 0.85882353
v 0.85031170 -0.50470936 -55.48603439 0.65098039 0.74117647 0.85882353
v 0.85295349 -0.49250227 -55.50971985 0.65098039 0.74117647 0.85882353
v 0.84565496 -0.47930959 -55.52717590 0.65098039 0.74117647 0.85882353
v 0.82070118 -0.45876092 -55.54823685 0.65098039 0.74117647 0.85882353
v 0.83554548 -0.46782377 -55.54073715 0.65098039 0.74117647 0.85882353
v 0.80407035 -0.45198342 -55.54994965 0.65098039 0.74117647 0.85882353
v 0.76797372 -0.44333595 -55.54034042 0.65098039 0.74117647 0.85882353
v 0.78589618 -0.44630554 -55.54833603 0.65098039 0.74117647 0.85882353
v 0.74168277 -0.45882535 -55.48725510 0.65098039 0.74117647 0.85882353
v 0.74348110 -0.44931489 -55.50692749 0.65098039 0.74117647 0.85882353
v 0.77079606 -0.55695713 -55.44990540 0.65098039 0.74117647 0.85882353
v 0.79491091 -0.56351495 -55.45831299 0.65098039 0.74117647 0.85882353
v 0.80579787 -0.54116076 -55.44558334 0.65098039 0.74117647 0.85882353
v 0.78139746 -0.53638029 -55.43411636 0.65098039 0.74117647 0.85882353
v 0.76391304 -0.57323754 -55.47144699 0.65098039 0.74117647 0.85882353
v 0.74636757 -0.56145215 -55.47938156 0.65098039 0.74117647 0.85882353
v 0.80704731 -0.51969826 -55.56470871 0.65098039 0.74117647 0.85882353
v 0.79131901 -0.51386476 -55.56744385 0.65098039 0.74117647 0.85882353
v 0.81878495 -0.53099084 -55.55914688 0.65098039 0.74117647 0.85882353
v 0.81734341 -0.57292819 -55.50922775 0.65098039 0.74117647 0.85882353
v 0.82914817 -0.55866766 -55.53011703 0.65098039 0.74117647 0.85882353
v 0.79914290 -0.58075821 -55.49018478 0.65098039 0.74117647 0.85882353
v 0.78327817 -0.57982343 -55.47444153 0.65098039 0.74117647 0.85882353
v 0.73084873 -0.53897500 -55.55841827 0.65098039 0.74117647 0.85882353
v 0.72484493 -0.54839194 -55.54390717 0.65098039 0.74117647 0.85882353
v 0.72773713 -0.52281976 -55.52641296 0.65098039 0.74117647 0.85882353
v 0.73481596 -0.51637661 -55.54164124 0.65098039 0.74117647 0.85882353
v 0.75382751 -0.52951205 -55.57964325 0.65098039 0.74117647 0.85882353
v 0.75875604 -0.51085627 -55.55939102 0.65098039 0.74117647 0.85882353
v 0.77462614 -0.51155007 -55.56400299 0.65098039 0.74117647 0.85882353
v 0.77001774 -0.52860034 -55.58669662 0.65098039 0.74117647 0.85882353
v 0.80368084 -0.54098117 -55.58535004 0.65098039 0.74117647 0.85882353
v 0.78814876 -0.53257656 -55.58794785 0.65098039 0.74117647 0.85882353
v 0.81721556 -0.55182755 -55.57737732 0.65098039 0.74117647 0.85882353
v 0.82023400 -0.58296168 -55.54426956 0.65098039 0.74117647 0.85882353
v 0.82479548 -0.56704211 -55.56356812 0.65098039 0.74117647 0.85882353
v 0.82849300 -0.54294664 -55.54694366 0.65098039 0.74117647 0.85882353
v 0.80748469 -0.59796572 -55.52146912 0.65098039 0.74117647 0.85882353
v 0.77369350 -0.62707782 -55.52550888 0.65098039 0.74117647 0.85882353
v 0.79917747 -0.62398005 -55.53763962 0.65098039 0.74117647 0.85882353
v 0.78198951 -0.60288042 -55.50604630 0.65098039 0.74117647 0.85882353
v 0.71924233 -0.68905270 -55.59130859 0.65098039 0.74117647 0.85882353
v 0.70815772 -0.71392328 -55.61468887 0.65098039 0.74117647 0.85882353
v 0.72772932 -0.72055411 -55.61272049 0.65098039 0.74117647 0.85882353
v 0.74150109 -0.69753319 -55.58901215 0.65098039 0.74117647 0.85882353
v 0.72109455 -0.55978990 -55.57899094 0.65098039 0.74117647 0.85882353
v 0.71751451 -0.57080626 -55.56281662 0.65098039 0.74117647 0.85882353
v 0.76359981 -0.54780877 -55.61034012 0.65098039 0.74117647 0.85882353
v 0.74502528 -0.54803574 -55.60303497 0.65098039 0.74117647 0.85882353
v 0.80731308 -0.63303173 -55.58039474 0.65098039 0.74117647 0.85882353
v 0.81231129 -0.61579645 -55.60162354 0.65098039 0.74117647 0.85882353
v 0.81985843 -0.59185481 -55.58139420 0.65098039 0.74117647 0.85882353
v 0.81454134 -0.60874641 -55.56041336 0.65098039 0.74117647 0.85882353
v 0.68331826 -0.64103293 -55.62500381 0.65098039 0.74117647 0.85882353
v 0.69282782 -0.61571133 -55.60454559 0.65098039 0.74117647 0.85882353
v 0.69796509 -0.60442740 -55.62188721 0.65098039 0.74117647 0.85882353
v 0.68797618 -0.63060021 -55.64133835 0.65098039 0.74117647 0.85882353
v 0.75363052 -0.56940377 -55.63243866 0.65098039 0.74117647 0.85882353
v 0.74289483 -0.59398222 -55.65312576 0.65098039 0.74117647 0.85882353
v 0.72377461 -0.59382331 -55.64606094 0.65098039 0.74117647 0.85882353
v 0.73437941 -0.56892955 -55.62437057 0.65098039 0.74117647 0.85882353
v 0.78050631 -0.68335932 -55.62174225 0.65098039 0.74117647 0.85882353
v 0.78591537 -0.66908777 -55.64164734 0.65098039 0.74117647 0.85882353
v 0.80124533 -0.64169508 -55.62197113 0.65098039 0.74117647 0.85882353
v 0.79594886 -0.65784276 -55.60092545 0.65098039 0.74117647 0.85882353
v 0.76476610 -0.65065712 -55.54528046 0.65098039 0.74117647 0.85882353
v 0.75462377 -0.67433107 -55.56684113 0.65098039 0.74117647 0.85882353
v 0.77943027 -0.67059445 -55.57913589 0.65098039 0.74117647 0.85882353
v 0.79096985 -0.64723366 -55.55823517 0.65098039 0.74117647 0.85882353
v 0.74054086 -0.64152610 -55.54692459 0.65098039 0.74117647 0.85882353
v 0.73101038 -0.66498625 -55.56842422 0.65098039 0.74117647 0.85882353
v 0.67390656 -0.69310260 -55.67881393 0.65098039 0.74117647 0.85882353
v 0.66872007 -0.70326233 -55.66709900 0.65098039 0.74117647 0.85882353
v 0.67639494 -0.67158657 -55.64573288 0.65098039 0.74117647 0.85882353
v 0.68140131 -0.66103137 -55.65969086 0.65098039 0.74117647 0.85882353
v 0.73218495 -0.62287641 -55.67067337 0.65098039 0.74117647 0.85882353
v 0.72017223 -0.65518761 -55.68599701 0.65098039 0.74117647 0.85882353
v 0.70386165 -0.65339166 -55.68007660 0.65098039 0.74117647 0.85882353
v 0.71349585 -0.62143064 -55.66439819 0.65098039 0.74117647 0.85882353
v 0.74494040 -0.73605973 -55.66585159 0.65098039 0.74117647 0.85882353
v 0.74799109 -0.72397339 -55.68233490 0.65098039 0.74117647 0.85882353
v 0.76772171 -0.69677573 -55.66181946 0.65098039 0.74117647 0.85882353
v 0.76329321 -0.70907539 -55.64389801 0.65098039 0.74117647 0.85882353
v 0.71404064 -0.74569321 -55.63818359 0.65098039 0.74117647 0.85882353
v 0.73360693 -0.74522597 -55.64818954 0.65098039 0.74117647 0.85882353
v 0.75004840 -0.71968627 -55.62349319 0.65098039 0.74117647 0.85882353
v 0.69624257 -0.73975241 -55.63916397 0.65098039 0.74117647 0.85882353
v 0.68431246 -0.76628035 -55.66182709 0.65098039 0.74117647 0.85882353
v 0.69924140 -0.77131903 -55.66094589 0.65098039 0.74117647 0.85882353
v 0.66491097 -0.72357857 -55.69763184 0.65098039 0.74117647 0.85882353
v 0.66184324 -0.73319244 -55.68633652 0.65098039 0.74117647 0.85882353
v 0.67982030 -0.71557701 -55.71378708 0.65098039 0.74117647 0.85882353
v 0.69262624 -0.68589526 -55.69665146 0.65098039 0.74117647 0.85882353
v 0.70756060 -0.68661869 -55.70176315 0.65098039 0.74117647 0.85882353
v 0.69307458 -0.71561909 -55.71899796 0.65098039 0.74117647 0.85882353
v 0.73531473 -0.70294058 -55.70200348 0.65098039 0.74117647 0.85882353
v 0.71916515 -0.73066545 -55.71870041 0.65098039 0.74117647 0.85882353
v 0.70716786 -0.72098064 -55.72085953 0.65098039 0.74117647 0.85882353
v 0.72218376 -0.69279855 -55.70409393 0.65098039 0.74117647 0.85882353
v 0.72945863 -0.74894762 -55.70083237 0.65098039 0.74117647 0.85882353
v 0.72589177 -0.73903233 -55.71174622 0.65098039 0.74117647 0.85882353
v 0.74449450 -0.71262300 -55.69487000 0.65098039 0.74117647 0.85882353
v 0.72800946 -0.76072747 -55.68526459 0.65098039 0.74117647 0.85882353
v 0.71704000 -0.76975894 -55.66969681 0.65098039 0.74117647 0.85882353
v 0.81994277 -0.22510082 -55.48020935 0.65098039 0.74117647 0.85882353
v 0.82361871 -0.22951669 -55.49406433 0.65098039 0.74117647 0.85882353
v 0.81107354 -0.23825470 -55.46762085 0.65098039 0.74117647 0.85882353
v 0.81083870 -0.23175967 -55.45462036 0.65098039 0.74117647 0.85882353
v 0.78962088 -0.36563811 -55.41823578 0.65098039 0.74117647 0.85882353
v 0.80150592 -0.33822614 -55.40711975 0.65098039 0.74117647 0.85882353
v 0.76643676 -0.41987842 -55.44067764 0.65098039 0.74117647 0.85882353
v 0.77835649 -0.39362577 -55.42855072 0.65098039 0.74117647 0.85882353
v 0.75615209 -0.44619045 -55.45312500 0.65098039 0.74117647 0.85882353
v 0.73754454 -0.49390700 -55.48122787 0.65098039 0.74117647 0.85882353
v 0.74643600 -0.47144914 -55.46701431 0.65098039 0.74117647 0.85882353
v 0.73208541 -0.51530033 -55.49605942 0.65098039 0.74117647 0.85882353
v 0.72868007 -0.53806412 -55.51158524 0.65098039 0.74117647 0.85882353
v 0.72552091 -0.56286514 -55.52877808 0.65098039 0.74117647 0.85882353
v 0.71083933 -0.60779059 -55.56646729 0.65098039 0.74117647 0.85882353
v 0.72113311 -0.58570719 -55.54745102 0.65098039 0.74117647 0.85882353
v 0.70506817 -0.59322280 -55.58325958 0.65098039 0.74117647 0.85882353
v 0.68815726 -0.65728664 -55.60840988 0.65098039 0.74117647 0.85882353
v 0.69873971 -0.63145089 -55.58684158 0.65098039 0.74117647 0.85882353
v 0.67164975 -0.71674061 -55.65500641 0.65098039 0.74117647 0.85882353
v 0.67946243 -0.68675256 -55.63142014 0.65098039 0.74117647 0.85882353
v 0.66538548 -0.74554318 -55.67556000 0.65098039 0.74117647 0.85882353
v 0.87406915 -0.25126818 -55.35607529 0.65098039 0.74117647 0.85882353
v 0.88635486 -0.22910136 -55.35186005 0.65098039 0.74117647 0.85882353
v 0.85790354 -0.23213595 -55.36048508 0.65098039 0.74117647 0.85882353
v 0.84708261 -0.24781665 -55.36692047 0.65098039 0.74117647 0.85882353
v 0.82489747 -0.22743449 -55.41715240 0.65098039 0.74117647 0.85882353
v 0.81962192 -0.22672248 -55.42365646 0.65098039 0.74117647 0.85882353
v 0.82239497 -0.22850889 -55.40878677 0.65098039 0.74117647 0.85882353
v 0.82764411 -0.22843677 -55.40267563 0.65098039 0.74117647 0.85882353
v 0.83756882 -0.51408911 -55.45960617 0.65098039 0.74117647 0.85882353
v 0.84456682 -0.44474930 -55.54150772 0.65098039 0.74117647 0.85882353
v 0.80975223 -0.42756754 -55.54913712 0.65098039 0.74117647 0.85882353
v 0.82824194 -0.43543479 -55.54847717 0.65098039 0.74117647 0.85882353
v 0.75356609 -0.48463500 -55.44520950 0.65098039 0.74117647 0.85882353
v 0.77045536 -0.49787560 -55.42873001 0.65098039 0.74117647 0.85882353
v 0.78455722 -0.47331259 -55.41841507 0.65098039 0.74117647 0.85882353
v 0.76668966 -0.46005902 -55.43262482 0.65098039 0.74117647 0.85882353
v 0.74809468 -0.62043834 -55.52816391 0.65098039 0.74117647 0.85882353
v 0.73121440 -0.60354745 -55.53525925 0.65098039 0.74117647 0.85882353
v 0.72394872 -0.62505496 -55.55584335 0.65098039 0.74117647 0.85882353
v 0.75513196 -0.60203743 -55.50888443 0.65098039 0.74117647 0.85882353
v 0.81450862 -0.57510233 -55.59771729 0.65098039 0.74117647 0.85882353
v 0.80109370 -0.56212068 -55.60732269 0.65098039 0.74117647 0.85882353
v 0.77496701 -0.57418597 -55.63388062 0.65098039 0.74117647 0.85882353
v 0.78358477 -0.55280179 -55.61122894 0.65098039 0.74117647 0.85882353
v 0.79433703 -0.58468390 -55.62963486 0.65098039 0.74117647 0.85882353
v 0.79206061 -0.40977630 -55.40968323 0.65098039 0.74117647 0.85882353
v 0.77876860 -0.43453994 -55.42094421 0.65098039 0.74117647 0.85882353
v 0.79966992 -0.44855320 -55.40908432 0.65098039 0.74117647 0.85882353
v 0.81433481 -0.42327425 -55.39887619 0.65098039 0.74117647 0.85882353
v 0.94800627 0.09030077 -55.48962021 0.65098039 0.74117647 0.85882353
v 0.96222687 0.08297017 -55.47539520 0.65098039 0.74117647 0.85882353
v 0.98023897 0.18965510 -55.32921600 0.65098039 0.74117647 0.85882353
v 0.97108263 0.17920464 -55.32189178 0.65098039 0.74117647 0.85882353
v 0.97240227 0.16644260 -55.33496857 0.65098039 0.74117647 0.85882353
v 0.98333234 0.17727712 -55.34563446 0.65098039 0.74117647 0.85882353
v 0.99057084 0.19236615 -55.35285187 0.65098039 0.74117647 0.85882353
v 0.98697293 0.20388690 -55.33601761 0.65098039 0.74117647 0.85882353
v 0.99421966 0.21024135 -55.35999298 0.65098039 0.74117647 0.85882353
v 0.99062926 0.22171202 -55.34392548 0.65098039 0.74117647 0.85882353
v 0.99264336 0.30335167 -55.38729477 0.65098039 0.74117647 0.85882353
v 0.99779058 0.32035765 -55.38923264 0.65098039 0.74117647 0.85882353
v 0.87327313 0.13690653 -55.29256058 0.65098039 0.74117647 0.85882353
v 0.87311918 0.11191046 -55.28952026 0.65098039 0.74117647 0.85882353
v 0.89610898 0.11481604 -55.29402161 0.65098039 0.74117647 0.85882353
v 0.89354861 -0.05716833 -55.31712723 0.65098039 0.74117647 0.85882353
v 0.90344548 -0.13672560 -55.33857346 0.65098039 0.74117647 0.85882353
v 0.88127291 -0.13795254 -55.33265305 0.65098039 0.74117647 0.85882353
v 0.87204689 -0.16259450 -55.33654404 0.65098039 0.74117647 0.85882353
v 0.83546859 -0.20914656 -55.36310959 0.65098039 0.74117647 0.85882353
v 0.82951373 -0.21716538 -55.37759399 0.65098039 0.74117647 0.85882353
v 0.82830524 -0.22640532 -55.39910126 0.65098039 0.74117647 0.85882353
v 0.82740480 -0.22841364 -55.41424561 0.65098039 0.74117647 0.85882353
v 0.89687943 0.15163848 -55.50960159 0.65098039 0.74117647 0.85882353
v 0.89767087 0.17306590 -55.51017761 0.65098039 0.74117647 0.85882353
v 0.84148479 0.31431296 -55.50942993 0.65098039 0.74117647 0.85882353
v 0.86262459 0.31931594 -55.51466751 0.65098039 0.74117647 0.85882353
v 0.86005121 0.34257272 -55.51093674 0.65098039 0.74117647 0.85882353
v 0.84077734 0.33727017 -55.50607681 0.65098039 0.74117647 0.85882353
v 0.83993822 0.34834930 -55.50347137 0.65098039 0.74117647 0.85882353
v 0.85833824 0.35296050 -55.50771713 0.65098039 0.74117647 0.85882353
v 0.84148085 0.40444532 -55.47888565 0.65098039 0.74117647 0.85882353
v 0.84107703 0.39390698 -55.48584747 0.65098039 0.74117647 0.85882353
v 0.82016230 -0.22300097 -55.44057083 0.65098039 0.74117647 0.85882353
v 0.81816334 -0.22268227 -55.45125580 0.65098039 0.74117647 0.85882353
v 0.81509978 -0.22657374 -55.43142700 0.65098039 0.74117647 0.85882353
v 0.81615591 -0.25895041 -55.39465714 0.65098039 0.74117647 0.85882353
v 0.82532334 -0.24470675 -55.38473129 0.65098039 0.74117647 0.85882353
v 0.81193364 -0.24134403 -55.40671539 0.65098039 0.74117647 0.85882353
v 0.80558723 -0.25272918 -55.41677475 0.65098039 0.74117647 0.85882353
v 0.99461079 -0.25798056 -55.44677734 0.65098039 0.74117647 0.85882353
v 0.98249835 -0.26674953 -55.40877533 0.65098039 0.74117647 0.85882353
v 0.89914417 -0.25232077 -55.54916000 0.65098039 0.74117647 0.85882353
v 1.15415120 0.46020851 -55.37232590 0.65098039 0.74117647 0.85882353
v 1.13676274 0.43600824 -55.37738037 0.65098039 0.74117647 0.85882353
v 1.14283776 0.43827787 -55.39012146 0.65098039 0.74117647 0.85882353
v 1.15920401 0.46298769 -55.38445663 0.65098039 0.74117647 0.85882353
v 0.89656055 0.23973796 -55.51939392 0.65098039 0.74117647 0.85882353
v 0.90608925 0.21746966 -55.51342392 0.65098039 0.74117647 0.85882353
v 0.90439510 0.40815923 -55.41971207 0.65098039 0.74117647 0.85882353
v 0.93874717 0.41996041 -55.44507217 0.65098039 0.74117647 0.85882353
v 0.93107575 0.41447106 -55.44615173 0.65098039 0.74117647 0.85882353
v 0.93320417 0.41138688 -55.42129898 0.65098039 0.74117647 0.85882353
v 0.93893415 0.41712514 -55.41992188 0.65098039 0.74117647 0.85882353
v 0.96687543 0.37207165 -55.50079727 0.65098039 0.74117647 0.85882353
v 0.95574266 0.36590305 -55.50650406 0.65098039 0.74117647 0.85882353
v 0.95074099 0.38232997 -55.50046158 0.65098039 0.74117647 0.85882353
v 0.96001792 0.38643745 -55.49517441 0.65098039 0.74117647 0.85882353
v 0.89654815 -0.10806553 -55.58721542 0.65098039 0.74117647 0.85882353
v 0.86732656 -0.10670099 -55.58717346 0.65098039 0.74117647 0.85882353
v 0.87743729 0.08741897 -55.51623917 0.65098039 0.74117647 0.85882353
v 0.87657410 0.11003634 -55.51375198 0.65098039 0.74117647 0.85882353
v 0.89589542 0.10660243 -55.51330566 0.65098039 0.74117647 0.85882353
v 0.89740336 0.08382010 -55.51642609 0.65098039 0.74117647 0.85882353
v 0.93042564 0.23141554 -55.51045227 0.65098039 0.74117647 0.85882353
v 0.94574964 0.21796098 -55.50021744 0.65098039 0.74117647 0.85882353
v 0.88016725 0.22140124 -55.28059769 0.65098039 0.74117647 0.85882353
v 0.89464957 0.23071703 -55.27949905 0.65098039 0.74117647 0.85882353
v 0.89186692 0.25178149 -55.28667450 0.65098039 0.74117647 0.85882353
v 0.87692559 0.24490169 -55.28641510 0.65098039 0.74117647 0.85882353
v 1.11449480 0.42259720 -55.42470551 0.65098039 0.74117647 0.85882353
v 1.12476170 0.41959891 -55.40901184 0.65098039 0.74117647 0.85882353
v 1.10520351 0.39720550 -55.41157150 0.65098039 0.74117647 0.85882353
v 1.09951663 0.39764914 -55.42338562 0.65098039 0.74117647 0.85882353
v 0.96628094 -0.24733862 -55.52518845 0.65098039 0.74117647 0.85882353
v 0.99185914 -0.24317002 -55.49010468 0.65098039 0.74117647 0.85882353
v 0.97655237 0.11346164 -55.45418167 0.65098039 0.74117647 0.85882353
v 0.97382820 0.09379622 -55.45566940 0.65098039 0.74117647 0.85882353
v 0.96139562 0.10261822 -55.47361374 0.65098039 0.74117647 0.85882353
v 0.96477753 0.12169152 -55.47309113 0.65098039 0.74117647 0.85882353
v 0.98620969 0.16906002 -55.44410706 0.65098039 0.74117647 0.85882353
v 0.98197770 0.15139654 -55.44734955 0.65098039 0.74117647 0.85882353
v 0.99196368 0.18659210 -55.44250870 0.65098039 0.74117647 0.85882353
v 1.03594017 0.32969603 -55.42386627 0.65098039 0.74117647 0.85882353
v 1.02764881 0.31672010 -55.42619324 0.65098039 0.74117647 0.85882353
v 1.02961540 0.31659672 -55.43311310 0.65098039 0.74117647 0.85882353
v 0.83614087 -0.26656660 -55.37510300 0.65098039 0.74117647 0.85882353
v 0.87037581 -0.20530701 -55.35067368 0.65098039 0.74117647 0.85882353
v 0.86765659 -0.19314200 -55.34527588 0.65098039 0.74117647 0.85882353
v 0.82403195 -0.22436357 -55.43150330 0.65098039 0.74117647 0.85882353
v 0.82736224 -0.22644317 -55.42777634 0.65098039 0.74117647 0.85882353
v 0.88214529 0.42457917 -55.39159393 0.65098039 0.74117647 0.85882353
v 0.88840866 0.42586192 -55.40833282 0.65098039 0.74117647 0.85882353
v 1.07059360 0.38304934 -55.39281464 0.65098039 0.74117647 0.85882353
v 1.05277824 0.36664221 -55.40190506 0.65098039 0.74117647 0.85882353
v 1.01224589 0.28582874 -55.42412186 0.65098039 0.74117647 0.85882353
v 1.01787674 0.30244365 -55.42121506 0.65098039 0.74117647 0.85882353
v 1.01256394 0.30586776 -55.41133881 0.65098039 0.74117647 0.85882353
v 1.00723290 0.28900293 -55.41197586 0.65098039 0.74117647 0.85882353
v 1.01463008 0.28534916 -55.43474960 0.65098039 0.74117647 0.85882353
v 1.02056003 0.30097088 -55.42992783 0.65098039 0.74117647 0.85882353
v 0.95883465 0.34981683 -55.35694504 0.65098039 0.74117647 0.85882353
v 0.95766366 0.36905113 -55.36505127 0.65098039 0.74117647 0.85882353
v 0.94814122 0.36656037 -55.36434174 0.65098039 0.74117647 0.85882353
v 0.95031065 0.34798488 -55.35414505 0.65098039 0.74117647 0.85882353
v 0.94075686 0.34208688 -55.35004044 0.65098039 0.74117647 0.85882353
v 0.93861645 0.36153111 -55.36306000 0.65098039 0.74117647 0.85882353
v 0.92749077 0.35636339 -55.35753250 0.65098039 0.74117647 0.85882353
v 0.92922962 0.33728573 -55.34397888 0.65098039 0.74117647 0.85882353
v 0.90240592 0.39410618 -55.39576340 0.65098039 0.74117647 0.85882353
v 0.88985133 0.38569620 -55.37663269 0.65098039 0.74117647 0.85882353
v 0.87559533 0.37775174 -55.36233521 0.65098039 0.74117647 0.85882353
v 0.86150950 0.37161204 -55.35317993 0.65098039 0.74117647 0.85882353
v 0.84129810 0.38175127 -55.49333191 0.65098039 0.74117647 0.85882353
v 0.86147916 0.38774022 -55.49464417 0.65098039 0.74117647 0.85882353
v 0.85763180 0.37413755 -55.50044632 0.65098039 0.74117647 0.85882353
v 0.84002280 0.36965480 -55.49775696 0.65098039 0.74117647 0.85882353
v 0.82245970 0.36748418 -55.49494171 0.65098039 0.74117647 0.85882353
v 0.82290787 0.37938508 -55.49151230 0.65098039 0.74117647 0.85882353
v 0.87575114 0.41219309 -55.38135147 0.65098039 0.74117647 0.85882353
v 0.86378229 0.40779260 -55.36891937 0.65098039 0.74117647 0.85882353
v 0.85571420 0.39177337 -55.36125565 0.65098039 0.74117647 0.85882353
v 1.08694780 0.51851523 -55.40293121 0.65098039 0.74117647 0.85882353
v 1.06925213 0.50057888 -55.40938187 0.65098039 0.74117647 0.85882353
v 0.88646042 0.43076256 -55.44395828 0.65098039 0.74117647 0.85882353
v 0.88929337 0.42826751 -55.42619324 0.65098039 0.74117647 0.85882353
v 1.09824109 0.51604760 -55.41664124 0.65098039 0.74117647 0.85882353
v 1.08031666 0.49763629 -55.42298126 0.65098039 0.74117647 0.85882353
v 0.93281138 0.39534977 -55.39667511 0.65098039 0.74117647 0.85882353
v 0.93906933 0.40103832 -55.39818573 0.65098039 0.74117647 0.85882353
v 0.92711735 0.40598473 -55.42042160 0.65098039 0.74117647 0.85882353
v 0.87140572 0.42226061 -55.37702942 0.65098039 0.74117647 0.85882353
v 0.86052173 0.41954365 -55.36478806 0.65098039 0.74117647 0.85882353
v 1.00490963 -0.22300616 -55.43384171 0.65098039 0.74117647 0.85882353
v 0.99225760 -0.23234564 -55.39945602 0.65098039 0.74117647 0.85882353
v 0.98335356 0.05713397 -55.41320801 0.65098039 0.74117647 0.85882353
v 0.97878987 0.04817703 -55.39070129 0.65098039 0.74117647 0.85882353
v 0.84606922 0.05888286 -55.29038239 0.65098039 0.74117647 0.85882353
v 0.84396535 0.03750050 -55.29306030 0.65098039 0.74117647 0.85882353
v 0.86486942 0.03718692 -55.29385757 0.65098039 0.74117647 0.85882353
v 0.86834913 0.06017193 -55.29085541 0.65098039 0.74117647 0.85882353
v 0.84991056 0.13209349 -55.29113388 0.65098039 0.74117647 0.85882353
v 0.84928709 0.10817385 -55.28974915 0.65098039 0.74117647 0.85882353
v 0.83349562 0.42678586 -55.35390091 0.65098039 0.74117647 0.85882353
v 0.88017231 -0.00403124 -55.30427170 0.65098039 0.74117647 0.85882353
v 0.88239259 0.01717728 -55.30158234 0.65098039 0.74117647 0.85882353
v 0.86165035 0.01535857 -55.29836273 0.65098039 0.74117647 0.85882353
v 0.85870922 -0.00755331 -55.30202866 0.65098039 0.74117647 0.85882353
v 0.84914804 -0.03007349 -55.30409622 0.65098039 0.74117647 0.85882353
v 0.84718060 -0.03934860 -55.30434418 0.65098039 0.74117647 0.85882353
v 0.85076660 -0.17755014 -55.33736420 0.65098039 0.74117647 0.85882353
v 0.84158540 -0.17638528 -55.33712387 0.65098039 0.74117647 0.85882353
v 1.01551318 0.44488910 -55.39216995 0.65098039 0.74117647 0.85882353
v 1.01293635 0.45839056 -55.40773773 0.65098039 0.74117647 0.85882353
v 1.00034332 0.44999793 -55.40828323 0.65098039 0.74117647 0.85882353
v 1.00474799 0.43603447 -55.39337540 0.65098039 0.74117647 0.85882353
v 0.91749704 0.00385842 -55.32405472 0.65098039 0.74117647 0.85882353
v 0.89920837 -0.00030625 -55.31159973 0.65098039 0.74117647 0.85882353
v 0.98688728 0.29545417 -55.37108612 0.65098039 0.74117647 0.85882353
v 0.99032223 0.28572962 -55.38470840 0.65098039 0.74117647 0.85882353
v 0.87266004 0.16151807 -55.29105377 0.65098039 0.74117647 0.85882353
v 0.90918082 0.23822781 -55.28083420 0.65098039 0.74117647 0.85882353
v 0.90708017 0.25711754 -55.28860855 0.65098039 0.74117647 0.85882353
v 0.92319870 0.24357751 -55.28375626 0.65098039 0.74117647 0.85882353
v 0.92132121 0.26158729 -55.29204559 0.65098039 0.74117647 0.85882353
v 0.82755524 -0.22191957 -55.44257736 0.65098039 0.74117647 0.85882353
v 0.82447815 -0.22180012 -55.44232941 0.65098039 0.74117647 0.85882353
v 1.05174518 0.40922084 -55.46504593 0.65098039 0.74117647 0.85882353
v 1.05718386 0.40268043 -55.46044540 0.65098039 0.74117647 0.85882353
v 1.04903793 0.39143494 -55.46393967 0.65098039 0.74117647 0.85882353
v 1.04374278 0.39927021 -55.46893311 0.65098039 0.74117647 0.85882353
v 0.79886854 -0.25970042 -55.45318604 0.65098039 0.74117647 0.85882353
v 0.80442381 -0.24618626 -55.44129181 0.65098039 0.74117647 0.85882353
v 0.83887583 -0.22170132 -55.51538086 0.65098039 0.74117647 0.85882353
v 0.82761776 -0.22008809 -55.49792862 0.65098039 0.74117647 0.85882353
v 0.83051008 -0.21560565 -55.50324249 0.65098039 0.74117647 0.85882353
v 0.83110505 -0.21126428 -55.51445770 0.65098039 0.74117647 0.85882353
v 0.83243537 -0.32893977 -55.37828445 0.65098039 0.74117647 0.85882353
v 0.84714067 -0.30155799 -55.36883545 0.65098039 0.74117647 0.85882353
v 0.81882882 -0.35629311 -55.38848114 0.65098039 0.74117647 0.85882353
v 0.80499095 -0.38336855 -55.39862061 0.65098039 0.74117647 0.85882353
v 0.73669612 -0.55211592 -55.49704361 0.65098039 0.74117647 0.85882353
v 0.73695701 -0.58031142 -55.51234818 0.65098039 0.74117647 0.85882353
v 0.71411175 -0.64867771 -55.57710648 0.65098039 0.74117647 0.85882353
v 0.70338690 -0.67424601 -55.59894943 0.65098039 0.74117647 0.85882353
v 0.69265115 -0.70153099 -55.62240219 0.65098039 0.74117647 0.85882353
v 0.67384827 -0.75696146 -55.66725922 0.65098039 0.74117647 0.85882353
v 0.68228352 -0.72978592 -55.64641953 0.65098039 0.74117647 0.85882353
v 1.11270094 0.51007998 -55.42456436 0.65098039 0.74117647 0.85882353
v 1.12750256 0.50305367 -55.42683792 0.65098039 0.74117647 0.85882353
v 1.10863984 0.48162815 -55.43426132 0.65098039 0.74117647 0.85882353
v 1.09320879 0.48957518 -55.43190002 0.65098039 0.74117647 0.85882353
v 1.09763873 0.42294583 -55.36968613 0.65098039 0.74117647 0.85882353
v 1.11495864 0.44208154 -55.36320496 0.65098039 0.74117647 0.85882353
v 1.10246003 0.44931325 -55.36041641 0.65098039 0.74117647 0.85882353
v 1.08473992 0.42999259 -55.36772919 0.65098039 0.74117647 0.85882353
v 1.13317847 0.46261075 -55.35718918 0.65098039 0.74117647 0.85882353
v 1.12685132 0.43697259 -55.36844635 0.65098039 0.74117647 0.85882353
v 1.14516866 0.45937344 -55.36313629 0.65098039 0.74117647 0.85882353
v 1.15923452 0.46813837 -55.39791107 0.65098039 0.74117647 0.85882353
v 1.14294672 0.44349483 -55.40378952 0.65098039 0.74117647 0.85882353
v 1.13688159 0.45092872 -55.41679382 0.65098039 0.74117647 0.85882353
v 1.15473604 0.47655728 -55.40940475 0.65098039 0.74117647 0.85882353
v 1.13954699 0.49458542 -55.42399597 0.65098039 0.74117647 0.85882353
v 1.14850342 0.48567906 -55.41766357 0.65098039 0.74117647 0.85882353
v 1.13045013 0.46306136 -55.42551422 0.65098039 0.74117647 0.85882353
v 1.12178898 0.47370234 -55.43118286 0.65098039 0.74117647 0.85882353
v 1.09671998 0.48692468 -55.35539627 0.65098039 0.74117647 0.85882353
v 1.07803571 0.46703902 -55.36186600 0.65098039 0.74117647 0.85882353
v 1.08966529 0.45786050 -55.35998535 0.65098039 0.74117647 0.85882353
v 1.10790658 0.47771230 -55.35303497 0.65098039 0.74117647 0.85882353
v 1.01653492 0.46506098 -55.42646408 0.65098039 0.74117647 0.85882353
v 1.00297475 0.45794180 -55.42830276 0.65098039 0.74117647 0.85882353
v 0.99946988 0.34818128 -55.38335800 0.65098039 0.74117647 0.85882353
v 1.00674593 0.36049160 -55.38965607 0.65098039 0.74117647 0.85882353
v 1.00120115 0.37894431 -55.38281631 0.65098039 0.74117647 0.85882353
v 0.99473459 0.36707965 -55.37658691 0.65098039 0.74117647 0.85882353
v 1.04355669 0.47939828 -55.39949799 0.65098039 0.74117647 0.85882353
v 1.05092561 0.48477295 -55.41626358 0.65098039 0.74117647 0.85882353
v 1.03228188 0.47305426 -55.42261505 0.65098039 0.74117647 0.85882353
v 1.02688909 0.46694615 -55.40456772 0.65098039 0.74117647 0.85882353
v 1.06002498 0.44747213 -55.36836243 0.65098039 0.74117647 0.85882353
v 1.04322374 0.42959788 -55.37356567 0.65098039 0.74117647 0.85882353
v 1.05438256 0.41954771 -55.37427139 0.65098039 0.74117647 0.85882353
v 1.07191932 0.43835863 -55.36705017 0.65098039 0.74117647 0.85882353
v 1.10378647 0.39438465 -55.39920807 0.65098039 0.74117647 0.85882353
v 1.12399149 0.41489711 -55.39463806 0.65098039 0.74117647 0.85882353
v 1.01137972 0.41784564 -55.38513184 0.65098039 0.74117647 0.85882353
v 1.02162814 0.42897776 -55.38201141 0.65098039 0.74117647 0.85882353
v 0.98712909 0.27905264 -55.36638641 0.65098039 0.74117647 0.85882353
v 1.00355649 0.27421603 -55.41147232 0.65098039 0.74117647 0.85882353
v 1.00107968 0.25855699 -55.41036606 0.65098039 0.74117647 0.85882353
v 0.97140259 0.19555810 -55.31111908 0.65098039 0.74117647 0.85882353
v 0.97226906 0.21395937 -55.30638504 0.65098039 0.74117647 0.85882353
v 0.99825877 0.22469720 -55.38586807 0.65098039 0.74117647 0.85882353
v 0.99820364 0.20296648 -55.38040161 0.65098039 0.74117647 0.85882353
v 0.97663891 0.21732715 -55.31266022 0.65098039 0.74117647 0.85882353
v 0.97827321 0.20487031 -55.31769943 0.65098039 0.74117647 0.85882353
v 0.93354654 0.11720929 -55.31442642 0.65098039 0.74117647 0.85882353
v 0.85835624 0.38090339 -55.35939026 0.65098039 0.74117647 0.85882353
v 1.03410983 0.44206956 -55.37818146 0.65098039 0.74117647 0.85882353
v 1.02819598 0.45573965 -55.38879013 0.65098039 0.74117647 0.85882353
v 1.08515882 0.37989703 -55.42399597 0.65098039 0.74117647 0.85882353
v 1.08664250 0.37797001 -55.41443253 0.65098039 0.74117647 0.85882353
v 1.06862664 0.36148545 -55.41926956 0.65098039 0.74117647 0.85882353
v 1.07027984 0.36405781 -55.42597580 0.65098039 0.74117647 0.85882353
v 0.96858418 0.26069358 -55.49955368 0.65098039 0.74117647 0.85882353
v 0.97710180 0.25085160 -55.49079895 0.65098039 0.74117647 0.85882353
v 0.96099722 0.23316732 -55.49687195 0.65098039 0.74117647 0.85882353
v 0.94999897 0.24486294 -55.50618744 0.65098039 0.74117647 0.85882353
v 1.04312539 0.42625526 -55.46787262 0.65098039 0.74117647 0.85882353
v 1.03325760 0.41836151 -55.47262955 0.65098039 0.74117647 0.85882353
v 1.02711892 0.43067494 -55.46968842 0.65098039 0.74117647 0.85882353
v 1.03890932 0.43815902 -55.46459198 0.65098039 0.74117647 0.85882353
v 1.01942813 0.44387344 -55.46243286 0.65098039 0.74117647 0.85882353
v 1.01051855 0.45525762 -55.44890213 0.65098039 0.74117647 0.85882353
v 1.02466047 0.46283188 -55.44458771 0.65098039 0.74117647 0.85882353
v 1.03301191 0.45151696 -55.45729446 0.65098039 0.74117647 0.85882353
v 1.01070678 -0.17478344 -55.45515442 0.65098039 0.74117647 0.85882353
v 1.00390828 -0.16175157 -55.48758698 0.65098039 0.74117647 0.85882353
v 0.94979656 -0.03755301 -55.35469437 0.65098039 0.74117647 0.85882353
v 0.96790963 -0.02976248 -55.37086487 0.65098039 0.74117647 0.85882353
v 0.93081295 -0.13059646 -55.34536362 0.65098039 0.74117647 0.85882353
v 0.82304621 -0.23015544 -55.39541626 0.65098039 0.74117647 0.85882353
v 0.84066325 -0.22645360 -55.37131882 0.65098039 0.74117647 0.85882353
v 0.79212731 -0.28153908 -55.46775436 0.65098039 0.74117647 0.85882353
v 1.00885892 -0.18557894 -55.42563629 0.65098039 0.74117647 0.85882353
v 0.78047842 -0.33887756 -55.49055099 0.65098039 0.74117647 0.85882353
v 0.78609240 -0.30881533 -55.48007202 0.65098039 0.74117647 0.85882353
v 0.82862693 -0.34685403 -55.54973221 0.65098039 0.74117647 0.85882353
v 0.83641535 -0.31595597 -55.54709625 0.65098039 0.74117647 0.85882353
v 0.86245501 -0.32871172 -55.55146408 0.65098039 0.74117647 0.85882353
v 0.85268480 -0.35744926 -55.55296326 0.65098039 0.74117647 0.85882353
v 0.88658088 -0.34256715 -55.54580307 0.65098039 0.74117647 0.85882353
v 0.87517834 -0.36986622 -55.54698181 0.65098039 0.74117647 0.85882353
v 0.82656449 -0.45998454 -55.41017532 0.65098039 0.74117647 0.85882353
v 0.76364613 -0.60004729 -55.65486145 0.65098039 0.74117647 0.85882353
v 0.76817012 -0.63980198 -55.66851425 0.65098039 0.74117647 0.85882353
v 0.75107014 -0.62942445 -55.67253494 0.65098039 0.74117647 0.85882353
v 0.78320742 -0.61062932 -55.65014648 0.65098039 0.74117647 0.85882353
v 0.80761832 -0.59900200 -55.61881638 0.65098039 0.74117647 0.85882353
v 0.79652292 -0.62486339 -55.63888931 0.65098039 0.74117647 0.85882353
v 0.76529139 -0.69487017 -55.60010147 0.65098039 0.74117647 0.85882353
v 0.73698300 -0.66131997 -55.68778610 0.65098039 0.74117647 0.85882353
v 0.75198627 -0.67189687 -55.68467712 0.65098039 0.74117647 0.85882353
v 0.78110367 -0.65370858 -55.65726471 0.65098039 0.74117647 0.85882353
v 0.76350701 -0.68365479 -55.67564774 0.65098039 0.74117647 0.85882353
v 0.80799598 -0.23712584 -55.43029022 0.65098039 0.74117647 0.85882353
v 0.83126432 -0.20943552 -55.52954865 0.65098039 0.74117647 0.85882353
v 0.97040981 -0.23437801 -55.37328339 0.65098039 0.74117647 0.85882353
v 0.96131563 -0.26586285 -55.37868881 0.65098039 0.74117647 0.85882353
v 0.89464122 -0.20967755 -55.34949112 0.65098039 0.74117647 0.85882353
v 0.92295909 -0.20534632 -55.34905624 0.65098039 0.74117647 0.85882353
v 0.95359528 0.03180066 -55.35383606 0.65098039 0.74117647 0.85882353
v 0.93705601 0.02698958 -55.33879471 0.65098039 0.74117647 0.85882353
v 0.95934260 0.07584903 -55.34943008 0.65098039 0.74117647 0.85882353
v 0.95724046 0.05245355 -55.35188293 0.65098039 0.74117647 0.85882353
v 0.97038704 0.06002817 -55.36894989 0.65098039 0.74117647 0.85882353
v 0.97205746 0.08248067 -55.36698914 0.65098039 0.74117647 0.85882353
v 0.98541164 0.09713471 -55.40914917 0.65098039 0.74117647 0.85882353
v 0.98332876 0.07654253 -55.41139984 0.65098039 0.74117647 0.85882353
v 0.98156393 0.08488956 -55.43410110 0.65098039 0.74117647 0.85882353
v 0.98369408 0.10539690 -55.43235779 0.65098039 0.74117647 0.85882353
v 0.97470403 0.07427225 -55.45711517 0.65098039 0.74117647 0.85882353
v 0.98217493 0.06569463 -55.43588638 0.65098039 0.74117647 0.85882353
v 0.91451198 0.12362894 -55.50615692 0.65098039 0.74117647 0.85882353
v 0.91611540 0.14592904 -55.50527573 0.65098039 0.74117647 0.85882353
v 0.93382585 0.13875347 -55.49810791 0.65098039 0.74117647 0.85882353
v 0.93138433 0.11741358 -55.49782181 0.65098039 0.74117647 0.85882353
v 0.86004490 -0.18326351 -55.34018707 0.65098039 0.74117647 0.85882353
v 0.81624061 -0.22904325 -55.41469574 0.65098039 0.74117647 0.85882353
v 0.86090815 -0.27520958 -55.36080551 0.65098039 0.74117647 0.85882353
v 0.90460318 -0.25599220 -55.35287857 0.65098039 0.74117647 0.85882353
v 0.93418616 -0.26279333 -55.35991287 0.65098039 0.74117647 0.85882353
v 1.04468846 0.37154201 -55.39763641 0.65098039 0.74117647 0.85882353
v 1.00171447 0.28983739 -55.46945572 0.65098039 0.74117647 0.85882353
v 0.99883658 0.29893652 -55.47388458 0.65098039 0.74117647 0.85882353
v 1.04113162 0.47050563 -55.43885422 0.65098039 0.74117647 0.85882353
v 1.04933834 0.45938197 -55.45088959 0.65098039 0.74117647 0.85882353
v 1.02898192 0.41377524 -55.37903976 0.65098039 0.74117647 0.85882353
v 0.99088633 0.44351503 -55.40755463 0.65098039 0.74117647 0.85882353
v 0.98702204 0.42219260 -55.39091492 0.65098039 0.74117647 0.85882353
v 0.99568903 0.42801598 -55.39263916 0.65098039 0.74117647 0.85882353
v 0.95651710 -0.14657220 -55.35735321 0.65098039 0.74117647 0.85882353
v 0.95527953 -0.17442968 -55.35659790 0.65098039 0.74117647 0.85882353
v 0.98096192 -0.17036396 -55.36971283 0.65098039 0.74117647 0.85882353
v 0.82453942 -0.21995676 -55.48232651 0.65098039 0.74117647 0.85882353
v 0.83005810 -0.21767852 -55.48815155 0.65098039 0.74117647 0.85882353
v 0.86688626 -0.21803677 -55.35506058 0.65098039 0.74117647 0.85882353
v 0.76703697 -0.39494678 -55.50733948 0.65098039 0.74117647 0.85882353
v 0.77372706 -0.36806935 -55.49872589 0.65098039 0.74117647 0.85882353
v 0.75918210 -0.41983053 -55.51644897 0.65098039 0.74117647 0.85882353
v 0.75254685 -0.44361642 -55.52497864 0.65098039 0.74117647 0.85882353
v 0.74723685 -0.46709308 -55.53449631 0.65098039 0.74117647 0.85882353
v 0.74583215 -0.48991504 -55.54360199 0.65098039 0.74117647 0.85882353
v 0.74515790 -0.51137149 -55.55272675 0.65098039 0.74117647 0.85882353
v 0.74076843 -0.53262103 -55.57033539 0.65098039 0.74117647 0.85882353
v 0.70919371 -0.58126509 -55.60081863 0.65098039 0.74117647 0.85882353
v 0.73147815 -0.55159611 -55.59131241 0.65098039 0.74117647 0.85882353
v 0.71999907 -0.57303858 -55.61370087 0.65098039 0.74117647 0.85882353
v 0.70885372 -0.59764957 -55.63537598 0.65098039 0.74117647 0.85882353
v 0.69086039 -0.65558892 -55.67136383 0.65098039 0.74117647 0.85882353
v 0.69880247 -0.62418413 -55.65458298 0.65098039 0.74117647 0.85882353
v 0.68223643 -0.68739909 -55.68864441 0.65098039 0.74117647 0.85882353
v 0.67096013 -0.71787393 -55.70626831 0.65098039 0.74117647 0.85882353
v 0.82414347 -0.22067690 -55.45349503 0.65098039 0.74117647 0.85882353
v 0.82418412 -0.22011292 -55.46764374 0.65098039 0.74117647 0.85882353
v 0.92611325 0.39013258 -55.39372253 0.65098039 0.74117647 0.85882353
v 0.99972475 0.29547611 -55.39950562 0.65098039 0.74117647 0.85882353
v 1.00533295 0.31145731 -55.40032959 0.65098039 0.74117647 0.85882353
v 1.01749468 0.40056285 -55.38345337 0.65098039 0.74117647 0.85882353
v 0.83244199 -0.20265576 -55.54430389 0.65098039 0.74117647 0.85882353
v 0.83193219 -0.19254383 -55.55847931 0.65098039 0.74117647 0.85882353
v 1.10464358 0.45250943 -55.43717194 0.65098039 0.74117647 0.85882353
v 1.09175622 0.46081504 -55.44182205 0.65098039 0.74117647 0.85882353
v 1.03841460 0.40180370 -55.38257980 0.65098039 0.74117647 0.85882353
v 1.00470662 0.33481768 -55.39283752 0.65098039 0.74117647 0.85882353
v 1.01238251 0.34738222 -55.39552307 0.65098039 0.74117647 0.85882353
v 1.14653242 0.67580020 -55.38576508 0.65098039 0.74117647 0.85882353
v 1.14287996 0.69440377 -55.37957382 0.65098039 0.74117647 0.85882353
v 1.15312243 0.69672883 -55.38460922 0.65098039 0.74117647 0.85882353
v 1.15778685 0.67774606 -55.39076233 0.65098039 0.74117647 0.85882353
v 1.13826501 0.67273068 -55.37693405 0.65098039 0.74117647 0.85882353
v 1.13569176 0.69122505 -55.37047577 0.65098039 0.74117647 0.85882353
v 1.15716147 0.66182876 -55.32211304 0.65098039 0.74117647 0.85882353
v 1.15713048 0.68352866 -55.32049561 0.65098039 0.74117647 0.85882353
v 1.14640355 0.68261337 -55.32758331 0.65098039 0.74117647 0.85882353
v 1.14620912 0.66133821 -55.33031845 0.65098039 0.74117647 0.85882353
v 1.13070416 0.70622265 -55.35412598 0.65098039 0.74117647 0.85882353
v 1.13234401 0.68777478 -55.35971069 0.65098039 0.74117647 0.85882353
v 1.13371456 0.68473482 -55.34807205 0.65098039 0.74117647 0.85882353
v 1.13295543 0.70402539 -55.34364700 0.65098039 0.74117647 0.85882353
v 1.18464279 0.66623199 -55.32285690 0.65098039 0.74117647 0.85882353
v 1.18495190 0.64425492 -55.32286453 0.65098039 0.74117647 0.85882353
v 1.19613981 0.64663029 -55.33138275 0.65098039 0.74117647 0.85882353
v 1.19450629 0.66851342 -55.33189392 0.65098039 0.74117647 0.85882353
v 1.15337110 0.57708716 -55.33831787 0.65098039 0.74117647 0.85882353
v 1.15078247 0.56216669 -55.34205246 0.65098039 0.74117647 0.85882353
v 1.16143394 0.56024253 -55.33453751 0.65098039 0.74117647 0.85882353
v 1.16406357 0.57626581 -55.33027649 0.65098039 0.74117647 0.85882353
v 1.15277696 0.63784862 -55.39856720 0.65098039 0.74117647 0.85882353
v 1.14979219 0.65653181 -55.39195633 0.65098039 0.74117647 0.85882353
v 1.16201568 0.65801072 -55.39624786 0.65098039 0.74117647 0.85882353
v 1.16638541 0.63791764 -55.40159607 0.65098039 0.74117647 0.85882353
v 1.13636661 0.62547171 -55.36367798 0.65098039 0.74117647 0.85882353
v 1.13824260 0.60509455 -55.36872482 0.65098039 0.74117647 0.85882353
v 1.14170957 0.60055947 -55.35521698 0.65098039 0.74117647 0.85882353
v 1.14049852 0.62099016 -55.34977341 0.65098039 0.74117647 0.85882353
v 1.17080331 0.61773813 -55.40550995 0.65098039 0.74117647 0.85882353
v 1.15652382 0.61884785 -55.40509796 0.65098039 0.74117647 0.85882353
v 1.13408470 0.66506398 -55.35301971 0.65098039 0.74117647 0.85882353
v 1.13496387 0.64532280 -55.35797119 0.65098039 0.74117647 0.85882353
v 1.13906908 0.64144111 -55.34530258 0.65098039 0.74117647 0.85882353
v 1.13874149 0.66227877 -55.34106445 0.65098039 0.74117647 0.85882353
v 1.18011677 0.70831788 -55.32345581 0.65098039 0.74117647 0.85882353
v 1.18312049 0.68757904 -55.32311630 0.65098039 0.74117647 0.85882353
v 1.19154906 0.68948877 -55.33221817 0.65098039 0.74117647 0.85882353
v 1.18734336 0.71026397 -55.33239746 0.65098039 0.74117647 0.85882353
v 1.13852572 0.70304489 -55.33391571 0.65098039 0.74117647 0.85882353
v 1.13884914 0.68296325 -55.33755112 0.65098039 0.74117647 0.85882353
v 1.14620638 0.70308161 -55.32525635 0.65098039 0.74117647 0.85882353
v 1.17131782 0.71739340 -55.37465286 0.65098039 0.74117647 0.85882353
v 1.17816806 0.69747877 -55.37892914 0.65098039 0.74117647 0.85882353
v 1.16553783 0.69754159 -55.38407135 0.65098039 0.74117647 0.85882353
v 1.15954077 0.71685064 -55.37882614 0.65098039 0.74117647 0.85882353
v 1.15574896 0.61796188 -55.32836533 0.65098039 0.74117647 0.85882353
v 1.15629005 0.63975990 -55.32471085 0.65098039 0.74117647 0.85882353
v 1.14619935 0.63974631 -55.33359146 0.65098039 0.74117647 0.85882353
v 1.14659190 0.61832571 -55.33775711 0.65098039 0.74117647 0.85882353
v 1.14226389 0.63468170 -55.38974762 0.65098039 0.74117647 0.85882353
v 1.14041257 0.65359128 -55.38316345 0.65098039 0.74117647 0.85882353
v 1.18474090 0.67706358 -55.38270187 0.65098039 0.74117647 0.85882353
v 1.19069123 0.65591955 -55.38584518 0.65098039 0.74117647 0.85882353
v 1.17619276 0.65737760 -55.39366913 0.65098039 0.74117647 0.85882353
v 1.17095840 0.67760742 -55.38908768 0.65098039 0.74117647 0.85882353
v 1.20563352 0.63162780 -55.37432098 0.65098039 0.74117647 0.85882353
v 1.20096815 0.65375698 -55.37369156 0.65098039 0.74117647 0.85882353
v 1.20458269 0.65113831 -55.35877228 0.65098039 0.74117647 0.85882353
v 1.20815361 0.62862396 -55.35877991 0.65098039 0.74117647 0.85882353
v 1.16666055 0.59673715 -55.32593155 0.65098039 0.74117647 0.85882353
v 1.15500784 0.59641981 -55.33327866 0.65098039 0.74117647 0.85882353
v 1.18441343 0.62163699 -55.32377625 0.65098039 0.74117647 0.85882353
v 1.18261051 0.59875536 -55.32469177 0.65098039 0.74117647 0.85882353
v 1.19690180 0.60090458 -55.33172226 0.65098039 0.74117647 0.85882353
v 1.19693267 0.62404239 -55.33166122 0.65098039 0.74117647 0.85882353
v 1.14042222 0.58047462 -55.39201736 0.65098039 0.74117647 0.85882353
v 1.13980687 0.59303820 -55.38876343 0.65098039 0.74117647 0.85882353
v 1.14709067 0.59834564 -55.40169144 0.65098039 0.74117647 0.85882353
v 1.14853859 0.58465469 -55.40502167 0.65098039 0.74117647 0.85882353
v 1.16023743 0.60064077 -55.40913773 0.65098039 0.74117647 0.85882353
v 1.16251802 0.58502913 -55.41175461 0.65098039 0.74117647 0.85882353
v 1.17272186 0.55733359 -55.41255569 0.65098039 0.74117647 0.85882353
v 1.17695594 0.56746483 -55.41070175 0.65098039 0.74117647 0.85882353
v 1.18817842 0.55974865 -55.40415955 0.65098039 0.74117647 0.85882353
v 1.18362987 0.54934084 -55.40637970 0.65098039 0.74117647 0.85882353
v 1.21475601 0.58656132 -55.37355042 0.65098039 0.74117647 0.85882353
v 1.21099889 0.60905528 -55.37409210 0.65098039 0.74117647 0.85882353
v 1.21156669 0.60572052 -55.35792160 0.65098039 0.74117647 0.85882353
v 1.21393549 0.58178937 -55.35707092 0.65098039 0.74117647 0.85882353
v 1.20607853 0.55804121 -55.34281158 0.65098039 0.74117647 0.85882353
v 1.20729351 0.57879996 -55.34304047 0.65098039 0.74117647 0.85882353
v 1.19576406 0.57804501 -55.33248901 0.65098039 0.74117647 0.85882353
v 1.19277191 0.55915666 -55.33346176 0.65098039 0.74117647 0.85882353
v 1.17397141 0.50105047 -55.35447693 0.65098039 0.74117647 0.85882353
v 1.18259549 0.51714385 -55.35000229 0.65098039 0.74117647 0.85882353
v 1.17210865 0.51741469 -55.34292984 0.65098039 0.74117647 0.85882353
v 1.16367924 0.50287104 -55.34762192 0.65098039 0.74117647 0.85882353
v 1.14660358 0.52507186 -55.34110260 0.65098039 0.74117647 0.85882353
v 1.13605130 0.53240561 -55.34542847 0.65098039 0.74117647 0.85882353
v 1.12742782 0.52038050 -55.34667206 0.65098039 0.74117647 0.85882353
v 1.13836551 0.51217151 -55.34348679 0.65098039 0.74117647 0.85882353
v 1.12126994 0.55065417 -55.39597702 0.65098039 0.74117647 0.85882353
v 1.12952638 0.55760944 -55.39560318 0.65098039 0.74117647 0.85882353
v 1.13968754 0.55807841 -55.40928650 0.65098039 0.74117647 0.85882353
v 1.13218093 0.54860330 -55.41009521 0.65098039 0.74117647 0.85882353
v 1.21601105 0.56687891 -55.37305832 0.65098039 0.74117647 0.85882353
v 1.21565974 0.55820453 -55.35583878 0.65098039 0.74117647 0.85882353
v 1.15270138 0.53580046 -55.33944702 0.65098039 0.74117647 0.85882353
v 1.15747058 0.54711843 -55.33767700 0.65098039 0.74117647 0.85882353
v 1.14680028 0.55083597 -55.34444046 0.65098039 0.74117647 0.85882353
v 1.14215279 0.54148710 -55.34472656 0.65098039 0.74117647 0.85882353
v 1.13072634 0.55472600 -55.36501694 0.65098039 0.74117647 0.85882353
v 1.13621938 0.56175780 -55.36483383 0.65098039 0.74117647 0.85882353
v 1.13609028 0.56649292 -55.37888336 0.65098039 0.74117647 0.85882353
v 1.13145626 0.55995774 -55.37923050 0.65098039 0.74117647 0.85882353
v 1.13491058 0.56412935 -55.39468765 0.65098039 0.74117647 0.85882353
v 1.13858676 0.57145107 -55.39369202 0.65098039 0.74117647 0.85882353
v 1.14725530 0.57462466 -55.40671158 0.65098039 0.74117647 0.85882353
v 1.14418638 0.56605136 -55.40797806 0.65098039 0.74117647 0.85882353
v 1.21370494 0.55465710 -55.37473679 0.65098039 0.74117647 0.85882353
v 1.20991945 0.54432225 -55.37574387 0.65098039 0.74117647 0.85882353
v 1.20418632 0.54762673 -55.38655853 0.65098039 0.74117647 0.85882353
v 1.20706129 0.55839324 -55.38673019 0.65098039 0.74117647 0.85882353
v 1.18713307 0.54409885 -55.33582687 0.65098039 0.74117647 0.85882353
v 1.19886971 0.54406905 -55.34422302 0.65098039 0.74117647 0.85882353
v 1.14153647 0.56973970 -55.36407471 0.65098039 0.74117647 0.85882353
v 1.13964093 0.55578518 -55.35374451 0.65098039 0.74117647 0.85882353
v 1.14360619 0.56574452 -55.35213089 0.65098039 0.74117647 0.85882353
v 1.16181970 0.57324445 -55.41295624 0.65098039 0.74117647 0.85882353
v 1.18129110 0.50171924 -55.36337662 0.65098039 0.74117647 0.85882353
v 1.17036223 0.48379001 -55.36750793 0.65098039 0.74117647 0.85882353
v 1.17441797 0.48636052 -55.37872696 0.65098039 0.74117647 0.85882353
v 1.18571496 0.50358546 -55.37374878 0.65098039 0.74117647 0.85882353
v 1.16235816 0.48369500 -55.35795212 0.65098039 0.74117647 0.85882353
v 1.15113759 0.48576716 -55.35169220 0.65098039 0.74117647 0.85882353
v 1.11439312 0.50566816 -55.34996033 0.65098039 0.74117647 0.85882353
v 1.12550139 0.49711171 -55.34708786 0.65098039 0.74117647 0.85882353
v 1.10534978 0.51599836 -55.35645294 0.65098039 0.74117647 0.85882353
v 1.11901963 0.53042555 -55.35372543 0.65098039 0.74117647 0.85882353
v 1.11407173 0.53957498 -55.36407089 0.65098039 0.74117647 0.85882353
v 1.09905565 0.52558649 -55.36661911 0.65098039 0.74117647 0.85882353
v 1.10525870 0.53564942 -55.39862061 0.65098039 0.74117647 0.85882353
v 1.11719346 0.53355432 -55.41210556 0.65098039 0.74117647 0.85882353
v 1.14551759 0.54348111 -55.41600800 0.65098039 0.74117647 0.85882353
v 1.13158774 0.52827966 -55.41902542 0.65098039 0.74117647 0.85882353
v 1.15926325 0.52025354 -55.34015274 0.65098039 0.74117647 0.85882353
v 1.16589344 0.53235507 -55.33745193 0.65098039 0.74117647 0.85882353
v 1.19567776 0.67534661 -55.37162018 0.65098039 0.74117647 0.85882353
v 1.18885291 0.69641399 -55.36945343 0.65098039 0.74117647 0.85882353
v 1.19434214 0.69397581 -55.35681534 0.65098039 0.74117647 0.85882353
v 1.19992292 0.67277682 -55.35815811 0.65098039 0.74117647 0.85882353
v 1.19525957 0.69157565 -55.34409714 0.65098039 0.74117647 0.85882353
v 1.18971479 0.71227443 -55.34358215 0.65098039 0.74117647 0.85882353
v 1.13535404 0.64973509 -55.37134933 0.65098039 0.74117647 0.85882353
v 1.13371396 0.66905630 -55.36562729 0.65098039 0.74117647 0.85882353
v 1.13262177 0.70918489 -55.36448669 0.65098039 0.74117647 0.85882353
v 1.13972759 0.57492566 -55.37711716 0.65098039 0.74117647 0.85882353
v 1.13996577 0.58705974 -55.37368774 0.65098039 0.74117647 0.85882353
v 1.19191885 0.54243016 -55.39758301 0.65098039 0.74117647 0.85882353
v 1.18560886 0.53236949 -55.40074921 0.65098039 0.74117647 0.85882353
v 1.17719817 0.53915715 -55.40891647 0.65098039 0.74117647 0.85882353
v 1.20711124 0.57138836 -55.38810349 0.65098039 0.74117647 0.85882353
v 1.19291055 0.57204008 -55.40082550 0.65098039 0.74117647 0.85882353
v 1.18957937 0.59374046 -55.40072250 0.65098039 0.74117647 0.85882353
v 1.20478535 0.59031606 -55.39006042 0.65098039 0.74117647 0.85882353
v 1.20398140 0.53349161 -55.37712860 0.65098039 0.74117647 0.85882353
v 1.19608974 0.52148867 -55.38036346 0.65098039 0.74117647 0.85882353
v 1.19193792 0.52638590 -55.39137268 0.65098039 0.74117647 0.85882353
v 1.19917643 0.53756475 -55.38821030 0.65098039 0.74117647 0.85882353
v 1.11477256 0.54683614 -55.37879562 0.65098039 0.74117647 0.85882353
v 1.12432325 0.55404556 -55.37928772 0.65098039 0.74117647 0.85882353
v 1.15666604 0.51387358 -55.41720200 0.65098039 0.74117647 0.85882353
v 1.14618826 0.52197981 -55.41989899 0.65098039 0.74117647 0.85882353
v 1.15819216 0.53662336 -55.41616440 0.65098039 0.74117647 0.85882353
v 1.16828573 0.52847612 -55.41231537 0.65098039 0.74117647 0.85882353
v 1.16636992 0.54745293 -55.41428757 0.65098039 0.74117647 0.85882353
v 1.16462922 0.50524223 -55.41080856 0.65098039 0.74117647 0.85882353
v 1.17648077 0.52070940 -55.40524673 0.65098039 0.74117647 0.85882353
v 1.09799385 0.53293192 -55.38135529 0.65098039 0.74117647 0.85882353
v 1.18614805 0.50729322 -55.38506317 0.65098039 0.74117647 0.85882353
v 1.17430782 0.49045035 -55.39102173 0.65098039 0.74117647 0.85882353
v 1.17063475 0.49753550 -55.40200043 0.65098039 0.74117647 0.85882353
v 1.18240583 0.51354408 -55.39591599 0.65098039 0.74117647 0.85882353
v 1.19958067 0.67040217 -55.34443665 0.65098039 0.74117647 0.85882353
v 1.20268393 0.64869308 -55.34452057 0.65098039 0.74117647 0.85882353
v 1.17668223 0.55933714 -55.32994080 0.65098039 0.74117647 0.85882353
v 1.18004251 0.57673836 -55.32662201 0.65098039 0.74117647 0.85882353
v 1.17196035 0.54489541 -55.33391190 0.65098039 0.74117647 0.85882353
v 1.17097056 0.66386116 -55.31911469 0.65098039 0.74117647 0.85882353
v 1.17055607 0.68535471 -55.31872940 0.65098039 0.74117647 0.85882353
v 1.16882885 0.61910868 -55.32241821 0.65098039 0.74117647 0.85882353
v 1.17028511 0.64157379 -55.32042313 0.65098039 0.74117647 0.85882353
v 1.19602978 0.63415277 -55.38817596 0.65098039 0.74117647 0.85882353
v 1.19863367 0.53176379 -55.35549164 0.65098039 0.74117647 0.85882353
v 1.20729065 0.54297233 -55.35386658 0.65098039 0.74117647 0.85882353
v 1.19083691 0.53111517 -55.34668350 0.65098039 0.74117647 0.85882353
v 1.13779509 0.48971024 -55.34775543 0.65098039 0.74117647 0.85882353
v 1.15080297 0.50682223 -55.34391785 0.65098039 0.74117647 0.85882353
v 1.21530461 0.54968941 -55.36500931 0.65098039 0.74117647 0.85882353
v 1.12032151 0.46942303 -55.35339355 0.65098039 0.74117647 0.85882353
v 1.17828369 0.58059978 -55.40943146 0.65098039 0.74117647 0.85882353
v 1.15307057 0.55438030 -55.41510773 0.65098039 0.74117647 0.85882353
v 1.15805769 0.56400549 -55.41404343 0.65098039 0.74117647 0.85882353
v 1.14791763 0.71514249 -55.37892151 0.65098039 0.74117647 0.85882353
v 1.13663077 0.63013864 -55.37739563 0.65098039 0.74117647 0.85882353
v 1.14291227 0.58232594 -55.36054230 0.65098039 0.74117647 0.85882353
v 1.14631641 0.57909644 -55.34859848 0.65098039 0.74117647 0.85882353
v 1.19061422 0.51774657 -55.35852432 0.65098039 0.74117647 0.85882353
v 1.19564176 0.51860714 -55.36822510 0.65098039 0.74117647 0.85882353
v 1.20372987 0.53152132 -55.36488342 0.65098039 0.74117647 0.85882353
v 1.12778604 0.54095495 -55.35333252 0.65098039 0.74117647 0.85882353
v 1.12352037 0.54855990 -55.36431885 0.65098039 0.74117647 0.85882353
v 1.16921771 0.70609355 -55.31882858 0.65098039 0.74117647 0.85882353
v 1.13428867 0.54878664 -55.35339737 0.65098039 0.74117647 0.85882353
v 1.17511928 0.59834301 -55.40789032 0.65098039 0.74117647 0.85882353
v 0.84078437 0.32591209 -55.50802612 0.65098039 0.74117647 0.85882353
v 0.82322067 0.31228164 -55.50564194 0.65098039 0.74117647 0.85882353
v 0.82302451 0.32376567 -55.50398254 0.65098039 0.74117647 0.85882353
v 0.99479353 0.18329909 -55.37482452 0.65098039 0.74117647 0.85882353
v 0.96081114 0.14532474 -55.33568573 0.65098039 0.74117647 0.85882353
v 0.97442275 0.15132123 -55.34916687 0.65098039 0.74117647 0.85882353
v 0.99662483 0.27993390 -55.39783478 0.65098039 0.74117647 0.85882353
v 0.99499464 0.26292089 -55.39517212 0.65098039 0.74117647 0.85882353
v 1.01936758 0.34033760 -55.40100479 0.65098039 0.74117647 0.85882353
v 1.01174641 0.32660225 -55.40107346 0.65098039 0.74117647 0.85882353
v 0.99482083 0.23052934 -55.36714554 0.65098039 0.74117647 0.85882353
v 0.90877759 0.56998980 -55.42568207 0.65098039 0.74117647 0.85882353
v 0.90774155 0.56299675 -55.42767334 0.65098039 0.74117647 0.85882353
v 0.91202843 0.58265662 -55.42829514 0.65098039 0.74117647 0.85882353
v 0.84814531 -0.01917240 -55.30394745 0.65098039 0.74117647 0.85882353
v 0.83499587 -0.04022592 -55.30654907 0.65098039 0.74117647 0.85882353
v 0.83441824 -0.04974619 -55.30619431 0.65098039 0.74117647 0.85882353
v 0.90491158 0.55728459 -55.40610123 0.65098039 0.74117647 0.85882353
v 0.90399426 0.55116153 -55.41039658 0.65098039 0.74117647 0.85882353
v 0.90630072 0.55470347 -55.40666199 0.65098039 0.74117647 0.85882353
v 0.90446591 0.55938971 -55.40472031 0.65098039 0.74117647 0.85882353
v 0.90419114 0.55839419 -55.40481949 0.65098039 0.74117647 0.85882353
v 0.90957642 0.58763218 -55.41853714 0.65098039 0.74117647 0.85882353
v 0.90522540 0.55529523 -55.42639160 0.65098039 0.74117647 0.85882353
v 0.90223181 0.54693007 -55.42352676 0.65098039 0.74117647 0.85882353
v 0.90521759 0.57554829 -55.41105270 0.65098039 0.74117647 0.85882353
v 0.88459605 0.01467162 -55.53293991 0.65098039 0.74117647 0.85882353
v 0.88941044 -0.00504038 -55.54126358 0.65098039 0.74117647 0.85882353
v 0.86417913 -0.00465086 -55.54262543 0.65098039 0.74117647 0.85882353
v 0.86122966 0.01509944 -55.53393173 0.65098039 0.74117647 0.85882353
v 0.83801883 -0.02026701 -55.55162811 0.65098039 0.74117647 0.85882353
v 0.83684498 -0.00199586 -55.54259491 0.65098039 0.74117647 0.85882353
v 0.86755836 -0.02468142 -55.55278778 0.65098039 0.74117647 0.85882353
v 0.98293293 -0.06653729 -55.52386093 0.65098039 0.74117647 0.85882353
v 0.97931015 -0.04390356 -55.51824188 0.65098039 0.74117647 0.85882353
v 0.99410045 -0.04494745 -55.49483109 0.65098039 0.74117647 0.85882353
v 0.99857920 -0.06812540 -55.49862289 0.65098039 0.74117647 0.85882353
v 0.99863160 -0.03022179 -55.46640778 0.65098039 0.74117647 0.85882353
v 1.00399876 -0.04834947 -55.46821976 0.65098039 0.74117647 0.85882353
v 0.98849744 -0.02601236 -55.49127197 0.65098039 0.74117647 0.85882353
v 1.00152123 -0.03669497 -55.43951797 0.65098039 0.74117647 0.85882353
v 1.00617373 -0.05571213 -55.44128418 0.65098039 0.74117647 0.85882353
v 0.99766201 -0.04544893 -55.41397095 0.65098039 0.74117647 0.85882353
v 1.00166798 -0.06590320 -55.41533279 0.65098039 0.74117647 0.85882353
v 0.99177974 -0.07647702 -55.39286423 0.65098039 0.74117647 0.85882353
v 0.97588277 -0.08673771 -55.37282944 0.65098039 0.74117647 0.85882353
v 0.95659816 -0.12064758 -55.35764313 0.65098039 0.74117647 0.85882353
v 0.95487970 -0.09695752 -55.35626221 0.65098039 0.74117647 0.85882353
v 0.93221378 -0.10486342 -55.34368515 0.65098039 0.74117647 0.85882353
v 0.90867895 -0.11155716 -55.33385849 0.65098039 0.74117647 0.85882353
v 0.88689297 -0.11486131 -55.32684326 0.65098039 0.74117647 0.85882353
v 0.86706471 -0.11643115 -55.32361603 0.65098039 0.74117647 0.85882353
v 0.84927070 -0.11761010 -55.32188034 0.65098039 0.74117647 0.85882353
v 0.83349043 -0.11830005 -55.32279968 0.65098039 0.74117647 0.85882353
v 0.83338565 -0.14009786 -55.32872391 0.65098039 0.74117647 0.85882353
v 0.92595512 0.37421694 -55.37356567 0.65098039 0.74117647 0.85882353
v 0.90309930 0.40958723 -55.48377228 0.65098039 0.74117647 0.85882353
v 0.91525388 0.41597238 -55.46774673 0.65098039 0.74117647 0.85882353
v 0.91082668 0.40662321 -55.48643494 0.65098039 0.74117647 0.85882353
v 0.94187045 0.35757336 -55.51373291 0.65098039 0.74117647 0.85882353
v 0.92530477 0.34706017 -55.52028656 0.65098039 0.74117647 0.85882353
v 0.92320907 0.36248711 -55.51557541 0.65098039 0.74117647 0.85882353
v 0.93825221 0.37510911 -55.50727463 0.65098039 0.74117647 0.85882353
v 0.89651895 0.39699343 -55.49378586 0.65098039 0.74117647 0.85882353
v 0.89072490 0.39982727 -55.49084854 0.65098039 0.74117647 0.85882353
v 0.90303713 0.39237908 -55.49813461 0.65098039 0.74117647 0.85882353
v 0.89134884 0.37973782 -55.50457382 0.65098039 0.74117647 0.85882353
v 0.87548876 0.37056765 -55.50634384 0.65098039 0.74117647 0.85882353
v 0.94398963 0.41389027 -55.46800995 0.65098039 0.74117647 0.85882353
v 0.95410800 0.41843495 -55.46464157 0.65098039 0.74117647 0.85882353
v 0.96080041 0.40531173 -55.48114014 0.65098039 0.74117647 0.85882353
v 0.95221877 0.40172306 -55.48575974 0.65098039 0.74117647 0.85882353
v 0.97182357 0.35752478 -55.50222015 0.65098039 0.74117647 0.85882353
v 0.98157728 0.36347166 -55.49616241 0.65098039 0.74117647 0.85882353
v 0.98528361 0.35017321 -55.49430847 0.65098039 0.74117647 0.85882353
v 0.97427034 0.34286842 -55.50112915 0.65098039 0.74117647 0.85882353
v 0.98256314 0.43881801 -55.45407104 0.65098039 0.74117647 0.85882353
v 0.99196959 0.44478253 -55.45215225 0.65098039 0.74117647 0.85882353
v 0.99839532 0.43271592 -55.46865082 0.65098039 0.74117647 0.85882353
v 0.98853034 0.42622349 -55.47062683 0.65098039 0.74117647 0.85882353
v 0.97499853 0.37645808 -55.49445724 0.65098039 0.74117647 0.85882353
v 0.91970801 0.24779919 -55.51723862 0.65098039 0.74117647 0.85882353
v 0.94099891 0.25852254 -55.51212311 0.65098039 0.74117647 0.85882353
v 0.96063054 0.27040681 -55.50630569 0.65098039 0.74117647 0.85882353
v 0.99629259 0.30756149 -55.47803116 0.65098039 0.74117647 0.85882353
v 0.99071336 0.28675053 -55.48234558 0.65098039 0.74117647 0.85882353
v 0.98691171 0.29697397 -55.48656845 0.65098039 0.74117647 0.85882353
v 1.00700009 0.31720009 -55.47046280 0.65098039 0.74117647 0.85882353
v 1.01713991 0.32462052 -55.46446609 0.65098039 0.74117647 0.85882353
v 0.97790599 0.41730943 -55.38844299 0.65098039 0.74117647 0.85882353
v 0.98647875 0.39369729 -55.37591934 0.65098039 0.74117647 0.85882353
v 0.99454105 0.40023497 -55.38202286 0.65098039 0.74117647 0.85882353
v 1.04015279 0.34321997 -55.44885635 0.65098039 0.74117647 0.85882353
v 1.04202783 0.33979997 -55.44430542 0.65098039 0.74117647 0.85882353
v 1.03201270 0.32763383 -55.44868851 0.65098039 0.74117647 0.85882353
v 1.03047872 0.33165190 -55.45317841 0.65098039 0.74117647 0.85882353
v 0.93471372 0.41143408 -55.47089005 0.65098039 0.74117647 0.85882353
v 1.00612247 0.41820994 -55.47734451 0.65098039 0.74117647 0.85882353
v 1.01322448 0.40460452 -55.48028183 0.65098039 0.74117647 0.85882353
v 1.00303626 0.39726940 -55.48285294 0.65098039 0.74117647 0.85882353
v 0.99570930 0.41138795 -55.47935486 0.65098039 0.74117647 0.85882353
v 1.01951587 0.39244190 -55.48020172 0.65098039 0.74117647 0.85882353
v 1.02442229 0.38155511 -55.47743988 0.65098039 0.74117647 0.85882353
v 1.01464224 0.37324944 -55.48068237 0.65098039 0.74117647 0.85882353
v 1.00954580 0.38466933 -55.48341751 0.65098039 0.74117647 0.85882353
v 1.03932095 0.34954235 -55.45372009 0.65098039 0.74117647 0.85882353
v 1.02739954 0.33643195 -55.45849609 0.65098039 0.74117647 0.85882353
v 0.99309969 0.45181391 -55.43005753 0.65098039 0.74117647 0.85882353
v 0.95702231 0.43321857 -55.43766785 0.65098039 0.74117647 0.85882353
v 0.94790053 0.42654946 -55.44152451 0.65098039 0.74117647 0.85882353
v 0.94635457 0.42271343 -55.41590881 0.65098039 0.74117647 0.85882353
v 0.95419157 0.42638460 -55.41234589 0.65098039 0.74117647 0.85882353
v 1.03069758 0.35403678 -55.40263748 0.65098039 0.74117647 0.85882353
v 1.03666663 0.35029021 -55.40858078 0.65098039 0.74117647 0.85882353
v 1.04365826 0.34635183 -55.41439438 0.65098039 0.74117647 0.85882353
v 1.03066576 0.31899229 -55.43977737 0.65098039 0.74117647 0.85882353
v 1.04884923 0.34592089 -55.41967773 0.65098039 0.74117647 0.85882353
v 1.00864589 0.38811687 -55.38547134 0.65098039 0.74117647 0.85882353
v 1.00282371 0.40835252 -55.38505936 0.65098039 0.74117647 0.85882353
v 0.95027173 0.40829298 -55.39331055 0.65098039 0.74117647 0.85882353
v 0.95836920 0.41088799 -55.38973999 0.65098039 0.74117647 0.85882353
v 1.00040483 0.44915786 -55.45162964 0.65098039 0.74117647 0.85882353
v 1.00854635 0.43675092 -55.46678543 0.65098039 0.74117647 0.85882353
v 1.06461954 0.36562672 -55.43805695 0.65098039 0.74117647 0.85882353
v 1.05389011 0.35296848 -55.43956757 0.65098039 0.74117647 0.85882353
v 1.05178201 0.35516092 -55.44456863 0.65098039 0.74117647 0.85882353
v 1.02094889 0.30704632 -55.44947052 0.65098039 0.74117647 0.85882353
v 1.03198111 0.32248488 -55.44428635 0.65098039 0.74117647 0.85882353
v 0.96397161 0.42464903 -55.46083832 0.65098039 0.74117647 0.85882353
v 1.02422404 0.41003612 -55.47684097 0.65098039 0.74117647 0.85882353
v 1.01701522 0.42310277 -55.47446060 0.65098039 0.74117647 0.85882353
v 1.00024021 0.37707475 -55.48616409 0.65098039 0.74117647 0.85882353
v 0.99079442 0.36983505 -55.49082565 0.65098039 0.74117647 0.85882353
v 0.98409563 0.38271734 -55.48997879 0.65098039 0.74117647 0.85882353
v 0.99344832 0.38944033 -55.48590088 0.65098039 0.74117647 0.85882353
v 1.04072154 0.38069144 -55.46770477 0.65098039 0.74117647 0.85882353
v 1.03519678 0.38939002 -55.47332001 0.65098039 0.74117647 0.85882353
v 0.99455601 0.35663667 -55.48834229 0.65098039 0.74117647 0.85882353
v 1.00456929 0.36417314 -55.48384476 0.65098039 0.74117647 0.85882353
v 1.04956675 0.35908189 -55.44940567 0.65098039 0.74117647 0.85882353
v 0.94432473 0.40607002 -55.39734268 0.65098039 0.74117647 0.85882353
v 0.94396973 0.38628474 -55.37768173 0.65098039 0.74117647 0.85882353
v 0.95093566 0.39076963 -55.37790680 0.65098039 0.74117647 0.85882353
v 0.95802587 0.39127341 -55.37561417 0.65098039 0.74117647 0.85882353
v 0.96690071 0.39085785 -55.37396622 0.65098039 0.74117647 0.85882353
v 0.97728610 0.39019623 -55.37325287 0.65098039 0.74117647 0.85882353
v 0.93658257 0.37985399 -55.37692642 0.65098039 0.74117647 0.85882353
v 1.21090651 0.54123390 -55.36448288 0.65098039 0.74117647 0.85882353
v 1.06856823 0.36568901 -55.43235016 0.65098039 0.74117647 0.85882353
v 1.07444084 0.37847975 -55.43703461 0.65098039 0.74117647 0.85882353
v 1.07996976 0.37942818 -55.43139267 0.65098039 0.74117647 0.85882353
v 1.11209857 0.44049618 -55.43196487 0.65098039 0.74117647 0.85882353
v 0.79493946 0.52988970 -55.31185150 0.65098039 0.74117647 0.85882353
v 0.79595697 0.52362370 -55.31269073 0.65098039 0.74117647 0.85882353
v 0.79432017 0.55368221 -55.31772232 0.65098039 0.74117647 0.85882353
v 0.79418737 0.55025923 -55.31611633 0.65098039 0.74117647 0.85882353
v 1.19646788 0.55217552 -55.39582443 0.65098039 0.74117647 0.85882353
v 1.19947159 0.56056249 -55.39453506 0.65098039 0.74117647 0.85882353
v 1.20084083 0.61202550 -55.38939667 0.65098039 0.74117647 0.85882353
v 1.18555951 0.61502731 -55.39968109 0.65098039 0.74117647 0.85882353
v 1.18124747 0.63638031 -55.39701462 0.65098039 0.74117647 0.85882353
v 1.14439774 0.61620891 -55.39610672 0.65098039 0.74117647 0.85882353
v 1.13814139 0.61086452 -55.38329697 0.65098039 0.74117647 0.85882353
v 1.14707518 0.59779561 -55.34311676 0.65098039 0.74117647 0.85882353
v 1.20640516 0.60286081 -55.34357834 0.65098039 0.74117647 0.85882353
v 1.12807572 0.74826157 -55.36244965 0.65098039 0.74117647 0.85882353
v 1.12229586 0.76632500 -55.35657501 0.65098039 0.74117647 0.85882353
v 1.12952280 0.76997817 -55.36329651 0.65098039 0.74117647 0.85882353
v 1.13647032 0.75176024 -55.36821747 0.65098039 0.74117647 0.85882353
v 1.11575770 0.78338480 -55.35068130 0.65098039 0.74117647 0.85882353
v 1.12006807 0.76321161 -55.34753418 0.65098039 0.74117647 0.85882353
v 1.11542213 0.78019977 -55.34136963 0.65098039 0.74117647 0.85882353
v 1.12231207 0.76092958 -55.33846283 0.65098039 0.74117647 0.85882353
v 1.11894488 0.77849698 -55.33334351 0.65098039 0.74117647 0.85882353
v 1.12486446 0.77794170 -55.32622147 0.65098039 0.74117647 0.85882353
v 1.12726688 0.76009381 -55.33019638 0.65098039 0.74117647 0.85882353
v 1.13427043 0.76077080 -55.32393265 0.65098039 0.74117647 0.85882353
v 1.13224244 0.77898848 -55.32110977 0.65098039 0.74117647 0.85882353
v 1.14440119 0.74267423 -55.32155991 0.65098039 0.74117647 0.85882353
v 1.15414643 0.74442887 -55.31840515 0.65098039 0.74117647 0.85882353
v 1.15179181 0.76440609 -55.31855774 0.65098039 0.74117647 0.85882353
v 1.14276040 0.76252437 -55.32016373 0.65098039 0.74117647 0.85882353
v 1.16352320 0.78747833 -55.32540512 0.65098039 0.74117647 0.85882353
v 1.16855347 0.76868844 -55.32490921 0.65098039 0.74117647 0.85882353
v 1.17191494 0.77064455 -55.33345413 0.65098039 0.74117647 0.85882353
v 1.16616237 0.78912747 -55.33285522 0.65098039 0.74117647 0.85882353
v 1.17466366 0.75468552 -55.35349655 0.65098039 0.74117647 0.85882353
v 1.16852033 0.77433586 -55.35258484 0.65098039 0.74117647 0.85882353
v 1.17132747 0.77264714 -55.34286880 0.65098039 0.74117647 0.85882353
v 1.17785549 0.75252700 -55.34319305 0.65098039 0.74117647 0.85882353
v 1.16380572 0.79283690 -55.35205460 0.65098039 0.74117647 0.85882353
v 1.16103840 0.77509642 -55.35913086 0.65098039 0.74117647 0.85882353
v 1.15553379 0.79267764 -55.35833359 0.65098039 0.74117647 0.85882353
v 1.12832677 0.72709215 -55.35902786 0.65098039 0.74117647 0.85882353
v 1.13360143 0.73041546 -55.36812210 0.65098039 0.74117647 0.85882353
v 1.13857722 0.71228969 -55.37342072 0.65098039 0.74117647 0.85882353
v 1.12933850 0.74124706 -55.33452606 0.65098039 0.74117647 0.85882353
v 1.12512481 0.74254835 -55.34352493 0.65098039 0.74117647 0.85882353
v 1.12784147 0.72428715 -55.34868622 0.65098039 0.74117647 0.85882353
v 1.13134277 0.72251785 -55.33891296 0.65098039 0.74117647 0.85882353
v 1.15697718 0.70405936 -55.31940460 0.65098039 0.74117647 0.85882353
v 1.15597069 0.72454274 -55.31899261 0.65098039 0.74117647 0.85882353
v 1.14566267 0.72284067 -55.32352066 0.65098039 0.74117647 0.85882353
v 1.13591337 0.74142170 -55.32723236 0.65098039 0.74117647 0.85882353
v 1.13743842 0.72215772 -55.33036804 0.65098039 0.74117647 0.85882353
v 1.16449571 0.74659014 -55.31909180 0.65098039 0.74117647 0.85882353
v 1.16131699 0.76657176 -55.31964111 0.65098039 0.74117647 0.85882353
v 1.14710677 0.75434828 -55.36901093 0.65098039 0.74117647 0.85882353
v 1.14018214 0.77265644 -55.36473846 0.65098039 0.74117647 0.85882353
v 1.15079165 0.77446556 -55.36281204 0.65098039 0.74117647 0.85882353
v 1.15755868 0.75590718 -55.36669540 0.65098039 0.74117647 0.85882353
v 1.16699898 0.72653711 -55.31912994 0.65098039 0.74117647 0.85882353
v 1.15324843 0.73576140 -55.37393570 0.65098039 0.74117647 0.85882353
v 1.16433573 0.73693371 -55.37052155 0.65098039 0.74117647 0.85882353
v 1.16745949 0.75609481 -55.36139297 0.65098039 0.74117647 0.85882353
v 1.17439377 0.73669493 -55.36394501 0.65098039 0.74117647 0.85882353
v 1.13346434 0.78974295 -55.36156082 0.65098039 0.74117647 0.85882353
v 1.12288785 0.78702116 -55.35862350 0.65098039 0.74117647 0.85882353
v 1.14242208 0.73356986 -55.37383270 0.65098039 0.74117647 0.85882353
v 1.17322540 0.74888062 -55.32406235 0.65098039 0.74117647 0.85882353
v 1.17675209 0.72870994 -55.32386398 0.65098039 0.74117647 0.85882353
v 1.18258154 0.73069978 -55.33256912 0.65098039 0.74117647 0.85882353
v 1.17777932 0.75066829 -55.33290482 0.65098039 0.74117647 0.85882353
v 1.18816137 0.71448636 -55.35540771 0.65098039 0.74117647 0.85882353
v 1.18116045 0.73482013 -55.35418320 0.65098039 0.74117647 0.85882353
v 1.18367338 0.73250496 -55.34328842 0.65098039 0.74117647 0.85882353
v 1.16633558 0.79132271 -55.34195328 0.65098039 0.74117647 0.85882353
v 1.18156648 0.71665859 -55.36663055 0.65098039 0.74117647 0.85882353
v 1.10605431 0.85674357 -55.30981827 0.65098039 0.74117647 0.85882353
v 1.09598374 0.85833633 -55.30778122 0.65098039 0.74117647 0.85882353
v 1.09719086 0.84839535 -55.30535126 0.65098039 0.74117647 0.85882353
v 1.10795474 0.84674835 -55.30796051 0.65098039 0.74117647 0.85882353
v 1.09738636 0.82553232 -55.29918671 0.65098039 0.74117647 0.85882353
v 1.08566904 0.83073652 -55.29910278 0.65098039 0.74117647 0.85882353
v 1.08147335 0.82249558 -55.30335999 0.65098039 0.74117647 0.85882353
v 1.09276938 0.81577325 -55.30346680 0.65098039 0.74117647 0.85882353
v 1.08649063 0.85917103 -55.30854416 0.65098039 0.74117647 0.85882353
v 1.08779359 0.84983611 -55.30480576 0.65098039 0.74117647 0.85882353
v 1.08045471 0.85685730 -55.31312943 0.65098039 0.74117647 0.85882353
v 1.08477914 0.86739492 -55.31196594 0.65098039 0.74117647 0.85882353
v 1.08088887 0.86644197 -55.31848145 0.65098039 0.74117647 0.85882353
v 1.08013141 0.87460828 -55.32062912 0.65098039 0.74117647 0.85882353
v 1.08338034 0.87509727 -55.32924271 0.65098039 0.74117647 0.85882353
v 1.08385563 0.86297715 -55.32960510 0.65098039 0.74117647 0.85882353
v 1.10696363 0.86554778 -55.34176254 0.65098039 0.74117647 0.85882353
v 1.10247743 0.87878704 -55.33747101 0.65098039 0.74117647 0.85882353
v 1.11321998 0.87976694 -55.33853912 0.65098039 0.74117647 0.85882353
v 1.11733401 0.86622405 -55.34249496 0.65098039 0.74117647 0.85882353
v 1.13338900 0.87671757 -55.33541489 0.65098039 0.74117647 0.85882353
v 1.13561594 0.86353600 -55.33926392 0.65098039 0.74117647 0.85882353
v 1.12640142 0.86518109 -55.34076691 0.65098039 0.74117647 0.85882353
v 1.12275362 0.87912822 -55.33649826 0.65098039 0.74117647 0.85882353
v 1.12121725 0.85562730 -55.31349945 0.65098039 0.74117647 0.85882353
v 1.11516190 0.85552084 -55.31245804 0.65098039 0.74117647 0.85882353
v 1.11807156 0.84614277 -55.31128693 0.65098039 0.74117647 0.85882353
v 1.12472820 0.84594440 -55.31279755 0.65098039 0.74117647 0.85882353
v 1.07114887 0.85171723 -55.31720734 0.65098039 0.74117647 0.85882353
v 1.07253051 0.85292745 -55.31322098 0.65098039 0.74117647 0.85882353
v 1.07883954 0.85628581 -55.32025528 0.65098039 0.74117647 0.85882353
v 1.07895541 0.85082519 -55.32477188 0.65098039 0.74117647 0.85882353
v 1.14373958 0.82410097 -55.30749893 0.65098039 0.74117647 0.85882353
v 1.13674974 0.82156968 -55.30778122 0.65098039 0.74117647 0.85882353
v 1.13699818 0.81099892 -55.31087494 0.65098039 0.74117647 0.85882353
v 1.14533973 0.81276762 -55.31069946 0.65098039 0.74117647 0.85882353
v 1.11119556 0.80696273 -55.30761337 0.65098039 0.74117647 0.85882353
v 1.10451841 0.80264783 -55.31971359 0.65098039 0.74117647 0.85882353
v 1.11061502 0.79911220 -55.32204056 0.65098039 0.74117647 0.85882353
v 1.11897206 0.80528641 -55.31162262 0.65098039 0.74117647 0.85882353
v 1.10295892 0.81037402 -55.30488968 0.65098039 0.74117647 0.85882353
v 1.08876562 0.81277728 -55.31432724 0.65098039 0.74117647 0.85882353
v 1.09748781 0.80666065 -55.31674576 0.65098039 0.74117647 0.85882353
v 1.07809687 0.82028008 -55.31233597 0.65098039 0.74117647 0.85882353
v 1.15523624 0.81432652 -55.31383896 0.65098039 0.74117647 0.85882353
v 1.15619469 0.82304657 -55.31110764 0.65098039 0.74117647 0.85882353
v 1.06833684 0.91909099 -55.30608368 0.65098039 0.74117647 0.85882353
v 1.07017195 0.91391432 -55.30717468 0.65098039 0.74117647 0.85882353
v 1.07468331 0.91622615 -55.30585861 0.65098039 0.74117647 0.85882353
v 1.07271242 0.92155337 -55.30496597 0.65098039 0.74117647 0.85882353
v 1.16266513 0.82573962 -55.32993698 0.65098039 0.74117647 0.85882353
v 1.16274154 0.81869376 -55.32916641 0.65098039 0.74117647 0.85882353
v 1.16046667 0.82073128 -55.33804703 0.65098039 0.74117647 0.85882353
v 1.15829599 0.82755828 -55.33843231 0.65098039 0.74117647 0.85882353
v 1.16236472 0.83521318 -55.33010864 0.65098039 0.74117647 0.85882353
v 1.15594590 0.83682680 -55.33835983 0.65098039 0.74117647 0.85882353
v 1.06486261 0.92224479 -55.31782532 0.65098039 0.74117647 0.85882353
v 1.06744778 0.91710222 -55.31973648 0.65098039 0.74117647 0.85882353
v 1.06620336 0.91476083 -55.31546783 0.65098039 0.74117647 0.85882353
v 1.06389964 0.91988349 -55.31355286 0.65098039 0.74117647 0.85882353
v 1.10266268 0.86565518 -55.31017685 0.65098039 0.74117647 0.85882353
v 1.09309316 0.86686301 -55.30869675 0.65098039 0.74117647 0.85882353
v 1.08997154 0.88485885 -55.30743027 0.65098039 0.74117647 0.85882353
v 1.08466434 0.88183796 -55.30934525 0.65098039 0.74117647 0.85882353
v 1.08886266 0.87462187 -55.30894089 0.65098039 0.74117647 0.85882353
v 1.09830499 0.87570202 -55.30901718 0.65098039 0.74117647 0.85882353
v 1.11858749 0.87484527 -55.31195450 0.65098039 0.74117647 0.85882353
v 1.11076760 0.87676406 -55.31078339 0.65098039 0.74117647 0.85882353
v 1.11402011 0.86667001 -55.31271362 0.65098039 0.74117647 0.85882353
v 1.12197685 0.86511815 -55.31369400 0.65098039 0.74117647 0.85882353
v 1.13368571 0.86496484 -55.31175232 0.65098039 0.74117647 0.85882353
v 1.13936591 0.86638701 -55.30978012 0.65098039 0.74117647 0.85882353
v 1.13754678 0.87508345 -55.30921936 0.65098039 0.74117647 0.85882353
v 1.13095868 0.87467909 -55.31082916 0.65098039 0.74117647 0.85882353
v 1.11977530 0.89259410 -55.30926132 0.65098039 0.74117647 0.85882353
v 1.12529349 0.89304864 -55.30927658 0.65098039 0.74117647 0.85882353
v 1.12228978 0.90176594 -55.31064224 0.65098039 0.74117647 0.85882353
v 1.11700845 0.90168929 -55.31016922 0.65098039 0.74117647 0.85882353
v 1.16320610 0.81226695 -55.32925797 0.65098039 0.74117647 0.85882353
v 1.16238594 0.81397688 -55.33882141 0.65098039 0.74117647 0.85882353
v 1.15235460 0.87208450 -55.33005142 0.65098039 0.74117647 0.85882353
v 1.15249956 0.88201940 -55.32781219 0.65098039 0.74117647 0.85882353
v 1.16015434 0.87922645 -55.32133484 0.65098039 0.74117647 0.85882353
v 1.15991831 0.86864543 -55.32349777 0.65098039 0.74117647 0.85882353
v 1.15042710 0.82945073 -55.34473038 0.65098039 0.74117647 0.85882353
v 1.15332413 0.82252121 -55.34553909 0.65098039 0.74117647 0.85882353
v 1.06845629 0.92554390 -55.32020950 0.65098039 0.74117647 0.85882353
v 1.07097650 0.92036879 -55.32242203 0.65098039 0.74117647 0.85882353
v 1.07751310 0.82424641 -55.32226944 0.65098039 0.74117647 0.85882353
v 1.08894467 0.81673884 -55.32576752 0.65098039 0.74117647 0.85882353
v 1.09823227 0.81065750 -55.32872009 0.65098039 0.74117647 0.85882353
v 1.10406649 0.80591929 -55.33129883 0.65098039 0.74117647 0.85882353
v 1.10725307 0.80103970 -55.33383560 0.65098039 0.74117647 0.85882353
v 1.10116005 0.88199770 -55.30842590 0.65098039 0.74117647 0.85882353
v 1.11116672 0.86246467 -55.31217575 0.65098039 0.74117647 0.85882353
v 1.12571061 0.85522890 -55.31368637 0.65098039 0.74117647 0.85882353
v 1.15387607 0.85786545 -55.30727768 0.65098039 0.74117647 0.85882353
v 1.14630902 0.85842288 -55.30789948 0.65098039 0.74117647 0.85882353
v 1.14611149 0.85047603 -55.30727768 0.65098039 0.74117647 0.85882353
v 1.15638781 0.85000551 -55.30780411 0.65098039 0.74117647 0.85882353
v 1.16204107 0.86727977 -55.31524277 0.65098039 0.74117647 0.85882353
v 1.16124451 0.87728238 -55.31346512 0.65098039 0.74117647 0.85882353
v 1.15690589 0.87643480 -55.30820847 0.65098039 0.74117647 0.85882353
v 1.15819073 0.86740959 -55.30913544 0.65098039 0.74117647 0.85882353
v 1.06799269 0.84873128 -55.32057571 0.65098039 0.74117647 0.85882353
v 1.07689333 0.84398222 -55.32649994 0.65098039 0.74117647 0.85882353
v 1.16221952 0.82428098 -55.32003021 0.65098039 0.74117647 0.85882353
v 1.16112256 0.81663537 -55.32051468 0.65098039 0.74117647 0.85882353
v 1.16029394 0.80966270 -55.32200623 0.65098039 0.74117647 0.85882353
v 1.13154280 0.83369553 -55.30986023 0.65098039 0.74117647 0.85882353
v 1.12714171 0.83401310 -55.30949783 0.65098039 0.74117647 0.85882353
v 1.12652326 0.81941605 -55.30635071 0.65098039 0.74117647 0.85882353
v 1.13232231 0.82014835 -55.30788040 0.65098039 0.74117647 0.85882353
v 1.10980678 0.83551061 -55.30324173 0.65098039 0.74117647 0.85882353
v 1.09831047 0.83794308 -55.30096436 0.65098039 0.74117647 0.85882353
v 1.10923076 0.82187021 -55.30081177 0.65098039 0.74117647 0.85882353
v 1.12968636 0.80858874 -55.31099701 0.65098039 0.74117647 0.85882353
v 1.12914479 0.80102050 -55.31538010 0.65098039 0.74117647 0.85882353
v 1.13759625 0.80329800 -55.31481552 0.65098039 0.74117647 0.85882353
v 1.14636469 0.80548477 -55.31469727 0.65098039 0.74117647 0.85882353
v 1.15478265 0.80757284 -55.31684113 0.65098039 0.74117647 0.85882353
v 1.13046026 0.79253292 -55.31848145 0.65098039 0.74117647 0.85882353
v 1.13889146 0.79476655 -55.31707001 0.65098039 0.74117647 0.85882353
v 1.14786196 0.79724646 -55.31726074 0.65098039 0.74117647 0.85882353
v 1.15561187 0.79953718 -55.31953812 0.65098039 0.74117647 0.85882353
v 1.15966249 0.80607057 -55.35019302 0.65098039 0.74117647 0.85882353
v 1.15633535 0.81507230 -55.34740067 0.65098039 0.74117647 0.85882353
v 1.16442001 0.80511546 -55.34062958 0.65098039 0.74117647 0.85882353
v 1.11437976 0.79152477 -55.32786179 0.65098039 0.74117647 0.85882353
v 1.12220144 0.79173291 -55.32239532 0.65098039 0.74117647 0.85882353
v 1.11994863 0.79961240 -55.31799316 0.65098039 0.74117647 0.85882353
v 1.11091614 0.79347777 -55.33650208 0.65098039 0.74117647 0.85882353
v 1.07672727 0.83481264 -55.30018234 0.65098039 0.74117647 0.85882353
v 1.07948506 0.84270072 -55.30214691 0.65098039 0.74117647 0.85882353
v 1.07250977 0.84548056 -55.30184555 0.65098039 0.74117647 0.85882353
v 1.06943703 0.83939517 -55.30001831 0.65098039 0.74117647 0.85882353
v 1.08254063 0.87429738 -55.31378174 0.65098039 0.74117647 0.85882353
v 1.08019233 0.88126218 -55.31416321 0.65098039 0.74117647 0.85882353
v 1.07862854 0.88226295 -55.32077026 0.65098039 0.74117647 0.85882353
v 1.15732598 0.83251691 -55.30969238 0.65098039 0.74117647 0.85882353
v 1.14625502 0.83347404 -55.30694962 0.65098039 0.74117647 0.85882353
v 1.09420800 0.88879204 -55.30738831 0.65098039 0.74117647 0.85882353
v 1.07048047 0.91086197 -55.32143402 0.65098039 0.74117647 0.85882353
v 1.07513893 0.89981806 -55.32377243 0.65098039 0.74117647 0.85882353
v 1.07371092 0.89714193 -55.31847000 0.65098039 0.74117647 0.85882353
v 1.06890464 0.90852904 -55.31679153 0.65098039 0.74117647 0.85882353
v 1.09375906 0.89839244 -55.31036377 0.65098039 0.74117647 0.85882353
v 1.08932209 0.90509510 -55.31159973 0.65098039 0.74117647 0.85882353
v 1.08675909 0.90100527 -55.30812836 0.65098039 0.74117647 0.85882353
v 1.09026015 0.89420509 -55.30805206 0.65098039 0.74117647 0.85882353
v 1.13200879 0.89294696 -55.30847931 0.65098039 0.74117647 0.85882353
v 1.12956131 0.90012789 -55.30967712 0.65098039 0.74117647 0.85882353
v 1.09859622 0.89114177 -55.33055878 0.65098039 0.74117647 0.85882353
v 1.09210825 0.87682855 -55.33631134 0.65098039 0.74117647 0.85882353
v 1.08895087 0.88724113 -55.33264542 0.65098039 0.74117647 0.85882353
v 1.12520814 0.87451386 -55.31191635 0.65098039 0.74117647 0.85882353
v 1.12819099 0.88410521 -55.30965424 0.65098039 0.74117647 0.85882353
v 1.12263870 0.88373804 -55.31008911 0.65098039 0.74117647 0.85882353
v 1.10219157 0.88595831 -55.30828094 0.65098039 0.74117647 0.85882353
v 1.10802233 0.88408947 -55.30932236 0.65098039 0.74117647 0.85882353
v 1.10425329 0.89089894 -55.30883026 0.65098039 0.74117647 0.85882353
v 1.09814572 0.89124131 -55.30811310 0.65098039 0.74117647 0.85882353
v 1.16326809 0.85493898 -55.31544495 0.65098039 0.74117647 0.85882353
v 1.16067708 0.85710406 -55.32665253 0.65098039 0.74117647 0.85882353
v 1.06725967 0.91353273 -55.31085205 0.65098039 0.74117647 0.85882353
v 1.06526363 0.91870761 -55.30940247 0.65098039 0.74117647 0.85882353
v 1.16385555 0.80336463 -55.33100891 0.65098039 0.74117647 0.85882353
v 1.16080618 0.80152035 -55.32402802 0.65098039 0.74117647 0.85882353
v 1.12791049 0.86459517 -55.31326294 0.65098039 0.74117647 0.85882353
v 1.09582245 0.86425304 -55.33853912 0.65098039 0.74117647 0.85882353
v 1.13056302 0.85467124 -55.31291580 0.65098039 0.74117647 0.85882353
v 1.13761914 0.89507997 -55.32497025 0.65098039 0.74117647 0.85882353
v 1.13563251 0.90260506 -55.32429886 0.65098039 0.74117647 0.85882353
v 1.13794303 0.90201652 -55.31821823 0.65098039 0.74117647 0.85882353
v 1.14155698 0.89538109 -55.31884003 0.65098039 0.74117647 0.85882353
v 1.08392239 0.91573107 -55.31192780 0.65098039 0.74117647 0.85882353
v 1.08076441 0.92238045 -55.31186295 0.65098039 0.74117647 0.85882353
v 1.07859588 0.91954768 -55.30770111 0.65098039 0.74117647 0.85882353
v 1.08145154 0.91246617 -55.30783463 0.65098039 0.74117647 0.85882353
v 1.08642018 0.89063394 -55.30790329 0.65098039 0.74117647 0.85882353
v 1.08280039 0.89770722 -55.30724716 0.65098039 0.74117647 0.85882353
v 1.07835126 0.89560962 -55.30915451 0.65098039 0.74117647 0.85882353
v 1.08181131 0.88798749 -55.30973816 0.65098039 0.74117647 0.85882353
v 1.07827759 0.88766968 -55.31420135 0.65098039 0.74117647 0.85882353
v 1.07512939 0.89566493 -55.31348419 0.65098039 0.74117647 0.85882353
v 1.08350527 0.91784620 -55.31800842 0.65098039 0.74117647 0.85882353
v 1.08862448 0.90769219 -55.31819916 0.65098039 0.74117647 0.85882353
v 1.08529091 0.90627718 -55.32482147 0.65098039 0.74117647 0.85882353
v 1.07950675 0.91688144 -55.32326889 0.65098039 0.74117647 0.85882353
v 1.13763845 0.85039544 -55.34296799 0.65098039 0.74117647 0.85882353
v 1.14502382 0.86214375 -55.33667374 0.65098039 0.74117647 0.85882353
v 1.14641619 0.84938049 -55.34029007 0.65098039 0.74117647 0.85882353
v 1.13131046 0.88867080 -55.33188629 0.65098039 0.74117647 0.85882353
v 1.14165020 0.88588381 -55.32709122 0.65098039 0.74117647 0.85882353
v 1.14342427 0.87466836 -55.33287048 0.65098039 0.74117647 0.85882353
v 1.15290737 0.86019588 -55.33337784 0.65098039 0.74117647 0.85882353
v 1.09859180 0.89956903 -55.31960297 0.65098039 0.74117647 0.85882353
v 1.09984350 0.89960051 -55.32543182 0.65098039 0.74117647 0.85882353
v 1.09206605 0.89809740 -55.32501984 0.65098039 0.74117647 0.85882353
v 1.13748169 0.85453320 -55.31072617 0.65098039 0.74117647 0.85882353
v 1.07012439 0.90706623 -55.31207657 0.65098039 0.74117647 0.85882353
v 1.11118901 0.81604624 -55.34891510 0.65098039 0.74117647 0.85882353
v 1.10794353 0.82318223 -55.34621048 0.65098039 0.74117647 0.85882353
v 1.11948264 0.82925272 -55.35176086 0.65098039 0.74117647 0.85882353
v 1.12141454 0.82032228 -55.35390091 0.65098039 0.74117647 0.85882353
v 1.07747734 0.90923810 -55.30649185 0.65098039 0.74117647 0.85882353
v 1.07304895 0.90724957 -55.30784225 0.65098039 0.74117647 0.85882353
v 1.13837886 0.89443517 -55.30869675 0.65098039 0.74117647 0.85882353
v 1.14225626 0.89759970 -55.31125641 0.65098039 0.74117647 0.85882353
v 1.13865888 0.90216136 -55.31262589 0.65098039 0.74117647 0.85882353
v 1.13510096 0.90052116 -55.31047058 0.65098039 0.74117647 0.85882353
v 1.15405703 0.84800982 -55.33666992 0.65098039 0.74117647 0.85882353
v 1.15344584 0.88915253 -55.32608032 0.65098039 0.74117647 0.85882353
v 1.16012430 0.88766134 -55.31918335 0.65098039 0.74117647 0.85882353
v 1.14814067 0.83816075 -55.34322739 0.65098039 0.74117647 0.85882353
v 1.14065695 0.83006859 -55.34887314 0.65098039 0.74117647 0.85882353
v 1.13930905 0.83881783 -55.34642029 0.65098039 0.74117647 0.85882353
v 1.11860418 0.89294052 -55.33036423 0.65098039 0.74117647 0.85882353
v 1.12940168 0.85176027 -55.34470367 0.65098039 0.74117647 0.85882353
v 1.13134289 0.83950138 -55.34829712 0.65098039 0.74117647 0.85882353
v 1.13162076 0.82962620 -55.35155869 0.65098039 0.74117647 0.85882353
v 1.13297129 0.82205105 -55.35391235 0.65098039 0.74117647 0.85882353
v 1.14290476 0.82282186 -55.35073853 0.65098039 0.74117647 0.85882353
v 1.07426953 0.91397882 -55.32437897 0.65098039 0.74117647 0.85882353
v 1.07618260 0.92319584 -55.32168579 0.65098039 0.74117647 0.85882353
v 1.14985609 0.80546856 -55.35597992 0.65098039 0.74117647 0.85882353
v 1.14577651 0.81487608 -55.35292816 0.65098039 0.74117647 0.85882353
v 1.13909841 0.80439818 -55.35850143 0.65098039 0.74117647 0.85882353
v 1.13547516 0.81414866 -55.35619736 0.65098039 0.74117647 0.85882353
v 1.11349428 0.83949554 -55.34835815 0.65098039 0.74117647 0.85882353
v 1.12246573 0.84010804 -55.34924698 0.65098039 0.74117647 0.85882353
v 1.11076570 0.85251272 -55.34514618 0.65098039 0.74117647 0.85882353
v 1.12083232 0.85267007 -55.34602737 0.65098039 0.74117647 0.85882353
v 1.10905313 0.89174330 -55.33443451 0.65098039 0.74117647 0.85882353
v 1.07266772 0.93658423 -55.31439972 0.65098039 0.74117647 0.85882353
v 1.07437003 0.93584132 -55.31032562 0.65098039 0.74117647 0.85882353
v 1.07813311 0.92829752 -55.31124115 0.65098039 0.74117647 0.85882353
v 1.07646680 0.92950058 -55.31603241 0.65098039 0.74117647 0.85882353
v 1.07985985 0.92395937 -55.31722641 0.65098039 0.74117647 0.85882353
v 1.07316279 0.92850626 -55.31990433 0.65098039 0.74117647 0.85882353
v 1.09931469 0.85097861 -55.34098816 0.65098039 0.74117647 0.85882353
v 1.10064840 0.89782047 -55.31020737 0.65098039 0.74117647 0.85882353
v 1.10106635 0.83504093 -55.34146881 0.65098039 0.74117647 0.85882353
v 1.08689547 0.84011650 -55.33415604 0.65098039 0.74117647 0.85882353
v 1.08695579 0.85122585 -55.33430099 0.65098039 0.74117647 0.85882353
v 1.09219599 0.82361162 -55.33535385 0.65098039 0.74117647 0.85882353
v 1.10045123 0.81614006 -55.33900070 0.65098039 0.74117647 0.85882353
v 1.10822916 0.80498791 -55.34321213 0.65098039 0.74117647 0.85882353
v 1.10551369 0.81024289 -55.34125519 0.65098039 0.74117647 0.85882353
v 1.11083090 0.79692388 -55.34619904 0.65098039 0.74117647 0.85882353
v 1.08141422 0.83070910 -55.33022308 0.65098039 0.74117647 0.85882353
v 1.07073426 0.92882252 -55.30367661 0.65098039 0.74117647 0.85882353
v 1.06616497 0.92622149 -55.30410004 0.65098039 0.74117647 0.85882353
v 1.11346829 0.80954266 -55.35110092 0.65098039 0.74117647 0.85882353
v 1.11702466 0.80044162 -55.35439682 0.65098039 0.74117647 0.85882353
v 1.08781719 0.84098363 -55.30068970 0.65098039 0.74117647 0.85882353
v 1.13267207 0.84481227 -55.31175613 0.65098039 0.74117647 0.85882353
v 1.13791275 0.84408009 -55.30953598 0.65098039 0.74117647 0.85882353
v 1.14622509 0.84244967 -55.30696106 0.65098039 0.74117647 0.85882353
v 1.15715933 0.84148097 -55.30852890 0.65098039 0.74117647 0.85882353
v 1.12763739 0.80307496 -55.35928726 0.65098039 0.74117647 0.85882353
v 1.14045358 0.78117049 -55.31866837 0.65098039 0.74117647 0.85882353
v 1.14941883 0.78344119 -55.31864548 0.65098039 0.74117647 0.85882353
v 1.14462650 0.79139924 -55.36068344 0.65098039 0.74117647 0.85882353
v 1.06278574 0.92573845 -55.30706406 0.65098039 0.74117647 0.85882353
v 1.11945629 0.90520632 -55.31663513 0.65098039 0.74117647 0.85882353
v 1.11694074 0.90594304 -55.31570053 0.65098039 0.74117647 0.85882353
v 1.07331550 0.82809234 -55.30302048 0.65098039 0.74117647 0.85882353
v 1.06601036 0.83452868 -55.30253220 0.65098039 0.74117647 0.85882353
v 1.06132436 0.83822811 -55.31530380 0.65098039 0.74117647 0.85882353
v 1.06838202 0.83068943 -55.31878281 0.65098039 0.74117647 0.85882353
v 1.06951797 0.82660425 -55.31035614 0.65098039 0.74117647 0.85882353
v 1.06281722 0.83452904 -55.30834579 0.65098039 0.74117647 0.85882353
v 1.13469374 0.83392870 -55.30918884 0.65098039 0.74117647 0.85882353
v 1.13932192 0.83426142 -55.30822754 0.65098039 0.74117647 0.85882353
v 1.16137338 0.84574413 -55.32903671 0.65098039 0.74117647 0.85882353
v 1.16380799 0.84370720 -55.31803894 0.65098039 0.74117647 0.85882353
v 1.07699907 0.88901031 -55.31994629 0.65098039 0.74117647 0.85882353
v 1.07921839 0.89136839 -55.32548141 0.65098039 0.74117647 0.85882353
v 1.08162141 0.88418388 -55.32757568 0.65098039 0.74117647 0.85882353
v 1.07996714 0.90306687 -55.32691193 0.65098039 0.74117647 0.85882353
v 1.09319592 0.90107918 -55.31721878 0.65098039 0.74117647 0.85882353
v 1.09774220 0.90025973 -55.31498337 0.65098039 0.74117647 0.85882353
v 1.11977899 0.83456731 -55.30712128 0.65098039 0.74117647 0.85882353
v 1.11874819 0.82016432 -55.30362701 0.65098039 0.74117647 0.85882353
v 1.07437849 0.85085249 -55.30735016 0.65098039 0.74117647 0.85882353
v 1.08067751 0.84949052 -55.30630112 0.65098039 0.74117647 0.85882353
v 1.11561227 0.88323987 -55.31005096 0.65098039 0.74117647 0.85882353
v 1.11232340 0.90333676 -55.32796478 0.65098039 0.74117647 0.85882353
v 1.10542464 0.90103650 -55.33098984 0.65098039 0.74117647 0.85882353
v 1.11250329 0.89099538 -55.30938721 0.65098039 0.74117647 0.85882353
v 1.06115651 0.92712450 -55.31086349 0.65098039 0.74117647 0.85882353
v 1.06190276 0.92950726 -55.31506348 0.65098039 0.74117647 0.85882353
v 1.08495831 0.89474046 -55.32929230 0.65098039 0.74117647 0.85882353
v 1.13505769 0.88435292 -55.30842972 0.65098039 0.74117647 0.85882353
v 1.11525035 0.90561342 -55.32219315 0.65098039 0.74117647 0.85882353
v 1.12050581 0.90065360 -55.32548904 0.65098039 0.74117647 0.85882353
v 1.16004562 0.88449895 -55.31260300 0.65098039 0.74117647 0.85882353
v 1.12359858 0.81288171 -55.35620499 0.65098039 0.74117647 0.85882353
v 1.07684863 0.92503810 -55.30685806 0.65098039 0.74117647 0.85882353
v 1.07429945 0.93242145 -55.30570984 0.65098039 0.74117647 0.85882353
v 1.06986976 0.93523514 -55.31724548 0.65098039 0.74117647 0.85882353
v 1.06573558 0.93237579 -55.31771851 0.65098039 0.74117647 0.85882353
v 1.16352463 0.83343887 -55.31945419 0.65098039 0.74117647 0.85882353
v 1.12890470 0.84546351 -55.31281281 0.65098039 0.74117647 0.85882353
v 1.15776372 0.78548527 -55.32045746 0.65098039 0.74117647 0.85882353
v 1.07171583 0.83677936 -55.32543182 0.65098039 0.74117647 0.85882353
v 1.06350541 0.84377408 -55.32047653 0.65098039 0.74117647 0.85882353
v 1.10972285 0.89834654 -55.30944824 0.65098039 0.74117647 0.85882353
v 1.14587402 0.89165151 -55.32384491 0.65098039 0.74117647 0.85882353
v 1.12176991 0.90516257 -55.32632828 0.65098039 0.74117647 0.85882353
v 1.12880111 0.90375900 -55.32875824 0.65098039 0.74117647 0.85882353
v 1.12997651 0.89712048 -55.32980728 0.65098039 0.74117647 0.85882353
v 1.11981916 0.90696955 -55.32111740 0.65098039 0.74117647 0.85882353
v 1.06307936 0.93860006 -55.31591034 0.65098039 0.74117647 0.85882353
v 1.06717849 0.94119418 -55.31544113 0.65098039 0.74117647 0.85882353
v 1.05909979 0.93590403 -55.31323242 0.65098039 0.74117647 0.85882353
v 1.05899239 0.93309176 -55.30913544 0.65098039 0.74117647 0.85882353
v 1.06093752 0.93129158 -55.30578232 0.65098039 0.74117647 0.85882353
v 1.07004356 0.94229829 -55.31287384 0.65098039 0.74117647 0.85882353
v 1.07178986 0.94132984 -55.30926132 0.65098039 0.74117647 0.85882353
v 1.07200575 0.93761408 -55.30504227 0.65098039 0.74117647 0.85882353
v 1.06801987 0.94733667 -55.31131363 0.65098039 0.74117647 0.85882353
v 1.06465769 0.94726002 -55.31349945 0.65098039 0.74117647 0.85882353
v 1.05421257 0.94734955 -55.30858612 0.65098039 0.74117647 0.85882353
v 1.05512667 0.94973636 -55.31041718 0.65098039 0.74117647 0.85882353
v 1.05666757 0.94661188 -55.31166458 0.65098039 0.74117647 0.85882353
v 1.05649292 0.94282663 -55.31148529 0.65098039 0.74117647 0.85882353
v 1.05324006 0.95201242 -55.30679321 0.65098039 0.74117647 0.85882353
v 1.05391002 0.95411623 -55.30915070 0.65098039 0.74117647 0.85882353
v 1.05799150 0.95164514 -55.31214523 0.65098039 0.74117647 0.85882353
v 1.05935431 0.94739270 -55.31307983 0.65098039 0.74117647 0.85882353
v 1.05666053 0.95641494 -55.31107330 0.65098039 0.74117647 0.85882353
v 1.06030345 0.95745265 -55.31068802 0.65098039 0.74117647 0.85882353
v 1.06144953 0.95280504 -55.31158066 0.65098039 0.74117647 0.85882353
v 1.06189919 0.94905090 -55.31272507 0.65098039 0.74117647 0.85882353
v 1.06072640 0.94405353 -55.31421661 0.65098039 0.74117647 0.85882353
v 1.05346274 0.95665467 -55.30592728 0.65098039 0.74117647 0.85882353
v 1.05632436 0.96062827 -55.30657196 0.65098039 0.74117647 0.85882353
v 1.05573595 0.96019876 -55.30954742 0.65098039 0.74117647 0.85882353
v 1.05349708 0.95732021 -55.30832291 0.65098039 0.74117647 0.85882353
v 1.05696774 0.93890202 -55.30770111 0.65098039 0.74117647 0.85882353
v 1.05521142 0.94515562 -55.30567932 0.65098039 0.74117647 0.85882353
v 1.05437446 0.95061612 -55.30396652 0.65098039 0.74117647 0.85882353
v 1.05498254 0.95555472 -55.30327988 0.65098039 0.74117647 0.85882353
v 1.05717540 0.94449115 -55.30262375 0.65098039 0.74117647 0.85882353
v 1.05651140 0.95037818 -55.30173492 0.65098039 0.74117647 0.85882353
v 1.05716264 0.95453596 -55.30155945 0.65098039 0.74117647 0.85882353
v 1.06023479 0.94521403 -55.30067825 0.65098039 0.74117647 0.85882353
v 1.05911577 0.95113504 -55.30062103 0.65098039 0.74117647 0.85882353
v 1.05909765 0.93683720 -55.30443573 0.65098039 0.74117647 0.85882353
v 1.06251168 0.93683171 -55.30217361 0.65098039 0.74117647 0.85882353
v 1.05893469 0.95396483 -55.30103683 0.65098039 0.74117647 0.85882353
v 1.05789280 0.95941949 -55.30416870 0.65098039 0.74117647 0.85882353
v 1.06435776 0.95291185 -55.31099701 0.65098039 0.74117647 0.85882353
v 1.06291497 0.95766449 -55.30932617 0.65098039 0.74117647 0.85882353
v 1.06638074 0.95266163 -55.30923462 0.65098039 0.74117647 0.85882353
v 1.06444430 0.95728970 -55.30751038 0.65098039 0.74117647 0.85882353
v 1.05914497 0.96067345 -55.30997467 0.65098039 0.74117647 0.85882353
v 1.06060994 0.96100199 -55.30796814 0.65098039 0.74117647 0.85882353
v 1.06436968 0.93132544 -55.30323410 0.65098039 0.74117647 0.85882353
v 1.06900191 0.93397009 -55.30307388 0.65098039 0.74117647 0.85882353
v 1.06688082 0.93912971 -55.30205536 0.65098039 0.74117647 0.85882353
v 1.06451726 0.94722724 -55.30055237 0.65098039 0.74117647 0.85882353
v 1.06967521 0.94266415 -55.30427933 0.65098039 0.74117647 0.85882353
v 1.06957996 0.94636321 -55.30799103 0.65098039 0.74117647 0.85882353
v 1.06735015 0.95188475 -55.30661011 0.65098039 0.74117647 0.85882353
v 1.06731713 0.94978356 -55.30315018 0.65098039 0.74117647 0.85882353
v 1.06513941 0.95611811 -55.30501556 0.65098039 0.74117647 0.85882353
v 1.06474245 0.95453858 -55.30256271 0.65098039 0.74117647 0.85882353
v 1.06234312 0.95278847 -55.30082321 0.65098039 0.74117647 0.85882353
v 1.06268764 0.95819592 -55.30376053 0.65098039 0.74117647 0.85882353
v 1.06194282 0.95993662 -55.30576706 0.65098039 0.74117647 0.85882353
v 1.05956817 0.95744205 -55.30250168 0.65098039 0.74117647 0.85882353
v 1.06093001 0.95551574 -55.30151367 0.65098039 0.74117647 0.85882353
v 1.06285667 0.95648289 -55.30243683 0.65098039 0.74117647 0.85882353
v 1.09475350 0.93705249 -55.30778885 0.65098039 0.74117647 0.85882353
v 1.09616840 0.92972875 -55.30934906 0.65098039 0.74117647 0.85882353
v 1.10084486 0.93108904 -55.30876923 0.65098039 0.74117647 0.85882353
v 1.09949028 0.93869543 -55.30744934 0.65098039 0.74117647 0.85882353
v 1.08985424 0.93756127 -55.31974792 0.65098039 0.74117647 0.85882353
v 1.09166193 0.93109345 -55.32182312 0.65098039 0.74117647 0.85882353
v 1.09110713 0.92975950 -55.31648636 0.65098039 0.74117647 0.85882353
v 1.08956659 0.93643165 -55.31423569 0.65098039 0.74117647 0.85882353
v 1.09494829 0.93958163 -55.32272339 0.65098039 0.74117647 0.85882353
v 1.09675264 0.93317437 -55.32498550 0.65098039 0.74117647 0.85882353
v 1.09364164 0.92319465 -55.32360077 0.65098039 0.74117647 0.85882353
v 1.09762931 0.90978563 -55.32459641 0.65098039 0.74117647 0.85882353
v 1.09739089 0.90881240 -55.31875229 0.65098039 0.74117647 0.85882353
v 1.09330869 0.92203712 -55.31800079 0.65098039 0.74117647 0.85882353
v 1.11384141 0.91354024 -55.31519699 0.65098039 0.74117647 0.85882353
v 1.11185217 0.91047549 -55.31154251 0.65098039 0.74117647 0.85882353
v 1.09310484 0.92943239 -55.31214523 0.65098039 0.74117647 0.85882353
v 1.09145856 0.93636894 -55.31005096 0.65098039 0.74117647 0.85882353
v 1.10979056 0.92689252 -55.31447983 0.65098039 0.74117647 0.85882353
v 1.10749650 0.93552232 -55.31381607 0.65098039 0.74117647 0.85882353
v 1.10503745 0.93331790 -55.31024170 0.65098039 0.74117647 0.85882353
v 1.10732150 0.92459488 -55.31079865 0.65098039 0.74117647 0.85882353
v 1.10664845 0.90785193 -55.31013489 0.65098039 0.74117647 0.85882353
v 1.10073245 0.90678513 -55.31061935 0.65098039 0.74117647 0.85882353
v 1.09800565 0.90769458 -55.31413269 0.65098039 0.74117647 0.85882353
v 1.10934353 0.92832756 -55.31983948 0.65098039 0.74117647 0.85882353
v 1.11275268 0.91526437 -55.32127762 0.65098039 0.74117647 0.85882353
v 1.10878015 0.91425407 -55.32670212 0.65098039 0.74117647 0.85882353
v 1.10530376 0.92774963 -55.32468033 0.65098039 0.74117647 0.85882353
v 1.09481907 0.92121339 -55.31332016 0.65098039 0.74117647 0.85882353
v 1.10275543 0.92215753 -55.30947495 0.65098039 0.74117647 0.85882353
v 1.09781909 0.92104316 -55.31008148 0.65098039 0.74117647 0.85882353
v 1.09895968 0.92529213 -55.32659149 0.65098039 0.74117647 0.85882353
v 1.10308754 0.93557787 -55.32297897 0.65098039 0.74117647 0.85882353
v 1.10132599 0.95231676 -55.31572342 0.65098039 0.74117647 0.85882353
v 1.10287476 0.95240808 -55.31163025 0.65098039 0.74117647 0.85882353
v 1.10577536 0.94294894 -55.31278229 0.65098039 0.74117647 0.85882353
v 1.10448480 0.94348478 -55.31727982 0.65098039 0.74117647 0.85882353
v 1.10667467 0.93647766 -55.31844330 0.65098039 0.74117647 0.85882353
v 1.10081387 0.94206560 -55.32126999 0.65098039 0.74117647 0.85882353
v 1.09756565 0.94936192 -55.30566788 0.65098039 0.74117647 0.85882353
v 1.09278393 0.94720936 -55.30567169 0.65098039 0.74117647 0.85882353
v 1.08941627 0.94636083 -55.30758667 0.65098039 0.74117647 0.85882353
v 1.10234320 0.91197360 -55.32914352 0.65098039 0.74117647 0.85882353
v 1.08778393 0.94614983 -55.31145477 0.65098039 0.74117647 0.85882353
v 1.08788848 0.94679248 -55.31684875 0.65098039 0.74117647 0.85882353
v 1.10368562 0.94096005 -55.30899811 0.65098039 0.74117647 0.85882353
v 1.10153711 0.95100570 -55.30752563 0.65098039 0.74117647 0.85882353
v 1.09805870 0.95081830 -55.31902695 0.65098039 0.74117647 0.85882353
v 1.09271097 0.94837499 -55.32021713 0.65098039 0.74117647 0.85882353
v 1.09104156 0.95626378 -55.31790924 0.65098039 0.74117647 0.85882353
v 1.09609079 0.95824480 -55.31700897 0.65098039 0.74117647 0.85882353
v 1.08618534 0.95474458 -55.31497955 0.65098039 0.74117647 0.85882353
v 1.08624721 0.95329964 -55.31005859 0.65098039 0.74117647 0.85882353
v 1.08811438 0.95282722 -55.30666351 0.65098039 0.74117647 0.85882353
v 1.09892821 0.95938182 -55.31446838 0.65098039 0.74117647 0.85882353
v 1.10046566 0.95908701 -55.31096268 0.65098039 0.74117647 0.85882353
v 1.09968102 0.95717061 -55.30707169 0.65098039 0.74117647 0.85882353
v 1.09712636 0.96619928 -55.31306076 0.65098039 0.74117647 0.85882353
v 1.09420228 0.96637797 -55.31520844 0.65098039 0.74117647 0.85882353
v 1.08291936 0.97425902 -55.30918884 0.65098039 0.74117647 0.85882353
v 1.08377385 0.97569251 -55.31193542 0.65098039 0.74117647 0.85882353
v 1.08478808 0.97065020 -55.31285477 0.65098039 0.74117647 0.85882353
v 1.08334470 0.96865892 -55.31090546 0.65098039 0.74117647 0.85882353
v 1.08589768 0.96725702 -55.31407166 0.65098039 0.74117647 0.85882353
v 1.08482337 0.96319878 -55.31354904 0.65098039 0.74117647 0.85882353
v 1.08818126 0.97219467 -55.31488800 0.65098039 0.74117647 0.85882353
v 1.08886218 0.96780324 -55.31510544 0.65098039 0.74117647 0.85882353
v 1.08686399 0.97786534 -55.31425858 0.65098039 0.74117647 0.85882353
v 1.09062243 0.97836685 -55.31367493 0.65098039 0.74117647 0.85882353
v 1.09134364 0.97247362 -55.31404495 0.65098039 0.74117647 0.85882353
v 1.09174693 0.96878123 -55.31468201 0.65098039 0.74117647 0.85882353
v 1.08343720 0.97968113 -55.30883408 0.65098039 0.74117647 0.85882353
v 1.08335423 0.97971153 -55.31141663 0.65098039 0.74117647 0.85882353
v 1.08968341 0.96356285 -55.31628036 0.65098039 0.74117647 0.85882353
v 1.08517289 0.95978260 -55.30924988 0.65098039 0.74117647 0.85882353
v 1.08380890 0.96687341 -55.30756760 0.65098039 0.74117647 0.85882353
v 1.08358502 0.97360504 -55.30630875 0.65098039 0.74117647 0.85882353
v 1.08464205 0.97896731 -55.30611420 0.65098039 0.74117647 0.85882353
v 1.08577418 0.96607614 -55.30430222 0.65098039 0.74117647 0.85882353
v 1.08541274 0.97304034 -55.30387878 0.65098039 0.74117647 0.85882353
v 1.08666539 0.97765064 -55.30437469 0.65098039 0.74117647 0.85882353
v 1.08937907 0.96654308 -55.30244827 0.65098039 0.74117647 0.85882353
v 1.08858395 0.97339272 -55.30268478 0.65098039 0.74117647 0.85882353
v 1.08724332 0.95843244 -55.30578232 0.65098039 0.74117647 0.85882353
v 1.09071338 0.95848560 -55.30403900 0.65098039 0.74117647 0.85882353
v 1.08848155 0.97673416 -55.30362701 0.65098039 0.74117647 0.85882353
v 1.08765340 0.98221540 -55.30753708 0.65098039 0.74117647 0.85882353
v 1.08635271 0.98345542 -55.31022263 0.65098039 0.74117647 0.85882353
v 1.08564830 0.98287785 -55.31350708 0.65098039 0.74117647 0.85882353
v 1.09354591 0.97246969 -55.31293488 0.65098039 0.74117647 0.85882353
v 1.09227049 0.97838831 -55.31176376 0.65098039 0.74117647 0.85882353
v 1.09564674 0.97284150 -55.31161118 0.65098039 0.74117647 0.85882353
v 1.09383714 0.97852325 -55.31027603 0.65098039 0.74117647 0.85882353
v 1.08958459 0.98255563 -55.31329727 0.65098039 0.74117647 0.85882353
v 1.09037971 0.98278821 -55.31125259 0.65098039 0.74117647 0.85882353
v 1.09161973 0.95345020 -55.30494690 0.65098039 0.74117647 0.85882353
v 1.09602654 0.95509470 -55.30505753 0.65098039 0.74117647 0.85882353
v 1.09506726 0.96005154 -55.30413818 0.65098039 0.74117647 0.85882353
v 1.09385931 0.96814597 -55.30291748 0.65098039 0.74117647 0.85882353
v 1.09851980 0.96237504 -55.30640030 0.65098039 0.74117647 0.85882353
v 1.09882677 0.96516919 -55.31019974 0.65098039 0.74117647 0.85882353
v 1.09692919 0.97189426 -55.30920029 0.65098039 0.74117647 0.85882353
v 1.09680629 0.97007132 -55.30580521 0.65098039 0.74117647 0.85882353
v 1.09467804 0.97743595 -55.30826187 0.65098039 0.74117647 0.85882353
v 1.09461796 0.97591233 -55.30563736 0.65098039 0.74117647 0.85882353
v 1.09230447 0.97449589 -55.30322266 0.65098039 0.74117647 0.85882353
v 1.09231746 0.98038197 -55.30717087 0.65098039 0.74117647 0.85882353
v 1.09144688 0.98210430 -55.30904770 0.65098039 0.74117647 0.85882353
v 1.08926344 0.98031092 -55.30568695 0.65098039 0.74117647 0.85882353
v 1.09073269 0.97799516 -55.30425262 0.65098039 0.74117647 0.85882353
v 1.09280407 0.97849512 -55.30565262 0.65098039 0.74117647 0.85882353
v 1.12071824 0.93404508 -55.30977249 0.65098039 0.74117647 0.85882353
v 1.12126660 0.92810321 -55.31121445 0.65098039 0.74117647 0.85882353
v 1.12588000 0.92784858 -55.30955124 0.65098039 0.74117647 0.85882353
v 1.12540066 0.93392742 -55.30804062 0.65098039 0.74117647 0.85882353
v 1.11957002 0.93606400 -55.32094955 0.65098039 0.74117647 0.85882353
v 1.11971045 0.92925596 -55.32313538 0.65098039 0.74117647 0.85882353
v 1.11800528 0.92919564 -55.31900024 0.65098039 0.74117647 0.85882353
v 1.11792445 0.93551826 -55.31749344 0.65098039 0.74117647 0.85882353
v 1.12412882 0.93684602 -55.32250595 0.65098039 0.74117647 0.85882353
v 1.12502813 0.92971957 -55.32477951 0.65098039 0.74117647 0.85882353
v 1.12019539 0.92227101 -55.32443237 0.65098039 0.74117647 0.85882353
v 1.12144852 0.91243696 -55.32550812 0.65098039 0.74117647 0.85882353
v 1.11979318 0.91275239 -55.32022858 0.65098039 0.74117647 0.85882353
v 1.11830139 0.92256582 -55.31970978 0.65098039 0.74117647 0.85882353
v 1.11868501 0.92881310 -55.31478500 0.65098039 0.74117647 0.85882353
v 1.11827469 0.93488955 -55.31356430 0.65098039 0.74117647 0.85882353
v 1.13445187 0.92188203 -55.31280518 0.65098039 0.74117647 0.85882353
v 1.13339424 0.92939126 -55.31250381 0.65098039 0.74117647 0.85882353
v 1.13041723 0.92841554 -55.31013489 0.65098039 0.74117647 0.85882353
v 1.13129544 0.92086911 -55.31063461 0.65098039 0.74117647 0.85882353
v 1.12825000 0.90839648 -55.31056976 0.65098039 0.74117647 0.85882353
v 1.12324190 0.90958214 -55.31191254 0.65098039 0.74117647 0.85882353
v 1.12074363 0.91151273 -55.31539536 0.65098039 0.74117647 0.85882353
v 1.13534260 0.92301655 -55.31770325 0.65098039 0.74117647 0.85882353
v 1.13664365 0.91124094 -55.31820297 0.65098039 0.74117647 0.85882353
v 1.13410163 0.91199076 -55.32420731 0.65098039 0.74117647 0.85882353
v 1.13233864 0.92297459 -55.32340622 0.65098039 0.74117647 0.85882353
v 1.11919343 0.92229533 -55.31509781 0.65098039 0.74117647 0.85882353
v 1.12666965 0.92058432 -55.30969620 0.65098039 0.74117647 0.85882353
v 1.12190104 0.92127156 -55.31142426 0.65098039 0.74117647 0.85882353
v 1.12600458 0.92228508 -55.32608414 0.65098039 0.74117647 0.85882353
v 1.13098276 0.93018866 -55.32210541 0.65098039 0.74117647 0.85882353
v 1.13082910 0.94729137 -55.31510544 0.65098039 0.74117647 0.85882353
v 1.13145590 0.94661212 -55.31100082 0.65098039 0.74117647 0.85882353
v 1.13306260 0.93616617 -55.31161118 0.65098039 0.74117647 0.85882353
v 1.13293791 0.93714285 -55.31624985 0.65098039 0.74117647 0.85882353
v 1.13421392 0.93022943 -55.31696320 0.65098039 0.74117647 0.85882353
v 1.12953603 0.93739903 -55.32055664 0.65098039 0.74117647 0.85882353
v 1.12465179 0.94342840 -55.30651855 0.65098039 0.74117647 0.85882353
v 1.12005377 0.94300461 -55.30775070 0.65098039 0.74117647 0.85882353
v 1.11778474 0.94371843 -55.31135178 0.65098039 0.74117647 0.85882353
v 1.12743294 0.91224194 -55.32766724 0.65098039 0.74117647 0.85882353
v 1.13607764 0.90981591 -55.31306839 0.65098039 0.74117647 0.85882353
v 1.11732841 0.94453263 -55.31467819 0.65098039 0.74117647 0.85882353
v 1.11855197 0.94542849 -55.31793594 0.65098039 0.74117647 0.85882353
v 1.13013411 0.93476987 -55.30890656 0.65098039 0.74117647 0.85882353
v 1.12926865 0.94467497 -55.30773926 0.65098039 0.74117647 0.85882353
v 1.12763417 0.94709599 -55.31860352 0.65098039 0.74117647 0.85882353
v 1.12275958 0.94618642 -55.32007599 0.65098039 0.74117647 0.85882353
v 1.12177730 0.95304775 -55.31840134 0.65098039 0.74117647 0.85882353
v 1.12673104 0.95390916 -55.31748581 0.65098039 0.74117647 0.85882353
v 1.11749411 0.95243037 -55.31629944 0.65098039 0.74117647 0.85882353
v 1.11671948 0.95117199 -55.31290817 0.65098039 0.74117647 0.85882353
v 1.11735547 0.94984019 -55.30985260 0.65098039 0.74117647 0.85882353
v 1.12956285 0.95398951 -55.31410217 0.65098039 0.74117647 0.85882353
v 1.12998962 0.95324683 -55.31055069 0.65098039 0.74117647 0.85882353
v 1.12826979 0.95063555 -55.30735016 0.65098039 0.74117647 0.85882353
v 1.12905979 0.95911813 -55.31309128 0.65098039 0.74117647 0.85882353
v 1.12578142 0.96003699 -55.31580734 0.65098039 0.74117647 0.85882353
v 1.11521387 0.96926033 -55.31110001 0.65098039 0.74117647 0.85882353
v 1.11652219 0.97018147 -55.31280136 0.65098039 0.74117647 0.85882353
v 1.11718678 0.96543968 -55.31332397 0.65098039 0.74117647 0.85882353
v 1.11545682 0.96439874 -55.31224823 0.65098039 0.74117647 0.85882353
v 1.11781132 0.96216381 -55.31467819 0.65098039 0.74117647 0.85882353
v 1.11682034 0.95895815 -55.31478500 0.65098039 0.74117647 0.85882353
v 1.12025261 0.96637356 -55.31539536 0.65098039 0.74117647 0.85882353
v 1.12063241 0.96210909 -55.31600571 0.65098039 0.74117647 0.85882353
v 1.11991072 0.97122693 -55.31467056 0.65098039 0.74117647 0.85882353
v 1.12390494 0.97082841 -55.31377411 0.65098039 0.74117647 0.85882353
v 1.12405229 0.96594596 -55.31433868 0.65098039 0.74117647 0.85882353
v 1.12373459 0.96255541 -55.31558990 0.65098039 0.74117647 0.85882353
v 1.11612642 0.97371483 -55.31074905 0.65098039 0.74117647 0.85882353
v 1.11672366 0.97360253 -55.31255341 0.65098039 0.74117647 0.85882353
v 1.12110913 0.95845127 -55.31683731 0.65098039 0.74117647 0.85882353
v 1.11609828 0.95650899 -55.31170273 0.65098039 0.74117647 0.85882353
v 1.11525869 0.96275926 -55.30979156 0.65098039 0.74117647 0.85882353
v 1.11516833 0.96819901 -55.30860138 0.65098039 0.74117647 0.85882353
v 1.11663532 0.97245383 -55.30804062 0.65098039 0.74117647 0.85882353
v 1.11642838 0.96138251 -55.30703735 0.65098039 0.74117647 0.85882353
v 1.11650801 0.96706903 -55.30623245 0.65098039 0.74117647 0.85882353
v 1.11785746 0.97070408 -55.30599594 0.65098039 0.74117647 0.85882353
v 1.11871791 0.96046782 -55.30482483 0.65098039 0.74117647 0.85882353
v 1.11863792 0.96639478 -55.30456543 0.65098039 0.74117647 0.85882353
v 1.11709785 0.95493102 -55.30864334 0.65098039 0.74117647 0.85882353
v 1.11949825 0.95359421 -55.30625534 0.65098039 0.74117647 0.85882353
v 1.11917007 0.96936464 -55.30507278 0.65098039 0.74117647 0.85882353
v 1.12067163 0.97484684 -55.30840683 0.65098039 0.74117647 0.85882353
v 1.11990714 0.97615159 -55.31140137 0.65098039 0.74117647 0.85882353
v 1.11961615 0.97544158 -55.31403732 0.65098039 0.74117647 0.85882353
v 1.12662148 0.96538162 -55.31351089 0.65098039 0.74117647 0.85882353
v 1.12594807 0.97040522 -55.31225586 0.65098039 0.74117647 0.85882353
v 1.12819552 0.96446633 -55.31140900 0.65098039 0.74117647 0.85882353
v 1.12693965 0.96976471 -55.31025696 0.65098039 0.74117647 0.85882353
v 1.12302768 0.97426140 -55.31354904 0.65098039 0.74117647 0.85882353
v 1.12403655 0.97441089 -55.31190491 0.65098039 0.74117647 0.85882353
v 1.11967850 0.94877136 -55.30720901 0.65098039 0.74117647 0.85882353
v 1.12394619 0.94892502 -55.30619431 0.65098039 0.74117647 0.85882353
v 1.12335038 0.95364320 -55.30550385 0.65098039 0.74117647 0.85882353
v 1.12270319 0.96089506 -55.30429077 0.65098039 0.74117647 0.85882353
v 1.12754631 0.95514297 -55.30688858 0.65098039 0.74117647 0.85882353
v 1.12921476 0.95759153 -55.30986404 0.65098039 0.74117647 0.85882353
v 1.12827277 0.96326959 -55.30868912 0.65098039 0.74117647 0.85882353
v 1.12656915 0.96167493 -55.30599213 0.65098039 0.74117647 0.85882353
v 1.12681627 0.96862054 -55.30784988 0.65098039 0.74117647 0.85882353
v 1.12540746 0.96735966 -55.30561066 0.65098039 0.74117647 0.85882353
v 1.12214458 0.96662831 -55.30425644 0.65098039 0.74117647 0.85882353
v 1.12474263 0.97170722 -55.30728149 0.65098039 0.74117647 0.85882353
v 1.12476182 0.97333789 -55.30959702 0.65098039 0.74117647 0.85882353
v 1.12113166 0.97243774 -55.30637360 0.65098039 0.74117647 0.85882353
v 1.12160301 0.97006214 -55.30512238 0.65098039 0.74117647 0.85882353
v 1.12419391 0.97009504 -55.30575943 0.65098039 0.74117647 0.85882353
v 1.13282204 0.90845811 -55.31126022 0.65098039 0.74117647 0.85882353
v 1.15117145 0.91927886 -55.30957794 0.65098039 0.74117647 0.85882353
v 1.15021372 0.91443801 -55.31048203 0.65098039 0.74117647 0.85882353
v 1.15375543 0.91349053 -55.30911255 0.65098039 0.74117647 0.85882353
v 1.15471113 0.91823745 -55.30814362 0.65098039 0.74117647 0.85882353
v 1.15240955 0.92186332 -55.31978607 0.65098039 0.74117647 0.85882353
v 1.15133238 0.91639638 -55.32126617 0.65098039 0.74117647 0.85882353
v 1.14843690 0.91629589 -55.31781006 0.65098039 0.74117647 0.85882353
v 1.14957404 0.92172635 -55.31657028 0.65098039 0.74117647 0.85882353
v 1.15747476 0.92113209 -55.32038116 0.65098039 0.74117647 0.85882353
v 1.15678036 0.91548848 -55.32189178 0.65098039 0.74117647 0.85882353
v 1.15019047 0.90975070 -55.32194901 0.65098039 0.74117647 0.85882353
v 1.14802527 0.89924550 -55.32308197 0.65098039 0.74117647 0.85882353
v 1.14554453 0.90060866 -55.31847000 0.65098039 0.74117647 0.85882353
v 1.14726615 0.90984344 -55.31826019 0.65098039 0.74117647 0.85882353
v 1.15910780 0.89000821 -55.31216812 0.65098039 0.74117647 0.85882353
v 1.15929842 0.89694941 -55.31157684 0.65098039 0.74117647 0.85882353
v 1.15567815 0.89761233 -55.30950928 0.65098039 0.74117647 0.85882353
v 1.15529776 0.88978934 -55.30926132 0.65098039 0.74117647 0.85882353
v 1.14816308 0.91552103 -55.31372452 0.65098039 0.74117647 0.85882353
v 1.14945614 0.92069376 -55.31276703 0.65098039 0.74117647 0.85882353
v 1.16023469 0.90675235 -55.31130600 0.65098039 0.74117647 0.85882353
v 1.16113615 0.91279721 -55.31114197 0.65098039 0.74117647 0.85882353
v 1.15759277 0.91300166 -55.30934143 0.65098039 0.74117647 0.85882353
v 1.15670204 0.90729475 -55.30927277 0.65098039 0.74117647 0.85882353
v 1.15062237 0.89122832 -55.30810928 0.65098039 0.74117647 0.85882353
v 1.15171969 0.89868367 -55.30901718 0.65098039 0.74117647 0.85882353
v 1.14812553 0.89952898 -55.31050873 0.65098039 0.74117647 0.85882353
v 1.14588165 0.89352202 -55.30850220 0.65098039 0.74117647 0.85882353
v 1.14609265 0.90063334 -55.31340408 0.65098039 0.74117647 0.85882353
v 1.16199231 0.90671456 -55.31514740 0.65098039 0.74117647 0.85882353
v 1.16094542 0.89662790 -55.31534958 0.65098039 0.74117647 0.85882353
v 1.16025233 0.89642513 -55.32049942 0.65098039 0.74117647 0.85882353
v 1.16076767 0.90756071 -55.31975937 0.65098039 0.74117647 0.85882353
v 1.14726448 0.90959954 -55.31398010 0.65098039 0.74117647 0.85882353
v 1.15293670 0.90791607 -55.30913925 0.65098039 0.74117647 0.85882353
v 1.14941573 0.90873861 -55.31073380 0.65098039 0.74117647 0.85882353
v 1.15556383 0.90857577 -55.32283401 0.65098039 0.74117647 0.85882353
v 1.16142416 0.91427481 -55.31905746 0.65098039 0.74117647 0.85882353
v 1.16479039 0.92546010 -55.31250381 0.65098039 0.74117647 0.85882353
v 1.16352129 0.92469418 -55.30945587 0.65098039 0.74117647 0.85882353
v 1.16224504 0.91797924 -55.31037140 0.65098039 0.74117647 0.85882353
v 1.16391504 0.91859996 -55.31396103 0.65098039 0.74117647 0.85882353
v 1.16293979 0.91320753 -55.31483841 0.65098039 0.74117647 0.85882353
v 1.16225958 0.91987371 -55.31793976 0.65098039 0.74117647 0.85882353
v 1.15600848 0.92453957 -55.30702972 0.65098039 0.74117647 0.85882353
v 1.15247345 0.92589974 -55.30830765 0.65098039 0.74117647 0.85882353
v 1.15076244 0.92717302 -55.31130981 0.65098039 0.74117647 0.85882353
v 1.15409541 0.89741290 -55.32489014 0.65098039 0.74117647 0.85882353
v 1.15083957 0.92845130 -55.31464386 0.65098039 0.74117647 0.85882353
v 1.15338087 0.92878687 -55.31755066 0.65098039 0.74117647 0.85882353
v 1.15867162 0.91785538 -55.30842209 0.65098039 0.74117647 0.85882353
v 1.16004467 0.92433059 -55.30752945 0.65098039 0.74117647 0.85882353
v 1.16304851 0.92674279 -55.31608963 0.65098039 0.74117647 0.85882353
v 1.15827692 0.92787409 -55.31829834 0.65098039 0.74117647 0.85882353
v 1.15890741 0.93353212 -55.31718826 0.65098039 0.74117647 0.85882353
v 1.16361928 0.93246269 -55.31498718 0.65098039 0.74117647 0.85882353
v 1.15405893 0.93410182 -55.31615448 0.65098039 0.74117647 0.85882353
v 1.15179467 0.93331122 -55.31342316 0.65098039 0.74117647 0.85882353
v 1.15188289 0.93168879 -55.31021500 0.65098039 0.74117647 0.85882353
v 1.16527617 0.93068767 -55.31129837 0.65098039 0.74117647 0.85882353
v 1.16392732 0.92963207 -55.30881882 0.65098039 0.74117647 0.85882353
v 1.16088581 0.92879391 -55.30727386 0.65098039 0.74117647 0.85882353
v 1.16555166 0.93581510 -55.31052399 0.65098039 0.74117647 0.85882353
v 1.16383886 0.93813396 -55.31379700 0.65098039 0.74117647 0.85882353
v 1.15443504 0.94740009 -55.31100082 0.65098039 0.74117647 0.85882353
v 1.15596008 0.94750607 -55.31254196 0.65098039 0.74117647 0.85882353
v 1.15595460 0.94424534 -55.31308365 0.65098039 0.74117647 0.85882353
v 1.15387917 0.94345379 -55.31226730 0.65098039 0.74117647 0.85882353
v 1.15627384 0.94123447 -55.31438828 0.65098039 0.74117647 0.85882353
v 1.15466571 0.93899810 -55.31449509 0.65098039 0.74117647 0.85882353
v 1.15923262 0.94402456 -55.31441498 0.65098039 0.74117647 0.85882353
v 1.15918159 0.94056845 -55.31500626 0.65098039 0.74117647 0.85882353
v 1.15962327 0.94801116 -55.31377029 0.65098039 0.74117647 0.85882353
v 1.16343737 0.94722295 -55.31181335 0.65098039 0.74117647 0.85882353
v 1.16325939 0.94351387 -55.31291580 0.65098039 0.74117647 0.85882353
v 1.16238761 0.94071174 -55.31412888 0.65098039 0.74117647 0.85882353
v 1.15605164 0.95086217 -55.31031418 0.65098039 0.74117647 0.85882353
v 1.15666544 0.95038486 -55.31208801 0.65098039 0.74117647 0.85882353
v 1.15911210 0.93775094 -55.31589127 0.65098039 0.74117647 0.85882353
v 1.15239263 0.93762445 -55.31228256 0.65098039 0.74117647 0.85882353
v 1.15278387 0.94249451 -55.31050873 0.65098039 0.74117647 0.85882353
v 1.15372014 0.94747698 -55.30881882 0.65098039 0.74117647 0.85882353
v 1.15636253 0.95054603 -55.30782700 0.65098039 0.74117647 0.85882353
v 1.15314770 0.94103360 -55.30830383 0.65098039 0.74117647 0.85882353
v 1.15452230 0.94585180 -55.30685043 0.65098039 0.74117647 0.85882353
v 1.15696013 0.94854236 -55.30604172 0.65098039 0.74117647 0.85882353
v 1.15457380 0.93910313 -55.30646133 0.65098039 0.74117647 0.85882353
v 1.15571058 0.94417989 -55.30550003 0.65098039 0.74117647 0.85882353
v 1.15247941 0.93568671 -55.30974197 0.65098039 0.74117647 0.85882353
v 1.15395153 0.93366146 -55.30766678 0.65098039 0.74117647 0.85882353
v 1.15693581 0.94694018 -55.30535507 0.65098039 0.74117647 0.85882353
v 1.15975285 0.95106566 -55.30765152 0.65098039 0.74117647 0.85882353
v 1.15994000 0.95195842 -55.31006622 0.65098039 0.74117647 0.85882353
v 1.15999758 0.95137000 -55.31278229 0.65098039 0.74117647 0.85882353
v 1.16513002 0.94254982 -55.31140518 0.65098039 0.74117647 0.85882353
v 1.16490340 0.94684517 -55.30990219 0.65098039 0.74117647 0.85882353
v 1.16560686 0.94077611 -55.30913925 0.65098039 0.74117647 0.85882353
v 1.16475272 0.94606686 -55.30769730 0.65098039 0.74117647 0.85882353
v 1.16294813 0.95013118 -55.31157684 0.65098039 0.74117647 0.85882353
v 1.16326940 0.95019150 -55.30959320 0.65098039 0.74117647 0.85882353
v 1.15354943 0.93020058 -55.30778503 0.65098039 0.74117647 0.85882353
v 1.15659273 0.92913008 -55.30672455 0.65098039 0.74117647 0.85882353
v 1.15715289 0.93257666 -55.30630493 0.65098039 0.74117647 0.85882353
v 1.15750790 0.93792331 -55.30527878 0.65098039 0.74117647 0.85882353
v 1.16112828 0.93278050 -55.30672073 0.65098039 0.74117647 0.85882353
v 1.16425562 0.93387473 -55.30814362 0.65098039 0.74117647 0.85882353
v 1.16427732 0.93935943 -55.30699158 0.65098039 0.74117647 0.85882353
v 1.16141629 0.93816495 -55.30548477 0.65098039 0.74117647 0.85882353
v 1.16340375 0.94472313 -55.30594635 0.65098039 0.74117647 0.85882353
v 1.16108334 0.94370067 -55.30483246 0.65098039 0.74117647 0.85882353
v 1.15805352 0.94342506 -55.30466080 0.65098039 0.74117647 0.85882353
v 1.16159511 0.94808578 -55.30586243 0.65098039 0.74117647 0.85882353
v 1.16273832 0.94946694 -55.30736923 0.65098039 0.74117647 0.85882353
v 1.15929532 0.94926405 -55.30598450 0.65098039 0.74117647 0.85882353
v 1.15870988 0.94704890 -55.30509949 0.65098039 0.74117647 0.85882353
v 1.16051900 0.94668138 -55.30510712 0.65098039 0.74117647 0.85882353
v 1.16055679 0.89066303 -55.31538010 0.65098039 0.74117647 0.85882353
v 1.05970669 0.85568154 -55.31646347 0.65098039 0.74117647 0.85882353
v 1.06327653 0.85795927 -55.31343460 0.65098039 0.74117647 0.85882353
v 1.06638074 0.85535097 -55.30355072 0.65098039 0.74117647 0.85882353
v 1.06469786 0.85068178 -55.29941559 0.65098039 0.74117647 0.85882353
v 1.06099105 0.84547091 -55.29816055 0.65098039 0.74117647 0.85882353
v 1.05717587 0.84296894 -55.30115891 0.65098039 0.74117647 0.85882353
v 1.05430961 0.84345913 -55.30603790 0.65098039 0.74117647 0.85882353
v 1.06558573 0.85818422 -55.30905151 0.65098039 0.74117647 0.85882353
v 1.05562913 0.85129333 -55.31682968 0.65098039 0.74117647 0.85882353
v 1.05325401 0.84627032 -55.31232452 0.65098039 0.74117647 0.85882353
v 1.04593992 0.85338533 -55.30965042 0.65098039 0.74117647 0.85882353
v 1.04838037 0.85778022 -55.31460953 0.65098039 0.74117647 0.85882353
v 1.04659069 0.85005581 -55.30320358 0.65098039 0.74117647 0.85882353
v 1.05018926 0.84899473 -55.29835510 0.65098039 0.74117647 0.85882353
v 1.05518711 0.85039377 -55.29601669 0.65098039 0.74117647 0.85882353
v 1.05333471 0.86157882 -55.31447601 0.65098039 0.74117647 0.85882353
v 1.05788898 0.86329818 -55.31156540 0.65098039 0.74117647 0.85882353
v 1.06087029 0.86241937 -55.30662155 0.65098039 0.74117647 0.85882353
v 1.04699564 0.86724579 -55.31268311 0.65098039 0.74117647 0.85882353
v 1.04015040 0.86596918 -55.31201935 0.65098039 0.74117647 0.85882353
v 1.03200221 0.86529720 -55.29623413 0.65098039 0.74117647 0.85882353
v 1.02989876 0.86560810 -55.30012131 0.65098039 0.74117647 0.85882353
v 1.03326046 0.86265111 -55.30091476 0.65098039 0.74117647 0.85882353
v 1.03541839 0.86132848 -55.29716873 0.65098039 0.74117647 0.85882353
v 1.03578591 0.86123335 -55.30248260 0.65098039 0.74117647 0.85882353
v 1.03899479 0.85779488 -55.30064011 0.65098039 0.74117647 0.85882353
v 1.03204286 0.86529410 -55.30629730 0.65098039 0.74117647 0.85882353
v 1.03524601 0.86381614 -55.30656815 0.65098039 0.74117647 0.85882353
v 1.03350317 0.86941743 -55.31013107 0.65098039 0.74117647 0.85882353
v 1.03544259 0.86656332 -55.31008911 0.65098039 0.74117647 0.85882353
v 1.02828300 0.86793184 -55.30554962 0.65098039 0.74117647 0.85882353
v 1.02730155 0.86851096 -55.29995728 0.65098039 0.74117647 0.85882353
v 1.02624822 0.87096596 -55.30384064 0.65098039 0.74117647 0.85882353
v 1.02861333 0.86961722 -55.29717636 0.65098039 0.74117647 0.85882353
v 1.03885496 0.86073208 -55.30724716 0.65098039 0.74117647 0.85882353
v 1.04403913 0.85503888 -55.29603577 0.65098039 0.74117647 0.85882353
v 1.03866696 0.86078000 -55.29379272 0.65098039 0.74117647 0.85882353
v 1.03447831 0.86623478 -55.29328537 0.65098039 0.74117647 0.85882353
v 1.03160357 0.87149811 -55.29504395 0.65098039 0.74117647 0.85882353
v 1.04340088 0.86267757 -55.29213333 0.65098039 0.74117647 0.85882353
v 1.03823829 0.86865580 -55.29261398 0.65098039 0.74117647 0.85882353
v 1.03526890 0.87279487 -55.29491043 0.65098039 0.74117647 0.85882353
v 1.04757023 0.86604059 -55.29359436 0.65098039 0.74117647 0.85882353
v 1.04133320 0.87105894 -55.29436111 0.65098039 0.74117647 0.85882353
v 1.05008626 0.85556674 -55.29378891 0.65098039 0.74117647 0.85882353
v 1.05515742 0.85856509 -55.29523849 0.65098039 0.74117647 0.85882353
v 1.03786314 0.87361813 -55.29562378 0.65098039 0.74117647 0.85882353
v 1.03070116 0.87567484 -55.29942703 0.65098039 0.74117647 0.85882353
v 1.02707744 0.87411606 -55.30118942 0.65098039 0.74117647 0.85882353
v 1.03675222 0.87165880 -55.31123352 0.65098039 0.74117647 0.85882353
v 1.03009570 0.87167609 -55.30918503 0.65098039 0.74117647 0.85882353
v 1.03302705 0.87466919 -55.30931854 0.65098039 0.74117647 0.85882353
v 1.04133558 0.87290001 -55.31058121 0.65098039 0.74117647 0.85882353
v 1.03647912 0.87639904 -55.30779266 0.65098039 0.74117647 0.85882353
v 1.02752697 0.87327552 -55.30728912 0.65098039 0.74117647 0.85882353
v 1.02938151 0.87589931 -55.30624390 0.65098039 0.74117647 0.85882353
v 1.05977511 0.85427678 -55.29722214 0.65098039 0.74117647 0.85882353
v 1.06162894 0.85887909 -55.30111694 0.65098039 0.74117647 0.85882353
v 1.05710208 0.86299014 -55.29965210 0.65098039 0.74117647 0.85882353
v 1.04972100 0.86970079 -55.29825974 0.65098039 0.74117647 0.85882353
v 1.05615902 0.86704779 -55.30530548 0.65098039 0.74117647 0.85882353
v 1.05232048 0.86833036 -55.31041336 0.65098039 0.74117647 0.85882353
v 1.04540539 0.87365031 -55.30801773 0.65098039 0.74117647 0.85882353
v 1.04889226 0.87284899 -55.30361176 0.65098039 0.74117647 0.85882353
v 1.03963494 0.87663269 -55.30519104 0.65098039 0.74117647 0.85882353
v 1.04194582 0.87562633 -55.30197525 0.65098039 0.74117647 0.85882353
v 1.04247141 0.87370276 -55.29789734 0.65098039 0.74117647 0.85882353
v 1.03601050 0.87710965 -55.30223846 0.65098039 0.74117647 0.85882353
v 1.03262949 0.87733746 -55.30412674 0.65098039 0.74117647 0.85882353
v 1.03451169 0.87569368 -55.29852676 0.65098039 0.74117647 0.85882353
v 1.03795636 0.87523925 -55.29818726 0.65098039 0.74117647 0.85882353
v 1.03837550 0.87631309 -55.30087280 0.65098039 0.74117647 0.85882353
v 1.15589213 0.88350773 -55.30790329 0.65098039 0.74117647 0.85882353
v 1.14991212 0.88441157 -55.30673218 0.65098039 0.74117647 0.85882353
v 1.15085578 0.87646651 -55.30716705 0.65098039 0.74117647 0.85882353
v 1.15237939 0.86718524 -55.30700684 0.65098039 0.74117647 0.85882353
v 1.15912294 0.85936415 -55.30939865 0.65098039 0.74117647 0.85882353
v 1.14558685 0.86721253 -55.30792999 0.65098039 0.74117647 0.85882353
v 1.14444733 0.87651491 -55.30772400 0.65098039 0.74117647 0.85882353
v 1.14274716 0.88665891 -55.30744171 0.65098039 0.74117647 0.85882353
v 1.14083278 0.85983086 -55.30944824 0.65098039 0.74117647 0.85882353
v 0.83929253 0.60278404 -55.34253693 0.65098039 0.74117647 0.85882353
v 0.84298456 0.60165381 -55.34285736 0.65098039 0.74117647 0.85882353
v 0.84508926 0.59521616 -55.34322357 0.65098039 0.74117647 0.85882353
v 0.84200186 0.59537089 -55.34223557 0.65098039 0.74117647 0.85882353
v 0.83813572 0.59583640 -55.34174347 0.65098039 0.74117647 0.85882353
v 0.83410001 0.59620571 -55.34200668 0.65098039 0.74117647 0.85882353
v 0.82895362 0.60342479 -55.34445190 0.65098039 0.74117647 0.85882353
v 0.83421475 0.60402882 -55.34291840 0.65098039 0.74117647 0.85882353
v 0.82058305 0.59699059 -55.34863663 0.65098039 0.74117647 0.85882353
v 0.82243896 0.59836698 -55.34837341 0.65098039 0.74117647 0.85882353
v 0.82113737 0.59624565 -55.34777451 0.65098039 0.74117647 0.85882353
v 0.82649159 0.59634495 -55.34460831 0.65098039 0.74117647 0.85882353
v 0.82331300 0.59634840 -55.34681320 0.65098039 0.74117647 0.85882353
v 0.84798914 0.59813023 -55.34425735 0.65098039 0.74117647 0.85882353
v 0.84911323 0.59672582 -55.34479523 0.65098039 0.74117647 0.85882353
v 0.84562975 0.59995997 -55.34361649 0.65098039 0.74117647 0.85882353
v 0.82997906 0.59644866 -55.34302902 0.65098039 0.74117647 0.85882353
v 0.84890419 0.59564757 -55.34487152 0.65098039 0.74117647 0.85882353
v 0.84748948 0.59519589 -55.34431076 0.65098039 0.74117647 0.85882353
v 0.82516217 0.60120702 -55.34666061 0.65098039 0.74117647 0.85882353
v 0.83855289 0.59800220 -55.34237289 0.65098039 0.74117647 0.85882353
v 0.83436215 0.59845078 -55.34253311 0.65098039 0.74117647 0.85882353
v 0.82965934 0.60118365 -55.34377289 0.65098039 0.74117647 0.85882353
v 0.83447176 0.60131371 -55.34272003 0.65098039 0.74117647 0.85882353
v 0.82688856 0.59818017 -55.34471512 0.65098039 0.74117647 0.85882353
v 0.82480437 0.59773171 -55.34620667 0.65098039 0.74117647 0.85882353
v 0.84217733 0.59727359 -55.34268188 0.65098039 0.74117647 0.85882353
v 0.83013558 0.59860313 -55.34339142 0.65098039 0.74117647 0.85882353
v 0.83928907 0.60051286 -55.34250641 0.65098039 0.74117647 0.85882353
v 0.82431662 0.59855032 -55.34666443 0.65098039 0.74117647 0.85882353
v 0.82619488 0.59998584 -55.34527969 0.65098039 0.74117647 0.85882353
v 0.84776586 0.59687841 -55.34491730 0.65098039 0.74117647 0.85882353
v 0.84788573 0.59637105 -55.34479523 0.65098039 0.74117647 0.85882353
v 0.85258043 0.33928797 -55.33573151 0.65098039 0.74117647 0.85882353
v 0.85363227 0.32336453 -55.32695389 0.65098039 0.74117647 0.85882353
v 0.84257871 0.59946871 -55.34312820 0.65098039 0.74117647 0.85882353
v 0.84662914 0.59643352 -55.34438705 0.65098039 0.74117647 0.85882353
v 0.84461665 0.59684801 -55.34371185 0.65098039 0.74117647 0.85882353
v 0.84502715 0.59837282 -55.34381485 0.65098039 0.74117647 0.85882353
v 0.84692264 0.59742355 -55.34438705 0.65098039 0.74117647 0.85882353
v 1.04367828 0.47010496 -55.38381958 0.65098039 0.74117647 0.85882353
v 1.05024958 0.45858553 -55.37321472 0.65098039 0.74117647 0.85882353
v 1.06092632 0.48157480 -55.43116379 0.65098039 0.74117647 0.85882353
v 1.07243931 0.46825746 -55.44310379 0.65098039 0.74117647 0.85882353
v 0.90186620 0.02056134 -55.30985260 0.65098039 0.74117647 0.85882353
v 0.94695431 0.11042187 -55.48734283 0.65098039 0.74117647 0.85882353
v 0.94998872 0.13017613 -55.48777771 0.65098039 0.74117647 0.85882353
v 0.87662572 0.13248232 -55.51206589 0.65098039 0.74117647 0.85882353
v 0.89599866 0.12883180 -55.51126480 0.65098039 0.74117647 0.85882353
v 0.98129743 0.09000498 -55.38672256 0.65098039 0.74117647 0.85882353
v 0.97939855 0.06830499 -55.38924408 0.65098039 0.74117647 0.85882353
v 0.94521278 0.07142901 -55.33354950 0.65098039 0.74117647 0.85882353
v 0.94122195 0.04774898 -55.33669662 0.65098039 0.74117647 0.85882353
v 0.96844971 0.03953287 -55.37067795 0.65098039 0.74117647 0.85882353
v 0.91690922 0.08008301 -55.51225281 0.65098039 0.74117647 0.85882353
v 0.91458613 0.10237724 -55.50873566 0.65098039 0.74117647 0.85882353
v 0.93231654 0.09639499 -55.50038528 0.65098039 0.74117647 0.85882353
v 0.93503404 0.07586473 -55.50490189 0.65098039 0.74117647 0.85882353
v 0.85762829 0.11141333 -55.50822830 0.65098039 0.74117647 0.85882353
v 0.85694337 0.13371232 -55.50706100 0.65098039 0.74117647 0.85882353
v 0.98830080 0.11899260 -55.40591049 0.65098039 0.74117647 0.85882353
v 0.98656833 0.12579703 -55.42982483 0.65098039 0.74117647 0.85882353
v 0.96814018 0.14046723 -55.47097397 0.65098039 0.74117647 0.85882353
v 0.95333046 0.14901745 -55.48594666 0.65098039 0.74117647 0.85882353
v 0.91817045 0.16641539 -55.50431824 0.65098039 0.74117647 0.85882353
v 0.93686980 0.15821826 -55.49648666 0.65098039 0.74117647 0.85882353
v 0.93291551 0.09330058 -55.31543350 0.65098039 0.74117647 0.85882353
v 0.91649050 0.11614704 -55.30310059 0.65098039 0.74117647 0.85882353
v 0.98401546 0.11274761 -55.38271332 0.65098039 0.74117647 0.85882353
v 0.87138748 0.08546147 -55.28900909 0.65098039 0.74117647 0.85882353
v 0.87602919 0.19746694 -55.51421738 0.65098039 0.74117647 0.85882353
v 0.89995039 0.19361815 -55.51113129 0.65098039 0.74117647 0.85882353
v 0.97981679 0.13292137 -55.45186234 0.65098039 0.74117647 0.85882353
v 0.87247509 0.28229013 -55.30298996 0.65098039 0.74117647 0.85882353
v 0.87416047 0.26493666 -55.29386902 0.65098039 0.74117647 0.85882353
v 0.88955796 0.27095821 -55.29539871 0.65098039 0.74117647 0.85882353
v 0.88799572 0.28791556 -55.30538940 0.65098039 0.74117647 0.85882353
v 0.90494734 0.27548119 -55.29822159 0.65098039 0.74117647 0.85882353
v 0.91974616 0.27938589 -55.30244446 0.65098039 0.74117647 0.85882353
v 0.93316859 0.28256300 -55.30764771 0.65098039 0.74117647 0.85882353
v 0.96408951 0.28740832 -55.32649231 0.65098039 0.74117647 0.85882353
v 0.95514268 0.28666106 -55.31965637 0.65098039 0.74117647 0.85882353
v 0.97770673 0.28594700 -55.34098053 0.65098039 0.74117647 0.85882353
v 0.97129178 0.28783920 -55.33341599 0.65098039 0.74117647 0.85882353
v 0.98426819 0.27594557 -55.34955215 0.65098039 0.74117647 0.85882353
v 0.98953938 0.26207772 -55.36048508 0.65098039 0.74117647 0.85882353
v 0.99361694 0.24834731 -55.37364197 0.65098039 0.74117647 0.85882353
v 0.99083680 0.26781264 -55.38020706 0.65098039 0.74117647 0.85882353
v 0.99085480 0.24244788 -55.35253906 0.65098039 0.74117647 0.85882353
v 0.98580223 0.25642154 -55.34177399 0.65098039 0.74117647 0.85882353
v 0.98016167 0.26521400 -55.33213425 0.65098039 0.74117647 0.85882353
v 0.86526299 0.21291789 -55.28363800 0.65098039 0.74117647 0.85882353
v 0.86848134 0.18661603 -55.28549576 0.65098039 0.74117647 0.85882353
v 0.85023075 0.35445139 -55.34331512 0.65098039 0.74117647 0.85882353
v 1.20486259 0.62612295 -55.34429932 0.65098039 0.74117647 0.85882353
v 1.12398434 0.74523544 -55.35360336 0.65098039 0.74117647 0.85882353
v 0.85758483 0.36327747 -55.50450516 0.65098039 0.74117647 0.85882353
v 0.83906049 0.35876849 -55.50096512 0.65098039 0.74117647 0.85882353
v 0.82288134 0.34593412 -55.50031281 0.65098039 0.74117647 0.85882353
v 0.82293665 0.35661122 -55.49813461 0.65098039 0.74117647 0.85882353
v 0.91915423 0.40182498 -55.49017334 0.65098039 0.74117647 0.85882353
v 0.91125232 0.38595548 -55.50301743 0.65098039 0.74117647 0.85882353
v 0.89649045 0.37151971 -55.50980377 0.65098039 0.74117647 0.85882353
v 0.87773520 0.36088523 -55.51090622 0.65098039 0.74117647 0.85882353
v 0.97496474 0.12950051 -55.35744476 0.65098039 0.74117647 0.85882353
v 0.86150587 0.33142313 -55.51328659 0.65098039 0.74117647 0.85882353
v 0.88025212 0.35058573 -55.51487350 0.65098039 0.74117647 0.85882353
v 0.90158904 0.36181262 -55.51477051 0.65098039 0.74117647 0.85882353
v 0.91897267 0.37648818 -55.50863266 0.65098039 0.74117647 0.85882353
v 0.93103218 0.39543286 -55.49540329 0.65098039 0.74117647 0.85882353
v 0.94321328 0.39913371 -55.48955154 0.65098039 0.74117647 0.85882353
v 0.96837497 0.39099815 -55.49057007 0.65098039 0.74117647 0.85882353
v 0.97698158 0.39624503 -55.48501587 0.65098039 0.74117647 0.85882353
v 0.97049361 0.41067663 -55.47619629 0.65098039 0.74117647 0.85882353
v 0.97955376 0.41808334 -55.47322845 0.65098039 0.74117647 0.85882353
v 0.98622930 0.40336803 -55.48175812 0.65098039 0.74117647 0.85882353
v 1.05272722 0.44468632 -55.45928192 0.65098039 0.74117647 0.85882353
v 1.06746101 0.44759503 -55.45326233 0.65098039 0.74117647 0.85882353
v 1.08058965 0.44332173 -55.44847488 0.65098039 0.74117647 0.85882353
v 1.09088230 0.43519822 -55.44305420 0.65098039 0.74117647 0.85882353
v 1.09612143 0.42428377 -55.43820953 0.65098039 0.74117647 0.85882353
v 1.09559846 0.40940765 -55.43404007 0.65098039 0.74117647 0.85882353
v 1.08942425 0.39377716 -55.43201447 0.65098039 0.74117647 0.85882353
v 1.05586934 0.35192600 -55.43460083 0.65098039 0.74117647 0.85882353
v 1.04314482 0.33751109 -55.43955994 0.65098039 0.74117647 0.85882353
v 1.01184630 0.29478708 -55.45726395 0.65098039 0.74117647 0.85882353
v 1.00503218 0.28272632 -55.46376801 0.65098039 0.74117647 0.85882353
v 0.97210151 0.22444478 -55.48521805 0.65098039 0.74117647 0.85882353
v 0.98534298 0.24231210 -55.48058701 0.65098039 0.74117647 0.85882353
v 0.96044934 0.20867643 -55.48884964 0.65098039 0.74117647 0.85882353
v 0.93626106 -0.02424452 -55.53929901 0.65098039 0.74117647 0.85882353
v 0.93119204 -0.00534293 -55.53136444 0.65098039 0.74117647 0.85882353
v 0.95149565 -0.00552601 -55.52193451 0.65098039 0.74117647 0.85882353
v 0.95594108 -0.02385893 -55.52787399 0.65098039 0.74117647 0.85882353
v 0.85928690 0.03748351 -55.52368164 0.65098039 0.74117647 0.85882353
v 0.88144010 0.03697875 -55.52542496 0.65098039 0.74117647 0.85882353
v 0.99820673 -0.02005935 -55.43877792 0.65098039 0.74117647 0.85882353
v 0.99460107 -0.01372620 -55.46564865 0.65098039 0.74117647 0.85882353
v 0.98420757 -0.00966051 -55.48876953 0.65098039 0.74117647 0.85882353
v 0.96916252 -0.00670382 -55.50726700 0.65098039 0.74117647 0.85882353
v 0.99426144 -0.02751234 -55.41320419 0.65098039 0.74117647 0.85882353
v 0.91220182 -0.06940450 -55.32888794 0.65098039 0.74117647 0.85882353
v 0.93144202 -0.06273600 -55.34135056 0.65098039 0.74117647 0.85882353
v 0.85263336 -0.07891293 -55.31090927 0.65098039 0.74117647 0.85882353
v 0.87187684 -0.07762277 -55.31370926 0.65098039 0.74117647 0.85882353
v 0.98443705 -0.03673711 -55.39062119 0.65098039 0.74117647 0.85882353
v 0.89192504 -0.07453711 -55.31935120 0.65098039 0.74117647 0.85882353
v 0.95038056 -0.05498889 -55.35549545 0.65098039 0.74117647 0.85882353
v 0.96919346 -0.04638639 -55.37167358 0.65098039 0.74117647 0.85882353
v 0.92567885 0.01423696 -55.52619934 0.65098039 0.74117647 0.85882353
v 0.90572888 0.01513648 -55.53111649 0.65098039 0.74117647 0.85882353
v 0.90197706 0.03651685 -55.52421570 0.65098039 0.74117647 0.85882353
v 0.86636150 0.25141260 -55.52229309 0.65098039 0.74117647 0.85882353
v 0.88959682 0.25651333 -55.52296829 0.65098039 0.74117647 0.85882353
v 0.91205013 0.26375285 -55.52054977 0.65098039 0.74117647 0.85882353
v 0.93085426 0.28623548 -55.52079391 0.65098039 0.74117647 0.85882353
v 0.94992018 0.29602233 -55.51496506 0.65098039 0.74117647 0.85882353
v 0.95452422 0.28245750 -55.51147461 0.65098039 0.74117647 0.85882353
v 0.93463874 0.27214924 -55.51682663 0.65098039 0.74117647 0.85882353
v 0.97878063 0.31642410 -55.49480820 0.65098039 0.74117647 0.85882353
v 0.99064362 0.32640037 -55.48712158 0.65098039 0.74117647 0.85882353
v 0.99314463 0.31590739 -55.48221207 0.65098039 0.74117647 0.85882353
v 0.98240763 0.30580893 -55.49080276 0.65098039 0.74117647 0.85882353
v 1.00402427 0.32546309 -55.47602463 0.65098039 0.74117647 0.85882353
v 1.01507497 0.33392802 -55.46971130 0.65098039 0.74117647 0.85882353
v 1.02560830 0.34366247 -55.46342087 0.65098039 0.74117647 0.85882353
v 1.03736305 0.35596105 -55.45923996 0.65098039 0.74117647 0.85882353
v 1.02955389 0.37219521 -55.47227478 0.65098039 0.74117647 0.85882353
v 1.01904798 0.36271140 -55.47598648 0.65098039 0.74117647 0.85882353
v 0.97624862 0.32904419 -55.49878311 0.65098039 0.74117647 0.85882353
v 0.96179140 0.31975499 -55.50793839 0.65098039 0.74117647 0.85882353
v 0.86405259 0.28004363 -55.51950836 0.65098039 0.74117647 0.85882353
v 0.84366620 0.27480587 -55.51378632 0.65098039 0.74117647 0.85882353
v 0.99650019 0.24338952 -55.39057541 0.65098039 0.74117647 0.85882353
v 1.00040662 0.24015990 -55.40838242 0.65098039 0.74117647 0.85882353
v 1.00243902 0.23971716 -55.42487335 0.65098039 0.74117647 0.85882353
v 1.00275362 0.24139705 -55.43971252 0.65098039 0.74117647 0.85882353
v 1.00207901 0.24511263 -55.45324707 0.65098039 0.74117647 0.85882353
v 0.99863708 0.24998894 -55.46543884 0.65098039 0.74117647 0.85882353
v 0.99319738 0.25631103 -55.47561646 0.65098039 0.74117647 0.85882353
v 0.99926317 0.26998231 -55.47006607 0.65098039 0.74117647 0.85882353
v 0.98725516 0.26385573 -55.48436737 0.65098039 0.74117647 0.85882353
v 0.99467933 0.27704856 -55.47726059 0.65098039 0.74117647 0.85882353
v 0.98089045 0.27295938 -55.49186325 0.65098039 0.74117647 0.85882353
v 0.97513652 0.28344306 -55.49802399 0.65098039 0.74117647 0.85882353
v 0.96947384 0.29431632 -55.50209045 0.65098039 0.74117647 0.85882353
v 0.96526349 0.30618963 -55.50555038 0.65098039 0.74117647 0.85882353
v 0.92865586 0.30094782 -55.52264404 0.65098039 0.74117647 0.85882353
v 0.94669998 0.30983159 -55.51693344 0.65098039 0.74117647 0.85882353
v 0.90812677 0.30839035 -55.52424240 0.65098039 0.74117647 0.85882353
v 0.90721613 0.32242200 -55.52421951 0.65098039 0.74117647 0.85882353
v 0.90886122 0.27825400 -55.52278900 0.65098039 0.74117647 0.85882353
v 0.90935880 0.29332867 -55.52428818 0.65098039 0.74117647 0.85882353
v 0.89198226 0.41055325 -55.48263550 0.65098039 0.74117647 0.85882353
v 0.87758899 0.39947388 -55.48873520 0.65098039 0.74117647 0.85882353
v 1.07608986 0.39306089 -55.44361496 0.65098039 0.74117647 0.85882353
v 1.08476913 0.40126052 -55.43994141 0.65098039 0.74117647 0.85882353
v 1.08155310 0.39019397 -55.43758774 0.65098039 0.74117647 0.85882353
v 1.07599485 0.38699427 -55.44101715 0.65098039 0.74117647 0.85882353
v 1.08427489 0.41156951 -55.44334793 0.65098039 0.74117647 0.85882353
v 1.07075894 0.40834102 -55.45190048 0.65098039 0.74117647 0.85882353
v 1.07982755 0.42078391 -55.44798660 0.65098039 0.74117647 0.85882353
v 1.07450759 0.40078297 -55.44739914 0.65098039 0.74117647 0.85882353
v 1.07226706 0.42786089 -55.45327759 0.65098039 0.74117647 0.85882353
v 1.06521845 0.41526821 -55.45707703 0.65098039 0.74117647 0.85882353
v 1.06314766 0.43197778 -55.45833206 0.65098039 0.74117647 0.85882353
v 1.05868268 0.42025211 -55.46154022 0.65098039 0.74117647 0.85882353
v 1.05320406 0.42323914 -55.46429825 0.65098039 0.74117647 0.85882353
v 1.05305839 0.43162444 -55.46304703 0.65098039 0.74117647 0.85882353
v 1.02974391 0.39898756 -55.47635651 0.65098039 0.74117647 0.85882353
v 1.03861213 0.40830329 -55.47226334 0.65098039 0.74117647 0.85882353
v 1.04734969 0.41704980 -55.46792603 0.65098039 0.74117647 0.85882353
v 1.04782879 0.36582711 -55.45510101 0.65098039 0.74117647 0.85882353
v 1.05734837 0.37804332 -55.45296097 0.65098039 0.74117647 0.85882353
v 1.06604290 0.38943973 -55.45043182 0.65098039 0.74117647 0.85882353
v 1.06249976 0.39653262 -55.45565796 0.65098039 0.74117647 0.85882353
v 1.05407119 0.38471016 -55.45854568 0.65098039 0.74117647 0.85882353
v 1.04474473 0.37277213 -55.46144867 0.65098039 0.74117647 0.85882353
v 0.86435330 0.26575813 -55.52217102 0.65098039 0.74117647 0.85882353
v 0.88627619 0.27149501 -55.52399445 0.65098039 0.74117647 0.85882353
v 1.00166011 0.33512262 -55.48076248 0.65098039 0.74117647 0.85882353
v 1.01136732 0.34292707 -55.47529221 0.65098039 0.74117647 0.85882353
v 1.02224016 0.35199854 -55.47021103 0.65098039 0.74117647 0.85882353
v 1.03371823 0.36279419 -55.46576691 0.65098039 0.74117647 0.85882353
v 1.00893164 0.35354182 -55.48008728 0.65098039 0.74117647 0.85882353
v 0.99846900 0.34580186 -55.48502350 0.65098039 0.74117647 0.85882353
v 0.98806095 0.33770385 -55.49100494 0.65098039 0.74117647 0.85882353
v 0.88636458 0.28652588 -55.52315903 0.65098039 0.74117647 0.85882353
v 0.84390664 0.26105282 -55.51730347 0.65098039 0.74117647 0.85882353
v 0.96819353 0.41325995 -55.38845444 0.65098039 0.74117647 0.85882353
v 0.96428627 0.43065432 -55.40897751 0.65098039 0.74117647 0.85882353
v 0.96734929 0.43833259 -55.43418884 0.65098039 0.74117647 0.85882353
v 0.97344494 0.43197766 -55.45709229 0.65098039 0.74117647 0.85882353
v 0.82412285 0.39096108 -55.48538589 0.65098039 0.74117647 0.85882353
v 1.17990422 0.53051615 -55.33959961 0.65098039 0.74117647 0.85882353
v 0.82827711 0.21257439 -55.51210403 0.65098039 0.74117647 0.85882353
v 0.82619107 0.22948578 -55.51506805 0.65098039 0.74117647 0.85882353
v 0.83674532 0.15410641 -55.50027847 0.65098039 0.74117647 0.85882353
v 0.83403814 0.17232236 -55.50708008 0.65098039 0.74117647 0.85882353
v 0.87905121 0.06221709 -55.51949310 0.65098039 0.74117647 0.85882353
v 0.85829806 0.06441161 -55.51572037 0.65098039 0.74117647 0.85882353
v 0.85726744 0.08941820 -55.51131439 0.65098039 0.74117647 0.85882353
v 0.83559620 0.01659632 -55.53240204 0.65098039 0.74117647 0.85882353
v 0.83564281 0.03871998 -55.51952362 0.65098039 0.74117647 0.85882353
v 0.83770144 0.08992314 -55.50420380 0.65098039 0.74117647 0.85882353
v 0.83864295 0.11231431 -55.50135040 0.65098039 0.74117647 0.85882353
v 0.85262036 0.19574293 -55.51247406 0.65098039 0.74117647 0.85882353
v 0.84517503 0.24789611 -55.52005768 0.65098039 0.74117647 0.85882353
v 0.82475144 0.25909439 -55.51385498 0.65098039 0.74117647 0.85882353
v 0.82461250 0.27303579 -55.51084137 0.65098039 0.74117647 0.85882353
v 0.82438970 0.28672656 -55.50951385 0.65098039 0.74117647 0.85882353
v 0.94768727 0.24756047 -55.29288483 0.65098039 0.74117647 0.85882353
v 0.94638145 0.26647916 -55.30202103 0.65098039 0.74117647 0.85882353
v 0.93460560 0.26465502 -55.29654694 0.65098039 0.74117647 0.85882353
v 0.93623531 0.24620906 -55.28750992 0.65098039 0.74117647 0.85882353
v 0.96639365 0.25027648 -55.30698013 0.65098039 0.74117647 0.85882353
v 0.96556735 0.26866004 -55.31613159 0.65098039 0.74117647 0.85882353
v 0.95675385 0.26790729 -55.30872345 0.65098039 0.74117647 0.85882353
v 0.95794415 0.24891427 -55.29948807 0.65098039 0.74117647 0.85882353
v 0.97323740 0.26812664 -55.32384872 0.65098039 0.74117647 0.85882353
v 0.97407806 0.25003085 -55.31528091 0.65098039 0.74117647 0.85882353
v 0.94850248 0.22762737 -55.28682709 0.65098039 0.74117647 0.85882353
v 0.95865864 0.22930554 -55.29315186 0.65098039 0.74117647 0.85882353
v 0.93722564 0.22661826 -55.28194809 0.65098039 0.74117647 0.85882353
v 0.97344917 0.23194250 -55.30857086 0.65098039 0.74117647 0.85882353
v 0.96671188 0.23097077 -55.30048752 0.65098039 0.74117647 0.85882353
v 0.81021237 0.48186603 -55.32775879 0.65098039 0.74117647 0.85882353
v 0.80421478 0.49008051 -55.31413651 0.65098039 0.74117647 0.85882353
v 0.79478824 0.53486431 -55.31230927 0.65098039 0.74117647 0.85882353
v 0.79517853 0.53878033 -55.31542969 0.65098039 0.74117647 0.85882353
v 0.81531775 0.46189669 -55.34702682 0.65098039 0.74117647 0.85882353
v 0.81860381 0.45087108 -55.34908676 0.65098039 0.74117647 0.85882353
v 0.79241264 0.51574469 -55.31122589 0.65098039 0.74117647 0.85882353
v 0.79267633 0.50183940 -55.30780029 0.65098039 0.74117647 0.85882353
v 0.79255319 0.56110811 -55.31898117 0.65098039 0.74117647 0.85882353
v 0.79293555 0.55731761 -55.31933212 0.65098039 0.74117647 0.85882353
v 0.79248744 0.54670489 -55.31531525 0.65098039 0.74117647 0.85882353
v 0.79287738 0.54255724 -55.31539154 0.65098039 0.74117647 0.85882353
v 0.82206970 0.43783507 -55.35106659 0.65098039 0.74117647 0.85882353
v 0.81040591 0.47163031 -55.34132767 0.65098039 0.74117647 0.85882353
v 0.82992697 0.41004327 -55.35643387 0.65098039 0.74117647 0.85882353
v 0.83286011 0.39737990 -55.35928726 0.65098039 0.74117647 0.85882353
v 0.84442014 0.38820454 -55.35958481 0.65098039 0.74117647 0.85882353
v 0.84651291 0.37665442 -55.35632324 0.65098039 0.74117647 0.85882353
v 0.86296886 0.23657551 -55.28768921 0.65098039 0.74117647 0.85882353
v 0.85618609 0.29038146 -55.31118393 0.65098039 0.74117647 0.85882353
v 0.85770655 0.27696195 -55.30099487 0.65098039 0.74117647 0.85882353
v 0.85473228 0.30626628 -55.31932449 0.65098039 0.74117647 0.85882353
v 0.84832656 0.36594799 -55.34989548 0.65098039 0.74117647 0.85882353
v 0.82625574 0.42377630 -55.35364914 0.65098039 0.74117647 0.85882353
v 0.79257333 0.52976656 -55.31246948 0.65098039 0.74117647 0.85882353
v 0.79271454 0.52359140 -55.31361008 0.65098039 0.74117647 0.85882353
v 0.79286808 0.55349374 -55.31828690 0.65098039 0.74117647 0.85882353
v 0.79264724 0.55015123 -55.31679535 0.65098039 0.74117647 0.85882353
v 0.83835316 0.33645096 -55.33405685 0.65098039 0.74117647 0.85882353
v 0.83951259 0.32036886 -55.32505798 0.65098039 0.74117647 0.85882353
v 0.86003852 0.25797960 -55.29356384 0.65098039 0.74117647 0.85882353
v 0.84968299 0.20761284 -55.28487778 0.65098039 0.74117647 0.85882353
v 0.85027140 0.18096173 -55.28687286 0.65098039 0.74117647 0.85882353
v 0.83734190 0.35149685 -55.34207535 0.65098039 0.74117647 0.85882353
v 0.85006368 0.15671980 -55.29089737 0.65098039 0.74117647 0.85882353
v 0.98594373 -0.21162683 -55.51682663 0.65098039 0.74117647 0.85882353
v 0.96692050 -0.22217327 -55.53776932 0.65098039 0.74117647 0.85882353
v 0.96362531 -0.20117870 -55.55049515 0.65098039 0.74117647 0.85882353
v 0.97827756 -0.19219595 -55.53599930 0.65098039 0.74117647 0.85882353
v 0.99259239 -0.15139154 -55.51514053 0.65098039 0.74117647 0.85882353
v 0.99625927 -0.12513050 -55.50868225 0.65098039 0.74117647 0.85882353
v 0.99803239 -0.09600462 -55.50322342 0.65098039 0.74117647 0.85882353
v 0.94436789 -0.20395738 -55.56408310 0.65098039 0.74117647 0.85882353
v 0.92097515 -0.18119264 -55.58150101 0.65098039 0.74117647 0.85882353
v 0.92080879 -0.20239893 -55.57426071 0.65098039 0.74117647 0.85882353
v 0.98300207 -0.09312730 -55.52820206 0.65098039 0.74117647 0.85882353
v 0.98123270 -0.11940527 -55.53343964 0.65098039 0.74117647 0.85882353
v 0.97195780 -0.18075818 -55.54640961 0.65098039 0.74117647 0.85882353
v 0.97598994 -0.16643876 -55.54338074 0.65098039 0.74117647 0.85882353
v 0.98787749 -0.17514396 -55.52463531 0.65098039 0.74117647 0.85882353
v 0.94416928 -0.18309870 -55.57038879 0.65098039 0.74117647 0.85882353
v 0.96137023 -0.18326506 -55.55740738 0.65098039 0.74117647 0.85882353
v 0.89418465 -0.02527353 -55.55021667 0.65098039 0.74117647 0.85882353
v 0.89750385 -0.04439431 -55.56085205 0.65098039 0.74117647 0.85882353
v 0.87004381 -0.04389253 -55.56273270 0.65098039 0.74117647 0.85882353
v 0.97423863 -0.02436057 -55.51184464 0.65098039 0.74117647 0.85882353
v 0.96054250 -0.04336801 -55.53545380 0.65098039 0.74117647 0.85882353
v 0.83271074 -0.18019572 -55.57031631 0.65098039 0.74117647 0.85882353
v 0.96204031 -0.16381785 -55.55959702 0.65098039 0.74117647 0.85882353
v 0.92071545 -0.15785715 -55.58478165 0.65098039 0.74117647 0.85882353
v 0.94403636 -0.16109473 -55.57360077 0.65098039 0.74117647 0.85882353
v 0.92353368 -0.08659007 -55.57363892 0.65098039 0.74117647 0.85882353
v 0.94547904 -0.08852577 -55.56273270 0.65098039 0.74117647 0.85882353
v 0.94409764 -0.11217207 -55.56941986 0.65098039 0.74117647 0.85882353
v 0.92224503 -0.10967591 -55.58068466 0.65098039 0.74117647 0.85882353
v 0.96501493 -0.09118026 -55.54809952 0.65098039 0.74117647 0.85882353
v 0.96392757 -0.06584315 -55.54231644 0.65098039 0.74117647 0.85882353
v 0.92292130 -0.06451432 -55.56541824 0.65098039 0.74117647 0.85882353
v 0.94442868 -0.06503208 -55.55561829 0.65098039 0.74117647 0.85882353
v 0.94087887 -0.04279420 -55.54772568 0.65098039 0.74117647 0.85882353
v 0.96375406 -0.11638248 -55.55376053 0.65098039 0.74117647 0.85882353
v 0.92048663 -0.13402811 -55.58486557 0.65098039 0.74117647 0.85882353
v 0.89327788 -0.13177404 -55.59108353 0.65098039 0.74117647 0.85882353
v 0.86451197 -0.12913465 -55.59001160 0.65098039 0.74117647 0.85882353
v 0.83535683 -0.12975249 -55.58698654 0.65098039 0.74117647 0.85882353
v 0.83594275 -0.10692279 -55.58562851 0.65098039 0.74117647 0.85882353
v 0.92034078 -0.04356191 -55.55601883 0.65098039 0.74117647 0.85882353
v 0.91060549 -0.00486776 -55.53749084 0.65098039 0.74117647 0.85882353
v 0.91652024 -0.02426586 -55.54622269 0.65098039 0.74117647 0.85882353
v 0.89921135 0.06049669 -55.51894760 0.65098039 0.74117647 0.85882353
v 0.84091455 -0.43519381 -55.40134430 0.65098039 0.74117647 0.85882353
v 0.81767541 -0.22367206 -55.46480179 0.65098039 0.74117647 0.85882353
v 0.81199378 -0.22811374 -55.44137955 0.65098039 0.74117647 0.85882353
v 0.99867141 -0.19703552 -55.39444351 0.65098039 0.74117647 0.85882353
v 1.00535154 -0.20750031 -55.46939468 0.65098039 0.74117647 0.85882353
v 0.99816322 -0.18940765 -55.49969482 0.65098039 0.74117647 0.85882353
v 0.81733912 -0.23425996 -55.39987183 0.65098039 0.74117647 0.85882353
v 0.83327198 -0.23443335 -55.37724304 0.65098039 0.74117647 0.85882353
v 0.97749412 -0.20407641 -55.36848831 0.65098039 0.74117647 0.85882353
v 0.91569698 -0.23011425 -55.34974670 0.65098039 0.74117647 0.85882353
v 0.81124198 -0.23178157 -55.42157364 0.65098039 0.74117647 0.85882353
v 0.97902530 -0.14443532 -55.53846741 0.65098039 0.74117647 0.85882353
v 0.96291560 -0.14157757 -55.55757141 0.65098039 0.74117647 0.85882353
v 0.94383013 -0.13715184 -55.57308960 0.65098039 0.74117647 0.85882353
v 0.89285195 -0.15488809 -55.59108353 0.65098039 0.74117647 0.85882353
v 0.86268330 -0.15110394 -55.58972931 0.65098039 0.74117647 0.85882353
v 0.83407229 -0.15050456 -55.58482742 0.65098039 0.74117647 0.85882353
v 0.84816885 -0.19500634 -55.34668350 0.65098039 0.74117647 0.85882353
v 0.83967698 -0.18772432 -55.34226227 0.65098039 0.74117647 0.85882353
v 0.84592301 -0.18712312 -55.34197998 0.65098039 0.74117647 0.85882353
v 0.83289987 -0.17571434 -55.33889389 0.65098039 0.74117647 0.85882353
v 0.83224916 -0.18763962 -55.34427261 0.65098039 0.74117647 0.85882353
v 0.83829576 -0.19845626 -55.34994125 0.65098039 0.74117647 0.85882353
v 0.83149433 -0.19824991 -55.35270691 0.65098039 0.74117647 0.85882353
v 0.83060944 -0.20851609 -55.36371613 0.65098039 0.74117647 0.85882353
v 0.91090834 -0.08844648 -55.33169937 0.65098039 0.74117647 0.85882353
v 0.93153405 -0.08236779 -55.34293747 0.65098039 0.74117647 0.85882353
v 0.85123312 -0.09714749 -55.31567764 0.65098039 0.74117647 0.85882353
v 0.86983824 -0.09563538 -55.31813049 0.65098039 0.74117647 0.85882353
v 0.98760009 -0.05532435 -55.39125061 0.65098039 0.74117647 0.85882353
v 0.88987708 -0.09289454 -55.32316589 0.65098039 0.74117647 0.85882353
v 0.95197564 -0.07471918 -55.35599136 0.65098039 0.74117647 0.85882353
v 0.97229588 -0.06539810 -55.37205887 0.65098039 0.74117647 0.85882353
v 0.83631527 -0.06163800 -55.57143784 0.65098039 0.74117647 0.85882353
v 0.83740366 -0.04069266 -55.56216049 0.65098039 0.74117647 0.85882353
v 0.83391416 -0.09784968 -55.31566238 0.65098039 0.74117647 0.85882353
v 0.79679412 0.48924831 -55.31564331 0.65098039 0.74117647 0.85882353
v 0.80379385 0.48051241 -55.32968140 0.65098039 0.74117647 0.85882353
v 0.80733538 0.66505754 -55.37769318 0.65098039 0.74117647 0.85882353
v 0.83170897 0.43990114 -55.46116638 0.65098039 0.74117647 0.85882353
v 0.79893273 0.61832845 -55.34562683 0.65098039 0.74117647 0.85882353
v 0.79335201 0.53844059 -55.31612396 0.65098039 0.74117647 0.85882353
v 0.79174495 0.56413054 -55.31701279 0.65098039 0.74117647 0.85882353
v 0.83477724 0.38514856 -55.36045456 0.65098039 0.74117647 0.85882353
v 0.83572793 0.37321302 -55.35741043 0.65098039 0.74117647 0.85882353
v 0.82798314 -0.22002223 -55.45728683 0.65098039 0.74117647 0.85882353
v 0.83645564 0.36278620 -55.34968185 0.65098039 0.74117647 0.85882353
v 0.82907742 -0.21922410 -55.47162628 0.65098039 0.74117647 0.85882353
v 0.83818954 0.13366428 -55.49989319 0.65098039 0.74117647 0.85882353
v 0.65427428 -0.76055944 -55.70125198 0.65098039 0.74117647 0.85882353
v 0.65593290 -0.75118363 -55.71292877 0.65098039 0.74117647 0.85882353
v 0.64734596 -0.77735019 -55.72455215 0.65098039 0.74117647 0.85882353
v 0.64546788 -0.78493106 -55.71278000 0.65098039 0.74117647 0.85882353
v 0.67924547 -0.74110866 -55.73479462 0.65098039 0.74117647 0.85882353
v 0.66684449 -0.74205959 -55.72878647 0.65098039 0.74117647 0.85882353
v 0.69288242 -0.74558067 -55.73655701 0.65098039 0.74117647 0.85882353
v 0.70372975 -0.75403488 -55.73326874 0.65098039 0.74117647 0.85882353
v 0.68757874 -0.77564967 -55.74736023 0.65098039 0.74117647 0.85882353
v 0.67861533 -0.76783955 -55.75202942 0.65098039 0.74117647 0.85882353
v 0.70967746 -0.76245809 -55.72629547 0.65098039 0.74117647 0.85882353
v 0.69922787 -0.79209846 -55.73242950 0.65098039 0.74117647 0.85882353
v 0.71295083 -0.77124655 -55.71704483 0.65098039 0.74117647 0.85882353
v 0.71172464 -0.78239775 -55.70159912 0.65098039 0.74117647 0.85882353
v 0.69816494 -0.80176979 -55.71676254 0.65098039 0.74117647 0.85882353
v 0.70159566 -0.79215765 -55.68708420 0.65098039 0.74117647 0.85882353
v 0.68989074 -0.81083560 -55.70220947 0.65098039 0.74117647 0.85882353
v 0.68649185 -0.79393262 -55.67850113 0.65098039 0.74117647 0.85882353
v 0.65783310 -0.77217793 -55.69019318 0.65098039 0.74117647 0.85882353
v 0.64758313 -0.79551125 -55.70018005 0.65098039 0.74117647 0.85882353
v 0.66634512 -0.76432204 -55.74982834 0.65098039 0.74117647 0.85882353
v 0.65622395 -0.76701295 -55.74259186 0.65098039 0.74117647 0.85882353
v 0.65135276 -0.77224368 -55.73329926 0.65098039 0.74117647 0.85882353
v 0.66022354 -0.74571741 -55.72179031 0.65098039 0.74117647 0.85882353
v 0.63684160 -0.80171597 -55.73482895 0.65098039 0.74117647 0.85882353
v 0.63160145 -0.80768663 -55.72094345 0.65098039 0.74117647 0.85882353
v 0.65302849 -0.78651536 -55.76505661 0.65098039 0.74117647 0.85882353
v 0.64666706 -0.79259068 -55.75383759 0.65098039 0.74117647 0.85882353
v 0.67223477 -0.79635686 -55.76145935 0.65098039 0.74117647 0.85882353
v 0.66515768 -0.78845745 -55.76845932 0.65098039 0.74117647 0.85882353
v 0.68993914 -0.81315768 -55.74790192 0.65098039 0.74117647 0.85882353
v 0.68135911 -0.80461890 -55.75508499 0.65098039 0.74117647 0.85882353
v 0.69408053 -0.78370333 -55.74071121 0.65098039 0.74117647 0.85882353
v 0.68899727 -0.82165265 -55.73243332 0.65098039 0.74117647 0.85882353
v 0.68161446 -0.83103347 -55.71363449 0.65098039 0.74117647 0.85882353
v 0.63558638 -0.81850600 -55.70637131 0.65098039 0.74117647 0.85882353
v 0.64165688 -0.79765630 -55.74448776 0.65098039 0.74117647 0.85882353
v 0.66397858 -0.98613012 -55.62920380 0.65098039 0.74117647 0.85882353
v 0.66444957 -0.98181760 -55.62702179 0.65098039 0.74117647 0.85882353
v 0.66022688 -0.98060763 -55.62557220 0.65098039 0.74117647 0.85882353
v 0.65727144 -0.98488092 -55.62747574 0.65098039 0.74117647 0.85882353
v 0.62656975 -0.98009229 -55.61418533 0.65098039 0.74117647 0.85882353
v 0.62815046 -0.97238886 -55.60656357 0.65098039 0.74117647 0.85882353
v 0.61993390 -0.96973193 -55.60846329 0.65098039 0.74117647 0.85882353
v 0.61528212 -0.97770095 -55.61605453 0.65098039 0.74117647 0.85882353
v 0.64247191 -0.98468459 -55.61830139 0.65098039 0.74117647 0.85882353
v 0.64272070 -0.98595738 -55.62309265 0.65098039 0.74117647 0.85882353
v 0.64737499 -0.98722529 -55.62440491 0.65098039 0.74117647 0.85882353
v 0.65012938 -0.98671627 -55.62011337 0.65098039 0.74117647 0.85882353
v 0.68769652 -0.97401130 -55.65555954 0.65098039 0.74117647 0.85882353
v 0.68622434 -0.97628462 -55.66004944 0.65098039 0.74117647 0.85882353
v 0.69049096 -0.97647536 -55.66201019 0.65098039 0.74117647 0.85882353
v 0.69290423 -0.97461057 -55.65916824 0.65098039 0.74117647 0.85882353
v 0.67181474 -0.98215437 -55.63995743 0.65098039 0.74117647 0.85882353
v 0.67060494 -0.98422301 -55.64486694 0.65098039 0.74117647 0.85882353
v 0.67483926 -0.98429728 -55.64638519 0.65098039 0.74117647 0.85882353
v 0.67754090 -0.98308992 -55.64348221 0.65098039 0.74117647 0.85882353
v 0.63305664 -0.95761025 -55.62498093 0.65098039 0.74117647 0.85882353
v 0.62108654 -0.95085084 -55.62428284 0.65098039 0.74117647 0.85882353
v 0.61939627 -0.96253550 -55.61529160 0.65098039 0.74117647 0.85882353
v 0.63140452 -0.96592808 -55.61390686 0.65098039 0.74117647 0.85882353
v 0.61105227 -0.96558321 -55.62197876 0.65098039 0.74117647 0.85882353
v 0.61218935 -0.95470548 -55.63267517 0.65098039 0.74117647 0.85882353
v 0.61593592 -0.96225905 -55.63899231 0.65098039 0.74117647 0.85882353
v 0.61592913 -0.96999359 -55.62772751 0.65098039 0.74117647 0.85882353
v 0.62720096 -0.96811616 -55.63854599 0.65098039 0.74117647 0.85882353
v 0.62633902 -0.97471225 -55.62819672 0.65098039 0.74117647 0.85882353
v 0.63556075 -0.96717787 -55.63240051 0.65098039 0.74117647 0.85882353
v 0.63639683 -0.97484481 -55.62069702 0.65098039 0.74117647 0.85882353
v 0.65394425 -0.97277915 -55.63369370 0.65098039 0.74117647 0.85882353
v 0.65206569 -0.96569467 -55.62825394 0.65098039 0.74117647 0.85882353
v 0.65167308 -0.97584808 -55.62049103 0.65098039 0.74117647 0.85882353
v 0.65540999 -0.98199594 -55.62595749 0.65098039 0.74117647 0.85882353
v 0.64161450 -0.96387672 -55.62553024 0.65098039 0.74117647 0.85882353
v 0.64384121 -0.97412455 -55.61854172 0.65098039 0.74117647 0.85882353
v 0.63453507 -0.97036445 -55.63115311 0.65098039 0.74117647 0.85882353
v 0.63806164 -0.97413504 -55.63756943 0.65098039 0.74117647 0.85882353
v 0.64018464 -0.98176086 -55.62791824 0.65098039 0.74117647 0.85882353
v 0.63635522 -0.97817278 -55.62126541 0.65098039 0.74117647 0.85882353
v 0.64716697 -0.97602677 -55.63920593 0.65098039 0.74117647 0.85882353
v 0.64879334 -0.98376596 -55.63053894 0.65098039 0.74117647 0.85882353
v 0.66868937 -0.96747553 -55.63707733 0.65098039 0.74117647 0.85882353
v 0.65834218 -0.96614957 -55.63391495 0.65098039 0.74117647 0.85882353
v 0.65913641 -0.97556186 -55.62887573 0.65098039 0.74117647 0.85882353
v 0.66664684 -0.97696769 -55.63075638 0.65098039 0.74117647 0.85882353
v 0.65230113 -0.98042321 -55.63231659 0.65098039 0.74117647 0.85882353
v 0.65177548 -0.97305644 -55.63898849 0.65098039 0.74117647 0.85882353
v 0.65546727 -0.97684908 -55.64446259 0.65098039 0.74117647 0.85882353
v 0.65647602 -0.98361146 -55.63656616 0.65098039 0.74117647 0.85882353
v 0.66452467 -0.97833931 -55.64643860 0.65098039 0.74117647 0.85882353
v 0.66344661 -0.98557127 -55.63826752 0.65098039 0.74117647 0.85882353
v 0.67110276 -0.97426879 -55.64156723 0.65098039 0.74117647 0.85882353
v 0.66921413 -0.98279238 -55.63467026 0.65098039 0.74117647 0.85882353
v 0.68548572 -0.97137988 -55.65520477 0.65098039 0.74117647 0.85882353
v 0.68452024 -0.96499836 -55.65035629 0.65098039 0.74117647 0.85882353
v 0.68185276 -0.97370994 -55.64442062 0.65098039 0.74117647 0.85882353
v 0.68205988 -0.97917664 -55.64913177 0.65098039 0.74117647 0.85882353
v 0.67675596 -0.96514881 -55.64636612 0.65098039 0.74117647 0.85882353
v 0.67613071 -0.97269809 -55.64152908 0.65098039 0.74117647 0.85882353
v 0.66953355 -0.97541320 -55.64265060 0.65098039 0.74117647 0.85882353
v 0.67164272 -0.96989036 -55.64719391 0.65098039 0.74117647 0.85882353
v 0.67112684 -0.97519457 -55.65518188 0.65098039 0.74117647 0.85882353
v 0.66910946 -0.98081005 -55.64910126 0.65098039 0.74117647 0.85882353
v 0.67925614 -0.97564232 -55.65921402 0.65098039 0.74117647 0.85882353
v 0.67653590 -0.98209286 -55.65191650 0.65098039 0.74117647 0.85882353
v 0.69863468 -0.96054816 -55.66647720 0.65098039 0.74117647 0.85882353
v 0.69675589 -0.96701539 -55.66031265 0.65098039 0.74117647 0.85882353
v 0.69639695 -0.97119021 -55.66496277 0.65098039 0.74117647 0.85882353
v 0.69791973 -0.96434546 -55.67274857 0.65098039 0.74117647 0.85882353
v 0.69237292 -0.96076310 -55.66086578 0.65098039 0.74117647 0.85882353
v 0.69096720 -0.96646535 -55.65694809 0.65098039 0.74117647 0.85882353
v 0.68542039 -0.96923089 -55.65863800 0.65098039 0.74117647 0.85882353
v 0.68808842 -0.96497524 -55.66197968 0.65098039 0.74117647 0.85882353
v 0.68541801 -0.96973622 -55.66935349 0.65098039 0.74117647 0.85882353
v 0.68424141 -0.97359717 -55.66448212 0.65098039 0.74117647 0.85882353
v 0.69175988 -0.96876097 -55.67364120 0.65098039 0.74117647 0.85882353
v 0.69111389 -0.97455645 -55.66755295 0.65098039 0.74117647 0.85882353
v 0.63811773 -0.95053589 -55.63628387 0.65098039 0.74117647 0.85882353
v 0.62388879 -0.94025254 -55.63385391 0.65098039 0.74117647 0.85882353
v 0.61741149 -0.97588861 -55.62026978 0.65098039 0.74117647 0.85882353
v 0.61442983 -0.94563699 -55.64314270 0.65098039 0.74117647 0.85882353
v 0.62340528 -0.97846270 -55.62055206 0.65098039 0.74117647 0.85882353
v 0.63195246 -0.96311378 -55.64859390 0.65098039 0.74117647 0.85882353
v 0.61833954 -0.95460260 -55.65008926 0.65098039 0.74117647 0.85882353
v 0.63508475 -0.96347320 -55.63670349 0.65098039 0.74117647 0.85882353
v 0.65031928 -0.98128593 -55.61700439 0.65098039 0.74117647 0.85882353
v 0.65054446 -0.96834981 -55.65306473 0.65098039 0.74117647 0.85882353
v 0.65229744 -0.96820581 -55.64212799 0.65098039 0.74117647 0.85882353
v 0.64555371 -0.97995889 -55.61577988 0.65098039 0.74117647 0.85882353
v 0.65514374 -0.95549452 -55.64054871 0.65098039 0.74117647 0.85882353
v 0.67189467 -0.95734000 -55.65133286 0.65098039 0.74117647 0.85882353
v 0.65799361 -0.98698342 -55.63188171 0.65098039 0.74117647 0.85882353
v 0.66170019 -0.98815644 -55.63306046 0.65098039 0.74117647 0.85882353
v 0.66809440 -0.97018731 -55.66132355 0.65098039 0.74117647 0.85882353
v 0.67253768 -0.96811867 -55.64837646 0.65098039 0.74117647 0.85882353
v 0.67912912 -0.97873163 -55.64075089 0.65098039 0.74117647 0.85882353
v 0.68259341 -0.96815073 -55.67238998 0.65098039 0.74117647 0.85882353
v 0.68802488 -0.96509373 -55.66201782 0.65098039 0.74117647 0.85882353
v 0.67511469 -0.97834015 -55.63936615 0.65098039 0.74117647 0.85882353
v 0.68843621 -0.95514572 -55.66287994 0.65098039 0.74117647 0.85882353
v 0.69274557 -0.97155917 -55.65794373 0.65098039 0.74117647 0.85882353
v 0.69233620 -0.96390629 -55.68338776 0.65098039 0.74117647 0.85882353
v 0.69984806 -0.95722485 -55.68347549 0.65098039 0.74117647 0.85882353
v 0.69022393 -0.97113383 -55.65546417 0.65098039 0.74117647 0.85882353
v 0.69994873 -0.95226681 -55.67464828 0.65098039 0.74117647 0.85882353
v 0.65480256 -0.80560303 -55.69152069 0.65098039 0.74117647 0.85882353
v 0.66384763 -0.78261840 -55.68171692 0.65098039 0.74117647 0.85882353
v 0.67346740 -0.79052091 -55.67806244 0.65098039 0.74117647 0.85882353
v 0.66497755 -0.81259525 -55.68866348 0.65098039 0.74117647 0.85882353
v 0.67666990 -0.81455791 -55.69160080 0.65098039 0.74117647 0.85882353
v 0.64589608 -0.82805419 -55.69659042 0.65098039 0.74117647 0.85882353
v 0.65848196 -0.83417630 -55.69457245 0.65098039 0.74117647 0.85882353
v 0.66958088 -0.83533740 -55.70079422 0.65098039 0.74117647 0.85882353
v 0.68523890 -0.83916521 -55.74702835 0.65098039 0.74117647 0.85882353
v 0.68453479 -0.82893276 -55.76246643 0.65098039 0.74117647 0.85882353
v 0.67286825 -0.82003212 -55.76879883 0.65098039 0.74117647 0.85882353
v 0.66394210 -0.81174541 -55.77643967 0.65098039 0.74117647 0.85882353
v 0.65533179 -0.80382639 -55.78344727 0.65098039 0.74117647 0.85882353
v 0.62763321 -0.83949697 -55.71160126 0.65098039 0.74117647 0.85882353
v 0.63936782 -0.84865296 -55.69719696 0.65098039 0.74117647 0.85882353
v 0.65410203 -0.85445035 -55.69371414 0.65098039 0.74117647 0.85882353
v 0.66690409 -0.85549355 -55.70258713 0.65098039 0.74117647 0.85882353
v 0.62333030 -0.92588568 -55.64377975 0.65098039 0.74117647 0.85882353
v 0.64066517 -0.93036044 -55.64483261 0.65098039 0.74117647 0.85882353
v 0.64035755 -0.91240525 -55.65597534 0.65098039 0.74117647 0.85882353
v 0.62353373 -0.91460681 -55.66050720 0.65098039 0.74117647 0.85882353
v 0.65570354 -0.93685865 -55.65203857 0.65098039 0.74117647 0.85882353
v 0.65740317 -0.91675782 -55.66268921 0.65098039 0.74117647 0.85882353
v 0.67134458 -0.93965042 -55.66263199 0.65098039 0.74117647 0.85882353
v 0.67130476 -0.92069459 -55.67424774 0.65098039 0.74117647 0.85882353
v 0.68637383 -0.94020510 -55.67458725 0.65098039 0.74117647 0.85882353
v 0.68370306 -0.92336655 -55.68698883 0.65098039 0.74117647 0.85882353
v 0.69882840 -0.94120502 -55.68632126 0.65098039 0.74117647 0.85882353
v 0.69442087 -0.92704678 -55.70059967 0.65098039 0.74117647 0.85882353
v 0.70181155 -0.94791377 -55.69651031 0.65098039 0.74117647 0.85882353
v 0.69891286 -0.93458188 -55.71201324 0.65098039 0.74117647 0.85882353
v 0.61261427 -0.93485010 -55.65515518 0.65098039 0.74117647 0.85882353
v 0.61547172 -0.92357898 -55.67174149 0.65098039 0.74117647 0.85882353
v 0.61809146 -0.94537628 -55.66499710 0.65098039 0.74117647 0.85882353
v 0.62011266 -0.93550134 -55.68201065 0.65098039 0.74117647 0.85882353
v 0.63294256 -0.95038819 -55.66926193 0.65098039 0.74117647 0.85882353
v 0.63430583 -0.93939865 -55.68679047 0.65098039 0.74117647 0.85882353
v 0.69084746 -0.94432461 -55.71480942 0.65098039 0.74117647 0.85882353
v 0.69258738 -0.95652270 -55.69807816 0.65098039 0.74117647 0.85882353
v 0.65042734 -0.95385623 -55.67572021 0.65098039 0.74117647 0.85882353
v 0.65110880 -0.94183421 -55.69345093 0.65098039 0.74117647 0.85882353
v 0.66660267 -0.95668030 -55.68396759 0.65098039 0.74117647 0.85882353
v 0.66620767 -0.94444263 -55.70201111 0.65098039 0.74117647 0.85882353
v 0.68055487 -0.95762038 -55.69195557 0.65098039 0.74117647 0.85882353
v 0.67935234 -0.94572365 -55.70977402 0.65098039 0.74117647 0.85882353
v 0.63778150 -0.89392865 -55.67205811 0.65098039 0.74117647 0.85882353
v 0.65722030 -0.89450967 -55.67392731 0.65098039 0.74117647 0.85882353
v 0.66946375 -0.89841747 -55.68623734 0.65098039 0.74117647 0.85882353
v 0.68009752 -0.90284777 -55.70088959 0.65098039 0.74117647 0.85882353
v 0.68844718 -0.90976977 -55.71717453 0.65098039 0.74117647 0.85882353
v 0.69349480 -0.91866946 -55.72956848 0.65098039 0.74117647 0.85882353
v 0.68056226 -0.87864566 -55.71849442 0.65098039 0.74117647 0.85882353
v 0.68213582 -0.89344454 -55.73729706 0.65098039 0.74117647 0.85882353
v 0.68434298 -0.90431309 -55.74799728 0.65098039 0.74117647 0.85882353
v 0.67714787 -0.89028680 -55.76631927 0.65098039 0.74117647 0.85882353
v 0.67851740 -0.87843752 -55.75784683 0.65098039 0.74117647 0.85882353
v 0.66813356 -0.85527039 -55.79145432 0.65098039 0.74117647 0.85882353
v 0.67344213 -0.86519384 -55.77624130 0.65098039 0.74117647 0.85882353
v 0.67273939 -0.87713599 -55.78516006 0.65098039 0.74117647 0.85882353
v 0.66673368 -0.86788404 -55.80176163 0.65098039 0.74117647 0.85882353
v 0.68030113 -0.86516440 -55.74291992 0.65098039 0.74117647 0.85882353
v 0.67754221 -0.85196233 -55.76201630 0.65098039 0.74117647 0.85882353
v 0.67191279 -0.84112453 -55.77511215 0.65098039 0.74117647 0.85882353
v 0.64968252 -0.85289121 -55.81800079 0.65098039 0.74117647 0.85882353
v 0.65494686 -0.83889091 -55.80979919 0.65098039 0.74117647 0.85882353
v 0.66253000 -0.84740460 -55.80183029 0.65098039 0.74117647 0.85882353
v 0.65980029 -0.86045289 -55.81205750 0.65098039 0.74117647 0.85882353
v 0.63268536 -0.84771609 -55.81913757 0.65098039 0.74117647 0.85882353
v 0.63877267 -0.83187509 -55.81319427 0.65098039 0.74117647 0.85882353
v 0.62258989 -0.83506536 -55.80145645 0.65098039 0.74117647 0.85882353
v 0.61660755 -0.84918797 -55.80842972 0.65098039 0.74117647 0.85882353
v 0.65928334 -0.82474864 -55.79258347 0.65098039 0.74117647 0.85882353
v 0.66566771 -0.83299124 -55.78442764 0.65098039 0.74117647 0.85882353
v 0.64726430 -0.81737828 -55.79769135 0.65098039 0.74117647 0.85882353
v 0.63344884 -0.81930208 -55.78818130 0.65098039 0.74117647 0.85882353
v 0.61715078 -0.84343135 -55.78400803 0.65098039 0.74117647 0.85882353
v 0.62769794 -0.82737434 -55.77307129 0.65098039 0.74117647 0.85882353
v 0.60992396 -0.85619140 -55.79148483 0.65098039 0.74117647 0.85882353
v 0.62371904 -0.90213728 -55.68119431 0.65098039 0.74117647 0.85882353
v 0.61972576 -0.91059303 -55.69099808 0.65098039 0.74117647 0.85882353
v 0.66903019 -0.87567377 -55.69565201 0.65098039 0.74117647 0.85882353
v 0.65502316 -0.87328613 -55.68524551 0.65098039 0.74117647 0.85882353
v 0.63440704 -0.87077034 -55.69134903 0.65098039 0.74117647 0.85882353
v 0.62020302 -0.88603830 -55.70200348 0.65098039 0.74117647 0.85882353
v 0.61956704 -0.89752436 -55.71314621 0.65098039 0.74117647 0.85882353
v 0.61584866 -0.87419653 -55.72374725 0.65098039 0.74117647 0.85882353
v 0.61749834 -0.88586342 -55.73329926 0.65098039 0.74117647 0.85882353
v 0.62420040 -0.91994309 -55.69992447 0.65098039 0.74117647 0.85882353
v 0.62593710 -0.90445018 -55.72034836 0.65098039 0.74117647 0.85882353
v 0.62284464 -0.89238060 -55.74014282 0.65098039 0.74117647 0.85882353
v 0.61388576 -0.86427677 -55.74275589 0.65098039 0.74117647 0.85882353
v 0.61345482 -0.87583220 -55.75112534 0.65098039 0.74117647 0.85882353
v 0.61579740 -0.85613120 -55.75822449 0.65098039 0.74117647 0.85882353
v 0.61123395 -0.86822796 -55.76556015 0.65098039 0.74117647 0.85882353
v 0.60986018 -0.86231065 -55.77786636 0.65098039 0.74117647 0.85882353
v 0.61703861 -0.85009229 -55.77053833 0.65098039 0.74117647 0.85882353
v 0.62289059 -0.83945715 -55.75049591 0.65098039 0.74117647 0.85882353
v 0.62551403 -0.83339095 -55.76136017 0.65098039 0.74117647 0.85882353
v 0.62089980 -0.84816504 -55.73523712 0.65098039 0.74117647 0.85882353
v 0.62207043 -0.85804355 -55.71538544 0.65098039 0.74117647 0.85882353
v 0.68703580 -0.92898405 -55.73361588 0.65098039 0.74117647 0.85882353
v 0.68037271 -0.91359425 -55.75228500 0.65098039 0.74117647 0.85882353
v 0.67244238 -0.89874661 -55.76999664 0.65098039 0.74117647 0.85882353
v 0.66566825 -0.88699698 -55.78895187 0.65098039 0.74117647 0.85882353
v 0.65794200 -0.87798572 -55.80379868 0.65098039 0.74117647 0.85882353
v 0.65126371 -0.87115359 -55.81223297 0.65098039 0.74117647 0.85882353
v 0.64248830 -0.86434031 -55.81715012 0.65098039 0.74117647 0.85882353
v 0.62938321 -0.85959864 -55.81622314 0.65098039 0.74117647 0.85882353
v 0.61782932 -0.86014009 -55.80880356 0.65098039 0.74117647 0.85882353
v 0.61254913 -0.86676192 -55.79621124 0.65098039 0.74117647 0.85882353
v 0.61180949 -0.87313342 -55.78487015 0.65098039 0.74117647 0.85882353
v 0.61752135 -0.88406324 -55.75826645 0.65098039 0.74117647 0.85882353
v 0.61326230 -0.87846589 -55.77286911 0.65098039 0.74117647 0.85882353
v 0.62380791 -0.82923782 -55.72792816 0.65098039 0.74117647 0.85882353
v 0.62720299 -0.82108855 -55.74288559 0.65098039 0.74117647 0.85882353
v 0.63189816 -0.81605971 -55.75281906 0.65098039 0.74117647 0.85882353
v 0.64331549 -0.80468047 -55.77584457 0.65098039 0.74117647 0.85882353
v 0.63749814 -0.81151450 -55.76256561 0.65098039 0.74117647 0.85882353
v 0.63565004 -0.92519879 -55.70694351 0.65098039 0.74117647 0.85882353
v 0.65111959 -0.92742765 -55.71396637 0.65098039 0.74117647 0.85882353
v 0.66500103 -0.92967606 -55.72229004 0.65098039 0.74117647 0.85882353
v 0.67670691 -0.93096268 -55.72955704 0.65098039 0.74117647 0.85882353
v 0.67152941 -0.91587257 -55.74935913 0.65098039 0.74117647 0.85882353
v 0.66079801 -0.91461885 -55.74324799 0.65098039 0.74117647 0.85882353
v 0.64725697 -0.91289878 -55.73566818 0.65098039 0.74117647 0.85882353
v 0.63493699 -0.90938485 -55.72715378 0.65098039 0.74117647 0.85882353
v 0.66368276 -0.90213180 -55.76765823 0.65098039 0.74117647 0.85882353
v 0.65391576 -0.90188324 -55.76226044 0.65098039 0.74117647 0.85882353
v 0.64117444 -0.89996576 -55.75581360 0.65098039 0.74117647 0.85882353
v 0.63060880 -0.89743900 -55.74749374 0.65098039 0.74117647 0.85882353
v 0.62406230 -0.88898611 -55.76580811 0.65098039 0.74117647 0.85882353
v 0.63357919 -0.88990009 -55.77356339 0.65098039 0.74117647 0.85882353
v 0.64548141 -0.89114285 -55.77931976 0.65098039 0.74117647 0.85882353
v 0.65506953 -0.89044201 -55.78511429 0.65098039 0.74117647 0.85882353
v 0.64813483 -0.88130748 -55.79845810 0.65098039 0.74117647 0.85882353
v 0.63912201 -0.88214898 -55.79209518 0.65098039 0.74117647 0.85882353
v 0.62845385 -0.88180852 -55.78645325 0.65098039 0.74117647 0.85882353
v 0.62018687 -0.88171422 -55.77989960 0.65098039 0.74117647 0.85882353
v 0.64310324 -0.87528014 -55.80588531 0.65098039 0.74117647 0.85882353
v 0.62901020 -0.86639500 -55.81109619 0.65098039 0.74117647 0.85882353
v 0.63723791 -0.87022018 -55.81037140 0.65098039 0.74117647 0.85882353
v 0.62114763 -0.86673212 -55.80703354 0.65098039 0.74117647 0.85882353
v 0.61861557 -0.87135673 -55.79828644 0.65098039 0.74117647 0.85882353
v 0.61864412 -0.87651634 -55.78946686 0.65098039 0.74117647 0.85882353
v 0.62524098 -0.87259257 -55.80017853 0.65098039 0.74117647 0.85882353
v 0.62644649 -0.87671316 -55.79410172 0.65098039 0.74117647 0.85882353
v 0.63564950 -0.87661839 -55.79943466 0.65098039 0.74117647 0.85882353
v 0.63244212 -0.87236261 -55.80427551 0.65098039 0.74117647 0.85882353
v 0.62513566 -0.86943543 -55.80485153 0.65098039 0.74117647 0.85882353
v 0.62883061 -0.86937833 -55.80685043 0.65098039 0.74117647 0.85882353
v 0.67678881 -0.85182166 -55.72354507 0.65098039 0.74117647 0.85882353
v 0.82638055 0.40237096 -55.47796631 0.65098039 0.74117647 0.85882353
v 0.82270271 0.33511344 -55.50223160 0.65098039 0.74117647 0.85882353
v 0.74841869 -0.57657659 -55.49431610 0.65098039 0.74117647 0.85882353
v 0.75991780 -0.58672702 -55.49121857 0.65098039 0.74117647 0.85882353
v 0.77452070 -0.59132361 -55.48951340 0.65098039 0.74117647 0.85882353
v 0.95143265 -0.20515129 -55.35319901 0.65098039 0.74117647 0.85882353
v 0.92013174 0.02382335 -55.32343674 0.65098039 0.74117647 0.85882353
v 0.92923856 0.06797615 -55.31837463 0.65098039 0.74117647 0.85882353
v 0.92450434 0.04433471 -55.32125473 0.65098039 0.74117647 0.85882353
v 0.94424725 -0.23444304 -55.35513306 0.65098039 0.74117647 0.85882353
v 0.97392321 0.10616949 -55.36300278 0.65098039 0.74117647 0.85882353
v 0.83335304 -0.16681132 -55.57876205 0.65098039 0.74117647 0.85882353
v 0.82414961 0.29996970 -55.50724411 0.65098039 0.74117647 0.85882353
v 0.94487190 0.28512749 -55.31357193 0.65098039 0.74117647 0.85882353
v 0.83613414 -0.08414255 -55.57936859 0.65098039 0.74117647 0.85882353
v 0.90390366 0.56130493 -55.40038681 0.65098039 0.74117647 0.85882353
v 0.90228623 0.55955637 -55.40215302 0.65098039 0.74117647 0.85882353
v 0.90214854 0.55587995 -55.40192413 0.65098039 0.74117647 0.85882353
v 0.90244037 0.55354393 -55.40589142 0.65098039 0.74117647 0.85882353
v 0.90270913 0.55138361 -55.40874100 0.65098039 0.74117647 0.85882353
v 0.90309447 0.55041337 -55.41074371 0.65098039 0.74117647 0.85882353
v 0.90425223 0.55605495 -55.40401840 0.65098039 0.74117647 0.85882353
v 0.90360439 0.55803525 -55.40793991 0.65098039 0.74117647 0.85882353
v 0.90375012 0.55835009 -55.40406418 0.65098039 0.74117647 0.85882353
v 0.90419120 0.55813813 -55.40283585 0.65098039 0.74117647 0.85882353
v 0.84068030 0.30238530 -55.31770325 0.65098039 0.74117647 0.85882353
v 0.84199244 0.28717521 -55.30937195 0.65098039 0.74117647 0.85882353
v 0.84453177 0.27337936 -55.29946136 0.65098039 0.74117647 0.85882353
v 0.84637886 0.25309524 -55.29335785 0.65098039 0.74117647 0.85882353
v 0.79246950 0.53470814 -55.31282806 0.65098039 0.74117647 0.85882353
v 0.83547509 -0.03001294 -55.30572128 0.65098039 0.74117647 0.85882353
v 0.83665371 -0.01779971 -55.30614853 0.65098039 0.74117647 0.85882353
v 0.83712238 0.06573942 -55.50924683 0.65098039 0.74117647 0.85882353
v 0.83420658 -0.06323501 -55.30711746 0.65098039 0.74117647 0.85882353
v 0.83844525 -0.00399989 -55.30147552 0.65098039 0.74117647 0.85882353
v 0.83124804 0.19354185 -55.51020813 0.65098039 0.74117647 0.85882353
v 0.84874076 0.23131606 -55.28816986 0.65098039 0.74117647 0.85882353
v 0.83402163 -0.07950792 -55.31053162 0.65098039 0.74117647 0.85882353
v 0.82528120 0.24564549 -55.51741028 0.65098039 0.74117647 0.85882353
v 0.84142292 0.01580873 -55.29634476 0.65098039 0.74117647 0.85882353
v 0.83348632 -0.15971887 -55.33382034 0.65098039 0.74117647 0.85882353
v 0.84772670 0.08291599 -55.28923035 0.65098039 0.74117647 0.85882353
v 0.76871502 0.63467860 -55.39002228 0.65098039 0.74117647 0.85882353
v 0.75991446 0.62375355 -55.39965439 0.65098039 0.74117647 0.85882353
v 0.76155996 0.61844349 -55.38561630 0.65098039 0.74117647 0.85882353
v 0.77001476 0.62577820 -55.37577057 0.65098039 0.74117647 0.85882353
v 0.76257128 0.61329412 -55.37553024 0.65098039 0.74117647 0.85882353
v 0.76959395 0.61741972 -55.36652756 0.65098039 0.74117647 0.85882353
v 0.75621998 0.61098659 -55.40629578 0.65098039 0.74117647 0.85882353
v 0.75651437 0.60904944 -55.39322281 0.65098039 0.74117647 0.85882353
v 0.75034702 0.57312012 -55.38927078 0.65098039 0.74117647 0.85882353
v 0.75314796 0.58202159 -55.39189148 0.65098039 0.74117647 0.85882353
v 0.75092036 0.57661355 -55.40021133 0.65098039 0.74117647 0.85882353
v 0.74866301 0.56475711 -55.39698792 0.65098039 0.74117647 0.85882353
v 0.74911106 0.54699194 -55.38074875 0.65098039 0.74117647 0.85882353
v 0.75051355 0.53483665 -55.38784409 0.65098039 0.74117647 0.85882353
v 0.75148696 0.53098822 -55.37405014 0.65098039 0.74117647 0.85882353
v 0.75163364 0.54307461 -55.36869049 0.65098039 0.74117647 0.85882353
v 0.77545077 0.56687975 -55.34362793 0.65098039 0.74117647 0.85882353
v 0.77357441 0.57163787 -55.34828568 0.65098039 0.74117647 0.85882353
v 0.76803976 0.56574702 -55.34897614 0.65098039 0.74117647 0.85882353
v 0.77068955 0.56006503 -55.34406662 0.65098039 0.74117647 0.85882353
v 0.78317475 0.57896948 -55.33941269 0.65098039 0.74117647 0.85882353
v 0.78557873 0.58454037 -55.33379364 0.65098039 0.74117647 0.85882353
v 0.78695089 0.58796740 -55.34019089 0.65098039 0.74117647 0.85882353
v 0.78355128 0.58222067 -55.34475327 0.65098039 0.74117647 0.85882353
v 0.77952868 0.56239951 -55.33889389 0.65098039 0.74117647 0.85882353
v 0.77480584 0.55518138 -55.33978653 0.65098039 0.74117647 0.85882353
v 0.78025144 0.57001507 -55.33808136 0.65098039 0.74117647 0.85882353
v 0.77977437 0.57298279 -55.34280014 0.65098039 0.74117647 0.85882353
v 0.77997261 0.56890202 -55.32584381 0.65098039 0.74117647 0.85882353
v 0.78137654 0.57106912 -55.32094193 0.65098039 0.74117647 0.85882353
v 0.78091007 0.57644939 -55.32301331 0.65098039 0.74117647 0.85882353
v 0.77968019 0.57276523 -55.32918930 0.65098039 0.74117647 0.85882353
v 0.77935314 0.56418717 -55.33446884 0.65098039 0.74117647 0.85882353
v 0.78199059 0.56231284 -55.33036423 0.65098039 0.74117647 0.85882353
v 0.78009886 0.56575871 -55.32923889 0.65098039 0.74117647 0.85882353
v 0.77885330 0.56830859 -55.33318710 0.65098039 0.74117647 0.85882353
v 0.78213722 0.57580113 -55.33405685 0.65098039 0.74117647 0.85882353
v 0.78350484 0.58086908 -55.32798386 0.65098039 0.74117647 0.85882353
v 0.78541583 0.58480310 -55.32135773 0.65098039 0.74117647 0.85882353
v 0.78303164 0.57874966 -55.31563568 0.65098039 0.74117647 0.85882353
v 0.76208317 0.54481208 -55.34746933 0.65098039 0.74117647 0.85882353
v 0.76598316 0.54243731 -55.34220505 0.65098039 0.74117647 0.85882353
v 0.76983505 0.54889882 -55.34066391 0.65098039 0.74117647 0.85882353
v 0.76579672 0.55281281 -55.34514618 0.65098039 0.74117647 0.85882353
v 0.78169221 0.55805349 -55.33229828 0.65098039 0.74117647 0.85882353
v 0.77781475 0.54313946 -55.32622910 0.65098039 0.74117647 0.85882353
v 0.78207737 0.54576051 -55.32166672 0.65098039 0.74117647 0.85882353
v 0.78228092 0.54963636 -55.32321548 0.65098039 0.74117647 0.85882353
v 0.77751410 0.54701817 -55.32820129 0.65098039 0.74117647 0.85882353
v 0.75852513 0.52749634 -55.35164261 0.65098039 0.74117647 0.85882353
v 0.75906020 0.51797664 -55.35179901 0.65098039 0.74117647 0.85882353
v 0.76315641 0.52106524 -55.34421921 0.65098039 0.74117647 0.85882353
v 0.76267755 0.52840018 -55.34484863 0.65098039 0.74117647 0.85882353
v 0.76524353 0.51461875 -55.34151840 0.65098039 0.74117647 0.85882353
v 0.76168346 0.50891888 -55.34925461 0.65098039 0.74117647 0.85882353
v 0.76980197 0.49542311 -55.33786774 0.65098039 0.74117647 0.85882353
v 0.77130193 0.50583327 -55.33005905 0.65098039 0.74117647 0.85882353
v 0.76818389 0.50968635 -55.33683014 0.65098039 0.74117647 0.85882353
v 0.76535290 0.50153649 -55.34463120 0.65098039 0.74117647 0.85882353
v 0.77950698 0.51506877 -55.32102203 0.65098039 0.74117647 0.85882353
v 0.77508628 0.50320125 -55.32210159 0.65098039 0.74117647 0.85882353
v 0.77987969 0.50207019 -55.31466675 0.65098039 0.74117647 0.85882353
v 0.78407210 0.51501334 -55.31621170 0.65098039 0.74117647 0.85882353
v 0.77906162 0.53597486 -55.32715988 0.65098039 0.74117647 0.85882353
v 0.77829742 0.53951550 -55.32614136 0.65098039 0.74117647 0.85882353
v 0.77539450 0.53724110 -55.33000946 0.65098039 0.74117647 0.85882353
v 0.77614355 0.53467500 -55.33060455 0.65098039 0.74117647 0.85882353
v 0.77306151 0.53322911 -55.33432388 0.65098039 0.74117647 0.85882353
v 0.77301139 0.53421235 -55.33388519 0.65098039 0.74117647 0.85882353
v 0.77166772 0.53483331 -55.33488464 0.65098039 0.74117647 0.85882353
v 0.77174735 0.53274691 -55.33560562 0.65098039 0.74117647 0.85882353
v 0.77449125 0.53380919 -55.33280182 0.65098039 0.74117647 0.85882353
v 0.77384222 0.53243136 -55.33331299 0.65098039 0.74117647 0.85882353
v 0.77530909 0.53221238 -55.33091354 0.65098039 0.74117647 0.85882353
v 0.77752316 0.53265059 -55.32695007 0.65098039 0.74117647 0.85882353
v 0.78765404 0.53424835 -55.31539154 0.65098039 0.74117647 0.85882353
v 0.78932661 0.53829241 -55.31796265 0.65098039 0.74117647 0.85882353
v 0.78665173 0.53772390 -55.31995773 0.65098039 0.74117647 0.85882353
v 0.78415394 0.53401196 -55.31787491 0.65098039 0.74117647 0.85882353
v 0.77257705 0.53711522 -55.33326340 0.65098039 0.74117647 0.85882353
v 0.77440941 0.53994036 -55.33056641 0.65098039 0.74117647 0.85882353
v 0.77335447 0.54302263 -55.33227921 0.65098039 0.74117647 0.85882353
v 0.77078646 0.53897977 -55.33498383 0.65098039 0.74117647 0.85882353
v 0.76858950 0.54087794 -55.33802032 0.65098039 0.74117647 0.85882353
v 0.76691103 0.53565872 -55.33967972 0.65098039 0.74117647 0.85882353
v 0.76964337 0.53536034 -55.33669662 0.65098039 0.74117647 0.85882353
v 0.77250779 0.53085911 -55.33468628 0.65098039 0.74117647 0.85882353
v 0.76950765 0.53177059 -55.33746338 0.65098039 0.74117647 0.85882353
v 0.77038562 0.52847040 -55.33680725 0.65098039 0.74117647 0.85882353
v 0.77184707 0.52598667 -55.33403397 0.65098039 0.74117647 0.85882353
v 0.77386403 0.52968788 -55.33192825 0.65098039 0.74117647 0.85882353
v 0.77591789 0.52923167 -55.32765198 0.65098039 0.74117647 0.85882353
v 0.77406996 0.52435493 -55.32966232 0.65098039 0.74117647 0.85882353
v 0.77750367 0.52350760 -55.32441711 0.65098039 0.74117647 0.85882353
v 0.77901483 0.52911568 -55.32236862 0.65098039 0.74117647 0.85882353
v 0.77218837 0.54600191 -55.33556747 0.65098039 0.74117647 0.85882353
v 0.76639545 0.53032386 -55.34041595 0.65098039 0.74117647 0.85882353
v 0.76355714 0.53593814 -55.34387970 0.65098039 0.74117647 0.85882353
v 0.76724398 0.52481925 -55.33982086 0.65098039 0.74117647 0.85882353
v 0.76920569 0.52055824 -55.33686829 0.65098039 0.74117647 0.85882353
v 0.77545494 0.51558697 -55.32671356 0.65098039 0.74117647 0.85882353
v 0.77173233 0.51747262 -55.33232117 0.65098039 0.74117647 0.85882353
v 0.77532309 0.49130335 -55.32973862 0.65098039 0.74117647 0.85882353
v 0.78230715 0.48911706 -55.32260132 0.65098039 0.74117647 0.85882353
v 0.76455885 0.60765326 -55.37090302 0.65098039 0.74117647 0.85882353
v 0.77138776 0.60993731 -55.36478424 0.65098039 0.74117647 0.85882353
v 0.76438010 0.59964097 -55.37135315 0.65098039 0.74117647 0.85882353
v 0.76702905 0.60134065 -55.36812973 0.65098039 0.74117647 0.85882353
v 0.76676285 0.60371077 -55.36932373 0.65098039 0.74117647 0.85882353
v 0.76367939 0.60136414 -55.37354660 0.65098039 0.74117647 0.85882353
v 0.75674343 0.58637488 -55.38583755 0.65098039 0.74117647 0.85882353
v 0.75457734 0.57988513 -55.38421249 0.65098039 0.74117647 0.85882353
v 0.75915384 0.58577788 -55.38049698 0.65098039 0.74117647 0.85882353
v 0.75970614 0.59006274 -55.38088989 0.65098039 0.74117647 0.85882353
v 0.76226252 0.58151162 -55.36860657 0.65098039 0.74117647 0.85882353
v 0.76469254 0.58877158 -55.36872482 0.65098039 0.74117647 0.85882353
v 0.76291263 0.58846617 -55.37216568 0.65098039 0.74117647 0.85882353
v 0.75982440 0.58134806 -55.37332916 0.65098039 0.74117647 0.85882353
v 0.76742893 0.58917916 -55.36545563 0.65098039 0.74117647 0.85882353
v 0.76601857 0.58260918 -55.36462784 0.65098039 0.74117647 0.85882353
v 0.77001852 0.58456266 -55.36172485 0.65098039 0.74117647 0.85882353
v 0.77092469 0.59003603 -55.36313629 0.65098039 0.74117647 0.85882353
v 0.77254766 0.60527313 -55.36553192 0.65098039 0.74117647 0.85882353
v 0.77183950 0.60241163 -55.36517334 0.65098039 0.74117647 0.85882353
v 0.77753007 0.60199428 -55.36338043 0.65098039 0.74117647 0.85882353
v 0.77912611 0.60533202 -55.36325455 0.65098039 0.74117647 0.85882353
v 0.78680027 0.59469259 -55.36057663 0.65098039 0.74117647 0.85882353
v 0.78886294 0.59521556 -55.35788727 0.65098039 0.74117647 0.85882353
v 0.78864872 0.59924412 -55.35916519 0.65098039 0.74117647 0.85882353
v 0.78603888 0.59719801 -55.36116791 0.65098039 0.74117647 0.85882353
v 0.78502065 0.59333074 -55.35988235 0.65098039 0.74117647 0.85882353
v 0.78626353 0.59228003 -55.35753632 0.65098039 0.74117647 0.85882353
v 0.77870643 0.65357232 -55.39779282 0.65098039 0.74117647 0.85882353
v 0.76669991 0.64312088 -55.40731049 0.65098039 0.74117647 0.85882353
v 0.77827281 0.64300370 -55.37924194 0.65098039 0.74117647 0.85882353
v 0.75892651 0.62897277 -55.41559982 0.65098039 0.74117647 0.85882353
v 0.75444597 0.61264861 -55.42037201 0.65098039 0.74117647 0.85882353
v 0.75230813 0.51930141 -55.37776947 0.65098039 0.74117647 0.85882353
v 0.75507021 0.51730061 -55.36325073 0.65098039 0.74117647 0.85882353
v 0.75467092 0.52840328 -55.36167145 0.65098039 0.74117647 0.85882353
v 0.75532454 0.50689793 -55.37789536 0.65098039 0.74117647 0.85882353
v 0.75813162 0.50580692 -55.36157990 0.65098039 0.74117647 0.85882353
v 0.77223516 0.48727337 -55.35218048 0.65098039 0.74117647 0.85882353
v 0.76353008 0.49514881 -55.35780716 0.65098039 0.74117647 0.85882353
v 0.75496393 0.51069713 -55.39704895 0.65098039 0.74117647 0.85882353
v 0.75997496 0.50025630 -55.39834595 0.65098039 0.74117647 0.85882353
v 0.76210982 0.49453512 -55.37704086 0.65098039 0.74117647 0.85882353
v 0.76049924 0.50875175 -55.41639709 0.65098039 0.74117647 0.85882353
v 0.76508671 0.50325763 -55.42121887 0.65098039 0.74117647 0.85882353
v 0.76863855 0.48828831 -55.40165710 0.65098039 0.74117647 0.85882353
v 0.78466195 0.45355311 -55.37881470 0.65098039 0.74117647 0.85882353
v 0.77449876 0.45493135 -55.39359665 0.65098039 0.74117647 0.85882353
v 0.77452725 0.44034627 -55.39247894 0.65098039 0.74117647 0.85882353
v 0.78461874 0.43914053 -55.37772369 0.65098039 0.74117647 0.85882353
v 0.75214559 0.52254021 -55.39448547 0.65098039 0.74117647 0.85882353
v 0.75252068 0.58407760 -55.41219711 0.65098039 0.74117647 0.85882353
v 0.75031239 0.56954896 -55.41093826 0.65098039 0.74117647 0.85882353
v 0.75350726 0.58825099 -55.40103531 0.65098039 0.74117647 0.85882353
v 0.76069093 0.63359046 -55.45439148 0.65098039 0.74117647 0.85882353
v 0.75572556 0.61542940 -55.45275116 0.65098039 0.74117647 0.85882353
v 0.75404632 0.61479044 -55.43643188 0.65098039 0.74117647 0.85882353
v 0.75841320 0.63243186 -55.43425369 0.65098039 0.74117647 0.85882353
v 0.78813082 0.66748881 -55.44760132 0.65098039 0.74117647 0.85882353
v 0.77266961 0.65169430 -55.45249557 0.65098039 0.74117647 0.85882353
v 0.76809299 0.64986789 -55.42842102 0.65098039 0.74117647 0.85882353
v 0.78211290 0.66384709 -55.42012024 0.65098039 0.74117647 0.85882353
v 0.75894201 0.61263955 -55.46893692 0.65098039 0.74117647 0.85882353
v 0.76589704 0.62894690 -55.47441483 0.65098039 0.74117647 0.85882353
v 0.77173620 0.61790586 -55.49263000 0.65098039 0.74117647 0.85882353
v 0.76337469 0.60568631 -55.48236847 0.65098039 0.74117647 0.85882353
v 0.78012723 0.64537644 -55.47732162 0.65098039 0.74117647 0.85882353
v 0.78648305 0.63288784 -55.50016785 0.65098039 0.74117647 0.85882353
v 0.76725942 0.50341272 -55.43294525 0.65098039 0.74117647 0.85882353
v 0.76790428 0.48663446 -55.42187881 0.65098039 0.74117647 0.85882353
v 0.76882815 0.47076312 -55.41405487 0.65098039 0.74117647 0.85882353
v 0.77413929 0.47110942 -55.39624405 0.65098039 0.74117647 0.85882353
v 0.80561167 0.64376855 -55.50349808 0.65098039 0.74117647 0.85882353
v 0.79723024 0.65950930 -55.47700500 0.65098039 0.74117647 0.85882353
v 0.78691614 0.56800437 -55.50953674 0.65098039 0.74117647 0.85882353
v 0.77634662 0.56413543 -55.49608231 0.65098039 0.74117647 0.85882353
v 0.77147532 0.58028376 -55.49476242 0.65098039 0.74117647 0.85882353
v 0.78329372 0.58682060 -55.51076126 0.65098039 0.74117647 0.85882353
v 0.80185062 0.57143986 -55.52250671 0.65098039 0.74117647 0.85882353
v 0.79893243 0.59274936 -55.52333450 0.65098039 0.74117647 0.85882353
v 0.78979641 0.51747656 -55.48533630 0.65098039 0.74117647 0.85882353
v 0.80267245 0.51666856 -55.49569702 0.65098039 0.74117647 0.85882353
v 0.80170995 0.50222480 -55.48016357 0.65098039 0.74117647 0.85882353
v 0.78985798 0.50402641 -55.47120667 0.65098039 0.74117647 0.85882353
v 0.75725812 0.60690165 -55.38267899 0.65098039 0.74117647 0.85882353
v 0.75565064 0.59942400 -55.38815689 0.65098039 0.74117647 0.85882353
v 0.75869173 0.59893548 -55.38088989 0.65098039 0.74117647 0.85882353
v 0.76097226 0.60399830 -55.37659073 0.65098039 0.74117647 0.85882353
v 0.75377184 0.59735823 -55.41070557 0.65098039 0.74117647 0.85882353
v 0.75522488 0.59873319 -55.39853668 0.65098039 0.74117647 0.85882353
v 0.75348908 0.59885943 -55.43815994 0.65098039 0.74117647 0.85882353
v 0.75463563 0.59982049 -55.45137405 0.65098039 0.74117647 0.85882353
v 0.76038337 0.59381747 -55.47555542 0.65098039 0.74117647 0.85882353
v 0.75687814 0.59816694 -55.46399307 0.65098039 0.74117647 0.85882353
v 0.76907557 0.56032896 -55.48530197 0.65098039 0.74117647 0.85882353
v 0.76712686 0.57110035 -55.48373413 0.65098039 0.74117647 0.85882353
v 0.77100426 0.50814927 -55.44966888 0.65098039 0.74117647 0.85882353
v 0.78074867 0.50544071 -55.46094894 0.65098039 0.74117647 0.85882353
v 0.78030491 0.48766485 -55.44919205 0.65098039 0.74117647 0.85882353
v 0.77056217 0.48739329 -55.43829346 0.65098039 0.74117647 0.85882353
v 0.79892844 0.48670879 -55.46799850 0.65098039 0.74117647 0.85882353
v 0.79042649 0.48808196 -55.45873260 0.65098039 0.74117647 0.85882353
v 0.77213633 0.45474437 -55.42529678 0.65098039 0.74117647 0.85882353
v 0.78035617 0.45527181 -55.43768692 0.65098039 0.74117647 0.85882353
v 0.77852613 0.44097748 -55.43676758 0.65098039 0.74117647 0.85882353
v 0.77231902 0.44075766 -55.42321396 0.65098039 0.74117647 0.85882353
v 0.78624415 0.43909815 -55.44720078 0.65098039 0.74117647 0.85882353
v 0.78935683 0.45464399 -55.44726944 0.65098039 0.74117647 0.85882353
v 0.79836977 0.45367232 -55.45490265 0.65098039 0.74117647 0.85882353
v 0.79556352 0.43763271 -55.45390701 0.65098039 0.74117647 0.85882353
v 0.80519903 0.43816778 -55.35817337 0.65098039 0.74117647 0.85882353
v 0.79586345 0.43859079 -55.36660767 0.65098039 0.74117647 0.85882353
v 0.79635054 0.42540476 -55.36727524 0.65098039 0.74117647 0.85882353
v 0.80735546 0.42533866 -55.35947037 0.65098039 0.74117647 0.85882353
v 0.77091259 0.42738238 -55.42364883 0.65098039 0.74117647 0.85882353
v 0.77416968 0.42909941 -55.43791962 0.65098039 0.74117647 0.85882353
v 0.77997112 0.52104282 -55.47424316 0.65098039 0.74117647 0.85882353
v 0.77186435 0.52275431 -55.46649933 0.65098039 0.74117647 0.85882353
v 0.78118241 0.42801669 -55.44965363 0.65098039 0.74117647 0.85882353
v 0.78045529 0.47042647 -55.44153595 0.65098039 0.74117647 0.85882353
v 0.78991044 0.47041121 -55.45077133 0.65098039 0.74117647 0.85882353
v 0.81102419 0.48503855 -55.47341919 0.65098039 0.74117647 0.85882353
v 0.81479120 0.50174904 -55.48560333 0.65098039 0.74117647 0.85882353
v 0.77896476 0.57678032 -55.34735489 0.65098039 0.74117647 0.85882353
v 0.77881169 0.58861792 -55.35858917 0.65098039 0.74117647 0.85882353
v 0.78283817 0.59027302 -55.35783386 0.65098039 0.74117647 0.85882353
v 0.78243333 0.59274495 -55.35985184 0.65098039 0.74117647 0.85882353
v 0.77880770 0.59193945 -55.36037064 0.65098039 0.74117647 0.85882353
v 0.78914732 0.63146758 -55.35617447 0.65098039 0.74117647 0.85882353
v 0.77863014 0.63025689 -55.36491013 0.65098039 0.74117647 0.85882353
v 0.77813584 0.61875045 -55.35748672 0.65098039 0.74117647 0.85882353
v 0.78936243 0.61607122 -55.35094070 0.65098039 0.74117647 0.85882353
v 0.75405526 0.55801511 -55.36293793 0.65098039 0.74117647 0.85882353
v 0.75772244 0.54964459 -55.35409164 0.65098039 0.74117647 0.85882353
v 0.76226866 0.55864441 -55.35054779 0.65098039 0.74117647 0.85882353
v 0.76106954 0.56625664 -55.35653687 0.65098039 0.74117647 0.85882353
v 0.76146418 0.59236062 -55.37766266 0.65098039 0.74117647 0.85882353
v 0.76208079 0.59481585 -55.37606049 0.65098039 0.74117647 0.85882353
v 0.76072317 0.59439623 -55.37921524 0.65098039 0.74117647 0.85882353
v 0.75961411 0.53657722 -55.34987640 0.65098039 0.74117647 0.85882353
v 0.75547022 0.53907704 -55.35819244 0.65098039 0.74117647 0.85882353
v 0.74992549 0.55486500 -55.40697861 0.65098039 0.74117647 0.85882353
v 0.75495583 0.59118712 -55.39149475 0.65098039 0.74117647 0.85882353
v 0.80656266 0.67847157 -55.44092560 0.65098039 0.74117647 0.85882353
v 0.79714036 0.67379367 -55.41142273 0.65098039 0.74117647 0.85882353
v 0.81722820 0.66991448 -55.47277069 0.65098039 0.74117647 0.85882353
v 0.82693297 0.65434074 -55.50103760 0.65098039 0.74117647 0.85882353
v 0.81759632 0.59825504 -55.53122711 0.65098039 0.74117647 0.85882353
v 0.83870274 0.60520208 -55.53353882 0.65098039 0.74117647 0.85882353
v 0.84040475 0.57641613 -55.53454590 0.65098039 0.74117647 0.85882353
v 0.81929398 0.57374549 -55.53229141 0.65098039 0.74117647 0.85882353
v 0.81912386 0.51631773 -55.50168228 0.65098039 0.74117647 0.85882353
v 0.80851907 0.45380297 -55.46076965 0.65098039 0.74117647 0.85882353
v 0.80659801 0.43776467 -55.45831299 0.65098039 0.74117647 0.85882353
v 0.79220033 0.66164935 -55.38690186 0.65098039 0.74117647 0.85882353
v 0.79038650 0.64661634 -55.36949539 0.65098039 0.74117647 0.85882353
v 0.75423032 0.59705722 -55.42390823 0.65098039 0.74117647 0.85882353
v 0.74889106 0.56568956 -55.38378525 0.65098039 0.74117647 0.85882353
v 0.74959034 0.56037951 -55.37498474 0.65098039 0.74117647 0.85882353
v 0.75347036 0.57209659 -55.37333679 0.65098039 0.74117647 0.85882353
v 0.75297087 0.57497394 -55.37994003 0.65098039 0.74117647 0.85882353
v 0.74848485 0.55403519 -55.39073181 0.65098039 0.74117647 0.85882353
v 0.75061619 0.54189980 -55.40019989 0.65098039 0.74117647 0.85882353
v 0.75355816 0.52987587 -55.41130066 0.65098039 0.74117647 0.85882353
v 0.75652015 0.51689684 -55.41381073 0.65098039 0.74117647 0.85882353
v 0.77927715 0.60431051 -55.50627518 0.65098039 0.74117647 0.85882353
v 0.76898175 0.59544587 -55.49264526 0.65098039 0.74117647 0.85882353
v 0.81213504 0.62272418 -55.52276230 0.65098039 0.74117647 0.85882353
v 0.79400408 0.61417866 -55.51578522 0.65098039 0.74117647 0.85882353
v 0.76495594 0.58678901 -55.48516464 0.65098039 0.74117647 0.85882353
v 0.83307099 0.63202679 -55.52318573 0.65098039 0.74117647 0.85882353
v 0.78296620 0.55362511 -55.32531357 0.65098039 0.74117647 0.85882353
v 0.78469443 0.55776811 -55.32645035 0.65098039 0.74117647 0.85882353
v 0.77784061 0.55177546 -55.33215332 0.65098039 0.74117647 0.85882353
v 0.78276211 0.52908540 -55.31809235 0.65098039 0.74117647 0.85882353
v 0.78232485 0.52266181 -55.31983185 0.65098039 0.74117647 0.85882353
v 0.78631836 0.52309084 -55.31697464 0.65098039 0.74117647 0.85882353
v 0.78668082 0.52930319 -55.31525803 0.65098039 0.74117647 0.85882353
v 0.78941309 0.48074153 -55.33569717 0.65098039 0.74117647 0.85882353
v 0.78135020 0.48277232 -55.34329224 0.65098039 0.74117647 0.85882353
v 0.80284631 0.45162782 -55.35688400 0.65098039 0.74117647 0.85882353
v 0.79489338 0.45185831 -55.36608887 0.65098039 0.74117647 0.85882353
v 0.78398108 0.56726158 -55.32512665 0.65098039 0.74117647 0.85882353
v 0.78426230 0.56587076 -55.32692337 0.65098039 0.74117647 0.85882353
v 0.78598076 0.56651425 -55.32598495 0.65098039 0.74117647 0.85882353
v 0.78527731 0.56771505 -55.32433319 0.65098039 0.74117647 0.85882353
v 0.77396226 0.53546691 -55.33245468 0.65098039 0.74117647 0.85882353
v 0.78582823 0.54673517 -55.31856155 0.65098039 0.74117647 0.85882353
v 0.78624552 0.54244387 -55.31872177 0.65098039 0.74117647 0.85882353
v 0.78898191 0.54251933 -55.31705093 0.65098039 0.74117647 0.85882353
v 0.78880894 0.54655373 -55.31681061 0.65098039 0.74117647 0.85882353
v 0.77490354 0.48123774 -55.37331009 0.65098039 0.74117647 0.85882353
v 0.78276527 0.46805885 -55.37846375 0.65098039 0.74117647 0.85882353
v 0.77034533 0.44002071 -55.40864944 0.65098039 0.74117647 0.85882353
v 0.76992631 0.45503047 -55.40992737 0.65098039 0.74117647 0.85882353
v 0.77109760 0.47023144 -55.43011475 0.65098039 0.74117647 0.85882353
v 0.79821515 0.46992597 -55.45967102 0.65098039 0.74117647 0.85882353
v 0.80976784 0.47021392 -55.46568298 0.65098039 0.74117647 0.85882353
v 0.82178289 0.47032610 -55.46821594 0.65098039 0.74117647 0.85882353
v 0.82416248 0.48674217 -55.47642136 0.65098039 0.74117647 0.85882353
v 0.78682399 0.47474733 -55.35686874 0.65098039 0.74117647 0.85882353
v 0.79203963 0.46416500 -55.36378098 0.65098039 0.74117647 0.85882353
v 0.79988158 0.46349743 -55.35441589 0.65098039 0.74117647 0.85882353
v 0.79545182 0.47287419 -55.34759140 0.65098039 0.74117647 0.85882353
v 0.78852844 0.56516266 -55.32094193 0.65098039 0.74117647 0.85882353
v 0.78834122 0.56349695 -55.32290649 0.65098039 0.74117647 0.85882353
v 0.78981155 0.56150579 -55.32092667 0.65098039 0.74117647 0.85882353
v 0.78939384 0.56448102 -55.31885147 0.65098039 0.74117647 0.85882353
v 0.78389269 0.56362474 -55.32817841 0.65098039 0.74117647 0.85882353
v 0.78555822 0.56085920 -55.32678604 0.65098039 0.74117647 0.85882353
v 0.78596807 0.56287205 -55.32717133 0.65098039 0.74117647 0.85882353
v 0.78265899 0.56531191 -55.32732773 0.65098039 0.74117647 0.85882353
v 0.78243136 0.56739008 -55.32511520 0.65098039 0.74117647 0.85882353
v 0.78541684 0.56931758 -55.31940460 0.65098039 0.74117647 0.85882353
v 0.78422642 0.57121348 -55.31506348 0.65098039 0.74117647 0.85882353
v 0.78322464 0.56877697 -55.32190323 0.65098039 0.74117647 0.85882353
v 0.78741294 0.56615233 -55.32333374 0.65098039 0.74117647 0.85882353
v 0.78769314 0.56437337 -55.32473373 0.65098039 0.74117647 0.85882353
v 0.78632224 0.56462717 -55.32706451 0.65098039 0.74117647 0.85882353
v 0.78472835 0.56480539 -55.32772827 0.65098039 0.74117647 0.85882353
v 0.78574264 0.56872880 -55.32139969 0.65098039 0.74117647 0.85882353
v 0.78448719 0.56825876 -55.32316589 0.65098039 0.74117647 0.85882353
v 0.78807116 0.58914030 -55.32782364 0.65098039 0.74117647 0.85882353
v 0.81112301 0.45081368 -55.35160828 0.65098039 0.74117647 0.85882353
v 0.80727637 0.46267125 -55.34935760 0.65098039 0.74117647 0.85882353
v 0.77358013 0.53367198 -55.33374023 0.65098039 0.74117647 0.85882353
v 0.77925313 0.61043656 -55.36010742 0.65098039 0.74117647 0.85882353
v 0.75716656 0.57195842 -55.36614609 0.65098039 0.74117647 0.85882353
v 0.77318305 0.57654309 -55.35277176 0.65098039 0.74117647 0.85882353
v 0.77354723 0.58159935 -55.35668945 0.65098039 0.74117647 0.85882353
v 0.76848221 0.57813120 -55.35862732 0.65098039 0.74117647 0.85882353
v 0.76774383 0.57163715 -55.35422897 0.65098039 0.74117647 0.85882353
v 0.78691894 0.60762310 -55.35625458 0.65098039 0.74117647 0.85882353
v 0.79100245 0.60219717 -55.35420990 0.65098039 0.74117647 0.85882353
v 0.79312479 0.60563719 -55.34763718 0.65098039 0.74117647 0.85882353
v 0.79108560 0.59599137 -55.35242844 0.65098039 0.74117647 0.85882353
v 0.78808707 0.59083867 -55.35317612 0.65098039 0.74117647 0.85882353
v 0.78800267 0.59005058 -55.34679031 0.65098039 0.74117647 0.85882353
v 0.79159826 0.59754300 -55.34354019 0.65098039 0.74117647 0.85882353
v 0.76206243 0.59819496 -55.37672806 0.65098039 0.74117647 0.85882353
v 0.76305932 0.59733653 -55.37405777 0.65098039 0.74117647 0.85882353
v 0.78382522 0.58488441 -55.34976578 0.65098039 0.74117647 0.85882353
v 0.78383380 0.58734846 -55.35429764 0.65098039 0.74117647 0.85882353
v 0.77909070 0.58449900 -55.35535049 0.65098039 0.74117647 0.85882353
v 0.77881902 0.58052790 -55.35161209 0.65098039 0.74117647 0.85882353
v 0.76293695 0.57472122 -55.36157608 0.65098039 0.74117647 0.85882353
v 0.75780010 0.59316337 -55.38434219 0.65098039 0.74117647 0.85882353
v 0.75910813 0.58261323 -55.37767410 0.65098039 0.74117647 0.85882353
v 0.76747835 0.52194190 -55.45067978 0.65098039 0.74117647 0.85882353
v 0.76801920 0.53080738 -55.46209717 0.65098039 0.74117647 0.85882353
v 0.76052541 0.51884198 -55.43287659 0.65098039 0.74117647 0.85882353
v 0.76213890 0.52018678 -55.43626022 0.65098039 0.74117647 0.85882353
v 0.76566041 0.51472580 -55.43075562 0.65098039 0.74117647 0.85882353
v 0.76196045 0.51525378 -55.42778778 0.65098039 0.74117647 0.85882353
v 0.76009834 0.56508768 -55.46846771 0.65098039 0.74117647 0.85882353
v 0.75933111 0.56635392 -55.46446991 0.65098039 0.74117647 0.85882353
v 0.75924414 0.57300031 -55.46554184 0.65098039 0.74117647 0.85882353
v 0.76174706 0.57051933 -55.47213364 0.65098039 0.74117647 0.85882353
v 0.75686938 0.57044315 -55.45919418 0.65098039 0.74117647 0.85882353
v 0.75726545 0.56710064 -55.45804596 0.65098039 0.74117647 0.85882353
v 0.75591129 0.56727684 -55.45481110 0.65098039 0.74117647 0.85882353
v 0.75649917 0.57392633 -55.45808029 0.65098039 0.74117647 0.85882353
v 0.75535607 0.57350516 -55.45015717 0.65098039 0.74117647 0.85882353
v 0.75472075 0.58562756 -55.45005798 0.65098039 0.74117647 0.85882353
v 0.75698853 0.58527303 -55.46043015 0.65098039 0.74117647 0.85882353
v 0.75332224 0.57779670 -55.42648697 0.65098039 0.74117647 0.85882353
v 0.75418848 0.58354437 -55.43927765 0.65098039 0.74117647 0.85882353
v 0.75546896 0.56988358 -55.44259644 0.65098039 0.74117647 0.85882353
v 0.75482023 0.56280351 -55.43558884 0.65098039 0.74117647 0.85882353
v 0.75736696 0.52880538 -55.42527390 0.65098039 0.74117647 0.85882353
v 0.75805235 0.51989353 -55.42550278 0.65098039 0.74117647 0.85882353
v 0.76702118 0.51690555 -55.43922424 0.65098039 0.74117647 0.85882353
v 0.80328006 0.55139005 -55.51577759 0.65098039 0.74117647 0.85882353
v 0.78851539 0.55004811 -55.50450134 0.65098039 0.74117647 0.85882353
v 0.77747458 0.54840946 -55.49328995 0.65098039 0.74117647 0.85882353
v 0.77012467 0.54793274 -55.48258972 0.65098039 0.74117647 0.85882353
v 0.82014126 0.55309224 -55.52573776 0.65098039 0.74117647 0.85882353
v 0.83817905 0.55163157 -55.52766800 0.65098039 0.74117647 0.85882353
v 0.75132728 0.56031013 -55.42169189 0.65098039 0.74117647 0.85882353
v 0.75540304 0.55177808 -55.43069077 0.65098039 0.74117647 0.85882353
v 0.78877652 0.53263831 -55.49710083 0.65098039 0.74117647 0.85882353
v 0.80369878 0.53295755 -55.50682068 0.65098039 0.74117647 0.85882353
v 0.77890944 0.53340375 -55.48561096 0.65098039 0.74117647 0.85882353
v 0.77181059 0.53600872 -55.47611237 0.65098039 0.74117647 0.85882353
v 0.82077837 0.53528810 -55.51564789 0.65098039 0.74117647 0.85882353
v 0.83825445 0.53260612 -55.51719666 0.65098039 0.74117647 0.85882353
v 0.83266050 0.51443589 -55.50265884 0.65098039 0.74117647 0.85882353
v 0.75614196 0.52736044 -55.43664169 0.65098039 0.74117647 0.85882353
v 0.75478595 0.52167940 -55.43437195 0.65098039 0.74117647 0.85882353
v 0.75711489 0.52078593 -55.43159866 0.65098039 0.74117647 0.85882353
v 0.75716066 0.52711320 -55.43203735 0.65098039 0.74117647 0.85882353
v 0.75576717 0.53991830 -55.42788315 0.65098039 0.74117647 0.85882353
v 0.75260198 0.54556108 -55.41780472 0.65098039 0.74117647 0.85882353
v 0.78965914 0.59342194 -55.33491135 0.65098039 0.74117647 0.85882353
v 0.78608441 0.50191891 -55.31025314 0.65098039 0.74117647 0.85882353
v 0.78817701 0.51553094 -55.31299210 0.65098039 0.74117647 0.85882353
v 0.78690428 0.55424082 -55.32132721 0.65098039 0.74117647 0.85882353
v 0.78631163 0.55041409 -55.31975937 0.65098039 0.74117647 0.85882353
v 0.78919274 0.55006301 -55.31799316 0.65098039 0.74117647 0.85882353
v 0.78976780 0.55373347 -55.31948853 0.65098039 0.74117647 0.85882353
v 0.78524143 0.60301983 -55.36095047 0.65098039 0.74117647 0.85882353
v 0.82835871 0.50083530 -55.48785019 0.65098039 0.74117647 0.85882353
v 0.82019913 0.45491913 -55.46355820 0.65098039 0.74117647 0.85882353
v 0.81865621 0.43882897 -55.46081924 0.65098039 0.74117647 0.85882353
v 0.79062366 0.42497757 -55.45756149 0.65098039 0.74117647 0.85882353
v 0.80287772 0.42363980 -55.46203232 0.65098039 0.74117647 0.85882353
v 0.79019642 0.55763507 -55.32066727 0.65098039 0.74117647 0.85882353
v 0.78754008 0.55796063 -55.32278061 0.65098039 0.74117647 0.85882353
v 0.78658700 0.56784272 -55.32210922 0.65098039 0.74117647 0.85882353
v 0.78242290 0.54142189 -55.32167435 0.65098039 0.74117647 0.85882353
v 0.78755778 0.56283581 -55.32474899 0.65098039 0.74117647 0.85882353
v 0.78798366 0.56077576 -55.32359695 0.65098039 0.74117647 0.85882353
v 0.79151791 0.56116283 -55.31942368 0.65098039 0.74117647 0.85882353
v 0.79165411 0.55741501 -55.31967926 0.65098039 0.74117647 0.85882353
v 0.77440143 0.58673024 -55.35955811 0.65098039 0.74117647 0.85882353
v 0.77485853 0.59098291 -55.36127090 0.65098039 0.74117647 0.85882353
v 0.78729153 0.56747425 -55.31943130 0.65098039 0.74117647 0.85882353
v 0.78757030 0.56731451 -55.31655884 0.65098039 0.74117647 0.85882353
v 0.78387600 0.42567751 -55.37802887 0.65098039 0.74117647 0.85882353
v 0.77332008 0.42644539 -55.39295197 0.65098039 0.74117647 0.85882353
v 0.79109514 0.54258084 -55.31610489 0.65098039 0.74117647 0.85882353
v 0.79078025 0.54649985 -55.31586838 0.65098039 0.74117647 0.85882353
v 0.75704312 0.55387664 -55.44136429 0.65098039 0.74117647 0.85882353
v 0.75623107 0.56047511 -55.44580841 0.65098039 0.74117647 0.85882353
v 0.75654811 0.55419803 -55.44940186 0.65098039 0.74117647 0.85882353
v 0.75788343 0.54860330 -55.44571304 0.65098039 0.74117647 0.85882353
v 0.81362700 0.43811741 -55.35322189 0.65098039 0.74117647 0.85882353
v 0.77024281 0.42652443 -55.40874863 0.65098039 0.74117647 0.85882353
v 0.81631243 0.42410269 -55.46430588 0.65098039 0.74117647 0.85882353
v 0.76165217 0.58907771 -55.37530518 0.65098039 0.74117647 0.85882353
v 0.76141429 0.59027469 -55.37731552 0.65098039 0.74117647 0.85882353
v 0.78272003 0.60019875 -55.36231995 0.65098039 0.74117647 0.85882353
v 0.78076309 0.53334332 -55.32164764 0.65098039 0.74117647 0.85882353
v 0.78294581 0.53702056 -55.32280350 0.65098039 0.74117647 0.85882353
v 0.80251646 0.47210112 -55.34272003 0.65098039 0.74117647 0.85882353
v 0.79073805 0.56416774 -55.31742859 0.65098039 0.74117647 0.85882353
v 0.75967759 0.55955315 -55.45929718 0.65098039 0.74117647 0.85882353
v 0.75970739 0.55631196 -55.45778275 0.65098039 0.74117647 0.85882353
v 0.75622874 0.55587506 -55.45652390 0.65098039 0.74117647 0.85882353
v 0.75600052 0.55918968 -55.45682907 0.65098039 0.74117647 0.85882353
v 0.75296879 0.56397712 -55.45368576 0.65098039 0.74117647 0.85882353
v 0.75254500 0.56675684 -55.45636368 0.65098039 0.74117647 0.85882353
v 0.75175750 0.56276488 -55.45754242 0.65098039 0.74117647 0.85882353
v 0.75286406 0.56028187 -55.45573044 0.65098039 0.74117647 0.85882353
v 0.75521892 0.56529725 -55.45047760 0.65098039 0.74117647 0.85882353
v 0.75468659 0.56017435 -55.45174789 0.65098039 0.74117647 0.85882353
v 0.75102884 0.56772208 -55.45920181 0.65098039 0.74117647 0.85882353
v 0.75166899 0.56458294 -55.45976257 0.65098039 0.74117647 0.85882353
v 0.75781995 0.56715071 -55.46058273 0.65098039 0.74117647 0.85882353
v 0.75433326 0.56861305 -55.45964813 0.65098039 0.74117647 0.85882353
v 0.75481677 0.56924951 -55.46450806 0.65098039 0.74117647 0.85882353
v 0.74976349 0.56771255 -55.46367264 0.65098039 0.74117647 0.85882353
v 0.75473779 0.56704700 -55.47076416 0.65098039 0.74117647 0.85882353
v 0.74904460 0.56525540 -55.46926880 0.65098039 0.74117647 0.85882353
v 0.75558263 0.56176615 -55.47505951 0.65098039 0.74117647 0.85882353
v 0.74976814 0.56055737 -55.47365189 0.65098039 0.74117647 0.85882353
v 0.75783563 0.53538966 -55.43442917 0.65098039 0.74117647 0.85882353
v 0.76082349 0.53448510 -55.44050598 0.65098039 0.74117647 0.85882353
v 0.75607353 0.55498505 -55.47566605 0.65098039 0.74117647 0.85882353
v 0.75026274 0.55449474 -55.47516632 0.65098039 0.74117647 0.85882353
v 0.75687122 0.54716945 -55.47451782 0.65098039 0.74117647 0.85882353
v 0.75113630 0.54729402 -55.47442627 0.65098039 0.74117647 0.85882353
v 0.75710750 0.53939211 -55.47158051 0.65098039 0.74117647 0.85882353
v 0.75193608 0.54000127 -55.47180557 0.65098039 0.74117647 0.85882353
v 0.75662750 0.53210974 -55.46651840 0.65098039 0.74117647 0.85882353
v 0.75188839 0.53354442 -55.46696854 0.65098039 0.74117647 0.85882353
v 0.75645244 0.52415597 -55.45877075 0.65098039 0.74117647 0.85882353
v 0.75187665 0.52801740 -55.45999146 0.65098039 0.74117647 0.85882353
v 0.75288057 0.55888689 -55.47109604 0.65098039 0.74117647 0.85882353
v 0.75286698 0.56294680 -55.46812820 0.65098039 0.74117647 0.85882353
v 0.76117420 0.56088400 -55.46896744 0.65098039 0.74117647 0.85882353
v 0.75231433 0.56494451 -55.46343613 0.65098039 0.74117647 0.85882353
v 0.76238573 0.54903436 -55.46282959 0.65098039 0.74117647 0.85882353
v 0.76221651 0.54682720 -55.46042252 0.65098039 0.74117647 0.85882353
v 0.75872314 0.54849315 -55.45877075 0.65098039 0.74117647 0.85882353
v 0.76172972 0.55020893 -55.46019745 0.65098039 0.74117647 0.85882353
v 0.75808764 0.54587185 -55.44865036 0.65098039 0.74117647 0.85882353
v 0.75788158 0.54047525 -55.44693375 0.65098039 0.74117647 0.85882353
v 0.75783461 0.54165578 -55.44266510 0.65098039 0.74117647 0.85882353
v 0.75987858 0.53659976 -55.44551468 0.65098039 0.74117647 0.85882353
v 0.76097858 0.54067254 -55.44783401 0.65098039 0.74117647 0.85882353
v 0.76063764 0.53750873 -55.44713593 0.65098039 0.74117647 0.85882353
v 0.76217955 0.54448330 -55.44892120 0.65098039 0.74117647 0.85882353
v 0.76049078 0.53553331 -55.44814301 0.65098039 0.74117647 0.85882353
v 0.75947315 0.53419995 -55.44662476 0.65098039 0.74117647 0.85882353
v 0.76161122 0.53638554 -55.44868851 0.65098039 0.74117647 0.85882353
v 0.76187187 0.53754103 -55.44813538 0.65098039 0.74117647 0.85882353
v 0.76302713 0.53901231 -55.44909286 0.65098039 0.74117647 0.85882353
v 0.76384944 0.54110110 -55.45214081 0.65098039 0.74117647 0.85882353
v 0.75708503 0.54475200 -55.43767929 0.65098039 0.74117647 0.85882353
v 0.76364982 0.52863121 -55.45183945 0.65098039 0.74117647 0.85882353
v 0.76277220 0.53537619 -55.45928574 0.65098039 0.74117647 0.85882353
v 0.75229818 0.52433085 -55.45220947 0.65098039 0.74117647 0.85882353
v 0.75533235 0.51844490 -55.44948196 0.65098039 0.74117647 0.85882353
v 0.75352460 0.51848876 -55.43620300 0.65098039 0.74117647 0.85882353
v 0.75364780 0.51684844 -55.44160080 0.65098039 0.74117647 0.85882353
v 0.76229453 0.55561948 -55.46820068 0.65098039 0.74117647 0.85882353
v 0.76246876 0.54872191 -55.46770859 0.65098039 0.74117647 0.85882353
v 0.76294214 0.52456784 -55.44279861 0.65098039 0.74117647 0.85882353
v 0.76272106 0.54244792 -55.46456528 0.65098039 0.74117647 0.85882353
v 0.75332320 0.53211308 -55.45982361 0.65098039 0.74117647 0.85882353
v 0.75423461 0.52975237 -55.45384216 0.65098039 0.74117647 0.85882353
v 0.75257409 0.53601778 -55.46514130 0.65098039 0.74117647 0.85882353
v 0.75757301 0.53140628 -55.44377518 0.65098039 0.74117647 0.85882353
v 0.75529939 0.52947593 -55.44839859 0.65098039 0.74117647 0.85882353
v 0.75256872 0.52425969 -55.44548416 0.65098039 0.74117647 0.85882353
v 0.75380325 0.52555799 -55.44045639 0.65098039 0.74117647 0.85882353
v 0.75681347 0.53356600 -55.45404816 0.65098039 0.74117647 0.85882353
v 0.75452167 0.53567255 -55.45837021 0.65098039 0.74117647 0.85882353
v 0.76045442 0.53552616 -55.45448685 0.65098039 0.74117647 0.85882353
v 0.75835454 0.53785324 -55.45863342 0.65098039 0.74117647 0.85882353
v 0.76055795 0.53504002 -55.45060349 0.65098039 0.74117647 0.85882353
v 0.75846678 0.53318560 -55.44969559 0.65098039 0.74117647 0.85882353
v 0.76399356 0.53731823 -55.45428848 0.65098039 0.74117647 0.85882353
v 0.76262754 0.54057145 -55.45906067 0.65098039 0.74117647 0.85882353
v 0.76261228 0.53647149 -55.45059204 0.65098039 0.74117647 0.85882353
v 0.75597978 0.54073644 -55.46114731 0.65098039 0.74117647 0.85882353
v 0.75949848 0.54360223 -55.46173096 0.65098039 0.74117647 0.85882353
v 0.75595534 0.54726911 -55.46224213 0.65098039 0.74117647 0.85882353
v 0.75379121 0.54436886 -55.46297836 0.65098039 0.74117647 0.85882353
v 0.75297457 0.53837883 -55.46274185 0.65098039 0.74117647 0.85882353
v 0.75196558 0.54229236 -55.46601486 0.65098039 0.74117647 0.85882353
v 0.75299841 0.54116905 -55.46904373 0.65098039 0.74117647 0.85882353
v 0.75222886 0.54742992 -55.46849823 0.65098039 0.74117647 0.85882353
v 0.75335056 0.54752827 -55.47142792 0.65098039 0.74117647 0.85882353
v 0.75326854 0.54800582 -55.46559143 0.65098039 0.74117647 0.85882353
v 0.75412881 0.54970658 -55.46323013 0.65098039 0.74117647 0.85882353
v 0.75294894 0.55387151 -55.47230148 0.65098039 0.74117647 0.85882353
v 0.75261444 0.55273497 -55.46943665 0.65098039 0.74117647 0.85882353
v 0.75308216 0.55721188 -55.46858597 0.65098039 0.74117647 0.85882353
v 0.75298297 0.55202758 -55.46647644 0.65098039 0.74117647 0.85882353
v 0.75338912 0.55554783 -55.46578598 0.65098039 0.74117647 0.85882353
v 0.75364184 0.55177557 -55.46437454 0.65098039 0.74117647 0.85882353
v 0.75406015 0.55384028 -55.46334457 0.65098039 0.74117647 0.85882353
v 0.75466651 0.56317377 -55.45998383 0.65098039 0.74117647 0.85882353
v 0.75518388 0.56173003 -55.45787430 0.65098039 0.74117647 0.85882353
v 0.75416785 0.56260252 -55.46304321 0.65098039 0.74117647 0.85882353
v 0.75532109 0.56003976 -55.46186829 0.65098039 0.74117647 0.85882353
v 0.75595164 0.56140780 -55.46051788 0.65098039 0.74117647 0.85882353
v 0.75711524 0.56044531 -55.45948029 0.65098039 0.74117647 0.85882353
v 0.75590813 0.55799556 -55.46042633 0.65098039 0.74117647 0.85882353
v 0.75832534 0.55596864 -55.46072388 0.65098039 0.74117647 0.85882353
v 0.80909383 0.39943913 -55.36212921 0.65098039 0.74117647 0.85882353
v 0.82177025 0.39834169 -55.35937500 0.65098039 0.74117647 0.85882353
v 0.81984484 0.41110876 -55.35716629 0.65098039 0.74117647 0.85882353
v 0.80840725 0.41199318 -55.36113358 0.65098039 0.74117647 0.85882353
v 0.75423181 0.55809450 -55.46382904 0.65098039 0.74117647 0.85882353
v 0.75465119 0.55587542 -55.46154785 0.65098039 0.74117647 0.85882353
v 0.75365913 0.56059813 -55.46626663 0.65098039 0.74117647 0.85882353
v 0.75747114 0.55162740 -55.46231842 0.65098039 0.74117647 0.85882353
v 0.75621688 0.55361617 -55.46142578 0.65098039 0.74117647 0.85882353
v 0.75497216 0.55171371 -55.46189499 0.65098039 0.74117647 0.85882353
v 0.75600147 0.55028987 -55.46218109 0.65098039 0.74117647 0.85882353
v 0.75868797 0.54941750 -55.45075226 0.65098039 0.74117647 0.85882353
v 0.76203817 0.54714024 -55.45303726 0.65098039 0.74117647 0.85882353
v 0.76279068 0.54349947 -55.45576477 0.65098039 0.74117647 0.85882353
v 0.77624965 0.38330296 -55.37821960 0.65098039 0.74117647 0.85882353
v 0.77890170 0.39256480 -55.38130188 0.65098039 0.74117647 0.85882353
v 0.76406533 0.39592955 -55.39431763 0.65098039 0.74117647 0.85882353
v 0.75946397 0.38852730 -55.39179611 0.65098039 0.74117647 0.85882353
v 0.77124715 0.36534646 -55.35747147 0.65098039 0.74117647 0.85882353
v 0.74675018 0.37201914 -55.37308884 0.65098039 0.74117647 0.85882353
v 0.75277203 0.35185829 -55.35250854 0.65098039 0.74117647 0.85882353
v 0.77213830 0.34687379 -55.34678650 0.65098039 0.74117647 0.85882353
v 0.75690168 0.33277825 -55.33864212 0.65098039 0.74117647 0.85882353
v 0.77364695 0.32905516 -55.33546448 0.65098039 0.74117647 0.85882353
v 0.76666152 0.28109172 -55.30452347 0.65098039 0.74117647 0.85882353
v 0.78170705 0.28027722 -55.30226898 0.65098039 0.74117647 0.85882353
v 0.77893323 0.29645404 -55.31322861 0.65098039 0.74117647 0.85882353
v 0.76381218 0.29814985 -55.31544495 0.65098039 0.74117647 0.85882353
v 0.75119328 0.19413552 -55.27748489 0.65098039 0.74117647 0.85882353
v 0.75671726 0.17526206 -55.28288651 0.65098039 0.74117647 0.85882353
v 0.76964462 0.17951712 -55.27738571 0.65098039 0.74117647 0.85882353
v 0.76278561 0.19658718 -55.27377701 0.65098039 0.74117647 0.85882353
v 0.70165944 0.31069997 -55.33392334 0.65098039 0.74117647 0.85882353
v 0.69636571 0.33137444 -55.33839798 0.65098039 0.74117647 0.85882353
v 0.68718624 0.32428172 -55.33755875 0.65098039 0.74117647 0.85882353
v 0.69403368 0.30185220 -55.33496475 0.65098039 0.74117647 0.85882353
v 0.72713864 0.39498380 -55.42265320 0.65098039 0.74117647 0.85882353
v 0.73550081 0.38600466 -55.40036774 0.65098039 0.74117647 0.85882353
v 0.74236619 0.38833752 -55.40583420 0.65098039 0.74117647 0.85882353
v 0.73456883 0.39881173 -55.42542648 0.65098039 0.74117647 0.85882353
v 0.70666480 0.21255466 -55.31726456 0.65098039 0.74117647 0.85882353
v 0.71164262 0.19857690 -55.31139755 0.65098039 0.74117647 0.85882353
v 0.71621561 0.20849803 -55.30315781 0.65098039 0.74117647 0.85882353
v 0.71239102 0.22226724 -55.30843735 0.65098039 0.74117647 0.85882353
v 0.73397511 0.11815405 -55.33450699 0.65098039 0.74117647 0.85882353
v 0.73187184 0.09851333 -55.33979797 0.65098039 0.74117647 0.85882353
v 0.74802291 0.09458506 -55.32604599 0.65098039 0.74117647 0.85882353
v 0.74945444 0.11454004 -55.32190704 0.65098039 0.74117647 0.85882353
v 0.69184601 0.14950779 -55.38547516 0.65098039 0.74117647 0.85882353
v 0.68695128 0.15151420 -55.40908813 0.65098039 0.74117647 0.85882353
v 0.69005722 0.13796827 -55.41520309 0.65098039 0.74117647 0.85882353
v 0.69358593 0.13351464 -55.39144897 0.65098039 0.74117647 0.85882353
v 0.73970151 0.28091368 -55.31142044 0.65098039 0.74117647 0.85882353
v 0.75250667 0.28163597 -55.30749130 0.65098039 0.74117647 0.85882353
v 0.74929810 0.29865244 -55.31825256 0.65098039 0.74117647 0.85882353
v 0.73598921 0.29819664 -55.32154465 0.65098039 0.74117647 0.85882353
v 0.55082297 0.33390442 -55.27196884 0.65098039 0.74117647 0.85882353
v 0.55642176 0.31875029 -55.26789474 0.65098039 0.74117647 0.85882353
v 0.57667822 0.32219592 -55.28291702 0.65098039 0.74117647 0.85882353
v 0.57093167 0.33667567 -55.28710175 0.65098039 0.74117647 0.85882353
v 0.69002342 0.04863733 -55.41403198 0.65098039 0.74117647 0.85882353
v 0.69088906 0.05772606 -55.43636322 0.65098039 0.74117647 0.85882353
v 0.68681347 0.04087818 -55.43941116 0.65098039 0.74117647 0.85882353
v 0.68655193 0.03124121 -55.41629028 0.65098039 0.74117647 0.85882353
v 0.64687461 0.37934390 -55.35466003 0.65098039 0.74117647 0.85882353
v 0.65765941 0.38428417 -55.36075592 0.65098039 0.74117647 0.85882353
v 0.64857721 0.39275709 -55.38132095 0.65098039 0.74117647 0.85882353
v 0.63701659 0.38869300 -55.37443542 0.65098039 0.74117647 0.85882353
v 0.70432287 0.26878300 -55.32879257 0.65098039 0.74117647 0.85882353
v 0.71114814 0.27547303 -55.32310104 0.65098039 0.74117647 0.85882353
v 0.70690352 0.29263785 -55.32895279 0.65098039 0.74117647 0.85882353
v 0.69979370 0.28373107 -55.33245087 0.65098039 0.74117647 0.85882353
v 0.67744637 0.17856663 -55.40177536 0.65098039 0.74117647 0.85882353
v 0.68239921 0.17899877 -55.38238907 0.65098039 0.74117647 0.85882353
v 0.67833507 0.19692239 -55.38402557 0.65098039 0.74117647 0.85882353
v 0.67286676 0.19545737 -55.40104675 0.65098039 0.74117647 0.85882353
v 0.68653077 0.16372830 -55.38320160 0.65098039 0.74117647 0.85882353
v 0.68186957 0.16379529 -55.40483093 0.65098039 0.74117647 0.85882353
v 0.71847546 0.27856913 -55.31887817 0.65098039 0.74117647 0.85882353
v 0.72830772 0.27963743 -55.31505203 0.65098039 0.74117647 0.85882353
v 0.72437501 0.29789820 -55.32425690 0.65098039 0.74117647 0.85882353
v 0.71518356 0.29781708 -55.32672119 0.65098039 0.74117647 0.85882353
v 0.76148641 0.15946123 -55.29244614 0.65098039 0.74117647 0.85882353
v 0.77728760 0.16436765 -55.28499222 0.65098039 0.74117647 0.85882353
v 0.69278961 0.02145472 -55.39403534 0.65098039 0.74117647 0.85882353
v 0.70410681 0.01181266 -55.37477112 0.65098039 0.74117647 0.85882353
v 0.70687193 0.02983585 -55.37290573 0.65098039 0.74117647 0.85882353
v 0.69572234 0.03928784 -55.39216995 0.65098039 0.74117647 0.85882353
v 0.76609671 0.13118157 -55.30858994 0.65098039 0.74117647 0.85882353
v 0.76502019 0.14725214 -55.30192566 0.65098039 0.74117647 0.85882353
v 0.75026345 0.14717147 -55.31077576 0.65098039 0.74117647 0.85882353
v 0.75040686 0.13236806 -55.31808472 0.65098039 0.74117647 0.85882353
v 0.71978861 0.00265175 -55.35778427 0.65098039 0.74117647 0.85882353
v 0.73743975 -0.00520918 -55.34202576 0.65098039 0.74117647 0.85882353
v 0.74071789 0.01389465 -55.34096146 0.65098039 0.74117647 0.85882353
v 0.72285074 0.02113321 -55.35604858 0.65098039 0.74117647 0.85882353
v 0.76040030 0.31517342 -55.32672882 0.65098039 0.74117647 0.85882353
v 0.77609754 0.31289020 -55.32396317 0.65098039 0.74117647 0.85882353
v 0.73156726 0.19408098 -55.28936386 0.65098039 0.74117647 0.85882353
v 0.73402143 0.17598319 -55.29575729 0.65098039 0.74117647 0.85882353
v 0.74462700 0.17454109 -55.28915405 0.65098039 0.74117647 0.85882353
v 0.74056298 0.19341376 -55.28304291 0.65098039 0.74117647 0.85882353
v 0.68451935 0.27325180 -55.35231400 0.65098039 0.74117647 0.85882353
v 0.68781823 0.28822365 -55.34045410 0.65098039 0.74117647 0.85882353
v 0.67700124 0.31199583 -55.33914566 0.65098039 0.74117647 0.85882353
v 0.67694634 0.28710064 -55.35187531 0.65098039 0.74117647 0.85882353
v 0.68239945 0.02317938 -55.44155502 0.65098039 0.74117647 0.85882353
v 0.68237531 0.01449308 -55.41779709 0.65098039 0.74117647 0.85882353
v 0.71713912 -0.01585212 -55.35969925 0.65098039 0.74117647 0.85882353
v 0.73518872 -0.02370068 -55.34389877 0.65098039 0.74117647 0.85882353
v 0.64191198 0.26595792 -55.38558197 0.65098039 0.74117647 0.85882353
v 0.64903849 0.25901112 -55.38877106 0.65098039 0.74117647 0.85882353
v 0.65510488 0.26394042 -55.37961960 0.65098039 0.74117647 0.85882353
v 0.64809251 0.27160469 -55.37668610 0.65098039 0.74117647 0.85882353
v 0.80029809 0.20022306 -55.27251053 0.65098039 0.74117647 0.85882353
v 0.78562874 0.21018198 -55.27116394 0.65098039 0.74117647 0.85882353
v 0.78011000 0.19120091 -55.27255249 0.65098039 0.74117647 0.85882353
v 0.79201460 0.17740840 -55.27733231 0.65098039 0.74117647 0.85882353
v 0.73605710 0.16076908 -55.30678940 0.65098039 0.74117647 0.85882353
v 0.73712218 0.14975661 -55.31842041 0.65098039 0.74117647 0.85882353
v 0.74774051 0.15888083 -55.29972839 0.65098039 0.74117647 0.85882353
v 0.81568044 0.18944612 -55.27772903 0.65098039 0.74117647 0.85882353
v 0.80531460 0.16140333 -55.28588104 0.65098039 0.74117647 0.85882353
v 0.79307759 0.31070843 -55.32138824 0.65098039 0.74117647 0.85882353
v 0.79535168 0.29509905 -55.31131744 0.65098039 0.74117647 0.85882353
v 0.79114735 0.32612303 -55.33090973 0.65098039 0.74117647 0.85882353
v 0.80832261 0.32353529 -55.32731628 0.65098039 0.74117647 0.85882353
v 0.80805975 0.33906141 -55.33629227 0.65098039 0.74117647 0.85882353
v 0.79089540 0.34233025 -55.34074783 0.65098039 0.74117647 0.85882353
v 0.80878198 0.35512581 -55.34370804 0.65098039 0.74117647 0.85882353
v 0.79136634 0.35925677 -55.34880829 0.65098039 0.74117647 0.85882353
v 0.79472077 0.37954947 -55.36735535 0.65098039 0.74117647 0.85882353
v 0.79588342 0.38953897 -55.37084961 0.65098039 0.74117647 0.85882353
v 0.69395238 0.27221110 -55.33912659 0.65098039 0.74117647 0.85882353
v 0.69817913 0.25862756 -55.33638763 0.65098039 0.74117647 0.85882353
v 0.70121026 -0.00643364 -55.37661362 0.65098039 0.74117647 0.85882353
v 0.70346272 0.32420990 -55.49503708 0.65098039 0.74117647 0.85882353
v 0.70473659 0.30810335 -55.49905777 0.65098039 0.74117647 0.85882353
v 0.68912315 0.31085458 -55.48700333 0.65098039 0.74117647 0.85882353
v 0.68746483 0.32658425 -55.48441315 0.65098039 0.74117647 0.85882353
v 0.71872449 0.39374498 -55.42044449 0.65098039 0.74117647 0.85882353
v 0.72583580 0.38498202 -55.39677048 0.65098039 0.74117647 0.85882353
v 0.64565802 0.26733443 -55.43828964 0.65098039 0.74117647 0.85882353
v 0.65491766 0.26551250 -55.44732285 0.65098039 0.74117647 0.85882353
v 0.65430790 0.25757554 -55.44183350 0.65098039 0.74117647 0.85882353
v 0.64689910 0.26069531 -55.43346024 0.65098039 0.74117647 0.85882353
v 0.63449496 0.26153114 -55.40141678 0.65098039 0.74117647 0.85882353
v 0.62324286 0.26362500 -55.39347076 0.65098039 0.74117647 0.85882353
v 0.61938787 0.26634637 -55.39881516 0.65098039 0.74117647 0.85882353
v 0.63223320 0.26430121 -55.40730667 0.65098039 0.74117647 0.85882353
v 0.69271272 0.04821441 -55.46081543 0.65098039 0.74117647 0.85882353
v 0.69773126 0.06533977 -55.45808029 0.65098039 0.74117647 0.85882353
v 0.70141435 0.17158899 -55.46867371 0.65098039 0.74117647 0.85882353
v 0.69263411 0.16261336 -55.45022202 0.65098039 0.74117647 0.85882353
v 0.68416119 0.17535356 -55.44404984 0.65098039 0.74117647 0.85882353
v 0.69010973 0.18407005 -55.46121597 0.65098039 0.74117647 0.85882353
v 0.80451661 0.30178460 -55.50822067 0.65098039 0.74117647 0.85882353
v 0.80559796 0.28839847 -55.51020813 0.65098039 0.74117647 0.85882353
v 0.78394055 0.29134491 -55.51193619 0.65098039 0.74117647 0.85882353
v 0.78302962 0.30490276 -55.51023483 0.65098039 0.74117647 0.85882353
v 0.73920351 0.33058634 -55.50659943 0.65098039 0.74117647 0.85882353
v 0.74069989 0.34427598 -55.50296021 0.65098039 0.74117647 0.85882353
v 0.76221049 0.33744338 -55.50656891 0.65098039 0.74117647 0.85882353
v 0.76193857 0.32383177 -55.50988007 0.65098039 0.74117647 0.85882353
v 0.72090101 0.32025525 -55.50466537 0.65098039 0.74117647 0.85882353
v 0.72211969 0.30419168 -55.50791550 0.65098039 0.74117647 0.85882353
v 0.67032349 0.19745603 -55.41802597 0.65098039 0.74117647 0.85882353
v 0.67619854 0.18206951 -55.42083740 0.65098039 0.74117647 0.85882353
v 0.66042185 0.22138152 -55.41587448 0.65098039 0.74117647 0.85882353
v 0.66437495 0.22154149 -55.40176392 0.65098039 0.74117647 0.85882353
v 0.66164160 0.23195389 -55.40100861 0.65098039 0.74117647 0.85882353
v 0.65755773 0.23118040 -55.41386795 0.65098039 0.74117647 0.85882353
v 0.74166363 0.40407965 -55.42767334 0.65098039 0.74117647 0.85882353
v 0.74051464 0.40759709 -55.44874954 0.65098039 0.74117647 0.85882353
v 0.73107672 0.40355614 -55.44631958 0.65098039 0.74117647 0.85882353
v 0.77111006 0.38295850 -55.48760223 0.65098039 0.74117647 0.85882353
v 0.77024460 0.37662914 -55.49095917 0.65098039 0.74117647 0.85882353
v 0.75695276 0.38179258 -55.48541260 0.65098039 0.74117647 0.85882353
v 0.76088250 0.38694659 -55.48239517 0.65098039 0.74117647 0.85882353
v 0.78400975 0.23179701 -55.51489258 0.65098039 0.74117647 0.85882353
v 0.80597550 0.23066202 -55.51584244 0.65098039 0.74117647 0.85882353
v 0.80798596 0.21324834 -55.51326370 0.65098039 0.74117647 0.85882353
v 0.78454292 0.21419647 -55.51242065 0.65098039 0.74117647 0.85882353
v 0.65282851 0.24134770 -55.42005157 0.65098039 0.74117647 0.85882353
v 0.64870387 0.24824515 -55.41206741 0.65098039 0.74117647 0.85882353
v 0.64765441 0.25067624 -55.42074203 0.65098039 0.74117647 0.85882353
v 0.65269446 0.24503925 -55.42884445 0.65098039 0.74117647 0.85882353
v 0.65650976 0.23797318 -55.43468475 0.65098039 0.74117647 0.85882353
v 0.66039944 0.22929046 -55.43968582 0.65098039 0.74117647 0.85882353
v 0.65931714 0.22423562 -55.42834091 0.65098039 0.74117647 0.85882353
v 0.65605068 0.23387131 -55.42483902 0.65098039 0.74117647 0.85882353
v 0.68056148 0.19637284 -55.45407104 0.65098039 0.74117647 0.85882353
v 0.67694223 0.18858573 -55.43816376 0.65098039 0.74117647 0.85882353
v 0.66915083 0.20220158 -55.43422699 0.65098039 0.74117647 0.85882353
v 0.67034924 0.20899788 -55.44964981 0.65098039 0.74117647 0.85882353
v 0.81784904 0.15413883 -55.50738907 0.65098039 0.74117647 0.85882353
v 0.79784930 0.15411502 -55.51121140 0.65098039 0.74117647 0.85882353
v 0.79453063 0.17407826 -55.51131821 0.65098039 0.74117647 0.85882353
v 0.81514424 0.17401212 -55.50999069 0.65098039 0.74117647 0.85882353
v 0.64672416 0.29162589 -55.35670853 0.65098039 0.74117647 0.85882353
v 0.64974189 0.30284324 -55.34642792 0.65098039 0.74117647 0.85882353
v 0.64065546 0.30378416 -55.34043884 0.65098039 0.74117647 0.85882353
v 0.63486791 0.29148200 -55.34954071 0.65098039 0.74117647 0.85882353
v 0.60088104 0.27990094 -55.40354156 0.65098039 0.74117647 0.85882353
v 0.59036815 0.28142443 -55.39640045 0.65098039 0.74117647 0.85882353
v 0.58842576 0.28710380 -55.39862823 0.65098039 0.74117647 0.85882353
v 0.59923673 0.28601959 -55.40662384 0.65098039 0.74117647 0.85882353
v 0.61483920 0.27703378 -55.34394836 0.65098039 0.74117647 0.85882353
v 0.62151504 0.28877577 -55.33857727 0.65098039 0.74117647 0.85882353
v 0.60611641 0.28402504 -55.32352448 0.65098039 0.74117647 0.85882353
v 0.59905553 0.27112588 -55.32920837 0.65098039 0.74117647 0.85882353
v 0.70471174 0.39231250 -55.44289780 0.65098039 0.74117647 0.85882353
v 0.71079117 0.39362386 -55.41815948 0.65098039 0.74117647 0.85882353
v 0.71311653 0.39547160 -55.44329071 0.65098039 0.74117647 0.85882353
v 0.61811215 0.26528868 -55.36902618 0.65098039 0.74117647 0.85882353
v 0.60342669 0.26117340 -55.35711670 0.65098039 0.74117647 0.85882353
v 0.59817326 0.25872621 -55.36458588 0.65098039 0.74117647 0.85882353
v 0.61362147 0.26227441 -55.37648392 0.65098039 0.74117647 0.85882353
v 0.54079002 0.34433100 -55.28183365 0.65098039 0.74117647 0.85882353
v 0.56112611 0.34705719 -55.29673004 0.65098039 0.74117647 0.85882353
v 0.57416451 0.25749847 -55.32027435 0.65098039 0.74117647 0.85882353
v 0.56531358 0.25307974 -55.32813263 0.65098039 0.74117647 0.85882353
v 0.58620816 0.25613591 -55.34252930 0.65098039 0.74117647 0.85882353
v 0.59260660 0.26171562 -55.33529282 0.65098039 0.74117647 0.85882353
v 0.71105319 0.15957698 -55.47579193 0.65098039 0.74117647 0.85882353
v 0.70026743 0.15095705 -55.45770645 0.65098039 0.74117647 0.85882353
v 0.71881932 0.05817679 -55.49623108 0.65098039 0.74117647 0.85882353
v 0.70390117 0.05373272 -55.48011017 0.65098039 0.74117647 0.85882353
v 0.70966482 0.07175392 -55.47670746 0.65098039 0.74117647 0.85882353
v 0.72403401 0.07721570 -55.49233246 0.65098039 0.74117647 0.85882353
v 0.68837249 0.02994394 -55.46373367 0.65098039 0.74117647 0.85882353
v 0.71505845 0.03791603 -55.49892044 0.65098039 0.74117647 0.85882353
v 0.69982946 0.03462437 -55.48266602 0.65098039 0.74117647 0.85882353
v 0.75801343 0.41605619 -55.44612885 0.65098039 0.74117647 0.85882353
v 0.76650339 0.41418102 -55.46034241 0.65098039 0.74117647 0.85882353
v 0.75922173 0.40792349 -55.46431732 0.65098039 0.74117647 0.85882353
v 0.74948549 0.41177234 -55.44857788 0.65098039 0.74117647 0.85882353
v 0.65827703 -0.09031764 -55.47753143 0.65098039 0.74117647 0.85882353
v 0.65814179 -0.12247282 -55.48181152 0.65098039 0.74117647 0.85882353
v 0.65212941 -0.12797138 -55.45218277 0.65098039 0.74117647 0.85882353
v 0.65374279 -0.09556618 -55.44895935 0.65098039 0.74117647 0.85882353
v 0.78893405 0.39611033 -55.48164368 0.65098039 0.74117647 0.85882353
v 0.77294588 0.40146640 -55.47410202 0.65098039 0.74117647 0.85882353
v 0.77960354 0.40905312 -55.46928406 0.65098039 0.74117647 0.85882353
v 0.79408073 0.40393397 -55.47431946 0.65098039 0.74117647 0.85882353
v 0.65830666 -0.06793062 -55.44673538 0.65098039 0.74117647 0.85882353
v 0.66221911 -0.06027442 -55.47434616 0.65098039 0.74117647 0.85882353
v 0.75647676 0.41171709 -55.42800903 0.65098039 0.74117647 0.85882353
v 0.74878865 0.40795377 -55.42805862 0.65098039 0.74117647 0.85882353
v 0.75468200 0.40094110 -55.40994263 0.65098039 0.74117647 0.85882353
v 0.76046777 0.40708980 -55.41061401 0.65098039 0.74117647 0.85882353
v 0.76871222 0.40460148 -55.39503479 0.65098039 0.74117647 0.85882353
v 0.65159088 -0.13764611 -55.42370605 0.65098039 0.74117647 0.85882353
v 0.65551949 -0.10732725 -55.42313766 0.65098039 0.74117647 0.85882353
v 0.77336842 0.41973642 -55.45442200 0.65098039 0.74117647 0.85882353
v 0.78516501 0.41578326 -55.46329498 0.65098039 0.74117647 0.85882353
v 0.79852885 0.41317323 -55.46822739 0.65098039 0.74117647 0.85882353
v 0.81318843 0.41238204 -55.47043228 0.65098039 0.74117647 0.85882353
v 0.68336016 0.01236039 -55.46630859 0.65098039 0.74117647 0.85882353
v 0.67775524 0.00553653 -55.44315720 0.65098039 0.74117647 0.85882353
v 0.71488249 -0.22759220 -55.54983902 0.65098039 0.74117647 0.85882353
v 0.74117637 -0.22683227 -55.56142044 0.65098039 0.74117647 0.85882353
v 0.74559468 -0.24587253 -55.54827881 0.65098039 0.74117647 0.85882353
v 0.71599305 -0.24970508 -55.53624725 0.65098039 0.74117647 0.85882353
v 0.80672395 -0.20435831 -55.56652069 0.65098039 0.74117647 0.85882353
v 0.80991340 -0.21780166 -55.55161667 0.65098039 0.74117647 0.85882353
v 0.77788836 -0.23377687 -55.55294418 0.65098039 0.74117647 0.85882353
v 0.77220094 -0.21869254 -55.56710434 0.65098039 0.74117647 0.85882353
v 0.80249441 -0.08356448 -55.57947540 0.65098039 0.74117647 0.85882353
v 0.77256054 -0.08346686 -55.57844925 0.65098039 0.74117647 0.85882353
v 0.77338648 -0.06177153 -55.56922150 0.65098039 0.74117647 0.85882353
v 0.80251360 -0.06144634 -55.57092285 0.65098039 0.74117647 0.85882353
v 0.71020615 0.01904386 -55.50304031 0.65098039 0.74117647 0.85882353
v 0.69471902 0.01641738 -55.48646545 0.65098039 0.74117647 0.85882353
v 0.67875695 -0.00325498 -55.41941452 0.65098039 0.74117647 0.85882353
v 0.67051637 -0.27902547 -55.40247345 0.65098039 0.74117647 0.85882353
v 0.66199875 -0.27624035 -55.44108963 0.65098039 0.74117647 0.85882353
v 0.67469156 -0.31024790 -55.43966293 0.65098039 0.74117647 0.85882353
v 0.68039513 -0.31271410 -55.40317154 0.65098039 0.74117647 0.85882353
v 0.70293099 -0.30430913 -55.49966812 0.65098039 0.74117647 0.85882353
v 0.69263434 -0.27510685 -55.50625229 0.65098039 0.74117647 0.85882353
v 0.72231495 -0.27335766 -55.52561188 0.65098039 0.74117647 0.85882353
v 0.73133224 -0.29900309 -55.51766205 0.65098039 0.74117647 0.85882353
v 0.75383854 -0.03071669 -55.32955170 0.65098039 0.74117647 0.85882353
v 0.73416263 -0.04118884 -55.34667206 0.65098039 0.74117647 0.85882353
v 0.75337309 -0.04868278 -55.33243561 0.65098039 0.74117647 0.85882353
v 0.81193054 -0.04450014 -55.30600357 0.65098039 0.74117647 0.85882353
v 0.79071259 -0.04131269 -55.31032944 0.65098039 0.74117647 0.85882353
v 0.79266375 -0.05913423 -55.31313324 0.65098039 0.74117647 0.85882353
v 0.81309825 -0.06205142 -55.30869675 0.65098039 0.74117647 0.85882353
v 0.80699080 -0.15913641 -55.33609009 0.65098039 0.74117647 0.85882353
v 0.82142001 -0.15891173 -55.33453751 0.65098039 0.74117647 0.85882353
v 0.81926924 -0.13904035 -55.33017349 0.65098039 0.74117647 0.85882353
v 0.80249447 -0.13782883 -55.33322906 0.65098039 0.74117647 0.85882353
v 0.66514707 -0.11900786 -55.39896774 0.65098039 0.74117647 0.85882353
v 0.68359244 -0.12760499 -55.37808990 0.65098039 0.74117647 0.85882353
v 0.68549585 -0.10375418 -55.37990570 0.65098039 0.74117647 0.85882353
v 0.66925251 -0.09289791 -55.39972305 0.65098039 0.74117647 0.85882353
v 0.81431174 -0.22645381 -55.53441238 0.65098039 0.74117647 0.85882353
v 0.78765780 -0.24628469 -55.53949738 0.65098039 0.74117647 0.85882353
v 0.69759983 -0.31224841 -55.36852646 0.65098039 0.74117647 0.85882353
v 0.68956566 -0.27655071 -55.36886597 0.65098039 0.74117647 0.85882353
v 0.72755480 -0.30633265 -55.34231186 0.65098039 0.74117647 0.85882353
v 0.76086909 -0.29693747 -55.33512115 0.65098039 0.74117647 0.85882353
v 0.75244933 -0.26581010 -55.33615494 0.65098039 0.74117647 0.85882353
v 0.71892953 -0.27319953 -55.34453583 0.65098039 0.74117647 0.85882353
v 0.82268625 -0.22124782 -55.38531876 0.65098039 0.74117647 0.85882353
v 0.81240755 -0.20504943 -55.36188126 0.65098039 0.74117647 0.85882353
v 0.80866975 -0.21212319 -55.36750031 0.65098039 0.74117647 0.85882353
v 0.82323772 -0.22393638 -55.39035034 0.65098039 0.74117647 0.85882353
v 0.80421960 -0.17090589 -55.58484268 0.65098039 0.74117647 0.85882353
v 0.80460310 -0.18871909 -55.57769775 0.65098039 0.74117647 0.85882353
v 0.77203929 -0.19893488 -55.57903671 0.65098039 0.74117647 0.85882353
v 0.77173817 -0.17818111 -55.58608246 0.65098039 0.74117647 0.85882353
v 0.73295915 0.03954458 -55.51074982 0.65098039 0.74117647 0.85882353
v 0.72848725 0.01925507 -55.51608658 0.65098039 0.74117647 0.85882353
v 0.75176418 0.04000303 -55.51910782 0.65098039 0.74117647 0.85882353
v 0.73609310 0.06062132 -55.50829697 0.65098039 0.74117647 0.85882353
v 0.75511646 0.06238636 -55.51523590 0.65098039 0.74117647 0.85882353
v 0.74478829 0.18058428 -55.50088501 0.65098039 0.74117647 0.85882353
v 0.72617239 0.16945633 -55.49066544 0.65098039 0.74117647 0.85882353
v 0.71576464 0.18271825 -55.48534012 0.65098039 0.74117647 0.85882353
v 0.73331213 0.19482371 -55.49779129 0.65098039 0.74117647 0.85882353
v 0.76259291 0.29587343 -55.51345444 0.65098039 0.74117647 0.85882353
v 0.76172870 0.31007561 -55.51182556 0.65098039 0.74117647 0.85882353
v 0.76431119 -0.28530917 -55.52913284 0.65098039 0.74117647 0.85882353
v 0.80046290 -0.26225999 -55.52380753 0.65098039 0.74117647 0.85882353
v 0.79817253 -0.30436301 -55.51733017 0.65098039 0.74117647 0.85882353
v 0.76733303 -0.31784642 -55.52003479 0.65098039 0.74117647 0.85882353
v 0.71426779 -0.33379740 -55.49583054 0.65098039 0.74117647 0.85882353
v 0.69626862 -0.33764872 -55.47138977 0.65098039 0.74117647 0.85882353
v 0.68272948 -0.30693275 -55.47458649 0.65098039 0.74117647 0.85882353
v 0.68849766 -0.34239826 -55.43778992 0.65098039 0.74117647 0.85882353
v 0.69267786 -0.34551480 -55.40035248 0.65098039 0.74117647 0.85882353
v 0.73760557 -0.33833209 -55.34080887 0.65098039 0.74117647 0.85882353
v 0.77066940 -0.32859114 -55.33560562 0.65098039 0.74117647 0.85882353
v 0.83610821 -0.27881229 -55.38472748 0.65098039 0.74117647 0.85882353
v 0.81815743 -0.28378659 -55.36240768 0.65098039 0.74117647 0.85882353
v 0.82456160 -0.31012392 -55.36661911 0.65098039 0.74117647 0.85882353
v 0.84096158 -0.30387515 -55.39111710 0.65098039 0.74117647 0.85882353
v 0.76842403 -0.16295010 -55.34431076 0.65098039 0.74117647 0.85882353
v 0.73469412 -0.14810959 -55.35153961 0.65098039 0.74117647 0.85882353
v 0.73456657 -0.16762921 -55.35239410 0.65098039 0.74117647 0.85882353
v 0.76375329 -0.17904702 -55.34989166 0.65098039 0.74117647 0.85882353
v 0.80812460 -0.02613658 -55.30437469 0.65098039 0.74117647 0.85882353
v 0.79082316 -0.02228585 -55.30779648 0.65098039 0.74117647 0.85882353
v 0.77261209 -0.03680053 -55.31800079 0.65098039 0.74117647 0.85882353
v 0.77362639 -0.01756871 -55.31502914 0.65098039 0.74117647 0.85882353
v 0.75548637 -0.01193690 -55.32700348 0.65098039 0.74117647 0.85882353
v 0.80263394 0.06223425 -55.29350281 0.65098039 0.74117647 0.85882353
v 0.78206015 0.06503436 -55.30212784 0.65098039 0.74117647 0.85882353
v 0.78162974 0.04281986 -55.30593109 0.65098039 0.74117647 0.85882353
v 0.80151010 0.03992578 -55.29727173 0.65098039 0.74117647 0.85882353
v 0.80348575 0.08729956 -55.29211426 0.65098039 0.74117647 0.85882353
v 0.78301299 0.08951369 -55.30063629 0.65098039 0.74117647 0.85882353
v 0.80523765 0.13694876 -55.29346085 0.65098039 0.74117647 0.85882353
v 0.78295785 0.15047437 -55.29353714 0.65098039 0.74117647 0.85882353
v 0.78421324 0.13279802 -55.29975128 0.65098039 0.74117647 0.85882353
v 0.80947566 0.30765578 -55.31875229 0.65098039 0.74117647 0.85882353
v 0.81124485 0.29239127 -55.30971909 0.65098039 0.74117647 0.85882353
v 0.66209102 -0.14798632 -55.39744186 0.65098039 0.74117647 0.85882353
v 0.82674927 -0.26192266 -55.49784088 0.65098039 0.74117647 0.85882353
v 0.83984846 -0.26747674 -55.46915054 0.65098039 0.74117647 0.85882353
v 0.84111482 -0.29551184 -55.47452164 0.65098039 0.74117647 0.85882353
v 0.82465845 -0.29638195 -55.50059891 0.65098039 0.74117647 0.85882353
v 0.66047919 -0.08009960 -55.42232895 0.65098039 0.74117647 0.85882353
v 0.68928337 0.00406829 -55.39574051 0.65098039 0.74117647 0.85882353
v 0.68675542 -0.01334533 -55.39748764 0.65098039 0.74117647 0.85882353
v 0.70446700 0.15067750 -55.35727310 0.65098039 0.74117647 0.85882353
v 0.70420200 0.12977836 -55.36757660 0.65098039 0.74117647 0.85882353
v 0.77281708 0.21603927 -55.27241135 0.65098039 0.74117647 0.85882353
v 0.77168787 0.20193538 -55.27195358 0.65098039 0.74117647 0.85882353
v 0.67025900 -0.27417037 -55.47888565 0.65098039 0.74117647 0.85882353
v 0.74793661 -0.36905405 -55.34126663 0.65098039 0.74117647 0.85882353
v 0.75872988 -0.39839140 -55.34270477 0.65098039 0.74117647 0.85882353
v 0.79034960 -0.38952023 -55.33963013 0.65098039 0.74117647 0.85882353
v 0.78087437 -0.35938308 -55.33692932 0.65098039 0.74117647 0.85882353
v 0.85024202 -0.33026555 -55.42350006 0.65098039 0.74117647 0.85882353
v 0.84439278 -0.33293250 -55.39715576 0.65098039 0.74117647 0.85882353
v 0.84707844 -0.36339372 -55.40232468 0.65098039 0.74117647 0.85882353
v 0.85078520 -0.36152548 -55.42802811 0.65098039 0.74117647 0.85882353
v 0.85235083 -0.39339539 -55.42961502 0.65098039 0.74117647 0.85882353
v 0.85004669 -0.39563999 -55.40398026 0.65098039 0.74117647 0.85882353
v 0.85534102 -0.42594880 -55.40754700 0.65098039 0.74117647 0.85882353
v 0.85528809 -0.42319983 -55.43174362 0.65098039 0.74117647 0.85882353
v 0.70909399 -0.34531862 -55.36465836 0.65098039 0.74117647 0.85882353
v 0.71669692 -0.40541190 -55.39350128 0.65098039 0.74117647 0.85882353
v 0.73139012 -0.40525749 -55.36220169 0.65098039 0.74117647 0.85882353
v 0.72045237 -0.37585962 -55.36333084 0.65098039 0.74117647 0.85882353
v 0.70534849 -0.37640753 -55.39618683 0.65098039 0.74117647 0.85882353
v 0.73854554 -0.32847747 -55.51214600 0.65098039 0.74117647 0.85882353
v 0.84873772 -0.30060533 -55.41746521 0.65098039 0.74117647 0.85882353
v 0.84570229 -0.27617049 -55.41023636 0.65098039 0.74117647 0.85882353
v 0.84011716 -0.36400166 -55.47499084 0.65098039 0.74117647 0.85882353
v 0.82403851 -0.36821812 -55.49534988 0.65098039 0.74117647 0.85882353
v 0.82445031 -0.33424079 -55.49860001 0.65098039 0.74117647 0.85882353
v 0.84130692 -0.33005151 -55.47558212 0.65098039 0.74117647 0.85882353
v 0.73060840 -0.39226890 -55.48418808 0.65098039 0.74117647 0.85882353
v 0.71796668 -0.39646024 -55.45871353 0.65098039 0.74117647 0.85882353
v 0.70799929 -0.36794341 -55.46476364 0.65098039 0.74117647 0.85882353
v 0.72278595 -0.36369011 -55.48978806 0.65098039 0.74117647 0.85882353
v 0.70177191 -0.37266472 -55.43158722 0.65098039 0.74117647 0.85882353
v 0.71316433 -0.40145147 -55.42689514 0.65098039 0.74117647 0.85882353
v 0.73829448 -0.46196440 -55.38792038 0.65098039 0.74117647 0.85882353
v 0.75495410 -0.46086091 -55.36131287 0.65098039 0.74117647 0.85882353
v 0.74292928 -0.43362194 -55.36126328 0.65098039 0.74117647 0.85882353
v 0.72761154 -0.43408781 -55.39040375 0.65098039 0.74117647 0.85882353
v 0.73293680 -0.45766741 -55.41926193 0.65098039 0.74117647 0.85882353
v 0.72343451 -0.42972946 -55.42296982 0.65098039 0.74117647 0.85882353
v 0.72668606 -0.42446488 -55.45314026 0.65098039 0.74117647 0.85882353
v 0.73499030 -0.45212781 -55.44833374 0.65098039 0.74117647 0.85882353
v 0.74597728 -0.44570935 -55.47074127 0.65098039 0.74117647 0.85882353
v 0.73781347 -0.41892481 -55.47745514 0.65098039 0.74117647 0.85882353
v 0.75620759 -0.41390735 -55.49388504 0.65098039 0.74117647 0.85882353
v 0.76198250 -0.44001582 -55.48663330 0.65098039 0.74117647 0.85882353
v 0.77865022 -0.40831858 -55.50185394 0.65098039 0.74117647 0.85882353
v 0.80213857 -0.40250587 -55.50042725 0.65098039 0.74117647 0.85882353
v 0.80304325 -0.43026504 -55.49361038 0.65098039 0.74117647 0.85882353
v 0.78198820 -0.43529385 -55.49447632 0.65098039 0.74117647 0.85882353
v 0.83979493 -0.42394423 -55.47277069 0.65098039 0.74117647 0.85882353
v 0.82364035 -0.42626080 -55.48669434 0.65098039 0.74117647 0.85882353
v 0.82388419 -0.39822516 -55.49098969 0.65098039 0.74117647 0.85882353
v 0.83956909 -0.39527029 -55.47390747 0.65098039 0.74117647 0.85882353
v 0.84360838 -0.52843940 -55.46941376 0.65098039 0.74117647 0.85882353
v 0.82642430 -0.52914703 -55.47336197 0.65098039 0.74117647 0.85882353
v 0.82630694 -0.50504547 -55.47558212 0.65098039 0.74117647 0.85882353
v 0.84436619 -0.50359416 -55.47015381 0.65098039 0.74117647 0.85882353
v 0.80998451 -0.53033799 -55.47716522 0.65098039 0.74117647 0.85882353
v 0.79311812 -0.53287888 -55.47665405 0.65098039 0.74117647 0.85882353
v 0.79199940 -0.50961477 -55.47613525 0.65098039 0.74117647 0.85882353
v 0.80963784 -0.50709724 -55.47615433 0.65098039 0.74117647 0.85882353
v 0.76424712 -0.52033168 -55.45539856 0.65098039 0.74117647 0.85882353
v 0.77632427 -0.51406056 -55.46939850 0.65098039 0.74117647 0.85882353
v 0.77761841 -0.53713673 -55.47023010 0.65098039 0.74117647 0.85882353
v 0.76616788 -0.54408860 -55.45656204 0.65098039 0.74117647 0.85882353
v 0.75692058 -0.55233955 -55.43774033 0.65098039 0.74117647 0.85882353
v 0.75277722 -0.52816063 -55.43675995 0.65098039 0.74117647 0.85882353
v 0.75924081 -0.55985308 -55.41397095 0.65098039 0.74117647 0.85882353
v 0.75271654 -0.53603756 -55.41239548 0.65098039 0.74117647 0.85882353
v 0.76558185 -0.54010653 -55.38623047 0.65098039 0.74117647 0.85882353
v 0.77173305 -0.56476307 -55.38791275 0.65098039 0.74117647 0.85882353
v 0.86834800 -0.50929606 -55.42181778 0.65098039 0.74117647 0.85882353
v 0.87056458 -0.53548235 -55.42589951 0.65098039 0.74117647 0.85882353
v 0.86857921 -0.53029084 -55.44509125 0.65098039 0.74117647 0.85882353
v 0.86800224 -0.50525653 -55.44068909 0.65098039 0.74117647 0.85882353
v 0.84925032 -0.52217180 -55.38019180 0.65098039 0.74117647 0.85882353
v 0.83459646 -0.52834302 -55.35715103 0.65098039 0.74117647 0.85882353
v 0.83852422 -0.55438972 -55.36666870 0.65098039 0.74117647 0.85882353
v 0.85245639 -0.54920602 -55.38819122 0.65098039 0.74117647 0.85882353
v 0.74141204 -0.48425809 -55.41616821 0.65098039 0.74117647 0.85882353
v 0.74836314 -0.48886544 -55.38635635 0.65098039 0.74117647 0.85882353
v 0.75422353 -0.47171617 -55.46398926 0.65098039 0.74117647 0.85882353
v 0.74279881 -0.47826472 -55.44343567 0.65098039 0.74117647 0.85882353
v 0.84116894 -0.45115408 -55.47190857 0.65098039 0.74117647 0.85882353
v 0.82430184 -0.45335415 -55.48286819 0.65098039 0.74117647 0.85882353
v 0.85980302 -0.45509771 -55.41115189 0.65098039 0.74117647 0.85882353
v 0.85944033 -0.45186293 -55.43398285 0.65098039 0.74117647 0.85882353
v 0.80034465 -0.50917888 -55.34640884 0.65098039 0.74117647 0.85882353
v 0.79230833 -0.48198196 -55.34767151 0.65098039 0.74117647 0.85882353
v 0.76573235 -0.48755676 -55.36034775 0.65098039 0.74117647 0.85882353
v 0.77478504 -0.51441991 -55.35930634 0.65098039 0.74117647 0.85882353
v 0.74740803 -0.51069874 -55.41347885 0.65098039 0.74117647 0.85882353
v 0.74886596 -0.50324214 -55.43908310 0.65098039 0.74117647 0.85882353
v 0.76007956 -0.49616092 -55.45851898 0.65098039 0.74117647 0.85882353
v 0.77300817 -0.49068326 -55.47320557 0.65098039 0.74117647 0.85882353
v 0.78908378 -0.48623928 -55.48029709 0.65098039 0.74117647 0.85882353
v 0.80662435 -0.48251036 -55.48114777 0.65098039 0.74117647 0.85882353
v 0.82499093 -0.47980228 -55.47940826 0.65098039 0.74117647 0.85882353
v 0.84240448 -0.47770330 -55.47111130 0.65098039 0.74117647 0.85882353
v 0.86394393 -0.47937417 -55.43787003 0.65098039 0.74117647 0.85882353
v 0.86402011 -0.48320997 -55.41645050 0.65098039 0.74117647 0.85882353
v 0.81389272 -0.56165636 -55.35710144 0.65098039 0.74117647 0.85882353
v 0.80837530 -0.53714228 -55.34772873 0.65098039 0.74117647 0.85882353
v 0.78175133 -0.54136646 -55.36054611 0.65098039 0.74117647 0.85882353
v 0.78810024 -0.56685483 -55.36564636 0.65098039 0.74117647 0.85882353
v 0.81763732 -0.58330619 -55.36976242 0.65098039 0.74117647 0.85882353
v 0.83798790 -0.57720947 -55.37815094 0.65098039 0.74117647 0.85882353
v 0.81161696 -0.55343455 -55.48159027 0.65098039 0.74117647 0.85882353
v 0.79557467 -0.55667502 -55.48093033 0.65098039 0.74117647 0.85882353
v 0.78031141 -0.56210321 -55.47475815 0.65098039 0.74117647 0.85882353
v 0.76104194 -0.57768190 -55.44171524 0.65098039 0.74117647 0.85882353
v 0.76563859 -0.58590442 -55.41640091 0.65098039 0.74117647 0.85882353
v 0.77969056 -0.59089243 -55.39113235 0.65098039 0.74117647 0.85882353
v 0.79561216 -0.58784080 -55.37362289 0.65098039 0.74117647 0.85882353
v 0.86670113 -0.58341706 -55.45338821 0.65098039 0.74117647 0.85882353
v 0.86602801 -0.55590618 -55.44789505 0.65098039 0.74117647 0.85882353
v 0.86808461 -0.56111157 -55.43063736 0.65098039 0.74117647 0.85882353
v 0.86720484 -0.58849311 -55.43624496 0.65098039 0.74117647 0.85882353
v 0.84722614 -0.57917476 -55.47957230 0.65098039 0.74117647 0.85882353
v 0.83234888 -0.57802367 -55.48941040 0.65098039 0.74117647 0.85882353
v 0.82764310 -0.55301785 -55.47607422 0.65098039 0.74117647 0.85882353
v 0.84258109 -0.55323327 -55.46932220 0.65098039 0.74117647 0.85882353
v 0.81444365 -0.57933962 -55.49375153 0.65098039 0.74117647 0.85882353
v 0.79703438 -0.58307087 -55.49161911 0.65098039 0.74117647 0.85882353
v 0.78086054 -0.58808959 -55.48425293 0.65098039 0.74117647 0.85882353
v 0.76518613 -0.60539764 -55.44660568 0.65098039 0.74117647 0.85882353
v 0.76732677 -0.56865668 -55.46144104 0.65098039 0.74117647 0.85882353
v 0.76851344 -0.59599781 -55.46904755 0.65098039 0.74117647 0.85882353
v 0.77214962 -0.61480224 -55.41762161 0.65098039 0.74117647 0.85882353
v 0.79946524 -0.64832717 -55.40214539 0.65098039 0.74117647 0.85882353
v 0.79413897 -0.61855936 -55.39435959 0.65098039 0.74117647 0.85882353
v 0.77671784 -0.64497244 -55.42260361 0.65098039 0.74117647 0.85882353
v 0.84753984 -0.73656297 -55.42703247 0.65098039 0.74117647 0.85882353
v 0.82189536 -0.74055028 -55.42868423 0.65098039 0.74117647 0.85882353
v 0.83338749 -0.77257341 -55.43954468 0.65098039 0.74117647 0.85882353
v 0.85562634 -0.76959014 -55.43816376 0.65098039 0.74117647 0.85882353
v 0.87143785 -0.61682081 -55.44347382 0.65098039 0.74117647 0.85882353
v 0.87268209 -0.61142850 -55.46268845 0.65098039 0.74117647 0.85882353
v 0.85529411 -0.60649419 -55.49242783 0.65098039 0.74117647 0.85882353
v 0.83830577 -0.60554159 -55.50237656 0.65098039 0.74117647 0.85882353
v 0.77207237 -0.66592026 -55.46070480 0.65098039 0.74117647 0.85882353
v 0.76776326 -0.63555604 -55.45187759 0.65098039 0.74117647 0.85882353
v 0.77076960 -0.62581146 -55.47600174 0.65098039 0.74117647 0.85882353
v 0.77535921 -0.65637463 -55.48512650 0.65098039 0.74117647 0.85882353
v 0.89618802 -0.70932823 -55.46852875 0.65098039 0.74117647 0.85882353
v 0.89755166 -0.70508683 -55.48704529 0.65098039 0.74117647 0.85882353
v 0.89130551 -0.67189974 -55.48037720 0.65098039 0.74117647 0.85882353
v 0.88986117 -0.67682612 -55.46049881 0.65098039 0.74117647 0.85882353
v 0.84700203 -0.63533235 -55.51305389 0.65098039 0.74117647 0.85882353
v 0.86464053 -0.63601631 -55.50244141 0.65098039 0.74117647 0.85882353
v 0.87267053 -0.66751403 -55.51082993 0.65098039 0.74117647 0.85882353
v 0.85532373 -0.66758895 -55.52060699 0.65098039 0.74117647 0.85882353
v 0.79275876 -0.73147428 -55.47489548 0.65098039 0.74117647 0.85882353
v 0.78050351 -0.69798005 -55.46833038 0.65098039 0.74117647 0.85882353
v 0.78328294 -0.68898338 -55.49244308 0.65098039 0.74117647 0.85882353
v 0.79510099 -0.72405964 -55.49760056 0.65098039 0.74117647 0.85882353
v 0.80494148 -0.67775315 -55.41015625 0.65098039 0.74117647 0.85882353
v 0.78171211 -0.67471814 -55.43122482 0.65098039 0.74117647 0.85882353
v 0.78974038 -0.70517057 -55.44023514 0.65098039 0.74117647 0.85882353
v 0.81212163 -0.70883632 -55.41929245 0.65098039 0.74117647 0.85882353
v 0.83224595 -0.67296445 -55.40896988 0.65098039 0.74117647 0.85882353
v 0.83886665 -0.70378745 -55.41742706 0.65098039 0.74117647 0.85882353
v 0.90292919 -0.77929902 -55.49589539 0.65098039 0.74117647 0.85882353
v 0.89958197 -0.74133110 -55.49157333 0.65098039 0.74117647 0.85882353
v 0.89874405 -0.74697018 -55.47552490 0.65098039 0.74117647 0.85882353
v 0.90261233 -0.78512442 -55.48155594 0.65098039 0.74117647 0.85882353
v 0.86181194 -0.70267940 -55.52443314 0.65098039 0.74117647 0.85882353
v 0.87929577 -0.70168579 -55.51532745 0.65098039 0.74117647 0.85882353
v 0.88341630 -0.73898888 -55.51656723 0.65098039 0.74117647 0.85882353
v 0.86854315 -0.73999006 -55.52499008 0.65098039 0.74117647 0.85882353
v 0.82211304 -0.80348957 -55.48755264 0.65098039 0.74117647 0.85882353
v 0.80668306 -0.76687515 -55.48147583 0.65098039 0.74117647 0.85882353
v 0.80979419 -0.76067257 -55.50217438 0.65098039 0.74117647 0.85882353
v 0.82537317 -0.79730093 -55.50647736 0.65098039 0.74117647 0.85882353
v 0.84489483 -0.80793703 -55.45075607 0.65098039 0.74117647 0.85882353
v 0.81397003 -0.77163136 -55.45601654 0.65098039 0.74117647 0.85882353
v 0.82748419 -0.80778927 -55.46558380 0.65098039 0.74117647 0.85882353
v 0.85790396 -0.84315586 -55.45924377 0.65098039 0.74117647 0.85882353
v 0.87404996 -0.84122813 -55.45708084 0.65098039 0.74117647 0.85882353
v 0.86472046 -0.80515265 -55.44874954 0.65098039 0.74117647 0.85882353
v 0.90510798 -0.82145941 -55.48701096 0.65098039 0.74117647 0.85882353
v 0.90718067 -0.81616986 -55.49988174 0.65098039 0.74117647 0.85882353
v 0.89759034 -0.81236136 -55.52019119 0.65098039 0.74117647 0.85882353
v 0.88549656 -0.81191647 -55.52812958 0.65098039 0.74117647 0.85882353
v 0.87633532 -0.77674592 -55.52613449 0.65098039 0.74117647 0.85882353
v 0.88958609 -0.77649105 -55.51834488 0.65098039 0.74117647 0.85882353
v 0.84556133 -0.78663504 -55.52775955 0.65098039 0.74117647 0.85882353
v 0.86062729 -0.78047943 -55.52952194 0.65098039 0.74117647 0.85882353
v 0.87127006 -0.81513762 -55.53110886 0.65098039 0.74117647 0.85882353
v 0.85770279 -0.82115173 -55.52887726 0.65098039 0.74117647 0.85882353
v 0.84119481 -0.83045876 -55.50953674 0.65098039 0.74117647 0.85882353
v 0.83347368 -0.79178762 -55.52002716 0.65098039 0.74117647 0.85882353
v 0.84803843 -0.82565606 -55.52164459 0.65098039 0.74117647 0.85882353
v 0.83721799 -0.83625388 -55.49208069 0.65098039 0.74117647 0.85882353
v 0.84183806 -0.84225643 -55.47195435 0.65098039 0.74117647 0.85882353
v 0.83253974 -0.23247564 -55.47639465 0.65098039 0.74117647 0.85882353
v 0.83792526 -0.23984858 -55.44803619 0.65098039 0.74117647 0.85882353
v 0.83794200 -0.24897122 -55.45941544 0.65098039 0.74117647 0.85882353
v 0.82868266 -0.23924592 -55.48870087 0.65098039 0.74117647 0.85882353
v 0.83573580 -0.37071300 -55.37421417 0.65098039 0.74117647 0.85882353
v 0.82981169 -0.33900389 -55.37059402 0.65098039 0.74117647 0.85882353
v 0.84786570 -0.43183655 -55.38190079 0.65098039 0.74117647 0.85882353
v 0.84133995 -0.40250242 -55.37711334 0.65098039 0.74117647 0.85882353
v 0.85304320 -0.46108755 -55.38746262 0.65098039 0.74117647 0.85882353
v 0.85749376 -0.48932293 -55.39425278 0.65098039 0.74117647 0.85882353
v 0.86250561 -0.51662433 -55.40086365 0.65098039 0.74117647 0.85882353
v 0.86463487 -0.54281187 -55.40689468 0.65098039 0.74117647 0.85882353
v 0.86251777 -0.56884170 -55.41256332 0.65098039 0.74117647 0.85882353
v 0.86181903 -0.59667337 -55.41735840 0.65098039 0.74117647 0.85882353
v 0.87084633 -0.65320754 -55.43200684 0.65098039 0.74117647 0.85882353
v 0.88003981 -0.64627123 -55.45226288 0.65098039 0.74117647 0.85882353
v 0.86387008 -0.62498963 -55.42427444 0.65098039 0.74117647 0.85882353
v 0.88634449 -0.71744442 -55.44824600 0.65098039 0.74117647 0.85882353
v 0.87915087 -0.68383563 -55.43996048 0.65098039 0.74117647 0.85882353
v 0.89162534 -0.75469816 -55.45745468 0.65098039 0.74117647 0.85882353
v 0.89559650 -0.79284590 -55.46637726 0.65098039 0.74117647 0.85882353
v 0.89841223 -0.82868445 -55.47354126 0.65098039 0.74117647 0.85882353
v 0.77581942 -0.23540106 -55.34292603 0.65098039 0.74117647 0.85882353
v 0.80299252 -0.23797578 -55.35674667 0.65098039 0.74117647 0.85882353
v 0.79577053 -0.22151893 -55.35486603 0.65098039 0.74117647 0.85882353
v 0.76861262 -0.21381015 -55.34434128 0.65098039 0.74117647 0.85882353
v 0.82847929 -0.22750965 -55.41674805 0.65098039 0.74117647 0.85882353
v 0.82670158 -0.22659588 -55.40301514 0.65098039 0.74117647 0.85882353
v 0.82894880 -0.22801691 -55.40716934 0.65098039 0.74117647 0.85882353
v 0.83148193 -0.22833917 -55.42182922 0.65098039 0.74117647 0.85882353
v 0.75729138 -0.51449072 -55.38517761 0.65098039 0.74117647 0.85882353
v 0.76803690 -0.46579695 -55.47938538 0.65098039 0.74117647 0.85882353
v 0.78581524 -0.46098769 -55.48641205 0.65098039 0.74117647 0.85882353
v 0.80489546 -0.45677304 -55.48688507 0.65098039 0.74117647 0.85882353
v 0.84668010 -0.49533567 -55.37020874 0.65098039 0.74117647 0.85882353
v 0.83999765 -0.46787977 -55.36497498 0.65098039 0.74117647 0.85882353
v 0.81991726 -0.47442001 -55.34980774 0.65098039 0.74117647 0.85882353
v 0.82774746 -0.50179875 -55.35287857 0.65098039 0.74117647 0.85882353
v 0.82812220 -0.64607882 -55.40115738 0.65098039 0.74117647 0.85882353
v 0.85368466 -0.66346616 -55.41845703 0.65098039 0.74117647 0.85882353
v 0.84914404 -0.63571054 -55.40940857 0.65098039 0.74117647 0.85882353
v 0.82337308 -0.62160629 -55.39209366 0.65098039 0.74117647 0.85882353
v 0.79883063 -0.61116254 -55.50341415 0.65098039 0.74117647 0.85882353
v 0.78202039 -0.61710572 -55.49403381 0.65098039 0.74117647 0.85882353
v 0.82539058 -0.63700545 -55.51703644 0.65098039 0.74117647 0.85882353
v 0.80422312 -0.64098239 -55.51478577 0.65098039 0.74117647 0.85882353
v 0.81859928 -0.60714883 -55.50512314 0.65098039 0.74117647 0.85882353
v 0.82476020 -0.41151226 -55.35523605 0.65098039 0.74117647 0.85882353
v 0.79994464 -0.41892686 -55.34325027 0.65098039 0.74117647 0.85882353
v 0.81003976 -0.44723707 -55.34693146 0.65098039 0.74117647 0.85882353
v 0.83304352 -0.43964955 -55.35985565 0.65098039 0.74117647 0.85882353
v 0.71456444 0.08883342 -55.47413254 0.65098039 0.74117647 0.85882353
v 0.72863984 0.09542793 -55.48863602 0.65098039 0.74117647 0.85882353
v 0.71565849 0.17476818 -55.31882095 0.65098039 0.74117647 0.85882353
v 0.71191680 0.16413751 -55.33511353 0.65098039 0.74117647 0.85882353
v 0.72415251 0.15516284 -55.32669067 0.65098039 0.74117647 0.85882353
v 0.72532654 0.16594920 -55.31304169 0.65098039 0.74117647 0.85882353
v 0.70322937 0.17597142 -55.33982086 0.65098039 0.74117647 0.85882353
v 0.70807493 0.18626067 -55.32347870 0.65098039 0.74117647 0.85882353
v 0.70230663 0.20070782 -55.32894516 0.65098039 0.74117647 0.85882353
v 0.69707048 0.19010678 -55.34392548 0.65098039 0.74117647 0.85882353
v 0.68037289 0.26428220 -55.36458206 0.65098039 0.74117647 0.85882353
v 0.67444277 0.27431330 -55.36437607 0.65098039 0.74117647 0.85882353
v 0.80447626 0.11246994 -55.29183197 0.65098039 0.74117647 0.85882353
v 0.82678390 0.11086720 -55.28880310 0.65098039 0.74117647 0.85882353
v 0.82734758 0.13472342 -55.29028702 0.65098039 0.74117647 0.85882353
v 0.77260303 -0.05500302 -55.32147217 0.65098039 0.74117647 0.85882353
v 0.76132321 -0.13384274 -55.34516525 0.65098039 0.74117647 0.85882353
v 0.79122484 -0.16094753 -55.34052277 0.65098039 0.74117647 0.85882353
v 0.78351194 -0.13692009 -55.33849716 0.65098039 0.74117647 0.85882353
v 0.82564759 -0.20751053 -55.36466980 0.65098039 0.74117647 0.85882353
v 0.77739352 0.15049878 -55.50999832 0.65098039 0.74117647 0.85882353
v 0.77300417 0.17036363 -55.50844193 0.65098039 0.74117647 0.85882353
v 0.78281510 0.31837931 -55.50874710 0.65098039 0.74117647 0.85882353
v 0.80398726 0.31407765 -55.50679016 0.65098039 0.74117647 0.85882353
v 0.78462261 0.34297737 -55.50280762 0.65098039 0.74117647 0.85882353
v 0.78586829 0.35387936 -55.49975967 0.65098039 0.74117647 0.85882353
v 0.80482489 0.34863976 -55.49962616 0.65098039 0.74117647 0.85882353
v 0.80426329 0.33783773 -55.50233459 0.65098039 0.74117647 0.85882353
v 0.81014752 0.40197727 -55.47778702 0.65098039 0.74117647 0.85882353
v 0.80723685 0.39169636 -55.48414612 0.65098039 0.74117647 0.85882353
v 0.83206159 -0.22665852 -55.43835831 0.65098039 0.74117647 0.85882353
v 0.83460969 -0.23057574 -55.42797852 0.65098039 0.74117647 0.85882353
v 0.83340353 -0.22761029 -55.44852066 0.65098039 0.74117647 0.85882353
v 0.83008045 -0.25748199 -55.37937927 0.65098039 0.74117647 0.85882353
v 0.84086311 -0.25711945 -55.40305710 0.65098039 0.74117647 0.85882353
v 0.83567148 -0.24330729 -55.39778519 0.65098039 0.74117647 0.85882353
v 0.82370639 -0.24133909 -55.37525940 0.65098039 0.74117647 0.85882353
v 0.66367429 -0.24474984 -55.40013885 0.65098039 0.74117647 0.85882353
v 0.65283042 -0.24044585 -55.43843842 0.65098039 0.74117647 0.85882353
v 0.75470740 -0.26369539 -55.53594208 0.65098039 0.74117647 0.85882353
v 0.52155125 0.25387242 -55.29561234 0.65098039 0.74117647 0.85882353
v 0.51135325 0.25653848 -55.30337906 0.65098039 0.74117647 0.85882353
v 0.53295982 0.25446543 -55.32069778 0.65098039 0.74117647 0.85882353
v 0.54364663 0.25243124 -55.31250763 0.65098039 0.74117647 0.85882353
v 0.75966865 0.23333696 -55.51253510 0.65098039 0.74117647 0.85882353
v 0.75470287 0.21096841 -55.50786209 0.65098039 0.74117647 0.85882353
v 0.74838030 0.39488283 -55.40894318 0.65098039 0.74117647 0.85882353
v 0.69395339 0.39406970 -55.40998840 0.65098039 0.74117647 0.85882353
v 0.69995660 0.39005211 -55.38558578 0.65098039 0.74117647 0.85882353
v 0.70872283 0.38769069 -55.39114380 0.65098039 0.74117647 0.85882353
v 0.70261568 0.39362368 -55.41466904 0.65098039 0.74117647 0.85882353
v 0.67474514 0.34422842 -55.47074127 0.65098039 0.74117647 0.85882353
v 0.67747980 0.36001471 -55.46340942 0.65098039 0.74117647 0.85882353
v 0.68796670 0.35971549 -55.47123718 0.65098039 0.74117647 0.85882353
v 0.68652606 0.34290901 -55.47974777 0.65098039 0.74117647 0.85882353
v 0.80333608 -0.10618950 -55.58604050 0.65098039 0.74117647 0.85882353
v 0.77311039 -0.10626669 -55.58570099 0.65098039 0.74117647 0.85882353
v 0.79926234 0.08809298 -55.51624680 0.65098039 0.74117647 0.85882353
v 0.77867937 0.08671281 -55.51628876 0.65098039 0.74117647 0.85882353
v 0.78090149 0.10829034 -55.51452637 0.65098039 0.74117647 0.85882353
v 0.80083400 0.11009887 -55.51400757 0.65098039 0.74117647 0.85882353
v 0.72849488 0.22187844 -55.50230408 0.65098039 0.74117647 0.85882353
v 0.71533144 0.20666304 -55.49158096 0.65098039 0.74117647 0.85882353
v 0.81818289 0.21750548 -55.27745819 0.65098039 0.74117647 0.85882353
v 0.81710297 0.24033651 -55.28356552 0.65098039 0.74117647 0.85882353
v 0.80131072 0.24442145 -55.28245926 0.65098039 0.74117647 0.85882353
v 0.80208659 0.22407570 -55.27522278 0.65098039 0.74117647 0.85882353
v 0.54587203 0.27482012 -55.35849380 0.65098039 0.74117647 0.85882353
v 0.56987166 0.26848546 -55.37071609 0.65098039 0.74117647 0.85882353
v 0.57094848 0.26073483 -55.36092377 0.65098039 0.74117647 0.85882353
v 0.54676968 0.26163271 -55.34638596 0.65098039 0.74117647 0.85882353
v 0.66050315 -0.23183978 -55.48377609 0.65098039 0.74117647 0.85882353
v 0.68539250 -0.24558347 -55.51446915 0.65098039 0.74117647 0.85882353
v 0.69854158 0.11452067 -55.44980621 0.65098039 0.74117647 0.85882353
v 0.70935291 0.12255135 -55.47048187 0.65098039 0.74117647 0.85882353
v 0.71356797 0.10546148 -55.47272873 0.65098039 0.74117647 0.85882353
v 0.70249373 0.09789667 -55.45318222 0.65098039 0.74117647 0.85882353
v 0.68760347 0.15589321 -55.43058777 0.65098039 0.74117647 0.85882353
v 0.69299078 0.14338654 -55.43714142 0.65098039 0.74117647 0.85882353
v 0.68127668 0.16830620 -55.42526245 0.65098039 0.74117647 0.85882353
v 0.64437264 0.25566772 -55.40670395 0.65098039 0.74117647 0.85882353
v 0.64610773 0.25543126 -55.39890289 0.65098039 0.74117647 0.85882353
v 0.63837922 0.26187506 -55.39368057 0.65098039 0.74117647 0.85882353
v 0.81052732 -0.25878748 -55.35895920 0.65098039 0.74117647 0.85882353
v 0.78793478 -0.19537985 -55.35338593 0.65098039 0.74117647 0.85882353
v 0.79295832 -0.18622652 -55.34922791 0.65098039 0.74117647 0.85882353
v 0.82946259 -0.22546956 -55.43037796 0.65098039 0.74117647 0.85882353
v 0.76648146 0.41486695 -55.40984344 0.65098039 0.74117647 0.85882353
v 0.77189475 0.41398111 -55.39428711 0.65098039 0.74117647 0.85882353
v 0.62298578 0.27210960 -55.36195374 0.65098039 0.74117647 0.85882353
v 0.60861629 0.26735178 -55.34998322 0.65098039 0.74117647 0.85882353
v 0.65852308 0.24142358 -55.39849472 0.65098039 0.74117647 0.85882353
v 0.66550434 0.24620292 -55.38694382 0.65098039 0.74117647 0.85882353
v 0.66082191 0.25579801 -55.38374710 0.65098039 0.74117647 0.85882353
v 0.65455985 0.25068477 -55.39333344 0.65098039 0.74117647 0.85882353
v 0.65059674 0.24828628 -55.40277481 0.65098039 0.74117647 0.85882353
v 0.65432143 0.23997501 -55.40982056 0.65098039 0.74117647 0.85882353
v 0.71048301 0.31602129 -55.33343124 0.65098039 0.74117647 0.85882353
v 0.72050691 0.31762281 -55.33265686 0.65098039 0.74117647 0.85882353
v 0.71661514 0.33547005 -55.33945465 0.65098039 0.74117647 0.85882353
v 0.70608157 0.33477083 -55.33875656 0.65098039 0.74117647 0.85882353
v 0.73213935 0.31644729 -55.33145142 0.65098039 0.74117647 0.85882353
v 0.74557662 0.31615868 -55.32928085 0.65098039 0.74117647 0.85882353
v 0.74169052 0.33463553 -55.34081268 0.65098039 0.74117647 0.85882353
v 0.72792256 0.33558860 -55.34125900 0.65098039 0.74117647 0.85882353
v 0.75479394 0.38247016 -55.38471603 0.65098039 0.74117647 0.85882353
v 0.77324772 0.37722602 -55.36882782 0.65098039 0.74117647 0.85882353
v 0.79270530 0.37178627 -55.35830307 0.65098039 0.74117647 0.85882353
v 0.80966610 0.36739317 -55.35078812 0.65098039 0.74117647 0.85882353
v 0.80492240 0.38154218 -55.49029160 0.65098039 0.74117647 0.85882353
v 0.80482036 0.36959556 -55.49402618 0.65098039 0.74117647 0.85882353
v 0.78606665 0.37364462 -55.49332809 0.65098039 0.74117647 0.85882353
v 0.78343737 0.38580254 -55.48799133 0.65098039 0.74117647 0.85882353
v 0.78040332 0.40261975 -55.38138199 0.65098039 0.74117647 0.85882353
v 0.79593951 0.40105101 -55.37011337 0.65098039 0.74117647 0.85882353
v 0.81006783 0.38747516 -55.36188507 0.65098039 0.74117647 0.85882353
v 0.52787948 0.34735629 -55.29406738 0.65098039 0.74117647 0.85882353
v 0.54787606 0.34977010 -55.30920029 0.65098039 0.74117647 0.85882353
v 0.76643980 0.42055777 -55.44110489 0.65098039 0.74117647 0.85882353
v 0.76439577 0.41767791 -55.42529678 0.65098039 0.74117647 0.85882353
v 0.53478324 0.34528372 -55.32154846 0.65098039 0.74117647 0.85882353
v 0.51429665 0.34249094 -55.30619431 0.65098039 0.74117647 0.85882353
v 0.72065490 0.37201384 -55.37173462 0.65098039 0.74117647 0.85882353
v 0.71705133 0.38570997 -55.39452362 0.65098039 0.74117647 0.85882353
v 0.71208298 0.37353685 -55.36947632 0.65098039 0.74117647 0.85882353
v 0.78192317 0.41315809 -55.38018799 0.65098039 0.74117647 0.85882353
v 0.79584366 0.41247645 -55.36844254 0.65098039 0.74117647 0.85882353
v 0.65011299 -0.20465881 -55.43317795 0.65098039 0.74117647 0.85882353
v 0.66111356 -0.21037939 -55.39867401 0.65098039 0.74117647 0.85882353
v 0.69966483 0.05657858 -55.38943100 0.65098039 0.74117647 0.85882353
v 0.69454116 0.06541026 -55.41084671 0.65098039 0.74117647 0.85882353
v 0.82409000 0.06000641 -55.28993225 0.65098039 0.74117647 0.85882353
v 0.82280272 0.03780660 -55.29306412 0.65098039 0.74117647 0.85882353
v 0.81686461 0.42476097 -55.35480499 0.65098039 0.74117647 0.85882353
v 0.79520369 -0.00159857 -55.30464935 0.65098039 0.74117647 0.85882353
v 0.81620586 -0.00658959 -55.30120850 0.65098039 0.74117647 0.85882353
v 0.82019603 0.01617929 -55.29731750 0.65098039 0.74117647 0.85882353
v 0.79931098 0.01911756 -55.30170822 0.65098039 0.74117647 0.85882353
v 0.82168561 -0.02959713 -55.30468750 0.65098039 0.74117647 0.85882353
v 0.82250237 -0.03878883 -55.30564499 0.65098039 0.74117647 0.85882353
v 0.81259763 -0.17548546 -55.34223938 0.65098039 0.74117647 0.85882353
v 0.82315063 -0.17527571 -55.33989334 0.65098039 0.74117647 0.85882353
v 0.62022233 0.34768024 -55.32321548 0.65098039 0.74117647 0.85882353
v 0.63290167 0.35236344 -55.33129501 0.65098039 0.74117647 0.85882353
v 0.62597215 0.36800435 -55.34122467 0.65098039 0.74117647 0.85882353
v 0.61165601 0.36200103 -55.33317947 0.65098039 0.74117647 0.85882353
v 0.77674752 0.00306994 -55.31296539 0.65098039 0.74117647 0.85882353
v 0.75841123 0.00788984 -55.32585907 0.65098039 0.74117647 0.85882353
v 0.68981773 0.26042190 -55.35084915 0.65098039 0.74117647 0.85882353
v 0.68434763 0.25226149 -55.36410141 0.65098039 0.74117647 0.85882353
v 0.82837075 0.15903246 -55.28788376 0.65098039 0.74117647 0.85882353
v 0.78696889 0.22946790 -55.27495193 0.65098039 0.74117647 0.85882353
v 0.78591108 0.24696711 -55.28235626 0.65098039 0.74117647 0.85882353
v 0.77115321 0.24840990 -55.28374863 0.65098039 0.74117647 0.85882353
v 0.77243990 0.23203865 -55.27622986 0.65098039 0.74117647 0.85882353
v 0.82992172 -0.22369298 -55.44037247 0.65098039 0.74117647 0.85882353
v 0.58580297 0.32353804 -55.40752029 0.65098039 0.74117647 0.85882353
v 0.59629166 0.32341030 -55.41807175 0.65098039 0.74117647 0.85882353
v 0.59578317 0.31271932 -55.41621780 0.65098039 0.74117647 0.85882353
v 0.58461267 0.31402257 -55.40544510 0.65098039 0.74117647 0.85882353
v 0.84310621 -0.25543579 -55.43017197 0.65098039 0.74117647 0.85882353
v 0.84585655 -0.27280894 -55.43854141 0.65098039 0.74117647 0.85882353
v 0.82040364 -0.22964528 -55.51374817 0.65098039 0.74117647 0.85882353
v 0.82912475 -0.22474563 -55.49788666 0.65098039 0.74117647 0.85882353
v 0.80141729 -0.31969932 -55.34556961 0.65098039 0.74117647 0.85882353
v 0.79222703 -0.28919289 -55.34328461 0.65098039 0.74117647 0.85882353
v 0.80966580 -0.35052246 -55.34891510 0.65098039 0.74117647 0.85882353
v 0.81749475 -0.38165432 -55.35181046 0.65098039 0.74117647 0.85882353
v 0.85061759 -0.57487369 -55.39582825 0.65098039 0.74117647 0.85882353
v 0.84580368 -0.60578817 -55.39852524 0.65098039 0.74117647 0.85882353
v 0.86008424 -0.69429207 -55.42728043 0.65098039 0.74117647 0.85882353
v 0.86733907 -0.72741151 -55.43671417 0.65098039 0.74117647 0.85882353
v 0.87470353 -0.76320982 -55.44641876 0.65098039 0.74117647 0.85882353
v 0.88160825 -0.80028439 -55.45656967 0.65098039 0.74117647 0.85882353
v 0.88810384 -0.83616877 -55.46299362 0.65098039 0.74117647 0.85882353
v 0.50284123 0.33200112 -55.31560898 0.65098039 0.74117647 0.85882353
v 0.52379209 0.33482543 -55.33298492 0.65098039 0.74117647 0.85882353
v 0.51544726 0.32051650 -55.33767319 0.65098039 0.74117647 0.85882353
v 0.49423966 0.31809989 -55.32002258 0.65098039 0.74117647 0.85882353
v 0.58161044 0.26691094 -55.31386185 0.65098039 0.74117647 0.85882353
v 0.58846140 0.27993461 -55.30812073 0.65098039 0.74117647 0.85882353
v 0.56914258 0.27696529 -55.29249573 0.65098039 0.74117647 0.85882353
v 0.56210983 0.26485583 -55.29853821 0.65098039 0.74117647 0.85882353
v 0.54135281 0.26348266 -55.28255463 0.65098039 0.74117647 0.85882353
v 0.53174877 0.25633255 -55.28867340 0.65098039 0.74117647 0.85882353
v 0.55379045 0.25637218 -55.30511093 0.65098039 0.74117647 0.85882353
v 0.50270861 0.26458594 -55.31115723 0.65098039 0.74117647 0.85882353
v 0.49641225 0.27631202 -55.31700516 0.65098039 0.74117647 0.85882353
v 0.51896250 0.27584013 -55.33625412 0.65098039 0.74117647 0.85882353
v 0.52338660 0.26271996 -55.32846832 0.65098039 0.74117647 0.85882353
v 0.49065274 0.30382994 -55.32111359 0.65098039 0.74117647 0.85882353
v 0.51154530 0.30588290 -55.33840179 0.65098039 0.74117647 0.85882353
v 0.51297748 0.29105470 -55.33808136 0.65098039 0.74117647 0.85882353
v 0.49159005 0.28923550 -55.31982803 0.65098039 0.74117647 0.85882353
v 0.55768478 0.30265096 -55.26851654 0.65098039 0.74117647 0.85882353
v 0.55493057 0.28767183 -55.27202988 0.65098039 0.74117647 0.85882353
v 0.57473457 0.29090562 -55.28767395 0.65098039 0.74117647 0.85882353
v 0.57753229 0.30610195 -55.28378677 0.65098039 0.74117647 0.85882353
v 0.61430550 0.37754634 -55.35765839 0.65098039 0.74117647 0.85882353
v 0.59961748 0.36951759 -55.34801865 0.65098039 0.74117647 0.85882353
v 0.66759336 0.29965618 -55.35038376 0.65098039 0.74117647 0.85882353
v 0.66738796 0.31680593 -55.34046173 0.65098039 0.74117647 0.85882353
v 0.65954381 0.31859711 -55.33974457 0.65098039 0.74117647 0.85882353
v 0.65956420 0.30265251 -55.34994888 0.65098039 0.74117647 0.85882353
v 0.58058369 0.35040179 -55.31052780 0.65098039 0.74117647 0.85882353
v 0.59719253 0.35585198 -55.32256317 0.65098039 0.74117647 0.85882353
v 0.58442795 0.36152175 -55.33628082 0.65098039 0.74117647 0.85882353
v 0.56720281 0.35403422 -55.32338715 0.65098039 0.74117647 0.85882353
v 0.59782147 0.30941960 -55.29832077 0.65098039 0.74117647 0.85882353
v 0.59451807 0.29476032 -55.30266190 0.65098039 0.74117647 0.85882353
v 0.61254966 0.29830286 -55.31738281 0.65098039 0.74117647 0.85882353
v 0.61597735 0.31250682 -55.31101227 0.65098039 0.74117647 0.85882353
v 0.55585933 0.25416186 -55.33713531 0.65098039 0.74117647 0.85882353
v 0.57861489 0.25548133 -55.35134888 0.65098039 0.74117647 0.85882353
v 0.63824654 0.33337149 -55.32743073 0.65098039 0.74117647 0.85882353
v 0.62645274 0.33014670 -55.31907654 0.65098039 0.74117647 0.85882353
v 0.69321692 0.24752155 -55.34790421 0.65098039 0.74117647 0.85882353
v 0.67187548 0.22539732 -55.38735199 0.65098039 0.74117647 0.85882353
v 0.66872174 0.23641816 -55.38768387 0.65098039 0.74117647 0.85882353
v 0.72521579 0.18037525 -55.30148697 0.65098039 0.74117647 0.85882353
v 0.72426462 0.19614658 -55.29555130 0.65098039 0.74117647 0.85882353
v 0.68961906 0.18288341 -55.36240387 0.65098039 0.74117647 0.85882353
v 0.68548477 0.20069781 -55.36660004 0.65098039 0.74117647 0.85882353
v 0.71774650 0.18761805 -55.30667114 0.65098039 0.74117647 0.85882353
v 0.71937758 0.19805637 -55.30082703 0.65098039 0.74117647 0.85882353
v 0.76553810 0.11237553 -55.30988693 0.65098039 0.74117647 0.85882353
v 0.81084532 0.37695488 -55.35871506 0.65098039 0.74117647 0.85882353
v 0.60638869 0.34301379 -55.31332016 0.65098039 0.74117647 0.85882353
v 0.61347479 0.32743123 -55.30968475 0.65098039 0.74117647 0.85882353
v 0.58853340 0.26658002 -55.38042450 0.65098039 0.74117647 0.85882353
v 0.60508353 0.26630214 -55.38962936 0.65098039 0.74117647 0.85882353
v 0.60915792 0.26286277 -55.38360596 0.65098039 0.74117647 0.85882353
v 0.59204578 0.26108667 -55.37292480 0.65098039 0.74117647 0.85882353
v 0.68966246 0.23931971 -55.48458099 0.65098039 0.74117647 0.85882353
v 0.70756161 0.23078749 -55.49473572 0.65098039 0.74117647 0.85882353
v 0.69757086 0.21721885 -55.48403931 0.65098039 0.74117647 0.85882353
v 0.68171430 0.22759828 -55.47447586 0.65098039 0.74117647 0.85882353
v 0.58498526 0.34127042 -55.40330505 0.65098039 0.74117647 0.85882353
v 0.58328688 0.35073736 -55.39499664 0.65098039 0.74117647 0.85882353
v 0.59643334 0.35630694 -55.40705872 0.65098039 0.74117647 0.85882353
v 0.59640527 0.34432843 -55.41407776 0.65098039 0.74117647 0.85882353
v 0.59818107 0.36825892 -55.39548492 0.65098039 0.74117647 0.85882353
v 0.58363831 0.36081752 -55.38267517 0.65098039 0.74117647 0.85882353
v 0.58849919 0.36813143 -55.36602020 0.65098039 0.74117647 0.85882353
v 0.60354573 0.37671706 -55.37802124 0.65098039 0.74117647 0.85882353
v 0.65775722 -0.15320411 -55.48807144 0.65098039 0.74117647 0.85882353
v 0.64973015 -0.16114709 -55.45621109 0.65098039 0.74117647 0.85882353
v 0.69933653 -0.02390468 -55.37868500 0.65098039 0.74117647 0.85882353
v 0.71562696 -0.03327930 -55.36227798 0.65098039 0.74117647 0.85882353
v 0.73298204 -0.12598059 -55.35263062 0.65098039 0.74117647 0.85882353
v 0.81267303 -0.22014228 -55.36977386 0.65098039 0.74117647 0.85882353
v 0.82778394 -0.22877726 -55.39294815 0.65098039 0.74117647 0.85882353
v 0.84833819 -0.29784310 -55.44547653 0.65098039 0.74117647 0.85882353
v 0.65107358 -0.16921383 -55.42843246 0.65098039 0.74117647 0.85882353
v 0.84897316 -0.32920837 -55.44953537 0.65098039 0.74117647 0.85882353
v 0.84852374 -0.36160970 -55.45174789 0.65098039 0.74117647 0.85882353
v 0.80065489 -0.37404737 -55.50669098 0.65098039 0.74117647 0.85882353
v 0.77506238 -0.38041574 -55.50826645 0.65098039 0.74117647 0.85882353
v 0.77126229 -0.35003087 -55.51394653 0.65098039 0.74117647 0.85882353
v 0.79921156 -0.34198532 -55.51226807 0.65098039 0.74117647 0.85882353
v 0.75064027 -0.38692841 -55.50050354 0.65098039 0.74117647 0.85882353
v 0.74466527 -0.35795188 -55.50613785 0.65098039 0.74117647 0.85882353
v 0.78150481 -0.45456821 -55.34738541 0.65098039 0.74117647 0.85882353
v 0.83395720 -0.67012888 -55.52501297 0.65098039 0.74117647 0.85882353
v 0.82282019 -0.71124697 -55.52548599 0.65098039 0.74117647 0.85882353
v 0.81252015 -0.67416275 -55.52268982 0.65098039 0.74117647 0.85882353
v 0.84225732 -0.70608360 -55.52810287 0.65098039 0.74117647 0.85882353
v 0.79491490 -0.68071353 -55.51103973 0.65098039 0.74117647 0.85882353
v 0.78681642 -0.64745390 -55.50374222 0.65098039 0.74117647 0.85882353
v 0.80099738 -0.73741615 -55.44763947 0.65098039 0.74117647 0.85882353
v 0.85070443 -0.74333709 -55.52890778 0.65098039 0.74117647 0.85882353
v 0.83358496 -0.74862969 -55.52677536 0.65098039 0.74117647 0.85882353
v 0.80590397 -0.71659911 -55.51514816 0.65098039 0.74117647 0.85882353
v 0.81905591 -0.75420225 -55.51762009 0.65098039 0.74117647 0.85882353
v 0.83977199 -0.24378088 -55.42193222 0.65098039 0.74117647 0.85882353
v 0.68340254 -0.24351907 -55.36852646 0.65098039 0.74117647 0.85882353
v 0.68113667 -0.21260560 -55.36913681 0.65098039 0.74117647 0.85882353
v 0.73551261 -0.18758863 -55.34717178 0.65098039 0.74117647 0.85882353
v 0.76438642 -0.19536117 -55.34705734 0.65098039 0.74117647 0.85882353
v 0.74340194 0.03234521 -55.33892822 0.65098039 0.74117647 0.85882353
v 0.72535610 0.03899691 -55.35333633 0.65098039 0.74117647 0.85882353
v 0.73018998 0.07848448 -55.34480667 0.65098039 0.74117647 0.85882353
v 0.71520942 0.08485451 -55.36103439 0.65098039 0.74117647 0.85882353
v 0.71321958 0.06564689 -55.36610031 0.65098039 0.74117647 0.85882353
v 0.72781515 0.05806535 -55.34911728 0.65098039 0.74117647 0.85882353
v 0.69529068 0.09905255 -55.40262222 0.65098039 0.74117647 0.85882353
v 0.69348460 0.10677770 -55.42690277 0.65098039 0.74117647 0.85882353
v 0.69661748 0.08978155 -55.43080139 0.65098039 0.74117647 0.85882353
v 0.69682157 0.08185121 -55.40732956 0.65098039 0.74117647 0.85882353
v 0.69572622 0.07348508 -55.43330002 0.65098039 0.74117647 0.85882353
v 0.70238692 0.08142740 -55.45564270 0.65098039 0.74117647 0.85882353
v 0.76076889 0.12490010 -55.50790787 0.65098039 0.74117647 0.85882353
v 0.74313486 0.11937711 -55.49936676 0.65098039 0.74117647 0.85882353
v 0.73988211 0.13853467 -55.49791718 0.65098039 0.74117647 0.85882353
v 0.75809610 0.14511916 -55.50535965 0.65098039 0.74117647 0.85882353
v 0.80198103 -0.17864510 -55.34444427 0.65098039 0.74117647 0.85882353
v 0.83344650 -0.23131976 -55.41140747 0.65098039 0.74117647 0.85882353
v 0.78371584 -0.26098493 -55.34254074 0.65098039 0.74117647 0.85882353
v 0.74507111 -0.23657912 -55.33826065 0.65098039 0.74117647 0.85882353
v 0.71253109 -0.24132228 -55.34699631 0.65098039 0.74117647 0.85882353
v 0.62854540 0.28089616 -55.35581589 0.65098039 0.74117647 0.85882353
v 0.66224825 0.26201513 -55.45485687 0.65098039 0.74117647 0.85882353
v 0.66040933 0.25220129 -55.44942474 0.65098039 0.74117647 0.85882353
v 0.56758177 0.35100123 -55.36852646 0.65098039 0.74117647 0.85882353
v 0.57275367 0.35897735 -55.35227203 0.65098039 0.74117647 0.85882353
v 0.63060629 0.31499830 -55.32142258 0.65098039 0.74117647 0.85882353
v 0.63747221 0.37344071 -55.34799957 0.65098039 0.74117647 0.85882353
v 0.64391738 0.35596618 -55.33728790 0.65098039 0.74117647 0.85882353
v 0.65379709 0.36122563 -55.34151459 0.65098039 0.74117647 0.85882353
v 0.70706308 -0.13859767 -55.36354446 0.65098039 0.74117647 0.85882353
v 0.68093842 -0.15599439 -55.37445831 0.65098039 0.74117647 0.85882353
v 0.70602119 -0.16132125 -55.35984421 0.65098039 0.74117647 0.85882353
v 0.83112252 -0.22428057 -55.48033142 0.65098039 0.74117647 0.85882353
v 0.79020631 -0.20790952 -55.35377502 0.65098039 0.74117647 0.85882353
v 0.84926653 -0.39301857 -55.45241165 0.65098039 0.74117647 0.85882353
v 0.85110664 -0.42282471 -55.45349884 0.65098039 0.74117647 0.85882353
v 0.85344964 -0.45069763 -55.45537186 0.65098039 0.74117647 0.85882353
v 0.85679179 -0.47757825 -55.45660019 0.65098039 0.74117647 0.85882353
v 0.85910922 -0.50360048 -55.45808029 0.65098039 0.74117647 0.85882353
v 0.85882497 -0.52885145 -55.46001053 0.65098039 0.74117647 0.85882353
v 0.85676384 -0.55366039 -55.46106720 0.65098039 0.74117647 0.85882353
v 0.85884190 -0.58042341 -55.46788788 0.65098039 0.74117647 0.85882353
v 0.88179106 -0.64106065 -55.47175217 0.65098039 0.74117647 0.85882353
v 0.87580872 -0.63778579 -55.48876953 0.65098039 0.74117647 0.85882353
v 0.86652488 -0.60815775 -55.47904587 0.65098039 0.74117647 0.85882353
v 0.88489300 -0.66906381 -55.49725723 0.65098039 0.74117647 0.85882353
v 0.89111257 -0.70290250 -55.50265884 0.65098039 0.74117647 0.85882353
v 0.89379120 -0.73938394 -55.50522232 0.65098039 0.74117647 0.85882353
v 0.89794207 -0.77668059 -55.50788116 0.65098039 0.74117647 0.85882353
v 0.90432644 -0.81303549 -55.51078415 0.65098039 0.74117647 0.85882353
v 0.83026773 -0.22313100 -55.45097351 0.65098039 0.74117647 0.85882353
v 0.83073401 -0.22323740 -55.46475601 0.65098039 0.74117647 0.85882353
v 0.73049468 0.37095192 -55.37312698 0.65098039 0.74117647 0.85882353
v 0.67338616 0.25482467 -55.37580490 0.65098039 0.74117647 0.85882353
v 0.66840261 0.26347777 -55.37440872 0.65098039 0.74117647 0.85882353
v 0.64217377 0.31697109 -55.33049774 0.65098039 0.74117647 0.85882353
v 0.53093016 0.30596188 -55.35536194 0.65098039 0.74117647 0.85882353
v 0.53522164 0.32106140 -55.35585403 0.65098039 0.74117647 0.85882353
v 0.62810618 0.30211607 -55.33074570 0.65098039 0.74117647 0.85882353
v 0.66657627 0.28481147 -55.36187363 0.65098039 0.74117647 0.85882353
v 0.65875649 0.29110351 -55.35965347 0.65098039 0.74117647 0.85882353
v 0.41474098 0.39119843 -55.17718887 0.65098039 0.74117647 0.85882353
v 0.40178442 0.38600412 -55.18085098 0.65098039 0.74117647 0.85882353
v 0.39834166 0.39637306 -55.16298676 0.65098039 0.74117647 0.85882353
v 0.41109800 0.40019909 -55.15927505 0.65098039 0.74117647 0.85882353
v 0.42726892 0.39035991 -55.17054749 0.65098039 0.74117647 0.85882353
v 0.42239964 0.39825329 -55.15324783 0.65098039 0.74117647 0.85882353
v 0.43507713 0.34012905 -55.13476181 0.65098039 0.74117647 0.85882353
v 0.44205472 0.35123554 -55.14099503 0.65098039 0.74117647 0.85882353
v 0.43222576 0.36114874 -55.12567902 0.65098039 0.74117647 0.85882353
v 0.42484513 0.35076532 -55.12001419 0.65098039 0.74117647 0.85882353
v 0.42502105 0.40008047 -55.12948608 0.65098039 0.74117647 0.85882353
v 0.42842400 0.39117685 -55.12314606 0.65098039 0.74117647 0.85882353
v 0.43578836 0.38272563 -55.13900375 0.65098039 0.74117647 0.85882353
v 0.43084776 0.39219311 -55.14610291 0.65098039 0.74117647 0.85882353
v 0.40845352 0.32629707 -55.13648605 0.65098039 0.74117647 0.85882353
v 0.39627910 0.32697645 -55.14352036 0.65098039 0.74117647 0.85882353
v 0.40561038 0.31344727 -55.15705490 0.65098039 0.74117647 0.85882353
v 0.41852388 0.31419769 -55.14974213 0.65098039 0.74117647 0.85882353
v 0.47614208 0.30488566 -55.19989014 0.65098039 0.74117647 0.85882353
v 0.46897575 0.29314432 -55.19461441 0.65098039 0.74117647 0.85882353
v 0.47857720 0.28870240 -55.20716095 0.65098039 0.74117647 0.85882353
v 0.48459092 0.30067506 -55.21146011 0.65098039 0.74117647 0.85882353
v 0.42360926 0.37297860 -55.21242905 0.65098039 0.74117647 0.85882353
v 0.41083753 0.36435178 -55.21588516 0.65098039 0.74117647 0.85882353
v 0.40597755 0.37510052 -55.19880295 0.65098039 0.74117647 0.85882353
v 0.41929811 0.38205835 -55.19499969 0.65098039 0.74117647 0.85882353
v 0.45757562 0.35823563 -55.18924332 0.65098039 0.74117647 0.85882353
v 0.46092665 0.34537807 -55.18157578 0.65098039 0.74117647 0.85882353
v 0.46840191 0.33630672 -55.19869232 0.65098039 0.74117647 0.85882353
v 0.46408355 0.34930411 -55.20641708 0.65098039 0.74117647 0.85882353
v 0.42762467 0.36245230 -55.22920990 0.65098039 0.74117647 0.85882353
v 0.41606313 0.35202959 -55.23183060 0.65098039 0.74117647 0.85882353
v 0.44322014 0.37495616 -55.15565872 0.65098039 0.74117647 0.85882353
v 0.44455802 0.36286917 -55.14833450 0.65098039 0.74117647 0.85882353
v 0.45316523 0.35432115 -55.16473770 0.65098039 0.74117647 0.85882353
v 0.45047098 0.36693653 -55.17227554 0.65098039 0.74117647 0.85882353
v 0.39186123 0.35307983 -55.10974884 0.65098039 0.74117647 0.85882353
v 0.38143671 0.35478112 -55.11636353 0.65098039 0.74117647 0.85882353
v 0.38825876 0.34089360 -55.13005447 0.65098039 0.74117647 0.85882353
v 0.39949489 0.33951572 -55.12292099 0.65098039 0.74117647 0.85882353
v 0.42733744 0.38137624 -55.11673737 0.65098039 0.74117647 0.85882353
v 0.42312250 0.37156889 -55.11070633 0.65098039 0.74117647 0.85882353
v 0.43558332 0.37180075 -55.13242340 0.65098039 0.74117647 0.85882353
v 0.37538600 0.38987812 -55.14402008 0.65098039 0.74117647 0.85882353
v 0.38408750 0.39926639 -55.14582825 0.65098039 0.74117647 0.85882353
v 0.38728738 0.38759294 -55.16399765 0.65098039 0.74117647 0.85882353
v 0.37850988 0.37698331 -55.16164017 0.65098039 0.74117647 0.85882353
v 0.45608762 0.32049111 -55.16709900 0.65098039 0.74117647 0.85882353
v 0.46072865 0.33229271 -55.17384338 0.65098039 0.74117647 0.85882353
v 0.45161742 0.34165135 -55.15706253 0.65098039 0.74117647 0.85882353
v 0.44553402 0.33007804 -55.15051651 0.65098039 0.74117647 0.85882353
v 0.43801203 0.37390718 -55.20599747 0.65098039 0.74117647 0.85882353
v 0.43265793 0.38222697 -55.18848038 0.65098039 0.74117647 0.85882353
v 0.38255620 0.36458734 -55.17826462 0.65098039 0.74117647 0.85882353
v 0.39075500 0.37583664 -55.18154907 0.65098039 0.74117647 0.85882353
v 0.39572427 0.36378106 -55.19857407 0.65098039 0.74117647 0.85882353
v 0.38802958 0.35080054 -55.19501877 0.65098039 0.74117647 0.85882353
v 0.39161924 0.32281086 -55.20203400 0.65098039 0.74117647 0.85882353
v 0.39691156 0.31182685 -55.19153976 0.65098039 0.74117647 0.85882353
v 0.38851610 0.32611051 -55.17768097 0.65098039 0.74117647 0.85882353
v 0.38497466 0.33732203 -55.18750000 0.65098039 0.74117647 0.85882353
v 0.46605724 0.31163195 -55.18457413 0.65098039 0.74117647 0.85882353
v 0.45732319 0.30028871 -55.17917252 0.65098039 0.74117647 0.85882353
v 0.42995405 0.30266359 -55.16407013 0.65098039 0.74117647 0.85882353
v 0.41617209 0.30066028 -55.17087555 0.65098039 0.74117647 0.85882353
v 0.42791677 0.28829649 -55.18486404 0.65098039 0.74117647 0.85882353
v 0.44298756 0.29154363 -55.17858505 0.65098039 0.74117647 0.85882353
v 0.46662608 0.34829131 -55.24182892 0.65098039 0.74117647 0.85882353
v 0.45231265 0.35118964 -55.25017929 0.65098039 0.74117647 0.85882353
v 0.44777685 0.35763696 -55.23782730 0.65098039 0.74117647 0.85882353
v 0.46157375 0.35426232 -55.22957230 0.65098039 0.74117647 0.85882353
v 0.43281278 0.35174206 -55.24452591 0.65098039 0.74117647 0.85882353
v 0.43827677 0.34270695 -55.25719452 0.65098039 0.74117647 0.85882353
v 0.44200003 0.31950608 -55.27737427 0.65098039 0.74117647 0.85882353
v 0.43841815 0.30526200 -55.27609253 0.65098039 0.74117647 0.85882353
v 0.43092954 0.30910650 -55.26746368 0.65098039 0.74117647 0.85882353
v 0.43496746 0.32401100 -55.26837921 0.65098039 0.74117647 0.85882353
v 0.40701085 0.29279754 -55.22885895 0.65098039 0.74117647 0.85882353
v 0.41598344 0.28183356 -55.21926498 0.65098039 0.74117647 0.85882353
v 0.40610954 0.29682413 -55.20509720 0.65098039 0.74117647 0.85882353
v 0.39876378 0.30779389 -55.21542740 0.65098039 0.74117647 0.85882353
v 0.43880138 0.26503482 -55.21968079 0.65098039 0.74117647 0.85882353
v 0.45228347 0.26834252 -55.20966721 0.65098039 0.74117647 0.85882353
v 0.44010556 0.27676454 -55.19815826 0.65098039 0.74117647 0.85882353
v 0.42712301 0.27646938 -55.20831299 0.65098039 0.74117647 0.85882353
v 0.49369296 0.25802806 -55.26064682 0.65098039 0.74117647 0.85882353
v 0.50315160 0.26271310 -55.25476456 0.65098039 0.74117647 0.85882353
v 0.48908147 0.26355919 -55.24222565 0.65098039 0.74117647 0.85882353
v 0.47845337 0.25958255 -55.24760818 0.65098039 0.74117647 0.85882353
v 0.50700760 0.28403631 -55.23627090 0.65098039 0.74117647 0.85882353
v 0.51952821 0.28324208 -55.24621964 0.65098039 0.74117647 0.85882353
v 0.52258968 0.29739150 -55.24382782 0.65098039 0.74117647 0.85882353
v 0.51039076 0.29805079 -55.23529434 0.65098039 0.74117647 0.85882353
v 0.48907232 0.34234241 -55.27035522 0.65098039 0.74117647 0.85882353
v 0.47520655 0.33796331 -55.28282166 0.65098039 0.74117647 0.85882353
v 0.46689740 0.34002206 -55.27703094 0.65098039 0.74117647 0.85882353
v 0.48048583 0.34293130 -55.26535797 0.65098039 0.74117647 0.85882353
v 0.41563392 0.28029850 -55.24126053 0.65098039 0.74117647 0.85882353
v 0.42628264 0.26655331 -55.23308945 0.65098039 0.74117647 0.85882353
v 0.49707627 0.28508320 -55.22734070 0.65098039 0.74117647 0.85882353
v 0.50136065 0.29845950 -55.22792435 0.65098039 0.74117647 0.85882353
v 0.49272877 0.29903117 -55.21997070 0.65098039 0.74117647 0.85882353
v 0.48766217 0.28599730 -55.21788788 0.65098039 0.74117647 0.85882353
v 0.49579704 0.32559398 -55.23863983 0.65098039 0.74117647 0.85882353
v 0.48729107 0.33603421 -55.24826431 0.65098039 0.74117647 0.85882353
v 0.48245060 0.33654299 -55.24169540 0.65098039 0.74117647 0.85882353
v 0.48915154 0.32503787 -55.23177338 0.65098039 0.74117647 0.85882353
v 0.47585192 0.34333947 -55.25971603 0.65098039 0.74117647 0.85882353
v 0.46158516 0.34274444 -55.26990128 0.65098039 0.74117647 0.85882353
v 0.45719445 0.34522972 -55.26140594 0.65098039 0.74117647 0.85882353
v 0.47163135 0.34490183 -55.25182724 0.65098039 0.74117647 0.85882353
v 0.42313010 0.27370176 -55.25008011 0.65098039 0.74117647 0.85882353
v 0.42247117 0.28720310 -55.25566864 0.65098039 0.74117647 0.85882353
v 0.42978001 0.28131178 -55.26165771 0.65098039 0.74117647 0.85882353
v 0.43174675 0.26962522 -55.25556946 0.65098039 0.74117647 0.85882353
v 0.45182881 0.26101318 -55.22844315 0.65098039 0.74117647 0.85882353
v 0.46440065 0.26461700 -55.22018814 0.65098039 0.74117647 0.85882353
v 0.48166981 0.32554892 -55.22318649 0.65098039 0.74117647 0.85882353
v 0.48565158 0.31335738 -55.21620941 0.65098039 0.74117647 0.85882353
v 0.49365133 0.31288949 -55.22372437 0.65098039 0.74117647 0.85882353
v 0.44381803 0.33659855 -55.26743698 0.65098039 0.74117647 0.85882353
v 0.48390239 0.25702223 -55.26668930 0.65098039 0.74117647 0.85882353
v 0.47485378 0.25834301 -55.27379608 0.65098039 0.74117647 0.85882353
v 0.49077430 0.25789919 -55.28668213 0.65098039 0.74117647 0.85882353
v 0.49993524 0.25545117 -55.27944183 0.65098039 0.74117647 0.85882353
v 0.50963795 0.25684932 -55.27296829 0.65098039 0.74117647 0.85882353
v 0.51937151 0.26261976 -55.26692200 0.65098039 0.74117647 0.85882353
v 0.53529775 0.28505936 -55.25748825 0.65098039 0.74117647 0.85882353
v 0.53830689 0.29979649 -55.25467682 0.65098039 0.74117647 0.85882353
v 0.53694069 0.31532541 -55.25459671 0.65098039 0.74117647 0.85882353
v 0.53168678 0.32977179 -55.25833511 0.65098039 0.74117647 0.85882353
v 0.51458216 0.32718840 -55.24855042 0.65098039 0.74117647 0.85882353
v 0.52084732 0.31277147 -55.24413300 0.65098039 0.74117647 0.85882353
v 0.50765038 0.34417328 -55.28018951 0.65098039 0.74117647 0.85882353
v 0.49366617 0.33940890 -55.29266357 0.65098039 0.74117647 0.85882353
v 0.46548221 0.32784268 -55.29012680 0.65098039 0.74117647 0.85882353
v 0.48170528 0.32895127 -55.30059814 0.65098039 0.74117647 0.85882353
v 0.48848334 0.27274367 -55.22802353 0.65098039 0.74117647 0.85882353
v 0.49924293 0.27210835 -55.23825073 0.65098039 0.74117647 0.85882353
v 0.37872493 0.35140595 -55.17237473 0.65098039 0.74117647 0.85882353
v 0.38117403 0.34047076 -55.16318893 0.65098039 0.74117647 0.85882353
v 0.37525344 0.35458925 -55.14817047 0.65098039 0.74117647 0.85882353
v 0.37403578 0.36511871 -55.15649033 0.65098039 0.74117647 0.85882353
v 0.37450302 0.36042473 -55.12457275 0.65098039 0.74117647 0.85882353
v 0.38032430 0.34644762 -55.13895035 0.65098039 0.74117647 0.85882353
v 0.43713185 0.38469073 -55.16339111 0.65098039 0.74117647 0.85882353
v 0.44353324 0.37689874 -55.18023682 0.65098039 0.74117647 0.85882353
v 0.41806567 0.40672109 -55.13612747 0.65098039 0.74117647 0.85882353
v 0.47618604 0.33802935 -55.23178101 0.65098039 0.74117647 0.85882353
v 0.47032171 0.34191635 -55.22115707 0.65098039 0.74117647 0.85882353
v 0.43738875 0.29095587 -55.27289200 0.65098039 0.74117647 0.85882353
v 0.44668838 0.30232850 -55.28437042 0.65098039 0.74117647 0.85882353
v 0.44611776 0.28854468 -55.28116226 0.65098039 0.74117647 0.85882353
v 0.41557562 0.29654554 -55.24829483 0.65098039 0.74117647 0.85882353
v 0.40791035 0.30930379 -55.23795319 0.65098039 0.74117647 0.85882353
v 0.41534740 0.32525924 -55.24370956 0.65098039 0.74117647 0.85882353
v 0.42260355 0.31201282 -55.25620651 0.65098039 0.74117647 0.85882353
v 0.44134736 0.26719311 -55.26063538 0.65098039 0.74117647 0.85882353
v 0.43775752 0.27776292 -55.26782227 0.65098039 0.74117647 0.85882353
v 0.44834381 0.27638355 -55.27607727 0.65098039 0.74117647 0.85882353
v 0.45294145 0.26606670 -55.26960754 0.65098039 0.74117647 0.85882353
v 0.50323737 0.33789387 -55.25749207 0.65098039 0.74117647 0.85882353
v 0.49311733 0.33711407 -55.25275040 0.65098039 0.74117647 0.85882353
v 0.47108236 0.30131117 -55.30530930 0.65098039 0.74117647 0.85882353
v 0.45775664 0.30135831 -55.29396820 0.65098039 0.74117647 0.85882353
v 0.45976710 0.31490335 -55.29333496 0.65098039 0.74117647 0.85882353
v 0.47351763 0.31506768 -55.30391693 0.65098039 0.74117647 0.85882353
v 0.44972131 0.31623355 -55.28518677 0.65098039 0.74117647 0.85882353
v 0.47265118 0.28800610 -55.30393982 0.65098039 0.74117647 0.85882353
v 0.45814139 0.28791925 -55.29179764 0.65098039 0.74117647 0.85882353
v 0.52172577 0.34081849 -55.26737595 0.65098039 0.74117647 0.85882353
v 0.46718207 0.26542833 -55.28165436 0.65098039 0.74117647 0.85882353
v 0.46158484 0.27601710 -55.28749847 0.65098039 0.74117647 0.85882353
v 0.47682831 0.27587804 -55.30039597 0.65098039 0.74117647 0.85882353
v 0.48314708 0.26489255 -55.29454422 0.65098039 0.74117647 0.85882353
v 0.38742736 0.33210680 -55.15327835 0.65098039 0.74117647 0.85882353
v 0.39581519 0.31837931 -55.16711426 0.65098039 0.74117647 0.85882353
v 0.46690679 0.27628163 -55.20497894 0.65098039 0.74117647 0.85882353
v 0.45583963 0.28208783 -55.19263840 0.65098039 0.74117647 0.85882353
v 0.47774741 0.27369085 -55.21663666 0.65098039 0.74117647 0.85882353
v 0.42247167 0.33099523 -55.13262558 0.65098039 0.74117647 0.85882353
v 0.41256446 0.34286287 -55.11904144 0.65098039 0.74117647 0.85882353
v 0.44531563 0.30956253 -55.16261292 0.65098039 0.74117647 0.85882353
v 0.43364751 0.31991997 -55.14720917 0.65098039 0.74117647 0.85882353
v 0.39406809 0.33763495 -55.20991898 0.65098039 0.74117647 0.85882353
v 0.45498279 0.25923350 -55.24456406 0.65098039 0.74117647 0.85882353
v 0.46499765 0.26048324 -55.23704529 0.65098039 0.74117647 0.85882353
v 0.44123587 0.25953707 -55.23820877 0.65098039 0.74117647 0.85882353
v 0.52877158 0.27244964 -55.26171875 0.65098039 0.74117647 0.85882353
v 0.51243627 0.27135816 -55.24985886 0.65098039 0.74117647 0.85882353
v 0.42710471 0.26481166 -55.24467087 0.65098039 0.74117647 0.85882353
v 0.54987681 0.27450851 -55.27693558 0.65098039 0.74117647 0.85882353
v 0.42834407 0.32932845 -55.25895309 0.65098039 0.74117647 0.85882353
v 0.44957653 0.33317706 -55.27589417 0.65098039 0.74117647 0.85882353
v 0.45629871 0.32983485 -55.28305054 0.65098039 0.74117647 0.85882353
v 0.39551783 0.40670320 -55.14520264 0.65098039 0.74117647 0.85882353
v 0.45012528 0.36887172 -55.19750214 0.65098039 0.74117647 0.85882353
v 0.47520927 0.32891002 -55.21350098 0.65098039 0.74117647 0.85882353
v 0.47789434 0.31648526 -55.20619965 0.65098039 0.74117647 0.85882353
v 0.44682837 0.26051298 -55.25252914 0.65098039 0.74117647 0.85882353
v 0.45990035 0.25944486 -55.26159668 0.65098039 0.74117647 0.85882353
v 0.46879727 0.25848606 -55.25405121 0.65098039 0.74117647 0.85882353
v 0.50309241 0.32648566 -55.24280930 0.65098039 0.74117647 0.85882353
v 0.50925875 0.31291869 -55.23680496 0.65098039 0.74117647 0.85882353
v 0.40380549 0.35529128 -55.10585785 0.65098039 0.74117647 0.85882353
v 0.50118148 0.31348208 -55.23060989 0.65098039 0.74117647 0.85882353
v 0.42208719 0.34053329 -55.24565887 0.65098039 0.74117647 0.85882353
v 0.80378729 0.32597980 -55.50451660 0.65098039 0.74117647 0.85882353
v 0.69493085 0.16728553 -55.36024857 0.65098039 0.74117647 0.85882353
v 0.73587006 0.13624337 -55.32844543 0.65098039 0.74117647 0.85882353
v 0.72133678 0.14250216 -55.34100723 0.65098039 0.74117647 0.85882353
v 0.67996496 0.23177519 -55.37395477 0.65098039 0.74117647 0.85882353
v 0.67689335 0.24451926 -55.37540054 0.65098039 0.74117647 0.85882353
v 0.66123581 0.27349439 -55.36970520 0.65098039 0.74117647 0.85882353
v 0.65446460 0.27977267 -55.36768341 0.65098039 0.74117647 0.85882353
v 0.69245833 0.20632961 -55.34995270 0.65098039 0.74117647 0.85882353
v 0.76377869 0.56508565 -55.47539520 0.65098039 0.74117647 0.85882353
v 0.76538634 0.55743396 -55.47563553 0.65098039 0.74117647 0.85882353
v 0.76300246 0.57839572 -55.47848511 0.65098039 0.74117647 0.85882353
v 0.82480395 -0.01842219 -55.30379486 0.65098039 0.74117647 0.85882353
v 0.76121956 0.55370057 -55.46222687 0.65098039 0.74117647 0.85882353
v 0.76315874 0.54500318 -55.46140289 0.65098039 0.74117647 0.85882353
v 0.75828177 0.54906464 -55.46278381 0.65098039 0.74117647 0.85882353
v 0.76132339 0.55527639 -55.46071243 0.65098039 0.74117647 0.85882353
v 0.76104879 0.55648220 -55.46042633 0.65098039 0.74117647 0.85882353
v 0.75931311 0.58284616 -55.46996307 0.65098039 0.74117647 0.85882353
v 0.76646674 0.54884934 -55.47354126 0.65098039 0.74117647 0.85882353
v 0.76741987 0.54022324 -55.46929932 0.65098039 0.74117647 0.85882353
v 0.75777841 0.57042837 -55.46134949 0.65098039 0.74117647 0.85882353
v 0.78818834 0.01604289 -55.53299713 0.65098039 0.74117647 0.85882353
v 0.81136638 0.01551184 -55.53366470 0.65098039 0.74117647 0.85882353
v 0.80931121 -0.00399140 -55.54240036 0.65098039 0.74117647 0.85882353
v 0.78415483 -0.00375077 -55.54005051 0.65098039 0.74117647 0.85882353
v 0.80748457 -0.02370426 -55.55190277 0.65098039 0.74117647 0.85882353
v 0.68857968 -0.05951595 -55.52407455 0.65098039 0.74117647 0.85882353
v 0.67234391 -0.05860218 -55.50051498 0.65098039 0.74117647 0.85882353
v 0.67893153 -0.03650710 -55.49602509 0.65098039 0.74117647 0.85882353
v 0.69379258 -0.03683063 -55.51812744 0.65098039 0.74117647 0.85882353
v 0.67379570 -0.02208039 -55.46982956 0.65098039 0.74117647 0.85882353
v 0.68477190 -0.01817930 -55.49306107 0.65098039 0.74117647 0.85882353
v 0.66839486 -0.03902510 -55.47076797 0.65098039 0.74117647 0.85882353
v 0.66390419 -0.04632011 -55.44486618 0.65098039 0.74117647 0.85882353
v 0.66897714 -0.02836952 -55.44445038 0.65098039 0.74117647 0.85882353
v 0.66610974 -0.05703357 -55.42112350 0.65098039 0.74117647 0.85882353
v 0.67149192 -0.03783265 -55.42035294 0.65098039 0.74117647 0.85882353
v 0.67504394 -0.06893215 -55.40019989 0.65098039 0.74117647 0.85882353
v 0.68934649 -0.08074173 -55.38109207 0.65098039 0.74117647 0.85882353
v 0.70729756 -0.11480176 -55.36385345 0.65098039 0.74117647 0.85882353
v 0.73260486 -0.10158545 -55.35151672 0.65098039 0.74117647 0.85882353
v 0.70946002 -0.09172373 -55.36462402 0.65098039 0.74117647 0.85882353
v 0.77838570 -0.11335142 -55.33386612 0.65098039 0.74117647 0.85882353
v 0.75584859 -0.10948679 -55.34125519 0.65098039 0.74117647 0.85882353
v 0.81698000 -0.11721355 -55.32434464 0.65098039 0.74117647 0.85882353
v 0.79856461 -0.11593938 -55.32797241 0.65098039 0.74117647 0.85882353
v 0.73653722 0.35351804 -55.35475540 0.65098039 0.74117647 0.85882353
v 0.73708582 0.39752582 -55.46451569 0.65098039 0.74117647 0.85882353
v 0.72719991 0.39304540 -55.46325684 0.65098039 0.74117647 0.85882353
v 0.72247076 0.39935634 -55.44404221 0.65098039 0.74117647 0.85882353
v 0.70211536 0.34052280 -55.48985291 0.65098039 0.74117647 0.85882353
v 0.70189357 0.35746297 -55.48105240 0.65098039 0.74117647 0.85882353
v 0.71932280 0.35121241 -55.49370575 0.65098039 0.74117647 0.85882353
v 0.71988517 0.33533111 -55.49998093 0.65098039 0.74117647 0.85882353
v 0.74540752 0.38864484 -55.47638702 0.65098039 0.74117647 0.85882353
v 0.75195235 0.39182779 -55.47584534 0.65098039 0.74117647 0.85882353
v 0.73782694 0.38384309 -55.47804642 0.65098039 0.74117647 0.85882353
v 0.76774669 0.36847898 -55.49414825 0.65098039 0.74117647 0.85882353
v 0.75191325 0.37558374 -55.48798752 0.65098039 0.74117647 0.85882353
v 0.68730718 0.38891301 -55.43329620 0.65098039 0.74117647 0.85882353
v 0.68167299 0.37607852 -55.45165634 0.65098039 0.74117647 0.85882353
v 0.67236972 0.37646130 -55.44499207 0.65098039 0.74117647 0.85882353
v 0.67695338 0.38941076 -55.42678070 0.65098039 0.74117647 0.85882353
v 0.67406523 0.32837489 -55.47470856 0.65098039 0.74117647 0.85882353
v 0.67488194 0.31345227 -55.47622681 0.65098039 0.74117647 0.85882353
v 0.66421074 0.31614044 -55.46920776 0.65098039 0.74117647 0.85882353
v 0.66414064 0.33058581 -55.46772766 0.65098039 0.74117647 0.85882353
v 0.64186317 0.39075401 -55.40401459 0.65098039 0.74117647 0.85882353
v 0.63872564 0.37889639 -55.42328262 0.65098039 0.74117647 0.85882353
v 0.62517399 0.37738654 -55.41515732 0.65098039 0.74117647 0.85882353
v 0.62924200 0.38771644 -55.39643478 0.65098039 0.74117647 0.85882353
v 0.66560519 0.34545133 -55.46342850 0.65098039 0.74117647 0.85882353
v 0.73682845 0.23823515 -55.50896072 0.65098039 0.74117647 0.85882353
v 0.71515346 0.24504593 -55.50172424 0.65098039 0.74117647 0.85882353
v 0.69672275 0.25064650 -55.49307251 0.65098039 0.74117647 0.85882353
v 0.66430825 0.27109119 -55.45973206 0.65098039 0.74117647 0.85882353
v 0.67135453 0.26620200 -55.46738815 0.65098039 0.74117647 0.85882353
v 0.66873598 0.25535426 -55.46310425 0.65098039 0.74117647 0.85882353
v 0.65608448 0.27476981 -55.45359802 0.65098039 0.74117647 0.85882353
v 0.64617223 0.27550295 -55.44450760 0.65098039 0.74117647 0.85882353
v 0.65726233 0.33931664 -55.33672714 0.65098039 0.74117647 0.85882353
v 0.66613936 0.34129742 -55.33713150 0.65098039 0.74117647 0.85882353
v 0.66388547 0.36562011 -55.34558868 0.65098039 0.74117647 0.85882353
v 0.62676728 0.27562401 -55.42069244 0.65098039 0.74117647 0.85882353
v 0.63797194 0.27306250 -55.43161392 0.65098039 0.74117647 0.85882353
v 0.63908905 0.26746073 -55.42654800 0.65098039 0.74117647 0.85882353
v 0.62788689 0.27127150 -55.41654587 0.65098039 0.74117647 0.85882353
v 0.69639015 0.38972929 -55.43860626 0.65098039 0.74117647 0.85882353
v 0.62263441 0.36285672 -55.42716217 0.65098039 0.74117647 0.85882353
v 0.63638783 0.36386815 -55.43500519 0.65098039 0.74117647 0.85882353
v 0.63366652 0.34893933 -55.44136429 0.65098039 0.74117647 0.85882353
v 0.62051094 0.34870240 -55.43272018 0.65098039 0.74117647 0.85882353
v 0.61984146 0.33527735 -55.43673706 0.65098039 0.74117647 0.85882353
v 0.63211757 0.33481148 -55.44571686 0.65098039 0.74117647 0.85882353
v 0.63232660 0.32148483 -55.44747925 0.65098039 0.74117647 0.85882353
v 0.62030941 0.32265308 -55.43848419 0.65098039 0.74117647 0.85882353
v 0.62507284 0.28159395 -55.42536163 0.65098039 0.74117647 0.85882353
v 0.63691902 0.27936623 -55.43608856 0.65098039 0.74117647 0.85882353
v 0.62641680 0.38382599 -55.36654282 0.65098039 0.74117647 0.85882353
v 0.67351800 0.39617327 -55.39648438 0.65098039 0.74117647 0.85882353
v 0.68131745 0.39009592 -55.37286758 0.65098039 0.74117647 0.85882353
v 0.69157237 0.39032367 -55.37947083 0.65098039 0.74117647 0.85882353
v 0.68443263 0.39526764 -55.40338135 0.65098039 0.74117647 0.85882353
v 0.63678014 0.27377728 -55.37268066 0.65098039 0.74117647 0.85882353
v 0.64242822 0.28154114 -55.36515045 0.65098039 0.74117647 0.85882353
v 0.63167733 0.26686326 -55.37949371 0.65098039 0.74117647 0.85882353
v 0.64196676 0.25870803 -55.41449738 0.65098039 0.74117647 0.85882353
v 0.62719947 0.26346752 -55.38685989 0.65098039 0.74117647 0.85882353
v 0.65143925 0.31771246 -55.33752060 0.65098039 0.74117647 0.85882353
v 0.64827585 0.33630481 -55.33377075 0.65098039 0.74117647 0.85882353
v 0.68583953 0.37296894 -55.35440826 0.65098039 0.74117647 0.85882353
v 0.69565773 0.37491009 -55.35991669 0.65098039 0.74117647 0.85882353
v 0.61668301 0.38275251 -55.38874435 0.65098039 0.74117647 0.85882353
v 0.61153120 0.37291577 -55.40656662 0.65098039 0.74117647 0.85882353
v 0.61360836 0.27758589 -55.41128540 0.65098039 0.74117647 0.85882353
v 0.61504799 0.27339062 -55.40747452 0.65098039 0.74117647 0.85882353
v 0.60207260 0.27492926 -55.39947128 0.65098039 0.74117647 0.85882353
v 0.64728606 0.25518325 -55.42725372 0.65098039 0.74117647 0.85882353
v 0.64020705 0.26287970 -55.42098618 0.65098039 0.74117647 0.85882353
v 0.66645145 0.38974121 -55.41992950 0.65098039 0.74117647 0.85882353
v 0.60921806 0.35931519 -55.41842651 0.65098039 0.74117647 0.85882353
v 0.60807824 0.34573039 -55.42423248 0.65098039 0.74117647 0.85882353
v 0.64379817 0.33347663 -55.45363235 0.65098039 0.74117647 0.85882353
v 0.64577377 0.34797433 -55.44956970 0.65098039 0.74117647 0.85882353
v 0.65607107 0.34680340 -55.45681763 0.65098039 0.74117647 0.85882353
v 0.65404302 0.33201221 -55.46104813 0.65098039 0.74117647 0.85882353
v 0.60778755 0.32216939 -55.42929077 0.65098039 0.74117647 0.85882353
v 0.60770261 0.31115255 -55.42676163 0.65098039 0.74117647 0.85882353
v 0.65371764 0.31808725 -55.46192169 0.65098039 0.74117647 0.85882353
v 0.64356494 0.31969920 -55.45482254 0.65098039 0.74117647 0.85882353
v 0.61188203 0.28360072 -55.41549683 0.65098039 0.74117647 0.85882353
v 0.70409548 0.37541768 -55.36575317 0.65098039 0.74117647 0.85882353
v 0.70514119 0.35751525 -55.34896469 0.65098039 0.74117647 0.85882353
v 0.71485919 0.35631385 -55.35091782 0.65098039 0.74117647 0.85882353
v 0.68617755 0.35074535 -55.34219742 0.65098039 0.74117647 0.85882353
v 0.69617307 0.35492751 -55.34613037 0.65098039 0.74117647 0.85882353
v 0.67554528 0.34483728 -55.33852386 0.65098039 0.74117647 0.85882353
v 0.72432649 0.35527435 -55.35240936 0.65098039 0.74117647 0.85882353
v 0.43559724 0.26162580 -55.24742889 0.65098039 0.74117647 0.85882353
v 0.60247397 0.27092585 -55.39463043 0.65098039 0.74117647 0.85882353
v 0.58844090 0.27227351 -55.38703156 0.65098039 0.74117647 0.85882353
v 0.58973908 0.27700993 -55.39265823 0.65098039 0.74117647 0.85882353
v 0.53442049 0.29102376 -55.35625458 0.65098039 0.74117647 0.85882353
v 0.79019964 0.52311683 -55.31480026 0.65098039 0.74117647 0.85882353
v 0.79006547 0.52936745 -55.31357193 0.65098039 0.74117647 0.85882353
v 0.79109132 0.54996121 -55.31729126 0.65098039 0.74117647 0.85882353
v 0.79148072 0.55342841 -55.31879807 0.65098039 0.74117647 0.85882353
v 0.42996562 0.29465953 -55.26580048 0.65098039 0.74117647 0.85882353
v 0.42478454 0.29773548 -55.25965118 0.65098039 0.74117647 0.85882353
v 0.40077698 0.32327333 -55.22474670 0.65098039 0.74117647 0.85882353
v 0.40166056 0.35130277 -55.21479797 0.65098039 0.74117647 0.85882353
v 0.40820315 0.33842233 -55.22979736 0.65098039 0.74117647 0.85882353
v 0.44277987 0.36533758 -55.22317886 0.65098039 0.74117647 0.85882353
v 0.45600322 0.36042669 -55.21496201 0.65098039 0.74117647 0.85882353
v 0.46927986 0.32342663 -55.19088745 0.65098039 0.74117647 0.85882353
v 0.41608217 0.29002443 -55.19464111 0.65098039 0.74117647 0.85882353
v 0.40255618 0.42961881 -55.10781479 0.65098039 0.74117647 0.85882353
v 0.39094415 0.42874774 -55.11072540 0.65098039 0.74117647 0.85882353
v 0.38894060 0.44029668 -55.09371185 0.65098039 0.74117647 0.85882353
v 0.40027586 0.43991020 -55.09086609 0.65098039 0.74117647 0.85882353
v 0.39786598 0.45044848 -55.07477951 0.65098039 0.74117647 0.85882353
v 0.40403178 0.44414982 -55.06922150 0.65098039 0.74117647 0.85882353
v 0.40754929 0.43488601 -55.08554077 0.65098039 0.74117647 0.85882353
v 0.40507373 0.43580189 -55.06385803 0.65098039 0.74117647 0.85882353
v 0.41004094 0.42677054 -55.07973099 0.65098039 0.74117647 0.85882353
v 0.40275535 0.42723599 -55.05932236 0.65098039 0.74117647 0.85882353
v 0.39810330 0.42040315 -55.05578995 0.65098039 0.74117647 0.85882353
v 0.40489724 0.41092226 -55.07052612 0.65098039 0.74117647 0.85882353
v 0.40875101 0.41833094 -55.07483292 0.65098039 0.74117647 0.85882353
v 0.40664083 0.39352396 -55.08191299 0.65098039 0.74117647 0.85882353
v 0.39866370 0.40426454 -55.06713486 0.65098039 0.74117647 0.85882353
v 0.39030266 0.39873669 -55.06537247 0.65098039 0.74117647 0.85882353
v 0.39858109 0.38629523 -55.07888412 0.65098039 0.74117647 0.85882353
v 0.36551386 0.40832761 -55.05495071 0.65098039 0.74117647 0.85882353
v 0.35968077 0.41171119 -55.05947113 0.65098039 0.74117647 0.85882353
v 0.36409521 0.39796713 -55.07369232 0.65098039 0.74117647 0.85882353
v 0.37112200 0.39431706 -55.06858444 0.65098039 0.74117647 0.85882353
v 0.36223680 0.39807710 -55.10059357 0.65098039 0.74117647 0.85882353
v 0.36450568 0.38981023 -55.09450531 0.65098039 0.74117647 0.85882353
v 0.35992807 0.40437654 -55.07958221 0.65098039 0.74117647 0.85882353
v 0.35778403 0.41243342 -55.08560944 0.65098039 0.74117647 0.85882353
v 0.35244846 0.42553428 -55.07228851 0.65098039 0.74117647 0.85882353
v 0.35625035 0.43448219 -55.07619095 0.65098039 0.74117647 0.85882353
v 0.36001024 0.42084178 -55.08997726 0.65098039 0.74117647 0.85882353
v 0.40744242 0.40937737 -55.14175797 0.65098039 0.74117647 0.85882353
v 0.40487283 0.41943935 -55.12471390 0.65098039 0.74117647 0.85882353
v 0.41441596 0.41574165 -55.11912537 0.65098039 0.74117647 0.85882353
v 0.41530323 0.40919289 -55.09086990 0.65098039 0.74117647 0.85882353
v 0.42171192 0.40020534 -55.10718536 0.65098039 0.74117647 0.85882353
v 0.41994244 0.40870467 -55.11320496 0.65098039 0.74117647 0.85882353
v 0.41507936 0.41770235 -55.09643173 0.65098039 0.74117647 0.85882353
v 0.41536322 0.36207369 -55.10613251 0.65098039 0.74117647 0.85882353
v 0.41470319 0.38245377 -55.09646225 0.65098039 0.74117647 0.85882353
v 0.40681130 0.37415770 -55.09268188 0.65098039 0.74117647 0.85882353
v 0.41223353 0.40123793 -55.08599854 0.65098039 0.74117647 0.85882353
v 0.41951787 0.39133397 -55.10163879 0.65098039 0.74117647 0.85882353
v 0.38804781 0.38129821 -55.07920456 0.65098039 0.74117647 0.85882353
v 0.38045737 0.39495489 -55.06585693 0.65098039 0.74117647 0.85882353
v 0.37953252 0.42344907 -55.11075592 0.65098039 0.74117647 0.85882353
v 0.37021446 0.41577777 -55.10924530 0.65098039 0.74117647 0.85882353
v 0.36755520 0.42927137 -55.09236908 0.65098039 0.74117647 0.85882353
v 0.37715384 0.43627194 -55.09390259 0.65098039 0.74117647 0.85882353
v 0.39591071 0.36848685 -55.09253311 0.65098039 0.74117647 0.85882353
v 0.37266454 0.40286753 -55.12639618 0.65098039 0.74117647 0.85882353
v 0.38171294 0.41114929 -55.12814331 0.65098039 0.74117647 0.85882353
v 0.36390579 0.40678498 -55.10606003 0.65098039 0.74117647 0.85882353
v 0.36732352 0.39311579 -55.12234116 0.65098039 0.74117647 0.85882353
v 0.37497702 0.44791099 -55.07866287 0.65098039 0.74117647 0.85882353
v 0.38692805 0.45152411 -55.07792282 0.65098039 0.74117647 0.85882353
v 0.39296529 0.41741410 -55.12787628 0.65098039 0.74117647 0.85882353
v 0.37778386 0.38007382 -55.08234024 0.65098039 0.74117647 0.85882353
v 0.36955607 0.38337103 -55.08793640 0.65098039 0.74117647 0.85882353
v 0.37535763 0.36880139 -55.10208893 0.65098039 0.74117647 0.85882353
v 0.38468266 0.36645189 -55.09596634 0.65098039 0.74117647 0.85882353
v 0.37076581 0.36883810 -55.13235474 0.65098039 0.74117647 0.85882353
v 0.36961246 0.37477627 -55.10955048 0.65098039 0.74117647 0.85882353
v 0.36651540 0.38323298 -55.11642075 0.65098039 0.74117647 0.85882353
v 0.35543135 0.41728488 -55.06559753 0.65098039 0.74117647 0.85882353
v 0.37062758 0.37953666 -55.13922119 0.65098039 0.74117647 0.85882353
v 0.38302594 0.47702709 -54.99293900 0.65098039 0.74117647 0.85882353
v 0.38732672 0.46931198 -54.99773026 0.65098039 0.74117647 0.85882353
v 0.39609361 0.47571024 -54.99455261 0.65098039 0.74117647 0.85882353
v 0.39116567 0.48334768 -54.99032593 0.65098039 0.74117647 0.85882353
v 0.40977877 0.45979485 -55.00433731 0.65098039 0.74117647 0.85882353
v 0.41678429 0.45952591 -55.01442337 0.65098039 0.74117647 0.85882353
v 0.42210233 0.47011116 -55.00905609 0.65098039 0.74117647 0.85882353
v 0.41619104 0.47028825 -55.00063705 0.65098039 0.74117647 0.85882353
v 0.39774388 0.49011031 -54.99022675 0.65098039 0.74117647 0.85882353
v 0.40272969 0.48223242 -54.99322891 0.65098039 0.74117647 0.85882353
v 0.40167817 0.49439558 -54.99461746 0.65098039 0.74117647 0.85882353
v 0.39529175 0.50310910 -54.99265289 0.65098039 0.74117647 0.85882353
v 0.39432281 0.49773160 -54.98729706 0.65098039 0.74117647 0.85882353
v 0.39140889 0.50966656 -54.98913574 0.65098039 0.74117647 0.85882353
v 0.39000076 0.50489283 -55.00357437 0.65098039 0.74117647 0.85882353
v 0.38436127 0.51234365 -54.99550247 0.65098039 0.74117647 0.85882353
v 0.36406901 0.49910888 -55.01136017 0.65098039 0.74117647 0.85882353
v 0.35454166 0.49379054 -55.01213074 0.65098039 0.74117647 0.85882353
v 0.35228848 0.50241852 -55.00057602 0.65098039 0.74117647 0.85882353
v 0.36262783 0.50725269 -54.99981689 0.65098039 0.74117647 0.85882353
v 0.33838272 0.48655424 -55.00065231 0.65098039 0.74117647 0.85882353
v 0.34488365 0.49546781 -55.00005722 0.65098039 0.74117647 0.85882353
v 0.34793329 0.48734775 -55.01224136 0.65098039 0.74117647 0.85882353
v 0.34204531 0.47965720 -55.01233292 0.65098039 0.74117647 0.85882353
v 0.36994630 0.46873680 -54.99719620 0.65098039 0.74117647 0.85882353
v 0.37226886 0.46053055 -55.00306320 0.65098039 0.74117647 0.85882353
v 0.37827212 0.46413341 -55.00148392 0.65098039 0.74117647 0.85882353
v 0.37519014 0.47192410 -54.99613571 0.65098039 0.74117647 0.85882353
v 0.41051394 0.49801663 -55.00031662 0.65098039 0.74117647 0.85882353
v 0.40203017 0.49751809 -55.00726318 0.65098039 0.74117647 0.85882353
v 0.40087938 0.49894467 -55.00041962 0.65098039 0.74117647 0.85882353
v 0.40982550 0.49648997 -54.99651718 0.65098039 0.74117647 0.85882353
v 0.36914283 0.43375233 -55.01394272 0.65098039 0.74117647 0.85882353
v 0.37222236 0.42791626 -55.02441025 0.65098039 0.74117647 0.85882353
v 0.37999406 0.43209562 -55.02533340 0.65098039 0.74117647 0.85882353
v 0.37590563 0.43689564 -55.01578140 0.65098039 0.74117647 0.85882353
v 0.40507162 0.44415161 -55.02417374 0.65098039 0.74117647 0.85882353
v 0.39791095 0.43991736 -55.02886200 0.65098039 0.74117647 0.85882353
v 0.40416378 0.44711074 -55.04076004 0.65098039 0.74117647 0.85882353
v 0.40833771 0.45253965 -55.03567505 0.65098039 0.74117647 0.85882353
v 0.41123670 0.45059112 -55.01952362 0.65098039 0.74117647 0.85882353
v 0.41292828 0.45813629 -55.03094864 0.65098039 0.74117647 0.85882353
v 0.41733548 0.46584156 -55.02438354 0.65098039 0.74117647 0.85882353
v 0.42248547 0.47539321 -55.01684952 0.65098039 0.74117647 0.85882353
v 0.36223584 0.42466989 -55.02544022 0.65098039 0.74117647 0.85882353
v 0.35810679 0.42761722 -55.01748657 0.65098039 0.74117647 0.85882353
v 0.38271618 0.53447688 -54.94828033 0.65098039 0.74117647 0.85882353
v 0.37834728 0.53178144 -54.94559860 0.65098039 0.74117647 0.85882353
v 0.37938997 0.52847922 -54.95008087 0.65098039 0.74117647 0.85882353
v 0.38382077 0.53118134 -54.95283890 0.65098039 0.74117647 0.85882353
v 0.34395596 0.43571296 -55.02945709 0.65098039 0.74117647 0.85882353
v 0.34271210 0.44409314 -55.03476715 0.65098039 0.74117647 0.85882353
v 0.34507757 0.43833789 -55.03966141 0.65098039 0.74117647 0.85882353
v 0.34807527 0.43084005 -55.03395844 0.65098039 0.74117647 0.85882353
v 0.33901101 0.44136783 -55.02318954 0.65098039 0.74117647 0.85882353
v 0.33979142 0.45098445 -55.02866364 0.65098039 0.74117647 0.85882353
v 0.37863502 0.54431510 -54.95468140 0.65098039 0.74117647 0.85882353
v 0.38284907 0.54174531 -54.95339966 0.65098039 0.74117647 0.85882353
v 0.38298222 0.53859103 -54.95842361 0.65098039 0.74117647 0.85882353
v 0.37839168 0.54092383 -54.95978546 0.65098039 0.74117647 0.85882353
v 0.38862142 0.49067584 -54.98557663 0.65098039 0.74117647 0.85882353
v 0.38095853 0.48457894 -54.98755264 0.65098039 0.74117647 0.85882353
v 0.38220018 0.50224769 -54.97325516 0.65098039 0.74117647 0.85882353
v 0.37970781 0.49260053 -54.98034286 0.65098039 0.74117647 0.85882353
v 0.38809755 0.49797699 -54.98088455 0.65098039 0.74117647 0.85882353
v 0.38776445 0.50504863 -54.97628784 0.65098039 0.74117647 0.85882353
v 0.36233455 0.48061875 -54.98332596 0.65098039 0.74117647 0.85882353
v 0.36425650 0.47371760 -54.99103546 0.65098039 0.74117647 0.85882353
v 0.37025994 0.47924164 -54.98921204 0.65098039 0.74117647 0.85882353
v 0.36831552 0.48615775 -54.98124313 0.65098039 0.74117647 0.85882353
v 0.35499769 0.46481720 -54.98926544 0.65098039 0.74117647 0.85882353
v 0.35245389 0.47180679 -54.98231888 0.65098039 0.74117647 0.85882353
v 0.34753713 0.46694764 -54.98099899 0.65098039 0.74117647 0.85882353
v 0.35028455 0.46102944 -54.98726273 0.65098039 0.74117647 0.85882353
v 0.35269567 0.48895612 -54.96978378 0.65098039 0.74117647 0.85882353
v 0.34994262 0.49637678 -54.96443939 0.65098039 0.74117647 0.85882353
v 0.34525788 0.49352875 -54.96478653 0.65098039 0.74117647 0.85882353
v 0.34811652 0.48566529 -54.96945953 0.65098039 0.74117647 0.85882353
v 0.34700492 0.43333480 -55.04497147 0.65098039 0.74117647 0.85882353
v 0.35131520 0.42624190 -55.03962326 0.65098039 0.74117647 0.85882353
v 0.32746327 0.46866336 -54.99935150 0.65098039 0.74117647 0.85882353
v 0.32652014 0.45845416 -54.99679565 0.65098039 0.74117647 0.85882353
v 0.32184625 0.46214196 -54.98759079 0.65098039 0.74117647 0.85882353
v 0.32352310 0.47260180 -54.99058151 0.65098039 0.74117647 0.85882353
v 0.34566683 0.45350435 -55.03862381 0.65098039 0.74117647 0.85882353
v 0.34681386 0.44797501 -55.04446411 0.65098039 0.74117647 0.85882353
v 0.37284523 0.54459560 -54.95420456 0.65098039 0.74117647 0.85882353
v 0.37254393 0.54125714 -54.95942688 0.65098039 0.74117647 0.85882353
v 0.41062579 0.47310391 -55.02992249 0.65098039 0.74117647 0.85882353
v 0.41718987 0.48207191 -55.02133942 0.65098039 0.74117647 0.85882353
v 0.40580669 0.46587566 -55.03714752 0.65098039 0.74117647 0.85882353
v 0.40276548 0.46092883 -55.04242325 0.65098039 0.74117647 0.85882353
v 0.40212047 0.45685151 -55.04867554 0.65098039 0.74117647 0.85882353
v 0.37411526 0.49428055 -54.97614288 0.65098039 0.74117647 0.85882353
v 0.37488955 0.47833374 -54.99119949 0.65098039 0.74117647 0.85882353
v 0.36639982 0.46553072 -54.99753952 0.65098039 0.74117647 0.85882353
v 0.34365034 0.44635502 -54.99129486 0.65098039 0.74117647 0.85882353
v 0.34556633 0.44108263 -54.99691772 0.65098039 0.74117647 0.85882353
v 0.35367075 0.44713667 -54.99581909 0.65098039 0.74117647 0.85882353
v 0.34950203 0.45141861 -54.99121475 0.65098039 0.74117647 0.85882353
v 0.32917660 0.45090035 -54.99129868 0.65098039 0.74117647 0.85882353
v 0.33493000 0.45017156 -54.98675919 0.65098039 0.74117647 0.85882353
v 0.33188772 0.45544586 -54.98003387 0.65098039 0.74117647 0.85882353
v 0.32557589 0.45563188 -54.98320770 0.65098039 0.74117647 0.85882353
v 0.41354752 0.49955359 -55.00415421 0.65098039 0.74117647 0.85882353
v 0.40653169 0.49518445 -55.01266861 0.65098039 0.74117647 0.85882353
v 0.34883863 0.42927524 -55.02316666 0.65098039 0.74117647 0.85882353
v 0.35373506 0.42570409 -55.02913284 0.65098039 0.74117647 0.85882353
v 0.35768074 0.42255512 -55.03551483 0.65098039 0.74117647 0.85882353
v 0.37369069 0.44793949 -55.00896072 0.65098039 0.74117647 0.85882353
v 0.38042864 0.43886748 -55.01655960 0.65098039 0.74117647 0.85882353
v 0.38651806 0.44126275 -55.01560211 0.65098039 0.74117647 0.85882353
v 0.37765095 0.45064190 -55.00844193 0.65098039 0.74117647 0.85882353
v 0.39350188 0.45936313 -55.00165176 0.65098039 0.74117647 0.85882353
v 0.40182158 0.45084444 -55.00862122 0.65098039 0.74117647 0.85882353
v 0.40216479 0.46703556 -54.99783325 0.65098039 0.74117647 0.85882353
v 0.38746515 0.43497029 -55.02656555 0.65098039 0.74117647 0.85882353
v 0.38250971 0.42863122 -55.03391647 0.65098039 0.74117647 0.85882353
v 0.39040199 0.43269590 -55.03557587 0.65098039 0.74117647 0.85882353
v 0.37377053 0.42486849 -55.03289795 0.65098039 0.74117647 0.85882353
v 0.36506057 0.42240950 -55.03326035 0.65098039 0.74117647 0.85882353
v 0.38552898 0.42362967 -55.04236603 0.65098039 0.74117647 0.85882353
v 0.39304358 0.42818519 -55.04432678 0.65098039 0.74117647 0.85882353
v 0.37643832 0.42013738 -55.04162598 0.65098039 0.74117647 0.85882353
v 0.36798176 0.41824970 -55.04193878 0.65098039 0.74117647 0.85882353
v 0.34887779 0.43609062 -55.06131363 0.65098039 0.74117647 0.85882353
v 0.35043216 0.42708722 -55.05453873 0.65098039 0.74117647 0.85882353
v 0.34763664 0.44250497 -55.05147552 0.65098039 0.74117647 0.85882353
v 0.40339017 0.44320551 -55.05096054 0.65098039 0.74117647 0.85882353
v 0.39794487 0.43890271 -55.03818512 0.65098039 0.74117647 0.85882353
v 0.39901260 0.43478826 -55.04672241 0.65098039 0.74117647 0.85882353
v 0.40243489 0.45205203 -55.05696869 0.65098039 0.74117647 0.85882353
v 0.42033970 0.47759929 -54.99827194 0.65098039 0.74117647 0.85882353
v 0.42372641 0.48400274 -54.99510193 0.65098039 0.74117647 0.85882353
v 0.41748643 0.48653689 -54.99179459 0.65098039 0.74117647 0.85882353
v 0.41357052 0.48164311 -54.99492264 0.65098039 0.74117647 0.85882353
v 0.38796699 0.51522684 -54.98458481 0.65098039 0.74117647 0.85882353
v 0.39046830 0.51028943 -54.98002243 0.65098039 0.74117647 0.85882353
v 0.39244223 0.50423157 -54.98405457 0.65098039 0.74117647 0.85882353
v 0.36227879 0.43726078 -55.00680542 0.65098039 0.74117647 0.85882353
v 0.35263062 0.43150237 -55.00979614 0.65098039 0.74117647 0.85882353
v 0.37662971 0.50195563 -54.97085953 0.65098039 0.74117647 0.85882353
v 0.37858891 0.53653920 -54.96563339 0.65098039 0.74117647 0.85882353
v 0.38345581 0.53417313 -54.96394730 0.65098039 0.74117647 0.85882353
v 0.38483220 0.52596927 -54.97312164 0.65098039 0.74117647 0.85882353
v 0.37951791 0.52905130 -54.97513199 0.65098039 0.74117647 0.85882353
v 0.37069878 0.50912452 -54.96632004 0.65098039 0.74117647 0.85882353
v 0.37683058 0.50779581 -54.96732330 0.65098039 0.74117647 0.85882353
v 0.37625730 0.51347876 -54.96183777 0.65098039 0.74117647 0.85882353
v 0.37029734 0.51586521 -54.96183014 0.65098039 0.74117647 0.85882353
v 0.34097904 0.48718622 -54.96508789 0.65098039 0.74117647 0.85882353
v 0.34315902 0.48073539 -54.96892166 0.65098039 0.74117647 0.85882353
v 0.36223722 0.51254296 -54.98608780 0.65098039 0.74117647 0.85882353
v 0.37210378 0.51756310 -54.99032211 0.65098039 0.74117647 0.85882353
v 0.37368566 0.51168466 -55.00001526 0.65098039 0.74117647 0.85882353
v 0.35697335 0.47600082 -54.98323822 0.65098039 0.74117647 0.85882353
v 0.35482395 0.48232427 -54.97614670 0.65098039 0.74117647 0.85882353
v 0.35020965 0.47866395 -54.97544861 0.65098039 0.74117647 0.85882353
v 0.37108988 0.49577644 -54.97376251 0.65098039 0.74117647 0.85882353
v 0.37179855 0.50131285 -54.96998596 0.65098039 0.74117647 0.85882353
v 0.36653697 0.49752918 -54.97094345 0.65098039 0.74117647 0.85882353
v 0.36701006 0.49138781 -54.97566223 0.65098039 0.74117647 0.85882353
v 0.33044672 0.45331296 -55.00683212 0.65098039 0.74117647 0.85882353
v 0.33405679 0.44372156 -54.99939346 0.65098039 0.74117647 0.85882353
v 0.38417622 0.53815508 -54.95117188 0.65098039 0.74117647 0.85882353
v 0.38495117 0.53504634 -54.95590591 0.65098039 0.74117647 0.85882353
v 0.35551673 0.42081907 -55.04803848 0.65098039 0.74117647 0.85882353
v 0.36124149 0.41818467 -55.04369736 0.65098039 0.74117647 0.85882353
v 0.35971692 0.46920088 -54.99079132 0.65098039 0.74117647 0.85882353
v 0.37578562 0.50320280 -55.00988770 0.65098039 0.74117647 0.85882353
v 0.36283940 0.46168461 -54.99719238 0.65098039 0.74117647 0.85882353
v 0.33064657 0.48793420 -54.97989273 0.65098039 0.74117647 0.85882353
v 0.32940155 0.48178783 -54.97510910 0.65098039 0.74117647 0.85882353
v 0.33035797 0.48754534 -54.97005463 0.65098039 0.74117647 0.85882353
v 0.32919484 0.49271908 -54.97409821 0.65098039 0.74117647 0.85882353
v 0.36893582 0.52483976 -54.95483780 0.65098039 0.74117647 0.85882353
v 0.37479782 0.52284634 -54.95396423 0.65098039 0.74117647 0.85882353
v 0.37345666 0.52812755 -54.94906998 0.65098039 0.74117647 0.85882353
v 0.36809334 0.53009796 -54.95013428 0.65098039 0.74117647 0.85882353
v 0.38202024 0.50817239 -54.96960068 0.65098039 0.74117647 0.85882353
v 0.38658375 0.51075208 -54.97241211 0.65098039 0.74117647 0.85882353
v 0.38564935 0.51702738 -54.96662521 0.65098039 0.74117647 0.85882353
v 0.38160953 0.51406991 -54.96360397 0.65098039 0.74117647 0.85882353
v 0.38800725 0.51540625 -54.97597504 0.65098039 0.74117647 0.85882353
v 0.38685411 0.52162898 -54.97011566 0.65098039 0.74117647 0.85882353
v 0.36520258 0.52926397 -54.95789337 0.65098039 0.74117647 0.85882353
v 0.36680064 0.53402233 -54.96242142 0.65098039 0.74117647 0.85882353
v 0.36691526 0.52587497 -54.97103500 0.65098039 0.74117647 0.85882353
v 0.36627892 0.52106071 -54.96518707 0.65098039 0.74117647 0.85882353
v 0.34567434 0.47267446 -55.02334213 0.65098039 0.74117647 0.85882353
v 0.34038964 0.46535638 -55.02222443 0.65098039 0.74117647 0.85882353
v 0.33631012 0.47158059 -55.01112366 0.65098039 0.74117647 0.85882353
v 0.33217639 0.47751525 -54.99992752 0.65098039 0.74117647 0.85882353
v 0.33032918 0.48172495 -54.98799133 0.65098039 0.74117647 0.85882353
v 0.33571744 0.49251029 -54.98977661 0.65098039 0.74117647 0.85882353
v 0.33222210 0.46373954 -55.00998688 0.65098039 0.74117647 0.85882353
v 0.36249828 0.51207495 -54.97237396 0.65098039 0.74117647 0.85882353
v 0.36616442 0.51768970 -54.97694397 0.65098039 0.74117647 0.85882353
v 0.35901073 0.51447642 -54.97673035 0.65098039 0.74117647 0.85882353
v 0.35762846 0.45622817 -54.99554443 0.65098039 0.74117647 0.85882353
v 0.38565239 0.53051698 -54.96119308 0.65098039 0.74117647 0.85882353
v 0.38366675 0.47036949 -55.04897690 0.65098039 0.74117647 0.85882353
v 0.37145656 0.46912405 -55.05005264 0.65098039 0.74117647 0.85882353
v 0.36903554 0.47468862 -55.04185104 0.65098039 0.74117647 0.85882353
v 0.38358974 0.47541335 -55.04177856 0.65098039 0.74117647 0.85882353
v 0.38031846 0.52341008 -54.95515442 0.65098039 0.74117647 0.85882353
v 0.38468018 0.52625859 -54.95765686 0.65098039 0.74117647 0.85882353
v 0.33738101 0.47765663 -54.96836090 0.65098039 0.74117647 0.85882353
v 0.33629787 0.48415604 -54.96535110 0.65098039 0.74117647 0.85882353
v 0.33201635 0.48398873 -54.96589661 0.65098039 0.74117647 0.85882353
v 0.33151937 0.47828248 -54.96819687 0.65098039 0.74117647 0.85882353
v 0.33628860 0.45795032 -55.02046967 0.65098039 0.74117647 0.85882353
v 0.31935310 0.46519849 -54.98036194 0.65098039 0.74117647 0.85882353
v 0.32043177 0.47464839 -54.98441315 0.65098039 0.74117647 0.85882353
v 0.34346405 0.45922503 -55.03175354 0.65098039 0.74117647 0.85882353
v 0.34891868 0.46667710 -55.03341675 0.65098039 0.74117647 0.85882353
v 0.35158014 0.46185592 -55.04134750 0.65098039 0.74117647 0.85882353
v 0.34376538 0.50213587 -54.98559952 0.65098039 0.74117647 0.85882353
v 0.35116091 0.47938100 -55.02345276 0.65098039 0.74117647 0.85882353
v 0.35451972 0.47253940 -55.03363037 0.65098039 0.74117647 0.85882353
v 0.35845590 0.46790877 -55.04252243 0.65098039 0.74117647 0.85882353
v 0.36083317 0.46353617 -55.04970932 0.65098039 0.74117647 0.85882353
v 0.35328007 0.45699516 -55.04796219 0.65098039 0.74117647 0.85882353
v 0.37233174 0.53684473 -54.96528244 0.65098039 0.74117647 0.85882353
v 0.36710906 0.53867424 -54.95682526 0.65098039 0.74117647 0.85882353
v 0.35440943 0.45117816 -55.05590439 0.65098039 0.74117647 0.85882353
v 0.35455364 0.44459847 -55.06565475 0.65098039 0.74117647 0.85882353
v 0.36324066 0.45145586 -55.06661987 0.65098039 0.74117647 0.85882353
v 0.36233795 0.45837644 -55.05737305 0.65098039 0.74117647 0.85882353
v 0.36161989 0.47824767 -55.03328705 0.65098039 0.74117647 0.85882353
v 0.36975667 0.48263773 -55.03271103 0.65098039 0.74117647 0.85882353
v 0.35768467 0.48514387 -55.02301407 0.65098039 0.74117647 0.85882353
v 0.36635318 0.49051777 -55.02199554 0.65098039 0.74117647 0.85882353
v 0.35129321 0.50915110 -54.98903275 0.65098039 0.74117647 0.85882353
v 0.36558139 0.54387629 -54.94186401 0.65098039 0.74117647 0.85882353
v 0.36572772 0.53828275 -54.94829559 0.65098039 0.74117647 0.85882353
v 0.36725917 0.53427446 -54.94552231 0.65098039 0.74117647 0.85882353
v 0.36640507 0.54030037 -54.93937302 0.65098039 0.74117647 0.85882353
v 0.36550617 0.53412175 -54.95302963 0.65098039 0.74117647 0.85882353
v 0.36750847 0.54232776 -54.95180511 0.65098039 0.74117647 0.85882353
v 0.37857938 0.49443629 -55.02028275 0.65098039 0.74117647 0.85882353
v 0.36512822 0.50456083 -54.96714020 0.65098039 0.74117647 0.85882353
v 0.38523120 0.48425397 -55.03106308 0.65098039 0.74117647 0.85882353
v 0.39145166 0.49843690 -55.01516342 0.65098039 0.74117647 0.85882353
v 0.39742586 0.49141482 -55.02239990 0.65098039 0.74117647 0.85882353
v 0.39661324 0.47261372 -55.04119110 0.65098039 0.74117647 0.85882353
v 0.40077144 0.47888979 -55.03351974 0.65098039 0.74117647 0.85882353
v 0.39459240 0.46324173 -55.05363846 0.65098039 0.74117647 0.85882353
v 0.39482874 0.46750674 -55.04716873 0.65098039 0.74117647 0.85882353
v 0.39575031 0.45833561 -55.06230927 0.65098039 0.74117647 0.85882353
v 0.40807337 0.48693970 -55.02407455 0.65098039 0.74117647 0.85882353
v 0.38132101 0.53861272 -54.94156647 0.65098039 0.74117647 0.85882353
v 0.37648457 0.53625536 -54.93925095 0.65098039 0.74117647 0.85882353
v 0.38422015 0.46589199 -55.05619812 0.65098039 0.74117647 0.85882353
v 0.38539210 0.46063611 -55.06538010 0.65098039 0.74117647 0.85882353
v 0.40882385 0.47525802 -54.99573898 0.65098039 0.74117647 0.85882353
v 0.36275816 0.44955823 -55.00155640 0.65098039 0.74117647 0.85882353
v 0.36626965 0.45411810 -55.00282669 0.65098039 0.74117647 0.85882353
v 0.34833047 0.43628004 -55.00263977 0.65098039 0.74117647 0.85882353
v 0.35771659 0.44254801 -55.00037003 0.65098039 0.74117647 0.85882353
v 0.37354672 0.45765933 -55.06694794 0.65098039 0.74117647 0.85882353
v 0.39116615 0.41510704 -55.05314636 0.65098039 0.74117647 0.85882353
v 0.38225406 0.41098967 -55.05251312 0.65098039 0.74117647 0.85882353
v 0.36475775 0.44169536 -55.07774734 0.65098039 0.74117647 0.85882353
v 0.38314199 0.54247081 -54.94408417 0.65098039 0.74117647 0.85882353
v 0.34552658 0.50163388 -54.96552277 0.65098039 0.74117647 0.85882353
v 0.34336820 0.50060010 -54.96673584 0.65098039 0.74117647 0.85882353
v 0.42595553 0.47790143 -55.00482178 0.65098039 0.74117647 0.85882353
v 0.42816848 0.48527107 -54.99993134 0.65098039 0.74117647 0.85882353
v 0.42565477 0.49481937 -55.00648499 0.65098039 0.74117647 0.85882353
v 0.42856380 0.48957691 -55.00378418 0.65098039 0.74117647 0.85882353
v 0.42668635 0.48285237 -55.01057434 0.65098039 0.74117647 0.85882353
v 0.42237499 0.48890415 -55.01421356 0.65098039 0.74117647 0.85882353
v 0.37079418 0.44554356 -55.00846100 0.65098039 0.74117647 0.85882353
v 0.36703229 0.44249657 -55.00733185 0.65098039 0.74117647 0.85882353
v 0.33457136 0.44742063 -55.01580429 0.65098039 0.74117647 0.85882353
v 0.33804727 0.43852451 -55.00865936 0.65098039 0.74117647 0.85882353
v 0.38575947 0.51995659 -54.97967148 0.65098039 0.74117647 0.85882353
v 0.38136703 0.51783264 -54.98849487 0.65098039 0.74117647 0.85882353
v 0.37992662 0.52248263 -54.98223877 0.65098039 0.74117647 0.85882353
v 0.37256390 0.52890325 -54.97488022 0.65098039 0.74117647 0.85882353
v 0.36443469 0.51046193 -54.96860504 0.65098039 0.74117647 0.85882353
v 0.36675555 0.51453352 -54.96911621 0.65098039 0.74117647 0.85882353
v 0.39374340 0.44501010 -55.01258469 0.65098039 0.74117647 0.85882353
v 0.38442978 0.45431021 -55.00590897 0.65098039 0.74117647 0.85882353
v 0.40756071 0.48707834 -54.99389648 0.65098039 0.74117647 0.85882353
v 0.41114581 0.49164185 -54.99312210 0.65098039 0.74117647 0.85882353
v 0.36094356 0.48643717 -54.97663498 0.65098039 0.74117647 0.85882353
v 0.34481290 0.50970137 -54.97631454 0.65098039 0.74117647 0.85882353
v 0.35078901 0.51442909 -54.97999191 0.65098039 0.74117647 0.85882353
v 0.35958290 0.49265966 -54.97101974 0.65098039 0.74117647 0.85882353
v 0.37812203 0.54881001 -54.94723129 0.65098039 0.74117647 0.85882353
v 0.38217774 0.54618764 -54.94592285 0.65098039 0.74117647 0.85882353
v 0.37218851 0.52247429 -54.98236084 0.65098039 0.74117647 0.85882353
v 0.34507740 0.47362533 -54.97446823 0.65098039 0.74117647 0.85882353
v 0.34086949 0.50230837 -54.97645569 0.65098039 0.74117647 0.85882353
v 0.34377298 0.50596833 -54.97063446 0.65098039 0.74117647 0.85882353
v 0.32375854 0.45976582 -54.97804642 0.65098039 0.74117647 0.85882353
v 0.37250853 0.46405783 -55.05764771 0.65098039 0.74117647 0.85882353
v 0.37216252 0.53147137 -54.94438171 0.65098039 0.74117647 0.85882353
v 0.37049928 0.53642166 -54.93815613 0.65098039 0.74117647 0.85882353
v 0.36752778 0.54685271 -54.94485855 0.65098039 0.74117647 0.85882353
v 0.37246123 0.54887760 -54.94712830 0.65098039 0.74117647 0.85882353
v 0.34302729 0.43363336 -55.01628494 0.65098039 0.74117647 0.85882353
v 0.36907056 0.45753571 -55.00331116 0.65098039 0.74117647 0.85882353
v 0.37319359 0.40864697 -55.05301285 0.65098039 0.74117647 0.85882353
v 0.41476828 0.49313489 -55.01546478 0.65098039 0.74117647 0.85882353
v 0.41973031 0.49881974 -55.00681686 0.65098039 0.74117647 0.85882353
v 0.35797837 0.49865320 -54.96599579 0.65098039 0.74117647 0.85882353
v 0.32575542 0.47972766 -54.98110962 0.65098039 0.74117647 0.85882353
v 0.33368844 0.49668178 -54.98218536 0.65098039 0.74117647 0.85882353
v 0.33168817 0.50020182 -54.97667694 0.65098039 0.74117647 0.85882353
v 0.33758381 0.50455654 -54.97397995 0.65098039 0.74117647 0.85882353
v 0.34049004 0.50418150 -54.96895981 0.65098039 0.74117647 0.85882353
v 0.36705148 0.55072188 -54.93955612 0.65098039 0.74117647 0.85882353
v 0.37187389 0.55290210 -54.94157791 0.65098039 0.74117647 0.85882353
v 0.37741593 0.55308926 -54.94145203 0.65098039 0.74117647 0.85882353
v 0.38124138 0.55000138 -54.94038010 0.65098039 0.74117647 0.85882353
v 0.38198042 0.54587543 -54.93910599 0.65098039 0.74117647 0.85882353
v 0.36519396 0.54790425 -54.93691635 0.65098039 0.74117647 0.85882353
v 0.36606956 0.54422450 -54.93479919 0.65098039 0.74117647 0.85882353
v 0.36994186 0.54035711 -54.93393707 0.65098039 0.74117647 0.85882353
v 0.36471713 0.55093789 -54.93237305 0.65098039 0.74117647 0.85882353
v 0.36649016 0.55462003 -54.93406677 0.65098039 0.74117647 0.85882353
v 0.37736249 0.55977654 -54.93015671 0.65098039 0.74117647 0.85882353
v 0.37652296 0.55743623 -54.93551254 0.65098039 0.74117647 0.85882353
v 0.37393796 0.55903602 -54.93294144 0.65098039 0.74117647 0.85882353
v 0.37414998 0.56096101 -54.92982483 0.65098039 0.74117647 0.85882353
v 0.37360054 0.56310368 -54.92609406 0.65098039 0.74117647 0.85882353
v 0.37651172 0.56154656 -54.92564011 0.65098039 0.74117647 0.85882353
v 0.37084156 0.55814266 -54.93361664 0.65098039 0.74117647 0.85882353
v 0.37009740 0.56051624 -54.93004990 0.65098039 0.74117647 0.85882353
v 0.36678508 0.55852592 -54.92907715 0.65098039 0.74117647 0.85882353
v 0.36617035 0.56089020 -54.92539978 0.65098039 0.74117647 0.85882353
v 0.36935195 0.56298912 -54.92621613 0.65098039 0.74117647 0.85882353
v 0.36788791 0.55705631 -54.93235779 0.65098039 0.74117647 0.85882353
v 0.37128842 0.55619776 -54.93685150 0.65098039 0.74117647 0.85882353
v 0.37423724 0.56313014 -54.92200470 0.65098039 0.74117647 0.85882353
v 0.37269175 0.56448650 -54.92341995 0.65098039 0.74117647 0.85882353
v 0.36916286 0.56478906 -54.92260742 0.65098039 0.74117647 0.85882353
v 0.36983714 0.56353998 -54.91998672 0.65098039 0.74117647 0.85882353
v 0.38032305 0.55331862 -54.93563080 0.65098039 0.74117647 0.85882353
v 0.37926778 0.55657411 -54.92974091 0.65098039 0.74117647 0.85882353
v 0.37755361 0.55885124 -54.92456055 0.65098039 0.74117647 0.85882353
v 0.37483665 0.56049228 -54.92070007 0.65098039 0.74117647 0.85882353
v 0.37916070 0.55331683 -54.92808914 0.65098039 0.74117647 0.85882353
v 0.37674311 0.55609703 -54.92327499 0.65098039 0.74117647 0.85882353
v 0.37420928 0.55759466 -54.92019272 0.65098039 0.74117647 0.85882353
v 0.37700793 0.55058837 -54.92598343 0.65098039 0.74117647 0.85882353
v 0.37484926 0.55405068 -54.92193222 0.65098039 0.74117647 0.85882353
v 0.37904799 0.54559708 -54.93259811 0.65098039 0.74117647 0.85882353
v 0.38099921 0.54912221 -54.93457413 0.65098039 0.74117647 0.85882353
v 0.37338638 0.55585992 -54.92015839 0.65098039 0.74117647 0.85882353
v 0.37037334 0.56070673 -54.91887283 0.65098039 0.74117647 0.85882353
v 0.36486256 0.55622423 -54.92862320 0.65098039 0.74117647 0.85882353
v 0.36458495 0.55876660 -54.92423248 0.65098039 0.74117647 0.85882353
v 0.36419135 0.55376661 -54.92728424 0.65098039 0.74117647 0.85882353
v 0.36433685 0.55652106 -54.92282104 0.65098039 0.74117647 0.85882353
v 0.36562347 0.56154561 -54.92080688 0.65098039 0.74117647 0.85882353
v 0.36613631 0.56307089 -54.92260742 0.65098039 0.74117647 0.85882353
v 0.38008606 0.54185438 -54.93706894 0.65098039 0.74117647 0.85882353
v 0.37516201 0.53988421 -54.93501282 0.65098039 0.74117647 0.85882353
v 0.37437430 0.54344404 -54.93055344 0.65098039 0.74117647 0.85882353
v 0.37281311 0.54824603 -54.92423248 0.65098039 0.74117647 0.85882353
v 0.36930317 0.54384005 -54.92998505 0.65098039 0.74117647 0.85882353
v 0.36565751 0.54738128 -54.93055344 0.65098039 0.74117647 0.85882353
v 0.36523336 0.55109644 -54.92587662 0.65098039 0.74117647 0.85882353
v 0.36800066 0.54850173 -54.92457199 0.65098039 0.74117647 0.85882353
v 0.36548948 0.55417025 -54.92172241 0.65098039 0.74117647 0.85882353
v 0.36788923 0.55263972 -54.92092133 0.65098039 0.74117647 0.85882353
v 0.37153822 0.55280912 -54.92086411 0.65098039 0.74117647 0.85882353
v 0.36717093 0.55661130 -54.91918564 0.65098039 0.74117647 0.85882353
v 0.36607477 0.55914462 -54.91960144 0.65098039 0.74117647 0.85882353
v 0.37063235 0.55793548 -54.91884613 0.65098039 0.74117647 0.85882353
v 0.36846811 0.55502558 -54.91949463 0.65098039 0.74117647 0.85882353
v 0.37097362 0.55556571 -54.91954803 0.65098039 0.74117647 0.85882353
v 0.35184655 0.52868176 -54.93830490 0.65098039 0.74117647 0.85882353
v 0.34763837 0.52558696 -54.93660736 0.65098039 0.74117647 0.85882353
v 0.34939346 0.52179599 -54.94287109 0.65098039 0.74117647 0.85882353
v 0.35360488 0.52479756 -54.94435883 0.65098039 0.74117647 0.85882353
v 0.35006249 0.53812468 -54.94641876 0.65098039 0.74117647 0.85882353
v 0.35397688 0.53536654 -54.94323349 0.65098039 0.74117647 0.85882353
v 0.35516620 0.53212965 -54.94935608 0.65098039 0.74117647 0.85882353
v 0.35100451 0.53473461 -54.95247269 0.65098039 0.74117647 0.85882353
v 0.34378779 0.53708601 -54.94740295 0.65098039 0.74117647 0.85882353
v 0.34436315 0.53366101 -54.95344925 0.65098039 0.74117647 0.85882353
v 0.35268554 0.53030455 -54.95913315 0.65098039 0.74117647 0.85882353
v 0.35685503 0.52758253 -54.95581436 0.65098039 0.74117647 0.85882353
v 0.35966569 0.51801372 -54.96556473 0.65098039 0.74117647 0.85882353
v 0.35619467 0.52127576 -54.96924591 0.65098039 0.74117647 0.85882353
v 0.34951693 0.50452077 -54.95859146 0.65098039 0.74117647 0.85882353
v 0.34489250 0.50700009 -54.95988464 0.65098039 0.74117647 0.85882353
v 0.35423774 0.53201151 -54.94028473 0.65098039 0.74117647 0.85882353
v 0.35561472 0.52838111 -54.94639206 0.65098039 0.74117647 0.85882353
v 0.34223086 0.51648819 -54.95021057 0.65098039 0.74117647 0.85882353
v 0.34668237 0.51496279 -54.94857025 0.65098039 0.74117647 0.85882353
v 0.34468526 0.52057576 -54.94246674 0.65098039 0.74117647 0.85882353
v 0.34035519 0.52178109 -54.94380188 0.65098039 0.74117647 0.85882353
v 0.36015776 0.50986886 -54.96091461 0.65098039 0.74117647 0.85882353
v 0.35539508 0.50597858 -54.95937729 0.65098039 0.74117647 0.85882353
v 0.36085564 0.51423979 -54.96286392 0.65098039 0.74117647 0.85882353
v 0.33914846 0.52001274 -54.95334625 0.65098039 0.74117647 0.85882353
v 0.33986229 0.52487493 -54.95727158 0.65098039 0.74117647 0.85882353
v 0.34299660 0.51675940 -54.96818924 0.65098039 0.74117647 0.85882353
v 0.34199408 0.51177120 -54.96355438 0.65098039 0.74117647 0.85882353
v 0.35755432 0.52347815 -54.95281601 0.65098039 0.74117647 0.85882353
v 0.35174286 0.51613963 -54.94910812 0.65098039 0.74117647 0.85882353
v 0.35595453 0.51941860 -54.95051956 0.65098039 0.74117647 0.85882353
v 0.34573418 0.52909303 -54.96008301 0.65098039 0.74117647 0.85882353
v 0.33875877 0.52922118 -54.95046616 0.65098039 0.74117647 0.85882353
v 0.33579224 0.53500366 -54.93378830 0.65098039 0.74117647 0.85882353
v 0.33709180 0.52919281 -54.94111252 0.65098039 0.74117647 0.85882353
v 0.33861715 0.52584362 -54.93800354 0.65098039 0.74117647 0.85882353
v 0.33667833 0.53192294 -54.93050003 0.65098039 0.74117647 0.85882353
v 0.33805937 0.52494645 -54.94667053 0.65098039 0.74117647 0.85882353
v 0.33833128 0.53322685 -54.94479752 0.65098039 0.74117647 0.85882353
v 0.34946090 0.53417706 -54.92946625 0.65098039 0.74117647 0.85882353
v 0.34496677 0.53136408 -54.92804718 0.65098039 0.74117647 0.85882353
v 0.35194376 0.53729248 -54.93157959 0.65098039 0.74117647 0.85882353
v 0.34868494 0.52121580 -54.97122955 0.65098039 0.74117647 0.85882353
v 0.34843791 0.54288256 -54.93785095 0.65098039 0.74117647 0.85882353
v 0.35182744 0.54025543 -54.93445587 0.65098039 0.74117647 0.85882353
v 0.34278345 0.52438700 -54.93626404 0.65098039 0.74117647 0.85882353
v 0.34026802 0.53007472 -54.92829132 0.65098039 0.74117647 0.85882353
v 0.33737302 0.53869140 -54.93714523 0.65098039 0.74117647 0.85882353
v 0.34255689 0.54203606 -54.93938446 0.65098039 0.74117647 0.85882353
v 0.33628565 0.54280424 -54.93055725 0.65098039 0.74117647 0.85882353
v 0.34108606 0.54598844 -54.93231201 0.65098039 0.74117647 0.85882353
v 0.34664953 0.54706383 -54.93106079 0.65098039 0.74117647 0.85882353
v 0.34994256 0.54401648 -54.92839432 0.65098039 0.74117647 0.85882353
v 0.34997201 0.54077923 -54.92628860 0.65098039 0.74117647 0.85882353
v 0.33468163 0.53937078 -54.92790222 0.65098039 0.74117647 0.85882353
v 0.33546346 0.53623784 -54.92548370 0.65098039 0.74117647 0.85882353
v 0.33883625 0.53395939 -54.92374802 0.65098039 0.74117647 0.85882353
v 0.33312666 0.54323602 -54.92210770 0.65098039 0.74117647 0.85882353
v 0.33441556 0.54712009 -54.92381668 0.65098039 0.74117647 0.85882353
v 0.34240726 0.55626082 -54.91370392 0.65098039 0.74117647 0.85882353
v 0.34416437 0.55396354 -54.91879272 0.65098039 0.74117647 0.85882353
v 0.34086514 0.55463803 -54.91889954 0.65098039 0.74117647 0.85882353
v 0.33978271 0.55762351 -54.91487885 0.65098039 0.74117647 0.85882353
v 0.34434438 0.55137825 -54.92449188 0.65098039 0.74117647 0.85882353
v 0.34106278 0.55279386 -54.92215347 0.65098039 0.74117647 0.85882353
v 0.33802986 0.55169487 -54.92255783 0.65098039 0.74117647 0.85882353
v 0.33669448 0.55420995 -54.91920090 0.65098039 0.74117647 0.85882353
v 0.33366293 0.55164623 -54.91827774 0.65098039 0.74117647 0.85882353
v 0.33211499 0.55449450 -54.91449356 0.65098039 0.74117647 0.85882353
v 0.33519953 0.55753028 -54.91529083 0.65098039 0.74117647 0.85882353
v 0.33517694 0.55000806 -54.92163467 0.65098039 0.74117647 0.85882353
v 0.33820617 0.55953217 -54.91173553 0.65098039 0.74117647 0.85882353
v 0.33908153 0.55801296 -54.90991974 0.65098039 0.74117647 0.85882353
v 0.33919013 0.54962778 -54.92638779 0.65098039 0.74117647 0.85882353
v 0.34818220 0.54769230 -54.92343140 0.65098039 0.74117647 0.85882353
v 0.34627885 0.55103898 -54.91757584 0.65098039 0.74117647 0.85882353
v 0.34337288 0.55351067 -54.91217041 0.65098039 0.74117647 0.85882353
v 0.33947372 0.55507028 -54.90833282 0.65098039 0.74117647 0.85882353
v 0.34601498 0.54766333 -54.91555786 0.65098039 0.74117647 0.85882353
v 0.34287792 0.55066597 -54.91053772 0.65098039 0.74117647 0.85882353
v 0.33930606 0.55238223 -54.90773773 0.65098039 0.74117647 0.85882353
v 0.34383637 0.54437542 -54.91367722 0.65098039 0.74117647 0.85882353
v 0.34098509 0.54825687 -54.90925980 0.65098039 0.74117647 0.85882353
v 0.34624651 0.54015279 -54.92041779 0.65098039 0.74117647 0.85882353
v 0.34843737 0.54375064 -54.92192459 0.65098039 0.74117647 0.85882353
v 0.33890098 0.55038214 -54.90774918 0.65098039 0.74117647 0.85882353
v 0.33430809 0.55857134 -54.90845490 0.65098039 0.74117647 0.85882353
v 0.33499050 0.55557191 -54.90704727 0.65098039 0.74117647 0.85882353
v 0.33408362 0.56045079 -54.91124725 0.65098039 0.74117647 0.85882353
v 0.33263922 0.54920626 -54.91754913 0.65098039 0.74117647 0.85882353
v 0.33124501 0.55213928 -54.91326904 0.65098039 0.74117647 0.85882353
v 0.33151573 0.54684138 -54.91664886 0.65098039 0.74117647 0.85882353
v 0.33044988 0.55024850 -54.91199875 0.65098039 0.74117647 0.85882353
v 0.33090919 0.55575657 -54.90988922 0.65098039 0.74117647 0.85882353
v 0.33133107 0.55727363 -54.91160965 0.65098039 0.74117647 0.85882353
v 0.34771347 0.53752518 -54.92466736 0.65098039 0.74117647 0.85882353
v 0.34350875 0.53478992 -54.92359924 0.65098039 0.74117647 0.85882353
v 0.34214950 0.53728902 -54.91916275 0.65098039 0.74117647 0.85882353
v 0.33969545 0.54165912 -54.91249084 0.65098039 0.74117647 0.85882353
v 0.33754569 0.53677213 -54.91965485 0.65098039 0.74117647 0.85882353
v 0.33408451 0.53975201 -54.92060852 0.65098039 0.74117647 0.85882353
v 0.33238250 0.54390979 -54.91508484 0.65098039 0.74117647 0.85882353
v 0.33521926 0.54153430 -54.91341019 0.65098039 0.74117647 0.85882353
v 0.33156639 0.54784679 -54.91069794 0.65098039 0.74117647 0.85882353
v 0.33399278 0.54585648 -54.90940475 0.65098039 0.74117647 0.85882353
v 0.33765277 0.54611146 -54.90869904 0.65098039 0.74117647 0.85882353
v 0.33244562 0.55084312 -54.90773010 0.65098039 0.74117647 0.85882353
v 0.33113682 0.55349660 -54.90841675 0.65098039 0.74117647 0.85882353
v 0.33576339 0.55235100 -54.90676117 0.65098039 0.74117647 0.85882353
v 0.33400124 0.54878414 -54.90760422 0.65098039 0.74117647 0.85882353
v 0.33645356 0.54958415 -54.90726471 0.65098039 0.74117647 0.85882353
v 0.33137351 0.51215744 -54.94177246 0.65098039 0.74117647 0.85882353
v 0.32859248 0.50761151 -54.94034195 0.65098039 0.74117647 0.85882353
v 0.33037454 0.50478899 -54.94565582 0.65098039 0.74117647 0.85882353
v 0.33318037 0.50937212 -54.94678497 0.65098039 0.74117647 0.85882353
v 0.32696807 0.51969862 -54.94849396 0.65098039 0.74117647 0.85882353
v 0.32971591 0.51908839 -54.94647598 0.65098039 0.74117647 0.85882353
v 0.33206958 0.51636064 -54.95175171 0.65098039 0.74117647 0.85882353
v 0.32921422 0.51705408 -54.95469666 0.65098039 0.74117647 0.85882353
v 0.32240915 0.51778257 -54.94938660 0.65098039 0.74117647 0.85882353
v 0.32421571 0.51448905 -54.95589066 0.65098039 0.74117647 0.85882353
v 0.33146101 0.51391613 -54.96043015 0.65098039 0.74117647 0.85882353
v 0.33466947 0.51304352 -54.95673752 0.65098039 0.74117647 0.85882353
v 0.33818331 0.50684619 -54.96419144 0.65098039 0.74117647 0.85882353
v 0.33485055 0.50837731 -54.96841049 0.65098039 0.74117647 0.85882353
v 0.33121729 0.51639819 -54.94395828 0.65098039 0.74117647 0.85882353
v 0.33342838 0.51355755 -54.94897461 0.65098039 0.74117647 0.85882353
v 0.32605207 0.49757686 -54.95217133 0.65098039 0.74117647 0.85882353
v 0.32934445 0.49762884 -54.95083237 0.65098039 0.74117647 0.85882353
v 0.32666749 0.50210285 -54.94567108 0.65098039 0.74117647 0.85882353
v 0.32359880 0.50206602 -54.94692612 0.65098039 0.74117647 0.85882353
v 0.34014606 0.49779961 -54.96020889 0.65098039 0.74117647 0.85882353
v 0.33755100 0.49289635 -54.95973206 0.65098039 0.74117647 0.85882353
v 0.33997363 0.50279450 -54.96150589 0.65098039 0.74117647 0.85882353
v 0.32291847 0.50042033 -54.95520020 0.65098039 0.74117647 0.85882353
v 0.32228750 0.50540030 -54.95954132 0.65098039 0.74117647 0.85882353
v 0.32609797 0.49849775 -54.96768570 0.65098039 0.74117647 0.85882353
v 0.32746279 0.49331024 -54.96372986 0.65098039 0.74117647 0.85882353
v 0.33603579 0.50990009 -54.95359039 0.65098039 0.74117647 0.85882353
v 0.33325976 0.50037563 -54.95048523 0.65098039 0.74117647 0.85882353
v 0.33595592 0.50531101 -54.95152664 0.65098039 0.74117647 0.85882353
v 0.32617015 0.51074004 -54.96191025 0.65098039 0.74117647 0.85882353
v 0.32059765 0.50927198 -54.95375824 0.65098039 0.74117647 0.85882353
v 0.31598336 0.51416922 -54.93634415 0.65098039 0.74117647 0.85882353
v 0.31902099 0.50814199 -54.94448471 0.65098039 0.74117647 0.85882353
v 0.32117307 0.50500560 -54.94149399 0.65098039 0.74117647 0.85882353
v 0.31763381 0.51105464 -54.93361282 0.65098039 0.74117647 0.85882353
v 0.32088286 0.50445664 -54.94977188 0.65098039 0.74117647 0.85882353
v 0.31895047 0.51311779 -54.94769669 0.65098039 0.74117647 0.85882353
v 0.32811534 0.51637375 -54.93368530 0.65098039 0.74117647 0.85882353
v 0.32521611 0.51233685 -54.93241119 0.65098039 0.74117647 0.85882353
v 0.32810307 0.52036655 -54.93577957 0.65098039 0.74117647 0.85882353
v 0.32923234 0.50500572 -54.97018433 0.65098039 0.74117647 0.85882353
v 0.33037615 0.48968437 -54.96060944 0.65098039 0.74117647 0.85882353
v 0.32416075 0.52413058 -54.93961334 0.65098039 0.74117647 0.85882353
v 0.32678527 0.52325320 -54.93790054 0.65098039 0.74117647 0.85882353
v 0.32460415 0.50472212 -54.94025040 0.65098039 0.74117647 0.85882353
v 0.32108855 0.50989199 -54.93228149 0.65098039 0.74117647 0.85882353
v 0.31638724 0.51848865 -54.93916702 0.65098039 0.74117647 0.85882353
v 0.31987768 0.52263355 -54.94082260 0.65098039 0.74117647 0.85882353
v 0.31418818 0.52205145 -54.93345642 0.65098039 0.74117647 0.85882353
v 0.31786186 0.52600944 -54.93478775 0.65098039 0.74117647 0.85882353
v 0.32203484 0.52780032 -54.93362427 0.65098039 0.74117647 0.85882353
v 0.32475358 0.52618992 -54.93193817 0.65098039 0.74117647 0.85882353
v 0.32594353 0.52296960 -54.93032074 0.65098039 0.74117647 0.85882353
v 0.31381881 0.51804602 -54.93064499 0.65098039 0.74117647 0.85882353
v 0.31558889 0.51524937 -54.92860794 0.65098039 0.74117647 0.85882353
v 0.31921428 0.51347578 -54.92778778 0.65098039 0.74117647 0.85882353
v 0.31209946 0.52059257 -54.92641830 0.65098039 0.74117647 0.85882353
v 0.31251633 0.52507973 -54.92816162 0.65098039 0.74117647 0.85882353
v 0.31770939 0.53585291 -54.91810989 0.65098039 0.74117647 0.85882353
v 0.31942660 0.53368556 -54.92233658 0.65098039 0.74117647 0.85882353
v 0.31706536 0.53338528 -54.92257309 0.65098039 0.74117647 0.85882353
v 0.31557405 0.53596985 -54.91904831 0.65098039 0.74117647 0.85882353
v 0.31991082 0.53105390 -54.92797470 0.65098039 0.74117647 0.85882353
v 0.31755292 0.53179836 -54.92588425 0.65098039 0.74117647 0.85882353
v 0.31494582 0.53025913 -54.92688370 0.65098039 0.74117647 0.85882353
v 0.31342053 0.53254247 -54.92348862 0.65098039 0.74117647 0.85882353
v 0.31125456 0.52879250 -54.92306519 0.65098039 0.74117647 0.85882353
v 0.30978507 0.53110754 -54.91949844 0.65098039 0.74117647 0.85882353
v 0.31199962 0.53485107 -54.91975021 0.65098039 0.74117647 0.85882353
v 0.31256962 0.52799928 -54.92631531 0.65098039 0.74117647 0.85882353
v 0.31408763 0.53737235 -54.91664505 0.65098039 0.74117647 0.85882353
v 0.31520253 0.53706574 -54.91504669 0.65098039 0.74117647 0.85882353
v 0.31612915 0.52858269 -54.93001556 0.65098039 0.74117647 0.85882353
v 0.32333285 0.52884507 -54.92699432 0.65098039 0.74117647 0.85882353
v 0.32178974 0.53160584 -54.92155075 0.65098039 0.74117647 0.85882353
v 0.31946659 0.53395212 -54.91672516 0.65098039 0.74117647 0.85882353
v 0.31655329 0.53462327 -54.91375351 0.65098039 0.74117647 0.85882353
v 0.32259065 0.52820253 -54.92037582 0.65098039 0.74117647 0.85882353
v 0.32021487 0.53068519 -54.91572571 0.65098039 0.74117647 0.85882353
v 0.31754214 0.53147852 -54.91320038 0.65098039 0.74117647 0.85882353
v 0.32204932 0.52450979 -54.91941833 0.65098039 0.74117647 0.85882353
v 0.31956792 0.52757180 -54.91510391 0.65098039 0.74117647 0.85882353
v 0.32402235 0.52140117 -54.92492676 0.65098039 0.74117647 0.85882353
v 0.32448941 0.52522981 -54.92585373 0.65098039 0.74117647 0.85882353
v 0.31769997 0.52916372 -54.91344833 0.65098039 0.74117647 0.85882353
v 0.31141055 0.53562057 -54.91418076 0.65098039 0.74117647 0.85882353
v 0.31256539 0.53290451 -54.91262817 0.65098039 0.74117647 0.85882353
v 0.31094128 0.53662765 -54.91658020 0.65098039 0.74117647 0.85882353
v 0.31049281 0.52611470 -54.92278290 0.65098039 0.74117647 0.85882353
v 0.30927652 0.52859080 -54.91871262 0.65098039 0.74117647 0.85882353
v 0.31089091 0.52325296 -54.92158127 0.65098039 0.74117647 0.85882353
v 0.30975717 0.52637529 -54.91735840 0.65098039 0.74117647 0.85882353
v 0.30905908 0.53178751 -54.91575241 0.65098039 0.74117647 0.85882353
v 0.30919236 0.53329611 -54.91706848 0.65098039 0.74117647 0.85882353
v 0.32565588 0.51915705 -54.92902374 0.65098039 0.74117647 0.85882353
v 0.32318217 0.51539707 -54.92821884 0.65098039 0.74117647 0.85882353
v 0.32169741 0.51790631 -54.92429352 0.65098039 0.74117647 0.85882353
v 0.31946951 0.52131140 -54.91857910 0.65098039 0.74117647 0.85882353
v 0.31792635 0.51606512 -54.92409897 0.65098039 0.74117647 0.85882353
v 0.31431776 0.51786566 -54.92475891 0.65098039 0.74117647 0.85882353
v 0.31262928 0.52099371 -54.92013931 0.65098039 0.74117647 0.85882353
v 0.31572765 0.51970541 -54.91896057 0.65098039 0.74117647 0.85882353
v 0.31136787 0.52442968 -54.91614914 0.65098039 0.74117647 0.85882353
v 0.31390989 0.52341723 -54.91500854 0.65098039 0.74117647 0.85882353
v 0.31720835 0.52488780 -54.91454697 0.65098039 0.74117647 0.85882353
v 0.31157082 0.52752531 -54.91353226 0.65098039 0.74117647 0.85882353
v 0.30988747 0.52956033 -54.91437531 0.65098039 0.74117647 0.85882353
v 0.31414473 0.53010166 -54.91238022 0.65098039 0.74117647 0.85882353
v 0.31335384 0.52604342 -54.91340256 0.65098039 0.74117647 0.85882353
v 0.31558985 0.52774036 -54.91296768 0.65098039 0.74117647 0.85882353
v 0.33381146 0.49000636 -54.96004486 0.65098039 0.74117647 0.85882353
v 0.31393951 0.48249856 -54.95217896 0.65098039 0.74117647 0.85882353
v 0.31281942 0.47867092 -54.95186234 0.65098039 0.74117647 0.85882353
v 0.31527811 0.47733960 -54.95575714 0.65098039 0.74117647 0.85882353
v 0.31637591 0.48090729 -54.95612335 0.65098039 0.74117647 0.85882353
v 0.30798906 0.48886290 -54.95767212 0.65098039 0.74117647 0.85882353
v 0.31138980 0.48891649 -54.95544052 0.65098039 0.74117647 0.85882353
v 0.31427389 0.48754069 -54.95977783 0.65098039 0.74117647 0.85882353
v 0.31068724 0.48768482 -54.96250153 0.65098039 0.74117647 0.85882353
v 0.30431634 0.48503187 -54.95882416 0.65098039 0.74117647 0.85882353
v 0.30678982 0.48360828 -54.96374893 0.65098039 0.74117647 0.85882353
v 0.31450719 0.48566052 -54.96731567 0.65098039 0.74117647 0.85882353
v 0.31810826 0.48561546 -54.96417999 0.65098039 0.74117647 0.85882353
v 0.32392669 0.48188576 -54.97099686 0.65098039 0.74117647 0.85882353
v 0.32072937 0.48210713 -54.97519302 0.65098039 0.74117647 0.85882353
v 0.32223749 0.46287486 -54.97378540 0.65098039 0.74117647 0.85882353
v 0.32625127 0.46388623 -54.97203445 0.65098039 0.74117647 0.85882353
v 0.32198685 0.46743390 -54.96668625 0.65098039 0.74117647 0.85882353
v 0.31867725 0.46555808 -54.96855545 0.65098039 0.74117647 0.85882353
v 0.31334823 0.48626140 -54.95342636 0.65098039 0.74117647 0.85882353
v 0.31616944 0.48475614 -54.95744324 0.65098039 0.74117647 0.85882353
v 0.31319845 0.47008076 -54.96138382 0.65098039 0.74117647 0.85882353
v 0.31632262 0.47192761 -54.95965195 0.65098039 0.74117647 0.85882353
v 0.31304693 0.47428557 -54.95611191 0.65098039 0.74117647 0.85882353
v 0.31004792 0.47257420 -54.95740509 0.65098039 0.74117647 0.85882353
v 0.32952553 0.46705082 -54.97034073 0.65098039 0.74117647 0.85882353
v 0.33176553 0.47182462 -54.96902084 0.65098039 0.74117647 0.85882353
v 0.32624441 0.47476009 -54.96625137 0.65098039 0.74117647 0.85882353
v 0.32451999 0.47072628 -54.96574020 0.65098039 0.74117647 0.85882353
v 0.32564658 0.47842363 -54.96762848 0.65098039 0.74117647 0.85882353
v 0.31025797 0.47099712 -54.96414566 0.65098039 0.74117647 0.85882353
v 0.30886865 0.47543898 -54.96705246 0.65098039 0.74117647 0.85882353
v 0.31439632 0.47040072 -54.97531509 0.65098039 0.74117647 0.85882353
v 0.31591135 0.46662006 -54.97148514 0.65098039 0.74117647 0.85882353
v 0.31960076 0.48260608 -54.96139145 0.65098039 0.74117647 0.85882353
v 0.31865543 0.47516027 -54.95928955 0.65098039 0.74117647 0.85882353
v 0.31996012 0.47907469 -54.95981216 0.65098039 0.74117647 0.85882353
v 0.31035203 0.48154983 -54.96895218 0.65098039 0.74117647 0.85882353
v 0.30552095 0.47791478 -54.96222305 0.65098039 0.74117647 0.85882353
v 0.30106157 0.47741625 -54.94981003 0.65098039 0.74117647 0.85882353
v 0.30439997 0.47512469 -54.95568085 0.65098039 0.74117647 0.85882353
v 0.30722469 0.47356936 -54.95354080 0.65098039 0.74117647 0.85882353
v 0.30357653 0.47576949 -54.94811249 0.65098039 0.74117647 0.85882353
v 0.30707771 0.47363845 -54.95971298 0.65098039 0.74117647 0.85882353
v 0.30309922 0.47944573 -54.95770264 0.65098039 0.74117647 0.85882353
v 0.31061274 0.48477235 -54.94657135 0.65098039 0.74117647 0.85882353
v 0.30959457 0.48061922 -54.94646454 0.65098039 0.74117647 0.85882353
v 0.30988312 0.48821321 -54.94779205 0.65098039 0.74117647 0.85882353
v 0.31609613 0.47803071 -54.97787094 0.65098039 0.74117647 0.85882353
v 0.30485880 0.49082008 -54.95146179 0.65098039 0.74117647 0.85882353
v 0.30798775 0.49062541 -54.94936371 0.65098039 0.74117647 0.85882353
v 0.31043583 0.47544530 -54.95228195 0.65098039 0.74117647 0.85882353
v 0.30681789 0.47731045 -54.94699860 0.65098039 0.74117647 0.85882353
v 0.29998499 0.48165259 -54.95161438 0.65098039 0.74117647 0.85882353
v 0.30148047 0.48711881 -54.95264435 0.65098039 0.74117647 0.85882353
v 0.29711419 0.48354110 -54.94676971 0.65098039 0.74117647 0.85882353
v 0.29870552 0.48898372 -54.94789124 0.65098039 0.74117647 0.85882353
v 0.30239314 0.49247947 -54.94671631 0.65098039 0.74117647 0.85882353
v 0.30568331 0.49223492 -54.94513702 0.65098039 0.74117647 0.85882353
v 0.30757165 0.48950383 -54.94401932 0.65098039 0.74117647 0.85882353
v 0.29828614 0.47937444 -54.94503021 0.65098039 0.74117647 0.85882353
v 0.30103296 0.47809312 -54.94388199 0.65098039 0.74117647 0.85882353
v 0.30429071 0.47933254 -54.94342041 0.65098039 0.74117647 0.85882353
v 0.29643691 0.48173198 -54.94120407 0.65098039 0.74117647 0.85882353
v 0.29497987 0.48617366 -54.94232178 0.65098039 0.74117647 0.85882353
v 0.29788446 0.49691305 -54.93344498 0.65098039 0.74117647 0.85882353
v 0.29956144 0.49580917 -54.93710709 0.65098039 0.74117647 0.85882353
v 0.29746729 0.49509397 -54.93750763 0.65098039 0.74117647 0.85882353
v 0.29615992 0.49670056 -54.93455505 0.65098039 0.74117647 0.85882353
v 0.30016345 0.49387178 -54.94203568 0.65098039 0.74117647 0.85882353
v 0.29806948 0.49381629 -54.94062042 0.65098039 0.74117647 0.85882353
v 0.29613894 0.49153849 -54.94160461 0.65098039 0.74117647 0.85882353
v 0.29478377 0.49323913 -54.93867874 0.65098039 0.74117647 0.85882353
v 0.29321575 0.48941275 -54.93829727 0.65098039 0.74117647 0.85882353
v 0.29177922 0.49102893 -54.93483353 0.65098039 0.74117647 0.85882353
v 0.29310566 0.49495026 -54.93560028 0.65098039 0.74117647 0.85882353
v 0.29442549 0.48912248 -54.94092178 0.65098039 0.74117647 0.85882353
v 0.29459172 0.49771205 -54.93259430 0.65098039 0.74117647 0.85882353
v 0.29551750 0.49748698 -54.93093109 0.65098039 0.74117647 0.85882353
v 0.29706341 0.49053565 -54.94404984 0.65098039 0.74117647 0.85882353
v 0.30350173 0.49342462 -54.94124985 0.65098039 0.74117647 0.85882353
v 0.30151314 0.49511865 -54.93646240 0.65098039 0.74117647 0.85882353
v 0.29918653 0.49616835 -54.93214035 0.65098039 0.74117647 0.85882353
v 0.29664081 0.49579075 -54.92950058 0.65098039 0.74117647 0.85882353
v 0.30299443 0.49280205 -54.93614197 0.65098039 0.74117647 0.85882353
v 0.30027574 0.49404612 -54.93167496 0.65098039 0.74117647 0.85882353
v 0.29773831 0.49367043 -54.92930222 0.65098039 0.74117647 0.85882353
v 0.30349869 0.48956075 -54.93594360 0.65098039 0.74117647 0.85882353
v 0.30068523 0.49133113 -54.93168259 0.65098039 0.74117647 0.85882353
v 0.30601054 0.48732767 -54.94026566 0.65098039 0.74117647 0.85882353
v 0.30536926 0.49090782 -54.94065475 0.65098039 0.74117647 0.85882353
v 0.29858464 0.49205032 -54.92971039 0.65098039 0.74117647 0.85882353
v 0.29256707 0.49510309 -54.93020248 0.65098039 0.74117647 0.85882353
v 0.29418576 0.49354896 -54.92886353 0.65098039 0.74117647 0.85882353
v 0.29174203 0.49598268 -54.93270111 0.65098039 0.74117647 0.85882353
v 0.29321879 0.48681161 -54.93772888 0.65098039 0.74117647 0.85882353
v 0.29177612 0.48875180 -54.93358994 0.65098039 0.74117647 0.85882353
v 0.29469603 0.48403940 -54.93701553 0.65098039 0.74117647 0.85882353
v 0.29323953 0.48689762 -54.93244934 0.65098039 0.74117647 0.85882353
v 0.29135668 0.49156204 -54.93107605 0.65098039 0.74117647 0.85882353
v 0.29085553 0.49266788 -54.93272781 0.65098039 0.74117647 0.85882353
v 0.30817956 0.48607352 -54.94325638 0.65098039 0.74117647 0.85882353
v 0.30702251 0.48223749 -54.94313431 0.65098039 0.74117647 0.85882353
v 0.30502862 0.48366883 -54.94009018 0.65098039 0.74117647 0.85882353
v 0.30264342 0.48601064 -54.93577194 0.65098039 0.74117647 0.85882353
v 0.30241215 0.48095903 -54.94007874 0.65098039 0.74117647 0.85882353
v 0.29925072 0.48015186 -54.94041061 0.65098039 0.74117647 0.85882353
v 0.29701579 0.48287103 -54.93595123 0.65098039 0.74117647 0.85882353
v 0.30010742 0.48342183 -54.93547440 0.65098039 0.74117647 0.85882353
v 0.29543549 0.48626724 -54.93173599 0.65098039 0.74117647 0.85882353
v 0.29784185 0.48670062 -54.93135071 0.65098039 0.74117647 0.85882353
v 0.29988950 0.48869196 -54.93153000 0.65098039 0.74117647 0.85882353
v 0.29507548 0.48963800 -54.92942810 0.65098039 0.74117647 0.85882353
v 0.29302984 0.49040058 -54.92979050 0.65098039 0.74117647 0.85882353
v 0.29600412 0.49211851 -54.92877197 0.65098039 0.74117647 0.85882353
v 0.29673558 0.48920575 -54.92962646 0.65098039 0.74117647 0.85882353
v 0.29765600 0.49077430 -54.92940903 0.65098039 0.74117647 0.85882353
v 0.31930786 0.46411005 -54.97556686 0.65098039 0.74117647 0.85882353
v 0.41836980 0.50638664 -54.99657059 0.65098039 0.74117647 0.85882353
v 0.41496474 0.50482810 -54.99305344 0.65098039 0.74117647 0.85882353
v 0.42196345 0.49243560 -54.98653793 0.65098039 0.74117647 0.85882353
v 0.41681740 0.49659577 -54.98665619 0.65098039 0.74117647 0.85882353
v 0.42777079 0.49123779 -54.98954391 0.65098039 0.74117647 0.85882353
v 0.43211001 0.49686399 -54.99652863 0.65098039 0.74117647 0.85882353
v 0.43137968 0.49340919 -54.99308014 0.65098039 0.74117647 0.85882353
v 0.41420227 0.50169790 -54.98929596 0.65098039 0.74117647 0.85882353
v 0.42388421 0.50587416 -54.99931335 0.65098039 0.74117647 0.85882353
v 0.42954260 0.50175881 -54.99927139 0.65098039 0.74117647 0.85882353
v 0.42775071 0.51284838 -54.99302673 0.65098039 0.74117647 0.85882353
v 0.43397775 0.50913811 -54.99281311 0.65098039 0.74117647 0.85882353
v 0.43691421 0.50364029 -54.99004364 0.65098039 0.74117647 0.85882353
v 0.43521148 0.49897584 -54.98704147 0.65098039 0.74117647 0.85882353
v 0.43092984 0.49624249 -54.98451233 0.65098039 0.74117647 0.85882353
v 0.42152667 0.51299119 -54.99111938 0.65098039 0.74117647 0.85882353
v 0.41750282 0.51043522 -54.98814011 0.65098039 0.74117647 0.85882353
v 0.41714555 0.50556862 -54.98472214 0.65098039 0.74117647 0.85882353
v 0.42488378 0.51920998 -54.98558044 0.65098039 0.74117647 0.85882353
v 0.43187636 0.52139902 -54.98527145 0.65098039 0.74117647 0.85882353
v 0.44473380 0.51834881 -54.97467422 0.65098039 0.74117647 0.85882353
v 0.44297349 0.51458538 -54.97811890 0.65098039 0.74117647 0.85882353
v 0.44298327 0.51833820 -54.97970581 0.65098039 0.74117647 0.85882353
v 0.44511646 0.52125740 -54.97736359 0.65098039 0.74117647 0.85882353
v 0.44061309 0.51160300 -54.98288345 0.65098039 0.74117647 0.85882353
v 0.44120866 0.51679063 -54.98188019 0.65098039 0.74117647 0.85882353
v 0.43893823 0.52033198 -54.98312759 0.65098039 0.74117647 0.85882353
v 0.44073868 0.52286375 -54.98168564 0.65098039 0.74117647 0.85882353
v 0.43601730 0.52333057 -54.98337173 0.65098039 0.74117647 0.85882353
v 0.43658417 0.52629292 -54.98194885 0.65098039 0.74117647 0.85882353
v 0.44315970 0.52587807 -54.97959900 0.65098039 0.74117647 0.85882353
v 0.44610536 0.52447534 -54.97534943 0.65098039 0.74117647 0.85882353
v 0.44442767 0.52824819 -54.97654343 0.65098039 0.74117647 0.85882353
v 0.44545078 0.52312779 -54.97246170 0.65098039 0.74117647 0.85882353
v 0.43706757 0.51683331 -54.98569107 0.65098039 0.74117647 0.85882353
v 0.43861192 0.50494194 -54.98147583 0.65098039 0.74117647 0.85882353
v 0.44114840 0.51075888 -54.97636032 0.65098039 0.74117647 0.85882353
v 0.44261226 0.51624644 -54.97198105 0.65098039 0.74117647 0.85882353
v 0.44249153 0.52166724 -54.96961212 0.65098039 0.74117647 0.85882353
v 0.43669617 0.50838947 -54.97403717 0.65098039 0.74117647 0.85882353
v 0.43817514 0.51516008 -54.97011566 0.65098039 0.74117647 0.85882353
v 0.43845323 0.52024376 -54.96887589 0.65098039 0.74117647 0.85882353
v 0.43125784 0.50898337 -54.97282028 0.65098039 0.74117647 0.85882353
v 0.43398774 0.51582253 -54.96982574 0.65098039 0.74117647 0.85882353
v 0.42784089 0.50105357 -54.97845078 0.65098039 0.74117647 0.85882353
v 0.43404856 0.50131667 -54.97960663 0.65098039 0.74117647 0.85882353
v 0.43545294 0.51944053 -54.96901703 0.65098039 0.74117647 0.85882353
v 0.44331989 0.52852154 -54.97245407 0.65098039 0.74117647 0.85882353
v 0.43975276 0.52651334 -54.96998215 0.65098039 0.74117647 0.85882353
v 0.43240219 0.52635837 -54.98118973 0.65098039 0.74117647 0.85882353
v 0.43850240 0.52896500 -54.97975159 0.65098039 0.74117647 0.85882353
v 0.43467045 0.52941298 -54.97783661 0.65098039 0.74117647 0.85882353
v 0.42781574 0.52469373 -54.98003387 0.65098039 0.74117647 0.85882353
v 0.43133712 0.52787030 -54.97554779 0.65098039 0.74117647 0.85882353
v 0.43832040 0.53082550 -54.97498703 0.65098039 0.74117647 0.85882353
v 0.44087493 0.53062868 -54.97764206 0.65098039 0.74117647 0.85882353
v 0.42528978 0.49640396 -54.98265839 0.65098039 0.74117647 0.85882353
v 0.42022750 0.50017679 -54.98264694 0.65098039 0.74117647 0.85882353
v 0.42232701 0.50475836 -54.97869110 0.65098039 0.74117647 0.85882353
v 0.42624396 0.51210248 -54.97354126 0.65098039 0.74117647 0.85882353
v 0.41952267 0.51053596 -54.98083115 0.65098039 0.74117647 0.85882353
v 0.42034513 0.51609457 -54.98363113 0.65098039 0.74117647 0.85882353
v 0.42441088 0.52176607 -54.97766495 0.65098039 0.74117647 0.85882353
v 0.42368799 0.51711059 -54.97510529 0.65098039 0.74117647 0.85882353
v 0.42908031 0.52516687 -54.97338867 0.65098039 0.74117647 0.85882353
v 0.42874286 0.52153325 -54.97171021 0.65098039 0.74117647 0.85882353
v 0.43073806 0.51819801 -54.97051620 0.65098039 0.74117647 0.85882353
v 0.43321705 0.52578509 -54.97089386 0.65098039 0.74117647 0.85882353
v 0.43545681 0.52880144 -54.97232056 0.65098039 0.74117647 0.85882353
v 0.43648076 0.52396894 -54.96925735 0.65098039 0.74117647 0.85882353
v 0.43196422 0.52325058 -54.97040558 0.65098039 0.74117647 0.85882353
v 0.43384105 0.52149880 -54.96946335 0.65098039 0.74117647 0.85882353
v 0.32922477 0.45978615 -54.97540665 0.65098039 0.74117647 0.85882353
v 0.33392739 0.46337983 -54.97367477 0.65098039 0.74117647 0.85882353
v 0.33698648 0.45852986 -54.97891998 0.65098039 0.74117647 0.85882353
v 0.34032196 0.45241144 -54.98508835 0.65098039 0.74117647 0.85882353
v 0.33766687 0.44543239 -54.99195099 0.65098039 0.74117647 0.85882353
v 0.34554040 0.45680550 -54.98559570 0.65098039 0.74117647 0.85882353
v 0.34186846 0.46278062 -54.97927856 0.65098039 0.74117647 0.85882353
v 0.33820051 0.46959630 -54.97256851 0.65098039 0.74117647 0.85882353
v 0.35257727 0.45611164 -54.99135590 0.65098039 0.74117647 0.85882353
v 0.76539725 0.59790432 -55.37109756 0.65098039 0.74117647 0.85882353
v 0.76766455 0.59941030 -55.36846161 0.65098039 0.74117647 0.85882353
v 0.76580679 0.59172750 -55.36920547 0.65098039 0.74117647 0.85882353
v 0.76416028 0.59146178 -55.37166595 0.65098039 0.74117647 0.85882353
v 0.77149165 0.59267890 -55.36452103 0.65098039 0.74117647 0.85882353
v 0.76795757 0.59203529 -55.36654282 0.65098039 0.74117647 0.85882353
v 0.77166855 0.60047114 -55.36590576 0.65098039 0.74117647 0.85882353
v 0.77669179 0.60015488 -55.36412430 0.65098039 0.74117647 0.85882353
v 0.78426945 0.59563196 -55.36274719 0.65098039 0.74117647 0.85882353
v 0.78574473 0.59429121 -55.36151505 0.65098039 0.74117647 0.85882353
v 0.78477490 0.59358990 -55.36111832 0.65098039 0.74117647 0.85882353
v 0.78273433 0.59357381 -55.36182022 0.65098039 0.74117647 0.85882353
v 0.77903068 0.59339333 -55.36207199 0.65098039 0.74117647 0.85882353
v 0.76283813 0.59314966 -55.37602615 0.65098039 0.74117647 0.85882353
v 0.76320654 0.59476137 -55.37532806 0.65098039 0.74117647 0.85882353
v 0.76430547 0.59638011 -55.37334061 0.65098039 0.74117647 0.85882353
v 0.77528119 0.59309220 -55.36281967 0.65098039 0.74117647 0.85882353
v 0.76322341 0.59157681 -55.37408447 0.65098039 0.74117647 0.85882353
v 0.76284611 0.59206724 -55.37564087 0.65098039 0.74117647 0.85882353
v 0.78120464 0.59840643 -55.36335373 0.65098039 0.74117647 0.85882353
v 0.77140737 0.59489906 -55.36505508 0.65098039 0.74117647 0.85882353
v 0.76812702 0.59432483 -55.36722946 0.65098039 0.74117647 0.85882353
v 0.77141750 0.59769535 -55.36552048 0.65098039 0.74117647 0.85882353
v 0.77574110 0.59776819 -55.36373901 0.65098039 0.74117647 0.85882353
v 0.78110635 0.59485400 -55.36241913 0.65098039 0.74117647 0.85882353
v 0.77873909 0.59510458 -55.36256027 0.65098039 0.74117647 0.85882353
v 0.76583076 0.59363890 -55.36964417 0.65098039 0.74117647 0.85882353
v 0.77521092 0.59524882 -55.36339569 0.65098039 0.74117647 0.85882353
v 0.76789910 0.59681249 -55.36795807 0.65098039 0.74117647 0.85882353
v 0.77954584 0.59696329 -55.36286545 0.65098039 0.74117647 0.85882353
v 0.78179377 0.59579766 -55.36271286 0.65098039 0.74117647 0.85882353
v 0.76337546 0.59313190 -55.37519455 0.65098039 0.74117647 0.85882353
v 0.76330233 0.59267962 -55.37497711 0.65098039 0.74117647 0.85882353
v 0.82377213 0.33673015 -55.33430099 0.65098039 0.74117647 0.85882353
v 0.82434946 0.32117888 -55.32522583 0.65098039 0.74117647 0.85882353
v 0.76590931 0.59563601 -55.37041473 0.65098039 0.74117647 0.85882353
v 0.76372129 0.59282410 -55.37380219 0.65098039 0.74117647 0.85882353
v 0.76459438 0.59311450 -55.37198639 0.65098039 0.74117647 0.85882353
v 0.76462734 0.59468937 -55.37265778 0.65098039 0.74117647 0.85882353
v 0.76384199 0.59382892 -55.37429428 0.65098039 0.74117647 0.85882353
v 0.59671646 0.32463494 -55.29773331 0.65098039 0.74117647 0.85882353
v 0.59074831 0.33935151 -55.30162048 0.65098039 0.74117647 0.85882353
v 0.55480623 0.35002241 -55.33776093 0.65098039 0.74117647 0.85882353
v 0.54717183 0.33838764 -55.35464096 0.65098039 0.74117647 0.85882353
v 0.77995586 0.02299109 -55.31045532 0.65098039 0.74117647 0.85882353
v 0.72764653 0.11253238 -55.48817825 0.65098039 0.74117647 0.85882353
v 0.72343272 0.13079587 -55.48691940 0.65098039 0.74117647 0.85882353
v 0.80017537 0.13190746 -55.51284409 0.65098039 0.74117647 0.85882353
v 0.78009498 0.12884697 -55.51243973 0.65098039 0.74117647 0.85882353
v 0.70224440 0.07410485 -55.38531494 0.65098039 0.74117647 0.85882353
v 0.70316720 0.09175003 -55.38023376 0.65098039 0.74117647 0.85882353
v 0.74532169 0.05134171 -55.33494568 0.65098039 0.74117647 0.85882353
v 0.74661016 0.07251924 -55.33047104 0.65098039 0.74117647 0.85882353
v 0.70971853 0.04747406 -55.36997604 0.65098039 0.74117647 0.85882353
v 0.75891399 0.08422047 -55.51233673 0.65098039 0.74117647 0.85882353
v 0.74049515 0.08112532 -55.50429535 0.65098039 0.74117647 0.85882353
v 0.74364257 0.10083514 -55.50095367 0.65098039 0.74117647 0.85882353
v 0.76121920 0.10510620 -55.50981903 0.65098039 0.74117647 0.85882353
v 0.81960815 0.13297516 -55.50780487 0.65098039 0.74117647 0.85882353
v 0.82010508 0.11110362 -55.50842285 0.65098039 0.74117647 0.85882353
v 0.69383055 0.11661792 -55.39682388 0.65098039 0.74117647 0.85882353
v 0.69138587 0.12330785 -55.42132187 0.65098039 0.74117647 0.85882353
v 0.70503056 0.13782197 -55.46538925 0.65098039 0.74117647 0.85882353
v 0.71838099 0.14646590 -55.48235321 0.65098039 0.74117647 0.85882353
v 0.73439205 0.15549889 -55.49433517 0.65098039 0.74117647 0.85882353
v 0.75311238 0.16380951 -55.50248337 0.65098039 0.74117647 0.85882353
v 0.76454586 0.09148014 -55.31222916 0.65098039 0.74117647 0.85882353
v 0.78386247 0.11188474 -55.29941940 0.65098039 0.74117647 0.85882353
v 0.70315522 0.11027879 -55.37379837 0.65098039 0.74117647 0.85882353
v 0.82521957 0.08490989 -55.28832245 0.65098039 0.74117647 0.85882353
v 0.76602376 0.18974081 -55.50788879 0.65098039 0.74117647 0.85882353
v 0.78987175 0.19464156 -55.51195526 0.65098039 0.74117647 0.85882353
v 0.69546384 0.13022184 -55.44446182 0.65098039 0.74117647 0.85882353
v 0.81384850 0.27729431 -55.30027771 0.65098039 0.74117647 0.85882353
v 0.79739773 0.27908519 -55.30113220 0.65098039 0.74117647 0.85882353
v 0.79947931 0.26201192 -55.29139328 0.65098039 0.74117647 0.85882353
v 0.81569761 0.25891885 -55.29166031 0.65098039 0.74117647 0.85882353
v 0.78404242 0.26382306 -55.29186630 0.65098039 0.74117647 0.85882353
v 0.76916951 0.26459619 -55.29362106 0.65098039 0.74117647 0.85882353
v 0.75521719 0.26490632 -55.29658508 0.65098039 0.74117647 0.85882353
v 0.72203594 0.26154473 -55.31005478 0.65098039 0.74117647 0.85882353
v 0.73145384 0.26319835 -55.30498505 0.65098039 0.74117647 0.85882353
v 0.70679677 0.25474206 -55.32243729 0.65098039 0.74117647 0.85882353
v 0.71394789 0.25915590 -55.31577301 0.65098039 0.74117647 0.85882353
v 0.70046067 0.24501827 -55.33116150 0.65098039 0.74117647 0.85882353
v 0.69550633 0.23358741 -55.34261322 0.65098039 0.74117647 0.85882353
v 0.68784922 0.23826823 -55.36168671 0.65098039 0.74117647 0.85882353
v 0.69014513 0.22204170 -55.35585022 0.65098039 0.74117647 0.85882353
v 0.69820046 0.21740237 -55.33578873 0.65098039 0.74117647 0.85882353
v 0.70345485 0.22935572 -55.32432938 0.65098039 0.74117647 0.85882353
v 0.70972866 0.23878583 -55.31532288 0.65098039 0.74117647 0.85882353
v 0.83235347 0.18440273 -55.28298569 0.65098039 0.74117647 0.85882353
v 0.83393544 0.21114174 -55.28215408 0.65098039 0.74117647 0.85882353
v 0.82367039 0.35192439 -55.34215927 0.65098039 0.74117647 0.85882353
v 0.40549976 0.30428496 -55.18101501 0.65098039 0.74117647 0.85882353
v 0.41105449 0.42508402 -55.10254669 0.65098039 0.74117647 0.85882353
v 0.80515665 0.35929206 -55.49704361 0.65098039 0.74117647 0.85882353
v 0.78599769 0.36342815 -55.49598312 0.65098039 0.74117647 0.85882353
v 0.72868216 0.37727270 -55.47995758 0.65098039 0.74117647 0.85882353
v 0.71721900 0.38709041 -55.46423340 0.65098039 0.74117647 0.85882353
v 0.74652016 0.36730602 -55.49250031 0.65098039 0.74117647 0.85882353
v 0.76572806 0.35947499 -55.49797058 0.65098039 0.74117647 0.85882353
v 0.71830899 0.12367696 -55.34910583 0.65098039 0.74117647 0.85882353
v 0.78326803 0.33142427 -55.50547409 0.65098039 0.74117647 0.85882353
v 0.76349556 0.34926978 -55.50225067 0.65098039 0.74117647 0.85882353
v 0.74230206 0.35672858 -55.49764252 0.65098039 0.74117647 0.85882353
v 0.72179842 0.36600164 -55.48620224 0.65098039 0.74117647 0.85882353
v 0.70477486 0.37746999 -55.46746826 0.65098039 0.74117647 0.85882353
v 0.69133687 0.37654975 -55.45798874 0.65098039 0.74117647 0.85882353
v 0.66857940 0.36093017 -55.45671844 0.65098039 0.74117647 0.85882353
v 0.65938497 0.36160198 -55.44945145 0.65098039 0.74117647 0.85882353
v 0.64879853 0.36257806 -55.44226074 0.65098039 0.74117647 0.85882353
v 0.65117973 0.37824395 -55.43093491 0.65098039 0.74117647 0.85882353
v 0.66246080 0.37704477 -55.43802261 0.65098039 0.74117647 0.85882353
v 0.57006931 0.34316060 -55.38322830 0.65098039 0.74117647 0.85882353
v 0.55836987 0.33262900 -55.37439346 0.65098039 0.74117647 0.85882353
v 0.55085343 0.31970182 -55.37106323 0.65098039 0.74117647 0.85882353
v 0.54799587 0.30622938 -55.36975479 0.65098039 0.74117647 0.85882353
v 0.55130631 0.29324999 -55.37075806 0.65098039 0.74117647 0.85882353
v 0.56065214 0.28198043 -55.37347412 0.65098039 0.74117647 0.85882353
v 0.57441831 0.27558705 -55.38000107 0.65098039 0.74117647 0.85882353
v 0.61627477 0.27038327 -55.40291977 0.65098039 0.74117647 0.85882353
v 0.62933409 0.26830497 -55.41206360 0.65098039 0.74117647 0.85882353
v 0.65326202 0.25100842 -55.43530655 0.65098039 0.74117647 0.85882353
v 0.65823066 0.24397984 -55.44288635 0.65098039 0.74117647 0.85882353
v 0.67494047 0.21749625 -55.46232986 0.65098039 0.74117647 0.85882353
v 0.68763530 0.20561144 -55.47016144 0.65098039 0.74117647 0.85882353
v 0.70194370 0.19475409 -55.47777557 0.65098039 0.74117647 0.85882353
v 0.73811167 -0.01871517 -55.53760910 0.65098039 0.74117647 0.85882353
v 0.71853673 -0.01729199 -55.52734375 0.65098039 0.74117647 0.85882353
v 0.72388572 0.00034052 -55.52046585 0.65098039 0.74117647 0.85882353
v 0.74341863 -0.00098050 -55.53046417 0.65098039 0.74117647 0.85882353
v 0.79225236 0.03900474 -55.52502823 0.65098039 0.74117647 0.85882353
v 0.81395209 0.03837988 -55.52371216 0.65098039 0.74117647 0.85882353
v 0.67854500 -0.00554606 -55.46793747 0.65098039 0.74117647 0.85882353
v 0.67324889 -0.01194727 -55.44391632 0.65098039 0.74117647 0.85882353
v 0.70577145 0.00065342 -55.50671387 0.65098039 0.74117647 0.85882353
v 0.69004482 -0.00131437 -55.48935699 0.65098039 0.74117647 0.85882353
v 0.67552978 -0.02044106 -55.41983795 0.65098039 0.74117647 0.85882353
v 0.73362195 -0.05940184 -55.34867096 0.65098039 0.74117647 0.85882353
v 0.75363719 -0.06678025 -55.33510590 0.65098039 0.74117647 0.85882353
v 0.79456276 -0.07670040 -55.31667328 0.65098039 0.74117647 0.85882353
v 0.81456316 -0.07890043 -55.31245804 0.65098039 0.74117647 0.85882353
v 0.68428791 -0.03076199 -55.39875031 0.65098039 0.74117647 0.85882353
v 0.77400339 -0.07258387 -55.32422638 0.65098039 0.74117647 0.85882353
v 0.69722700 -0.04142514 -55.38003922 0.65098039 0.74117647 0.85882353
v 0.71413499 -0.05118507 -55.36344528 0.65098039 0.74117647 0.85882353
v 0.77129686 0.03991029 -55.52379608 0.65098039 0.74117647 0.85882353
v 0.76720107 0.01764855 -55.53050613 0.65098039 0.74117647 0.85882353
v 0.74757612 0.01856709 -55.52530289 0.65098039 0.74117647 0.85882353
v 0.78526640 0.24764177 -55.51703644 0.65098039 0.74117647 0.85882353
v 0.76380837 0.24995610 -55.51541519 0.65098039 0.74117647 0.85882353
v 0.74132746 0.25428346 -55.51160431 0.65098039 0.74117647 0.85882353
v 0.72252119 0.27258542 -55.50988770 0.65098039 0.74117647 0.85882353
v 0.72087765 0.25822887 -55.50720596 0.65098039 0.74117647 0.85882353
v 0.70164472 0.26385286 -55.49792862 0.65098039 0.74117647 0.85882353
v 0.70418715 0.27771911 -55.50056076 0.65098039 0.74117647 0.85882353
v 0.67593670 0.28676012 -55.47479630 0.65098039 0.74117647 0.85882353
v 0.67488730 0.27617159 -55.47183228 0.65098039 0.74117647 0.85882353
v 0.66565478 0.28071687 -55.46401215 0.65098039 0.74117647 0.85882353
v 0.66593444 0.29119137 -55.46773529 0.65098039 0.74117647 0.85882353
v 0.65631533 0.28390947 -55.45790863 0.65098039 0.74117647 0.85882353
v 0.64581382 0.28517535 -55.44980621 0.65098039 0.74117647 0.85882353
v 0.63558865 0.28717318 -55.43946838 0.65098039 0.74117647 0.85882353
v 0.62290740 0.28919509 -55.42943954 0.65098039 0.74117647 0.85882353
v 0.62102973 0.31081238 -55.43763351 0.65098039 0.74117647 0.85882353
v 0.63339400 0.30890968 -55.44670486 0.65098039 0.74117647 0.85882353
v 0.67600203 0.29976276 -55.47663879 0.65098039 0.74117647 0.85882353
v 0.69040155 0.29632309 -55.48842239 0.65098039 0.74117647 0.85882353
v 0.78567255 0.27695265 -55.51390839 0.65098039 0.74117647 0.85882353
v 0.80607468 0.27376518 -55.51166916 0.65098039 0.74117647 0.85882353
v 0.68328309 0.21643963 -55.37113953 0.65098039 0.74117647 0.85882353
v 0.67544532 0.21117738 -55.38632965 0.65098039 0.74117647 0.85882353
v 0.66900647 0.20893744 -55.40176010 0.65098039 0.74117647 0.85882353
v 0.66515023 0.20958152 -55.41664505 0.65098039 0.74117647 0.85882353
v 0.66328156 0.21303853 -55.43133926 0.65098039 0.74117647 0.85882353
v 0.66467822 0.21903768 -55.44465256 0.65098039 0.74117647 0.85882353
v 0.66275215 0.23577991 -55.44957733 0.65098039 0.74117647 0.85882353
v 0.66764212 0.22704622 -55.45581818 0.65098039 0.74117647 0.85882353
v 0.66573596 0.24483845 -55.45738602 0.65098039 0.74117647 0.85882353
v 0.67154998 0.23665479 -55.46531296 0.65098039 0.74117647 0.85882353
v 0.67634743 0.24759129 -55.47324753 0.65098039 0.74117647 0.85882353
v 0.68196356 0.25864366 -55.48010635 0.65098039 0.74117647 0.85882353
v 0.68648154 0.27068523 -55.48488235 0.65098039 0.74117647 0.85882353
v 0.68909723 0.28283253 -55.48793030 0.65098039 0.74117647 0.85882353
v 0.70526737 0.29304764 -55.50079727 0.65098039 0.74117647 0.85882353
v 0.72209245 0.28801516 -55.50925827 0.65098039 0.74117647 0.85882353
v 0.74122530 0.29989520 -55.51229095 0.65098039 0.74117647 0.85882353
v 0.74045742 0.31507292 -55.51057053 0.65098039 0.74117647 0.85882353
v 0.74179238 0.28395298 -55.51240158 0.65098039 0.74117647 0.85882353
v 0.74333251 0.26895258 -55.51301575 0.65098039 0.74117647 0.85882353
v 0.75017726 0.40056404 -55.46799850 0.65098039 0.74117647 0.85882353
v 0.76625645 0.39361253 -55.47888565 0.65098039 0.74117647 0.85882353
v 0.57925057 0.28773645 -55.39120483 0.65098039 0.74117647 0.85882353
v 0.58297777 0.28268221 -55.39140701 0.65098039 0.74117647 0.85882353
v 0.57913166 0.28012732 -55.38691711 0.65098039 0.74117647 0.85882353
v 0.57064670 0.28617308 -55.38359070 0.65098039 0.74117647 0.85882353
v 0.56417668 0.29497716 -55.38231277 0.65098039 0.74117647 0.85882353
v 0.57350171 0.30489889 -55.39323044 0.65098039 0.74117647 0.85882353
v 0.57490844 0.29561689 -55.39117050 0.65098039 0.74117647 0.85882353
v 0.56162906 0.30584905 -55.38248444 0.65098039 0.74117647 0.85882353
v 0.56322002 0.31702974 -55.38460541 0.65098039 0.74117647 0.85882353
v 0.57400692 0.31507096 -55.39556122 0.65098039 0.74117647 0.85882353
v 0.56775707 0.32765421 -55.38813400 0.65098039 0.74117647 0.85882353
v 0.57633817 0.32427201 -55.39809799 0.65098039 0.74117647 0.85882353
v 0.57531476 0.33606669 -55.39395523 0.65098039 0.74117647 0.85882353
v 0.57935148 0.33107379 -55.40027618 0.65098039 0.74117647 0.85882353
v 0.60806632 0.33385113 -55.42808914 0.65098039 0.74117647 0.85882353
v 0.59689105 0.33334151 -55.41861725 0.65098039 0.74117647 0.85882353
v 0.58664685 0.33217683 -55.40829849 0.65098039 0.74117647 0.85882353
v 0.60976005 0.29083160 -55.41915894 0.65098039 0.74117647 0.85882353
v 0.59729987 0.29342392 -55.40967941 0.65098039 0.74117647 0.85882353
v 0.58564252 0.29509130 -55.40053177 0.65098039 0.74117647 0.85882353
v 0.58455980 0.30414990 -55.40362549 0.65098039 0.74117647 0.85882353
v 0.59600919 0.30246773 -55.41310501 0.65098039 0.74117647 0.85882353
v 0.60814428 0.30019328 -55.42335892 0.65098039 0.74117647 0.85882353
v 0.78653127 0.26245520 -55.51655579 0.65098039 0.74117647 0.85882353
v 0.76513898 0.26628473 -55.51598358 0.65098039 0.74117647 0.85882353
v 0.65533805 0.29388037 -55.46051788 0.65098039 0.74117647 0.85882353
v 0.64551663 0.29559079 -55.45346451 0.65098039 0.74117647 0.85882353
v 0.63475668 0.29714796 -55.44443512 0.65098039 0.74117647 0.85882353
v 0.62160438 0.29926392 -55.43419266 0.65098039 0.74117647 0.85882353
v 0.64391059 0.30704561 -55.45487976 0.65098039 0.74117647 0.85882353
v 0.65422738 0.30552641 -55.46205902 0.65098039 0.74117647 0.85882353
v 0.66521388 0.30307505 -55.46924973 0.65098039 0.74117647 0.85882353
v 0.76350170 0.28061602 -55.51449585 0.65098039 0.74117647 0.85882353
v 0.80634528 0.25946954 -55.51511765 0.65098039 0.74117647 0.85882353
v 0.67477143 0.36946526 -55.35039520 0.65098039 0.74117647 0.85882353
v 0.66955799 0.38789794 -55.36597443 0.65098039 0.74117647 0.85882353
v 0.66082466 0.39554921 -55.38843155 0.65098039 0.74117647 0.85882353
v 0.65441555 0.39147612 -55.41188431 0.65098039 0.74117647 0.85882353
v 0.47676912 0.26403823 -55.23100662 0.65098039 0.74117647 0.85882353
v 0.81901038 0.08903858 -55.51132584 0.65098039 0.74117647 0.85882353
v 0.81681144 0.06414238 -55.51562119 0.65098039 0.74117647 0.85882353
v 0.79610741 0.06382066 -55.51931381 0.65098039 0.74117647 0.85882353
v 0.81156480 0.19421521 -55.51174164 0.65098039 0.74117647 0.85882353
v 0.80605471 0.24566266 -55.51740265 0.65098039 0.74117647 0.85882353
v 0.74725163 0.23109254 -55.28248978 0.65098039 0.74117647 0.85882353
v 0.75926536 0.23203126 -55.27885818 0.65098039 0.74117647 0.85882353
v 0.75757313 0.24870399 -55.28650665 0.65098039 0.74117647 0.85882353
v 0.74515307 0.24796918 -55.29029083 0.65098039 0.74117647 0.85882353
v 0.72724557 0.22934684 -55.29360580 0.65098039 0.74117647 0.85882353
v 0.73635423 0.23029867 -55.28739166 0.65098039 0.74117647 0.85882353
v 0.73415542 0.24689177 -55.29524231 0.65098039 0.74117647 0.85882353
v 0.72471476 0.24534324 -55.30114365 0.65098039 0.74117647 0.85882353
v 0.71930575 0.22707024 -55.30062103 0.65098039 0.74117647 0.85882353
v 0.71670562 0.24319234 -55.30768967 0.65098039 0.74117647 0.85882353
v 0.73830265 0.21256253 -55.28258514 0.65098039 0.74117647 0.85882353
v 0.74839622 0.21327063 -55.27727890 0.65098039 0.74117647 0.85882353
v 0.76025361 0.21467397 -55.27394867 0.65098039 0.74117647 0.85882353
v 0.72222883 0.21166375 -55.29598999 0.65098039 0.74117647 0.85882353
v 0.72957408 0.21223977 -55.28940582 0.65098039 0.74117647 0.85882353
v 0.79590446 0.48055258 -55.33112335 0.65098039 0.74117647 0.85882353
v 0.78947598 0.48908070 -55.31816101 0.65098039 0.74117647 0.85882353
v 0.79023778 0.53446507 -55.31375885 0.65098039 0.74117647 0.85882353
v 0.79134518 0.53832877 -55.31667328 0.65098039 0.74117647 0.85882353
v 0.82370657 0.37478432 -55.35651398 0.65098039 0.74117647 0.85882353
v 0.82296360 0.38635638 -55.35988998 0.65098039 0.74117647 0.85882353
v 0.83317107 0.23475316 -55.28617096 0.65098039 0.74117647 0.85882353
v 0.83016270 0.27435568 -55.29997635 0.65098039 0.74117647 0.85882353
v 0.82692719 0.28826359 -55.30936813 0.65098039 0.74117647 0.85882353
v 0.82524347 0.30393240 -55.31749344 0.65098039 0.74117647 0.85882353
v 0.82318574 0.36461821 -55.34963608 0.65098039 0.74117647 0.85882353
v 0.83149350 0.25500503 -55.29240036 0.65098039 0.74117647 0.85882353
v 0.67134202 -0.20683497 -55.51219559 0.65098039 0.74117647 0.85882353
v 0.69052070 -0.22115463 -55.53234100 0.65098039 0.74117647 0.85882353
v 0.68169272 -0.18995407 -55.53195572 0.65098039 0.74117647 0.85882353
v 0.69592261 -0.20106879 -55.54634476 0.65098039 0.74117647 0.85882353
v 0.66933167 -0.11745757 -55.50852966 0.65098039 0.74117647 0.85882353
v 0.67050219 -0.14567763 -55.51459503 0.65098039 0.74117647 0.85882353
v 0.66916656 -0.08710714 -55.50447845 0.65098039 0.74117647 0.85882353
v 0.71560043 -0.20581976 -55.56121826 0.65098039 0.74117647 0.85882353
v 0.74059761 -0.20587134 -55.57217789 0.65098039 0.74117647 0.85882353
v 0.74199557 -0.18278417 -55.58037186 0.65098039 0.74117647 0.85882353
v 0.68522388 -0.08618377 -55.52828979 0.65098039 0.74117647 0.85882353
v 0.68459874 -0.11393955 -55.53250504 0.65098039 0.74117647 0.85882353
v 0.68932605 -0.17955658 -55.54337692 0.65098039 0.74117647 0.85882353
v 0.67387140 -0.17069846 -55.52213669 0.65098039 0.74117647 0.85882353
v 0.68667305 -0.16395500 -55.54114532 0.65098039 0.74117647 0.85882353
v 0.71790159 -0.18406028 -55.56866455 0.65098039 0.74117647 0.85882353
v 0.70023566 -0.18294713 -55.55484009 0.65098039 0.74117647 0.85882353
v 0.77993149 -0.02275601 -55.54920197 0.65098039 0.74117647 0.85882353
v 0.80354059 -0.04176641 -55.56111908 0.65098039 0.74117647 0.85882353
v 0.77591181 -0.04170218 -55.55862427 0.65098039 0.74117647 0.85882353
v 0.70000434 -0.01691657 -55.51219177 0.65098039 0.74117647 0.85882353
v 0.71294200 -0.03631002 -55.53377533 0.65098039 0.74117647 0.85882353
v 0.70130801 -0.16253638 -55.55723572 0.65098039 0.74117647 0.85882353
v 0.71994281 -0.16063035 -55.57210922 0.65098039 0.74117647 0.85882353
v 0.74430716 -0.15780145 -55.58382416 0.65098039 0.74117647 0.85882353
v 0.74642134 -0.08368795 -55.57220840 0.65098039 0.74117647 0.85882353
v 0.74606282 -0.10699069 -55.57958221 0.65098039 0.74117647 0.85882353
v 0.72297382 -0.10965462 -55.56829071 0.65098039 0.74117647 0.85882353
v 0.72363168 -0.08437146 -55.56142426 0.65098039 0.74117647 0.85882353
v 0.70746964 -0.05917710 -55.54128647 0.65098039 0.74117647 0.85882353
v 0.70384037 -0.08502491 -55.54673386 0.65098039 0.74117647 0.85882353
v 0.74903619 -0.06105542 -55.56351089 0.65098039 0.74117647 0.85882353
v 0.72721630 -0.06004912 -55.55416870 0.65098039 0.74117647 0.85882353
v 0.73258990 -0.03788471 -55.54598618 0.65098039 0.74117647 0.85882353
v 0.70226705 -0.11205225 -55.55195999 0.65098039 0.74117647 0.85882353
v 0.77415007 -0.13032809 -55.59016037 0.65098039 0.74117647 0.85882353
v 0.74547207 -0.13246343 -55.58419800 0.65098039 0.74117647 0.85882353
v 0.80451739 -0.12874398 -55.58929443 0.65098039 0.74117647 0.85882353
v 0.75304133 -0.03985253 -55.55393219 0.65098039 0.74117647 0.85882353
v 0.75853884 -0.02027923 -55.54409027 0.65098039 0.74117647 0.85882353
v 0.76373601 -0.00177142 -55.53578949 0.65098039 0.74117647 0.85882353
v 0.77497196 0.06363562 -55.51903152 0.65098039 0.74117647 0.85882353
v 0.77001631 -0.42685241 -55.34507751 0.65098039 0.74117647 0.85882353
v 0.83709747 -0.23401764 -55.43621445 0.65098039 0.74117647 0.85882353
v 0.83388722 -0.22960097 -55.46110535 0.65098039 0.74117647 0.85882353
v 0.66008025 -0.17737198 -55.39674377 0.65098039 0.74117647 0.85882353
v 0.65115678 -0.19514596 -55.46625519 0.65098039 0.74117647 0.85882353
v 0.66122806 -0.18161634 -55.49626923 0.65098039 0.74117647 0.85882353
v 0.81763619 -0.22894698 -55.37234116 0.65098039 0.74117647 0.85882353
v 0.83164030 -0.23456493 -55.39462662 0.65098039 0.74117647 0.85882353
v 0.67899275 -0.18393305 -55.37088776 0.65098039 0.74117647 0.85882353
v 0.73896456 -0.21015772 -55.34122467 0.65098039 0.74117647 0.85882353
v 0.83705688 -0.23576766 -55.41533279 0.65098039 0.74117647 0.85882353
v 0.68547958 -0.14060009 -55.53703308 0.65098039 0.74117647 0.85882353
v 0.70155180 -0.13835171 -55.55563354 0.65098039 0.74117647 0.85882353
v 0.72170007 -0.13562924 -55.57148361 0.65098039 0.74117647 0.85882353
v 0.77302903 -0.15510109 -55.59026337 0.65098039 0.74117647 0.85882353
v 0.80438304 -0.15105003 -55.58864212 0.65098039 0.74117647 0.85882353
v 0.81421638 -0.19132349 -55.34958649 0.65098039 0.74117647 0.85882353
v 0.81675285 -0.18480340 -55.34461594 0.65098039 0.74117647 0.85882353
v 0.82457250 -0.18634427 -55.34475327 0.65098039 0.74117647 0.85882353
v 0.82464278 -0.19657043 -55.35253143 0.65098039 0.74117647 0.85882353
v 0.73346674 -0.07940078 -55.35055542 0.65098039 0.74117647 0.85882353
v 0.75472659 -0.08686094 -55.33865738 0.65098039 0.74117647 0.85882353
v 0.79645020 -0.09497687 -55.32181931 0.65098039 0.74117647 0.85882353
v 0.81567776 -0.09691620 -55.31789398 0.65098039 0.74117647 0.85882353
v 0.68009925 -0.04906183 -55.39933395 0.65098039 0.74117647 0.85882353
v 0.77613944 -0.09167600 -55.32855988 0.65098039 0.74117647 0.85882353
v 0.69351995 -0.06000656 -55.38089752 0.65098039 0.74117647 0.85882353
v 0.71210438 -0.07060741 -55.36486435 0.65098039 0.74117647 0.85882353
v 0.90699613 -0.85399818 -55.48880005 0.65098039 0.74117647 0.85882353
v 0.91258866 -0.88218057 -55.48814774 0.65098039 0.74117647 0.85882353
v 0.91257012 -0.87766016 -55.50210953 0.65098039 0.74117647 0.85882353
v 0.90951389 -0.84902894 -55.50213623 0.65098039 0.74117647 0.85882353
v 0.89504224 -0.84300935 -55.52975845 0.65098039 0.74117647 0.85882353
v 0.90585071 -0.84386921 -55.52174759 0.65098039 0.74117647 0.85882353
v 0.88168985 -0.84550738 -55.53326035 0.65098039 0.74117647 0.85882353
v 0.89078069 -0.87301707 -55.53662109 0.65098039 0.74117647 0.85882353
v 0.87991577 -0.87808490 -55.53174210 0.65098039 0.74117647 0.85882353
v 0.86891627 -0.85027099 -55.53051376 0.65098039 0.74117647 0.85882353
v 0.86009932 -0.85512269 -55.52245331 0.65098039 0.74117647 0.85882353
v 0.86444199 -0.88769376 -55.51424789 0.65098039 0.74117647 0.85882353
v 0.86131054 -0.89160454 -55.49727249 0.65098039 0.74117647 0.85882353
v 0.85047483 -0.86520970 -55.49469757 0.65098039 0.74117647 0.85882353
v 0.85428470 -0.85984755 -55.51145554 0.65098039 0.74117647 0.85882353
v 0.85467356 -0.87215006 -55.47545624 0.65098039 0.74117647 0.85882353
v 0.86422634 -0.89770901 -55.47845459 0.65098039 0.74117647 0.85882353
v 0.86906928 -0.87335813 -55.46419907 0.65098039 0.74117647 0.85882353
v 0.90159792 -0.86043739 -55.47478104 0.65098039 0.74117647 0.85882353
v 0.90849847 -0.88818145 -55.47235107 0.65098039 0.74117647 0.85882353
v 0.90360856 -0.87051487 -55.53315735 0.65098039 0.74117647 0.85882353
v 0.91239911 -0.87226665 -55.52228165 0.65098039 0.74117647 0.85882353
v 0.91015315 -0.84598851 -55.51210022 0.65098039 0.74117647 0.85882353
v 0.91274732 -0.87494445 -55.51194763 0.65098039 0.74117647 0.85882353
v 0.92083800 -0.90525258 -55.50078583 0.65098039 0.74117647 0.85882353
v 0.92348039 -0.90780914 -55.48488617 0.65098039 0.74117647 0.85882353
v 0.91311848 -0.89613926 -55.53679276 0.65098039 0.74117647 0.85882353
v 0.91697961 -0.89961696 -55.52302933 0.65098039 0.74117647 0.85882353
v 0.89100283 -0.90382528 -55.53339386 0.65098039 0.74117647 0.85882353
v 0.90076548 -0.89814472 -55.54188538 0.65098039 0.74117647 0.85882353
v 0.87079692 -0.91460228 -55.51887894 0.65098039 0.74117647 0.85882353
v 0.87146974 -0.88291240 -55.52433014 0.65098039 0.74117647 0.85882353
v 0.88036162 -0.90944254 -55.52718735 0.65098039 0.74117647 0.85882353
v 0.86703002 -0.91808438 -55.50106812 0.65098039 0.74117647 0.85882353
v 0.86978316 -0.92317080 -55.47873306 0.65098039 0.74117647 0.85882353
v 0.91748565 -0.91341996 -55.46786880 0.65098039 0.74117647 0.85882353
v 0.91831291 -0.90263879 -55.51171112 0.65098039 0.74117647 0.85882353
v 0.86228395 -1.06531692 -55.35762024 0.65098039 0.74117647 0.85882353
v 0.86896664 -1.06552207 -55.35515594 0.65098039 0.74117647 0.85882353
v 0.86635250 -1.06031799 -55.35480118 0.65098039 0.74117647 0.85882353
v 0.86216837 -1.06111205 -55.35679245 0.65098039 0.74117647 0.85882353
v 0.89686757 -1.06040955 -55.33933258 0.65098039 0.74117647 0.85882353
v 0.90926313 -1.06005919 -55.33911133 0.65098039 0.74117647 0.85882353
v 0.90428275 -1.04976654 -55.33383942 0.65098039 0.74117647 0.85882353
v 0.89566785 -1.05081666 -55.33379745 0.65098039 0.74117647 0.85882353
v 0.88097882 -1.06541181 -55.34411240 0.65098039 0.74117647 0.85882353
v 0.87338287 -1.06673121 -55.34652328 0.65098039 0.74117647 0.85882353
v 0.87717646 -1.06865883 -55.35026932 0.65098039 0.74117647 0.85882353
v 0.88182408 -1.06738842 -55.34854507 0.65098039 0.74117647 0.85882353
v 0.84687036 -1.05698693 -55.38956451 0.65098039 0.74117647 0.85882353
v 0.84215057 -1.05843067 -55.39426422 0.65098039 0.74117647 0.85882353
v 0.84485000 -1.05999780 -55.39575958 0.65098039 0.74117647 0.85882353
v 0.84838086 -1.06047213 -55.39413071 0.65098039 0.74117647 0.85882353
v 0.85644335 -1.06363583 -55.37062836 0.65098039 0.74117647 0.85882353
v 0.85163051 -1.06429958 -55.37477875 0.65098039 0.74117647 0.85882353
v 0.85435176 -1.06644392 -55.37724304 0.65098039 0.74117647 0.85882353
v 0.85802448 -1.06658101 -55.37489700 0.65098039 0.74117647 0.85882353
v 0.89506900 -1.03864467 -55.35352707 0.65098039 0.74117647 0.85882353
v 0.89360374 -1.04509974 -55.34093094 0.65098039 0.74117647 0.85882353
v 0.90705949 -1.04300821 -55.34073257 0.65098039 0.74117647 0.85882353
v 0.90898794 -1.03292942 -55.35142136 0.65098039 0.74117647 0.85882353
v 0.91632789 -1.04896784 -55.34569931 0.65098039 0.74117647 0.85882353
v 0.91074729 -1.05520666 -55.35208130 0.65098039 0.74117647 0.85882353
v 0.91444445 -1.04941988 -55.36457062 0.65098039 0.74117647 0.85882353
v 0.91900694 -1.04025531 -55.35838699 0.65098039 0.74117647 0.85882353
v 0.89863443 -1.05951655 -55.35351181 0.65098039 0.74117647 0.85882353
v 0.90106446 -1.05437672 -55.36549759 0.65098039 0.74117647 0.85882353
v 0.89102870 -1.05030930 -55.36140823 0.65098039 0.74117647 0.85882353
v 0.88709414 -1.05610061 -55.34756470 0.65098039 0.74117647 0.85882353
v 0.87311274 -1.05509353 -55.36380005 0.65098039 0.74117647 0.85882353
v 0.86933237 -1.06294036 -55.35433197 0.65098039 0.74117647 0.85882353
v 0.87299794 -1.05590045 -55.34954834 0.65098039 0.74117647 0.85882353
v 0.87597686 -1.04724658 -55.35936737 0.65098039 0.74117647 0.85882353
v 0.88090628 -1.05470860 -55.34653854 0.65098039 0.74117647 0.85882353
v 0.88604325 -1.04520857 -55.35505295 0.65098039 0.74117647 0.85882353
v 0.89260143 -1.05320680 -55.35949707 0.65098039 0.74117647 0.85882353
v 0.88846487 -1.05961239 -55.34720612 0.65098039 0.74117647 0.85882353
v 0.88596129 -1.06390810 -55.35401917 0.65098039 0.74117647 0.85882353
v 0.89022177 -1.05806553 -55.36549377 0.65098039 0.74117647 0.85882353
v 0.88126469 -1.05978179 -55.36760330 0.65098039 0.74117647 0.85882353
v 0.87734991 -1.06590009 -55.35719299 0.65098039 0.74117647 0.85882353
v 0.86073411 -1.04906988 -55.37034988 0.65098039 0.74117647 0.85882353
v 0.86136127 -1.05748796 -55.36177063 0.65098039 0.74117647 0.85882353
v 0.86853945 -1.05631971 -55.35911179 0.65098039 0.74117647 0.85882353
v 0.87054986 -1.04810786 -55.36595154 0.65098039 0.74117647 0.85882353
v 0.87492532 -1.06229508 -55.36027527 0.65098039 0.74117647 0.85882353
v 0.87117839 -1.06579947 -55.36455917 0.65098039 0.74117647 0.85882353
v 0.87415659 -1.06023574 -55.37315750 0.65098039 0.74117647 0.85882353
v 0.87716520 -1.05637312 -55.36830521 0.65098039 0.74117647 0.85882353
v 0.86511856 -1.06124365 -55.37606430 0.65098039 0.74117647 0.85882353
v 0.86435235 -1.06763875 -55.36724091 0.65098039 0.74117647 0.85882353
v 0.85799295 -1.05576646 -55.37260818 0.65098039 0.74117647 0.85882353
v 0.85846901 -1.06356859 -55.36518860 0.65098039 0.74117647 0.85882353
v 0.84695536 -1.05465436 -55.38920975 0.65098039 0.74117647 0.85882353
v 0.84873468 -1.06250596 -55.38197708 0.65098039 0.74117647 0.85882353
v 0.84976220 -1.05699813 -55.37822723 0.65098039 0.74117647 0.85882353
v 0.84811270 -1.04872143 -55.38606262 0.65098039 0.74117647 0.85882353
v 0.85478669 -1.05551016 -55.37473679 0.65098039 0.74117647 0.85882353
v 0.85506535 -1.04862344 -55.38045883 0.65098039 0.74117647 0.85882353
v 0.85993427 -1.05846751 -55.37411880 0.65098039 0.74117647 0.85882353
v 0.86041945 -1.06430984 -55.37929916 0.65098039 0.74117647 0.85882353
v 0.86056703 -1.05972540 -55.38630295 0.65098039 0.74117647 0.85882353
v 0.85960126 -1.05392540 -55.37949753 0.65098039 0.74117647 0.85882353
v 0.85427368 -1.06541145 -55.38276291 0.65098039 0.74117647 0.85882353
v 0.85361874 -1.05996442 -55.39136887 0.65098039 0.74117647 0.85882353
v 0.83933175 -1.04524791 -55.40505219 0.65098039 0.74117647 0.85882353
v 0.84076869 -1.05064833 -55.41025162 0.65098039 0.74117647 0.85882353
v 0.84038544 -1.05450082 -55.40038300 0.65098039 0.74117647 0.85882353
v 0.84029430 -1.04978180 -55.39704514 0.65098039 0.74117647 0.85882353
v 0.84422863 -1.04998493 -55.39368439 0.65098039 0.74117647 0.85882353
v 0.84396827 -1.04512036 -55.39845276 0.65098039 0.74117647 0.85882353
v 0.84932905 -1.05275261 -55.39333725 0.65098039 0.74117647 0.85882353
v 0.85099024 -1.05824578 -55.39812469 0.65098039 0.74117647 0.85882353
v 0.85103458 -1.05541635 -55.40364456 0.65098039 0.74117647 0.85882353
v 0.84780884 -1.04977953 -55.39780807 0.65098039 0.74117647 0.85882353
v 0.84519619 -1.05868864 -55.40130997 0.65098039 0.74117647 0.85882353
v 0.84586817 -1.05463433 -55.40903473 0.65098039 0.74117647 0.85882353
v 0.90990686 -1.02414441 -55.36339188 0.65098039 0.74117647 0.85882353
v 0.89323902 -1.03395522 -55.36686707 0.65098039 0.74117647 0.85882353
v 0.90729350 -1.05926311 -55.34402084 0.65098039 0.74117647 0.85882353
v 0.92024434 -1.03304613 -55.37097168 0.65098039 0.74117647 0.85882353
v 0.90060383 -1.06160259 -55.34503937 0.65098039 0.74117647 0.85882353
v 0.89976084 -1.05041909 -55.37693024 0.65098039 0.74117647 0.85882353
v 0.91561568 -1.04340100 -55.37746048 0.65098039 0.74117647 0.85882353
v 0.89385474 -1.04774201 -55.36680603 0.65098039 0.74117647 0.85882353
v 0.87350410 -1.06127167 -55.34497833 0.65098039 0.74117647 0.85882353
v 0.87768936 -1.05205619 -55.37244034 0.65098039 0.74117647 0.85882353
v 0.88162982 -1.05459738 -55.38274765 0.65098039 0.74117647 0.85882353
v 0.87808233 -1.06050789 -55.34329605 0.65098039 0.74117647 0.85882353
v 0.87629759 -1.03857088 -55.37327576 0.65098039 0.74117647 0.85882353
v 0.86140454 -1.04022706 -55.38568115 0.65098039 0.74117647 0.85882353
v 0.86869293 -1.06802702 -55.35916138 0.65098039 0.74117647 0.85882353
v 0.86511433 -1.06867826 -55.36057663 0.65098039 0.74117647 0.85882353
v 0.86526281 -1.05593109 -55.39266586 0.65098039 0.74117647 0.85882353
v 0.85874528 -1.05246949 -55.38145447 0.65098039 0.74117647 0.85882353
v 0.85118514 -1.06100678 -55.37373352 0.65098039 0.74117647 0.85882353
v 0.84685147 -1.05051553 -55.39822006 0.65098039 0.74117647 0.85882353
v 0.85358179 -1.05471182 -55.40630722 0.65098039 0.74117647 0.85882353
v 0.85388923 -1.05930316 -55.37136459 0.65098039 0.74117647 0.85882353
v 0.84791052 -1.03893042 -55.39989471 0.65098039 0.74117647 0.85882353
v 0.84246367 -1.05456102 -55.39377975 0.65098039 0.74117647 0.85882353
v 0.84098077 -1.04465628 -55.42140961 0.65098039 0.74117647 0.85882353
v 0.84689319 -1.05203557 -55.41965103 0.65098039 0.74117647 0.85882353
v 0.84443402 -1.05390501 -55.39110565 0.65098039 0.74117647 0.85882353
v 0.83973444 -1.03821421 -55.41413498 0.65098039 0.74117647 0.85882353
v 0.89384699 -0.86748517 -55.46397400 0.65098039 0.74117647 0.85882353
v 0.89967924 -0.89418590 -55.46175385 0.65098039 0.74117647 0.85882353
v 0.88244128 -0.87260246 -55.46039581 0.65098039 0.74117647 0.85882353
v 0.87686157 -0.89963424 -55.46546173 0.65098039 0.74117647 0.85882353
v 0.88821578 -0.89931250 -55.46026230 0.65098039 0.74117647 0.85882353
v 0.90543514 -0.91964245 -55.45624542 0.65098039 0.74117647 0.85882353
v 0.88173091 -0.92577612 -55.46403885 0.65098039 0.74117647 0.85882353
v 0.89242905 -0.92452669 -55.45658875 0.65098039 0.74117647 0.85882353
v 0.87564963 -0.93393457 -55.52649689 0.65098039 0.74117647 0.85882353
v 0.86969304 -0.93942738 -55.50800323 0.65098039 0.74117647 0.85882353
v 0.88809836 -0.92795575 -55.53263855 0.65098039 0.74117647 0.85882353
v 0.90815914 -0.91649139 -55.54883575 0.65098039 0.74117647 0.85882353
v 0.89804524 -0.92221236 -55.54100418 0.65098039 0.74117647 0.85882353
v 0.90894127 -0.94172084 -55.44927216 0.65098039 0.74117647 0.85882353
v 0.92185771 -0.93648243 -55.46517944 0.65098039 0.74117647 0.85882353
v 0.89352375 -0.94631100 -55.44750977 0.65098039 0.74117647 0.85882353
v 0.88023305 -0.94768989 -55.45759583 0.65098039 0.74117647 0.85882353
v 0.91498017 -1.01208460 -55.37590790 0.65098039 0.74117647 0.85882353
v 0.91762739 -1.00376201 -55.39533997 0.65098039 0.74117647 0.85882353
v 0.90052319 -0.99905849 -55.39291382 0.65098039 0.74117647 0.85882353
v 0.89676690 -1.01576686 -55.37911606 0.65098039 0.74117647 0.85882353
v 0.88358343 -1.00344563 -55.40245819 0.65098039 0.74117647 0.85882353
v 0.88105184 -1.02179289 -55.38812256 0.65098039 0.74117647 0.85882353
v 0.86953986 -1.00774896 -55.41497040 0.65098039 0.74117647 0.85882353
v 0.86590856 -1.02460754 -55.40004730 0.65098039 0.74117647 0.85882353
v 0.85799754 -1.01157320 -55.42841721 0.65098039 0.74117647 0.85882353
v 0.85302198 -1.02643836 -55.41384125 0.65098039 0.74117647 0.85882353
v 0.84943008 -1.01770937 -55.44242859 0.65098039 0.74117647 0.85882353
v 0.84293079 -1.02890158 -55.42671204 0.65098039 0.74117647 0.85882353
v 0.84548813 -1.02726007 -55.45238495 0.65098039 0.74117647 0.85882353
v 0.84065849 -1.03736103 -55.43572617 0.65098039 0.74117647 0.85882353
v 0.92571622 -1.02479470 -55.38469315 0.65098039 0.74117647 0.85882353
v 0.92685688 -1.01622224 -55.40313339 0.65098039 0.74117647 0.85882353
v 0.91996658 -1.03729331 -55.39350128 0.65098039 0.74117647 0.85882353
v 0.92213738 -1.03035760 -55.41227722 0.65098039 0.74117647 0.85882353
v 0.90440422 -1.04182744 -55.39918518 0.65098039 0.74117647 0.85882353
v 0.90759373 -1.03386414 -55.41848373 0.65098039 0.74117647 0.85882353
v 0.85392553 -1.03849316 -55.45240021 0.65098039 0.74117647 0.85882353
v 0.84968948 -1.04752731 -55.43485260 0.65098039 0.74117647 0.85882353
v 0.88758039 -1.04488647 -55.40750122 0.65098039 0.74117647 0.85882353
v 0.89130265 -1.03576899 -55.42687988 0.65098039 0.74117647 0.85882353
v 0.87272245 -1.04782677 -55.41756058 0.65098039 0.74117647 0.85882353
v 0.87705195 -1.03845143 -55.43676758 0.65098039 0.74117647 0.85882353
v 0.86045885 -1.04904807 -55.42730331 0.65098039 0.74117647 0.85882353
v 0.86500061 -1.04013538 -55.44590378 0.65098039 0.74117647 0.85882353
v 0.90631580 -0.98343229 -55.41234207 0.65098039 0.74117647 0.85882353
v 0.88672101 -0.98311126 -55.41730499 0.65098039 0.74117647 0.85882353
v 0.87352794 -0.98767447 -55.43081284 0.65098039 0.74117647 0.85882353
v 0.86413789 -0.99413276 -55.44588089 0.65098039 0.74117647 0.85882353
v 0.85804760 -1.00425112 -55.46100235 0.65098039 0.74117647 0.85882353
v 0.85341567 -1.01516223 -55.47122574 0.65098039 0.74117647 0.85882353
v 0.86722618 -0.97337329 -55.46828079 0.65098039 0.74117647 0.85882353
v 0.86773062 -0.99211526 -55.48298264 0.65098039 0.74117647 0.85882353
v 0.86499619 -1.00500655 -55.49125290 0.65098039 0.74117647 0.85882353
v 0.87569678 -0.98164964 -55.50599670 0.65098039 0.74117647 0.85882353
v 0.87591577 -0.99540985 -55.51136780 0.65098039 0.74117647 0.85882353
v 0.89134306 -0.96717346 -55.54378891 0.65098039 0.74117647 0.85882353
v 0.89173532 -0.98235035 -55.55084610 0.65098039 0.74117647 0.85882353
v 0.88419878 -0.98687565 -55.53230667 0.65098039 0.74117647 0.85882353
v 0.88396955 -0.97280097 -55.52706528 0.65098039 0.74117647 0.85882353
v 0.87211514 -0.96383631 -55.49540710 0.65098039 0.74117647 0.85882353
v 0.87929219 -0.95540285 -55.51795197 0.65098039 0.74117647 0.85882353
v 0.88709939 -0.94917345 -55.53331757 0.65098039 0.74117647 0.85882353
v 0.91130316 -0.97237873 -55.56888962 0.65098039 0.74117647 0.85882353
v 0.90042734 -0.97774577 -55.56224823 0.65098039 0.74117647 0.85882353
v 0.89825678 -0.96255958 -55.55527878 0.65098039 0.74117647 0.85882353
v 0.90720409 -0.95669985 -55.56415558 0.65098039 0.74117647 0.85882353
v 0.92376798 -0.95145738 -55.56741714 0.65098039 0.74117647 0.85882353
v 0.92811710 -0.96844900 -55.56877136 0.65098039 0.74117647 0.85882353
v 0.93814188 -0.95269036 -55.55374527 0.65098039 0.74117647 0.85882353
v 0.94303000 -0.96832609 -55.55705643 0.65098039 0.74117647 0.85882353
v 0.90270746 -0.93891048 -55.55216599 0.65098039 0.74117647 0.85882353
v 0.89511621 -0.94440246 -55.54328918 0.65098039 0.74117647 0.85882353
v 0.91557050 -0.93355620 -55.55756760 0.65098039 0.74117647 0.85882353
v 0.92820644 -0.93425941 -55.54597092 0.65098039 0.74117647 0.85882353
v 0.92852920 -0.93962312 -55.52949905 0.65098039 0.74117647 0.85882353
v 0.93913651 -0.95844853 -55.53535461 0.65098039 0.74117647 0.85882353
v 0.94702327 -0.97243094 -55.53868484 0.65098039 0.74117647 0.85882353
v 0.92070395 -0.99458206 -55.41859818 0.65098039 0.74117647 0.85882353
v 0.92481858 -1.00561821 -55.42588425 0.65098039 0.74117647 0.85882353
v 0.87584913 -0.96687150 -55.44544983 0.65098039 0.74117647 0.85882353
v 0.89089680 -0.96350753 -55.43281555 0.65098039 0.74117647 0.85882353
v 0.91268033 -0.96387756 -55.43695068 0.65098039 0.74117647 0.85882353
v 0.92601162 -0.98254740 -55.44278336 0.65098039 0.74117647 0.85882353
v 0.92607033 -0.99630988 -55.45111084 0.65098039 0.74117647 0.85882353
v 0.92983961 -0.98896170 -55.47423172 0.65098039 0.74117647 0.85882353
v 0.93185008 -0.97568083 -55.46739578 0.65098039 0.74117647 0.85882353
v 0.92136878 -1.01673937 -55.43378067 0.65098039 0.74117647 0.85882353
v 0.92077935 -1.00448442 -55.45759201 0.65098039 0.74117647 0.85882353
v 0.92560482 -0.99660110 -55.47982788 0.65098039 0.74117647 0.85882353
v 0.93643540 -0.98329854 -55.49412155 0.65098039 0.74117647 0.85882353
v 0.93594694 -0.97001445 -55.48882675 0.65098039 0.74117647 0.85882353
v 0.94050235 -0.97884715 -55.51023865 0.65098039 0.74117647 0.85882353
v 0.93666720 -0.96509230 -55.50602341 0.65098039 0.74117647 0.85882353
v 0.93746418 -0.96167707 -55.51983261 0.65098039 0.74117647 0.85882353
v 0.94453049 -0.97558415 -55.52356720 0.65098039 0.74117647 0.85882353
v 0.93058860 -0.94613659 -55.50241852 0.65098039 0.74117647 0.85882353
v 0.92946339 -0.94262433 -55.51521683 0.65098039 0.74117647 0.85882353
v 0.93095350 -0.95144153 -55.48485565 0.65098039 0.74117647 0.85882353
v 0.92685664 -0.95681322 -55.46266174 0.65098039 0.74117647 0.85882353
v 0.86033320 -1.02681410 -55.47240448 0.65098039 0.74117647 0.85882353
v 0.86972958 -1.01564741 -55.49270248 0.65098039 0.74117647 0.85882353
v 0.88035595 -1.00479794 -55.51266098 0.65098039 0.74117647 0.85882353
v 0.88978285 -0.99764836 -55.53352356 0.65098039 0.74117647 0.85882353
v 0.89975703 -0.99268985 -55.54973221 0.65098039 0.74117647 0.85882353
v 0.90787715 -0.98858213 -55.55900192 0.65098039 0.74117647 0.85882353
v 0.93042481 -0.97933102 -55.56359863 0.65098039 0.74117647 0.85882353
v 0.91743052 -0.98367274 -55.56483459 0.65098039 0.74117647 0.85882353
v 0.94084430 -0.97913766 -55.55522919 0.65098039 0.74117647 0.85882353
v 0.94372916 -0.98342347 -55.54069519 0.65098039 0.74117647 0.85882353
v 0.94235182 -0.98735631 -55.52819443 0.65098039 0.74117647 0.85882353
v 0.93311816 -0.99227333 -55.49962997 0.65098039 0.74117647 0.85882353
v 0.93879056 -0.99040782 -55.51499557 0.65098039 0.74117647 0.85882353
v 0.92929697 -0.93076539 -55.48398209 0.65098039 0.74117647 0.85882353
v 0.92847919 -0.92636669 -55.50140762 0.65098039 0.74117647 0.85882353
v 0.92534661 -0.92345214 -55.51310730 0.65098039 0.74117647 0.85882353
v 0.92078805 -0.91593456 -55.53981018 0.65098039 0.74117647 0.85882353
v 0.92267615 -0.92052484 -55.52485275 0.65098039 0.74117647 0.85882353
v 0.90989512 -1.02252924 -55.44109344 0.65098039 0.74117647 0.85882353
v 0.89496100 -1.02466452 -55.44937134 0.65098039 0.74117647 0.85882353
v 0.88150549 -1.02721083 -55.45872498 0.65098039 0.74117647 0.85882353
v 0.87049621 -1.02880394 -55.46682358 0.65098039 0.74117647 0.85882353
v 0.87816924 -1.01832592 -55.48844147 0.65098039 0.74117647 0.85882353
v 0.88827711 -1.01669693 -55.48168182 0.65098039 0.74117647 0.85882353
v 0.90104288 -1.01455474 -55.47328949 0.65098039 0.74117647 0.85882353
v 0.91278052 -1.01021624 -55.46443939 0.65098039 0.74117647 0.85882353
v 0.88860953 -1.00877595 -55.50879288 0.65098039 0.74117647 0.85882353
v 0.89767009 -1.00822616 -55.50259781 0.65098039 0.74117647 0.85882353
v 0.90942496 -1.00635409 -55.49559784 0.65098039 0.74117647 0.85882353
v 0.91908747 -1.00285959 -55.48686600 0.65098039 0.74117647 0.85882353
v 0.92756587 -0.99858451 -55.50662613 0.65098039 0.74117647 0.85882353
v 0.91891241 -1.00053751 -55.51511383 0.65098039 0.74117647 0.85882353
v 0.90834415 -1.00173557 -55.52146530 0.65098039 0.74117647 0.85882353
v 0.89944512 -1.00133312 -55.52816772 0.65098039 0.74117647 0.85882353
v 0.90823835 -0.99571288 -55.54283524 0.65098039 0.74117647 0.85882353
v 0.91632760 -0.99598145 -55.53552246 0.65098039 0.74117647 0.85882353
v 0.92562211 -0.99537933 -55.52899933 0.65098039 0.74117647 0.85882353
v 0.93282557 -0.99447167 -55.52201462 0.65098039 0.74117647 0.85882353
v 0.91469210 -0.99171090 -55.55097580 0.65098039 0.74117647 0.85882353
v 0.92952323 -0.98521352 -55.55707932 0.65098039 0.74117647 0.85882353
v 0.92133534 -0.98800898 -55.55599594 0.65098039 0.74117647 0.85882353
v 0.93650460 -0.98514366 -55.55225372 0.65098039 0.74117647 0.85882353
v 0.93753004 -0.98807442 -55.54228210 0.65098039 0.74117647 0.85882353
v 0.93585360 -0.99135113 -55.53250122 0.65098039 0.74117647 0.85882353
v 0.92895317 -0.99201667 -55.53751755 0.65098039 0.74117647 0.85882353
v 0.93114448 -0.98925936 -55.54431152 0.65098039 0.74117647 0.85882353
v 0.92076921 -0.99239194 -55.54342651 0.65098039 0.74117647 0.85882353
v 0.92481411 -0.98932576 -55.54892731 0.65098039 0.74117647 0.85882353
v 0.93198705 -0.98709643 -55.54970169 0.65098039 0.74117647 0.85882353
v 0.92874956 -0.98724020 -55.55193329 0.65098039 0.74117647 0.85882353
v 0.87359893 -0.94720638 -55.47948837 0.65098039 0.74117647 0.85882353
v 0.81993669 -0.60113764 -55.38277817 0.65098039 0.74117647 0.85882353
v 0.83397043 -0.59437168 -55.38668060 0.65098039 0.74117647 0.85882353
v 0.80343711 -0.60301089 -55.38249969 0.65098039 0.74117647 0.85882353
v 0.70647800 -0.18505448 -55.35458755 0.65098039 0.74117647 0.85882353
v 0.76131922 0.02723670 -55.32393646 0.65098039 0.74117647 0.85882353
v 0.76348633 0.06869388 -55.31589127 0.65098039 0.74117647 0.85882353
v 0.76276511 0.04668185 -55.31986237 0.65098039 0.74117647 0.85882353
v 0.70874763 -0.21166447 -55.34968185 0.65098039 0.74117647 0.85882353
v 0.71664232 0.10388443 -55.35499573 0.65098039 0.74117647 0.85882353
v 0.74273950 0.26453570 -55.30052185 0.65098039 0.74117647 0.85882353
v 0.75453329 0.55711567 -55.45399857 0.65098039 0.74117647 0.85882353
v 0.75651813 0.55370510 -55.45335770 0.65098039 0.74117647 0.85882353
v 0.75817329 0.55044246 -55.45421982 0.65098039 0.74117647 0.85882353
v 0.75911552 0.54733777 -55.45579910 0.65098039 0.74117647 0.85882353
v 0.76058966 0.54486942 -55.45766449 0.65098039 0.74117647 0.85882353
v 0.76333869 0.54384291 -55.46004105 0.65098039 0.74117647 0.85882353
v 0.75749981 0.55082750 -55.45744324 0.65098039 0.74117647 0.85882353
v 0.76116085 0.55263376 -55.45980835 0.65098039 0.74117647 0.85882353
v 0.76043117 0.55466902 -55.45895386 0.65098039 0.74117647 0.85882353
v 0.75672245 0.55339801 -55.45660782 0.65098039 0.74117647 0.85882353
f 2 3 1
f 1 3 4
f 3 2 5
f 5 2 6
f 3 7 4
f 4 7 8
f 10 11 9
f 9 11 12
f 14 15 13
f 13 15 16
f 18 19 17
f 17 19 20
f 22 23 21
f 21 23 24
f 26 18 25
f 25 18 17
f 27 28 17
f 17 28 25
f 30 31 29
f 29 31 32
f 34 35 33
f 33 35 36
f 21 24 37
f 37 24 38
f 40 31 39
f 39 31 38
f 34 33 28
f 28 33 25
f 41 42 44
f 44 42 43
f 36 45 33
f 33 45 25
f 46 47 49
f 49 47 48
f 51 52 50
f 50 52 53
f 55 53 54
f 54 53 52
f 57 58 56
f 56 58 59
f 61 62 60
f 60 62 63
f 65 66 64
f 64 66 67
f 69 70 68
f 68 70 71
f 65 73 72
f 72 73 74
f 64 75 65
f 65 75 73
f 77 78 76
f 76 78 79
f 80 81 83
f 83 81 82
f 81 85 84
f 84 85 86
f 88 89 87
f 87 89 69
f 88 87 90
f 90 87 91
f 93 94 92
f 92 94 95
f 96 84 43
f 43 84 44
f 51 98 97
f 97 98 86
f 97 99 51
f 51 99 52
f 54 52 100
f 100 52 99
f 58 101 59
f 59 101 102
f 62 103 63
f 63 103 104
f 105 106 6
f 6 106 5
f 108 109 107
f 107 109 110
f 112 113 111
f 111 113 114
f 116 117 115
f 115 117 118
f 120 121 119
f 119 121 122
f 124 125 123
f 123 125 126
f 128 129 127
f 127 129 130
f 130 131 127
f 127 131 132
f 134 1 133
f 133 1 135
f 1 4 135
f 135 4 136
f 4 8 136
f 136 8 137
f 138 139 15
f 15 139 140
f 140 139 141
f 141 139 142
f 144 57 143
f 143 57 56
f 145 146 141
f 141 146 147
f 146 149 148
f 148 149 150
f 152 153 151
f 151 153 154
f 141 147 140
f 140 147 155
f 157 11 156
f 156 11 158
f 160 161 159
f 159 161 162
f 164 165 163
f 163 165 166
f 165 160 166
f 166 160 159
f 168 169 167
f 167 169 170
f 169 171 170
f 170 171 172
f 149 173 150
f 150 173 174
f 175 176 149
f 149 176 173
f 178 172 177
f 177 172 171
f 180 181 179
f 179 181 182
f 184 180 183
f 183 180 179
f 186 187 185
f 185 187 188
f 190 191 189
f 189 191 192
f 7 193 8
f 8 193 194
f 196 162 195
f 195 162 161
f 197 168 198
f 198 168 167
f 181 199 182
f 182 199 200
f 202 203 201
f 201 203 204
f 187 186 205
f 205 186 206
f 208 209 207
f 207 209 210
f 212 213 211
f 211 213 214
f 215 216 218
f 218 216 217
f 220 209 219
f 219 209 208
f 204 186 221
f 221 186 185
f 201 204 222
f 222 204 221
f 223 211 220
f 220 211 209
f 224 225 214
f 214 225 210
f 203 206 204
f 204 206 186
f 227 187 226
f 226 187 205
f 27 228 21
f 21 228 22
f 230 231 229
f 229 231 232
f 234 235 233
f 233 235 236
f 238 239 237
f 237 239 240
f 119 122 118
f 118 122 115
f 112 242 241
f 241 242 243
f 98 51 244
f 244 51 50
f 245 138 14
f 14 138 15
f 11 10 158
f 158 10 246
f 89 85 69
f 69 85 70
f 11 157 12
f 12 157 247
f 249 164 248
f 248 164 163
f 177 250 178
f 178 250 251
f 253 254 252
f 252 254 255
f 187 227 188
f 188 227 256
f 212 257 213
f 213 257 258
f 260 134 259
f 259 134 133
f 165 164 135
f 135 164 133
f 160 165 136
f 136 165 135
f 136 137 160
f 160 137 161
f 137 261 161
f 161 261 195
f 263 264 262
f 262 264 265
f 13 16 266
f 266 16 267
f 268 267 155
f 155 267 16
f 147 269 155
f 155 269 268
f 162 196 167
f 167 196 198
f 167 170 162
f 162 170 159
f 170 172 159
f 159 172 166
f 172 178 166
f 166 178 163
f 178 251 163
f 163 251 248
f 168 270 169
f 169 270 271
f 272 273 171
f 171 273 177
f 271 272 169
f 169 272 171
f 168 197 270
f 270 197 274
f 250 177 275
f 275 177 273
f 277 45 276
f 276 45 278
f 280 281 279
f 279 281 282
f 284 104 283
f 283 104 103
f 285 215 286
f 286 215 218
f 288 289 287
f 287 289 290
f 291 80 66
f 66 80 83
f 293 294 292
f 292 294 295
f 73 91 74
f 74 91 87
f 91 73 92
f 92 73 75
f 279 77 280
f 280 77 76
f 80 291 70
f 70 291 71
f 277 47 96
f 96 47 82
f 297 175 296
f 296 175 149
f 299 154 298
f 298 154 153
f 225 300 210
f 210 300 207
f 224 301 206
f 206 301 205
f 210 209 214
f 214 209 211
f 226 205 302
f 302 205 301
f 304 305 303
f 303 305 306
f 308 309 307
f 307 309 310
f 72 291 65
f 65 291 66
f 66 83 67
f 67 83 46
f 312 313 311
f 311 313 314
f 316 317 315
f 315 317 36
f 29 318 35
f 35 318 319
f 321 32 320
f 320 32 322
f 311 314 323
f 323 314 324
f 315 325 316
f 316 325 326
f 318 287 319
f 319 287 290
f 328 321 327
f 327 321 320
f 329 330 39
f 39 330 331
f 332 333 40
f 40 333 322
f 309 334 285
f 285 334 335
f 236 2 134
f 134 2 1
f 260 336 233
f 233 336 337
f 237 14 265
f 265 14 13
f 84 86 44
f 44 86 98
f 189 192 7
f 7 192 193
f 44 98 41
f 41 98 244
f 237 240 14
f 14 240 245
f 7 3 189
f 189 3 5
f 338 71 72
f 72 71 291
f 262 265 266
f 266 265 13
f 124 123 339
f 339 123 105
f 123 109 105
f 105 109 106
f 189 5 190
f 190 5 106
f 111 114 12
f 12 114 9
f 264 340 265
f 265 340 237
f 342 343 341
f 341 343 344
f 6 235 105
f 105 235 339
f 234 346 345
f 345 346 347
f 349 350 348
f 348 350 351
f 107 352 108
f 108 352 353
f 355 356 354
f 354 356 357
f 237 340 238
f 238 340 358
f 12 247 111
f 111 247 359
f 264 263 116
f 116 263 360
f 361 362 222
f 222 362 201
f 364 365 363
f 363 365 366
f 368 369 367
f 367 369 370
f 372 373 371
f 371 373 374
f 375 376 372
f 372 376 377
f 378 379 381
f 381 379 380
f 382 383 269
f 269 383 268
f 150 174 365
f 365 174 384
f 380 377 381
f 381 377 376
f 271 270 180
f 180 270 181
f 273 272 252
f 252 272 184
f 272 271 184
f 184 271 180
f 181 270 274
f 252 255 273
f 273 255 275
f 254 385 255
f 255 385 386
f 387 388 179
f 179 388 183
f 389 387 182
f 182 387 179
f 182 200 389
f 389 200 390
f 388 391 183
f 183 391 253
f 391 392 253
f 253 392 254
f 394 379 393
f 393 379 378
f 185 188 395
f 395 188 396
f 221 185 397
f 397 185 395
f 222 221 398
f 398 221 397
f 188 256 396
f 396 256 399
f 400 401 256
f 256 401 399
f 402 403 405
f 405 403 404
f 148 150 364
f 364 150 365
f 393 406 394
f 394 406 407
f 158 246 393
f 393 246 406
f 342 19 238
f 238 19 239
f 23 22 350
f 350 22 354
f 244 50 245
f 245 50 138
f 55 142 53
f 53 142 139
f 145 144 296
f 296 144 143
f 355 228 341
f 341 228 20
f 41 240 42
f 42 240 239
f 283 308 284
f 284 308 307
f 349 409 408
f 408 409 410
f 244 245 41
f 41 245 240
f 268 383 406
f 406 383 407
f 346 411 349
f 349 411 409
f 251 412 248
f 248 412 413
f 275 414 250
f 250 414 415
f 25 45 26
f 26 45 277
f 43 26 96
f 96 26 277
f 416 417 61
f 61 417 62
f 329 24 408
f 408 24 23
f 31 40 32
f 32 40 322
f 39 38 329
f 329 38 24
f 37 38 30
f 30 38 31
f 418 419 421
f 421 419 420
f 78 295 79
f 79 295 294
f 124 339 422
f 422 339 345
f 232 131 357
f 357 131 351
f 2 236 6
f 6 236 235
f 252 184 253
f 253 184 183
f 227 423 256
f 256 423 400
f 423 227 305
f 305 227 226
f 424 258 425
f 425 258 257
f 426 427 212
f 212 427 257
f 259 133 249
f 249 133 164
f 419 418 428
f 428 418 429
f 327 430 328
f 328 430 288
f 49 431 46
f 46 431 67
f 306 302 424
f 424 302 258
f 313 432 314
f 314 432 433
f 32 321 29
f 29 321 318
f 324 314 433
f 287 318 328
f 328 318 321
f 134 260 236
f 236 260 233
f 345 339 234
f 234 339 235
f 357 351 354
f 354 351 350
f 408 23 349
f 349 23 350
f 317 278 36
f 36 278 45
f 432 313 429
f 429 313 428
f 435 428 434
f 434 428 313
f 42 239 18
f 18 239 19
f 43 42 26
f 26 42 18
f 121 120 436
f 436 120 437
f 302 301 258
f 258 301 213
f 110 109 126
f 126 109 123
f 238 358 342
f 342 358 343
f 341 20 342
f 342 20 19
f 322 438 320
f 320 438 439
f 320 439 327
f 327 439 430
f 333 440 322
f 322 440 438
f 289 288 323
f 323 288 430
f 115 340 116
f 116 340 264
f 146 145 149
f 149 145 296
f 15 140 16
f 16 140 155
f 441 442 152
f 152 442 153
f 225 224 203
f 203 224 206
f 175 297 154
f 154 297 151
f 293 443 294
f 294 443 444
f 248 413 249
f 249 413 445
f 446 447 400
f 400 447 401
f 388 387 396
f 396 387 395
f 387 389 395
f 395 389 397
f 391 388 399
f 399 388 396
f 401 392 399
f 399 392 391
f 255 386 275
f 275 386 414
f 449 450 448
f 448 450 451
f 335 452 285
f 285 452 215
f 453 298 442
f 442 298 153
f 211 223 212
f 212 223 426
f 425 257 454
f 454 257 427
f 266 10 262
f 262 10 9
f 360 113 456
f 456 113 455
f 8 194 137
f 137 194 261
f 10 266 246
f 246 266 267
f 203 202 225
f 225 202 300
f 262 9 263
f 263 9 114
f 108 353 190
f 190 353 191
f 389 390 397
f 397 390 398
f 457 422 128
f 128 422 129
f 156 158 378
f 378 158 393
f 347 346 348
f 348 346 349
f 447 458 401
f 401 458 392
f 364 382 148
f 148 382 269
f 55 54 57
f 57 54 58
f 75 64 459
f 459 64 460
f 100 90 101
f 101 90 95
f 101 58 100
f 100 58 54
f 142 55 144
f 144 55 57
f 147 146 269
f 269 146 148
f 459 93 75
f 75 93 92
f 144 145 142
f 142 145 141
f 228 27 20
f 20 27 17
f 154 299 175
f 175 299 176
f 214 213 224
f 224 213 301
f 424 461 306
f 306 461 303
f 285 286 309
f 309 286 310
f 462 334 308
f 308 334 309
f 302 306 226
f 226 306 305
f 37 28 21
f 21 28 27
f 29 35 30
f 30 35 34
f 30 34 37
f 37 34 28
f 344 436 356
f 356 436 229
f 325 290 326
f 326 290 289
f 311 439 312
f 312 439 438
f 35 319 36
f 36 319 315
f 439 311 430
f 430 311 323
f 315 319 325
f 325 319 290
f 440 463 438
f 438 463 312
f 341 344 355
f 355 344 356
f 360 456 116
f 116 456 117
f 354 22 355
f 355 22 228
f 326 289 324
f 324 289 323
f 74 87 68
f 68 87 69
f 50 53 138
f 138 53 139
f 268 406 267
f 267 406 246
f 190 106 108
f 108 106 109
f 241 455 112
f 112 455 113
f 358 122 343
f 343 122 121
f 129 347 130
f 130 347 348
f 348 351 130
f 130 351 131
f 229 232 356
f 356 232 357
f 340 115 358
f 358 115 122
f 111 359 112
f 112 359 242
f 125 124 457
f 457 124 422
f 231 132 232
f 232 132 131
f 343 121 344
f 344 121 436
f 263 114 360
f 360 114 113
f 347 129 345
f 345 129 422
f 230 229 437
f 437 229 436
f 464 446 423
f 423 446 400
f 465 466 468
f 468 466 467
f 470 471 469
f 469 471 472
f 469 472 373
f 373 472 374
f 474 469 473
f 473 469 373
f 471 475 472
f 472 475 476
f 472 477 374
f 374 477 478
f 477 472 476
f 479 480 476
f 476 480 477
f 473 373 377
f 377 373 372
f 481 482 479
f 479 482 480
f 483 484 481
f 481 484 482
f 403 402 485
f 485 402 486
f 487 488 483
f 483 488 484
f 487 489 488
f 488 489 490
f 489 491 490
f 490 491 492
f 491 493 492
f 492 493 494
f 493 495 494
f 494 495 496
f 497 498 481
f 481 498 483
f 484 499 482
f 482 499 367
f 370 480 367
f 367 480 482
f 480 370 477
f 477 370 478
f 500 497 479
f 479 497 481
f 451 473 380
f 380 473 377
f 448 451 379
f 379 451 380
f 501 502 504
f 504 502 503
f 449 505 507
f 507 505 506
f 486 508 505
f 505 508 506
f 508 509 506
f 506 509 510
f 511 507 510
f 510 507 506
f 509 508 512
f 512 508 513
f 515 509 514
f 514 509 512
f 509 515 510
f 510 515 516
f 510 516 511
f 511 516 517
f 486 505 485
f 485 505 518
f 505 449 518
f 518 449 448
f 383 382 403
f 403 382 404
f 363 404 364
f 364 404 382
f 403 485 383
f 383 485 407
f 519 520 361
f 361 520 362
f 522 496 521
f 521 496 495
f 450 474 451
f 451 474 473
f 363 366 523
f 523 366 524
f 525 499 488
f 488 499 484
f 488 490 525
f 525 490 526
f 496 522 520
f 520 522 527
f 494 496 519
f 519 496 520
f 492 494 528
f 528 494 519
f 529 530 495
f 495 530 521
f 490 492 526
f 526 492 528
f 529 495 531
f 531 495 493
f 533 534 532
f 532 534 535
f 523 524 533
f 533 524 534
f 486 402 532
f 532 402 533
f 529 536 530
f 530 536 537
f 536 538 537
f 537 538 539
f 540 541 539
f 539 541 537
f 530 537 535
f 535 537 541
f 542 539 543
f 543 539 538
f 539 542 540
f 540 542 544
f 541 540 513
f 513 540 512
f 540 544 512
f 512 544 514
f 546 547 545
f 545 547 548
f 549 550 531
f 531 550 551
f 550 549 552
f 552 549 553
f 546 550 554
f 554 550 552
f 547 546 555
f 555 546 554
f 498 556 558
f 558 556 557
f 559 557 560
f 560 557 556
f 561 562 560
f 560 562 559
f 557 559 552
f 552 559 554
f 559 562 554
f 554 562 555
f 558 557 553
f 553 557 552
f 475 471 563
f 563 471 564
f 565 563 567
f 567 563 566
f 471 470 564
f 564 470 466
f 564 466 568
f 568 466 465
f 568 465 569
f 569 465 570
f 572 573 571
f 571 573 574
f 569 575 567
f 567 575 576
f 577 565 576
f 576 565 567
f 578 579 581
f 581 579 580
f 575 561 576
f 576 561 560
f 556 577 560
f 560 577 576
f 577 556 497
f 497 556 498
f 565 577 500
f 500 577 497
f 563 565 475
f 475 565 500
f 553 489 558
f 558 489 487
f 531 493 549
f 549 493 491
f 489 553 491
f 491 553 549
f 394 407 518
f 518 407 485
f 518 448 394
f 394 448 379
f 545 548 538
f 538 548 543
f 551 545 536
f 536 545 538
f 536 529 551
f 551 529 531
f 507 582 449
f 449 582 450
f 511 583 507
f 507 583 582
f 511 517 583
f 583 517 584
f 585 586 588
f 588 586 587
f 590 591 589
f 589 591 592
f 591 590 593
f 593 590 594
f 596 597 595
f 595 597 598
f 599 600 602
f 602 600 601
f 604 605 603
f 603 605 606
f 608 609 607
f 607 609 610
f 612 613 611
f 611 613 614
f 615 616 618
f 618 616 617
f 620 621 619
f 619 621 622
f 624 625 623
f 623 625 626
f 628 629 627
f 627 629 630
f 632 633 631
f 631 633 634
f 635 636 638
f 638 636 637
f 639 640 642
f 642 640 641
f 644 645 643
f 643 645 646
f 619 622 647
f 647 622 648
f 650 651 649
f 649 651 652
f 601 653 602
f 602 653 654
f 656 657 655
f 655 657 658
f 660 661 659
f 659 661 662
f 664 665 663
f 663 665 666
f 593 594 667
f 667 594 668
f 669 670 672
f 672 670 671
f 673 674 676
f 676 674 675
f 633 632 677
f 677 632 678
f 663 666 679
f 679 666 680
f 681 682 684
f 684 682 683
f 686 687 685
f 685 687 688
f 690 661 689
f 689 661 691
f 693 686 692
f 692 686 685
f 695 597 694
f 694 597 668
f 594 696 668
f 668 696 694
f 697 698 696
f 696 698 699
f 700 701 697
f 697 701 698
f 702 585 703
f 703 585 588
f 671 690 672
f 672 690 689
f 640 639 704
f 704 639 705
f 679 706 663
f 663 706 658
f 708 709 707
f 707 709 710
f 711 712 610
f 610 712 607
f 713 714 716
f 716 714 715
f 717 718 720
f 720 718 719
f 722 634 721
f 721 634 633
f 724 725 723
f 723 725 726
f 728 729 727
f 727 729 730
f 732 733 731
f 731 733 734
f 707 710 735
f 735 710 736
f 643 737 644
f 644 737 738
f 740 741 739
f 739 741 742
f 608 744 743
f 743 744 745
f 747 748 746
f 746 748 749
f 751 752 750
f 750 752 753
f 754 755 757
f 757 755 756
f 758 759 761
f 761 759 760
f 763 764 762
f 762 764 765
f 767 768 766
f 766 768 769
f 771 772 770
f 770 772 773
f 775 776 774
f 774 776 777
f 779 780 778
f 778 780 781
f 783 712 782
f 782 712 784
f 785 786 788
f 788 786 787
f 790 628 789
f 789 628 627
f 792 793 791
f 791 793 794
f 795 796 726
f 726 796 723
f 798 799 797
f 797 799 800
f 721 633 801
f 801 633 677
f 797 800 802
f 802 800 803
f 805 806 804
f 804 806 807
f 809 810 808
f 808 810 811
f 813 814 812
f 812 814 815
f 809 808 817
f 817 808 816
f 818 819 804
f 804 819 805
f 820 821 818
f 818 821 819
f 821 820 587
f 587 820 822
f 809 823 810
f 810 823 824
f 814 807 815
f 815 807 806
f 826 426 825
f 825 426 223
f 426 826 427
f 427 826 827
f 828 829 454
f 454 829 830
f 831 832 677
f 677 832 801
f 834 835 833
f 833 835 836
f 838 839 837
f 837 839 840
f 841 842 844
f 844 842 843
f 845 846 803
f 803 846 802
f 847 831 678
f 678 831 677
f 848 849 851
f 851 849 850
f 853 854 852
f 852 854 855
f 857 858 856
f 856 858 680
f 860 861 859
f 859 861 862
f 864 865 863
f 863 865 866
f 868 869 867
f 867 869 870
f 839 871 840
f 840 871 872
f 849 848 874
f 874 848 873
f 876 877 875
f 875 877 878
f 880 881 879
f 879 881 882
f 883 884 886
f 886 884 885
f 846 887 802
f 802 887 888
f 890 891 889
f 889 891 888
f 893 894 892
f 892 894 895
f 896 897 728
f 728 897 729
f 899 900 898
f 898 900 901
f 902 852 904
f 904 852 903
f 849 905 850
f 850 905 906
f 875 878 907
f 907 878 908
f 910 911 909
f 909 911 912
f 914 915 913
f 913 915 916
f 917 918 862
f 862 918 859
f 919 920 856
f 856 920 921
f 923 924 922
f 922 924 925
f 926 927 925
f 925 927 922
f 929 930 928
f 928 930 693
f 932 695 931
f 931 695 694
f 823 867 824
f 824 867 933
f 935 936 934
f 934 936 937
f 938 868 823
f 823 868 867
f 940 847 939
f 939 847 678
f 632 655 678
f 678 655 939
f 941 942 619
f 619 942 620
f 687 943 688
f 688 943 944
f 851 850 945
f 945 850 903
f 850 906 903
f 903 906 904
f 946 947 949
f 949 947 948
f 951 952 950
f 950 952 953
f 955 956 954
f 954 956 957
f 907 958 875
f 875 958 874
f 960 961 959
f 959 961 962
f 963 853 902
f 902 853 852
f 909 964 910
f 910 964 965
f 967 968 966
f 966 968 969
f 971 972 970
f 970 972 973
f 974 960 975
f 975 960 959
f 977 978 976
f 976 978 979
f 981 977 980
f 980 977 976
f 980 982 981
f 981 982 983
f 985 983 984
f 984 983 982
f 984 986 985
f 985 986 987
f 989 990 988
f 988 990 991
f 993 994 992
f 992 994 995
f 997 998 996
f 996 998 999
f 1001 1002 1000
f 1000 1002 1003
f 1005 1006 1004
f 1004 1006 1007
f 1004 1008 1005
f 1005 1008 1009
f 1008 1010 1009
f 1009 1010 1011
f 1013 1011 1012
f 1012 1011 1010
f 1014 1015 1017
f 1017 1015 1016
f 1019 1020 1018
f 1018 1020 1021
f 1022 1023 976
f 976 1023 980
f 1024 1025 982
f 982 1025 984
f 992 995 1026
f 1026 995 1027
f 956 955 1028
f 1028 955 1029
f 1030 1031 1033
f 1033 1031 1032
f 1010 1008 1034
f 1034 1008 1035
f 1008 1004 1035
f 1035 1004 1036
f 1037 1038 1002
f 1002 1038 1007
f 1002 1001 1037
f 1037 1001 1039
f 1040 1041 997
f 997 1041 998
f 1015 1014 1043
f 1043 1014 1042
f 1044 1045 1047
f 1047 1045 1046
f 1044 1020 1048
f 1048 1020 1049
f 1050 1051 1003
f 1003 1051 1000
f 1052 1050 1006
f 1006 1050 1003
f 1053 1054 1011
f 1011 1054 1009
f 1013 1045 1055
f 1055 1045 1056
f 1058 1059 1057
f 1057 1059 1060
f 1062 1063 1061
f 1061 1063 1064
f 1065 1066 1050
f 1050 1066 1051
f 1067 1065 1052
f 1052 1065 1050
f 1068 1069 1054
f 1054 1069 1070
f 1071 1068 1053
f 1053 1068 1054
f 1073 1071 1072
f 1072 1071 1074
f 1074 1071 1055
f 1055 1071 1053
f 1076 1077 1075
f 1075 1077 1078
f 1079 1080 1057
f 1057 1080 1058
f 1081 1082 1064
f 1064 1082 1061
f 1084 1085 1083
f 1083 1085 1086
f 1088 1089 1087
f 1087 1089 1090
f 1092 1093 1091
f 1091 1093 1094
f 1096 1097 1095
f 1095 1097 1098
f 1099 1100 1102
f 1102 1100 1101
f 1103 1104 1099
f 1099 1104 1100
f 1106 1107 1105
f 1105 1107 1108
f 1110 1111 1109
f 1109 1111 1112
f 1114 1115 1113
f 1113 1115 1116
f 1118 1119 1117
f 1117 1119 1077
f 1117 1120 1122
f 1122 1120 1121
f 1105 1123 1106
f 1106 1123 1124
f 1125 1126 1128
f 1128 1126 1127
f 1130 1131 1129
f 1129 1131 1132
f 1134 1135 1133
f 1133 1135 1114
f 1113 1136 1114
f 1114 1136 1133
f 1118 1137 1113
f 1113 1137 1136
f 1118 1117 1137
f 1137 1117 1122
f 1139 1140 1138
f 1138 1140 1141
f 1143 953 1142
f 1142 953 952
f 1145 957 1144
f 1144 957 956
f 1028 1146 956
f 956 1146 1144
f 1014 1147 1042
f 1042 1147 1148
f 1014 1017 1147
f 1147 1017 1149
f 1059 1058 1150
f 1150 1058 1151
f 1153 1080 1152
f 1152 1080 1154
f 1156 1088 1155
f 1155 1088 1087
f 1157 1158 1106
f 1106 1158 1107
f 1106 1124 1157
f 1157 1124 1159
f 1161 1162 1160
f 1160 1162 1163
f 1165 1166 1164
f 1164 1166 1167
f 1168 1031 1012
f 1012 1031 1046
f 1024 1023 1035
f 1035 1023 1034
f 1036 1038 1025
f 1025 1038 1169
f 1170 1171 1039
f 1039 1171 1037
f 1028 1029 1042
f 1042 1029 1043
f 1172 1173 1175
f 1175 1173 1174
f 1055 1053 1013
f 1013 1053 1011
f 1005 1009 1070
f 1070 1009 1054
f 996 999 1062
f 1062 999 1063
f 1016 1060 1017
f 1017 1060 1059
f 1017 1059 1149
f 1149 1059 1150
f 1177 1178 1176
f 1176 1178 1103
f 1176 1072 1179
f 1179 1072 1074
f 1073 1102 1086
f 1086 1102 1083
f 1180 1181 1067
f 1067 1181 1065
f 1182 1183 1184
f 1184 1183 1181
f 1186 1187 1185
f 1185 1187 1188
f 1189 1190 798
f 798 1190 799
f 1192 1193 1191
f 1191 1193 1194
f 1195 1196 1194
f 1194 1196 1191
f 1196 1195 1198
f 1198 1195 1197
f 1200 674 1199
f 1199 674 673
f 928 1201 1203
f 1203 1201 1202
f 861 1204 862
f 862 1204 921
f 1205 1206 913
f 913 1206 1207
f 882 1208 879
f 879 1208 1209
f 1210 1211 1167
f 1167 1211 1164
f 1212 769 1213
f 1213 769 768
f 727 1214 728
f 728 1214 1215
f 1217 1218 1216
f 1216 1218 1219
f 1220 813 1221
f 1221 813 812
f 827 828 427
f 427 828 454
f 1223 1224 1222
f 1222 1224 1165
f 1226 1227 1225
f 1225 1227 1228
f 851 1229 848
f 848 1229 1230
f 834 854 835
f 835 854 1231
f 1233 1234 1232
f 1232 1234 1235
f 1237 751 1236
f 1236 751 750
f 743 819 1238
f 1238 819 821
f 1240 1241 1239
f 1239 1241 1242
f 1244 1245 1243
f 1243 1245 1246
f 844 1247 841
f 841 1247 1248
f 1250 1251 1249
f 1249 1251 1252
f 1254 893 1253
f 1253 893 1237
f 1255 1256 1258
f 1258 1256 1257
f 1260 1261 1259
f 1259 1261 1262
f 945 903 855
f 855 903 852
f 855 1263 945
f 945 1263 1264
f 832 845 801
f 801 845 803
f 800 721 803
f 803 721 801
f 721 800 722
f 722 800 799
f 1266 1267 1265
f 1265 1267 1268
f 1270 795 1269
f 1269 795 726
f 725 1271 726
f 726 1271 1269
f 737 765 738
f 738 765 764
f 759 740 760
f 760 740 739
f 717 1272 1274
f 1274 1272 1273
f 1163 1226 1275
f 1275 1226 1225
f 1277 882 1276
f 1276 882 881
f 1041 1040 1027
f 1027 1040 1026
f 900 935 901
f 901 935 934
f 1164 1278 1165
f 1165 1278 1222
f 1211 1279 1164
f 1164 1279 1278
f 442 1280 453
f 453 1280 1281
f 788 1282 785
f 785 1282 1283
f 1285 1286 1284
f 1284 1286 1287
f 1284 1288 1285
f 1285 1288 1289
f 757 1289 754
f 754 1289 1288
f 605 604 675
f 675 604 676
f 1290 1291 1293
f 1293 1291 1292
f 1295 1296 1294
f 1294 1296 1297
f 696 699 694
f 694 699 931
f 1298 1299 592
f 592 1299 589
f 1299 1300 589
f 589 1300 700
f 1300 1301 700
f 700 1301 701
f 743 745 819
f 819 745 805
f 1303 1304 1302
f 1302 1304 1305
f 1306 1307 1305
f 1305 1307 1302
f 609 1298 610
f 610 1298 592
f 587 822 588
f 588 822 1308
f 703 588 1309
f 1309 588 1308
f 1310 703 571
f 571 703 1309
f 1311 1312 789
f 789 1312 790
f 825 223 1313
f 1313 223 220
f 219 1314 220
f 220 1314 1313
f 1315 1316 1311
f 1311 1316 1312
f 1317 1318 1319
f 1319 1318 1241
f 441 1320 442
f 442 1320 1280
f 1321 217 572
f 572 217 216
f 1323 1230 1322
f 1322 1230 1229
f 1324 1325 631
f 631 1325 656
f 1034 1168 1010
f 1010 1168 1012
f 1327 1328 1326
f 1326 1328 1329
f 1331 1202 1330
f 1330 1202 1201
f 571 1309 572
f 572 1309 1321
f 573 572 1332
f 1332 572 216
f 1334 1335 1333
f 1333 1335 1336
f 1337 1338 918
f 918 1338 859
f 1339 863 1340
f 1340 863 866
f 1341 1342 1344
f 1344 1342 1343
f 1345 1346 919
f 919 1346 920
f 1347 1348 673
f 673 1348 1199
f 693 1349 928
f 928 1349 1201
f 1351 1257 1350
f 1350 1257 1256
f 1350 1352 1351
f 1351 1352 1353
f 653 930 654
f 654 930 662
f 1279 1354 1278
f 1278 1354 1355
f 1357 1358 1356
f 1356 1358 1359
f 937 1360 1140
f 1140 1360 1361
f 1225 1228 909
f 909 1228 964
f 901 934 1362
f 1362 934 1139
f 1364 1365 1363
f 1363 1365 1362
f 1367 912 1366
f 1366 912 911
f 1143 1142 1368
f 1368 1142 1369
f 1144 1186 1145
f 1145 1186 1185
f 1146 1175 1144
f 1144 1175 1186
f 1175 1146 1172
f 1172 1146 1148
f 1147 1018 1148
f 1148 1018 1172
f 1018 1147 1019
f 1019 1147 1149
f 1149 1150 1019
f 1019 1150 1370
f 1150 1151 1370
f 1370 1151 1371
f 1151 1153 1371
f 1371 1153 1177
f 1152 1156 1178
f 1178 1156 1372
f 1155 1158 1373
f 1373 1158 1374
f 1157 1159 1376
f 1376 1159 1375
f 1378 1379 1377
f 1377 1379 1380
f 1382 1383 1381
f 1381 1383 1384
f 1382 1386 1385
f 1385 1386 1387
f 1386 1233 1387
f 1387 1233 1232
f 1389 1390 1388
f 1388 1390 1391
f 1393 1394 1392
f 1392 1394 1395
f 1397 1398 1396
f 1396 1398 1399
f 629 1397 630
f 630 1397 1396
f 1342 1400 1343
f 1343 1400 1401
f 1403 1404 1402
f 1402 1404 1405
f 1407 1408 1406
f 1406 1408 1409
f 1411 1412 1410
f 1410 1412 1413
f 793 1414 794
f 794 1414 1415
f 1417 1341 1416
f 1416 1341 1344
f 704 705 1347
f 1347 705 1418
f 741 1419 742
f 742 1419 1420
f 1422 669 1421
f 1421 669 672
f 645 1423 646
f 646 1423 1424
f 1196 1198 614
f 614 1198 611
f 613 1425 614
f 614 1425 1426
f 1427 616 659
f 659 616 660
f 614 1426 1196
f 1196 1426 1191
f 696 594 697
f 697 594 590
f 697 590 700
f 700 590 589
f 703 1310 702
f 702 1310 1428
f 1421 672 1192
f 1192 672 689
f 1271 648 1269
f 1269 648 622
f 621 1270 622
f 622 1270 1269
f 1429 1430 1417
f 1417 1430 1341
f 1431 1432 1434
f 1434 1432 1433
f 1436 1437 1435
f 1435 1437 1438
f 1440 1441 1439
f 1439 1441 1442
f 1443 1444 1446
f 1446 1444 1445
f 823 809 938
f 938 809 817
f 810 1447 811
f 811 1447 1448
f 1449 1450 679
f 679 1450 706
f 913 916 1205
f 1205 916 1451
f 1275 1225 912
f 912 1225 909
f 1452 1453 880
f 880 1453 881
f 1444 1401 1445
f 1445 1401 1400
f 936 1454 937
f 937 1454 1360
f 824 1455 810
f 810 1455 1447
f 631 656 632
f 632 656 655
f 966 1456 967
f 967 1456 1457
f 1459 1460 1458
f 1458 1460 1461
f 1460 1462 1461
f 1461 1462 1463
f 972 974 973
f 973 974 975
f 990 995 991
f 991 995 994
f 1464 1187 1033
f 1033 1187 1174
f 1018 1021 1172
f 1172 1021 1173
f 1000 999 1001
f 1001 999 998
f 976 979 1022
f 1022 979 1032
f 1023 1024 980
f 980 1024 982
f 989 986 1171
f 1171 986 1169
f 1171 1170 989
f 989 1170 990
f 1170 1027 990
f 990 1027 995
f 1041 1039 998
f 998 1039 1001
f 1051 1063 1000
f 1000 1063 999
f 1066 1064 1051
f 1051 1064 1063
f 1183 1081 1066
f 1066 1081 1064
f 1178 1372 1103
f 1103 1372 1104
f 1092 1091 1465
f 1465 1091 1182
f 1467 1465 1466
f 1466 1465 1468
f 1469 1470 1184
f 1184 1470 1468
f 1095 1098 1471
f 1471 1098 1101
f 1076 1374 1120
f 1120 1374 1376
f 1110 1472 1127
f 1127 1472 1132
f 1472 1473 1132
f 1132 1473 1129
f 1474 1475 1466
f 1466 1475 1473
f 1119 1118 1116
f 1116 1118 1113
f 1375 1121 1376
f 1376 1121 1120
f 1127 1132 1128
f 1128 1132 1131
f 1227 1476 1228
f 1228 1476 1361
f 1365 1477 1362
f 1362 1477 872
f 1478 1479 1323
f 1323 1479 1230
f 1480 1481 914
f 914 1481 915
f 913 1277 914
f 914 1277 1276
f 1168 1034 1022
f 1022 1034 1023
f 1035 1036 1024
f 1024 1036 1025
f 1039 1041 1170
f 1170 1041 1027
f 1042 1148 1028
f 1028 1148 1146
f 968 1459 969
f 969 1459 1458
f 1482 1483 664
f 664 1483 665
f 1485 1486 1484
f 1484 1486 1487
f 1489 1490 1488
f 1488 1490 1491
f 1492 1493 722
f 722 1493 634
f 1495 1496 1494
f 1494 1496 1497
f 1498 1207 1339
f 1339 1207 863
f 1224 1499 1165
f 1165 1499 1166
f 1160 1163 1500
f 1500 1163 1275
f 1500 877 1160
f 1160 877 1501
f 876 873 1502
f 1502 873 1479
f 945 1264 851
f 851 1264 1229
f 835 1231 839
f 839 1231 871
f 1503 1283 778
f 778 1283 1282
f 716 715 1505
f 1505 715 1504
f 1446 1445 1507
f 1507 1445 1506
f 779 792 1381
f 1381 792 791
f 1430 1409 1341
f 1341 1409 1342
f 1411 1429 1508
f 1508 1429 1417
f 635 1510 1509
f 1509 1510 1511
f 1377 1380 1315
f 1315 1380 1316
f 1445 1400 1506
f 1506 1400 1408
f 918 917 1336
f 1336 917 1333
f 1513 1514 1512
f 1512 1514 870
f 1515 1516 1363
f 1363 1516 1364
f 1453 1517 881
f 881 1517 1276
f 992 1518 993
f 993 1518 1519
f 1520 1029 1518
f 1518 1029 955
f 1520 1026 1521
f 1521 1026 1040
f 1522 1015 1521
f 1521 1015 1043
f 996 1523 997
f 997 1523 1522
f 1060 1016 1524
f 1524 1016 1523
f 1061 1525 1062
f 1062 1525 1524
f 1079 1527 1526
f 1526 1527 1528
f 1093 1529 1094
f 1094 1529 1528
f 1111 1530 1112
f 1112 1530 1531
f 1532 1533 1105
f 1105 1533 1123
f 934 937 1139
f 1139 937 1140
f 1138 1363 1139
f 1139 1363 1362
f 1534 1222 1355
f 1355 1222 1278
f 1535 1223 1534
f 1534 1223 1222
f 821 587 1238
f 1238 587 586
f 1319 711 1317
f 1317 711 1536
f 1538 1200 1537
f 1537 1200 1199
f 1508 1417 1539
f 1539 1417 1416
f 1540 1541 840
f 840 1541 837
f 1231 898 871
f 871 898 901
f 1500 1275 1367
f 1367 1275 912
f 1543 1379 1542
f 1542 1379 1395
f 1539 772 1508
f 1508 772 1544
f 1546 1403 1545
f 1545 1403 1402
f 1548 1549 1547
f 1547 1549 1550
f 1552 1548 1551
f 1551 1548 1547
f 1554 1555 1553
f 1553 1555 1556
f 1558 1559 1557
f 1557 1559 1560
f 1562 1563 1561
f 1561 1563 1564
f 1566 1567 1565
f 1565 1567 1568
f 1570 1571 1569
f 1569 1571 1572
f 1574 1575 1573
f 1573 1575 1576
f 1577 1578 1572
f 1572 1578 1569
f 1580 1581 1579
f 1579 1581 1582
f 1584 1585 1583
f 1583 1585 1586
f 1588 1555 1587
f 1587 1555 1589
f 1591 1592 1590
f 1590 1592 1593
f 1595 1596 1594
f 1594 1596 1597
f 1596 1581 1597
f 1597 1581 1576
f 1599 1570 1598
f 1598 1570 1569
f 1601 1602 1600
f 1600 1602 1603
f 1605 1606 1604
f 1604 1606 1607
f 1608 1609 1568
f 1568 1609 1565
f 1611 1612 1610
f 1610 1612 1613
f 1615 1616 1614
f 1614 1616 1617
f 1619 1617 1618
f 1618 1617 1616
f 1621 1622 1620
f 1620 1622 1623
f 1625 1626 1624
f 1624 1626 1627
f 1629 1630 1628
f 1628 1630 1631
f 1633 1634 1632
f 1632 1634 1635
f 1636 1637 1639
f 1639 1637 1638
f 1641 1642 1640
f 1640 1642 1643
f 1624 1627 1644
f 1644 1627 1645
f 1647 1648 1646
f 1646 1648 1649
f 1651 1652 1650
f 1650 1652 1653
f 1655 1656 1654
f 1654 1656 1657
f 1659 1660 1658
f 1658 1660 1661
f 1662 1663 1631
f 1631 1663 1628
f 1651 1665 1664
f 1664 1665 1666
f 1667 1656 1619
f 1619 1656 1617
f 1669 1670 1668
f 1668 1670 1671
f 1632 1635 1672
f 1672 1635 1673
f 1674 1675 1638
f 1638 1675 1639
f 1677 1678 1676
f 1676 1678 1679
f 1680 1640 1681
f 1681 1640 1643
f 1682 1683 1643
f 1643 1683 1681
f 1670 1669 1235
f 1235 1669 1232
f 1396 1399 1674
f 1674 1399 1675
f 627 630 1679
f 1679 630 1676
f 1681 1315 1680
f 1680 1315 1311
f 1683 1377 1681
f 1681 1377 1315
f 1672 1673 1387
f 1387 1673 1385
f 1636 1684 1646
f 1646 1684 1685
f 1687 1688 1686
f 1686 1688 1689
f 1585 1690 1586
f 1586 1690 1691
f 1599 1692 1551
f 1551 1692 1693
f 1552 1558 1694
f 1694 1558 1557
f 1696 1615 1695
f 1695 1615 1614
f 1698 1699 1697
f 1697 1699 1623
f 1700 1701 1703
f 1703 1701 1702
f 1705 1706 1704
f 1704 1706 1707
f 1708 1709 1640
f 1640 1709 1641
f 1710 1711 1713
f 1713 1711 1712
f 1652 1655 1653
f 1653 1655 1654
f 1714 1699 1712
f 1712 1699 1713
f 1715 1710 1716
f 1716 1710 1713
f 1717 1708 1680
f 1680 1708 1640
f 1393 1392 1715
f 1715 1392 1710
f 1719 1720 1718
f 1718 1720 1721
f 1680 1311 1717
f 1717 1311 789
f 1378 1711 1392
f 1392 1711 1710
f 1388 1391 1719
f 1719 1391 1720
f 1723 1606 1722
f 1722 1606 1689
f 1725 1568 1724
f 1724 1568 1567
f 1726 1647 1685
f 1685 1647 1646
f 1728 1554 1727
f 1727 1554 1553
f 1591 1687 1600
f 1600 1687 1686
f 1730 1595 1729
f 1729 1595 1594
f 1601 1605 1731
f 1731 1605 1604
f 1733 1663 1732
f 1732 1663 1734
f 1736 1639 1735
f 1735 1639 1675
f 1658 1644 1737
f 1737 1644 1645
f 1726 1662 1724
f 1724 1662 1631
f 1399 1738 1675
f 1675 1738 1735
f 1621 1667 1739
f 1739 1667 1619
f 1714 1740 1620
f 1620 1740 1741
f 1592 1549 1593
f 1593 1549 1742
f 1602 1571 1603
f 1603 1571 1550
f 1688 1690 1689
f 1689 1690 1722
f 1588 1559 1582
f 1582 1559 1579
f 1673 1735 1385
f 1385 1735 1738
f 1387 1232 1672
f 1672 1232 1669
f 1580 1692 1573
f 1573 1692 1743
f 1377 1683 1378
f 1378 1683 1711
f 1664 1666 1744
f 1744 1666 1745
f 1744 1696 1664
f 1664 1696 1695
f 1746 1747 1732
f 1732 1747 1748
f 1749 1750 1677
f 1677 1750 1678
f 1709 1708 1750
f 1750 1708 1678
f 1668 1632 1669
f 1669 1632 1672
f 1633 1746 1734
f 1734 1746 1732
f 1679 1678 1717
f 1717 1678 1708
f 789 627 1717
f 1717 627 1679
f 1563 1723 1564
f 1564 1723 1722
f 1728 1584 1751
f 1751 1584 1583
f 1674 1676 1396
f 1396 1676 630
f 1666 1566 1745
f 1745 1566 1565
f 1627 1629 1645
f 1645 1629 1628
f 1637 1749 1638
f 1638 1749 1677
f 1648 1665 1649
f 1649 1665 1752
f 1740 1642 1741
f 1741 1642 1657
f 1676 1674 1677
f 1677 1674 1638
f 1683 1682 1711
f 1711 1682 1712
f 1618 1753 1619
f 1619 1753 1739
f 1701 1739 1702
f 1702 1739 1753
f 1754 1214 1756
f 1756 1214 1755
f 647 1757 619
f 619 1757 941
f 1759 1193 1758
f 1758 1193 691
f 1419 1760 1420
f 1420 1760 1761
f 682 1762 683
f 683 1762 1763
f 1412 780 1413
f 1413 780 1384
f 1383 1398 1384
f 1384 1398 1413
f 1197 1424 1764
f 1764 1424 1423
f 1537 1287 1538
f 1538 1287 1286
f 1634 1684 1635
f 1635 1684 1736
f 1724 1631 1725
f 1725 1631 1630
f 1562 1730 1610
f 1610 1730 1729
f 1735 1673 1736
f 1736 1673 1635
f 1757 1195 941
f 941 1195 1194
f 1766 200 1765
f 1765 200 199
f 475 500 476
f 476 500 479
f 498 558 483
f 483 558 487
f 545 551 546
f 546 551 550
f 453 1281 219
f 219 1281 1314
f 298 453 208
f 208 453 219
f 368 1765 1767
f 1767 1765 199
f 523 405 363
f 363 405 404
f 523 533 405
f 405 533 402
f 298 208 299
f 299 208 207
f 299 207 176
f 176 207 300
f 176 300 173
f 173 300 202
f 173 202 174
f 174 202 201
f 1337 918 1768
f 1768 918 1336
f 1769 1770 1338
f 1338 1770 859
f 581 570 578
f 578 570 1771
f 555 562 580
f 580 562 561
f 504 1772 501
f 501 1772 548
f 517 542 584
f 584 542 543
f 515 514 516
f 516 514 544
f 542 517 544
f 544 517 516
f 561 575 580
f 580 575 581
f 575 569 581
f 581 569 570
f 501 548 1773
f 1773 548 547
f 1774 1775 570
f 570 1775 1771
f 369 368 1776
f 1776 368 1767
f 372 369 375
f 375 369 1776
f 822 1280 1308
f 1308 1280 1320
f 820 1281 822
f 822 1281 1280
f 818 1314 820
f 820 1314 1281
f 1314 818 1313
f 1313 818 804
f 807 814 825
f 825 814 826
f 814 813 826
f 826 813 827
f 813 1220 827
f 827 1220 828
f 580 579 555
f 555 579 547
f 1477 1540 872
f 872 1540 840
f 367 499 368
f 368 499 1765
f 1766 1765 525
f 525 1765 499
f 1777 1766 526
f 526 1766 525
f 520 527 362
f 362 527 384
f 361 1778 519
f 519 1778 528
f 371 1779 372
f 372 1779 369
f 369 1779 370
f 370 1779 478
f 1779 371 478
f 478 371 374
f 1778 1777 528
f 528 1777 526
f 1781 1782 1780
f 1780 1782 1783
f 431 460 67
f 67 460 64
f 68 338 74
f 74 338 72
f 1785 1782 1784
f 1784 1782 1786
f 1787 1788 1790
f 1790 1788 1789
f 1792 1789 1791
f 1791 1789 1793
f 1791 1794 1792
f 1792 1794 1795
f 1794 1796 1795
f 1795 1796 1797
f 1797 1798 938
f 938 1798 868
f 1798 1799 868
f 868 1799 869
f 1801 1802 1800
f 1800 1802 1451
f 1803 1804 1205
f 1205 1804 1206
f 1805 1806 864
f 864 1806 865
f 1806 1807 865
f 865 1807 1808
f 68 71 338
f 287 328 288
f 1320 1321 1308
f 1308 1321 1309
f 1320 441 1321
f 1321 441 217
f 441 152 217
f 217 152 218
f 151 286 152
f 152 286 218
f 297 310 151
f 151 310 286
f 296 307 297
f 297 307 310
f 296 143 307
f 307 143 284
f 143 56 284
f 284 56 104
f 56 59 104
f 104 59 63
f 59 102 63
f 63 102 60
f 102 94 60
f 60 94 282
f 93 459 279
f 279 459 77
f 459 460 77
f 77 460 78
f 460 431 78
f 78 431 295
f 431 49 295
f 295 49 292
f 48 421 49
f 49 421 292
f 276 278 418
f 418 278 429
f 317 432 278
f 278 432 429
f 432 317 433
f 433 317 316
f 326 324 316
f 316 324 433
f 1536 592 1809
f 1809 592 591
f 1810 744 1812
f 1812 744 1811
f 1814 1815 1813
f 1813 1815 1816
f 1817 748 1818
f 1818 748 747
f 1812 1819 1810
f 1810 1819 1817
f 1820 1821 748
f 748 1821 749
f 1823 1824 1822
f 1822 1824 1825
f 1827 1828 1826
f 1826 1828 1829
f 1831 1832 1830
f 1830 1832 1833
f 1834 1827 1243
f 1243 1827 1826
f 1313 804 825
f 825 804 807
f 1835 1253 1236
f 1236 1253 1237
f 1836 1837 1438
f 1438 1837 1435
f 1838 1505 1840
f 1840 1505 1839
f 1841 1842 716
f 716 1842 713
f 1843 1844 1510
f 1510 1844 1845
f 1847 1848 1846
f 1846 1848 1849
f 1850 1240 1822
f 1822 1240 1239
f 636 1831 637
f 637 1831 1830
f 1852 1853 1851
f 1851 1853 1854
f 1855 1856 1858
f 1858 1856 1857
f 1846 1849 1859
f 1859 1849 1860
f 1343 1401 1509
f 1509 1401 1861
f 1509 1861 635
f 635 1861 636
f 1863 1864 1862
f 1862 1864 1865
f 1283 1503 1867
f 1867 1503 1866
f 1868 1867 681
f 681 1867 682
f 1286 1285 683
f 683 1285 684
f 757 756 1274
f 1274 756 1869
f 1274 1869 717
f 717 1869 718
f 1434 1433 719
f 719 1433 720
f 1200 1538 1545
f 1545 1538 1763
f 1285 1289 684
f 684 1289 1273
f 684 1273 681
f 681 1273 1272
f 785 1283 1868
f 1868 1283 1867
f 786 785 1870
f 1870 785 1868
f 1289 757 1273
f 1273 757 1274
f 1539 1416 1871
f 1871 1416 1872
f 773 1871 1403
f 1403 1871 1404
f 675 674 1405
f 1405 674 1402
f 1864 1873 1865
f 1865 1873 1874
f 638 1843 635
f 635 1843 1510
f 1344 1343 1511
f 1511 1343 1509
f 772 1539 773
f 773 1539 1871
f 674 1200 1402
f 1402 1200 1545
f 1538 1286 1763
f 1763 1286 683
f 1444 1443 1875
f 1875 1443 1876
f 1875 1876 1831
f 1831 1876 1832
f 1416 1344 1872
f 1872 1344 1511
f 1877 1878 774
f 774 1878 1879
f 1878 1847 1879
f 1879 1847 1846
f 1880 714 1881
f 1881 714 1848
f 1401 1444 1861
f 1861 1444 1875
f 1861 1875 636
f 636 1875 1831
f 1823 1863 1882
f 1882 1863 1862
f 1441 1440 1884
f 1884 1440 1883
f 1883 1852 1884
f 1884 1852 1851
f 1886 1887 1885
f 1885 1887 1888
f 1358 1889 1359
f 1359 1889 1890
f 1891 1886 1892
f 1892 1886 1885
f 774 1879 775
f 775 1879 1893
f 1859 1893 1846
f 1846 1893 1879
f 713 1842 1849
f 1849 1842 1860
f 1318 1895 1894
f 1894 1895 1896
f 1873 1897 1874
f 1874 1897 1898
f 1898 605 1899
f 1899 605 675
f 1405 1844 675
f 675 1844 1899
f 1404 1845 1405
f 1405 1845 1844
f 593 1296 591
f 591 1296 1809
f 1295 1292 1900
f 1900 1292 1895
f 606 1897 1291
f 1291 1897 1896
f 1510 1845 1511
f 1511 1845 1872
f 1871 1872 1404
f 1404 1872 1845
f 1866 770 1762
f 1762 770 1546
f 1762 682 1866
f 1866 682 1867
f 1870 1868 1272
f 1272 1868 681
f 1272 717 1870
f 1870 717 720
f 1870 720 786
f 786 720 1433
f 786 1433 787
f 787 1433 1432
f 1261 1414 1432
f 1432 1414 787
f 1389 1234 1260
f 1260 1234 1415
f 1719 1670 1388
f 1388 1670 1235
f 1718 1671 1719
f 1719 1671 1670
f 1705 1747 1718
f 1718 1747 1671
f 1659 1901 1704
f 1704 1901 1748
f 1877 1903 1902
f 1902 1903 1904
f 1259 1905 1390
f 1390 1905 1394
f 1715 1720 1393
f 1393 1720 1391
f 1716 1721 1715
f 1715 1721 1720
f 1698 1706 1716
f 1716 1706 1721
f 277 276 47
f 47 276 48
f 84 96 81
f 81 96 82
f 80 70 81
f 81 70 85
f 99 97 88
f 88 97 89
f 90 100 88
f 88 100 99
f 101 95 102
f 102 95 94
f 1906 1907 280
f 280 1907 281
f 97 86 89
f 89 86 85
f 60 282 61
f 61 282 281
f 83 82 46
f 46 82 47
f 293 292 420
f 420 292 421
f 419 1908 420
f 420 1908 1909
f 92 95 91
f 91 95 90
f 279 282 93
f 93 282 94
f 276 418 48
f 48 418 421
f 1910 1660 1697
f 1697 1660 1707
f 1703 1624 1700
f 1700 1624 1644
f 1622 1910 1623
f 1623 1910 1697
f 1701 1700 1911
f 1911 1700 1661
f 1700 1644 1661
f 1661 1644 1658
f 1901 1737 1733
f 1733 1737 1645
f 1625 1912 1604
f 1604 1912 1731
f 1912 1913 1731
f 1731 1913 1914
f 1913 1577 1914
f 1914 1577 1572
f 1915 1578 1616
f 1616 1578 1618
f 1915 1916 1598
f 1598 1916 1743
f 1916 1574 1743
f 1743 1574 1573
f 1575 1917 1576
f 1576 1917 1597
f 1917 1609 1597
f 1597 1609 1594
f 1608 1611 1729
f 1729 1611 1610
f 1918 1612 1629
f 1629 1612 1630
f 1626 1918 1627
f 1627 1918 1629
f 1920 1921 1919
f 1919 1921 1922
f 1920 1924 1923
f 1923 1924 1925
f 1926 1927 1924
f 1924 1927 1925
f 1929 1930 1928
f 1928 1930 1931
f 1932 1933 1935
f 1935 1933 1934
f 1937 1938 1936
f 1936 1938 1939
f 1941 1942 1940
f 1940 1942 1943
f 1941 1945 1944
f 1944 1945 1946
f 1947 1948 1694
f 1694 1948 1949
f 1950 1951 1953
f 1953 1951 1952
f 1955 1956 1954
f 1954 1956 1589
f 1958 1956 1957
f 1957 1956 1932
f 1960 1934 1959
f 1959 1934 1933
f 1962 1963 1961
f 1961 1963 1964
f 1965 1955 1751
f 1751 1955 1954
f 1935 1930 1932
f 1932 1930 1957
f 1951 1950 1926
f 1926 1950 1929
f 1966 1967 1593
f 1593 1967 1590
f 1969 1967 1968
f 1968 1967 1964
f 1962 1921 1970
f 1970 1921 1971
f 1963 1945 1964
f 1964 1945 1968
f 1972 1948 1922
f 1922 1948 1919
f 1966 1972 1961
f 1961 1972 1922
f 1958 1953 1587
f 1587 1953 1560
f 1974 1975 1973
f 1973 1975 1976
f 1978 1979 1977
f 1977 1979 1691
f 1979 1975 1691
f 1691 1975 1586
f 1938 1942 1939
f 1939 1942 1980
f 1952 1947 1557
f 1557 1947 1694
f 1969 1978 1981
f 1981 1978 1977
f 1983 1984 1982
f 1982 1984 1985
f 1986 1987 1989
f 1989 1987 1988
f 1990 1991 1983
f 1983 1991 1984
f 1990 1993 1992
f 1992 1993 1994
f 1995 1996 1994
f 1994 1996 1997
f 1999 2000 1998
f 1998 2000 2001
f 2003 2004 2002
f 2002 2004 2005
f 2007 2008 2006
f 2006 2008 2009
f 2011 2012 2010
f 2010 2012 2013
f 2014 2015 2017
f 2017 2015 2016
f 2018 2019 2021
f 2021 2019 2020
f 2022 1989 2024
f 2024 1989 2023
f 1989 1988 2023
f 2023 1988 2025
f 2026 2027 2017
f 2017 2027 2014
f 2029 2030 2028
f 2028 2030 2031
f 2033 2034 2032
f 2032 2034 2035
f 2032 2035 2036
f 2036 2035 2037
f 2039 2040 2038
f 2038 2040 2041
f 1982 2042 1983
f 1983 2042 2043
f 2045 2046 2044
f 2044 2046 2047
f 2049 2050 2048
f 2048 2050 2051
f 2053 2054 2052
f 2052 2054 2055
f 2057 2058 2056
f 2056 2058 2059
f 2060 2061 2033
f 2033 2061 2034
f 2063 2064 2062
f 2062 2064 2065
f 2066 2035 2067
f 2067 2035 2034
f 2069 2039 2068
f 2068 2039 2038
f 2025 2070 2023
f 2023 2070 2071
f 2072 2024 2071
f 2071 2024 2023
f 2074 2020 2073
f 2073 2020 2019
f 2050 2049 2047
f 2047 2049 2075
f 1983 2043 1990
f 1990 2043 1993
f 2006 2050 2007
f 2007 2050 2076
f 2050 2006 2051
f 2051 2006 2077
f 2079 2080 2078
f 2078 2080 2081
f 2082 2083 2085
f 2085 2083 2084
f 2010 2013 2086
f 2086 2013 2087
f 2089 2033 2088
f 2088 2033 2032
f 2090 2060 2089
f 2089 2060 2033
f 2092 2093 2091
f 2091 2093 2094
f 2096 1986 2095
f 2095 1986 2097
f 2097 1986 2022
f 2022 1986 1989
f 2015 2094 2016
f 2016 2094 2098
f 2016 2098 2100
f 2100 2098 2099
f 2017 2016 2101
f 2101 2016 2100
f 2017 2101 2026
f 2026 2101 2102
f 2100 2099 2104
f 2104 2099 2103
f 2104 2105 2100
f 2100 2105 2101
f 2105 2106 2101
f 2101 2106 2102
f 2108 2061 2107
f 2107 2061 2109
f 2111 2112 2110
f 2110 2112 2020
f 2020 2074 2110
f 2110 2074 2113
f 2115 2116 2114
f 2114 2116 2117
f 2118 2119 1995
f 1995 2119 2120
f 2121 2122 2027
f 2027 2122 2014
f 2047 2075 2044
f 2044 2075 2123
f 2124 2125 2127
f 2127 2125 2126
f 2129 2130 2128
f 2128 2130 2131
f 2132 2133 2057
f 2057 2133 2058
f 2134 1999 2136
f 2136 1999 2135
f 2055 2138 2137
f 2137 2138 2139
f 2141 2142 2140
f 2140 2142 2143
f 2083 2082 2064
f 2064 2082 2065
f 2082 2144 2065
f 2065 2144 2145
f 2040 2146 2041
f 2041 2146 2147
f 2060 2090 2148
f 2148 2090 2149
f 2048 2051 2137
f 2137 2051 2150
f 2151 1997 2135
f 2135 1997 1996
f 2152 2150 2077
f 2077 2150 2051
f 2046 2045 2118
f 2118 2045 2119
f 2154 2155 2153
f 2153 2155 2156
f 2158 2159 2157
f 2157 2159 2160
f 2162 2163 2161
f 2161 2163 2164
f 2164 2163 2165
f 2165 2163 2166
f 2168 2169 2167
f 2167 2169 2170
f 2003 2172 2171
f 2171 2172 2173
f 2174 2175 2002
f 2002 2175 2176
f 2145 2177 2065
f 2065 2177 2062
f 2178 2179 2180
f 2180 2179 2134
f 2181 2052 2152
f 2152 2052 2150
f 2040 2127 2146
f 2146 2127 2182
f 2130 2162 2131
f 2131 2162 2161
f 2052 2055 2150
f 2150 2055 2137
f 2184 2185 2183
f 2183 2185 2186
f 2159 2030 2160
f 2160 2030 2187
f 2146 2182 2029
f 2029 2182 2188
f 2189 2190 2192
f 2192 2190 2191
f 2172 2003 2176
f 2176 2003 2002
f 1998 2151 1999
f 1999 2151 2135
f 2177 2172 2062
f 2062 2172 2176
f 2172 2177 2173
f 2173 2177 2193
f 2063 2194 2064
f 2064 2194 2195
f 2066 2197 2196
f 2196 2197 2198
f 2002 2005 2174
f 2174 2005 2199
f 2004 2003 2200
f 2200 2003 2171
f 2198 2201 2171
f 2171 2201 2200
f 2197 2202 2198
f 2198 2202 2201
f 2202 2197 2203
f 2203 2197 2204
f 2196 2198 2173
f 2173 2198 2171
f 2205 2069 2170
f 2170 2069 2206
f 2197 2066 2204
f 2204 2066 2067
f 2107 2207 2108
f 2108 2207 2208
f 2210 2208 2209
f 2209 2208 2207
f 2185 2211 2212
f 2213 2214 2211
f 2211 2214 2212
f 1998 2001 2213
f 2213 2001 2214
f 2134 2215 1999
f 1999 2215 2000
f 2216 2217 2219
f 2219 2217 2218
f 2206 2220 2170
f 2170 2220 2167
f 2069 2068 2206
f 2206 2068 2221
f 2151 1998 2222
f 2222 1998 2213
f 2124 2039 2205
f 2205 2039 2069
f 2142 2223 2143
f 2143 2223 2128
f 2203 2186 2202
f 2202 2186 2185
f 2185 2184 2211
f 2211 2184 2224
f 2224 2225 2222
f 2222 2225 2226
f 2071 2227 2072
f 2072 2227 2228
f 2229 2074 2230
f 2230 2074 2073
f 2074 2229 2113
f 2113 2229 2231
f 2232 2225 2227
f 2227 2225 2224
f 2233 2234 2031
f 2031 2234 2028
f 2236 2231 2235
f 2235 2231 2229
f 2230 2183 2229
f 2229 2183 2235
f 2237 1987 2096
f 2096 1987 1986
f 2152 2238 2181
f 2181 2238 2239
f 2080 2240 2081
f 2081 2240 2241
f 2236 2242 1971
f 1971 2242 1970
f 1925 2113 1923
f 1923 2113 2231
f 2110 1927 2111
f 2111 1927 1928
f 2103 2111 1931
f 1931 2111 1928
f 1931 2243 2103
f 2103 2243 2104
f 2105 2104 2244
f 2244 2104 2243
f 1939 1980 2148
f 2148 1980 2109
f 1980 1944 2109
f 2109 1944 2107
f 1946 2245 2207
f 2207 2245 2209
f 2245 1970 2209
f 2209 1970 2242
f 2231 2236 1923
f 1923 2236 1971
f 2113 1925 2110
f 2110 1925 1927
f 2234 2246 2028
f 2028 2246 2147
f 2247 2248 2058
f 2058 2248 2059
f 2114 2117 2249
f 2249 2117 2250
f 2252 2253 2251
f 2251 2253 2254
f 2094 2015 2091
f 2091 2015 2255
f 2256 2255 2014
f 2014 2255 2015
f 2257 2145 2258
f 2258 2145 2144
f 2131 2161 2123
f 2123 2161 2044
f 2045 2044 2164
f 2164 2044 2161
f 2045 2164 2119
f 2119 2164 2165
f 2259 2120 2165
f 2165 2120 2119
f 2260 2261 2259
f 2259 2261 2120
f 2205 2262 2124
f 2124 2262 2125
f 2180 2263 2178
f 2178 2263 2264
f 2265 2266 2092
f 2092 2266 2093
f 1992 2267 2268
f 2184 2228 2224
f 2224 2228 2227
f 2048 2269 2049
f 2049 2269 2141
f 2129 2168 2157
f 2157 2168 2167
f 2049 2141 2075
f 2075 2141 2140
f 2199 2215 2270
f 2270 2215 2271
f 2142 2141 2272
f 2272 2141 2269
f 2089 2026 2090
f 2090 2026 2102
f 2146 2029 2147
f 2147 2029 2028
f 2111 2103 2112
f 2112 2103 2099
f 2061 2060 2109
f 2109 2060 2148
f 2273 2274 2041
f 2041 2274 2038
f 2260 2275 2261
f 2261 2275 2136
f 2057 2138 2132
f 2132 2138 2276
f 2272 2269 2056
f 2056 2269 2139
f 2277 2278 2270
f 2270 2278 2199
f 2029 2188 2030
f 2030 2188 2187
f 2040 2039 2127
f 2127 2039 2124
f 2064 2195 2083
f 2083 2195 2279
f 2056 2139 2057
f 2057 2139 2138
f 2278 2277 2247
f 2247 2277 2248
f 2062 2176 2063
f 2063 2176 2175
f 2280 2210 2242
f 2242 2210 2209
f 2282 2233 2281
f 2281 2233 2031
f 2216 2219 2283
f 2283 2219 2221
f 2158 2220 2218
f 2218 2220 2219
f 2217 2282 2218
f 2218 2282 2281
f 2220 2158 2167
f 2167 2158 2157
f 2223 2264 2128
f 2128 2264 2263
f 2261 1996 2120
f 2120 1996 1995
f 2213 2211 2222
f 2222 2211 2224
f 2283 2221 2284
f 2284 2221 2068
f 2135 1996 2136
f 2136 1996 2261
f 2144 2081 2258
f 2258 2081 2241
f 2235 2280 2236
f 2236 2280 2242
f 2246 2273 2147
f 2147 2273 2041
f 2036 2285 2032
f 2032 2285 2088
f 2077 2286 2152
f 2152 2286 2238
f 1937 1960 1973
f 1973 1960 1959
f 2070 2232 2071
f 2071 2232 2227
f 2244 2287 2105
f 2105 2287 2106
f 1936 1939 2149
f 2149 1939 2148
f 1944 1946 2107
f 2107 1946 2207
f 2285 2121 2088
f 2088 2121 2027
f 2253 2249 2254
f 2254 2249 2250
f 2006 2009 2077
f 2077 2009 2286
f 2289 2086 2288
f 2288 2086 2087
f 2223 2142 2290
f 2290 2142 2272
f 2128 2131 2143
f 2143 2131 2123
f 2156 2291 2153
f 2153 2291 2175
f 2292 2293 2278
f 2278 2293 2294
f 2075 2140 2123
f 2123 2140 2143
f 2262 2169 2275
f 2275 2169 2180
f 2275 2180 2136
f 2136 2180 2134
f 2274 2284 2038
f 2038 2284 2068
f 2127 2126 2182
f 2182 2126 2166
f 2094 2093 2098
f 2098 2093 2021
f 2098 2021 2099
f 2099 2021 2112
f 2018 2021 2266
f 2266 2021 2093
f 2251 2289 2252
f 2252 2289 2288
f 1997 2151 2226
f 2226 2151 2222
f 2206 2221 2220
f 2220 2221 2219
f 2269 2048 2139
f 2139 2048 2137
f 2159 2158 2281
f 2281 2158 2218
f 2156 2155 2190
f 2190 2155 2191
f 1974 1965 1583
f 1583 1965 1751
f 2088 2027 2089
f 2089 2027 2026
f 2030 2159 2031
f 2031 2159 2281
f 2106 2149 2102
f 2102 2149 2090
f 2287 1936 2106
f 2106 1936 2149
f 2293 2154 2294
f 2294 2154 2153
f 2021 2020 2112
f 2247 2295 2278
f 2278 2295 2292
f 2284 2296 2283
f 2283 2296 2297
f 2298 2296 2274
f 2274 2296 2284
f 2273 2299 2274
f 2274 2299 2298
f 2246 2300 2273
f 2273 2300 2299
f 2283 2297 2216
f 2216 2297 2301
f 2216 2301 2217
f 2217 2301 2302
f 2302 2303 2217
f 2217 2303 2282
f 2304 2301 2305
f 2305 2301 2297
f 2307 2308 2306
f 2306 2308 2309
f 2306 2310 2307
f 2307 2310 2311
f 2307 2312 2308
f 2308 2312 2313
f 2314 2315 2312
f 2312 2315 2316
f 2316 2317 2312
f 2312 2317 2313
f 2317 2305 2313
f 2313 2305 2318
f 2314 2312 2311
f 2311 2312 2307
f 2319 2320 2322
f 2322 2320 2321
f 2322 2311 2319
f 2319 2311 2310
f 2313 2318 2308
f 2308 2318 2309
f 2296 2298 2318
f 2318 2298 2309
f 2309 2298 2323
f 2323 2298 2299
f 2306 2309 2324
f 2324 2309 2323
f 2310 2306 2325
f 2325 2306 2324
f 2296 2318 2297
f 2297 2318 2305
f 2319 2310 2326
f 2326 2310 2325
f 2328 2325 2327
f 2327 2325 2324
f 2325 2328 2326
f 2326 2328 2329
f 2331 2328 2330
f 2330 2328 2327
f 2332 2333 2327
f 2327 2333 2330
f 2328 2331 2329
f 2329 2331 2334
f 2324 2323 2327
f 2327 2323 2332
f 2300 2332 2299
f 2299 2332 2323
f 2326 2335 2319
f 2319 2335 2320
f 2305 2317 2336
f 2336 2317 2316
f 2336 2316 2337
f 2337 2316 2315
f 2338 2304 2336
f 2336 2304 2305
f 2337 2339 2336
f 2336 2339 2338
f 2337 2315 2341
f 2341 2315 2340
f 2342 2300 2234
f 2234 2300 2246
f 2303 2343 2282
f 2282 2343 2233
f 2234 2233 2342
f 2342 2233 2343
f 2342 2343 2333
f 2333 2343 2344
f 2333 2344 2330
f 2330 2344 2345
f 2346 2344 2303
f 2303 2344 2343
f 2332 2300 2333
f 2333 2300 2342
f 2347 2346 2302
f 2302 2346 2303
f 2301 2304 2302
f 2302 2304 2347
f 2304 2338 2347
f 2347 2338 2348
f 2348 2349 2347
f 2347 2349 2346
f 2350 2351 2348
f 2348 2351 2349
f 2349 2345 2346
f 2346 2345 2344
f 2345 2349 2352
f 2352 2349 2351
f 2338 2339 2348
f 2348 2339 2350
f 2350 2339 2353
f 2353 2339 2354
f 2356 2357 2355
f 2355 2357 2353
f 2351 2350 2357
f 2357 2350 2353
f 2353 2354 2355
f 2355 2354 2335
f 2320 2335 2341
f 2341 2335 2354
f 2339 2337 2354
f 2354 2337 2341
f 2352 2331 2345
f 2345 2331 2330
f 2356 2334 2352
f 2352 2334 2331
f 2356 2352 2357
f 2357 2352 2351
f 2355 2329 2356
f 2356 2329 2334
f 2335 2326 2355
f 2355 2326 2329
f 2321 2314 2322
f 2322 2314 2311
f 2321 2320 2340
f 2340 2320 2341
f 2315 2314 2340
f 2340 2314 2321
f 2125 2260 2126
f 2126 2260 2259
f 2157 2160 2129
f 2129 2160 2130
f 2188 2163 2187
f 2187 2163 2162
f 2182 2166 2188
f 2188 2166 2163
f 2180 2169 2263
f 2263 2169 2168
f 2160 2187 2130
f 2130 2187 2162
f 2275 2260 2262
f 2262 2260 2125
f 2128 2263 2129
f 2129 2263 2168
f 2262 2205 2169
f 2169 2205 2170
f 2165 2166 2259
f 2259 2166 2126
f 2359 2360 2358
f 2358 2360 2361
f 2363 2364 2362
f 2362 2364 2365
f 2367 2363 2366
f 2366 2363 2362
f 2368 2369 2371
f 2371 2369 2370
f 2372 2373 2248
f 2248 2373 2059
f 2364 2374 2365
f 2365 2374 2375
f 2377 2378 2376
f 2376 2378 2379
f 2290 2380 2223
f 2223 2380 2381
f 2223 2381 2264
f 2264 2381 2382
f 2384 2385 2383
f 2383 2385 2386
f 2364 2371 2374
f 2374 2371 2387
f 2059 2373 2290
f 2290 2373 2380
f 2378 2360 2379
f 2379 2360 2388
f 2374 2387 2359
f 2359 2387 2389
f 2390 2367 2386
f 2386 2367 2391
f 2393 2394 2392
f 2392 2394 2395
f 2386 2391 2383
f 2383 2391 2396
f 2367 2366 2391
f 2391 2366 2397
f 2363 2367 2368
f 2368 2367 2390
f 2398 2399 2361
f 2361 2399 2358
f 2399 2400 2358
f 2358 2400 2375
f 2390 2401 2368
f 2368 2401 2369
f 2372 2384 2376
f 2376 2384 2383
f 2374 2359 2375
f 2375 2359 2358
f 2402 2403 2365
f 2365 2403 2362
f 2359 2389 2360
f 2360 2389 2388
f 2364 2363 2371
f 2371 2363 2368
f 2405 2398 2404
f 2404 2398 2361
f 2392 2395 2406
f 2406 2395 2397
f 2377 2396 2394
f 2394 2396 2395
f 2394 2393 2404
f 2404 2393 2405
f 2396 2377 2383
f 2383 2377 2376
f 2406 2397 2407
f 2407 2397 2366
f 2400 2402 2375
f 2375 2402 2365
f 2385 2270 2401
f 2401 2270 2271
f 2403 2407 2362
f 2362 2407 2366
f 2371 2370 2387
f 2387 2370 2382
f 2391 2397 2396
f 2396 2397 2395
f 2378 2377 2404
f 2404 2377 2394
f 2360 2378 2361
f 2361 2378 2404
f 2407 2408 2406
f 2406 2408 2409
f 2410 2408 2403
f 2403 2408 2407
f 2411 2410 2402
f 2402 2410 2403
f 2412 2411 2400
f 2400 2411 2402
f 2406 2409 2392
f 2392 2409 2413
f 2392 2413 2393
f 2393 2413 2414
f 2415 2405 2414
f 2414 2405 2393
f 2416 2413 2417
f 2417 2413 2409
f 2419 2420 2418
f 2418 2420 2421
f 2420 2422 2421
f 2421 2422 2423
f 2420 2424 2422
f 2422 2424 2425
f 2426 2427 2424
f 2424 2427 2428
f 2428 2429 2424
f 2424 2429 2425
f 2426 2424 2419
f 2419 2424 2420
f 2419 2418 2431
f 2431 2418 2430
f 2425 2432 2422
f 2422 2432 2423
f 2408 2410 2432
f 2432 2410 2423
f 2423 2410 2433
f 2433 2410 2411
f 2421 2423 2434
f 2434 2423 2433
f 2435 2418 2434
f 2434 2418 2421
f 2429 2417 2425
f 2425 2417 2432
f 2408 2432 2409
f 2409 2432 2417
f 2418 2435 2430
f 2430 2435 2436
f 2438 2435 2437
f 2437 2435 2434
f 2435 2438 2436
f 2436 2438 2439
f 2441 2438 2440
f 2440 2438 2437
f 2442 2443 2437
f 2437 2443 2440
f 2439 2438 2444
f 2444 2438 2441
f 2433 2442 2434
f 2434 2442 2437
f 2412 2442 2411
f 2411 2442 2433
f 2436 2445 2430
f 2430 2445 2446
f 2430 2446 2431
f 2431 2446 2447
f 2417 2429 2448
f 2448 2429 2428
f 2427 2449 2428
f 2428 2449 2448
f 2450 2416 2448
f 2448 2416 2417
f 2451 2450 2449
f 2449 2450 2448
f 2427 2452 2449
f 2449 2452 2453
f 2447 2446 2452
f 2452 2446 2453
f 2454 2412 2399
f 2399 2412 2400
f 2415 2455 2405
f 2405 2455 2398
f 2399 2398 2454
f 2454 2398 2455
f 2454 2455 2443
f 2443 2455 2456
f 2443 2456 2440
f 2440 2456 2457
f 2458 2456 2415
f 2415 2456 2455
f 2443 2442 2454
f 2454 2442 2412
f 2459 2458 2414
f 2414 2458 2415
f 2413 2416 2414
f 2414 2416 2459
f 2459 2416 2460
f 2460 2416 2450
f 2460 2461 2459
f 2459 2461 2458
f 2462 2463 2460
f 2460 2463 2461
f 2461 2457 2458
f 2458 2457 2456
f 2457 2461 2464
f 2464 2461 2463
f 2451 2462 2450
f 2450 2462 2460
f 2462 2451 2465
f 2465 2451 2466
f 2468 2469 2467
f 2467 2469 2465
f 2463 2462 2469
f 2469 2462 2465
f 2465 2466 2467
f 2467 2466 2445
f 2446 2445 2453
f 2453 2445 2466
f 2451 2449 2466
f 2466 2449 2453
f 2464 2441 2457
f 2457 2441 2440
f 2468 2444 2464
f 2464 2444 2441
f 2468 2464 2469
f 2469 2464 2463
f 2467 2439 2468
f 2468 2439 2444
f 2445 2436 2467
f 2467 2436 2439
f 2447 2426 2431
f 2431 2426 2419
f 2427 2426 2452
f 2452 2426 2447
f 2369 2179 2370
f 2370 2179 2178
f 2376 2379 2372
f 2372 2379 2373
f 2389 2381 2388
f 2388 2381 2380
f 2387 2382 2389
f 2389 2382 2381
f 2270 2385 2277
f 2277 2385 2384
f 2379 2388 2373
f 2373 2388 2380
f 2401 2271 2369
f 2369 2271 2179
f 2248 2277 2372
f 2372 2277 2384
f 2401 2390 2385
f 2385 2390 2386
f 2264 2382 2178
f 2178 2382 2370
f 2215 2134 2271
f 2271 2134 2179
f 2005 2000 2199
f 2199 2000 2215
f 2004 2001 2005
f 2005 2001 2000
f 2200 2214 2004
f 2004 2214 2001
f 2470 2471 2473
f 2473 2471 2472
f 2475 2476 2474
f 2474 2476 2477
f 2479 2475 2478
f 2478 2475 2474
f 2481 2482 2480
f 2480 2482 2483
f 2476 2484 2477
f 2477 2484 2485
f 2487 2488 2486
f 2486 2488 2489
f 2133 2490 2058
f 2058 2490 2491
f 2058 2491 2247
f 2247 2491 2492
f 2494 2495 2493
f 2493 2495 2496
f 2476 2483 2484
f 2484 2483 2497
f 2472 2498 2488
f 2488 2498 2489
f 2484 2497 2471
f 2471 2497 2499
f 2500 2479 2496
f 2496 2479 2501
f 2502 2503 2505
f 2505 2503 2504
f 2496 2501 2493
f 2493 2501 2506
f 2479 2478 2501
f 2501 2478 2507
f 2475 2479 2480
f 2480 2479 2500
f 2508 2509 2473
f 2473 2509 2470
f 2509 2510 2470
f 2470 2510 2485
f 2511 2481 2500
f 2500 2481 2480
f 2512 2494 2486
f 2486 2494 2493
f 2485 2484 2470
f 2470 2484 2471
f 2513 2514 2477
f 2477 2514 2474
f 2471 2499 2472
f 2472 2499 2498
f 2476 2475 2483
f 2483 2475 2480
f 2516 2508 2515
f 2515 2508 2473
f 2502 2505 2517
f 2517 2505 2507
f 2504 2487 2505
f 2505 2487 2506
f 2503 2516 2504
f 2504 2516 2515
f 2506 2487 2493
f 2493 2487 2486
f 2517 2507 2518
f 2518 2507 2478
f 2510 2513 2485
f 2485 2513 2477
f 2511 2495 2293
f 2293 2495 2154
f 2514 2518 2474
f 2474 2518 2478
f 2483 2482 2497
f 2497 2482 2492
f 2501 2507 2506
f 2506 2507 2505
f 2488 2487 2515
f 2515 2487 2504
f 2472 2488 2473
f 2473 2488 2515
f 2518 2519 2517
f 2517 2519 2520
f 2521 2519 2514
f 2514 2519 2518
f 2522 2521 2513
f 2513 2521 2514
f 2523 2522 2510
f 2510 2522 2513
f 2517 2520 2502
f 2502 2520 2524
f 2502 2524 2503
f 2503 2524 2525
f 2525 2526 2503
f 2503 2526 2516
f 2527 2524 2528
f 2528 2524 2520
f 2530 2531 2529
f 2529 2531 2532
f 2531 2533 2532
f 2532 2533 2534
f 2531 2535 2533
f 2533 2535 2536
f 2537 2538 2535
f 2535 2538 2539
f 2539 2540 2535
f 2535 2540 2536
f 2537 2535 2530
f 2530 2535 2531
f 2529 2541 2530
f 2530 2541 2542
f 2543 2534 2536
f 2536 2534 2533
f 2519 2521 2543
f 2543 2521 2534
f 2534 2521 2544
f 2544 2521 2522
f 2532 2534 2545
f 2545 2534 2544
f 2529 2532 2546
f 2546 2532 2545
f 2536 2540 2543
f 2543 2540 2528
f 2519 2543 2520
f 2520 2543 2528
f 2541 2529 2547
f 2547 2529 2546
f 2548 2549 2545
f 2545 2549 2546
f 2549 2550 2546
f 2546 2550 2547
f 2551 2552 2548
f 2548 2552 2549
f 2548 2553 2551
f 2551 2553 2554
f 2550 2549 2555
f 2555 2549 2552
f 2545 2544 2548
f 2548 2544 2553
f 2523 2553 2522
f 2522 2553 2544
f 2547 2556 2541
f 2541 2556 2557
f 2541 2557 2542
f 2542 2557 2558
f 2528 2540 2559
f 2559 2540 2539
f 2538 2560 2539
f 2539 2560 2559
f 2561 2527 2559
f 2559 2527 2528
f 2560 2562 2559
f 2559 2562 2561
f 2560 2538 2564
f 2564 2538 2563
f 2558 2557 2563
f 2563 2557 2564
f 2565 2523 2509
f 2509 2523 2510
f 2526 2566 2516
f 2516 2566 2508
f 2509 2508 2565
f 2565 2508 2566
f 2565 2566 2554
f 2554 2566 2567
f 2554 2567 2551
f 2551 2567 2568
f 2569 2567 2526
f 2526 2567 2566
f 2553 2523 2554
f 2554 2523 2565
f 2570 2569 2525
f 2525 2569 2526
f 2524 2527 2525
f 2525 2527 2570
f 2527 2561 2570
f 2570 2561 2571
f 2571 2572 2570
f 2570 2572 2569
f 2573 2574 2571
f 2571 2574 2572
f 2572 2568 2569
f 2569 2568 2567
f 2568 2572 2575
f 2575 2572 2574
f 2562 2573 2561
f 2561 2573 2571
f 2573 2562 2576
f 2576 2562 2577
f 2579 2580 2578
f 2578 2580 2576
f 2574 2573 2580
f 2580 2573 2576
f 2576 2577 2578
f 2578 2577 2556
f 2557 2556 2564
f 2564 2556 2577
f 2562 2560 2577
f 2577 2560 2564
f 2575 2552 2568
f 2568 2552 2551
f 2579 2555 2575
f 2575 2555 2552
f 2579 2575 2580
f 2580 2575 2574
f 2550 2555 2578
f 2578 2555 2579
f 2556 2547 2578
f 2578 2547 2550
f 2558 2537 2542
f 2542 2537 2530
f 2538 2537 2563
f 2563 2537 2558
f 2292 2295 2481
f 2481 2295 2482
f 2486 2489 2512
f 2512 2489 2581
f 2499 2491 2498
f 2498 2491 2490
f 2497 2492 2499
f 2499 2492 2491
f 2155 2154 2494
f 2494 2154 2495
f 2581 2489 2490
f 2490 2489 2498
f 2293 2292 2511
f 2511 2292 2481
f 2191 2155 2512
f 2512 2155 2494
f 2500 2496 2511
f 2511 2496 2495
f 2247 2492 2295
f 2295 2492 2482
f 2583 2584 2582
f 2582 2584 2585
f 2587 2588 2586
f 2586 2588 2589
f 2591 2587 2590
f 2590 2587 2586
f 2593 2594 2592
f 2592 2594 2595
f 2596 2597 2599
f 2599 2597 2598
f 2588 2600 2589
f 2589 2600 2601
f 2602 2603 2605
f 2605 2603 2604
f 2606 2607 2609
f 2609 2607 2608
f 2609 2608 2190
f 2190 2608 2610
f 2611 2612 2614
f 2614 2612 2613
f 2600 2588 2615
f 2615 2588 2595
f 2599 2598 2606
f 2606 2598 2607
f 2584 2616 2604
f 2604 2616 2605
f 2600 2615 2583
f 2583 2615 2617
f 2591 2619 2618
f 2618 2619 2614
f 2621 2622 2620
f 2620 2622 2623
f 2619 2624 2614
f 2614 2624 2611
f 2591 2590 2619
f 2619 2590 2625
f 2587 2591 2592
f 2592 2591 2618
f 2626 2627 2585
f 2585 2627 2582
f 2627 2628 2582
f 2582 2628 2601
f 2629 2593 2618
f 2618 2593 2592
f 2602 2597 2611
f 2611 2597 2612
f 2600 2583 2601
f 2601 2583 2582
f 2630 2631 2589
f 2589 2631 2586
f 2583 2617 2584
f 2584 2617 2616
f 2588 2587 2595
f 2595 2587 2592
f 2633 2626 2632
f 2632 2626 2585
f 2620 2623 2634
f 2634 2623 2625
f 2622 2603 2623
f 2623 2603 2624
f 2621 2633 2622
f 2622 2633 2632
f 2611 2624 2602
f 2602 2624 2603
f 2634 2625 2635
f 2635 2625 2590
f 2628 2630 2601
f 2601 2630 2589
f 2613 2195 2629
f 2629 2195 2194
f 2631 2635 2586
f 2586 2635 2590
f 2595 2594 2615
f 2615 2594 2610
f 2619 2625 2624
f 2624 2625 2623
f 2632 2604 2622
f 2622 2604 2603
f 2585 2584 2632
f 2632 2584 2604
f 2635 2636 2634
f 2634 2636 2637
f 2638 2636 2631
f 2631 2636 2635
f 2639 2638 2630
f 2630 2638 2631
f 2640 2639 2628
f 2628 2639 2630
f 2634 2637 2620
f 2620 2637 2641
f 2620 2641 2621
f 2621 2641 2642
f 2642 2643 2621
f 2621 2643 2633
f 2641 2637 2644
f 2644 2637 2645
f 2646 2647 2649
f 2649 2647 2648
f 2648 2650 2649
f 2649 2650 2651
f 2648 2652 2650
f 2650 2652 2653
f 2652 2654 2656
f 2656 2654 2655
f 2656 2657 2652
f 2652 2657 2653
f 2654 2652 2647
f 2647 2652 2648
f 2647 2646 2659
f 2659 2646 2658
f 2660 2651 2653
f 2653 2651 2650
f 2636 2638 2660
f 2660 2638 2651
f 2651 2638 2661
f 2661 2638 2639
f 2651 2661 2649
f 2649 2661 2662
f 2663 2646 2662
f 2662 2646 2649
f 2653 2657 2660
f 2660 2657 2645
f 2636 2660 2637
f 2637 2660 2645
f 2646 2663 2658
f 2658 2663 2664
f 2665 2666 2662
f 2662 2666 2663
f 2666 2667 2663
f 2663 2667 2664
f 2668 2669 2665
f 2665 2669 2666
f 2665 2670 2668
f 2668 2670 2671
f 2667 2666 2672
f 2672 2666 2669
f 2662 2661 2665
f 2665 2661 2670
f 2640 2670 2639
f 2639 2670 2661
f 2673 2674 2664
f 2664 2674 2658
f 2658 2674 2659
f 2659 2674 2675
f 2645 2657 2676
f 2676 2657 2656
f 2677 2676 2655
f 2655 2676 2656
f 2676 2678 2645
f 2645 2678 2644
f 2677 2679 2676
f 2676 2679 2678
f 2655 2680 2677
f 2677 2680 2681
f 2675 2674 2680
f 2680 2674 2681
f 2682 2640 2627
f 2627 2640 2628
f 2643 2683 2633
f 2633 2683 2626
f 2682 2627 2683
f 2683 2627 2626
f 2683 2684 2682
f 2682 2684 2671
f 2684 2685 2671
f 2671 2685 2668
f 2686 2684 2643
f 2643 2684 2683
f 2670 2640 2671
f 2671 2640 2682
f 2687 2686 2642
f 2642 2686 2643
f 2642 2641 2687
f 2687 2641 2644
f 2687 2644 2688
f 2688 2644 2678
f 2688 2689 2687
f 2687 2689 2686
f 2690 2691 2688
f 2688 2691 2689
f 2689 2685 2686
f 2686 2685 2684
f 2685 2689 2692
f 2692 2689 2691
f 2679 2690 2678
f 2678 2690 2688
f 2690 2679 2693
f 2693 2679 2694
f 2696 2697 2695
f 2695 2697 2693
f 2691 2690 2697
f 2697 2690 2693
f 2693 2694 2695
f 2695 2694 2673
f 2674 2673 2681
f 2681 2673 2694
f 2679 2677 2694
f 2694 2677 2681
f 2685 2692 2668
f 2668 2692 2669
f 2696 2672 2692
f 2692 2672 2669
f 2696 2692 2697
f 2697 2692 2691
f 2695 2667 2696
f 2696 2667 2672
f 2673 2664 2695
f 2695 2664 2667
f 2675 2654 2659
f 2659 2654 2647
f 2655 2654 2680
f 2680 2654 2675
f 2291 2156 2593
f 2593 2156 2594
f 2597 2602 2598
f 2598 2602 2605
f 2616 2617 2607
f 2607 2617 2608
f 2615 2610 2617
f 2617 2610 2608
f 2597 2596 2612
f 2612 2596 2698
f 2598 2605 2607
f 2607 2605 2616
f 2194 2291 2629
f 2629 2291 2593
f 2629 2618 2613
f 2613 2618 2614
f 2190 2610 2156
f 2156 2610 2594
f 2700 2010 2699
f 2699 2010 2086
f 2267 2701 2116
f 2116 2701 2702
f 2116 2702 2117
f 2117 2702 2703
f 2704 2705 2250
f 2250 2705 2254
f 2011 2706 2267
f 2267 2706 2701
f 2699 2086 2707
f 2707 2086 2289
f 2010 2700 2011
f 2011 2700 2706
f 2708 2707 2251
f 2251 2707 2289
f 2703 2704 2117
f 2117 2704 2250
f 2705 2708 2254
f 2254 2708 2251
f 2709 2710 2708
f 2708 2710 2707
f 2711 2709 2705
f 2705 2709 2708
f 2712 2711 2704
f 2704 2711 2705
f 2713 2712 2703
f 2703 2712 2704
f 2707 2710 2699
f 2699 2710 2714
f 2699 2714 2700
f 2700 2714 2715
f 2716 2706 2715
f 2715 2706 2700
f 2714 2710 2717
f 2717 2710 2718
f 2720 2721 2719
f 2719 2721 2722
f 2721 2723 2722
f 2722 2723 2724
f 2721 2725 2723
f 2723 2725 2726
f 2727 2728 2725
f 2725 2728 2726
f 2729 2725 2720
f 2720 2725 2721
f 2731 2729 2730
f 2730 2729 2720
f 2719 2732 2720
f 2720 2732 2730
f 2726 2733 2723
f 2723 2733 2724
f 2709 2711 2733
f 2733 2711 2724
f 2724 2711 2734
f 2734 2711 2712
f 2722 2724 2735
f 2735 2724 2734
f 2719 2722 2736
f 2736 2722 2735
f 2726 2728 2733
f 2733 2728 2718
f 2709 2733 2710
f 2710 2733 2718
f 2732 2719 2737
f 2737 2719 2736
f 2738 2739 2735
f 2735 2739 2736
f 2739 2740 2736
f 2736 2740 2737
f 2741 2742 2738
f 2738 2742 2739
f 2738 2743 2741
f 2741 2743 2744
f 2740 2739 2745
f 2745 2739 2742
f 2735 2734 2738
f 2738 2734 2743
f 2713 2743 2712
f 2712 2743 2734
f 2737 2746 2732
f 2732 2746 2747
f 2732 2747 2730
f 2730 2747 2731
f 2718 2728 2748
f 2748 2728 2727
f 2749 2750 2727
f 2727 2750 2748
f 2748 2751 2718
f 2718 2751 2717
f 2750 2752 2748
f 2748 2752 2751
f 2750 2749 2754
f 2754 2749 2753
f 2731 2747 2753
f 2753 2747 2754
f 2727 2725 2749
f 2749 2725 2729
f 2749 2729 2753
f 2753 2729 2731
f 2702 2755 2703
f 2703 2755 2713
f 2706 2716 2701
f 2701 2716 2756
f 2755 2702 2756
f 2756 2702 2701
f 2756 2757 2755
f 2755 2757 2744
f 2757 2758 2744
f 2744 2758 2741
f 2759 2757 2716
f 2716 2757 2756
f 2743 2713 2744
f 2744 2713 2755
f 2760 2759 2715
f 2715 2759 2716
f 2715 2714 2760
f 2760 2714 2717
f 2760 2717 2761
f 2761 2717 2751
f 2761 2762 2760
f 2760 2762 2759
f 2763 2764 2761
f 2761 2764 2762
f 2762 2758 2759
f 2759 2758 2757
f 2758 2762 2765
f 2765 2762 2764
f 2752 2763 2751
f 2751 2763 2761
f 2763 2752 2766
f 2766 2752 2767
f 2768 2769 2766
f 2766 2769 2770
f 2764 2763 2770
f 2770 2763 2766
f 2766 2767 2768
f 2768 2767 2746
f 2747 2746 2754
f 2754 2746 2767
f 2752 2750 2767
f 2767 2750 2754
f 2758 2765 2741
f 2741 2765 2742
f 2769 2745 2765
f 2765 2745 2742
f 2769 2765 2770
f 2770 2765 2764
f 2768 2740 2769
f 2769 2740 2745
f 2746 2737 2768
f 2768 2737 2740
f 2201 2212 2200
f 2200 2212 2214
f 2201 2202 2212
f 2212 2202 2185
f 2512 2581 2191
f 2191 2581 2192
f 2059 2290 2056
f 2056 2290 2272
f 2174 2199 2294
f 2294 2199 2278
f 2063 2175 2194
f 2194 2175 2291
f 2192 2581 2133
f 2133 2581 2490
f 2133 2132 2192
f 2192 2132 2189
f 2054 2276 2055
f 2055 2276 2138
f 2083 2279 2084
f 2084 2279 2771
f 2771 2279 2599
f 2599 2279 2596
f 2606 2772 2599
f 2599 2772 2771
f 2772 2773 2771
f 2771 2773 2084
f 2773 2774 2084
f 2084 2774 2085
f 2085 2775 2082
f 2082 2775 2144
f 2774 2078 2085
f 2085 2078 2775
f 2078 2774 2079
f 2079 2774 2776
f 2774 2773 2776
f 2776 2773 2777
f 2773 2772 2777
f 2777 2772 2778
f 2190 2189 2609
f 2609 2189 2778
f 2053 2052 2779
f 2779 2052 2181
f 2144 2775 2081
f 2081 2775 2078
f 2294 2153 2174
f 2174 2153 2175
f 2132 2276 2189
f 2189 2276 2778
f 2606 2609 2772
f 2772 2609 2778
f 2195 2613 2698
f 2698 2613 2612
f 2596 2279 2698
f 2698 2279 2195
f 2054 2777 2276
f 2276 2777 2778
f 2777 2054 2776
f 2776 2054 2053
f 2053 2779 2776
f 2776 2779 2079
f 2779 2181 2079
f 2079 2181 2080
f 2181 2239 2080
f 2080 2239 2240
f 2122 2256 2014
f 2042 1982 2076
f 2076 1982 2007
f 1982 1985 2007
f 2007 1985 2008
f 2095 2097 2265
f 2265 2097 2266
f 2076 2050 2042
f 2042 2050 2047
f 2046 2043 2047
f 2047 2043 2042
f 2118 1993 2046
f 2046 1993 2043
f 1995 1994 2118
f 2118 1994 1993
f 2267 1992 2011
f 2011 1992 2012
f 1997 2012 1994
f 1994 2012 1992
f 2226 2013 1997
f 1997 2013 2012
f 2225 2087 2226
f 2226 2087 2013
f 2225 2232 2087
f 2087 2232 2288
f 2232 2070 2288
f 2288 2070 2252
f 2070 2025 2252
f 2252 2025 2253
f 1988 2249 2025
f 2025 2249 2253
f 2116 2115 2267
f 2267 2115 2268
f 2096 1984 2237
f 2237 1984 1991
f 2095 1985 2096
f 2096 1985 1984
f 2265 2008 2095
f 2095 2008 1985
f 2092 2009 2265
f 2265 2009 2008
f 2091 2286 2092
f 2092 2286 2009
f 2255 2238 2091
f 2091 2238 2286
f 2256 2239 2255
f 2255 2239 2238
f 2122 2240 2256
f 2256 2240 2239
f 2121 2241 2122
f 2122 2241 2240
f 2022 2018 2097
f 2097 2018 2266
f 2022 2024 2018
f 2018 2024 2019
f 2024 2072 2019
f 2019 2072 2073
f 2072 2228 2073
f 2073 2228 2230
f 2228 2184 2230
f 2230 2184 2183
f 2121 2285 2241
f 2241 2285 2258
f 2285 2036 2258
f 2258 2036 2257
f 2177 2145 2193
f 2193 2145 2257
f 2173 2193 2196
f 2196 2193 2037
f 2036 2037 2257
f 2257 2037 2193
f 2196 2037 2066
f 2066 2037 2035
f 2061 2108 2034
f 2034 2108 2067
f 2108 2208 2067
f 2067 2208 2204
f 2208 2210 2204
f 2204 2210 2203
f 2210 2280 2203
f 2203 2280 2186
f 2183 2186 2235
f 2235 2186 2280
f 1987 2114 1988
f 1988 2114 2249
f 2237 2115 1987
f 1987 2115 2114
f 1991 2268 2237
f 2237 2268 2115
f 1991 1990 2268
f 2268 1990 1992
f 107 110 2781
f 2781 110 2780
f 117 2782 118
f 118 2782 2783
f 119 2784 120
f 120 2784 2785
f 125 2786 126
f 126 2786 2787
f 127 2788 128
f 128 2788 2789
f 127 132 2788
f 2788 132 2790
f 231 230 2792
f 2792 230 2791
f 118 2783 119
f 119 2783 2784
f 241 243 2794
f 2794 243 2793
f 2781 2795 107
f 107 2795 352
f 120 2785 437
f 437 2785 2796
f 126 2787 110
f 110 2787 2780
f 455 2797 456
f 456 2797 2798
f 128 2789 457
f 457 2789 2799
f 456 2798 117
f 117 2798 2782
f 2794 2797 241
f 241 2797 455
f 457 2799 125
f 125 2799 2786
f 132 231 2790
f 2790 231 2792
f 230 437 2791
f 2791 437 2796
f 2792 2789 2790
f 2790 2789 2788
f 2785 2784 2801
f 2801 2784 2800
f 2786 2802 2787
f 2787 2802 2803
f 2792 2791 2805
f 2805 2791 2804
f 2784 2783 2800
f 2800 2783 2806
f 2785 2801 2796
f 2796 2801 2807
f 2787 2803 2780
f 2780 2803 2808
f 2789 2809 2799
f 2799 2809 2810
f 2799 2810 2786
f 2786 2810 2802
f 2791 2796 2804
f 2804 2796 2807
f 2789 2792 2809
f 2809 2792 2805
f 2812 2797 2811
f 2811 2797 2794
f 2809 2805 2810
f 2810 2805 2804
f 2810 2804 2802
f 2802 2804 2807
f 2802 2807 2803
f 2803 2807 2801
f 2808 2803 2800
f 2800 2803 2801
f 2814 699 2813
f 2813 699 698
f 2808 2815 2780
f 2780 2815 2781
f 2817 2782 2816
f 2816 2782 2798
f 2815 2818 2781
f 2781 2818 2795
f 2797 2812 2798
f 2798 2812 2816
f 2783 2782 2806
f 2806 2782 2817
f 2800 2806 2808
f 2808 2806 2815
f 2794 2793 2811
f 2811 2793 2819
f 174 201 384
f 384 201 362
f 200 1766 390
f 390 1766 1777
f 1777 1778 390
f 390 1778 398
f 1778 361 398
f 398 361 222
f 2820 2821 628
f 628 2821 629
f 1406 2820 790
f 790 2820 628
f 794 1415 1233
f 1233 1415 1234
f 1406 790 1407
f 1407 790 1312
f 1407 1312 2822
f 2822 1312 1316
f 2823 1380 1543
f 1543 1380 1379
f 1385 1738 1382
f 1382 1738 1383
f 1381 791 1382
f 1382 791 1386
f 791 794 1386
f 1386 794 1233
f 1259 1390 1260
f 1260 1390 1389
f 1905 1542 1394
f 1394 1542 1395
f 1410 1413 1397
f 1397 1413 1398
f 2821 1410 629
f 629 1410 1397
f 2823 2822 1380
f 1380 2822 1316
f 1392 1395 1378
f 1378 1395 1379
f 1738 1399 1383
f 1383 1399 1398
f 1388 1235 1389
f 1389 1235 1234
f 1393 1391 1394
f 1394 1391 1390
f 1381 1384 779
f 779 1384 780
f 1282 788 792
f 792 788 793
f 1431 1262 1432
f 1432 1262 1261
f 1400 1342 1408
f 1408 1342 1409
f 1508 1544 1411
f 1411 1544 1412
f 788 787 793
f 793 787 1414
f 2821 2820 1429
f 1429 2820 1430
f 2822 2823 1506
f 1506 2823 1507
f 778 1282 779
f 779 1282 792
f 2820 1406 1430
f 1430 1406 1409
f 1410 2821 1411
f 1411 2821 1429
f 1407 2822 1408
f 1408 2822 1506
f 1544 781 1412
f 1412 781 780
f 1260 1415 1261
f 1261 1415 1414
f 1334 2824 923
f 923 2824 924
f 2826 1268 2825
f 2825 1268 1267
f 769 1212 2827
f 2827 1212 2828
f 1492 1190 1266
f 1266 1190 1267
f 1488 2829 1489
f 1489 2829 2830
f 922 1329 923
f 923 1329 1328
f 1484 2831 1485
f 1485 2831 2832
f 1482 2833 1485
f 1485 2833 1486
f 1324 1493 1489
f 1489 1493 1490
f 1265 1491 1266
f 1266 1491 1490
f 2835 2836 2834
f 2834 2836 2837
f 1250 2838 2827
f 2827 2838 2839
f 1488 1491 2840
f 2840 1491 2841
f 1268 2826 2842
f 2842 2826 2843
f 2844 2845 1495
f 1495 2845 1496
f 1427 2847 2846
f 2846 2847 926
f 2829 1488 2848
f 2848 1488 2840
f 1329 922 2849
f 2849 922 927
f 2850 2851 768
f 768 2851 1213
f 1265 1268 2852
f 2852 1268 2842
f 1491 1265 2841
f 2841 1265 2852
f 2854 2855 2853
f 2853 2855 2856
f 2855 2857 2856
f 2856 2857 598
f 2857 2858 598
f 598 2858 595
f 2858 2859 595
f 595 2859 626
f 649 652 2860
f 2860 652 2861
f 639 642 2862
f 2862 642 2863
f 2864 705 2862
f 2862 705 639
f 2865 1418 2864
f 2864 1418 705
f 2866 2867 2865
f 2865 2867 1418
f 1760 1348 1761
f 1761 1348 2867
f 1764 2868 1197
f 1197 2868 1198
f 2869 611 2868
f 2868 611 1198
f 2870 612 2869
f 2869 612 611
f 1352 1350 944
f 944 1350 688
f 1350 1256 688
f 688 1256 685
f 1256 1255 685
f 685 1255 692
f 1255 2871 692
f 692 2871 2872
f 701 2873 698
f 698 2873 2813
f 2872 1349 692
f 692 1349 693
f 1696 1744 1574
f 1574 1744 1575
f 1753 1618 1577
f 1577 1618 1578
f 1729 1594 1608
f 1608 1594 1609
f 1725 1630 1611
f 1611 1630 1612
f 1604 1607 1625
f 1625 1607 1626
f 1624 1703 1625
f 1625 1703 1912
f 1703 1702 1912
f 1912 1702 1913
f 1702 1753 1913
f 1913 1753 1577
f 1598 1569 1915
f 1915 1569 1578
f 1616 1615 1915
f 1915 1615 1916
f 1615 1696 1916
f 1916 1696 1574
f 1744 1745 1575
f 1575 1745 1917
f 1745 1565 1917
f 1917 1565 1609
f 1568 1725 1608
f 1608 1725 1611
f 2874 1613 1918
f 1918 1613 1612
f 1607 2874 1626
f 1626 2874 1918
f 1610 1613 1562
f 1562 1613 1563
f 1547 1550 1570
f 1570 1550 1571
f 1573 1576 1580
f 1580 1576 1581
f 1553 1556 1595
f 1595 1556 1596
f 1556 1582 1596
f 1596 1582 1581
f 1551 1547 1599
f 1599 1547 1570
f 1731 1914 1601
f 1601 1914 1602
f 1686 1689 1605
f 1605 1689 1606
f 1598 1743 1599
f 1599 1743 1692
f 2874 1607 1723
f 1723 1607 1606
f 1727 1553 1730
f 1730 1553 1595
f 1600 1686 1601
f 1601 1686 1605
f 1914 1572 1602
f 1602 1572 1571
f 1579 1693 1580
f 1580 1693 1692
f 1613 2874 1563
f 1563 2874 1723
f 1561 1727 1562
f 1562 1727 1730
f 1949 1742 1548
f 1548 1742 1549
f 1694 1949 1552
f 1552 1949 1548
f 1954 1589 1554
f 1554 1589 1555
f 1693 1579 1558
f 1558 1579 1559
f 1561 1564 1584
f 1584 1564 1585
f 1582 1556 1588
f 1588 1556 1555
f 1600 1603 1591
f 1591 1603 1592
f 1981 1977 1687
f 1687 1977 1688
f 1564 1722 1585
f 1585 1722 1690
f 1551 1693 1552
f 1552 1693 1558
f 1751 1954 1728
f 1728 1954 1554
f 1590 1981 1591
f 1591 1981 1687
f 1603 1550 1592
f 1592 1550 1549
f 1977 1691 1688
f 1688 1691 1690
f 1587 1560 1588
f 1588 1560 1559
f 1727 1561 1728
f 1728 1561 1584
f 2875 1919 1947
f 1947 1919 1948
f 1557 1560 1952
f 1952 1560 1953
f 1933 1932 1955
f 1955 1932 1956
f 1587 1589 1958
f 1958 1589 1956
f 1959 1933 1965
f 1965 1933 1955
f 1961 1964 1966
f 1966 1964 1967
f 1981 1590 1969
f 1969 1590 1967
f 1742 1949 1972
f 1972 1949 1948
f 1593 1742 1966
f 1966 1742 1972
f 1957 1950 1958
f 1958 1950 1953
f 1583 1586 1974
f 1974 1586 1975
f 1940 1943 1978
f 1978 1943 1979
f 1943 1976 1979
f 1979 1976 1975
f 1951 2875 1952
f 1952 2875 1947
f 1968 1940 1969
f 1969 1940 1978
f 1973 1959 1974
f 1974 1959 1965
f 1923 1971 1920
f 1920 1971 1921
f 1919 2875 1920
f 1920 2875 1924
f 2875 1951 1924
f 1924 1951 1926
f 1950 1957 1929
f 1929 1957 1930
f 2244 2243 1934
f 1934 2243 1935
f 1973 1976 1937
f 1937 1976 1938
f 1944 1980 1941
f 1941 1980 1942
f 1940 1968 1941
f 1941 1968 1945
f 2287 2244 1960
f 1960 2244 1934
f 1970 2245 1962
f 1962 2245 1963
f 2243 1931 1935
f 1935 1931 1930
f 1927 1926 1928
f 1928 1926 1929
f 1961 1922 1962
f 1962 1922 1921
f 2245 1946 1963
f 1963 1946 1945
f 1976 1943 1938
f 1938 1943 1942
f 1936 2287 1937
f 1937 2287 1960
f 743 1238 608
f 608 1238 609
f 607 1811 608
f 608 1811 744
f 1304 2876 1305
f 1305 2876 2877
f 586 585 1298
f 1298 585 1299
f 585 702 1299
f 1299 702 1300
f 702 1428 1300
f 1300 1428 1301
f 1238 586 609
f 609 586 1298
f 2878 2879 1218
f 1218 2879 2877
f 2880 2881 1812
f 1812 2881 1819
f 2883 1821 2882
f 2882 1821 1820
f 2840 2841 620
f 620 2841 621
f 2842 2843 795
f 795 2843 796
f 892 895 2844
f 2844 895 2845
f 2848 2840 942
f 942 2840 620
f 2849 927 1202
f 1202 927 1203
f 2852 2842 1270
f 1270 2842 795
f 2841 2852 621
f 621 2852 1270
f 941 1759 942
f 942 1759 2884
f 659 929 1427
f 1427 929 2847
f 1237 2851 751
f 751 2851 2850
f 1216 2885 1217
f 1217 2885 1754
f 2887 734 2886
f 2886 734 733
f 2889 1816 2888
f 2888 1816 1815
f 2890 1245 2889
f 2889 1245 1816
f 1824 2891 1825
f 1825 2891 1246
f 2892 2893 2895
f 2895 2893 2894
f 1854 1833 1851
f 1851 1833 1832
f 1851 1832 1884
f 1884 1832 1876
f 1884 1876 1441
f 1441 1876 1443
f 1441 1443 1442
f 1442 1443 1446
f 1442 1446 2896
f 2896 1446 1507
f 2897 2823 2898
f 2898 2823 1543
f 1542 2899 1543
f 1543 2899 2898
f 1542 1905 2899
f 2899 1905 2900
f 1905 1259 2900
f 2900 1259 2901
f 1262 1431 2902
f 2902 1431 1904
f 1431 1434 1904
f 1904 1434 1902
f 1902 1434 2903
f 2903 1434 719
f 2903 719 2904
f 2904 719 718
f 1869 1881 718
f 718 1881 2904
f 1881 1869 1880
f 1880 1869 756
f 1880 756 2905
f 2905 756 755
f 2905 755 2906
f 2906 755 758
f 762 2907 763
f 763 2907 2908
f 724 723 2909
f 2909 723 894
f 796 895 723
f 723 895 894
f 2843 2845 796
f 796 2845 895
f 2826 1496 2843
f 2843 1496 2845
f 2825 1497 2826
f 2826 1497 1496
f 1189 2836 2825
f 2825 2836 1497
f 797 891 798
f 798 891 2837
f 802 888 797
f 797 888 891
f 2910 2911 2913
f 2913 2911 2912
f 1780 1783 2915
f 2915 1783 2914
f 2916 2917 831
f 831 2917 832
f 2918 2919 845
f 845 2919 846
f 2920 2916 847
f 847 2916 831
f 2921 2922 857
f 857 2922 858
f 2923 2924 860
f 860 2924 861
f 2919 2912 846
f 846 2912 887
f 2925 2920 940
f 940 2920 847
f 2924 2926 861
f 861 2926 1204
f 2917 2918 832
f 832 2918 845
f 2927 2928 1449
f 1449 2928 1450
f 2929 2930 889
f 889 2930 2931
f 2896 1507 2897
f 2897 1507 2823
f 2902 2901 1262
f 1262 2901 1259
f 2932 2933 750
f 750 2933 1236
f 2933 2934 1236
f 1236 2934 1835
f 2936 2937 2935
f 2935 2937 2938
f 2940 2941 2939
f 2939 2941 2942
f 2943 2944 1841
f 1841 2944 1842
f 2945 1860 2944
f 2944 1860 1842
f 2945 2946 1860
f 1860 2946 1859
f 1889 2947 1890
f 1890 2947 1856
f 1856 2947 1857
f 1857 2947 2948
f 2950 709 2949
f 2949 709 1829
f 2952 730 2951
f 2951 730 729
f 2866 2953 2867
f 2867 2953 1761
f 2953 2954 1761
f 1761 2954 1420
f 2954 2955 1420
f 1420 2955 742
f 2955 2956 742
f 742 2956 739
f 2956 2957 739
f 739 2957 760
f 2957 2958 760
f 760 2958 761
f 2958 2959 761
f 761 2959 2960
f 2959 2961 2960
f 2960 2961 2962
f 2963 2964 1839
f 1839 2964 1840
f 2964 2965 1840
f 1840 2965 2942
f 2966 2950 2939
f 2939 2950 2949
f 2935 2967 2936
f 2936 2967 2968
f 2969 2970 736
f 736 2970 735
f 734 2887 1815
f 1815 2887 2888
f 2887 2882 2888
f 2888 2882 2881
f 1819 1820 1817
f 1817 1820 748
f 1195 1757 1197
f 1197 1757 1424
f 1757 647 1424
f 1424 647 646
f 647 648 646
f 646 648 643
f 648 1271 643
f 643 1271 737
f 1271 725 737
f 737 725 765
f 725 724 765
f 765 724 762
f 762 724 2907
f 2907 724 2909
f 1254 1437 2909
f 2909 1437 2907
f 1438 1253 1836
f 1836 1253 1835
f 1836 1835 2938
f 2938 1835 2934
f 2971 2972 2935
f 2935 2972 2967
f 897 896 2969
f 2969 896 2970
f 1815 1814 734
f 734 1814 731
f 728 1215 896
f 896 1215 732
f 2885 1216 733
f 733 1216 2886
f 1216 1219 2886
f 2886 1219 2883
f 2876 1304 1821
f 1821 1304 749
f 1304 1303 749
f 749 1303 746
f 1818 2973 1817
f 1817 2973 1810
f 747 2974 1818
f 1818 2974 2973
f 747 746 2974
f 2974 746 1303
f 2976 2977 2975
f 2975 2977 2978
f 2976 2979 2901
f 2901 2979 2900
f 2980 2981 2982
f 2982 2981 2979
f 2981 2980 2983
f 2983 2980 2984
f 2985 2897 2983
f 2983 2897 2898
f 2987 2988 2986
f 2986 2988 2985
f 2896 2988 1442
f 1442 2988 1439
f 1903 2977 1904
f 1904 2977 2902
f 1856 1855 1890
f 1890 1855 2989
f 2989 2990 1890
f 1890 2990 1359
f 2990 2991 1359
f 1359 2991 1356
f 2946 2992 1859
f 1859 2992 1893
f 2992 2993 1893
f 1893 2993 775
f 2993 2994 775
f 775 2994 776
f 2986 1356 2987
f 2987 1356 2991
f 2975 2978 776
f 776 2978 777
f 2982 2994 2980
f 2980 2994 2995
f 1357 2984 2995
f 2995 2984 2980
f 2995 2996 1357
f 1357 2996 1358
f 2996 2997 1358
f 1358 2997 1889
f 2998 2999 2932
f 2932 2999 2933
f 2999 2971 2933
f 2933 2971 2934
f 1837 1836 2937
f 2937 1836 2938
f 2943 1841 2941
f 2941 1841 1838
f 3001 2944 3000
f 3000 2944 2943
f 3001 3002 2944
f 2944 3002 2945
f 3002 3003 2945
f 2945 3003 2946
f 2997 3003 1889
f 1889 3003 2947
f 2947 3003 2948
f 2948 3003 3002
f 3001 3004 3002
f 3002 3004 2948
f 3000 3005 3001
f 3001 3005 3004
f 2940 3006 3000
f 3000 3006 3005
f 2999 3007 2971
f 2971 3007 2972
f 2998 2951 2999
f 2999 2951 3007
f 3008 2952 2998
f 2998 2952 2951
f 2966 2965 2936
f 2936 2965 2937
f 2935 2938 2971
f 2971 2938 2934
f 3003 2997 2946
f 2946 2997 2992
f 2997 2996 2992
f 2992 2996 2993
f 2996 2995 2993
f 2993 2995 2994
f 1356 2986 1357
f 1357 2986 2984
f 2982 2975 2994
f 2994 2975 776
f 1844 1843 1899
f 1899 1843 3009
f 1843 638 3009
f 3009 638 3010
f 638 637 3010
f 3010 637 3011
f 637 1830 3011
f 3011 1830 3012
f 1830 1833 3012
f 3012 1833 2894
f 1833 1854 2894
f 2894 1854 2895
f 1854 1853 2895
f 2895 1853 1888
f 1858 1857 1885
f 1885 1857 1892
f 1899 3009 1898
f 1898 3009 1874
f 3009 3010 1874
f 1874 3010 1865
f 3010 3011 1865
f 1865 3011 1862
f 3011 3012 1862
f 1862 3012 1882
f 3012 2894 1882
f 1882 2894 2893
f 1850 2890 782
f 782 2890 2889
f 783 2880 1811
f 1811 2880 1812
f 744 1810 745
f 745 1810 2973
f 745 2973 805
f 805 2973 806
f 2973 2974 806
f 806 2974 815
f 1303 812 2974
f 2974 812 815
f 1303 1302 812
f 812 1302 1221
f 1307 3013 1302
f 1302 3013 1221
f 1734 3014 1633
f 1633 3014 1634
f 1646 1649 1636
f 1636 1649 1637
f 1654 1657 1641
f 1641 1657 1642
f 1639 1736 1636
f 1636 1736 1684
f 1716 1713 1698
f 1698 1713 1699
f 1718 1721 1705
f 1705 1721 1706
f 1653 1654 1709
f 1709 1654 1641
f 1620 1623 1714
f 1714 1623 1699
f 1712 1682 1714
f 1714 1682 1740
f 1668 1671 1746
f 1746 1671 1747
f 1752 1650 1749
f 1749 1650 1750
f 1750 1650 1709
f 1709 1650 1653
f 1632 1668 1633
f 1633 1668 1746
f 1649 1752 1637
f 1637 1752 1749
f 1682 1643 1740
f 1740 1643 1642
f 3014 1685 1634
f 1634 1685 1684
f 1704 1748 1705
f 1705 1748 1747
f 1697 1707 1698
f 1698 1707 1706
f 1739 1701 1621
f 1621 1701 1622
f 1567 1566 1647
f 1647 1566 1648
f 1664 1695 1651
f 1651 1695 1652
f 1614 1617 1655
f 1655 1617 1656
f 1704 1707 1659
f 1659 1707 1660
f 3014 1734 1662
f 1662 1734 1663
f 1650 1752 1651
f 1651 1752 1665
f 1741 1657 1667
f 1667 1657 1656
f 1695 1614 1652
f 1652 1614 1655
f 1724 1567 1726
f 1726 1567 1647
f 1645 1628 1733
f 1733 1628 1663
f 1685 3014 1726
f 1726 3014 1662
f 1620 1741 1621
f 1621 1741 1667
f 1566 1666 1648
f 1648 1666 1665
f 1658 1737 1659
f 1659 1737 1901
f 1911 1661 1910
f 1910 1661 1660
f 1701 1911 1622
f 1622 1911 1910
f 1732 1748 1733
f 1733 1748 1901
f 1857 2948 1892
f 1892 2948 3004
f 1892 3004 1891
f 1891 3004 3005
f 1828 3006 1829
f 1829 3006 2949
f 2967 736 2968
f 2968 736 710
f 2972 2969 2967
f 2967 2969 736
f 2969 2972 897
f 897 2972 3007
f 897 3007 729
f 729 3007 2951
f 3016 753 3015
f 3015 753 752
f 3018 767 3017
f 3017 767 766
f 3019 3020 1249
f 1249 3020 3021
f 2915 2914 3019
f 3019 2914 3020
f 3023 2914 3022
f 3022 2914 1783
f 2827 2839 769
f 769 2839 766
f 3025 2838 3024
f 3024 2838 3021
f 768 767 2850
f 2850 767 3026
f 2850 3026 751
f 751 3026 752
f 750 753 2932
f 2932 753 3027
f 3008 2998 3027
f 3027 2998 2932
f 3028 3029 3008
f 3008 3029 2952
f 3029 3030 2952
f 2952 3030 730
f 3032 3033 3031
f 3031 3033 3034
f 3036 3037 3035
f 3035 3037 3038
f 2870 3039 612
f 612 3039 3040
f 3041 3042 3031
f 3031 3042 3038
f 3034 1352 3043
f 3043 1352 944
f 612 3040 613
f 613 3040 3044
f 613 3044 1425
f 1425 3044 1422
f 3045 3042 669
f 669 3042 670
f 3041 3043 599
f 599 3043 600
f 772 771 1544
f 1544 771 781
f 1503 771 1866
f 1866 771 770
f 771 1503 781
f 781 1503 778
f 61 281 416
f 416 281 1907
f 283 103 3046
f 3046 103 3047
f 76 79 3048
f 3048 79 3049
f 280 76 1906
f 1906 76 3048
f 3051 335 3050
f 3050 335 334
f 3053 417 3052
f 3052 417 416
f 3055 435 3054
f 3054 435 434
f 428 435 419
f 419 435 1908
f 420 1909 293
f 293 1909 443
f 79 294 3049
f 3049 294 444
f 3057 444 3056
f 3056 444 443
f 3051 3058 335
f 335 3058 452
f 216 215 1332
f 1332 215 452
f 308 283 462
f 462 283 3046
f 3050 334 3059
f 3059 334 462
f 103 62 3047
f 3047 62 417
f 313 312 434
f 434 312 463
f 3061 574 3060
f 3060 574 573
f 1310 3062 1428
f 1428 3062 3063
f 1258 3064 1255
f 1255 3064 2871
f 932 3065 2853
f 2853 3065 3066
f 699 2814 931
f 931 2814 3067
f 3068 1301 3063
f 3063 1301 1428
f 571 574 1310
f 1310 574 3062
f 3060 573 3069
f 3069 573 1332
f 3070 3071 1906
f 1906 3071 1907
f 3072 3073 1908
f 1908 3073 1909
f 3075 2814 3074
f 3074 2814 2813
f 2854 3076 1258
f 1258 3076 3064
f 2871 3077 2872
f 2872 3077 3078
f 3074 2813 3079
f 3079 2813 2873
f 2872 3078 1349
f 1349 3078 3080
f 2873 701 3068
f 3068 701 1301
f 1330 1201 3080
f 3080 1201 1349
f 1264 1263 3081
f 3081 1263 3082
f 3083 3084 3082
f 3082 3084 3081
f 811 1448 3086
f 3086 1448 3085
f 808 811 3087
f 3087 811 3086
f 3088 3083 833
f 833 3083 3082
f 884 3089 885
f 885 3089 3090
f 3087 1790 808
f 808 1790 816
f 1790 3087 1787
f 1787 3087 3091
f 3092 3091 3086
f 3086 3091 3087
f 3093 3094 3084
f 3084 3094 3095
f 3089 3096 3090
f 3090 3096 3088
f 3097 3093 3083
f 3083 3093 3084
f 3099 3100 3098
f 3098 3100 1786
f 3101 1788 2913
f 2913 1788 3102
f 838 837 885
f 885 837 886
f 886 837 3103
f 3103 837 1541
f 3094 3093 3104
f 3104 3093 3097
f 3105 3106 3089
f 3089 3106 3096
f 3108 3109 3107
f 3107 3109 3110
f 3111 3112 3091
f 3091 3112 1787
f 3114 3108 3113
f 3113 3108 3107
f 3114 3115 3112
f 3112 3115 3102
f 3091 3092 3111
f 3111 3092 3116
f 839 838 835
f 835 838 836
f 885 3090 838
f 838 3090 836
f 3110 3117 1247
f 1247 3117 3118
f 1247 3118 1248
f 1248 3118 3119
f 3120 3121 3119
f 3119 3121 1248
f 1247 844 3110
f 3110 844 3107
f 844 843 3107
f 3107 843 3113
f 843 3099 3113
f 3113 3099 3122
f 1781 3123 3098
f 3098 3123 3124
f 2915 2931 1780
f 1780 2931 2930
f 3019 3125 2915
f 2915 3125 2931
f 890 3125 2834
f 2834 3125 1252
f 3125 3019 1252
f 1252 3019 1249
f 907 908 946
f 946 908 947
f 1185 1188 1369
f 1369 1188 948
f 954 957 951
f 951 957 952
f 910 965 953
f 953 965 950
f 905 958 960
f 960 958 961
f 3126 978 949
f 949 978 962
f 936 935 967
f 967 935 968
f 994 993 969
f 969 993 966
f 902 904 971
f 971 904 972
f 983 985 973
f 973 985 970
f 906 905 974
f 974 905 960
f 977 981 959
f 959 981 975
f 911 910 1143
f 1143 910 953
f 952 957 1142
f 1142 957 1145
f 911 1143 1366
f 1366 1143 1368
f 1185 1369 1145
f 1145 1369 1142
f 993 1519 966
f 966 1519 1456
f 965 1454 950
f 950 1454 1457
f 900 899 1459
f 1459 899 1460
f 988 991 1461
f 1461 991 1458
f 899 963 1460
f 1460 963 1462
f 985 987 970
f 970 987 1463
f 904 906 972
f 972 906 974
f 981 983 975
f 975 983 973
f 935 900 968
f 968 900 1459
f 991 994 1458
f 1458 994 969
f 1154 1526 1088
f 1088 1526 1089
f 1109 1112 1092
f 1092 1112 1093
f 1083 1098 1084
f 1084 1098 1097
f 1078 1471 1100
f 1100 1471 1101
f 1075 1078 1104
f 1104 1078 1100
f 1152 1154 1156
f 1156 1154 1088
f 1156 1155 1372
f 1372 1155 1373
f 1372 1373 1104
f 1104 1373 1075
f 1467 1109 1465
f 1465 1109 1092
f 1465 1182 1468
f 1468 1182 1184
f 1474 1470 1096
f 1096 1470 1097
f 1102 1101 1083
f 1083 1101 1098
f 1112 1531 1093
f 1093 1531 1529
f 1102 1073 1099
f 1099 1073 1072
f 1526 1154 1079
f 1079 1154 1080
f 1081 1091 1082
f 1082 1091 1094
f 1069 1068 1085
f 1085 1068 1086
f 1153 1151 1080
f 1080 1151 1058
f 1371 1177 1179
f 1179 1177 1176
f 1099 1072 1103
f 1103 1072 1176
f 1068 1071 1086
f 1086 1071 1073
f 1085 1084 1180
f 1180 1084 1469
f 1066 1065 1183
f 1183 1065 1181
f 1153 1152 1177
f 1177 1152 1178
f 1091 1081 1182
f 1182 1081 1183
f 1057 1525 1079
f 1079 1525 1527
f 1120 1117 1076
f 1076 1117 1077
f 1087 1090 1107
f 1107 1090 1108
f 1127 1126 1110
f 1110 1126 1111
f 1095 1116 1096
f 1096 1116 1115
f 1471 1078 1119
f 1119 1078 1077
f 1087 1107 1155
f 1155 1107 1158
f 1376 1374 1157
f 1157 1374 1158
f 1076 1075 1374
f 1374 1075 1373
f 1109 1467 1110
f 1110 1467 1472
f 1467 1466 1472
f 1472 1466 1473
f 1135 1475 1114
f 1114 1475 1115
f 1471 1119 1095
f 1095 1119 1116
f 1126 1532 1111
f 1111 1532 1530
f 914 1276 1480
f 1480 1276 1517
f 3127 3128 1223
f 1223 3128 1224
f 824 933 1455
f 1455 933 3129
f 3131 1448 3130
f 3130 1448 1447
f 3132 3133 1452
f 1452 3133 1453
f 3130 1447 1322
f 1322 1447 1455
f 933 1514 3129
f 3129 1514 3134
f 1161 3135 1480
f 1480 3135 1481
f 3128 3136 1224
f 1224 3136 1499
f 3133 1162 1453
f 1453 1162 1517
f 1515 3127 1535
f 1535 3127 1223
f 3095 3085 3131
f 3131 3085 1448
f 3137 3092 3085
f 3085 3092 3086
f 3138 3116 3137
f 3137 3116 3092
f 3110 3109 3117
f 3117 3109 3139
f 3105 3140 3117
f 3117 3140 3118
f 3140 3141 3118
f 3118 3141 3119
f 3142 3120 3141
f 3141 3120 3119
f 1498 3143 1277
f 1277 3143 882
f 3144 3145 1340
f 1340 3145 1339
f 1340 3146 3144
f 3144 3146 3147
f 3145 3144 3143
f 3143 3144 3148
f 871 901 872
f 872 901 1362
f 3149 3148 3147
f 3147 3148 3144
f 1208 3150 1209
f 3098 1786 1781
f 1781 1786 1782
f 2930 2929 3123
f 3123 2929 2911
f 1794 1791 2916
f 2916 1791 2917
f 1793 3101 2918
f 2918 3101 2919
f 1796 1794 2920
f 2920 1794 2916
f 3151 3152 2921
f 2921 3152 2922
f 3153 3154 2923
f 2923 3154 2924
f 2919 3101 2912
f 2912 3101 2913
f 3155 1796 2925
f 2925 1796 2920
f 3154 3156 2924
f 2924 3156 2926
f 1791 1793 2917
f 2917 1793 2918
f 3157 3158 2927
f 2927 3158 2928
f 1780 2930 1781
f 1781 2930 3123
f 2825 1267 1189
f 1189 1267 1190
f 2827 2828 1250
f 1250 2828 1251
f 1489 2830 1324
f 1324 2830 1325
f 923 1328 1334
f 1334 1328 1335
f 1485 2832 1482
f 1482 2832 1483
f 1266 1490 1492
f 1492 1490 1493
f 1333 1346 1334
f 1334 1346 2824
f 722 799 1492
f 1492 799 1190
f 664 657 1482
f 1482 657 2833
f 631 634 1324
f 1324 634 1493
f 2828 1494 1251
f 1251 1494 2835
f 1249 3021 1250
f 1250 3021 2838
f 798 2837 1189
f 1189 2837 2836
f 3100 842 3160
f 3160 842 3159
f 1788 3101 1789
f 1789 3101 1793
f 1792 816 1789
f 1789 816 1790
f 817 816 1795
f 1795 816 1792
f 938 817 1797
f 1797 817 1795
f 1796 3155 1797
f 1797 3155 1798
f 3155 3158 1798
f 1798 3158 1799
f 3157 3152 1801
f 1801 3152 1802
f 3151 3156 1803
f 1803 3156 1804
f 3154 3153 1805
f 1805 3153 1806
f 3153 3161 1806
f 1806 3161 1807
f 3099 843 3100
f 3100 843 842
f 1788 1787 3102
f 3102 1787 3112
f 2910 3115 3124
f 3124 3115 3122
f 3099 3098 3122
f 3122 3098 3124
f 416 1907 3052
f 3052 1907 3071
f 3046 3047 3163
f 3163 3047 3162
f 249 445 259
f 259 445 3164
f 425 3165 424
f 424 3165 461
f 408 410 329
f 329 410 330
f 39 331 40
f 40 331 332
f 305 304 423
f 423 304 464
f 385 254 458
f 458 254 392
f 250 415 251
f 251 415 412
f 233 337 234
f 234 337 3166
f 435 3055 1908
f 1908 3055 3072
f 443 1909 3056
f 3056 1909 3073
f 3167 3049 3057
f 3057 3049 444
f 452 3058 1332
f 1332 3058 3069
f 234 3166 346
f 346 3166 411
f 3046 3163 462
f 462 3163 3059
f 259 3164 260
f 260 3164 336
f 3047 417 3162
f 3162 417 3053
f 463 3168 434
f 434 3168 3054
f 454 830 425
f 425 830 3165
f 3062 3169 3063
f 3063 3169 3170
f 1355 1354 1534
f 1534 1354 3171
f 3063 3170 3068
f 3068 3170 3172
f 574 3061 3062
f 3062 3061 3169
f 1534 3171 1535
f 1535 3171 3173
f 3079 2873 3172
f 3172 2873 3068
f 2838 3025 2839
f 2839 3025 3174
f 3176 3177 3175
f 3175 3177 3178
f 3180 1125 3179
f 3179 1125 1128
f 3182 3183 3181
f 3181 3183 3184
f 1134 3185 1130
f 1130 3185 3182
f 3186 3187 3189
f 3189 3187 3188
f 3191 3189 3190
f 3190 3189 3188
f 1137 1122 3190
f 3190 1122 3192
f 3175 3178 3193
f 3193 3178 3194
f 3181 3184 3179
f 3179 3184 3195
f 3197 3198 3196
f 3196 3198 3180
f 3200 3178 3199
f 3199 3178 3177
f 3202 3196 3201
f 3201 3196 3195
f 3204 3184 3203
f 3203 3184 3183
f 3206 3207 3205
f 3205 3207 3186
f 3205 3186 3208
f 3208 3186 3189
f 3209 3208 3191
f 3191 3208 3189
f 3210 3194 3200
f 3200 3194 3178
f 3201 3195 3204
f 3204 3195 3184
f 3197 3211 3177
f 3177 3211 3199
f 3213 3214 3212
f 3212 3214 3215
f 3217 3218 3216
f 3216 3218 3219
f 3221 3222 3220
f 3220 3222 3223
f 3225 3226 3224
f 3224 3226 3227
f 3229 3230 3228
f 3228 3230 3231
f 3233 3234 3232
f 3232 3234 3235
f 3237 3238 3236
f 3236 3238 3239
f 3238 3240 3239
f 3239 3240 3241
f 3232 3235 3242
f 3242 3235 3243
f 3245 3246 3244
f 3244 3246 3247
f 3248 3249 3245
f 3245 3249 3246
f 3251 3252 3250
f 3250 3252 3253
f 3255 3252 3254
f 3254 3252 3251
f 3256 3257 3259
f 3259 3257 3258
f 3261 3262 3260
f 3260 3262 3263
f 3265 3263 3264
f 3264 3263 3262
f 3256 3259 3266
f 3266 3259 3267
f 3269 3270 3268
f 3268 3270 3271
f 3269 3272 3270
f 3270 3272 3273
f 3274 3275 3277
f 3277 3275 3276
f 3278 3279 3276
f 3276 3279 3277
f 3281 3282 3280
f 3280 3282 3283
f 3280 3284 3281
f 3281 3284 3285
f 3287 3288 3286
f 3286 3288 3289
f 3290 3291 3288
f 3288 3291 3289
f 3234 3218 3235
f 3235 3218 3217
f 3232 3292 3233
f 3233 3292 3293
f 3239 3294 3236
f 3236 3294 3219
f 3233 3293 3237
f 3237 3293 3295
f 3296 3294 3241
f 3241 3294 3239
f 3240 3238 3297
f 3297 3238 3298
f 3217 3216 3235
f 3235 3216 3243
f 3297 3299 3240
f 3240 3299 3242
f 3246 3300 3247
f 3247 3300 3223
f 3301 3302 3254
f 3254 3302 3244
f 3249 3303 3246
f 3246 3303 3300
f 3245 3304 3248
f 3248 3304 3292
f 3252 3221 3253
f 3253 3221 3220
f 3250 3248 3299
f 3299 3248 3292
f 3222 3221 3255
f 3255 3221 3252
f 3297 3301 3251
f 3251 3301 3254
f 3258 3214 3259
f 3259 3214 3213
f 3257 3256 3304
f 3304 3256 3305
f 3263 3306 3260
f 3260 3306 3215
f 3261 3257 3302
f 3302 3257 3304
f 3307 3306 3265
f 3265 3306 3263
f 3262 3301 3264
f 3264 3301 3308
f 3259 3213 3267
f 3267 3213 3212
f 3308 3309 3264
f 3264 3309 3266
f 3270 3310 3271
f 3271 3310 3231
f 3311 3312 3278
f 3278 3312 3268
f 3270 3273 3310
f 3310 3273 3313
f 3272 3269 3305
f 3305 3269 3314
f 3277 3229 3274
f 3274 3229 3228
f 3275 3272 3309
f 3309 3272 3305
f 3279 3230 3277
f 3277 3230 3229
f 3276 3308 3278
f 3278 3308 3311
f 3281 3315 3282
f 3282 3315 3227
f 3290 3316 3283
f 3283 3316 3317
f 3281 3285 3315
f 3315 3285 3318
f 3284 3280 3314
f 3314 3280 3319
f 3289 3225 3286
f 3286 3225 3224
f 3287 3284 3312
f 3284 3314 3312
f 3291 3226 3289
f 3289 3226 3225
f 3288 3311 3290
f 3290 3311 3316
f 3212 3215 3307
f 3307 3215 3306
f 3294 3296 3219
f 3219 3296 3216
f 3303 3220 3300
f 3300 3220 3223
f 3224 3227 3318
f 3318 3227 3315
f 3228 3231 3313
f 3313 3231 3310
f 3234 3233 3236
f 3236 3233 3237
f 3243 3241 3242
f 3242 3241 3240
f 3247 3255 3244
f 3244 3255 3254
f 3253 3249 3250
f 3250 3249 3248
f 3260 3258 3261
f 3261 3258 3257
f 3266 3267 3264
f 3264 3267 3265
f 3268 3271 3278
f 3278 3271 3279
f 3274 3273 3275
f 3275 3273 3272
f 3283 3282 3290
f 3290 3282 3291
f 3286 3285 3287
f 3287 3285 3284
f 3218 3234 3219
f 3219 3234 3236
f 3295 3298 3237
f 3237 3298 3238
f 3216 3296 3243
f 3243 3296 3241
f 3242 3299 3232
f 3232 3299 3292
f 3223 3222 3247
f 3247 3222 3255
f 3244 3302 3245
f 3245 3302 3304
f 3303 3249 3220
f 3220 3249 3253
f 3297 3251 3299
f 3299 3251 3250
f 3215 3214 3260
f 3260 3214 3258
f 3301 3262 3302
f 3302 3262 3261
f 3212 3307 3267
f 3267 3307 3265
f 3266 3309 3256
f 3256 3309 3305
f 3271 3231 3279
f 3279 3231 3230
f 3268 3312 3269
f 3269 3312 3314
f 3228 3313 3274
f 3274 3313 3273
f 3308 3276 3309
f 3309 3276 3275
f 3282 3227 3291
f 3291 3227 3226
f 3317 3319 3283
f 3283 3319 3280
f 3224 3318 3286
f 3286 3318 3285
f 3312 3311 3287
f 3311 3288 3287
f 3320 3321 3194
f 3194 3321 3193
f 1375 3321 1121
f 1121 3321 3322
f 3323 3324 3322
f 3322 3324 3192
f 3175 1124 3176
f 3176 1124 1123
f 3179 3195 3180
f 3180 3195 3196
f 3181 1131 3182
f 3182 1131 1130
f 3207 3185 3186
f 3186 3185 3187
f 1136 3188 1133
f 1133 3188 3187
f 3190 3188 1137
f 1137 3188 1136
f 3193 1159 3175
f 3175 1159 1124
f 3179 1128 3181
f 3181 1128 1131
f 1533 3198 1123
f 1123 3198 3176
f 3321 1375 3193
f 3193 1375 1159
f 3321 3320 3322
f 3322 3320 3323
f 1122 1121 3192
f 3192 1121 3322
f 3194 3210 3320
f 3320 3210 3325
f 3324 3323 3327
f 3327 3323 3326
f 3320 3325 3323
f 3323 3325 3326
f 3208 3328 3205
f 3205 3328 3329
f 3330 3206 3329
f 3329 3206 3205
f 3203 3331 3204
f 3204 3331 3332
f 3210 3333 3325
f 3325 3333 3334
f 3325 3334 3326
f 3326 3334 3335
f 3327 3326 3336
f 3336 3326 3335
f 3327 3209 3324
f 3324 3209 3191
f 3190 3192 3191
f 3191 3192 3324
f 3338 3339 3337
f 3337 3339 3340
f 3338 3341 3339
f 3339 3341 3342
f 3341 3343 3342
f 3342 3343 3344
f 3343 3345 3344
f 3344 3345 3346
f 3345 3347 3346
f 3346 3347 3348
f 3347 3349 3348
f 3348 3349 3350
f 3337 3340 3351
f 3351 3340 3352
f 3351 3352 3353
f 3353 3352 3354
f 3353 3354 3355
f 3355 3354 3356
f 3350 3349 3357
f 3357 3349 3358
f 3355 3356 3359
f 3359 3356 3360
f 3359 3360 3361
f 3361 3360 3362
f 3361 3362 3363
f 3363 3362 3364
f 3363 3364 3358
f 3358 3364 3357
f 3339 3342 3365
f 3365 3342 3366
f 3342 3344 3366
f 3366 3344 3367
f 3344 3346 3367
f 3367 3346 3368
f 3346 3348 3368
f 3368 3348 3369
f 3348 3350 3369
f 3369 3350 3370
f 3368 3369 3371
f 3371 3369 3372
f 3369 3370 3372
f 3372 3370 3373
f 3373 3374 3372
f 3372 3374 3375
f 3377 3378 3376
f 3376 3378 3379
f 3377 3375 3378
f 3378 3375 3374
f 3375 3380 3372
f 3372 3380 3371
f 3377 3381 3375
f 3375 3381 3380
f 3376 3382 3377
f 3377 3382 3381
f 3384 3385 3383
f 3383 3385 3386
f 3384 3383 3388
f 3388 3383 3387
f 3388 3387 3389
f 3389 3387 3390
f 3392 3385 3391
f 3391 3385 3384
f 3388 3393 3384
f 3384 3393 3391
f 3389 3394 3388
f 3388 3394 3393
f 3389 3395 3394
f 3394 3395 3396
f 3395 3389 3397
f 3397 3389 3390
f 3339 3365 3340
f 3340 3365 3398
f 3340 3398 3352
f 3352 3398 3399
f 3371 3400 3368
f 3368 3400 3367
f 3400 3401 3367
f 3367 3401 3366
f 3366 3401 3365
f 3365 3401 3402
f 3398 3365 3403
f 3403 3365 3402
f 3398 3403 3399
f 3399 3403 3404
f 3403 3405 3404
f 3404 3405 3406
f 3352 3399 3354
f 3354 3399 3407
f 3399 3404 3407
f 3407 3404 3408
f 3404 3406 3408
f 3408 3406 3409
f 3405 3410 3406
f 3406 3410 3411
f 3410 3412 3411
f 3411 3412 3413
f 3397 3414 3395
f 3395 3414 3415
f 3417 3415 3416
f 3416 3415 3412
f 3410 3418 3412
f 3412 3418 3416
f 3410 3405 3418
f 3418 3405 3419
f 3405 3403 3419
f 3419 3403 3402
f 3370 3350 3420
f 3420 3350 3357
f 3373 3370 3421
f 3421 3370 3420
f 3374 3373 3422
f 3422 3373 3421
f 3378 3374 3423
f 3423 3374 3422
f 3378 3423 3379
f 3379 3423 3424
f 3424 3425 3379
f 3379 3425 3386
f 3383 3426 3387
f 3387 3426 3427
f 3387 3427 3390
f 3390 3427 3428
f 3390 3428 3397
f 3397 3428 3429
f 3429 3430 3397
f 3397 3430 3414
f 3411 3413 3431
f 3431 3413 3432
f 3406 3411 3409
f 3409 3411 3431
f 3401 3400 3335
f 3335 3400 3336
f 3401 3335 3402
f 3402 3335 3334
f 3402 3334 3419
f 3419 3334 3333
f 3419 3333 3418
f 3418 3333 3433
f 3418 3433 3416
f 3416 3433 3434
f 3435 3417 3434
f 3434 3417 3416
f 3394 3396 3436
f 3436 3396 3437
f 3393 3394 3332
f 3332 3394 3436
f 3393 3332 3391
f 3391 3332 3331
f 3330 3392 3331
f 3331 3392 3391
f 3382 3329 3381
f 3381 3329 3328
f 3354 3407 3356
f 3356 3407 3438
f 3356 3438 3360
f 3360 3438 3439
f 3360 3439 3362
f 3362 3439 3440
f 3362 3440 3364
f 3364 3440 3441
f 3364 3441 3357
f 3357 3441 3420
f 3421 3420 3442
f 3442 3420 3441
f 3442 3441 3443
f 3443 3441 3440
f 3443 3440 3444
f 3444 3440 3439
f 3444 3439 3445
f 3445 3439 3438
f 3445 3438 3408
f 3408 3438 3407
f 3422 3421 3446
f 3446 3421 3442
f 3446 3442 3447
f 3447 3442 3443
f 3447 3443 3448
f 3448 3443 3444
f 3448 3444 3449
f 3449 3444 3445
f 3449 3445 3409
f 3409 3445 3408
f 3409 3431 3449
f 3449 3431 3450
f 3449 3450 3448
f 3448 3450 3451
f 3451 3452 3448
f 3448 3452 3447
f 3447 3452 3446
f 3446 3452 3453
f 3446 3453 3422
f 3422 3453 3423
f 3424 3423 3454
f 3454 3423 3453
f 3452 3455 3453
f 3453 3455 3454
f 3452 3451 3455
f 3455 3451 3456
f 3450 3457 3451
f 3451 3457 3456
f 3431 3432 3450
f 3450 3432 3457
f 3454 3458 3424
f 3424 3458 3425
f 3427 3426 3459
f 3459 3426 3460
f 3428 3427 3461
f 3461 3427 3459
f 3428 3461 3429
f 3429 3461 3462
f 3462 3463 3429
f 3429 3463 3430
f 3464 3465 3462
f 3462 3465 3463
f 3455 3466 3454
f 3454 3466 3458
f 3465 3464 3466
f 3466 3464 3467
f 3461 3459 3468
f 3468 3459 3469
f 3468 3469 3464
f 3464 3469 3467
f 3464 3462 3468
f 3468 3462 3461
f 3459 3460 3469
f 3469 3460 3467
f 3295 3351 3298
f 3298 3351 3353
f 3353 3355 3298
f 3298 3355 3297
f 3297 3355 3301
f 3301 3355 3359
f 3301 3359 3308
f 3308 3359 3361
f 3308 3361 3311
f 3311 3361 3363
f 3311 3363 3316
f 3316 3363 3358
f 3316 3358 3317
f 3317 3358 3349
f 3349 3347 3317
f 3317 3347 3319
f 3347 3345 3319
f 3319 3345 3314
f 3345 3343 3314
f 3314 3343 3305
f 3343 3341 3305
f 3305 3341 3304
f 3304 3341 3292
f 3292 3341 3338
f 3292 3338 3293
f 3293 3338 3337
f 3293 3337 3295
f 3295 3337 3351
f 3437 3202 3436
f 3436 3202 3201
f 3436 3201 3332
f 3332 3201 3204
f 3433 3200 3434
f 3434 3200 3199
f 3211 3435 3199
f 3199 3435 3434
f 3333 3210 3433
f 3433 3210 3200
f 3380 3470 3371
f 3400 3371 3336
f 3336 3371 3470
f 3381 3328 3380
f 3380 3328 3470
f 3470 3328 3209
f 3209 3328 3208
f 3336 3470 3327
f 3327 3470 3209
f 1545 1763 1546
f 1546 1763 1762
f 1403 1546 773
f 773 1546 770
f 1221 3013 1220
f 1220 3013 3471
f 1305 2877 1306
f 1306 2877 2879
f 1220 3471 828
f 828 3471 829
f 1217 1754 3472
f 3472 1754 1756
f 1049 3473 1048
f 1048 3473 3474
f 1371 1179 3473
f 3473 1179 3474
f 1074 3475 1179
f 1179 3475 3474
f 3474 3475 1048
f 1048 3475 1056
f 919 666 1345
f 1345 666 665
f 856 680 919
f 919 680 666
f 679 680 1449
f 1449 680 858
f 1367 878 1500
f 1500 878 877
f 1366 908 1367
f 1367 908 878
f 1512 916 1513
f 1513 916 915
f 947 1368 948
f 948 1368 1369
f 1047 1021 1044
f 1044 1021 1020
f 1370 1049 1019
f 1019 1049 1020
f 1173 1030 1174
f 1174 1030 1033
f 3126 1188 1464
f 1464 1188 1187
f 1800 1451 1512
f 1512 1451 916
f 1175 1174 1186
f 1186 1174 1187
f 1030 1173 1047
f 1047 1173 1021
f 1513 915 3476
f 3476 915 1481
f 1345 665 3477
f 3477 665 1483
f 1502 1501 876
f 876 1501 877
f 1205 1451 1803
f 1803 1451 1802
f 3479 2832 3478
f 3478 2832 2831
f 1449 858 2927
f 2927 858 2922
f 908 1366 947
f 947 1366 1368
f 949 948 3126
f 3126 948 1188
f 3480 3135 1502
f 1502 3135 1501
f 2927 2922 3157
f 3157 2922 3152
f 3477 1483 3479
f 3479 1483 2832
f 1803 1802 3151
f 3151 1802 3152
f 663 658 664
f 664 658 657
f 655 658 939
f 939 658 706
f 1512 870 1800
f 1800 870 869
f 875 874 876
f 876 874 873
f 849 874 905
f 905 874 958
f 949 962 946
f 946 962 961
f 978 3126 979
f 979 3126 1464
f 1031 1168 1032
f 1032 1168 1022
f 1045 1013 1046
f 1046 1013 1012
f 1045 1044 1056
f 1056 1044 1048
f 1047 1046 1030
f 1030 1046 1031
f 939 706 940
f 940 706 1450
f 979 1464 1032
f 1032 1464 1033
f 3480 1478 3476
f 3476 1478 3134
f 2829 1487 2830
f 2830 1487 1486
f 848 1230 873
f 873 1230 1479
f 867 870 933
f 933 870 1514
f 1800 869 1801
f 1801 869 1799
f 2830 1486 1325
f 1325 1486 2833
f 940 1450 2925
f 2925 1450 2928
f 946 961 907
f 907 961 958
f 959 962 977
f 977 962 978
f 3476 3134 1513
f 1513 3134 1514
f 2925 2928 3155
f 3155 2928 3158
f 1325 2833 656
f 656 2833 657
f 1801 1799 3157
f 3157 1799 3158
f 1074 1055 3475
f 3475 1055 1056
f 1371 3473 1370
f 1370 3473 1049
f 2884 615 3481
f 3481 615 618
f 3478 2831 2846
f 2846 2831 617
f 2831 1484 617
f 617 1484 618
f 1484 1487 618
f 618 1487 3481
f 2848 3481 2829
f 2829 3481 1487
f 1480 1517 1161
f 1161 1517 1162
f 3129 1323 1455
f 1455 1323 1322
f 3129 3134 1323
f 1323 3134 1478
f 1535 3173 1515
f 1515 3173 1516
f 3085 3095 3137
f 3137 3095 3094
f 3137 3094 3138
f 3138 3094 3104
f 3117 3139 3105
f 3105 3139 3106
f 1138 1141 3127
f 3127 1141 3128
f 3081 3131 1264
f 1264 3131 3130
f 1227 1226 3132
f 3132 1226 3133
f 1264 3130 1229
f 1229 3130 1322
f 1160 1501 1161
f 1161 1501 3135
f 1141 1476 3128
f 3128 1476 3136
f 1226 1163 3133
f 3133 1163 1162
f 1363 1138 1515
f 1515 1138 3127
f 3084 3095 3081
f 3081 3095 3131
f 3089 884 3105
f 3105 884 3140
f 884 883 3140
f 3140 883 3141
f 883 3482 3141
f 3141 3482 3142
f 3476 1481 3480
f 3480 1481 3135
f 1502 1479 3480
f 3480 1479 1478
f 3168 463 440
f 714 1880 715
f 715 1880 2905
f 896 732 2970
f 2970 732 731
f 1263 834 3082
f 3082 834 833
f 898 1231 853
f 853 1231 854
f 3125 890 2931
f 2931 890 889
f 1237 893 2851
f 2851 893 892
f 898 853 899
f 899 853 963
f 988 987 989
f 989 987 986
f 1002 1007 1003
f 1003 1007 1006
f 1038 1036 1007
f 1007 1036 1004
f 1070 1052 1005
f 1005 1052 1006
f 1069 1067 1070
f 1070 1067 1052
f 1130 1129 1134
f 1134 1129 1135
f 879 1167 880
f 880 1167 1166
f 1171 1169 1037
f 1037 1169 1038
f 1085 1180 1069
f 1069 1180 1067
f 1209 1210 879
f 879 1210 1167
f 2885 1215 1754
f 1754 1215 1214
f 1263 855 834
f 834 855 854
f 708 1244 1826
f 1826 1244 1243
f 2909 894 1254
f 1254 894 893
f 1228 1361 964
f 964 1361 1360
f 2908 2907 1436
f 1436 2907 1437
f 2990 1440 2991
f 2991 1440 1439
f 964 1360 965
f 965 1360 1454
f 950 1457 951
f 951 1457 1456
f 970 1463 971
f 971 1463 1462
f 1025 1169 984
f 984 1169 986
f 1084 1097 1469
f 1469 1097 1470
f 1096 1115 1474
f 1474 1115 1475
f 1140 1361 1141
f 1141 1361 1476
f 1212 1495 2828
f 2828 1495 1494
f 880 1166 1452
f 1452 1166 1499
f 715 2905 1504
f 1504 2905 2906
f 954 1519 955
f 955 1519 1518
f 1026 1520 992
f 992 1520 1518
f 1029 1520 1043
f 1043 1520 1521
f 997 1522 1040
f 1040 1522 1521
f 1015 1522 1016
f 1016 1522 1523
f 1523 996 1524
f 1524 996 1062
f 1057 1060 1525
f 1525 1060 1524
f 1094 1528 1082
f 1082 1528 1527
f 1526 1528 1089
f 1089 1528 1529
f 1090 1531 1108
f 1108 1531 1530
f 1125 1533 1126
f 1126 1533 1532
f 3483 1755 727
f 727 1755 1214
f 735 1814 707
f 707 1814 1813
f 2891 1834 1246
f 1246 1834 1243
f 2904 1881 1847
f 1847 1881 1848
f 1852 1855 1853
f 1853 1855 1858
f 1902 2903 1877
f 1877 2903 1878
f 2903 2904 1878
f 1878 2904 1847
f 714 713 1848
f 1848 713 1849
f 1440 2990 1883
f 1883 2990 2989
f 1883 2989 1852
f 1852 2989 1855
f 2895 1888 2892
f 2892 1888 1887
f 774 777 1877
f 1877 777 1903
f 1251 2835 1252
f 1252 2835 2834
f 1213 2844 1212
f 1212 2844 1495
f 2851 892 1213
f 1213 892 2844
f 3123 2911 3124
f 3124 2911 2910
f 887 2929 888
f 888 2929 889
f 1435 2963 1436
f 1436 2963 2961
f 1253 1438 1254
f 1254 1438 1437
f 2970 731 735
f 735 731 1814
f 733 732 2885
f 2885 732 1215
f 2901 2902 2976
f 2976 2902 2977
f 2975 2982 2976
f 2976 2982 2979
f 2899 2900 2981
f 2981 2900 2979
f 2899 2981 2898
f 2898 2981 2983
f 2986 2985 2984
f 2984 2985 2983
f 2897 2985 2896
f 2896 2985 2988
f 2991 1439 2987
f 2987 1439 2988
f 777 2978 1903
f 1903 2978 2977
f 1885 1888 1858
f 1858 1888 1853
f 3090 3088 836
f 836 3088 833
f 3083 3088 3097
f 3097 3088 3096
f 3097 3096 3104
f 3104 3096 3106
f 3111 3116 3108
f 3108 3116 3109
f 3112 3111 3114
f 3114 3111 3108
f 3113 3122 3114
f 3114 3122 3115
f 891 890 2837
f 2837 890 2834
f 951 1456 954
f 954 1456 1519
f 967 1457 936
f 936 1457 1454
f 971 1462 902
f 902 1462 963
f 1461 1463 988
f 988 1463 987
f 1466 1468 1474
f 1474 1468 1470
f 1089 1529 1090
f 1090 1529 1531
f 1184 1181 1469
f 1469 1181 1180
f 1082 1527 1061
f 1061 1527 1525
f 1129 1473 1135
f 1135 1473 1475
f 1108 1530 1105
f 1105 1530 1532
f 1452 1499 3132
f 3132 1499 3136
f 3109 3116 3139
f 3139 3116 3138
f 2912 2911 887
f 887 2911 2929
f 2836 2835 1497
f 1497 2835 1494
f 2913 3102 2910
f 2910 3102 3115
f 1133 3187 1134
f 1134 3187 3185
f 3177 3176 3197
f 3197 3176 3198
f 3203 3183 3206
f 3206 3183 3207
f 3196 3202 3197
f 3197 3202 3211
f 3183 3182 3207
f 3207 3182 3185
f 1125 3180 1533
f 1533 3180 3198
f 3331 3203 3330
f 3330 3203 3206
f 3376 3379 3385
f 3385 3379 3386
f 3382 3376 3392
f 3392 3376 3385
f 3412 3415 3413
f 3413 3415 3414
f 3417 3396 3415
f 3415 3396 3395
f 3383 3386 3426
f 3426 3386 3425
f 3413 3414 3432
f 3432 3414 3430
f 3437 3396 3435
f 3435 3396 3417
f 3329 3382 3330
f 3330 3382 3392
f 3426 3425 3460
f 3460 3425 3458
f 3432 3430 3457
f 3457 3430 3463
f 3457 3463 3456
f 3456 3463 3465
f 3460 3458 3467
f 3467 3458 3466
f 3466 3455 3465
f 3465 3455 3456
f 3202 3437 3211
f 3211 3437 3435
f 3104 3106 3138
f 3138 3106 3139
f 3132 3136 1227
f 1227 3136 1476
f 943 687 600
f 600 687 601
f 596 625 667
f 667 625 1297
f 687 686 601
f 601 686 653
f 1319 784 711
f 711 784 712
f 1811 607 783
f 783 607 712
f 862 921 917
f 917 921 920
f 3478 925 3479
f 3479 925 924
f 2846 926 3478
f 3478 926 925
f 659 662 929
f 929 662 930
f 856 921 857
f 857 921 1204
f 1206 864 1207
f 1207 864 863
f 2876 1219 2877
f 2877 1219 1218
f 667 1297 593
f 593 1297 1296
f 917 920 1333
f 1333 920 1346
f 686 693 653
f 653 693 930
f 1277 913 1498
f 1498 913 1207
f 592 1536 610
f 610 1536 711
f 864 1206 1805
f 1805 1206 1804
f 1317 1536 1900
f 1900 1536 1809
f 1900 1809 1295
f 1295 1809 1296
f 3479 924 3477
f 3477 924 2824
f 927 926 1203
f 1203 926 2847
f 3484 2859 3032
f 3032 2859 3033
f 3472 2878 1217
f 1217 2878 1218
f 2889 2888 2880
f 2880 2888 2881
f 2886 2883 2887
f 2887 2883 2882
f 929 928 2847
f 2847 928 1203
f 857 1204 2921
f 2921 1204 2926
f 1820 1819 2882
f 2882 1819 2881
f 1821 2883 2876
f 2876 2883 1219
f 782 2889 783
f 783 2889 2880
f 1352 3034 1353
f 1353 3034 3033
f 3031 3034 3041
f 3041 3034 3043
f 944 943 3043
f 3043 943 600
f 1339 3145 1498
f 1498 3145 3143
f 1208 882 3148
f 3148 882 3143
f 2921 2926 3151
f 3151 2926 3156
f 3477 2824 1345
f 1345 2824 1346
f 1805 1804 3154
f 3154 1804 3156
f 886 3103 883
f 883 3103 3482
f 841 1248 3485
f 3485 1248 3121
f 2811 2819 2812
f 2812 2819 2816
f 2818 2815 2817
f 2817 2815 2806
f 2817 2816 2818
f 2818 2816 2819
f 2793 2795 2819
f 2819 2795 2818
f 243 352 2793
f 2793 352 2795
f 242 353 243
f 243 353 352
f 359 191 242
f 242 191 353
f 247 192 359
f 359 192 191
f 157 193 247
f 247 193 192
f 156 194 157
f 157 194 193
f 378 261 156
f 156 261 194
f 378 381 261
f 261 381 195
f 195 381 196
f 196 381 376
f 196 376 198
f 198 376 375
f 375 1776 198
f 198 1776 197
f 1776 1767 197
f 197 1767 274
f 181 274 199
f 199 274 1767
f 568 566 564
f 564 566 563
f 568 569 566
f 566 569 567
f 501 1773 1771
f 1771 1773 578
f 547 579 1773
f 1773 579 578
f 3486 470 474
f 474 470 469
f 450 582 3487
f 3487 582 3488
f 582 583 3488
f 3488 583 3489
f 583 584 3489
f 3489 584 3490
f 3490 584 3491
f 3491 584 543
f 470 3486 466
f 466 3486 467
f 3489 3490 503
f 503 3490 504
f 503 3492 3489
f 3489 3492 3488
f 3492 503 3493
f 3493 503 502
f 3495 3492 3494
f 3494 3492 3493
f 3487 3488 3495
f 3495 3488 3492
f 468 1774 465
f 465 1774 570
f 3494 3493 1775
f 1775 3493 1771
f 3490 3491 504
f 504 3491 1772
f 3491 543 1772
f 1772 543 548
f 450 3487 474
f 474 3487 3486
f 3495 467 3487
f 3487 467 3486
f 3494 468 3495
f 3495 468 467
f 468 3494 1774
f 1774 3494 1775
f 501 1771 502
f 502 1771 3493
f 527 366 384
f 384 366 365
f 522 524 527
f 527 524 366
f 521 534 522
f 522 534 524
f 530 535 521
f 521 535 534
f 508 486 513
f 513 486 532
f 513 532 541
f 541 532 535
f 667 668 596
f 596 668 597
f 1294 1297 624
f 624 1297 625
f 603 641 604
f 604 641 640
f 1290 1293 650
f 650 1293 651
f 1758 691 660
f 660 691 661
f 602 671 599
f 599 671 670
f 654 662 690
f 690 662 661
f 2856 598 695
f 695 598 597
f 602 654 671
f 671 654 690
f 604 640 676
f 676 640 704
f 1826 1829 708
f 708 1829 709
f 1288 1284 740
f 740 1284 741
f 755 754 758
f 758 754 759
f 2853 2856 932
f 932 2856 695
f 689 691 1192
f 1192 691 1193
f 784 1319 1240
f 1240 1319 1241
f 1813 1816 1244
f 1244 1816 1245
f 754 1288 759
f 759 1288 740
f 1894 1242 1318
f 1318 1242 1241
f 2867 1348 1418
f 1418 1348 1347
f 676 704 673
f 673 704 1347
f 1284 1287 741
f 741 1287 1419
f 1421 1426 1422
f 1422 1426 1425
f 1758 660 615
f 615 660 616
f 1192 1191 1421
f 1421 1191 1426
f 2962 1839 1504
f 1504 1839 1505
f 941 1194 1759
f 1759 1194 1193
f 1287 1537 1419
f 1419 1537 1760
f 1882 2893 1823
f 1823 2893 1824
f 1886 1891 1827
f 1827 1891 1828
f 1887 1886 1834
f 1834 1886 1827
f 1841 716 1838
f 1838 716 1505
f 782 784 1850
f 1850 784 1240
f 1239 1242 1863
f 1863 1242 1864
f 1242 1894 1864
f 1864 1894 1873
f 1822 1239 1823
f 1823 1239 1863
f 1318 1317 1895
f 1895 1317 1900
f 1894 1896 1873
f 1873 1896 1897
f 1291 1896 1292
f 1292 1896 1895
f 605 1898 606
f 606 1898 1897
f 1258 1257 2854
f 2854 1257 2855
f 1257 1351 2855
f 2855 1351 2857
f 1351 1353 2857
f 2857 1353 2858
f 1353 3033 2858
f 2858 3033 2859
f 2860 2861 3036
f 3036 2861 3037
f 2862 2863 2870
f 2870 2863 3039
f 2870 2869 2862
f 2862 2869 2864
f 2868 2865 2869
f 2869 2865 2864
f 1764 2866 2868
f 2868 2866 2865
f 1537 1199 1760
f 1760 1199 1348
f 615 2884 1758
f 1758 2884 1759
f 1825 1246 2890
f 2890 1246 1245
f 2893 2892 1824
f 1824 2892 2891
f 761 2960 758
f 758 2960 2906
f 3000 2943 2940
f 2940 2943 2941
f 2968 710 2950
f 2950 710 709
f 1764 1423 2866
f 2866 1423 2953
f 1423 645 2953
f 2953 645 2954
f 645 644 2954
f 2954 644 2955
f 644 738 2955
f 2955 738 2956
f 738 764 2956
f 2956 764 2957
f 764 763 2957
f 2957 763 2958
f 763 2908 2958
f 2958 2908 2959
f 2908 1436 2959
f 2959 1436 2961
f 1837 2964 1435
f 1435 2964 2963
f 1837 2937 2964
f 2964 2937 2965
f 2936 2968 2966
f 2966 2968 2950
f 1840 2942 1838
f 1838 2942 2941
f 2939 2949 2940
f 2940 2949 3006
f 2939 2942 2966
f 2966 2942 2965
f 1822 1825 1850
f 1850 1825 2890
f 1891 3005 1828
f 1828 3005 3006
f 3035 3038 3045
f 3045 3038 3042
f 3045 3044 3035
f 3035 3044 3040
f 669 1422 3045
f 3045 1422 3044
f 599 670 3041
f 3041 670 3042
f 931 3067 932
f 932 3067 3065
f 2853 3066 2854
f 2854 3066 3076
f 3067 3496 3065
f 3065 3496 3497
f 3066 3498 3076
f 3076 3498 3499
f 707 1813 708
f 708 1813 1244
f 2960 2962 2906
f 2906 2962 1504
f 2892 1887 2891
f 2891 1887 1834
f 1839 2962 2963
f 2963 2962 2961
f 595 626 596
f 596 626 625
f 623 626 3484
f 3484 626 2859
f 1291 1290 606
f 606 1290 603
f 1290 650 603
f 603 650 641
f 641 650 642
f 642 650 649
f 2860 2863 649
f 649 2863 642
f 3036 3039 2860
f 2860 3039 2863
f 3035 3040 3036
f 3036 3040 3039
f 1294 1293 1295
f 1295 1293 1292
f 624 651 1294
f 1294 651 1293
f 623 652 624
f 624 652 651
f 3484 2861 623
f 623 2861 652
f 3032 3037 3484
f 3484 3037 2861
f 3031 3038 3032
f 3032 3038 3037
f 3481 2848 2884
f 2884 2848 942
f 2846 617 1427
f 1427 617 616
f 3049 3167 3048
f 3048 3167 3500
f 1906 3048 3070
f 3070 3048 3500
f 1337 1768 3501
f 3501 1768 3502
f 3020 3503 3021
f 3021 3503 3024
f 2914 3023 3020
f 3020 3023 3503
f 859 1770 860
f 860 1770 3504
f 1336 3505 1768
f 1768 3505 3502
f 3065 3497 3066
f 3066 3497 3498
f 2814 3075 3067
f 3067 3075 3496
f 2839 3174 766
f 766 3174 3017
f 1337 3501 1338
f 1338 3501 1769
f 767 3018 3026
f 3026 3018 3506
f 3076 3499 3064
f 3064 3499 3507
f 727 730 3483
f 3483 730 3030
f 3064 3507 2871
f 2871 3507 3077
f 3100 3160 1786
f 1786 3160 1784
f 3026 3506 752
f 752 3506 3015
f 860 3504 2923
f 2923 3504 3508
f 753 3016 3027
f 3027 3016 3509
f 3027 3509 3008
f 3008 3509 3028
f 1782 1785 1783
f 1783 1785 3022
f 2923 3508 3153
f 3153 3508 3161
f 3148 3149 1208
f 1208 3149 3150
f 1335 1328 3510
f 3510 1328 1327
f 1336 1335 3505
f 3505 1335 3510
f 866 3511 1340
f 1340 3511 3146
f 865 1808 866
f 866 1808 3511
f 842 841 3159
f 3159 841 3485
f 2849 3512 1329
f 1329 3512 1326
f 1202 1331 2849
f 2849 1331 3512
f 3514 3515 3513
f 3513 3515 3516
f 3518 3516 3517
f 3517 3516 3515
f 3519 3520 3514
f 3514 3520 3515
f 3522 3523 3521
f 3521 3523 3524
f 3526 3527 3525
f 3525 3527 3528
f 3530 3531 3529
f 3529 3531 3532
f 3534 3535 3533
f 3533 3535 3536
f 3529 3532 3537
f 3537 3532 3538
f 3537 3539 3529
f 3529 3539 3540
f 3542 3543 3541
f 3541 3543 3544
f 3546 3547 3545
f 3545 3547 3548
f 3550 3534 3549
f 3549 3534 3533
f 3550 3543 3551
f 3551 3543 3552
f 3537 3545 3539
f 3539 3545 3548
f 3553 3554 3556
f 3556 3554 3555
f 3537 3557 3545
f 3545 3557 3546
f 3558 3559 3561
f 3561 3559 3560
f 3563 3564 3562
f 3562 3564 3565
f 3564 3563 3566
f 3566 3563 3567
f 3569 3570 3568
f 3568 3570 3571
f 3573 3574 3572
f 3572 3574 3575
f 3577 3578 3576
f 3576 3578 3579
f 3581 3582 3580
f 3580 3582 3583
f 3585 3586 3584
f 3584 3586 3579
f 3586 3587 3579
f 3579 3587 3576
f 3589 3590 3588
f 3588 3590 3591
f 3592 3593 3595
f 3595 3593 3594
f 3597 3598 3596
f 3596 3598 3595
f 3583 3600 3599
f 3599 3600 3601
f 3603 3599 3602
f 3602 3599 3601
f 3605 3606 3604
f 3604 3606 3607
f 3608 3555 3596
f 3596 3555 3554
f 3597 3610 3609
f 3609 3610 3565
f 3564 3611 3565
f 3565 3611 3609
f 3611 3564 3612
f 3612 3564 3566
f 3613 3614 3569
f 3569 3614 3570
f 3615 3616 3573
f 3573 3616 3574
f 3517 3617 3518
f 3518 3617 3618
f 3620 3621 3619
f 3619 3621 3622
f 3624 3625 3623
f 3623 3625 3626
f 3628 3629 3627
f 3627 3629 3630
f 3632 3633 3631
f 3631 3633 3634
f 3636 3637 3635
f 3635 3637 3638
f 3640 3641 3639
f 3639 3641 3642
f 3643 3644 3639
f 3639 3644 3640
f 3646 3513 3645
f 3645 3513 3647
f 3648 3514 3646
f 3646 3514 3513
f 3649 3519 3648
f 3648 3519 3514
f 3650 3651 3527
f 3527 3651 3652
f 3654 3651 3653
f 3653 3651 3650
f 3568 3571 3655
f 3655 3571 3656
f 3657 3658 3653
f 3653 3658 3659
f 3661 3662 3660
f 3660 3662 3658
f 3664 3665 3663
f 3663 3665 3666
f 3667 3657 3650
f 3650 3657 3653
f 3669 3523 3668
f 3668 3523 3670
f 3672 3673 3671
f 3671 3673 3674
f 3676 3677 3675
f 3675 3677 3678
f 3671 3674 3676
f 3676 3674 3677
f 3680 3681 3679
f 3679 3681 3682
f 3683 3684 3680
f 3680 3684 3681
f 3685 3686 3661
f 3661 3686 3662
f 3686 3687 3662
f 3662 3687 3688
f 3684 3683 3689
f 3689 3683 3690
f 3692 3693 3691
f 3691 3693 3694
f 3691 3694 3695
f 3695 3694 3696
f 3698 3699 3697
f 3697 3699 3700
f 3702 3703 3701
f 3701 3703 3704
f 3705 3706 3519
f 3519 3706 3520
f 3673 3672 3707
f 3707 3672 3708
f 3709 3710 3682
f 3682 3710 3679
f 3711 3712 3692
f 3692 3712 3693
f 3714 3715 3713
f 3713 3715 3716
f 3718 3700 3717
f 3717 3700 3699
f 3720 3721 3719
f 3719 3721 3722
f 3724 3725 3723
f 3723 3725 3726
f 3727 3728 3730
f 3730 3728 3729
f 3722 3721 3731
f 3731 3721 3732
f 3697 3700 3733
f 3733 3700 3714
f 3733 3714 3734
f 3734 3714 3713
f 3721 3723 3732
f 3732 3723 3735
f 3720 3736 3724
f 3724 3736 3737
f 3700 3718 3714
f 3714 3718 3715
f 3717 3699 3738
f 3738 3699 3739
f 3536 3740 3533
f 3533 3740 3540
f 3742 3743 3741
f 3741 3743 3744
f 3746 3747 3745
f 3745 3747 3748
f 3750 3751 3749
f 3749 3751 3752
f 3627 3632 3628
f 3628 3632 3631
f 3754 3755 3753
f 3753 3755 3626
f 3562 3565 3756
f 3756 3565 3610
f 3527 3652 3528
f 3528 3652 3757
f 3758 3524 3669
f 3669 3524 3523
f 3582 3598 3583
f 3583 3598 3600
f 3759 3670 3522
f 3522 3670 3523
f 3675 3678 3760
f 3760 3678 3761
f 3762 3763 3690
f 3690 3763 3689
f 3765 3766 3764
f 3764 3766 3767
f 3768 3739 3698
f 3698 3739 3699
f 3726 3725 3770
f 3770 3725 3769
f 3645 3647 3771
f 3771 3647 3772
f 3645 3678 3646
f 3646 3678 3677
f 3646 3677 3648
f 3648 3677 3674
f 3673 3649 3674
f 3674 3649 3648
f 3707 3773 3673
f 3673 3773 3649
f 3775 3776 3774
f 3774 3776 3777
f 3779 3526 3778
f 3778 3526 3525
f 3526 3779 3667
f 3667 3779 3780
f 3780 3781 3667
f 3667 3781 3657
f 3672 3679 3708
f 3708 3679 3710
f 3671 3680 3672
f 3672 3680 3679
f 3676 3683 3671
f 3671 3683 3680
f 3675 3690 3676
f 3676 3690 3683
f 3760 3762 3675
f 3675 3762 3690
f 3682 3681 3783
f 3783 3681 3782
f 3689 3784 3684
f 3684 3784 3785
f 3684 3785 3681
f 3681 3785 3782
f 3786 3709 3783
f 3783 3709 3682
f 3784 3689 3787
f 3787 3689 3763
f 3789 3557 3788
f 3788 3557 3790
f 3792 3793 3791
f 3791 3793 3794
f 3616 3615 3795
f 3795 3615 3796
f 3797 3798 3727
f 3727 3798 3728
f 3800 3801 3799
f 3799 3801 3802
f 3803 3578 3592
f 3592 3578 3593
f 3805 3806 3804
f 3804 3806 3807
f 3599 3603 3585
f 3585 3603 3586
f 3587 3586 3604
f 3604 3586 3603
f 3588 3591 3794
f 3794 3591 3791
f 3581 3803 3582
f 3582 3803 3592
f 3594 3561 3608
f 3608 3561 3790
f 3662 3688 3808
f 3808 3688 3809
f 3665 3664 3810
f 3810 3664 3811
f 3719 3812 3720
f 3720 3812 3736
f 3717 3813 3718
f 3718 3813 3737
f 3723 3721 3724
f 3724 3721 3720
f 3813 3717 3814
f 3814 3717 3738
f 3815 3816 303
f 303 3816 304
f 3818 3819 3817
f 3817 3819 3820
f 3578 3803 3579
f 3579 3803 3584
f 3558 3593 3577
f 3577 3593 3578
f 3822 3823 3821
f 3821 3823 3824
f 3546 3826 3825
f 3825 3826 3827
f 3828 3829 3547
f 3547 3829 3541
f 3831 3542 3830
f 3830 3542 3832
f 3834 3822 3833
f 3833 3822 3821
f 3835 3836 3827
f 3827 3836 3825
f 3800 3799 3828
f 3828 3799 3829
f 3830 3832 3837
f 3837 3832 3838
f 331 330 3551
f 3551 330 3839
f 3831 333 3552
f 3552 333 332
f 3819 3797 3841
f 3841 3797 3840
f 3513 3516 3647
f 3647 3516 3746
f 337 336 3745
f 3745 336 3772
f 3525 3528 3775
f 3775 3528 3749
f 3610 3597 3554
f 3554 3597 3596
f 3706 3702 3520
f 3520 3702 3701
f 3756 3610 3553
f 3553 3610 3554
f 3757 3750 3528
f 3528 3750 3749
f 3517 3515 3701
f 3701 3515 3520
f 3842 3584 3581
f 3581 3584 3803
f 3525 3775 3778
f 3778 3775 3774
f 3638 3843 3635
f 3635 3843 3618
f 3617 3621 3618
f 3618 3621 3635
f 3617 3517 3704
f 3704 3517 3701
f 3521 3624 3522
f 3522 3624 3623
f 3749 3844 3775
f 3775 3844 3776
f 3846 3847 3845
f 3845 3847 3848
f 3843 3747 3618
f 3618 3747 3518
f 3850 3851 3849
f 3849 3851 3748
f 3853 3854 3852
f 3852 3854 3855
f 3856 3857 3622
f 3622 3857 3619
f 3859 3860 3858
f 3858 3860 3861
f 3862 3844 3752
f 3752 3844 3749
f 3863 3759 3623
f 3623 3759 3522
f 3864 3777 3630
f 3630 3777 3776
f 3713 3865 3734
f 3734 3865 3866
f 3868 3869 3867
f 3867 3869 3870
f 3872 3873 3871
f 3871 3873 3874
f 3876 3877 3875
f 3875 3877 3878
f 3879 3880 3878
f 3878 3880 3881
f 3882 3883 3885
f 3885 3883 3884
f 3780 3886 3781
f 3781 3886 3887
f 3888 3685 3869
f 3869 3685 3661
f 3880 3879 3883
f 3883 3879 3884
f 3693 3783 3694
f 3694 3783 3782
f 3696 3785 3764
f 3764 3785 3784
f 3694 3782 3696
f 3696 3782 3785
f 3693 3786 3783
f 3787 3765 3784
f 3784 3765 3764
f 386 385 3765
f 3765 385 3766
f 3695 3889 3691
f 3691 3889 3890
f 3691 3890 3692
f 3692 3890 3891
f 3892 3711 3891
f 3891 3711 3692
f 3767 3893 3695
f 3695 3893 3889
f 3766 3894 3767
f 3767 3894 3893
f 3882 3885 3895
f 3895 3885 3896
f 3898 3698 3897
f 3897 3698 3697
f 3897 3697 3899
f 3899 3697 3733
f 3899 3733 3900
f 3900 3733 3734
f 3901 3768 3898
f 3898 3768 3698
f 3901 3902 3768
f 3768 3902 3903
f 3904 3905 3907
f 3907 3905 3906
f 3869 3661 3870
f 3870 3661 3660
f 3908 3909 3896
f 3896 3909 3895
f 3909 3758 3895
f 3895 3758 3669
f 3751 3531 3752
f 3752 3531 3848
f 3858 3536 3854
f 3854 3536 3535
f 3652 3562 3757
f 3757 3562 3756
f 3651 3654 3563
f 3563 3654 3567
f 3655 3656 3808
f 3808 3656 3659
f 3530 3740 3845
f 3845 3740 3861
f 3751 3750 3556
f 3556 3750 3553
f 3817 3820 3796
f 3796 3820 3795
f 410 409 3910
f 3910 409 3855
f 3750 3757 3553
f 3553 3757 3756
f 3908 3886 3909
f 3909 3886 3780
f 409 411 3855
f 3855 411 3851
f 413 412 3760
f 3760 412 3762
f 415 414 3763
f 3763 414 3787
f 3790 3557 3538
f 3538 3557 3537
f 3555 3608 3538
f 3538 3608 3790
f 3574 3911 3575
f 3575 3911 3912
f 3535 3534 3910
f 3910 3534 3839
f 3831 3552 3542
f 3542 3552 3543
f 3534 3550 3839
f 3839 3550 3551
f 3543 3550 3544
f 3544 3550 3549
f 3913 3914 3916
f 3916 3914 3915
f 3806 3805 3589
f 3589 3805 3590
f 3849 3843 3917
f 3917 3843 3638
f 3853 3644 3859
f 3859 3644 3742
f 3747 3746 3518
f 3518 3746 3516
f 3695 3696 3767
f 3767 3696 3764
f 3903 3918 3768
f 3768 3918 3739
f 3738 3739 3816
f 3816 3739 3918
f 3919 3920 3769
f 3769 3920 3770
f 3921 3726 3922
f 3922 3726 3770
f 3678 3645 3761
f 3761 3645 3771
f 3924 3913 3923
f 3923 3913 3916
f 3802 3925 3838
f 3838 3925 3837
f 3577 3926 3558
f 3558 3926 3559
f 3815 3919 3814
f 3814 3919 3769
f 3927 3928 3822
f 3822 3928 3823
f 3829 3832 3541
f 3541 3832 3542
f 3834 3927 3822
f 3832 3829 3838
f 3838 3829 3799
f 3745 3772 3746
f 3746 3772 3647
f 3849 3748 3843
f 3843 3748 3747
f 3854 3853 3858
f 3858 3853 3859
f 3854 3535 3855
f 3855 3535 3910
f 3557 3789 3546
f 3546 3789 3826
f 3923 3823 3924
f 3924 3823 3928
f 3823 3923 3929
f 3929 3923 3930
f 3531 3751 3532
f 3532 3751 3556
f 3532 3556 3538
f 3538 3556 3555
f 3932 3634 3931
f 3931 3634 3633
f 3814 3769 3813
f 3813 3769 3725
f 3620 3636 3621
f 3621 3636 3635
f 3847 3862 3848
f 3848 3862 3752
f 3531 3530 3848
f 3848 3530 3845
f 3933 3934 3830
f 3830 3934 3831
f 3925 3933 3837
f 3837 3933 3830
f 3934 440 3831
f 3831 440 333
f 3925 3802 3833
f 3833 3802 3801
f 3776 3844 3630
f 3630 3844 3627
f 3808 3659 3662
f 3662 3659 3658
f 3667 3650 3526
f 3526 3650 3527
f 3935 3666 3936
f 3936 3666 3665
f 3718 3737 3715
f 3715 3737 3736
f 3663 3809 3664
f 3664 3809 3688
f 3807 3806 3938
f 3938 3806 3937
f 445 413 3761
f 3761 413 3760
f 3902 447 3903
f 3903 447 446
f 3897 3890 3898
f 3898 3890 3889
f 3899 3891 3897
f 3897 3891 3890
f 3898 3889 3901
f 3901 3889 3893
f 3893 3894 3901
f 3901 3894 3902
f 414 386 3787
f 3787 386 3765
f 3940 3941 3939
f 3939 3941 3942
f 3840 3797 3943
f 3943 3797 3727
f 3665 3810 3936
f 3936 3810 3944
f 3921 3735 3726
f 3726 3735 3723
f 3920 3945 3770
f 3770 3945 3922
f 3521 3524 3774
f 3774 3524 3778
f 3864 3946 3625
f 3625 3946 3947
f 3773 3705 3649
f 3649 3705 3519
f 3779 3778 3758
f 3758 3778 3524
f 3812 3716 3736
f 3736 3716 3715
f 3624 3521 3777
f 3777 3521 3774
f 3703 3856 3704
f 3704 3856 3622
f 3900 3892 3899
f 3899 3892 3891
f 3641 3917 3642
f 3642 3917 3948
f 3895 3669 3882
f 3882 3669 3668
f 3855 3851 3852
f 3852 3851 3850
f 3894 458 3902
f 3902 458 447
f 3781 3887 3660
f 3660 3887 3870
f 3570 3566 3571
f 3571 3566 3567
f 3950 3576 3949
f 3949 3576 3587
f 3605 3602 3614
f 3614 3602 3612
f 3614 3612 3570
f 3570 3612 3566
f 3571 3567 3656
f 3656 3567 3654
f 3660 3658 3781
f 3781 3658 3657
f 3604 3607 3587
f 3587 3607 3949
f 3653 3659 3654
f 3654 3659 3656
f 3529 3540 3530
f 3530 3540 3740
f 3687 3811 3688
f 3688 3811 3664
f 3813 3725 3737
f 3737 3725 3724
f 3919 3815 461
f 461 3815 303
f 3818 3798 3819
f 3819 3798 3797
f 3819 3841 3820
f 3820 3841 3951
f 3816 3815 3738
f 3738 3815 3814
f 3540 3539 3533
f 3533 3539 3549
f 3548 3547 3544
f 3544 3547 3541
f 3539 3548 3549
f 3549 3548 3544
f 3741 3931 3860
f 3860 3931 3846
f 3801 3800 3835
f 3835 3800 3836
f 3934 3933 3824
f 3824 3933 3821
f 3825 3828 3546
f 3546 3828 3547
f 3833 3821 3925
f 3925 3821 3933
f 3800 3828 3836
f 3836 3828 3825
f 3824 3952 3934
f 3934 3952 440
f 3860 3846 3861
f 3861 3846 3845
f 3629 3946 3630
f 3630 3946 3864
f 3740 3536 3861
f 3861 3536 3858
f 3833 3801 3834
f 3834 3801 3835
f 3583 3599 3580
f 3580 3599 3585
f 3651 3563 3652
f 3652 3563 3562
f 3758 3909 3779
f 3779 3909 3780
f 3621 3617 3622
f 3622 3617 3704
f 3625 3947 3626
f 3626 3947 3753
f 3633 3632 3847
f 3847 3632 3862
f 3852 3850 3640
f 3640 3850 3641
f 3644 3853 3640
f 3640 3853 3852
f 3859 3742 3860
f 3860 3742 3741
f 3632 3627 3862
f 3862 3627 3844
f 3755 3863 3626
f 3626 3863 3623
f 3917 3638 3948
f 3948 3638 3637
f 3644 3643 3742
f 3742 3643 3743
f 3931 3633 3846
f 3846 3633 3847
f 3625 3624 3864
f 3864 3624 3777
f 3917 3641 3849
f 3849 3641 3850
f 3744 3932 3741
f 3741 3932 3931
f 3903 446 3918
f 3918 446 464
f 3953 3954 3956
f 3956 3954 3955
f 3958 3959 3957
f 3957 3959 3960
f 3876 3958 3877
f 3877 3958 3957
f 3877 3957 3961
f 3961 3957 3962
f 3963 3964 3958
f 3958 3964 3959
f 3965 3966 3876
f 3876 3966 3958
f 3966 3963 3958
f 3966 3967 3963
f 3963 3967 3968
f 3878 3877 3879
f 3879 3877 3961
f 3967 3969 3968
f 3968 3969 3970
f 3969 3971 3970
f 3970 3971 3972
f 3974 3904 3973
f 3973 3904 3907
f 3971 3975 3972
f 3972 3975 3976
f 3976 3975 3978
f 3978 3975 3977
f 3979 3980 3977
f 3977 3980 3978
f 3981 3982 3979
f 3979 3982 3980
f 3983 3984 3981
f 3981 3984 3982
f 3972 3985 3970
f 3970 3985 3986
f 3871 3987 3969
f 3969 3987 3971
f 3872 3871 3967
f 3967 3871 3969
f 3965 3872 3966
f 3966 3872 3967
f 3970 3986 3968
f 3968 3986 3988
f 3879 3961 3884
f 3884 3961 3940
f 3884 3940 3885
f 3885 3940 3939
f 3989 3990 3992
f 3992 3990 3991
f 3942 3993 3995
f 3995 3993 3994
f 3994 3996 3995
f 3995 3996 3974
f 3997 3998 3994
f 3994 3998 3996
f 3999 3997 3993
f 3993 3997 3994
f 4001 3996 4000
f 4000 3996 3998
f 4000 3998 4002
f 4002 3998 4003
f 4004 4003 3997
f 3997 4003 3998
f 3997 3999 4004
f 4004 3999 4005
f 4006 3995 3973
f 3973 3995 3974
f 3939 3942 4006
f 4006 3942 3995
f 3906 3887 3907
f 3907 3887 3886
f 3887 3906 3870
f 3870 3906 3867
f 3908 3973 3886
f 3886 3973 3907
f 3865 4007 3866
f 3866 4007 4008
f 3984 3983 4009
f 4009 3983 4010
f 3961 3962 3940
f 3940 3962 3941
f 4012 3868 4011
f 4011 3868 3867
f 4013 3975 3987
f 3987 3975 3971
f 4014 3977 4013
f 4013 3977 3975
f 4015 4010 4007
f 4007 4010 3983
f 4007 3983 4008
f 4008 3983 3981
f 4008 3981 4016
f 4016 3981 3979
f 4017 3984 4018
f 4018 3984 4009
f 3977 4014 3979
f 3979 4014 4016
f 3982 3984 4019
f 4019 3984 4017
f 4021 4022 4020
f 4020 4022 4023
f 4022 4012 4023
f 4023 4012 4011
f 4023 3904 4020
f 4020 3904 3974
f 4024 4025 4018
f 4018 4025 4017
f 4026 4027 4024
f 4024 4027 4025
f 4028 4026 4029
f 4029 4026 4024
f 4018 4021 4024
f 4024 4021 4029
f 4030 4031 4026
f 4026 4031 4027
f 4032 4030 4028
f 4028 4030 4026
f 4029 4001 4028
f 4028 4001 4000
f 4028 4000 4032
f 4032 4000 4002
f 4034 4035 4033
f 4033 4035 4036
f 4037 4038 4019
f 4019 4038 4039
f 4041 4039 4040
f 4040 4039 4038
f 4040 4038 4042
f 4042 4038 4036
f 4042 4036 4043
f 4043 4036 4035
f 3985 4044 4046
f 4046 4044 4045
f 4047 4048 4045
f 4045 4048 4046
f 4047 4049 4048
f 4048 4049 4050
f 4042 4047 4040
f 4040 4047 4045
f 4043 4049 4042
f 4042 4049 4047
f 4040 4045 4041
f 4041 4045 4044
f 4052 3959 4051
f 4051 3959 3964
f 4053 4054 4051
f 4051 4054 4055
f 3956 3960 4052
f 4052 3960 3959
f 3953 3956 4056
f 4056 3956 4052
f 4058 3953 4057
f 4057 3953 4056
f 4060 4061 4059
f 4059 4061 4062
f 4063 4064 4054
f 4054 4064 4057
f 4054 4053 4063
f 4063 4053 4065
f 4066 4067 4069
f 4069 4067 4068
f 4048 4050 4063
f 4063 4050 4064
f 4063 4065 4048
f 4048 4065 4046
f 3985 4046 3986
f 3986 4046 4065
f 3986 4065 3988
f 3988 4065 4053
f 3988 4053 3964
f 3964 4053 4051
f 3976 3978 4044
f 4044 3978 4041
f 3980 3982 4039
f 4039 3982 4019
f 4039 4041 3980
f 3980 4041 3978
f 3973 3908 4006
f 4006 3908 3896
f 3885 3939 3896
f 3896 3939 4006
f 4031 4034 4027
f 4027 4034 4033
f 4027 4033 4025
f 4025 4033 4037
f 4019 4017 4037
f 4037 4017 4025
f 3993 3942 4070
f 4070 3942 3941
f 3999 3993 4071
f 4071 3993 4070
f 3999 4071 4005
f 4005 4071 4072
f 4073 4074 4076
f 4076 4074 4075
f 4078 4079 4077
f 4077 4079 4080
f 4082 4080 4081
f 4081 4080 4079
f 4084 4085 4083
f 4083 4085 4086
f 4087 4088 4090
f 4090 4088 4089
f 4092 4093 4091
f 4091 4093 4094
f 4096 4097 4095
f 4095 4097 4098
f 4100 4101 4099
f 4099 4101 4102
f 4103 4104 4106
f 4106 4104 4105
f 4108 4109 4107
f 4107 4109 4110
f 4112 4113 4111
f 4111 4113 4114
f 4116 4117 4115
f 4115 4117 4118
f 4120 4121 4119
f 4119 4121 4122
f 4123 4124 4126
f 4126 4124 4125
f 4127 4128 4130
f 4130 4128 4129
f 4132 4133 4131
f 4131 4133 4134
f 4136 4108 4135
f 4135 4108 4107
f 4138 4139 4137
f 4137 4139 4140
f 4141 4142 4088
f 4088 4142 4089
f 4144 4145 4143
f 4143 4145 4146
f 4148 4149 4147
f 4147 4149 4150
f 4152 4153 4151
f 4151 4153 4154
f 4156 4082 4155
f 4155 4082 4081
f 4157 4158 4160
f 4160 4158 4159
f 4161 4162 4164
f 4164 4162 4163
f 4166 4122 4165
f 4165 4122 4121
f 4168 4152 4167
f 4167 4152 4151
f 4169 4170 4172
f 4172 4170 4171
f 4174 4175 4173
f 4173 4175 4176
f 4178 4149 4177
f 4177 4149 4179
f 4173 4176 4180
f 4180 4176 4181
f 4156 4085 4182
f 4182 4085 4183
f 4182 4184 4156
f 4156 4184 4082
f 4185 4186 4184
f 4184 4186 4187
f 4186 4188 4187
f 4187 4188 4189
f 4190 4191 4073
f 4073 4191 4074
f 4177 4179 4158
f 4158 4179 4159
f 4193 4127 4192
f 4192 4127 4130
f 4144 4194 4151
f 4151 4194 4167
f 4196 4197 4195
f 4195 4197 4198
f 4095 4199 4096
f 4096 4199 4200
f 4201 4202 4204
f 4204 4202 4203
f 4205 4206 4208
f 4208 4206 4207
f 4121 4120 4209
f 4209 4120 4210
f 4212 4213 4211
f 4211 4213 4214
f 4216 4217 4215
f 4215 4217 4218
f 4220 4221 4219
f 4219 4221 4222
f 4224 4196 4223
f 4223 4196 4195
f 4225 4226 4134
f 4134 4226 4131
f 4228 4229 4227
f 4227 4229 4230
f 4232 4233 4231
f 4231 4233 4098
f 4235 4236 4234
f 4234 4236 4237
f 4239 4240 4238
f 4238 4240 4241
f 4242 4243 4245
f 4245 4243 4244
f 4246 4247 4249
f 4249 4247 4248
f 4251 4252 4250
f 4250 4252 4253
f 4255 4256 4254
f 4254 4256 4257
f 4259 4260 4258
f 4258 4260 4261
f 4263 4264 4262
f 4262 4264 4265
f 4267 4268 4266
f 4266 4268 4269
f 4271 4199 4270
f 4270 4199 4272
f 4273 4274 4276
f 4276 4274 4275
f 4115 4118 4277
f 4277 4118 4278
f 4280 4281 4279
f 4279 4281 4282
f 4211 4283 4212
f 4212 4283 4284
f 4286 4287 4285
f 4285 4287 4288
f 4165 4121 4289
f 4289 4121 4209
f 4291 4286 4290
f 4290 4286 4285
f 4293 4294 4292
f 4292 4294 4295
f 4297 4298 4296
f 4296 4298 4299
f 4301 4302 4300
f 4300 4302 4303
f 4299 4304 4296
f 4296 4304 4305
f 4306 4292 4307
f 4307 4292 4295
f 4307 4308 4306
f 4306 4308 4309
f 4310 4309 4075
f 4075 4309 4308
f 4299 4298 4312
f 4312 4298 4311
f 4302 4301 4293
f 4293 4301 4294
f 3735 3921 4313
f 4313 3921 4314
f 4315 4314 3922
f 3922 4314 3921
f 4316 3945 829
f 829 3945 830
f 4289 4317 4165
f 4165 4317 4318
f 4320 4321 4319
f 4319 4321 4322
f 4324 4325 4323
f 4323 4325 4326
f 4327 4328 4330
f 4330 4328 4329
f 4290 4331 4291
f 4291 4331 4332
f 4165 4318 4166
f 4166 4318 4333
f 4334 4335 4337
f 4337 4335 4336
f 4339 4340 4338
f 4338 4340 4341
f 4168 4343 4342
f 4342 4343 4344
f 4346 4347 4345
f 4345 4347 4348
f 4350 4351 4349
f 4349 4351 4352
f 4354 4355 4353
f 4353 4355 4356
f 4357 4358 4324
f 4324 4358 4325
f 4337 4359 4334
f 4334 4359 4360
f 4362 4363 4361
f 4361 4363 4364
f 4366 4367 4365
f 4365 4367 4368
f 4369 4370 4372
f 4372 4370 4371
f 4331 4290 4374
f 4374 4290 4373
f 4373 4376 4375
f 4375 4376 4377
f 4379 4380 4378
f 4378 4380 4381
f 4217 4382 4218
f 4218 4382 4383
f 4385 4386 4384
f 4384 4386 4387
f 4388 4389 4338
f 4338 4389 4390
f 4337 4336 4392
f 4392 4336 4391
f 4394 4362 4393
f 4393 4362 4361
f 4396 4397 4395
f 4395 4397 4398
f 4400 4401 4399
f 4399 4401 4402
f 4345 4403 4346
f 4346 4403 4404
f 4405 4406 4342
f 4342 4406 4407
f 4409 4410 4408
f 4408 4410 4411
f 4408 4412 4409
f 4409 4412 4413
f 4181 4415 4414
f 4414 4415 4416
f 4182 4183 4417
f 4417 4183 4418
f 4419 4353 4311
f 4311 4353 4312
f 4421 4422 4420
f 4420 4422 4423
f 4353 4356 4312
f 4312 4356 4424
f 4166 4333 4425
f 4425 4333 4426
f 4425 4143 4166
f 4166 4143 4122
f 4427 4107 4428
f 4428 4107 4110
f 4429 4430 4174
f 4174 4430 4175
f 4335 4431 4336
f 4336 4431 4390
f 4336 4390 4391
f 4391 4390 4389
f 4432 4433 4435
f 4435 4433 4434
f 4437 4438 4436
f 4436 4438 4439
f 4441 4442 4440
f 4440 4442 4443
f 4359 4444 4361
f 4361 4444 4393
f 4446 4447 4445
f 4445 4447 4448
f 4338 4341 4388
f 4388 4341 4449
f 4450 4451 4398
f 4398 4451 4395
f 4453 4454 4452
f 4452 4454 4455
f 4457 4458 4456
f 4456 4458 4459
f 4460 4461 4448
f 4448 4461 4445
f 4463 4464 4462
f 4462 4464 4465
f 4462 4465 4466
f 4466 4465 4467
f 4468 4469 4467
f 4467 4469 4466
f 4469 4468 4470
f 4470 4468 4471
f 4472 4473 4471
f 4471 4473 4470
f 4475 4476 4474
f 4474 4476 4477
f 4479 4480 4478
f 4478 4480 4481
f 4483 4484 4482
f 4482 4484 4485
f 4487 4488 4486
f 4486 4488 4489
f 4491 4492 4490
f 4490 4492 4493
f 4494 4495 4493
f 4493 4495 4490
f 4496 4497 4494
f 4494 4497 4495
f 4497 4496 4498
f 4498 4496 4499
f 4500 4501 4503
f 4503 4501 4502
f 4505 4506 4504
f 4504 4506 4507
f 4466 4508 4462
f 4462 4508 4509
f 4470 4510 4469
f 4469 4510 4511
f 4513 4479 4512
f 4512 4479 4478
f 4515 4443 4514
f 4514 4443 4442
f 4516 4517 4519
f 4519 4517 4518
f 4521 4495 4520
f 4520 4495 4497
f 4522 4490 4521
f 4521 4490 4495
f 4491 4523 4488
f 4488 4523 4524
f 4525 4489 4524
f 4524 4489 4488
f 4484 4526 4485
f 4485 4526 4527
f 4503 4528 4500
f 4500 4528 4529
f 4530 4531 4533
f 4533 4531 4532
f 4535 4506 4534
f 4534 4506 4530
f 4486 4536 4487
f 4487 4536 4537
f 4487 4537 4492
f 4492 4537 4538
f 4494 4539 4496
f 4496 4539 4540
f 4542 4533 4541
f 4541 4533 4499
f 4544 4545 4543
f 4543 4545 4546
f 4548 4549 4547
f 4547 4549 4550
f 4536 4551 4537
f 4537 4551 4552
f 4537 4552 4538
f 4538 4552 4553
f 4554 4539 4556
f 4556 4539 4555
f 4557 4540 4554
f 4554 4540 4539
f 4559 4557 4558
f 4558 4557 4560
f 4540 4557 4541
f 4541 4557 4559
f 4562 4563 4561
f 4561 4563 4564
f 4546 4565 4543
f 4543 4565 4566
f 4547 4567 4548
f 4548 4567 4568
f 4570 4571 4569
f 4569 4571 4572
f 4574 4575 4573
f 4573 4575 4576
f 4578 4579 4577
f 4577 4579 4580
f 4582 4583 4581
f 4581 4583 4584
f 4585 4586 4588
f 4588 4586 4587
f 4589 4585 4590
f 4590 4585 4588
f 4592 4593 4591
f 4591 4593 4594
f 4596 4597 4595
f 4595 4597 4598
f 4600 4601 4599
f 4599 4601 4602
f 4563 4604 4603
f 4603 4604 4605
f 4603 4606 4608
f 4608 4606 4607
f 4609 4610 4594
f 4594 4610 4591
f 4611 4612 4614
f 4614 4612 4613
f 4616 4617 4615
f 4615 4617 4618
f 4602 4620 4619
f 4619 4620 4621
f 4619 4622 4602
f 4602 4622 4599
f 4605 4599 4623
f 4623 4599 4622
f 4605 4623 4603
f 4603 4623 4606
f 4625 4626 4624
f 4624 4626 4627
f 4438 4437 4628
f 4628 4437 4629
f 4442 4441 4630
f 4630 4441 4631
f 4630 4632 4442
f 4442 4632 4514
f 4633 4634 4529
f 4529 4634 4500
f 4500 4634 4501
f 4501 4634 4635
f 4637 4546 4636
f 4636 4546 4545
f 4639 4565 4638
f 4638 4565 4640
f 4573 4576 4641
f 4641 4576 4642
f 4593 4643 4594
f 4594 4643 4644
f 4645 4609 4644
f 4644 4609 4594
f 4647 4648 4646
f 4646 4648 4649
f 4651 4652 4650
f 4650 4652 4653
f 4654 4498 4519
f 4519 4498 4532
f 4520 4508 4521
f 4521 4508 4511
f 4522 4510 4523
f 4523 4510 4655
f 4524 4656 4525
f 4525 4656 4657
f 4514 4529 4515
f 4515 4529 4528
f 4658 4659 4661
f 4661 4659 4660
f 4496 4540 4499
f 4499 4540 4541
f 4493 4555 4494
f 4494 4555 4539
f 4549 4483 4550
f 4550 4483 4482
f 4545 4544 4501
f 4501 4544 4502
f 4636 4545 4635
f 4635 4545 4501
f 4589 4663 4662
f 4662 4663 4664
f 4662 4665 4558
f 4558 4665 4559
f 4569 4586 4570
f 4570 4586 4560
f 4552 4666 4553
f 4553 4666 4667
f 4668 4669 4670
f 4670 4669 4666
f 4672 4673 4671
f 4671 4673 4674
f 4287 4675 4288
f 4288 4675 4676
f 4678 4679 4677
f 4677 4679 4680
f 4681 4678 4682
f 4682 4678 4677
f 4682 4683 4681
f 4681 4683 4684
f 4161 4164 4685
f 4685 4164 4686
f 4414 4687 4689
f 4689 4687 4688
f 4405 4690 4346
f 4346 4690 4347
f 4691 4399 4693
f 4693 4399 4692
f 1209 4694 4365
f 4365 4694 4366
f 4650 1211 4651
f 4651 1211 1210
f 4695 4696 4255
f 4255 4696 4256
f 4697 4698 4218
f 4218 4698 4215
f 4700 4701 4699
f 4699 4701 4702
f 4703 4704 4303
f 4303 4704 4300
f 4315 3922 4316
f 4316 3922 3945
f 4653 4706 4705
f 4705 4706 4707
f 4709 4710 4708
f 4708 4710 4711
f 4335 4334 4713
f 4713 4334 4712
f 4714 4340 4321
f 4321 4340 4322
f 4716 4717 4715
f 4715 4717 4718
f 4238 4241 4719
f 4719 4241 4720
f 4231 4721 4307
f 4307 4721 4308
f 4723 4724 4722
f 4722 4724 4725
f 4727 4728 4726
f 4726 4728 4729
f 4730 4731 4327
f 4327 4731 4328
f 4733 4734 4732
f 4732 4734 4735
f 4720 4381 4736
f 4736 4381 4737
f 4738 4739 4741
f 4741 4739 4740
f 4743 4744 4742
f 4742 4744 4745
f 4338 4390 4339
f 4339 4390 4431
f 4746 4747 4431
f 4431 4747 4339
f 4291 4332 4289
f 4289 4332 4317
f 4289 4209 4291
f 4291 4209 4286
f 4287 4286 4210
f 4210 4286 4209
f 4749 4750 4748
f 4748 4750 4751
f 4212 4284 4752
f 4752 4284 4753
f 4752 4754 4212
f 4212 4754 4213
f 4252 4251 4225
f 4225 4251 4226
f 4227 4230 4248
f 4248 4230 4249
f 4205 4755 4757
f 4757 4755 4756
f 4708 4711 4758
f 4758 4711 4647
f 4367 4366 4759
f 4759 4366 4760
f 4526 4513 4527
f 4527 4513 4512
f 4420 4423 4385
f 4385 4423 4386
f 4705 4761 4653
f 4653 4761 4650
f 4761 1279 4650
f 4650 1279 1211
f 4762 4763 3944
f 3944 4763 3936
f 4274 4273 4765
f 4765 4273 4764
f 4767 4768 4766
f 4766 4768 4769
f 4770 4771 4769
f 4769 4771 4766
f 4771 4770 4242
f 4242 4770 4243
f 4093 4163 4094
f 4094 4163 4162
f 4772 4773 4775
f 4775 4773 4774
f 4777 4778 4776
f 4776 4778 4779
f 4417 4185 4182
f 4182 4185 4184
f 4780 4078 4781
f 4781 4078 4077
f 4781 4077 4782
f 4782 4077 4189
f 4188 4783 4189
f 4189 4783 4782
f 4295 4232 4307
f 4307 4232 4231
f 4785 4786 4784
f 4784 4786 4787
f 4784 1307 4785
f 4785 1307 1306
f 4078 4780 4096
f 4096 4780 4097
f 4075 4074 4310
f 4310 4074 4788
f 4788 4074 4789
f 4789 4074 4191
f 4789 4191 4059
f 4059 4191 4790
f 4791 4277 4792
f 4792 4277 4278
f 3732 3735 4793
f 4793 3735 4313
f 4793 4794 3732
f 3732 4794 3731
f 4792 4795 4791
f 4791 4795 4796
f 4797 4798 4799
f 4799 4798 4724
f 4763 4800 3936
f 3936 4800 3935
f 4801 4062 3729
f 3729 4062 3730
f 4713 4712 4802
f 4802 4712 4803
f 4146 4804 4119
f 4119 4804 4805
f 4498 4654 4497
f 4497 4654 4520
f 4806 4807 1326
f 1326 4807 1327
f 4689 4688 1330
f 1330 4688 1331
f 4801 4789 4062
f 4062 4789 4059
f 3730 4062 4808
f 4808 4062 4061
f 4810 4811 4809
f 4809 4811 4812
f 4813 4403 4814
f 4814 4403 4345
f 4815 4816 4349
f 4349 4816 4350
f 4817 4818 4820
f 4820 4818 4819
f 4406 4821 4407
f 4407 4821 4822
f 4823 4161 4824
f 4824 4161 4685
f 4181 4414 4825
f 4825 4414 4689
f 4741 4740 4826
f 4826 4740 4827
f 4828 4829 4827
f 4827 4829 4826
f 4142 4141 4415
f 4415 4141 4148
f 4830 1354 4761
f 4761 1354 1279
f 4832 4833 4831
f 4831 4833 4834
f 4835 4836 4626
f 4626 4836 4421
f 4451 4709 4395
f 4395 4709 4708
f 4627 4420 4837
f 4837 4420 4385
f 4837 1365 4838
f 4838 1365 1364
f 4397 4396 4839
f 4839 4396 4840
f 4842 4628 4841
f 4841 4628 4629
f 4671 4674 4631
f 4631 4674 4630
f 4674 4659 4630
f 4630 4659 4632
f 4633 4632 4658
f 4658 4632 4659
f 4658 4504 4633
f 4633 4504 4634
f 4635 4634 4507
f 4507 4634 4504
f 4843 4636 4507
f 4507 4636 4635
f 4844 4637 4843
f 4843 4637 4636
f 4637 4844 4640
f 4640 4844 4664
f 4638 4663 4642
f 4642 4663 4845
f 4847 4643 4846
f 4846 4643 4641
f 4644 4848 4645
f 4645 4848 4849
f 4851 4852 4850
f 4850 4852 4853
f 4855 4856 4854
f 4854 4856 4857
f 4859 4860 4858
f 4858 4860 4857
f 4715 4718 4859
f 4859 4718 4860
f 4862 4863 4861
f 4861 4863 4864
f 4866 4867 4865
f 4865 4867 4868
f 4870 4871 4869
f 4869 4871 4872
f 4869 4872 4116
f 4116 4872 4117
f 4820 4819 4874
f 4874 4819 4873
f 4876 4877 4875
f 4875 4877 4878
f 4880 4881 4879
f 4879 4881 4882
f 4884 4885 4883
f 4883 4885 4886
f 4887 4888 4280
f 4280 4888 4281
f 4818 4817 4889
f 4889 4817 4890
f 4891 4193 4823
f 4823 4193 4192
f 4892 4893 4228
f 4228 4893 4229
f 4158 4157 4894
f 4894 4157 4895
f 4896 4897 4132
f 4132 4897 4133
f 4099 4683 4100
f 4100 4683 4682
f 4101 4100 4899
f 4899 4100 4898
f 4150 4106 4147
f 4147 4106 4900
f 4100 4682 4898
f 4898 4682 4677
f 4080 4082 4187
f 4187 4082 4184
f 4077 4080 4189
f 4189 4080 4187
f 4191 4190 4790
f 4790 4190 4901
f 4177 4158 4680
f 4680 4158 4894
f 4108 4136 4752
f 4752 4136 4754
f 4752 4753 4108
f 4108 4753 4109
f 4817 4902 4890
f 4890 4902 4903
f 4904 4905 4907
f 4907 4905 4906
f 4909 4910 4908
f 4908 4910 4911
f 4913 4914 4912
f 4912 4914 4915
f 4916 4917 4919
f 4919 4917 4918
f 4312 4424 4299
f 4299 4424 4304
f 4920 4921 4297
f 4297 4921 4298
f 4194 4922 4167
f 4167 4922 4923
f 4924 4400 4691
f 4691 4400 4399
f 4395 4708 4396
f 4396 4708 4758
f 4367 4925 4368
f 4368 4925 4926
f 4919 4918 4873
f 4873 4918 4874
f 4836 4927 4421
f 4421 4927 4422
f 4921 4928 4298
f 4298 4928 4311
f 4143 4146 4122
f 4122 4146 4119
f 4929 4930 4455
f 4455 4930 4452
f 4932 4933 4931
f 4931 4933 4934
f 4935 4936 4932
f 4932 4936 4933
f 4461 4460 4457
f 4457 4460 4458
f 4480 4479 4475
f 4475 4479 4476
f 4660 4673 4517
f 4517 4673 4937
f 4661 4505 4658
f 4658 4505 4504
f 4484 4483 4489
f 4489 4483 4486
f 4462 4509 4463
f 4463 4509 4518
f 4469 4511 4466
f 4466 4511 4508
f 4655 4473 4656
f 4656 4473 4477
f 4476 4657 4477
f 4477 4657 4656
f 4479 4513 4476
f 4476 4513 4657
f 4489 4525 4484
f 4484 4525 4526
f 4483 4549 4486
f 4486 4549 4536
f 4549 4548 4536
f 4536 4548 4551
f 4548 4568 4551
f 4551 4568 4670
f 4663 4589 4845
f 4845 4589 4590
f 4668 4577 4938
f 4938 4577 4580
f 4940 4938 4939
f 4939 4938 4941
f 4940 4942 4669
f 4669 4942 4943
f 4587 4582 4944
f 4944 4582 4581
f 4848 4847 4608
f 4608 4847 4564
f 4616 4945 4613
f 4613 4945 4598
f 4615 4946 4616
f 4616 4946 4945
f 4947 4939 4948
f 4948 4939 4946
f 4599 4605 4600
f 4600 4605 4604
f 4608 4607 4848
f 4848 4607 4849
f 4613 4612 4616
f 4616 4612 4617
f 4835 4949 4709
f 4709 4949 4710
f 4357 1477 4837
f 4837 1477 1365
f 4712 4950 4803
f 4803 4950 4951
f 4401 4952 4402
f 4402 4952 4953
f 4759 4760 4402
f 4402 4760 4399
f 4508 4520 4509
f 4509 4520 4654
f 4510 4522 4511
f 4511 4522 4521
f 4513 4526 4657
f 4657 4526 4525
f 4632 4633 4514
f 4514 4633 4529
f 4931 4934 4453
f 4453 4934 4454
f 4153 4954 4154
f 4154 4954 4955
f 4957 4958 4956
f 4956 4958 4959
f 4961 4962 4960
f 4960 4962 4963
f 4120 4964 4210
f 4210 4964 4965
f 4967 4968 4966
f 4966 4968 4969
f 4349 4692 4815
f 4815 4692 4970
f 4652 4971 4653
f 4653 4971 4706
f 4758 4647 4972
f 4972 4647 4646
f 4973 4363 4646
f 4646 4363 4972
f 4950 4360 4974
f 4974 4360 4364
f 4431 4335 4746
f 4746 4335 4713
f 4358 4714 4325
f 4325 4714 4321
f 4765 4764 4266
f 4266 4764 4975
f 4202 4976 4203
f 4203 4976 4977
f 4917 4978 4918
f 4918 4978 4979
f 4279 4282 4854
f 4854 4282 4269
f 4820 4880 4817
f 4817 4880 4902
f 4890 4903 4980
f 4980 4903 4886
f 4982 4983 4981
f 4981 4983 4123
f 4795 4851 4796
f 4796 4851 4850
f 4918 4979 4874
f 4874 4979 4881
f 4809 4404 4810
f 4810 4404 4403
f 4354 4985 4984
f 4984 4985 4986
f 1364 1516 4838
f 4838 1516 4987
f 4759 4988 4367
f 4367 4988 4925
f 4989 4990 4481
f 4481 4990 4478
f 4443 4515 4990
f 4990 4515 4991
f 4527 4512 4992
f 4992 4512 4991
f 4528 4503 4992
f 4992 4503 4993
f 4993 4994 4485
f 4485 4994 4482
f 4544 4995 4502
f 4502 4995 4994
f 4995 4996 4550
f 4550 4996 4547
f 4998 4999 4997
f 4997 4999 4566
f 4998 5000 4578
f 4578 5000 4579
f 5001 5002 4596
f 4596 5002 4597
f 5003 4591 5004
f 5004 4591 4610
f 4626 4421 4627
f 4627 4421 4420
f 4837 4838 4627
f 4627 4838 4624
f 4761 4705 4830
f 4830 4705 5005
f 4705 4707 5005
f 5005 4707 5006
f 4308 4721 4075
f 4075 4721 4076
f 5007 4200 4797
f 4797 4200 4798
f 4685 4686 5008
f 5008 4686 5009
f 4889 4890 5010
f 5010 4890 4980
f 4323 1541 4324
f 4324 1541 1540
f 4385 4384 4358
f 4358 4384 4714
f 4396 4758 4840
f 4840 4758 4972
f 4866 4852 5011
f 5011 4852 5012
f 5013 4260 4980
f 4980 4260 5010
f 4875 4878 5014
f 5014 4878 5015
f 5017 5018 5016
f 5016 5018 5019
f 5016 5019 5020
f 5020 5019 5021
f 5023 5024 5022
f 5022 5024 5025
f 5027 5028 5026
f 5026 5028 5029
f 5031 5032 5030
f 5030 5032 5033
f 5035 5036 5034
f 5034 5036 5037
f 5039 5040 5038
f 5038 5040 5041
f 5043 5044 5042
f 5042 5044 5045
f 5038 5046 5039
f 5039 5046 5047
f 5049 5050 5048
f 5048 5050 5051
f 5053 5054 5052
f 5052 5054 5055
f 5057 5024 5056
f 5056 5024 5058
f 5060 5061 5059
f 5059 5061 5062
f 5064 5065 5063
f 5063 5065 5066
f 5043 5050 5064
f 5064 5050 5065
f 5038 5041 5067
f 5067 5041 5068
f 5070 5071 5069
f 5069 5071 5072
f 5074 5075 5073
f 5073 5075 5076
f 5034 5077 5035
f 5035 5077 5078
f 5080 5081 5079
f 5079 5081 5082
f 5084 5085 5083
f 5083 5085 5086
f 5085 5084 5087
f 5087 5084 5088
f 5090 5091 5089
f 5089 5091 5092
f 5094 5095 5093
f 5093 5095 5096
f 5098 5099 5097
f 5097 5099 5100
f 5102 5103 5101
f 5101 5103 5104
f 5105 5106 5108
f 5108 5106 5107
f 5110 5111 5109
f 5109 5111 5112
f 5114 5094 5113
f 5113 5094 5093
f 5116 5117 5115
f 5115 5117 5118
f 5120 5121 5119
f 5119 5121 5122
f 5124 5125 5123
f 5123 5125 5126
f 5128 5129 5127
f 5127 5129 5130
f 5097 5131 5098
f 5098 5131 5132
f 5134 5135 5133
f 5133 5135 5122
f 5084 5125 5088
f 5088 5125 5136
f 5138 5139 5137
f 5137 5139 5140
f 5142 5102 5141
f 5141 5102 5101
f 5106 5143 5107
f 5107 5143 5144
f 5146 5147 5145
f 5145 5147 5148
f 5149 5150 5109
f 5109 5150 5110
f 5151 5110 5152
f 5152 5110 5150
f 4715 5140 4716
f 4716 5140 5139
f 5143 4870 5144
f 5144 4870 4869
f 4115 5146 4116
f 4116 5146 5145
f 4791 4796 5149
f 5149 4796 5150
f 4796 4850 5150
f 5150 4850 5152
f 4858 5142 4859
f 4859 5142 5141
f 5153 5154 5115
f 5115 5154 5105
f 5156 5157 5155
f 5155 5157 5158
f 5159 5160 5053
f 5053 5160 5054
f 5161 5162 5020
f 5020 5162 5068
f 5026 5029 5163
f 5163 5029 5021
f 5083 5086 5164
f 5164 5086 5165
f 5090 5167 5166
f 5166 5167 5168
f 5169 5170 5172
f 5172 5170 5171
f 5174 5175 5173
f 5173 5175 5176
f 5177 5109 5178
f 5178 5109 5112
f 5179 5180 5182
f 5182 5180 5181
f 5123 5126 5120
f 5120 5126 5121
f 5180 5167 5181
f 5181 5167 5183
f 5184 5185 5179
f 5179 5185 5180
f 5186 5149 5177
f 5177 5149 5109
f 4868 5184 4865
f 4865 5184 5179
f 5188 5189 5187
f 5187 5189 5190
f 4277 4791 5186
f 5186 4791 5149
f 5179 5182 4865
f 4865 5182 4853
f 5189 4862 5190
f 5190 4862 4861
f 5156 5075 5191
f 5191 5075 5192
f 5036 5035 5193
f 5193 5035 5194
f 5115 5118 5153
f 5153 5118 5195
f 5022 5025 5196
f 5196 5025 5197
f 5155 5158 5069
f 5069 5158 5062
f 5063 5066 5198
f 5198 5066 5199
f 5073 5076 5200
f 5200 5076 5072
f 5202 5131 5201
f 5201 5131 5203
f 5143 5106 5204
f 5204 5106 5205
f 5114 5113 5206
f 5206 5113 5127
f 5098 5132 5193
f 5193 5132 5195
f 5204 5207 5143
f 5143 5207 4870
f 5088 5136 5208
f 5208 5136 5092
f 5209 5210 5089
f 5089 5210 5183
f 5211 5018 5060
f 5060 5018 5061
f 5017 5040 5070
f 5070 5040 5071
f 5191 5160 5156
f 5156 5160 5157
f 5048 5028 5049
f 5049 5028 5058
f 5207 5204 4858
f 4858 5204 5142
f 4859 5141 4715
f 4715 5141 5140
f 5212 5162 5042
f 5042 5162 5051
f 5182 5152 4853
f 4853 5152 4850
f 5214 5134 5213
f 5213 5134 5133
f 5164 5165 5133
f 5133 5165 5213
f 5215 5216 5201
f 5201 5216 5217
f 5147 5218 5148
f 5148 5218 5219
f 5147 5177 5218
f 5218 5177 5178
f 5141 5101 5140
f 5140 5101 5137
f 5201 5217 5202
f 5202 5217 5104
f 5146 5186 5147
f 5147 5186 5177
f 4277 5186 4115
f 4115 5186 5146
f 5191 5192 5031
f 5031 5192 5032
f 5052 5055 5220
f 5220 5055 5197
f 4116 5145 4869
f 4869 5145 5144
f 5034 5037 5214
f 5214 5037 5134
f 5097 5100 5114
f 5114 5100 5094
f 5108 5107 5219
f 5219 5107 5148
f 5221 5135 5116
f 5116 5135 5117
f 5124 5111 5209
f 5209 5111 5210
f 5107 5144 5148
f 5148 5144 5145
f 5152 5182 5151
f 5151 5182 5181
f 5208 5222 5088
f 5088 5222 5087
f 5222 5208 5171
f 5171 5208 5172
f 5223 1756 4698
f 4698 1756 1755
f 4427 5224 4107
f 4107 5224 4135
f 4178 4679 5225
f 5225 4679 5226
f 5227 5228 4892
f 4892 5228 4893
f 5229 5230 4171
f 4171 5230 4172
f 4855 4268 4884
f 4884 4268 4885
f 4884 4871 4855
f 4855 4871 4856
f 4684 5231 4896
f 4896 5231 4897
f 4768 4767 5009
f 5009 4767 5008
f 5205 5154 5102
f 5102 5154 5103
f 5099 5098 5194
f 5194 5098 5193
f 5198 5199 5079
f 5079 5199 5033
f 5102 5142 5205
f 5205 5142 5204
f 5224 4427 4681
f 4681 4427 4678
f 3712 3711 5232
f 5232 3711 5233
f 3968 3988 3963
f 3963 3988 3964
f 3976 4044 3972
f 3972 4044 3985
f 4038 4037 4036
f 4036 4037 4033
f 4794 4762 3731
f 3731 4762 3944
f 3731 3944 3722
f 3722 3944 3810
f 3874 5234 5232
f 5232 5234 3712
f 3906 3905 3867
f 3867 3905 4011
f 3904 4023 3905
f 3905 4023 4011
f 3719 3722 3811
f 3811 3722 3810
f 3812 3719 3687
f 3687 3719 3811
f 3716 3812 3686
f 3686 3812 3687
f 3713 3716 3685
f 3685 3716 3686
f 4810 4403 5235
f 5235 4403 4813
f 4345 1770 4814
f 4814 1770 1769
f 4067 4066 4058
f 4058 4066 5236
f 4043 4068 4049
f 4049 4068 4050
f 4034 5237 3989
f 3989 5237 3990
f 4031 4030 4072
f 4072 4030 4005
f 4003 4004 4002
f 4002 4004 4032
f 4004 4005 4032
f 4032 4005 4030
f 4067 4064 4068
f 4068 4064 4050
f 4058 4057 4067
f 4067 4057 4064
f 4035 4034 5238
f 5238 4034 3989
f 5236 5239 4058
f 4058 5239 5240
f 5234 3874 5241
f 5241 3874 3873
f 5241 3873 3881
f 3881 3873 3878
f 4800 4763 4788
f 4788 4763 4310
f 4763 4762 4310
f 4310 4762 4309
f 4762 4794 4309
f 4309 4794 4306
f 4794 4793 4306
f 4306 4793 4292
f 4293 4313 4302
f 4302 4313 4314
f 4302 4314 4303
f 4303 4314 4315
f 4303 4315 4703
f 4703 4315 4316
f 4035 4069 4043
f 4043 4069 4068
f 4324 1540 4357
f 4357 1540 1477
f 5232 3987 3874
f 3874 3987 3871
f 3987 5232 4013
f 4013 5232 5233
f 4013 5233 4014
f 4014 5233 5242
f 3888 4015 3865
f 3865 4015 4007
f 3866 4008 5243
f 5243 4008 4016
f 3873 5244 3878
f 3878 5244 3875
f 3965 5244 3872
f 3872 5244 3873
f 3876 3875 3965
f 3965 3875 5244
f 5243 4016 5242
f 5242 4016 4014
f 5246 5247 5245
f 5245 5247 5248
f 3576 3950 3577
f 3577 3950 3926
f 3584 3842 3585
f 3585 3842 3580
f 5249 5247 1784
f 1784 5247 1785
f 5250 5251 5253
f 5253 5251 5252
f 5255 5252 5254
f 5254 5252 5256
f 5254 5256 5258
f 5258 5256 5257
f 5258 5257 5260
f 5260 5257 5259
f 4356 5261 4424
f 4424 5261 5259
f 4355 5262 4356
f 4356 5262 5261
f 4924 5264 5263
f 5263 5264 5265
f 4693 5266 4691
f 4691 5266 5267
f 4351 5268 4352
f 4352 5268 5269
f 1808 1807 4351
f 4351 1807 5268
f 3580 3842 3581
f 3799 3802 3838
f 4800 4788 4801
f 4801 4788 4789
f 3729 3935 4801
f 4801 3935 4800
f 3728 3666 3729
f 3729 3666 3935
f 3728 3798 3666
f 3666 3798 3663
f 3798 3818 3663
f 3663 3818 3809
f 3818 3817 3809
f 3809 3817 3808
f 3796 3655 3817
f 3817 3655 3808
f 3615 3568 3796
f 3796 3568 3655
f 3573 3569 3615
f 3615 3569 3568
f 3572 3613 3573
f 3573 3613 3569
f 3792 3606 3572
f 3572 3606 3613
f 3607 3791 3949
f 3949 3791 3591
f 3590 3950 3591
f 3591 3950 3949
f 3805 3926 3590
f 3590 3926 3950
f 3804 3559 3805
f 3805 3559 3926
f 3804 3914 3559
f 3559 3914 3560
f 3924 3789 3913
f 3913 3789 3788
f 3924 3928 3789
f 3789 3928 3826
f 3928 3927 3826
f 3826 3927 3827
f 3927 3834 3827
f 3827 3834 3835
f 4079 4078 5270
f 5270 4078 5007
f 5271 5272 4233
f 4233 5272 5273
f 5275 5276 5274
f 5274 5276 5277
f 5278 5279 4236
f 4236 5279 4237
f 5278 5280 5271
f 5271 5280 5272
f 4235 5281 4236
f 4236 5281 5282
f 5284 5285 5283
f 5283 5285 5286
f 5288 5289 5287
f 5287 5289 5290
f 5292 5293 5291
f 5291 5293 5294
f 5287 5290 4726
f 4726 5290 5295
f 4293 4292 4313
f 4313 4292 4793
f 4720 4736 4719
f 4719 4736 5296
f 5297 4909 5298
f 5298 4909 4908
f 5299 5300 4976
f 4976 5300 5301
f 5302 4202 5303
f 5303 4202 4201
f 5304 5305 4983
f 4983 5305 5306
f 5308 5309 5307
f 5307 5309 5310
f 4722 4725 5283
f 5283 4725 5311
f 5291 5294 4125
f 4125 5294 4126
f 5313 5314 5312
f 5312 5314 5315
f 5316 5317 5319
f 5319 5317 5318
f 5321 5308 5320
f 5320 5308 5307
f 4819 4981 4873
f 4873 4981 5322
f 4981 4123 5322
f 5322 4123 4126
f 5324 5325 5323
f 5323 5325 5326
f 4764 5327 4975
f 4975 5327 5328
f 4172 5327 4169
f 4169 5327 5329
f 4768 4171 4769
f 4769 4171 4170
f 4243 4755 4244
f 4244 4755 5330
f 4755 4205 5330
f 5330 4205 4208
f 4206 4906 4207
f 4207 4906 4905
f 4686 5014 5009
f 5009 5014 5229
f 4756 4770 4170
f 4170 4770 4769
f 4170 4169 4756
f 4756 4169 4757
f 4273 5329 4764
f 4764 5329 5327
f 4276 5331 4273
f 4273 5331 5329
f 4770 4756 4243
f 4243 4756 4755
f 5333 4889 5332
f 5332 4889 5010
f 4877 5332 4878
f 4878 5332 4259
f 4875 4164 4876
f 4876 4164 4163
f 5334 5335 5324
f 5324 5335 5325
f 4983 5306 4123
f 4123 5306 4124
f 4818 4982 4819
f 4819 4982 4981
f 5332 5010 4259
f 4259 5010 4260
f 5014 4686 4875
f 4875 4686 4164
f 4171 4768 5229
f 5229 4768 5009
f 5337 4916 5336
f 5336 4916 4919
f 5293 5337 5294
f 5294 5337 5336
f 4982 4818 5333
f 5333 4818 4889
f 5338 5339 4262
f 4262 5339 5340
f 5307 5310 5338
f 5338 5310 5339
f 5341 5342 4204
f 4204 5342 5309
f 5336 4919 5322
f 5322 4919 4873
f 5294 5336 4126
f 4126 5336 5322
f 5323 5326 5343
f 5343 5326 5286
f 4914 5344 4915
f 4915 5344 5345
f 5312 5315 5344
f 5344 5315 5345
f 5347 5348 5346
f 5346 5348 5349
f 5350 5351 4832
f 4832 5351 4833
f 5352 5353 5349
f 5349 5353 5346
f 5354 5338 4265
f 4265 5338 4262
f 5320 5307 5354
f 5354 5307 5338
f 4201 5308 5303
f 5303 5308 5321
f 5356 5357 5355
f 5355 5357 4799
f 5358 5359 5334
f 5334 5359 5335
f 5358 5360 4093
f 4093 5360 4163
f 5360 5305 4163
f 4163 5305 4876
f 5305 5304 4876
f 4876 5304 4877
f 5270 4778 4079
f 4079 4778 4081
f 4779 5361 4774
f 4774 5361 5357
f 5356 5359 4775
f 4775 5359 4092
f 5333 5304 4982
f 4982 5304 4983
f 5332 4877 5333
f 5333 4877 5304
f 5015 4258 5230
f 5230 4258 5328
f 5327 4172 5328
f 5328 4172 5230
f 4169 5329 4757
f 4757 5329 5331
f 4757 5331 4205
f 4205 5331 4206
f 5331 4276 4206
f 4206 4276 4906
f 4276 4275 4906
f 4906 4275 4907
f 4275 4888 4907
f 4907 4888 4744
f 4887 4717 4745
f 4745 4717 4864
f 4716 5139 4861
f 4861 5139 5190
f 5139 5138 5190
f 5190 5138 5187
f 5138 5216 5187
f 5187 5216 5176
f 5215 5362 5173
f 5173 5362 5130
f 5364 5365 5363
f 5363 5365 5340
f 4742 4863 5366
f 5366 4863 4867
f 4862 5189 4868
f 4868 5189 5184
f 5189 5188 5184
f 5184 5188 5185
f 5188 5175 5185
f 5185 5175 5168
f 3560 3788 3561
f 3561 3788 3790
f 3596 3595 3608
f 3608 3595 3594
f 3598 3582 3595
f 3595 3582 3592
f 3600 3609 3601
f 3601 3609 3611
f 3602 3601 3612
f 3612 3601 3611
f 3606 3605 3613
f 3613 3605 3614
f 3793 5367 3794
f 3794 5367 5368
f 3598 3597 3600
f 3600 3597 3609
f 3793 3792 3575
f 3575 3792 3572
f 3561 3594 3558
f 3558 3594 3593
f 3807 3915 3804
f 3804 3915 3914
f 3916 3915 5370
f 5370 3915 5369
f 3602 3605 3603
f 3603 3605 3604
f 3606 3792 3607
f 3607 3792 3791
f 3914 3913 3560
f 3560 3913 3788
f 5174 5129 5166
f 5166 5129 5371
f 5170 5169 5093
f 5093 5169 5113
f 5166 5371 5090
f 5090 5371 5091
f 5128 5169 5372
f 5372 5169 5172
f 5127 5113 5128
f 5128 5113 5169
f 5114 5206 5203
f 5203 5206 5362
f 5200 5373 5073
f 5073 5373 5096
f 5374 5375 5200
f 5200 5375 5373
f 5039 5047 5374
f 5374 5047 5375
f 5087 5046 5085
f 5085 5046 5376
f 5212 5377 5067
f 5067 5377 5376
f 5042 5045 5212
f 5212 5045 5377
f 5064 5378 5043
f 5043 5378 5044
f 5063 5077 5064
f 5064 5077 5378
f 5079 5082 5198
f 5198 5082 5078
f 5099 5081 5100
f 5100 5081 5379
f 5100 5379 5094
f 5094 5379 5095
f 5381 5382 5380
f 5380 5382 5383
f 5385 5386 5384
f 5384 5386 5383
f 5385 5387 5386
f 5386 5387 5388
f 5390 5391 5389
f 5389 5391 5392
f 5393 5394 5396
f 5396 5394 5395
f 5398 5399 5397
f 5397 5399 5400
f 5402 5403 5401
f 5401 5403 5404
f 5406 5407 5405
f 5405 5407 5404
f 5408 5409 5163
f 5163 5409 5410
f 5411 5412 5414
f 5414 5412 5413
f 5057 5416 5415
f 5415 5416 5417
f 5393 5416 5418
f 5418 5416 5419
f 5396 5395 5420
f 5420 5395 5421
f 5423 5424 5422
f 5422 5424 5425
f 5415 5417 5220
f 5220 5417 5426
f 5418 5391 5393
f 5393 5391 5394
f 5414 5388 5411
f 5411 5388 5392
f 5059 5427 5060
f 5060 5427 5428
f 5423 5427 5429
f 5429 5427 5430
f 5432 5382 5431
f 5431 5382 5425
f 5429 5407 5423
f 5423 5407 5424
f 5380 5409 5381
f 5381 5409 5433
f 5381 5433 5422
f 5422 5433 5428
f 5027 5412 5056
f 5056 5412 5419
f 5435 5436 5434
f 5434 5436 5437
f 5159 5439 5438
f 5438 5439 5440
f 5053 5436 5159
f 5159 5436 5439
f 5441 5403 5398
f 5398 5403 5399
f 5163 5410 5026
f 5026 5410 5413
f 5438 5440 5442
f 5442 5440 5430
f 5444 5445 5443
f 5443 5445 5446
f 5447 5448 5450
f 5450 5448 5449
f 5451 5446 5452
f 5452 5446 5445
f 5454 5455 5453
f 5453 5455 5451
f 5456 5454 5458
f 5458 5454 5457
f 5460 5461 5459
f 5459 5461 5462
f 5464 5465 5463
f 5463 5465 5466
f 5468 5469 5467
f 5467 5469 5470
f 5472 5473 5471
f 5471 5473 5474
f 5475 5476 5478
f 5478 5476 5477
f 5479 5480 5482
f 5482 5480 5481
f 5483 5484 5448
f 5448 5484 5485
f 5448 5485 5449
f 5449 5485 5486
f 5487 5476 5488
f 5488 5476 5475
f 5490 5491 5489
f 5489 5491 5492
f 5494 5495 5493
f 5493 5495 5496
f 5498 5494 5497
f 5497 5494 5493
f 5500 5501 5499
f 5499 5501 5502
f 5503 5504 5446
f 5446 5504 5443
f 5506 5507 5505
f 5505 5507 5508
f 5510 5511 5509
f 5509 5511 5512
f 5514 5515 5513
f 5513 5515 5516
f 5518 5519 5517
f 5517 5519 5520
f 5495 5521 5496
f 5496 5521 5522
f 5524 5525 5523
f 5523 5525 5526
f 5527 5528 5494
f 5494 5528 5495
f 5499 5502 5529
f 5529 5502 5530
f 5531 5532 5485
f 5485 5532 5486
f 5485 5484 5531
f 5531 5484 5533
f 5482 5481 5534
f 5534 5481 5535
f 5536 5512 5506
f 5506 5512 5511
f 5455 5503 5451
f 5451 5503 5446
f 5467 5470 5511
f 5511 5470 5537
f 5538 5467 5510
f 5510 5467 5511
f 5540 5541 5539
f 5539 5541 5542
f 5543 5544 5546
f 5546 5544 5545
f 5548 5472 5547
f 5547 5472 5471
f 5493 5496 5549
f 5549 5496 5550
f 5496 5522 5550
f 5550 5522 5551
f 5553 5554 5552
f 5552 5554 5555
f 5557 5447 5556
f 5556 5447 5558
f 5557 5483 5447
f 5447 5483 5448
f 5478 5477 5553
f 5553 5477 5559
f 5477 5560 5559
f 5559 5560 5561
f 5476 5562 5477
f 5477 5562 5560
f 5476 5487 5562
f 5562 5487 5563
f 5560 5564 5561
f 5561 5564 5565
f 5564 5560 5566
f 5566 5560 5562
f 5563 5567 5562
f 5562 5567 5566
f 5569 5521 5568
f 5568 5521 5570
f 5481 5572 5571
f 5571 5572 5573
f 5574 5535 5571
f 5571 5535 5481
f 5576 5577 5575
f 5575 5577 5578
f 5579 5580 5456
f 5456 5580 5581
f 5475 5582 5488
f 5488 5582 5583
f 5584 5536 5505
f 5505 5536 5506
f 5585 5586 5588
f 5588 5586 5587
f 5590 5591 5589
f 5589 5591 5592
f 5519 5593 5520
f 5520 5593 5594
f 5595 5596 5462
f 5462 5596 5597
f 5599 5600 5598
f 5598 5600 5514
f 5602 5603 5601
f 5601 5603 5604
f 5524 5543 5525
f 5525 5543 5546
f 5543 5524 5606
f 5606 5524 5605
f 5607 5608 5500
f 5500 5608 5501
f 5610 5551 5609
f 5609 5551 5522
f 5611 5510 5598
f 5598 5510 5509
f 5612 5597 5457
f 5457 5597 5458
f 5510 5611 5538
f 5538 5611 5613
f 5580 5508 5581
f 5581 5508 5507
f 5615 5616 5614
f 5614 5616 5617
f 5619 5620 5618
f 5618 5620 5621
f 5623 5624 5622
f 5622 5624 5625
f 5627 5624 5626
f 5626 5624 5623
f 5629 5630 5628
f 5628 5630 5631
f 5633 5634 5632
f 5632 5634 5466
f 5635 5636 5463
f 5463 5636 5637
f 5523 5638 5524
f 5524 5638 5605
f 5639 5640 5641
f 5641 5640 5595
f 5611 5513 5613
f 5613 5513 5642
f 5643 5586 5608
f 5608 5586 5501
f 5622 5625 5590
f 5590 5625 5591
f 5598 5514 5611
f 5611 5514 5513
f 5645 5646 5644
f 5644 5646 5647
f 5620 5619 5491
f 5491 5619 5648
f 5649 5643 5492
f 5492 5643 5608
f 5650 5651 5653
f 5653 5651 5652
f 5463 5466 5635
f 5635 5466 5634
f 5597 5612 5462
f 5462 5612 5459
f 5635 5634 5523
f 5523 5634 5638
f 5654 5638 5633
f 5633 5638 5634
f 5655 5656 5525
f 5525 5656 5526
f 5658 5659 5657
f 5657 5659 5527
f 5660 5464 5637
f 5637 5464 5463
f 5632 5466 5661
f 5661 5466 5465
f 5661 5662 5632
f 5632 5662 5658
f 5662 5663 5658
f 5658 5663 5659
f 5665 5659 5664
f 5664 5659 5663
f 5632 5658 5633
f 5633 5658 5657
f 5666 5629 5530
f 5530 5629 5667
f 5528 5527 5665
f 5665 5527 5659
f 5668 5669 5570
f 5570 5669 5568
f 5669 5668 5670
f 5670 5668 5671
f 5646 5672 5673
f 5672 5674 5673
f 5673 5674 5675
f 5674 5460 5675
f 5675 5460 5459
f 5461 5676 5462
f 5462 5676 5595
f 5677 5678 5680
f 5680 5678 5679
f 5628 5681 5629
f 5629 5681 5667
f 5682 5529 5667
f 5667 5529 5530
f 5675 5459 5683
f 5683 5459 5612
f 5585 5666 5502
f 5502 5666 5530
f 5589 5684 5602
f 5602 5684 5603
f 5646 5645 5663
f 5663 5645 5664
f 5685 5647 5673
f 5673 5647 5646
f 5686 5687 5683
f 5683 5687 5685
f 5688 5689 5533
f 5533 5689 5531
f 5690 5691 5535
f 5535 5691 5534
f 5692 5690 5574
f 5574 5690 5535
f 5685 5687 5689
f 5689 5687 5693
f 5489 5694 5490
f 5490 5694 5695
f 5690 5692 5696
f 5696 5692 5697
f 5696 5644 5690
f 5690 5644 5691
f 5447 5450 5558
f 5558 5450 5698
f 5699 5700 5642
f 5642 5700 5613
f 5701 5702 5540
f 5540 5702 5541
f 5431 5703 5432
f 5432 5703 5697
f 5385 5384 5574
f 5574 5384 5692
f 5389 5387 5573
f 5573 5387 5571
f 5565 5390 5573
f 5573 5390 5389
f 5390 5565 5704
f 5704 5565 5564
f 5566 5705 5564
f 5564 5705 5704
f 5569 5441 5609
f 5609 5441 5398
f 5568 5405 5569
f 5569 5405 5441
f 5670 5706 5669
f 5669 5706 5406
f 5703 5431 5670
f 5670 5431 5706
f 5432 5697 5384
f 5384 5697 5692
f 5574 5571 5385
f 5385 5571 5387
f 5607 5707 5489
f 5489 5707 5694
f 5518 5708 5519
f 5519 5708 5709
f 5711 5576 5710
f 5710 5576 5575
f 5713 5714 5712
f 5712 5714 5715
f 5553 5552 5478
f 5478 5552 5716
f 5717 5475 5716
f 5716 5475 5478
f 5718 5719 5605
f 5605 5719 5606
f 5505 5622 5584
f 5584 5622 5590
f 5508 5623 5505
f 5505 5623 5622
f 5626 5623 5580
f 5580 5623 5508
f 5580 5579 5626
f 5626 5579 5720
f 5579 5721 5720
f 5720 5721 5722
f 5666 5585 5723
f 5723 5585 5588
f 5724 5725 5639
f 5639 5725 5640
f 5554 5726 5555
f 5555 5726 5727
f 5453 5728 5729
f 5689 5688 5685
f 5685 5688 5647
f 5604 5730 5512
f 5512 5730 5509
f 5628 5631 5618
f 5618 5631 5592
f 5601 5604 5536
f 5536 5604 5512
f 5732 5676 5731
f 5731 5676 5660
f 5730 5604 5733
f 5733 5604 5603
f 5563 5487 5551
f 5551 5487 5550
f 5489 5492 5607
f 5607 5492 5608
f 5573 5572 5565
f 5565 5572 5561
f 5609 5522 5569
f 5569 5522 5521
f 5499 5734 5500
f 5500 5734 5735
f 5596 5736 5721
f 5721 5736 5722
f 5737 5600 5594
f 5594 5600 5520
f 5599 5730 5517
f 5517 5730 5733
f 5660 5738 5731
f 5731 5738 5739
f 5648 5649 5491
f 5491 5649 5492
f 5501 5586 5502
f 5502 5586 5585
f 5525 5546 5655
f 5655 5546 5740
f 5600 5599 5520
f 5520 5599 5517
f 5708 5739 5709
f 5709 5739 5738
f 5636 5635 5526
f 5526 5635 5523
f 5670 5671 5703
f 5703 5671 5741
f 5490 5695 5742
f 5742 5695 5743
f 5682 5678 5744
f 5744 5678 5677
f 5678 5681 5679
f 5679 5681 5621
f 5742 5743 5679
f 5679 5743 5680
f 5618 5621 5628
f 5628 5621 5681
f 5725 5724 5589
f 5589 5724 5684
f 5456 5458 5579
f 5579 5458 5721
f 5675 5683 5673
f 5673 5683 5685
f 5529 5682 5745
f 5745 5682 5744
f 5721 5458 5596
f 5596 5458 5597
f 5701 5540 5719
f 5719 5540 5606
f 5703 5741 5697
f 5697 5741 5696
f 5500 5735 5607
f 5607 5735 5707
f 5549 5746 5493
f 5493 5746 5497
f 5700 5747 5613
f 5613 5747 5538
f 5420 5421 5434
f 5434 5421 5400
f 5689 5693 5531
f 5531 5693 5532
f 5705 5566 5748
f 5748 5566 5567
f 5609 5398 5610
f 5610 5398 5397
f 5669 5406 5568
f 5568 5406 5405
f 5488 5583 5549
f 5549 5583 5746
f 5714 5713 5710
f 5710 5713 5711
f 5747 5468 5538
f 5538 5468 5467
f 5548 5547 5749
f 5749 5547 5750
f 5733 5603 5751
f 5751 5603 5684
f 5589 5602 5590
f 5590 5602 5584
f 5636 5752 5614
f 5614 5752 5615
f 5753 5754 5738
f 5738 5754 5755
f 5602 5601 5584
f 5584 5601 5536
f 5723 5736 5630
f 5630 5736 5640
f 5595 5640 5596
f 5596 5640 5736
f 5734 5499 5745
f 5745 5499 5529
f 5627 5587 5643
f 5643 5587 5586
f 5553 5559 5554
f 5554 5559 5480
f 5559 5561 5480
f 5480 5561 5572
f 5554 5480 5726
f 5726 5480 5479
f 5749 5750 5715
f 5715 5750 5712
f 5683 5612 5686
f 5686 5612 5457
f 5678 5682 5681
f 5681 5682 5667
f 5598 5509 5599
f 5599 5509 5730
f 5679 5621 5742
f 5742 5621 5620
f 5652 5616 5653
f 5653 5616 5615
f 5220 5426 5052
f 5052 5426 5437
f 5487 5488 5550
f 5550 5488 5549
f 5742 5620 5490
f 5490 5620 5491
f 5551 5610 5563
f 5563 5610 5567
f 5610 5397 5567
f 5567 5397 5748
f 5614 5617 5753
f 5753 5617 5754
f 5480 5572 5481
f 5755 5756 5738
f 5738 5756 5709
f 5745 5744 5758
f 5758 5744 5757
f 5745 5758 5734
f 5734 5758 5759
f 5735 5734 5760
f 5760 5734 5759
f 5707 5735 5761
f 5761 5735 5760
f 5744 5677 5757
f 5757 5677 5762
f 5677 5680 5762
f 5762 5680 5763
f 5763 5680 5764
f 5764 5680 5743
f 5765 5766 5762
f 5762 5766 5757
f 5768 5769 5767
f 5767 5769 5770
f 5771 5772 5770
f 5770 5772 5767
f 5770 5769 5774
f 5774 5769 5773
f 5775 5776 5774
f 5774 5776 5777
f 5773 5778 5774
f 5774 5778 5775
f 5779 5766 5773
f 5773 5766 5778
f 5777 5771 5774
f 5774 5771 5770
f 5780 5781 5783
f 5783 5781 5782
f 5781 5780 5771
f 5771 5780 5772
f 5773 5769 5779
f 5779 5769 5768
f 5768 5759 5779
f 5779 5759 5758
f 5768 5784 5759
f 5759 5784 5760
f 5767 5785 5768
f 5768 5785 5784
f 5785 5767 5786
f 5786 5767 5772
f 5766 5779 5757
f 5757 5779 5758
f 5780 5787 5772
f 5772 5787 5786
f 5785 5786 5788
f 5788 5786 5789
f 5786 5787 5789
f 5789 5787 5790
f 5788 5789 5791
f 5791 5789 5792
f 5791 5793 5788
f 5788 5793 5794
f 5795 5792 5790
f 5790 5792 5789
f 5785 5788 5784
f 5784 5788 5794
f 5784 5794 5760
f 5760 5794 5761
f 5787 5780 5796
f 5796 5780 5783
f 5775 5778 5797
f 5797 5778 5766
f 5797 5798 5775
f 5775 5798 5776
f 5766 5765 5797
f 5797 5765 5799
f 5798 5797 5800
f 5800 5797 5799
f 5798 5801 5776
f 5776 5801 5802
f 5707 5761 5694
f 5694 5761 5803
f 5695 5804 5743
f 5743 5804 5764
f 5804 5695 5803
f 5803 5695 5694
f 5803 5793 5804
f 5804 5793 5805
f 5793 5791 5805
f 5805 5791 5806
f 5804 5805 5764
f 5764 5805 5807
f 5803 5761 5793
f 5793 5761 5794
f 5808 5763 5807
f 5807 5763 5764
f 5808 5765 5763
f 5763 5765 5762
f 5809 5799 5808
f 5808 5799 5765
f 5809 5808 5810
f 5810 5808 5807
f 5811 5809 5812
f 5812 5809 5810
f 5805 5806 5807
f 5807 5806 5810
f 5806 5813 5810
f 5810 5813 5812
f 5799 5809 5800
f 5800 5809 5811
f 5815 5800 5814
f 5814 5800 5811
f 5814 5817 5816
f 5816 5817 5818
f 5814 5811 5817
f 5817 5811 5812
f 5814 5816 5815
f 5815 5816 5796
f 5815 5796 5801
f 5801 5796 5783
f 5801 5798 5815
f 5815 5798 5800
f 5791 5792 5806
f 5806 5792 5813
f 5818 5813 5795
f 5795 5813 5792
f 5818 5817 5813
f 5813 5817 5812
f 5816 5818 5790
f 5790 5818 5795
f 5790 5787 5816
f 5816 5787 5796
f 5771 5777 5781
f 5781 5777 5782
f 5782 5802 5783
f 5783 5802 5801
f 5782 5777 5802
f 5802 5777 5776
f 5588 5587 5722
f 5722 5587 5720
f 5591 5619 5592
f 5592 5619 5618
f 5625 5624 5648
f 5648 5624 5649
f 5624 5627 5649
f 5649 5627 5643
f 5631 5630 5725
f 5725 5630 5640
f 5625 5648 5591
f 5591 5648 5619
f 5588 5722 5723
f 5723 5722 5736
f 5631 5725 5592
f 5592 5725 5589
f 5723 5630 5666
f 5666 5630 5629
f 5587 5627 5720
f 5720 5627 5626
f 5820 5821 5819
f 5819 5821 5822
f 5824 5825 5823
f 5823 5825 5826
f 5823 5826 5827
f 5827 5826 5828
f 5829 5830 5832
f 5832 5830 5831
f 5518 5833 5708
f 5708 5833 5834
f 5835 5836 5824
f 5824 5836 5825
f 5838 5839 5837
f 5837 5839 5840
f 5751 5684 5842
f 5842 5684 5841
f 5843 5841 5724
f 5724 5841 5684
f 5845 5846 5844
f 5844 5846 5847
f 5848 5830 5836
f 5836 5830 5825
f 5518 5751 5833
f 5833 5751 5842
f 5839 5838 5821
f 5821 5838 5849
f 5850 5848 5822
f 5822 5848 5836
f 5851 5845 5828
f 5828 5845 5852
f 5854 5855 5853
f 5853 5855 5856
f 5845 5844 5852
f 5852 5844 5857
f 5858 5827 5852
f 5852 5827 5828
f 5851 5828 5829
f 5829 5828 5826
f 5819 5859 5820
f 5820 5859 5860
f 5835 5861 5819
f 5819 5861 5859
f 5851 5829 5862
f 5862 5829 5832
f 5844 5847 5837
f 5837 5847 5834
f 5819 5822 5835
f 5835 5822 5836
f 5823 5863 5824
f 5824 5863 5864
f 5849 5850 5821
f 5821 5850 5822
f 5825 5830 5826
f 5826 5830 5829
f 5820 5860 5865
f 5865 5860 5866
f 5858 5854 5867
f 5867 5854 5853
f 5854 5857 5855
f 5855 5857 5840
f 5855 5865 5856
f 5856 5865 5866
f 5837 5840 5844
f 5844 5840 5857
f 5827 5858 5868
f 5868 5858 5867
f 5824 5864 5835
f 5835 5864 5861
f 5732 5731 5862
f 5862 5731 5846
f 5863 5823 5868
f 5868 5823 5827
f 5843 5831 5848
f 5848 5831 5830
f 5854 5858 5857
f 5857 5858 5852
f 5855 5840 5865
f 5865 5840 5839
f 5865 5839 5820
f 5820 5839 5821
f 5868 5867 5870
f 5870 5867 5869
f 5868 5870 5863
f 5863 5870 5871
f 5863 5871 5864
f 5864 5871 5872
f 5864 5872 5861
f 5861 5872 5873
f 5867 5853 5869
f 5869 5853 5874
f 5853 5856 5874
f 5874 5856 5875
f 5856 5866 5875
f 5875 5866 5876
f 5877 5878 5874
f 5874 5878 5869
f 5880 5881 5879
f 5879 5881 5882
f 5883 5884 5880
f 5880 5884 5881
f 5881 5884 5886
f 5886 5884 5885
f 5887 5888 5886
f 5886 5888 5889
f 5885 5890 5886
f 5886 5890 5887
f 5889 5882 5886
f 5886 5882 5881
f 5882 5891 5879
f 5879 5891 5892
f 5885 5884 5893
f 5893 5884 5883
f 5883 5871 5893
f 5893 5871 5870
f 5883 5894 5871
f 5871 5894 5872
f 5880 5895 5883
f 5883 5895 5894
f 5896 5895 5879
f 5879 5895 5880
f 5893 5878 5885
f 5885 5878 5890
f 5878 5893 5869
f 5869 5893 5870
f 5897 5896 5892
f 5892 5896 5879
f 5895 5896 5898
f 5898 5896 5899
f 5896 5897 5899
f 5899 5897 5900
f 5898 5899 5901
f 5901 5899 5902
f 5901 5903 5898
f 5898 5903 5904
f 5900 5905 5899
f 5899 5905 5902
f 5898 5904 5895
f 5895 5904 5894
f 5894 5904 5872
f 5872 5904 5873
f 5897 5892 5907
f 5907 5892 5906
f 5892 5891 5906
f 5906 5891 5908
f 5887 5890 5909
f 5909 5890 5878
f 5888 5887 5910
f 5910 5887 5909
f 5878 5877 5909
f 5909 5877 5911
f 5909 5911 5910
f 5910 5911 5912
f 5913 5914 5910
f 5910 5914 5888
f 5908 5914 5906
f 5906 5914 5913
f 5861 5873 5859
f 5859 5873 5915
f 5860 5916 5866
f 5866 5916 5876
f 5916 5860 5915
f 5915 5860 5859
f 5915 5903 5916
f 5916 5903 5917
f 5903 5901 5917
f 5917 5901 5918
f 5916 5917 5876
f 5876 5917 5919
f 5903 5915 5904
f 5904 5915 5873
f 5920 5875 5919
f 5919 5875 5876
f 5920 5877 5875
f 5875 5877 5874
f 5920 5921 5877
f 5877 5921 5911
f 5921 5920 5922
f 5922 5920 5919
f 5923 5921 5924
f 5924 5921 5922
f 5917 5918 5919
f 5919 5918 5922
f 5918 5925 5922
f 5922 5925 5924
f 5921 5923 5911
f 5911 5923 5912
f 5927 5912 5926
f 5926 5912 5923
f 5926 5929 5928
f 5928 5929 5930
f 5926 5923 5929
f 5929 5923 5924
f 5926 5928 5927
f 5927 5928 5907
f 5927 5907 5913
f 5913 5907 5906
f 5913 5910 5927
f 5927 5910 5912
f 5901 5902 5918
f 5918 5902 5925
f 5930 5925 5905
f 5905 5925 5902
f 5930 5929 5925
f 5925 5929 5924
f 5928 5930 5900
f 5900 5930 5905
f 5900 5897 5928
f 5928 5897 5907
f 5882 5889 5891
f 5891 5889 5908
f 5908 5889 5914
f 5914 5889 5888
f 5832 5831 5641
f 5641 5831 5639
f 5833 5838 5834
f 5834 5838 5837
f 5842 5841 5849
f 5849 5841 5850
f 5841 5843 5850
f 5850 5843 5848
f 5847 5846 5739
f 5739 5846 5731
f 5842 5849 5833
f 5833 5849 5838
f 5862 5832 5732
f 5732 5832 5641
f 5847 5739 5834
f 5834 5739 5708
f 5862 5846 5851
f 5851 5846 5845
f 5831 5843 5639
f 5639 5843 5724
f 5676 5732 5595
f 5595 5732 5641
f 5676 5461 5660
f 5660 5461 5464
f 5461 5460 5464
f 5464 5460 5465
f 5460 5674 5465
f 5465 5674 5661
f 5931 5932 5934
f 5934 5932 5933
f 5936 5937 5935
f 5935 5937 5938
f 5935 5938 5939
f 5939 5938 5940
f 5942 5943 5941
f 5941 5943 5944
f 5945 5946 5936
f 5936 5946 5937
f 5948 5949 5947
f 5947 5949 5950
f 5951 5952 5519
f 5519 5952 5593
f 5953 5951 5709
f 5709 5951 5519
f 5955 5956 5954
f 5954 5956 5957
f 5958 5942 5946
f 5946 5942 5937
f 5948 5959 5949
f 5949 5959 5933
f 5960 5958 5934
f 5934 5958 5946
f 5961 5955 5940
f 5940 5955 5962
f 5963 5964 5966
f 5966 5964 5965
f 5955 5954 5962
f 5962 5954 5967
f 5968 5939 5962
f 5962 5939 5940
f 5961 5940 5941
f 5941 5940 5938
f 5931 5969 5932
f 5932 5969 5970
f 5945 5971 5931
f 5931 5971 5969
f 5941 5944 5961
f 5961 5944 5972
f 5954 5957 5947
f 5947 5957 5973
f 5945 5931 5946
f 5946 5931 5934
f 5935 5974 5936
f 5936 5974 5975
f 5959 5960 5933
f 5933 5960 5934
f 5937 5942 5938
f 5938 5942 5941
f 5932 5970 5976
f 5976 5970 5977
f 5968 5964 5978
f 5978 5964 5963
f 5965 5964 5950
f 5950 5964 5967
f 5976 5977 5965
f 5965 5977 5966
f 5947 5950 5954
f 5954 5950 5967
f 5939 5968 5979
f 5979 5968 5978
f 5936 5975 5945
f 5945 5975 5971
f 5972 5754 5956
f 5956 5754 5617
f 5974 5935 5979
f 5979 5935 5939
f 5953 5943 5958
f 5958 5943 5942
f 5964 5968 5967
f 5967 5968 5962
f 5965 5950 5976
f 5976 5950 5949
f 5976 5949 5932
f 5932 5949 5933
f 5979 5978 5981
f 5981 5978 5980
f 5979 5981 5974
f 5974 5981 5982
f 5974 5982 5975
f 5975 5982 5983
f 5975 5983 5971
f 5971 5983 5984
f 5978 5963 5980
f 5980 5963 5985
f 5963 5966 5985
f 5985 5966 5986
f 5986 5966 5987
f 5987 5966 5977
f 5988 5989 5985
f 5985 5989 5980
f 5991 5992 5990
f 5990 5992 5993
f 5994 5995 5991
f 5991 5995 5992
f 5992 5995 5997
f 5997 5995 5996
f 5998 5999 5997
f 5997 5999 6000
f 5996 6001 5997
f 5997 6001 5998
f 6000 5993 5997
f 5997 5993 5992
f 6002 6003 5993
f 5993 6003 5990
f 5995 5994 5996
f 5996 5994 6004
f 5994 5982 6004
f 6004 5982 5981
f 5994 6005 5982
f 5982 6005 5983
f 5991 6006 5994
f 5994 6006 6005
f 6006 5991 6007
f 6007 5991 5990
f 5996 6004 6001
f 6001 6004 5989
f 5989 6004 5980
f 5980 6004 5981
f 6003 6008 5990
f 5990 6008 6007
f 6009 6006 6010
f 6010 6006 6007
f 6008 6011 6007
f 6007 6011 6010
f 6012 6009 6013
f 6013 6009 6010
f 6009 6012 6015
f 6015 6012 6014
f 6011 6016 6010
f 6010 6016 6013
f 6006 6009 6005
f 6005 6009 6015
f 6005 6015 5983
f 5983 6015 5984
f 6008 6003 6018
f 6018 6003 6017
f 6003 6002 6017
f 6017 6002 6019
f 5998 6001 6020
f 6020 6001 5989
f 5999 5998 6021
f 6021 5998 6020
f 5989 5988 6020
f 6020 5988 6022
f 6021 6020 6023
f 6023 6020 6022
f 6021 6024 5999
f 5999 6024 6025
f 6019 6025 6017
f 6017 6025 6024
f 5971 5984 5969
f 5969 5984 6026
f 5970 6027 5977
f 5977 6027 5987
f 6027 5970 6026
f 6026 5970 5969
f 6026 6014 6027
f 6027 6014 6028
f 6014 6012 6028
f 6028 6012 6029
f 6027 6028 5987
f 5987 6028 6030
f 6026 5984 6014
f 6014 5984 6015
f 6031 5986 6030
f 6030 5986 5987
f 6031 5988 5986
f 5986 5988 5985
f 6032 6022 6031
f 6031 6022 5988
f 6032 6031 6033
f 6033 6031 6030
f 6034 6032 6035
f 6035 6032 6033
f 6028 6029 6030
f 6030 6029 6033
f 6029 6036 6033
f 6033 6036 6035
f 6032 6034 6022
f 6022 6034 6023
f 6038 6023 6037
f 6037 6023 6034
f 6037 6040 6039
f 6039 6040 6041
f 6037 6034 6040
f 6040 6034 6035
f 6037 6039 6038
f 6038 6039 6018
f 6038 6018 6024
f 6024 6018 6017
f 6024 6021 6038
f 6038 6021 6023
f 6012 6013 6029
f 6029 6013 6036
f 6041 6036 6016
f 6016 6036 6013
f 6041 6040 6036
f 6036 6040 6035
f 6041 6016 6039
f 6039 6016 6011
f 6011 6008 6039
f 6039 6008 6018
f 5993 6000 6002
f 6002 6000 6019
f 6019 6000 6025
f 6025 6000 5999
f 5943 5756 5944
f 5944 5756 5755
f 6042 5948 5973
f 5973 5948 5947
f 5952 5951 5959
f 5959 5951 5960
f 5951 5953 5960
f 5960 5953 5958
f 5616 5957 5617
f 5617 5957 5956
f 6042 5952 5948
f 5948 5952 5959
f 5944 5755 5972
f 5972 5755 5754
f 5957 5616 5973
f 5973 5616 5652
f 5956 5955 5972
f 5972 5955 5961
f 5943 5953 5756
f 5756 5953 5709
f 6044 6045 6043
f 6043 6045 6046
f 6048 6049 6047
f 6047 6049 6050
f 6047 6050 6051
f 6051 6050 6052
f 6054 6055 6053
f 6053 6055 6056
f 6057 6058 6060
f 6060 6058 6059
f 6061 6062 6048
f 6048 6062 6049
f 6063 6064 6066
f 6066 6064 6065
f 6067 6068 6070
f 6070 6068 6069
f 6071 6069 5653
f 5653 6069 6068
f 6072 6073 6075
f 6075 6073 6074
f 6062 6076 6049
f 6049 6076 6054
f 6058 6067 6059
f 6059 6067 6070
f 6064 6077 6065
f 6065 6077 6045
f 6078 6076 6046
f 6046 6076 6062
f 6073 6080 6079
f 6079 6080 6052
f 6082 6083 6081
f 6081 6083 6084
f 6072 6085 6073
f 6073 6085 6080
f 6086 6051 6080
f 6080 6051 6052
f 6079 6052 6053
f 6053 6052 6050
f 6043 6087 6044
f 6044 6087 6088
f 6061 6089 6043
f 6043 6089 6087
f 6053 6056 6079
f 6079 6056 6090
f 6063 6072 6060
f 6060 6072 6075
f 6043 6046 6061
f 6061 6046 6062
f 6047 6091 6048
f 6048 6091 6092
f 6077 6078 6045
f 6045 6078 6046
f 6049 6054 6050
f 6050 6054 6053
f 6044 6088 6093
f 6093 6088 6094
f 6086 6082 6095
f 6095 6082 6081
f 6083 6082 6066
f 6066 6082 6085
f 6093 6094 6083
f 6083 6094 6084
f 6072 6063 6085
f 6085 6063 6066
f 6051 6086 6096
f 6096 6086 6095
f 6048 6092 6061
f 6061 6092 6089
f 5656 5655 6090
f 6090 5655 6074
f 6091 6047 6096
f 6096 6047 6051
f 6071 6055 6076
f 6076 6055 6054
f 6082 6086 6085
f 6085 6086 6080
f 6093 6083 6065
f 6065 6083 6066
f 6044 6093 6045
f 6045 6093 6065
f 6096 6095 6098
f 6098 6095 6097
f 6096 6098 6091
f 6091 6098 6099
f 6091 6099 6092
f 6092 6099 6100
f 6092 6100 6089
f 6089 6100 6101
f 6095 6081 6097
f 6097 6081 6102
f 6081 6084 6102
f 6102 6084 6103
f 6103 6084 6104
f 6104 6084 6094
f 6106 6097 6105
f 6105 6097 6102
f 6107 6108 6110
f 6110 6108 6109
f 6111 6112 6108
f 6108 6112 6109
f 6109 6112 6114
f 6114 6112 6113
f 6114 6115 6117
f 6117 6115 6116
f 6113 6118 6114
f 6114 6118 6115
f 6117 6110 6114
f 6114 6110 6109
f 6110 6119 6107
f 6107 6119 6120
f 6112 6111 6113
f 6113 6111 6121
f 6111 6099 6121
f 6121 6099 6098
f 6111 6122 6099
f 6099 6122 6100
f 6123 6122 6108
f 6108 6122 6111
f 6124 6123 6107
f 6107 6123 6108
f 6113 6121 6118
f 6118 6121 6106
f 6106 6121 6097
f 6097 6121 6098
f 6125 6124 6120
f 6120 6124 6107
f 6126 6123 6127
f 6127 6123 6124
f 6125 6128 6124
f 6124 6128 6127
f 6129 6126 6130
f 6130 6126 6127
f 6126 6129 6132
f 6132 6129 6131
f 6128 6133 6127
f 6127 6133 6130
f 6123 6126 6122
f 6122 6126 6132
f 6122 6132 6100
f 6100 6132 6101
f 6120 6134 6125
f 6125 6134 6135
f 6120 6119 6134
f 6134 6119 6136
f 6115 6118 6137
f 6137 6118 6106
f 6115 6137 6116
f 6116 6137 6138
f 6137 6106 6139
f 6139 6106 6105
f 6138 6137 6140
f 6140 6137 6139
f 6141 6142 6138
f 6138 6142 6116
f 6136 6142 6134
f 6134 6142 6141
f 6089 6101 6087
f 6087 6101 6143
f 6088 6144 6094
f 6094 6144 6104
f 6143 6144 6087
f 6087 6144 6088
f 6131 6145 6143
f 6143 6145 6144
f 6129 6146 6131
f 6131 6146 6145
f 6144 6145 6104
f 6104 6145 6147
f 6143 6101 6131
f 6131 6101 6132
f 6148 6103 6147
f 6147 6103 6104
f 6103 6148 6102
f 6102 6148 6105
f 6148 6149 6105
f 6105 6149 6139
f 6149 6148 6150
f 6150 6148 6147
f 6151 6149 6152
f 6152 6149 6150
f 6145 6146 6147
f 6147 6146 6150
f 6146 6153 6150
f 6150 6153 6152
f 6149 6151 6139
f 6139 6151 6140
f 6155 6140 6154
f 6154 6140 6151
f 6154 6157 6156
f 6156 6157 6158
f 6154 6151 6157
f 6157 6151 6152
f 6154 6156 6155
f 6155 6156 6135
f 6155 6135 6141
f 6141 6135 6134
f 6141 6138 6155
f 6155 6138 6140
f 6146 6129 6153
f 6153 6129 6130
f 6158 6153 6133
f 6133 6153 6130
f 6158 6157 6153
f 6153 6157 6152
f 6156 6158 6128
f 6128 6158 6133
f 6128 6125 6156
f 6156 6125 6135
f 6110 6117 6119
f 6119 6117 6136
f 6136 6117 6142
f 6142 6117 6116
f 6055 5615 6056
f 6056 5615 5752
f 6060 6059 6063
f 6063 6059 6064
f 6077 6070 6078
f 6078 6070 6069
f 6069 6071 6078
f 6078 6071 6076
f 6159 6057 6075
f 6075 6057 6060
f 6059 6070 6064
f 6064 6070 6077
f 6056 5752 6090
f 6090 5752 5656
f 6090 6074 6079
f 6079 6074 6073
f 6055 6071 5615
f 5615 6071 5653
f 5547 5471 6160
f 6160 5471 6161
f 5729 5577 6163
f 6163 5577 6162
f 5577 5576 6162
f 6162 5576 6164
f 5713 6165 5711
f 5711 6165 6166
f 5474 5729 6167
f 6167 5729 6163
f 5750 5547 6168
f 6168 5547 6160
f 5471 5474 6161
f 6161 5474 6167
f 6169 5712 6168
f 6168 5712 5750
f 5711 6166 5576
f 5576 6166 6164
f 6165 5713 6169
f 6169 5713 5712
f 6168 6170 6169
f 6169 6170 6171
f 6169 6171 6165
f 6165 6171 6172
f 6165 6172 6166
f 6166 6172 6173
f 6166 6173 6164
f 6164 6173 6174
f 6168 6160 6170
f 6170 6160 6175
f 6160 6161 6175
f 6175 6161 6176
f 6161 6167 6176
f 6176 6167 6177
f 6179 6170 6178
f 6178 6170 6175
f 6181 6182 6180
f 6180 6182 6183
f 6184 6185 6181
f 6181 6185 6182
f 6186 6187 6185
f 6185 6187 6182
f 6186 6188 6187
f 6187 6188 6189
f 6190 6183 6187
f 6187 6183 6182
f 6183 6190 6191
f 6191 6190 6192
f 6191 6193 6183
f 6183 6193 6180
f 6186 6185 6194
f 6194 6185 6184
f 6184 6172 6194
f 6194 6172 6171
f 6184 6195 6172
f 6172 6195 6173
f 6181 6196 6184
f 6184 6196 6195
f 6196 6181 6197
f 6197 6181 6180
f 6186 6194 6188
f 6188 6194 6179
f 6179 6194 6170
f 6170 6194 6171
f 6193 6198 6180
f 6180 6198 6197
f 6199 6196 6200
f 6200 6196 6197
f 6198 6201 6197
f 6197 6201 6200
f 6202 6199 6203
f 6203 6199 6200
f 6199 6202 6205
f 6205 6202 6204
f 6201 6206 6200
f 6200 6206 6203
f 6196 6199 6195
f 6195 6199 6205
f 6195 6205 6173
f 6173 6205 6174
f 6198 6193 6208
f 6208 6193 6207
f 6193 6191 6207
f 6207 6191 6192
f 6189 6188 6209
f 6209 6188 6179
f 6210 6189 6211
f 6211 6189 6209
f 6209 6179 6212
f 6212 6179 6178
f 6211 6209 6213
f 6213 6209 6212
f 6211 6214 6210
f 6210 6214 6215
f 6192 6215 6207
f 6207 6215 6214
f 6190 6187 6210
f 6210 6187 6189
f 6192 6190 6215
f 6215 6190 6210
f 6162 6164 6216
f 6216 6164 6174
f 6167 6163 6177
f 6177 6163 6217
f 6216 6217 6162
f 6162 6217 6163
f 6204 6218 6216
f 6216 6218 6217
f 6202 6219 6204
f 6204 6219 6218
f 6217 6218 6177
f 6177 6218 6220
f 6216 6174 6204
f 6204 6174 6205
f 6221 6176 6220
f 6220 6176 6177
f 6176 6221 6175
f 6175 6221 6178
f 6221 6222 6178
f 6178 6222 6212
f 6222 6221 6223
f 6223 6221 6220
f 6224 6222 6225
f 6225 6222 6223
f 6218 6219 6220
f 6220 6219 6223
f 6219 6226 6223
f 6223 6226 6225
f 6222 6224 6212
f 6212 6224 6213
f 6228 6213 6227
f 6227 6213 6224
f 6229 6227 6231
f 6231 6227 6230
f 6227 6224 6230
f 6230 6224 6225
f 6227 6229 6228
f 6228 6229 6208
f 6228 6208 6214
f 6214 6208 6207
f 6214 6211 6228
f 6228 6211 6213
f 6219 6202 6226
f 6226 6202 6203
f 6231 6226 6206
f 6206 6226 6203
f 6231 6230 6226
f 6226 6230 6225
f 6229 6231 6201
f 6201 6231 6206
f 6201 6198 6229
f 6229 6198 6208
f 5674 5672 5661
f 5661 5672 5662
f 5662 5672 5663
f 5663 5672 5646
f 5651 6042 5652
f 5652 6042 5973
f 5518 5517 5751
f 5751 5517 5733
f 5738 5660 5753
f 5753 5660 5637
f 5752 5636 5656
f 5656 5636 5526
f 5952 6042 5593
f 5593 6042 5651
f 5593 5651 5594
f 5594 5651 5650
f 5600 5737 5514
f 5514 5737 5515
f 5546 5545 5740
f 5740 5545 6232
f 6232 6058 5740
f 5740 6058 6057
f 6067 6058 6233
f 6233 6058 6232
f 6233 6232 6234
f 6234 6232 5545
f 6234 5545 6235
f 6235 5545 5544
f 5606 6236 5543
f 5543 6236 5544
f 6235 5544 5539
f 5539 5544 6236
f 6237 6235 5542
f 5542 6235 5539
f 6235 6237 6234
f 6234 6237 6238
f 6234 6238 6233
f 6233 6238 6239
f 5653 6068 5650
f 5650 6068 6239
f 5642 5513 6240
f 6240 5513 5516
f 5539 6236 5540
f 5540 6236 5606
f 5636 5614 5637
f 5637 5614 5753
f 6239 5737 5650
f 5650 5737 5594
f 6239 6068 6233
f 6233 6068 6067
f 6075 6074 6159
f 6159 6074 5655
f 6057 6159 5740
f 5740 6159 5655
f 5515 5737 6238
f 6238 5737 6239
f 6238 6237 5515
f 5515 6237 5516
f 5542 6240 6237
f 6237 6240 5516
f 6240 5542 5642
f 5642 5542 5541
f 5702 5699 5541
f 5541 5699 5642
f 5582 5475 5717
f 5470 5443 5537
f 5537 5443 5504
f 5469 5444 5470
f 5470 5444 5443
f 5726 5557 5727
f 5727 5557 5556
f 5537 5504 5511
f 5511 5504 5506
f 5504 5503 5506
f 5506 5503 5507
f 5503 5455 5507
f 5507 5455 5581
f 5455 5454 5581
f 5581 5454 5456
f 5473 5453 5474
f 5474 5453 5729
f 5457 5454 5473
f 5473 5454 5453
f 5473 5472 5457
f 5457 5472 5686
f 5472 5548 5686
f 5686 5548 5687
f 5749 5693 5548
f 5548 5693 5687
f 5715 5532 5749
f 5749 5532 5693
f 5714 5486 5715
f 5715 5486 5532
f 5714 5710 5486
f 5486 5710 5449
f 5728 5578 5729
f 5729 5578 5577
f 5452 5445 5698
f 5698 5445 5558
f 5445 5444 5558
f 5558 5444 5556
f 5444 5469 5556
f 5556 5469 5727
f 5469 5468 5727
f 5727 5468 5555
f 5468 5747 5555
f 5555 5747 5552
f 5747 5700 5552
f 5552 5700 5716
f 5700 5699 5716
f 5716 5699 5717
f 5699 5702 5717
f 5717 5702 5582
f 5702 5701 5582
f 5582 5701 5583
f 5726 5479 5557
f 5557 5479 5483
f 5483 5479 5484
f 5484 5479 5482
f 5534 5533 5482
f 5482 5533 5484
f 5691 5688 5534
f 5534 5688 5533
f 5644 5647 5691
f 5691 5647 5688
f 5719 5746 5701
f 5701 5746 5583
f 5718 5497 5719
f 5719 5497 5746
f 5718 5605 5654
f 5654 5605 5638
f 5498 5654 5657
f 5657 5654 5633
f 5497 5718 5498
f 5498 5718 5654
f 5657 5527 5498
f 5498 5527 5494
f 5528 5570 5495
f 5495 5570 5521
f 5665 5668 5528
f 5528 5668 5570
f 5664 5671 5665
f 5665 5671 5668
f 5645 5741 5664
f 5664 5741 5671
f 5644 5696 5645
f 5645 5696 5741
f 5710 5575 5449
f 5449 5575 5450
f 5575 5578 5450
f 5450 5578 5698
f 5578 5728 5698
f 5698 5728 5452
f 5452 5728 5451
f 5451 5728 5453
f 3619 6241 3620
f 3620 6241 6242
f 6243 6244 3628
f 3628 6244 3629
f 6245 6246 3634
f 3634 6246 3631
f 6247 6248 3636
f 3636 6248 3637
f 6249 6250 3642
f 3642 6250 3639
f 3639 6250 3643
f 3643 6250 6251
f 3743 6252 3744
f 3744 6252 6253
f 6246 6243 3631
f 3631 6243 3628
f 3753 6254 3754
f 3754 6254 6255
f 3857 6256 3619
f 3619 6256 6241
f 6257 6245 3932
f 3932 6245 3634
f 6242 6247 3620
f 3620 6247 3636
f 6258 6259 3946
f 3946 6259 3947
f 6260 6249 3948
f 3948 6249 3642
f 6244 6258 3629
f 3629 6258 3946
f 3947 6259 3753
f 3753 6259 6254
f 6248 6260 3637
f 3637 6260 3948
f 3643 6251 3743
f 3743 6251 6252
f 3744 6253 3932
f 3932 6253 6257
f 6250 6249 6251
f 6251 6249 6252
f 6245 6261 6246
f 6246 6261 6262
f 6263 6264 6247
f 6247 6264 6248
f 6252 6265 6253
f 6253 6265 6266
f 6246 6262 6243
f 6243 6262 6267
f 6268 6261 6257
f 6257 6261 6245
f 6269 6263 6242
f 6242 6263 6247
f 6270 6271 6260
f 6260 6271 6249
f 6264 6270 6248
f 6248 6270 6260
f 6253 6266 6257
f 6257 6266 6268
f 6249 6271 6252
f 6252 6271 6265
f 6254 6259 6272
f 6272 6259 6273
f 6266 6265 6270
f 6270 6265 6271
f 6268 6266 6264
f 6264 6266 6270
f 6261 6268 6263
f 6263 6268 6264
f 6269 6262 6263
f 6263 6262 6261
f 4186 4185 6274
f 6274 4185 6275
f 6241 6276 6242
f 6242 6276 6269
f 6258 6244 6277
f 6277 6244 6278
f 6256 6279 6241
f 6241 6279 6276
f 6259 6258 6273
f 6273 6258 6277
f 6243 6267 6244
f 6244 6267 6278
f 6276 6267 6269
f 6269 6267 6262
f 6254 6272 6255
f 6255 6272 6280
f 3865 3713 3888
f 3888 3713 3685
f 5242 5233 3892
f 3892 5233 3711
f 3900 5243 3892
f 3892 5243 5242
f 3734 3866 3900
f 3900 3866 5243
f 4117 6281 4118
f 4118 6281 6282
f 4118 6282 4278
f 4278 6282 4879
f 4717 4887 4718
f 4718 4887 4280
f 4792 4278 4882
f 4882 4278 4879
f 4795 4792 6283
f 6283 4792 4882
f 4852 4851 5012
f 5012 4851 6284
f 4856 5207 4857
f 4857 5207 4858
f 4860 4279 4857
f 4857 4279 4854
f 4718 4280 4860
f 4860 4280 4279
f 4864 4863 4745
f 4745 4863 4742
f 5366 4867 5011
f 5011 4867 4866
f 4871 4884 4872
f 4872 4884 4883
f 4872 4883 4117
f 4117 4883 6281
f 6284 4851 6283
f 6283 4851 4795
f 4852 4866 4853
f 4853 4866 4865
f 4871 4870 4856
f 4856 4870 5207
f 4717 4716 4864
f 4864 4716 4861
f 4868 4867 4862
f 4862 4867 4863
f 4268 4855 4269
f 4269 4855 4854
f 4281 4274 4282
f 4282 4274 4765
f 4744 4743 4907
f 4907 4743 4904
f 4874 4881 4820
f 4820 4881 4880
f 4885 5013 4886
f 4886 5013 4980
f 4888 4275 4281
f 4281 4275 4274
f 4902 6282 4903
f 4903 6282 6281
f 6283 4979 6284
f 6284 4979 4978
f 4282 4765 4269
f 4269 4765 4266
f 4880 4879 4902
f 4902 4879 6282
f 4903 6281 4886
f 4886 6281 4883
f 4882 4881 6283
f 6283 4881 4979
f 5013 4885 4267
f 4267 4885 4268
f 4888 4887 4744
f 4744 4887 4745
f 4410 6285 4411
f 4411 6285 4812
f 4750 4749 6286
f 6286 4749 6287
f 6289 4695 6288
f 6288 4695 4255
f 4750 4675 4751
f 4751 4675 4965
f 6290 6291 4963
f 4963 6291 4960
f 4807 4806 4411
f 4411 4806 4408
f 6292 6293 4959
f 4959 6293 4956
f 4958 6294 4959
f 4959 6294 4955
f 4962 4964 4963
f 4963 4964 4805
f 4962 4961 4751
f 4751 4961 4748
f 6296 6297 6295
f 6295 6297 6298
f 6299 6300 6288
f 6288 6300 4735
f 6302 4961 6301
f 6301 4961 4960
f 6304 6287 6303
f 6303 6287 4749
f 4968 6305 4969
f 4969 6305 6306
f 4413 6308 6307
f 6307 6308 4900
f 6301 4960 6309
f 6309 4960 6291
f 4412 4408 6310
f 6310 4408 4806
f 4696 6311 4256
f 4256 6311 6312
f 6303 4749 6313
f 6313 4749 4748
f 6313 4748 6302
f 6302 4748 4961
f 6315 6316 6314
f 6314 6316 6317
f 4084 6318 6315
f 6315 6318 6316
f 4083 6319 4084
f 4084 6319 6318
f 4112 6320 4083
f 4083 6320 6319
f 6322 4138 6321
f 6321 4138 4137
f 6324 4128 6323
f 6323 4128 4127
f 4127 4193 6323
f 6323 4193 6325
f 4193 4891 6325
f 6325 4891 6326
f 4891 6327 6326
f 6326 6327 6328
f 6327 4824 5227
f 5227 4824 5228
f 5231 4684 6329
f 6329 4684 4683
f 4683 4099 6329
f 6329 4099 6330
f 4099 4102 6330
f 6330 4102 6331
f 4174 4826 4429
f 4429 4826 4829
f 4173 4741 4174
f 4174 4741 4826
f 4180 4738 4173
f 4173 4738 4741
f 6332 6333 4180
f 4180 6333 4738
f 6274 6334 4186
f 4186 6334 4188
f 4181 4825 4180
f 4180 4825 6332
f 5044 5213 5045
f 5045 5213 5165
f 5046 5087 5047
f 5047 5087 5222
f 5077 5063 5078
f 5078 5063 5198
f 5081 5099 5082
f 5082 5099 5194
f 5095 5074 5096
f 5096 5074 5073
f 5373 5170 5096
f 5096 5170 5093
f 5375 5171 5373
f 5373 5171 5170
f 5047 5222 5375
f 5375 5222 5171
f 5046 5038 5376
f 5376 5038 5067
f 5377 5086 5376
f 5376 5086 5085
f 5045 5165 5377
f 5377 5165 5086
f 5378 5214 5044
f 5044 5214 5213
f 5077 5034 5378
f 5378 5034 5214
f 5082 5194 5078
f 5078 5194 5035
f 5081 5080 5379
f 5379 5080 6335
f 5379 6335 5095
f 5095 6335 5074
f 5032 5080 5033
f 5033 5080 5079
f 5040 5017 5041
f 5041 5017 5016
f 5050 5043 5051
f 5051 5043 5042
f 5065 5023 5066
f 5066 5023 5022
f 5050 5049 5065
f 5065 5049 5023
f 5041 5016 5068
f 5068 5016 5020
f 5071 5374 5072
f 5072 5374 5200
f 5075 5156 5076
f 5076 5156 5155
f 5162 5212 5068
f 5068 5212 5067
f 5075 5074 5192
f 5192 5074 6335
f 5066 5022 5199
f 5199 5022 5196
f 5076 5155 5072
f 5072 5155 5069
f 5040 5039 5071
f 5071 5039 5374
f 5162 5161 5051
f 5051 5161 5048
f 5192 6335 5032
f 5032 6335 5080
f 5199 5196 5033
f 5033 5196 5030
f 5018 5211 5019
f 5019 5211 5408
f 5019 5408 5021
f 5021 5408 5163
f 5024 5057 5025
f 5025 5057 5415
f 5028 5048 5029
f 5029 5048 5161
f 5054 5031 5055
f 5055 5031 5030
f 5024 5023 5058
f 5058 5023 5049
f 5061 5070 5062
f 5062 5070 5069
f 5157 5438 5158
f 5158 5438 5442
f 5160 5191 5054
f 5054 5191 5031
f 5029 5161 5021
f 5021 5161 5020
f 5025 5415 5197
f 5197 5415 5220
f 5158 5442 5062
f 5062 5442 5059
f 5018 5017 5061
f 5061 5017 5070
f 5160 5159 5157
f 5157 5159 5438
f 5028 5027 5058
f 5058 5027 5056
f 5055 5030 5197
f 5197 5030 5196
f 5409 5380 5410
f 5410 5380 6336
f 5026 5413 5027
f 5027 5413 5412
f 5396 5417 5393
f 5393 5417 5416
f 5416 5057 5419
f 5419 5057 5056
f 5417 5396 5426
f 5426 5396 5420
f 5427 5423 5428
f 5428 5423 5422
f 5427 5059 5430
f 5430 5059 5442
f 5409 5408 5433
f 5433 5408 5211
f 5433 5211 5428
f 5428 5211 5060
f 5412 5411 5419
f 5419 5411 5418
f 5436 5053 5437
f 5437 5053 5052
f 5439 5402 5440
f 5440 5402 5401
f 5436 5435 5439
f 5439 5435 5402
f 5410 6336 5413
f 5413 6336 5414
f 5440 5401 5430
f 5430 5401 5429
f 5426 5420 5437
f 5437 5420 5434
f 5382 5432 5383
f 5383 5432 5384
f 5386 6336 5383
f 5383 6336 5380
f 6336 5386 5414
f 5414 5386 5388
f 5391 5418 5392
f 5392 5418 5411
f 5705 5395 5704
f 5704 5395 5394
f 5399 5435 5400
f 5400 5435 5434
f 5403 5441 5404
f 5404 5441 5405
f 5407 5429 5404
f 5404 5429 5401
f 5395 5705 5421
f 5421 5705 5748
f 5424 5706 5425
f 5425 5706 5431
f 5391 5390 5394
f 5394 5390 5704
f 5392 5388 5389
f 5389 5388 5387
f 5382 5381 5425
f 5425 5381 5422
f 5407 5406 5424
f 5424 5406 5706
f 5403 5402 5399
f 5399 5402 5435
f 5421 5748 5400
f 5400 5748 5397
f 4097 4721 4098
f 4098 4721 4231
f 4233 5273 4098
f 4098 5273 4095
f 6337 6338 4785
f 4785 6338 4786
f 4076 4780 4073
f 4073 4780 4781
f 4782 4190 4781
f 4781 4190 4073
f 4783 4901 4782
f 4782 4901 4190
f 4780 4076 4097
f 4097 4076 4721
f 6337 2879 4701
f 4701 2879 2878
f 5280 6339 5272
f 5272 6339 6340
f 5282 5281 6341
f 6341 5281 6342
f 4109 6302 4110
f 4110 6302 6301
f 4283 6304 4284
f 4284 6304 6303
f 6305 4379 6306
f 6306 4379 4378
f 4110 6301 4428
f 4428 6301 6309
f 6310 4688 4412
f 4412 4688 4687
f 4284 6303 4753
f 4753 6303 6313
f 4753 6313 4109
f 4109 6313 6302
f 6343 5226 4428
f 4428 5226 4427
f 4147 4900 4416
f 4416 4900 6308
f 6312 6311 4241
f 4241 6311 4720
f 5223 6344 4702
f 4702 6344 4699
f 4221 4220 6345
f 6345 4220 6346
f 5276 5275 6347
f 6347 5275 6348
f 5275 4728 6348
f 6348 4728 6349
f 4727 6350 5284
f 5284 6350 5285
f 6351 6352 6354
f 6354 6352 6353
f 5313 5312 5292
f 5292 5312 5293
f 5312 5344 5293
f 5293 5344 5337
f 5344 4914 5337
f 5337 4914 4916
f 4914 4913 4916
f 4916 4913 4917
f 4913 6355 4917
f 4917 6355 4978
f 6356 6357 6284
f 6284 6357 5012
f 6357 6358 5012
f 5012 6358 5011
f 5011 6358 5366
f 5366 6358 6359
f 6360 4742 6359
f 6359 4742 5366
f 4743 6361 4904
f 4904 6361 5364
f 5363 4905 5364
f 5364 4905 4904
f 5363 6362 4905
f 4905 6362 4207
f 6362 6363 4207
f 4207 6363 4208
f 6363 5342 4208
f 4208 5342 5330
f 5342 5341 5330
f 5330 5341 4244
f 5341 6364 4244
f 4244 6364 4245
f 6364 6365 4245
f 4245 6365 4246
f 6366 6367 4253
f 4253 6367 4250
f 4214 6368 4211
f 4211 6368 4380
f 4380 4379 4211
f 4211 4379 4283
f 4379 6305 4283
f 4283 6305 6304
f 6305 4968 6304
f 6304 4968 6287
f 4968 4967 6287
f 6287 4967 6286
f 4967 6297 6286
f 6286 6297 4676
f 6296 4376 4288
f 4288 4376 4285
f 4376 4373 4285
f 4285 4373 4290
f 6369 6370 6372
f 6372 6370 6371
f 5245 6373 5246
f 5246 6373 6374
f 4317 6375 4318
f 4318 6375 6376
f 4331 6377 4332
f 4332 6377 6378
f 6379 4333 6376
f 6376 4333 4318
f 4343 6380 4344
f 4344 6380 6381
f 4347 6382 4348
f 4348 6382 6383
f 4374 6371 4331
f 4331 6371 6377
f 4333 6379 4426
f 4426 6379 6384
f 4690 6385 4347
f 4347 6385 6382
f 4332 6378 4317
f 4317 6378 6375
f 4922 6386 4923
f 4923 6386 6387
f 6388 6389 4375
f 4375 6389 6390
f 6355 6356 4978
f 4978 6356 6284
f 4742 6360 4743
f 4743 6360 6361
f 6391 4238 6392
f 6392 4238 4719
f 6392 4719 6393
f 6393 4719 5296
f 6395 6396 6394
f 6394 6396 6397
f 6399 6400 6398
f 6398 6400 6401
f 6402 5302 6403
f 6403 5302 5303
f 5303 5321 6403
f 6403 5321 6404
f 5320 6405 5321
f 5321 6405 6404
f 5319 6406 5350
f 5350 6406 5351
f 5319 5318 6406
f 6406 5318 6407
f 5288 4197 6408
f 6408 4197 6409
f 4217 4216 6410
f 6410 4216 6411
f 5227 6412 6327
f 6327 6412 6328
f 4892 6413 5227
f 5227 6413 6412
f 4228 6414 4892
f 4892 6414 6413
f 4227 6415 4228
f 4228 6415 6414
f 4248 6416 4227
f 4227 6416 6415
f 4247 6417 4248
f 4248 6417 6416
f 6417 4247 6419
f 6419 4247 6418
f 6419 6418 6421
f 6421 6418 6420
f 6422 5301 6423
f 6423 5301 5300
f 6423 5300 6424
f 6424 5300 6399
f 6408 6409 6398
f 6398 6409 6425
f 6426 6427 6397
f 6397 6427 6394
f 6428 4224 6429
f 6429 4224 4223
f 6347 6346 5276
f 5276 6346 4220
f 6346 6347 6341
f 6341 6347 6339
f 5280 5278 5282
f 5282 5278 4236
f 4896 5224 4684
f 4684 5224 4681
f 4132 4135 4896
f 4896 4135 5224
f 4131 4136 4132
f 4132 4136 4135
f 4226 4754 4131
f 4131 4754 4136
f 4251 4213 4226
f 4226 4213 4754
f 4250 4214 4251
f 4251 4214 4213
f 4250 6367 4214
f 4214 6367 6368
f 6367 4910 6368
f 6368 4910 4737
f 4909 5297 4736
f 4736 5297 5296
f 5297 6395 5296
f 5296 6395 6393
f 6427 6430 6394
f 6394 6430 6431
f 6429 4383 6428
f 6428 4383 4382
f 4219 5277 4220
f 4220 5277 5276
f 4222 4697 4383
f 4383 4697 4218
f 6345 4699 4221
f 4221 4699 6344
f 6342 4700 6345
f 6345 4700 4699
f 4235 4786 5281
f 5281 4786 6338
f 4234 4787 4235
f 4235 4787 4786
f 5279 5278 6432
f 6432 5278 5271
f 4237 5279 6433
f 6433 5279 6432
f 4787 4234 6433
f 6433 4234 4237
f 6435 6436 6434
f 6434 6436 6437
f 6359 6438 6360
f 6360 6438 6437
f 6439 6440 6441
f 6441 6440 6438
f 6443 6439 6442
f 6442 6439 6441
f 6357 6356 6442
f 6442 6356 6444
f 6444 6446 6445
f 6445 6446 6447
f 4912 6446 4913
f 4913 6446 6355
f 6361 6436 5364
f 5364 6436 5365
f 5319 5350 5316
f 5316 5350 6448
f 4832 6449 5350
f 5350 6449 6448
f 4831 6450 4832
f 4832 6450 6449
f 5354 6451 5320
f 5320 6451 6405
f 4265 6452 5354
f 5354 6452 6451
f 4264 6453 4265
f 4265 6453 6452
f 6450 4831 6447
f 6447 4831 6445
f 4263 6435 4264
f 4264 6435 6434
f 6454 6453 6439
f 6439 6453 6440
f 6439 6443 6454
f 6454 6443 4834
f 4833 6455 4834
f 4834 6455 6454
f 5351 6456 4833
f 4833 6456 6455
f 6457 6391 6458
f 6458 6391 6392
f 6458 6392 6431
f 6431 6392 6393
f 5298 6396 5297
f 5297 6396 6395
f 6402 6400 5302
f 5302 6400 5299
f 6402 6403 6459
f 6459 6403 6460
f 6460 6403 6461
f 6461 6403 6404
f 6405 6462 6404
f 6404 6462 6461
f 6406 6462 5351
f 5351 6462 6456
f 6406 6407 6462
f 6462 6407 6461
f 6407 6463 6461
f 6461 6463 6460
f 6463 6464 6460
f 6460 6464 6459
f 6464 6465 6459
f 6459 6465 6401
f 6430 6466 6431
f 6431 6466 6458
f 6466 6410 6458
f 6458 6410 6457
f 6410 6411 6457
f 6457 6411 6467
f 6396 6424 6397
f 6397 6424 6425
f 6393 6395 6431
f 6431 6395 6394
f 6451 6456 6405
f 6405 6456 6462
f 6452 6455 6451
f 6451 6455 6456
f 6453 6454 6452
f 6452 6454 6455
f 6443 6445 4834
f 4834 6445 4831
f 6440 6453 6434
f 6434 6453 4264
f 6468 5306 5360
f 5360 5306 5305
f 6469 4124 6468
f 6468 4124 5306
f 6470 4125 6469
f 6469 4125 4124
f 6471 5291 6470
f 6470 5291 4125
f 6353 5292 6471
f 6471 5292 5291
f 5292 6353 5313
f 5313 6353 6352
f 5347 5314 6352
f 6352 5314 5313
f 5353 5318 5346
f 5346 5318 5317
f 5334 6468 5358
f 5358 6468 5360
f 5324 6469 5334
f 5334 6469 6468
f 5323 6470 5324
f 5324 6470 6469
f 5343 6471 5323
f 5323 6471 6470
f 6354 6353 5343
f 5343 6353 6471
f 6348 6349 4270
f 4270 6349 5311
f 5272 6340 5273
f 5273 6340 4272
f 6432 5271 4232
f 4232 5271 4233
f 4294 6432 4295
f 4295 6432 4232
f 6432 4294 6433
f 6433 4294 4301
f 4301 4300 6433
f 6433 4300 4787
f 4704 4784 4300
f 4300 4784 4787
f 4704 3013 4784
f 4784 3013 1307
f 5103 6472 5104
f 5104 6472 5202
f 5108 5116 5105
f 5105 5116 5115
f 5111 5124 5112
f 5112 5124 5123
f 5154 5205 5105
f 5105 5205 5106
f 5167 5180 5168
f 5168 5180 5185
f 5175 5188 5176
f 5176 5188 5187
f 5112 5123 5178
f 5178 5123 5120
f 5167 5090 5183
f 5183 5090 5089
f 5210 5151 5183
f 5183 5151 5181
f 5216 5138 5217
f 5217 5138 5137
f 5218 5119 5219
f 5219 5119 5221
f 5218 5178 5119
f 5119 5178 5120
f 5217 5137 5104
f 5104 5137 5101
f 5116 5108 5221
f 5221 5108 5219
f 5111 5110 5210
f 5210 5110 5151
f 5154 5153 5103
f 5103 5153 6472
f 5216 5215 5176
f 5176 5215 5173
f 5175 5174 5168
f 5168 5174 5166
f 5091 5172 5092
f 5092 5172 5208
f 5117 5037 5118
f 5118 5037 5036
f 5121 5164 5122
f 5122 5164 5133
f 5125 5084 5126
f 5126 5084 5083
f 5129 5174 5130
f 5130 5174 5173
f 5131 5202 5132
f 5132 5202 6472
f 5135 5221 5122
f 5122 5221 5119
f 5125 5124 5136
f 5136 5124 5209
f 5126 5083 5121
f 5121 5083 5164
f 5118 5036 5195
f 5195 5036 5193
f 5131 5097 5203
f 5203 5097 5114
f 5132 6472 5195
f 5195 6472 5153
f 5136 5209 5092
f 5092 5209 5089
f 5135 5134 5117
f 5117 5134 5037
f 5362 5206 5130
f 5130 5206 5127
f 5372 5371 5128
f 5128 5371 5129
f 5371 5372 5091
f 5091 5372 5172
f 5362 5215 5203
f 5203 5215 5201
f 6463 6407 5353
f 5353 6407 5318
f 6464 6463 5352
f 5352 6463 5353
f 6408 6465 5288
f 5288 6465 5289
f 4196 4224 6426
f 6426 4224 6427
f 6430 6427 6428
f 6428 6427 4224
f 6466 6430 4382
f 4382 6430 6428
f 6410 6466 4217
f 4217 6466 4382
f 4240 4239 3015
f 3015 4239 3016
f 4254 4257 3017
f 3017 4257 3018
f 6473 6474 4732
f 4732 6474 6475
f 6474 6374 6475
f 6475 6374 6373
f 5246 6374 3022
f 3022 6374 3023
f 4254 6299 4255
f 4255 6299 6288
f 6473 6300 3024
f 3024 6300 3025
f 6476 4257 6312
f 6312 4257 4256
f 4240 6476 4241
f 4241 6476 6312
f 6477 4239 6391
f 6391 4239 4238
f 6467 6477 6457
f 6457 6477 6391
f 6411 3029 6467
f 6467 3029 3028
f 4216 3030 6411
f 6411 3030 3029
f 6479 6480 6478
f 6478 6480 6481
f 6483 6484 6482
f 6482 6484 6485
f 6486 6487 4102
f 4102 6487 6331
f 6483 6488 6478
f 6478 6488 6489
f 4429 4829 6490
f 6490 4829 6479
f 6491 6486 4101
f 4101 6486 4102
f 4895 6491 4899
f 4899 6491 4101
f 4160 6488 4157
f 4157 6488 6492
f 6489 4087 6490
f 6490 4087 4090
f 4267 4261 5013
f 5013 4261 4260
f 4258 4261 5328
f 5328 4261 4975
f 4261 4267 4975
f 4975 4267 4266
f 5367 3793 3912
f 3912 3793 3575
f 6494 3616 6493
f 6493 3616 3795
f 6496 3589 6495
f 6495 3589 3588
f 6495 3588 5368
f 5368 3588 3794
f 3841 3840 3050
f 3050 3840 3051
f 3912 3911 3052
f 3052 3911 3053
f 3929 3930 3054
f 3054 3930 3055
f 5370 3930 3916
f 3916 3930 3923
f 3938 5369 3807
f 3807 5369 3915
f 3589 6496 3806
f 3806 6496 3937
f 3938 3937 3056
f 3056 3937 3057
f 3051 3840 3058
f 3058 3840 3943
f 3730 4808 3727
f 3727 4808 3943
f 3820 3951 3795
f 3795 3951 6493
f 3951 3841 3059
f 3059 3841 3050
f 3911 3574 6494
f 6494 3574 3616
f 3823 3929 3824
f 3824 3929 3952
f 4061 4060 3060
f 3060 4060 3061
f 6497 6498 4901
f 4901 6498 4790
f 6333 6499 4738
f 4738 6499 4739
f 6500 6501 6314
f 6314 6501 4418
f 6502 6275 4417
f 4417 6275 4185
f 6503 6497 4783
f 4783 6497 4901
f 6498 4060 4790
f 4790 4060 4059
f 4808 4061 3069
f 3069 4061 3060
f 5367 3071 5368
f 5368 3071 3070
f 5369 3073 5370
f 5370 3073 3072
f 6274 6275 3074
f 3074 6275 3075
f 6499 6504 4739
f 4739 6504 6317
f 6333 6332 3077
f 3077 6332 3078
f 6334 6274 3079
f 3079 6274 3074
f 6332 4825 3078
f 3078 4825 3080
f 6334 6503 4188
f 4188 6503 4783
f 4825 4689 3080
f 3080 4689 1330
f 6506 4747 6505
f 6505 4747 4746
f 6505 6507 6506
f 6506 6507 6508
f 4297 6509 4920
f 4920 6509 6510
f 4296 6511 4297
f 4297 6511 6509
f 6506 6508 4319
f 4319 6508 6512
f 4372 4371 6514
f 6514 4371 6513
f 6511 4296 5251
f 5251 4296 4305
f 5251 5250 6511
f 6511 5250 6515
f 6516 6509 6515
f 6515 6509 6511
f 6517 6507 6519
f 6519 6507 6518
f 6512 6520 6513
f 6513 6520 6514
f 6507 6517 6508
f 6508 6517 6521
f 5249 6523 6522
f 6522 6523 6524
f 6525 6370 5253
f 5253 6370 6526
f 4370 4323 4371
f 4371 4323 4326
f 4370 3103 4323
f 4323 3103 1541
f 6521 6517 6527
f 6527 6517 6519
f 6520 6528 6514
f 6514 6528 6529
f 6531 6532 6530
f 6530 6532 6533
f 5250 6534 6515
f 6515 6534 6535
f 6530 6533 6536
f 6536 6533 6537
f 6526 6538 6534
f 6534 6538 6537
f 6515 6535 6516
f 6516 6535 6539
f 4325 4321 4326
f 4326 4321 4320
f 4371 4326 6513
f 6513 4326 4320
f 6531 4731 6541
f 6541 4731 6540
f 4731 4730 6540
f 6540 4730 6542
f 4730 3121 6542
f 6542 3121 3120
f 6530 4328 6531
f 6531 4328 4731
f 4328 6530 4329
f 4329 6530 6536
f 4329 6536 6524
f 6524 6536 6543
f 6544 6545 6522
f 6522 6545 5248
f 6389 6388 5245
f 5245 6388 6373
f 6388 6546 6373
f 6373 6546 6475
f 4733 6546 6295
f 6295 6546 4377
f 4732 6475 4733
f 4733 6475 6546
f 4393 4432 4394
f 4394 4432 4435
f 4434 4672 4842
f 4842 4672 4671
f 4440 4439 4441
f 4441 4439 4438
f 4436 4450 4437
f 4437 4450 4398
f 4447 4444 4448
f 4448 4444 4392
f 4446 4464 4433
f 4433 4464 6547
f 4454 4423 4455
f 4455 4423 4422
f 4452 4481 4453
f 4453 4481 4480
f 4458 4389 4459
f 4459 4389 4388
f 4456 4471 4457
f 4457 4471 4468
f 4391 4460 4392
f 4392 4460 4448
f 4461 4467 4445
f 4445 4467 4465
f 4437 4398 4629
f 4629 4398 4397
f 4438 4628 4441
f 4441 4628 4631
f 4841 4629 4839
f 4839 4629 4397
f 4628 4842 4631
f 4631 4842 4671
f 4930 4989 4452
f 4452 4989 4481
f 4929 4927 4436
f 4436 4927 4450
f 4933 4387 4934
f 4934 4387 4386
f 4931 4475 4932
f 4932 4475 4474
f 4936 4449 4933
f 4933 4449 4387
f 4935 4472 4456
f 4456 4472 4471
f 4389 4458 4391
f 4391 4458 4460
f 4457 4468 4461
f 4461 4468 4467
f 4934 4386 4454
f 4454 4386 4423
f 4453 4480 4931
f 4931 4480 4475
f 4575 4997 4576
f 4576 4997 4639
f 4579 4596 4580
f 4580 4596 4595
f 4583 4582 4572
f 4572 4582 4569
f 4587 4944 4588
f 4588 4944 4562
f 4588 4562 4590
f 4590 4562 4561
f 4576 4639 4642
f 4642 4639 4638
f 4642 4845 4641
f 4641 4845 4846
f 4845 4590 4846
f 4846 4590 4561
f 4941 4938 4595
f 4595 4938 4580
f 4938 4940 4668
f 4668 4940 4669
f 4583 4942 4584
f 4584 4942 4947
f 4582 4587 4569
f 4569 4587 4586
f 5000 5001 4579
f 4579 5001 4596
f 4558 4560 4585
f 4585 4560 4586
f 4565 4639 4566
f 4566 4639 4997
f 4568 4567 4577
f 4577 4567 4578
f 4570 4554 4571
f 4571 4554 4556
f 4640 4565 4637
f 4637 4565 4546
f 4662 4664 4665
f 4665 4664 4844
f 4662 4558 4589
f 4589 4558 4585
f 4554 4570 4557
f 4557 4570 4560
f 4571 4667 4572
f 4572 4667 4943
f 4551 4670 4552
f 4552 4670 4666
f 4640 4664 4638
f 4638 4664 4663
f 4670 4568 4668
f 4668 4568 4577
f 4999 4996 4566
f 4566 4996 4543
f 4608 4564 4603
f 4603 4564 4563
f 4573 4593 4574
f 4574 4593 4592
f 4597 4614 4598
f 4598 4614 4613
f 4601 4600 4584
f 4584 4600 4581
f 4563 4562 4604
f 4604 4562 4944
f 4643 4593 4641
f 4641 4593 4573
f 4643 4847 4644
f 4644 4847 4848
f 4564 4847 4561
f 4561 4847 4846
f 4945 4941 4598
f 4598 4941 4595
f 4941 4945 4939
f 4939 4945 4946
f 4601 4948 4602
f 4602 4948 4620
f 4600 4604 4581
f 4581 4604 4944
f 5002 5003 4597
f 4597 5003 4614
f 4988 4759 4953
f 4953 4759 4402
f 4706 6548 4707
f 4707 6548 6549
f 4311 4928 4419
f 4419 4928 6550
f 4921 4920 6551
f 6551 4920 6552
f 4925 6553 4926
f 4926 6553 6554
f 4928 4921 4802
f 4802 4921 6551
f 6555 4985 6550
f 6550 4985 4419
f 4952 6556 4953
f 4953 6556 4649
f 4971 6557 4706
f 4706 6557 6548
f 4988 4648 4925
f 4925 4648 6553
f 4707 6549 5006
f 5006 6549 4987
f 4920 6510 6552
f 6552 6510 6518
f 6558 6510 6516
f 6516 6510 6509
f 6559 6558 6539
f 6539 6558 6516
f 6531 6541 6532
f 6532 6541 6560
f 6540 6561 6541
f 6541 6561 6529
f 6542 6562 6540
f 6540 6562 6561
f 6542 3120 6562
f 6562 3120 3142
f 4366 6563 4760
f 4760 6563 4970
f 4815 6564 4816
f 4816 6564 6565
f 3147 3146 6565
f 6565 3146 4816
f 6564 6563 6565
f 6565 6563 6566
f 4837 4385 4357
f 4357 4385 4358
f 6565 6566 3147
f 3147 6566 3149
f 4694 1209 3150
f 5247 5249 5248
f 5248 5249 6522
f 6372 6390 6545
f 6545 6390 6389
f 6375 5254 6376
f 6376 5254 5258
f 6377 6525 6378
f 6378 6525 5255
f 5260 6379 5258
f 5258 6379 6376
f 6380 6567 6381
f 6381 6567 6568
f 6382 6569 6383
f 6383 6569 6570
f 6377 6371 6525
f 6525 6371 6370
f 6379 5260 6384
f 6384 5260 6571
f 6385 6572 6382
f 6382 6572 6569
f 6378 5255 6375
f 6375 5255 5254
f 6386 6573 6387
f 6387 6573 6574
f 6545 6389 5248
f 5248 6389 5245
f 4675 4750 4676
f 4676 4750 6286
f 4734 6289 4735
f 4735 6289 6288
f 4804 6290 4805
f 4805 6290 4963
f 4811 4807 4812
f 4812 4807 4411
f 4954 6292 4955
f 4955 6292 4959
f 4964 4962 4965
f 4965 4962 4751
f 6285 4821 4812
f 4812 4821 4809
f 4675 4287 4965
f 4965 4287 4210
f 6294 4145 4955
f 4955 4145 4154
f 4964 4120 4805
f 4805 4120 4119
f 6298 4966 4734
f 4734 4966 6289
f 6300 6473 4735
f 4735 6473 4732
f 6297 6296 4676
f 4676 6296 4288
f 6523 3160 4330
f 4330 3160 3159
f 5253 5252 6525
f 6525 5252 5255
f 5256 5252 4305
f 4305 5252 5251
f 4304 5257 4305
f 4305 5257 5256
f 4424 5259 4304
f 4304 5259 5257
f 5261 6571 5259
f 5259 6571 5260
f 5262 6573 5261
f 5261 6573 6571
f 5264 6567 5265
f 5265 6567 6574
f 5266 6572 5267
f 5267 6572 6568
f 5268 6570 5269
f 5269 6570 6569
f 1807 3161 5268
f 5268 3161 6570
f 6524 6523 4329
f 4329 6523 4330
f 5253 6526 5250
f 5250 6526 6534
f 6543 6538 6544
f 6544 6538 6369
f 6524 6543 6522
f 6522 6543 6544
f 3071 5367 3052
f 3052 5367 3912
f 6493 3163 6494
f 6494 3163 3162
f 3164 445 3771
f 3771 445 3761
f 461 3165 3919
f 3919 3165 3920
f 330 410 3839
f 3839 410 3910
f 332 331 3552
f 3552 331 3551
f 464 304 3918
f 3918 304 3816
f 385 458 3766
f 3766 458 3894
f 412 415 3762
f 3762 415 3763
f 3166 337 3748
f 3748 337 3745
f 3072 3055 5370
f 5370 3055 3930
f 3073 5369 3056
f 3056 5369 3938
f 3167 3057 6496
f 6496 3057 3937
f 3069 3058 4808
f 4808 3058 3943
f 411 3166 3851
f 3851 3166 3748
f 3059 3163 3951
f 3951 3163 6493
f 336 3164 3772
f 3772 3164 3771
f 3053 3911 3162
f 3162 3911 6494
f 3054 3168 3929
f 3929 3168 3952
f 3165 830 3920
f 3920 830 3945
f 3170 3169 6497
f 6497 3169 6498
f 3171 1354 5005
f 5005 1354 4830
f 3172 3170 6503
f 6503 3170 6497
f 3169 3061 6498
f 6498 3061 4060
f 3173 3171 5006
f 5006 3171 5005
f 3079 3172 6334
f 6334 3172 6503
f 3174 3025 6299
f 6299 3025 6300
f 6576 6577 6575
f 6575 6577 6578
f 4612 4611 6579
f 6579 4611 6580
f 6582 6583 6581
f 6581 6583 6584
f 6584 6585 4618
f 4618 6585 4621
f 6586 6587 6589
f 6589 6587 6588
f 6588 6587 6590
f 6590 6587 6591
f 6592 4606 6590
f 6590 4606 4623
f 6594 6576 6593
f 6593 6576 6575
f 6595 6582 6579
f 6579 6582 6581
f 6580 6597 6596
f 6596 6597 6598
f 6577 6576 6599
f 6599 6576 6600
f 6595 6596 6601
f 6601 6596 6602
f 6583 6582 6603
f 6603 6582 6604
f 6586 6606 6605
f 6605 6606 6607
f 6587 6586 6608
f 6608 6586 6605
f 6587 6608 6591
f 6591 6608 6609
f 6576 6594 6600
f 6600 6594 6610
f 6582 6595 6604
f 6604 6595 6601
f 6599 6611 6577
f 6577 6611 6598
f 6613 6614 6612
f 6612 6614 6615
f 6617 6618 6616
f 6616 6618 6619
f 6621 6622 6620
f 6620 6622 6623
f 6625 6626 6624
f 6624 6626 6627
f 6629 6630 6628
f 6628 6630 6631
f 6633 6634 6632
f 6632 6634 6635
f 6637 6638 6636
f 6636 6638 6639
f 6640 6641 6637
f 6637 6641 6638
f 6643 6633 6642
f 6642 6633 6632
f 6645 6646 6644
f 6644 6646 6647
f 6646 6648 6647
f 6647 6648 6649
f 6651 6652 6650
f 6650 6652 6653
f 6653 6652 6654
f 6654 6652 6655
f 6656 6657 6659
f 6659 6657 6658
f 6661 6662 6660
f 6660 6662 6663
f 6662 6661 6664
f 6664 6661 6665
f 6667 6657 6666
f 6666 6657 6656
f 6669 6670 6668
f 6668 6670 6671
f 6672 6673 6670
f 6670 6673 6671
f 6674 6675 6677
f 6677 6675 6676
f 6675 6678 6676
f 6676 6678 6679
f 6681 6682 6680
f 6680 6682 6683
f 6684 6685 6683
f 6683 6685 6680
f 6687 6688 6686
f 6686 6688 6689
f 6687 6690 6688
f 6688 6690 6691
f 6619 6618 6633
f 6633 6618 6634
f 6632 6635 6693
f 6693 6635 6692
f 6617 6694 6636
f 6636 6694 6637
f 6695 6692 6639
f 6639 6692 6635
f 6637 6694 6640
f 6640 6694 6696
f 6698 6638 6697
f 6697 6638 6641
f 6643 6616 6633
f 6633 6616 6619
f 6642 6699 6641
f 6641 6699 6697
f 6646 6645 6700
f 6700 6645 6621
f 6644 6701 6654
f 6654 6701 6702
f 6700 6703 6646
f 6646 6703 6648
f 6693 6704 6649
f 6649 6704 6647
f 6620 6623 6651
f 6651 6623 6652
f 6693 6649 6699
f 6699 6649 6650
f 6652 6623 6655
f 6655 6623 6622
f 6654 6702 6653
f 6653 6702 6697
f 6615 6614 6657
f 6657 6614 6658
f 6705 6656 6704
f 6704 6656 6659
f 6613 6706 6660
f 6660 6706 6661
f 6704 6659 6701
f 6701 6659 6663
f 6661 6706 6665
f 6665 6706 6707
f 6708 6702 6664
f 6664 6702 6662
f 6612 6615 6667
f 6667 6615 6657
f 6666 6709 6664
f 6664 6709 6708
f 6629 6710 6669
f 6669 6710 6670
f 6668 6711 6679
f 6679 6711 6712
f 6713 6672 6710
f 6710 6672 6670
f 6714 6671 6705
f 6705 6671 6673
f 6628 6631 6674
f 6674 6631 6675
f 6705 6673 6709
f 6709 6673 6677
f 6631 6630 6675
f 6675 6630 6678
f 6712 6708 6679
f 6679 6708 6676
f 6625 6715 6682
f 6682 6715 6683
f 6716 6717 6681
f 6681 6717 6691
f 6718 6684 6715
f 6715 6684 6683
f 6719 6680 6714
f 6714 6680 6685
f 6624 6627 6686
f 6686 6627 6687
f 6689 6711 6685
f 6685 6711 6714
f 6627 6626 6687
f 6687 6626 6690
f 6717 6712 6691
f 6691 6712 6688
f 6612 6707 6613
f 6613 6707 6706
f 6616 6696 6617
f 6617 6696 6694
f 6703 6700 6620
f 6620 6700 6621
f 6715 6625 6718
f 6718 6625 6624
f 6710 6629 6713
f 6713 6629 6628
f 6639 6635 6636
f 6636 6635 6634
f 6641 6640 6642
f 6642 6640 6643
f 6654 6655 6644
f 6644 6655 6645
f 6651 6650 6648
f 6648 6650 6649
f 6659 6658 6663
f 6663 6658 6660
f 6665 6667 6664
f 6664 6667 6666
f 6678 6669 6679
f 6679 6669 6668
f 6673 6672 6677
f 6677 6672 6674
f 6690 6682 6691
f 6691 6682 6681
f 6685 6684 6689
f 6689 6684 6686
f 6636 6634 6617
f 6617 6634 6618
f 6638 6698 6639
f 6639 6698 6695
f 6640 6696 6643
f 6643 6696 6616
f 6693 6699 6632
f 6632 6699 6642
f 6655 6622 6645
f 6645 6622 6621
f 6704 6701 6647
f 6647 6701 6644
f 6651 6648 6620
f 6620 6648 6703
f 6650 6653 6699
f 6699 6653 6697
f 6613 6660 6614
f 6614 6660 6658
f 6663 6662 6701
f 6701 6662 6702
f 6665 6707 6667
f 6667 6707 6612
f 6705 6709 6656
f 6656 6709 6666
f 6630 6629 6678
f 6678 6629 6669
f 6714 6711 6671
f 6671 6711 6668
f 6672 6713 6674
f 6674 6713 6628
f 6677 6676 6709
f 6709 6676 6708
f 6626 6625 6690
f 6690 6625 6682
f 6680 6719 6681
f 6681 6719 6716
f 6684 6718 6686
f 6686 6718 6624
f 6711 6689 6712
f 6689 6688 6712
f 6593 6720 6594
f 6594 6720 6721
f 6722 6720 4607
f 4607 6720 4849
f 6592 6723 6722
f 6722 6723 6724
f 4610 4609 6578
f 6578 4609 6575
f 6596 6595 6580
f 6580 6595 6579
f 4618 4617 6584
f 6584 4617 6581
f 6589 6585 6586
f 6586 6585 6606
f 4622 4619 6588
f 6588 4619 6589
f 4622 6588 4623
f 4623 6588 6590
f 4609 4645 6575
f 6575 4645 6593
f 4617 4612 6581
f 6581 4612 6579
f 5004 4610 6597
f 6597 4610 6578
f 4645 4849 6593
f 6593 4849 6720
f 6724 6721 6722
f 6722 6721 6720
f 6722 4607 6592
f 6592 4607 4606
f 6725 6610 6721
f 6721 6610 6594
f 6723 6726 6724
f 6724 6726 6727
f 6727 6725 6724
f 6724 6725 6721
f 6728 6729 6605
f 6605 6729 6608
f 6605 6607 6728
f 6728 6607 6730
f 6731 6732 6604
f 6604 6732 6603
f 6733 6734 6725
f 6725 6734 6610
f 6735 6733 6727
f 6727 6733 6725
f 6735 6727 6736
f 6736 6727 6726
f 6591 6609 6723
f 6723 6609 6726
f 6723 6592 6591
f 6591 6592 6590
f 6738 6739 6737
f 6737 6739 6740
f 6740 6739 6742
f 6742 6739 6741
f 6743 6744 6741
f 6741 6744 6742
f 6745 6746 6743
f 6743 6746 6744
f 6747 6748 6745
f 6745 6748 6746
f 6749 6750 6747
f 6747 6750 6748
f 6752 6738 6751
f 6751 6738 6737
f 6754 6752 6753
f 6753 6752 6751
f 6756 6754 6755
f 6755 6754 6753
f 6758 6750 6757
f 6757 6750 6749
f 6760 6756 6759
f 6759 6756 6755
f 6762 6760 6761
f 6761 6760 6759
f 6764 6762 6763
f 6763 6762 6761
f 6757 6764 6758
f 6758 6764 6763
f 6766 6741 6765
f 6765 6741 6739
f 6767 6743 6766
f 6766 6743 6741
f 6768 6745 6767
f 6767 6745 6743
f 6769 6747 6768
f 6768 6747 6745
f 6770 6749 6769
f 6769 6749 6747
f 6772 6769 6771
f 6771 6769 6768
f 6773 6770 6772
f 6772 6770 6769
f 6774 6775 6772
f 6772 6775 6773
f 6777 6778 6776
f 6776 6778 6779
f 6775 6774 6778
f 6778 6774 6779
f 6771 6780 6772
f 6772 6780 6774
f 6780 6781 6774
f 6774 6781 6779
f 6781 6782 6779
f 6779 6782 6776
f 6784 6785 6783
f 6783 6785 6786
f 6786 6787 6783
f 6783 6787 6788
f 6790 6788 6789
f 6789 6788 6787
f 6786 6785 6791
f 6791 6785 6792
f 6791 6793 6786
f 6786 6793 6787
f 6793 6794 6787
f 6787 6794 6789
f 6795 6796 6794
f 6794 6796 6789
f 6790 6789 6797
f 6797 6789 6796
f 6798 6765 6738
f 6738 6765 6739
f 6799 6798 6752
f 6752 6798 6738
f 6767 6800 6768
f 6768 6800 6771
f 6766 6801 6767
f 6767 6801 6800
f 6802 6801 6765
f 6765 6801 6766
f 6798 6803 6765
f 6765 6803 6802
f 6804 6803 6799
f 6799 6803 6798
f 6805 6806 6804
f 6804 6806 6803
f 6807 6799 6754
f 6754 6799 6752
f 6808 6804 6807
f 6807 6804 6799
f 6809 6805 6808
f 6808 6805 6804
f 6810 6811 6805
f 6805 6811 6806
f 6812 6813 6810
f 6810 6813 6811
f 6814 6815 6796
f 6796 6815 6797
f 6813 6814 6816
f 6816 6814 6817
f 6816 6818 6813
f 6813 6818 6811
f 6819 6806 6818
f 6818 6806 6811
f 6802 6803 6819
f 6819 6803 6806
f 6757 6749 6820
f 6820 6749 6770
f 6820 6770 6821
f 6821 6770 6773
f 6821 6773 6822
f 6822 6773 6775
f 6822 6775 6823
f 6823 6775 6778
f 6824 6823 6777
f 6777 6823 6778
f 6784 6825 6777
f 6777 6825 6824
f 6826 6827 6788
f 6788 6827 6783
f 6828 6826 6790
f 6790 6826 6788
f 6829 6828 6797
f 6797 6828 6790
f 6815 6830 6797
f 6797 6830 6829
f 6832 6812 6831
f 6831 6812 6810
f 6831 6810 6809
f 6809 6810 6805
f 6736 6800 6735
f 6735 6800 6801
f 6733 6735 6802
f 6802 6735 6801
f 6734 6733 6819
f 6819 6733 6802
f 6833 6734 6818
f 6818 6734 6819
f 6834 6833 6816
f 6816 6833 6818
f 6816 6817 6834
f 6834 6817 6835
f 6837 6795 6836
f 6836 6795 6794
f 6836 6794 6731
f 6731 6794 6793
f 6732 6731 6791
f 6791 6731 6793
f 6791 6792 6732
f 6732 6792 6730
f 6729 6728 6781
f 6781 6728 6782
f 6838 6807 6756
f 6756 6807 6754
f 6839 6838 6760
f 6760 6838 6756
f 6840 6839 6762
f 6762 6839 6760
f 6841 6840 6764
f 6764 6840 6762
f 6820 6841 6757
f 6757 6841 6764
f 6841 6820 6842
f 6842 6820 6821
f 6840 6841 6843
f 6843 6841 6842
f 6839 6840 6844
f 6844 6840 6843
f 6838 6839 6845
f 6845 6839 6844
f 6807 6838 6808
f 6808 6838 6845
f 6842 6821 6846
f 6846 6821 6822
f 6843 6842 6847
f 6847 6842 6846
f 6844 6843 6848
f 6848 6843 6847
f 6845 6844 6849
f 6849 6844 6848
f 6808 6845 6809
f 6809 6845 6849
f 6850 6831 6849
f 6849 6831 6809
f 6851 6850 6848
f 6848 6850 6849
f 6847 6852 6848
f 6848 6852 6851
f 6853 6852 6846
f 6846 6852 6847
f 6846 6822 6853
f 6853 6822 6823
f 6853 6823 6854
f 6854 6823 6824
f 6854 6855 6853
f 6853 6855 6852
f 6856 6851 6855
f 6855 6851 6852
f 6856 6857 6851
f 6851 6857 6850
f 6857 6832 6850
f 6850 6832 6831
f 6825 6858 6824
f 6824 6858 6854
f 6860 6827 6859
f 6859 6827 6826
f 6859 6826 6861
f 6861 6826 6828
f 6862 6861 6829
f 6829 6861 6828
f 6830 6863 6829
f 6829 6863 6862
f 6863 6864 6862
f 6862 6864 6865
f 6858 6866 6854
f 6854 6866 6855
f 6867 6865 6866
f 6866 6865 6864
f 6869 6859 6868
f 6868 6859 6861
f 6867 6869 6865
f 6865 6869 6868
f 6861 6862 6868
f 6868 6862 6865
f 6867 6860 6869
f 6869 6860 6859
f 6753 6751 6698
f 6698 6751 6695
f 6697 6755 6698
f 6698 6755 6753
f 6759 6755 6702
f 6702 6755 6697
f 6761 6759 6708
f 6708 6759 6702
f 6763 6761 6712
f 6712 6761 6708
f 6758 6763 6717
f 6717 6763 6712
f 6750 6758 6716
f 6716 6758 6717
f 6719 6748 6716
f 6716 6748 6750
f 6714 6746 6719
f 6719 6746 6748
f 6705 6744 6714
f 6714 6744 6746
f 6704 6742 6705
f 6705 6742 6744
f 6740 6742 6693
f 6693 6742 6704
f 6737 6740 6692
f 6692 6740 6693
f 6751 6737 6695
f 6695 6737 6692
f 6601 6602 6836
f 6836 6602 6837
f 6604 6601 6731
f 6731 6601 6836
f 6599 6600 6834
f 6834 6600 6833
f 6834 6835 6599
f 6599 6835 6611
f 6600 6610 6833
f 6833 6610 6734
f 6780 6771 6870
f 6870 6771 6736
f 6736 6771 6800
f 6870 6729 6780
f 6780 6729 6781
f 6608 6729 6609
f 6609 6729 6870
f 6609 6870 6726
f 6726 6870 6736
f 5014 5015 5229
f 5229 5015 5230
f 4258 5015 4259
f 4259 5015 4878
f 3471 3013 4703
f 4703 3013 4704
f 2879 6337 1306
f 1306 6337 4785
f 829 3471 4316
f 4316 3471 4703
f 4702 3472 5223
f 5223 3472 1756
f 6871 6872 4534
f 4534 6872 4535
f 6871 4665 6872
f 6872 4665 4844
f 6871 6873 4665
f 4665 6873 4559
f 6871 4534 6873
f 6873 4534 4542
f 4153 4152 4822
f 4822 4152 4407
f 4152 4168 4407
f 4407 4168 4342
f 4343 4168 4923
f 4923 4168 4167
f 4363 4362 4972
f 4972 4362 4840
f 4362 4394 4840
f 4840 4394 4839
f 4401 4400 4986
f 4986 4400 4984
f 4435 4434 4841
f 4841 4434 4842
f 4506 4505 4530
f 4530 4505 4531
f 4506 4535 4507
f 4507 4535 4843
f 4661 4660 4516
f 4516 4660 4517
f 4673 4672 4937
f 4937 4672 6547
f 4400 4924 4984
f 4984 4924 5263
f 4673 4660 4674
f 4674 4660 4659
f 4505 4661 4531
f 4531 4661 4516
f 4952 4401 6874
f 6874 4401 4986
f 4954 4153 6875
f 6875 4153 4822
f 4363 4973 4364
f 4364 4973 4974
f 5264 4924 5267
f 5267 4924 4691
f 6293 6292 6876
f 6876 6292 6877
f 6380 4343 6387
f 6387 4343 4923
f 4394 4435 4839
f 4839 4435 4841
f 4672 4434 6547
f 6547 4434 4433
f 4973 6556 4974
f 4974 6556 6878
f 6567 6380 6574
f 6574 6380 6387
f 6292 4954 6877
f 6877 4954 6875
f 6567 5264 6568
f 6568 5264 5267
f 4145 4144 4154
f 4154 4144 4151
f 4194 4144 4425
f 4425 4144 4143
f 4355 4354 5263
f 5263 4354 4984
f 4360 4359 4364
f 4364 4359 4361
f 4444 4359 4392
f 4392 4359 4337
f 4447 4446 4432
f 4432 4446 4433
f 4464 4463 6547
f 6547 4463 4937
f 4519 4518 4654
f 4654 4518 4509
f 4533 4532 4499
f 4499 4532 4498
f 4533 4542 4530
f 4530 4542 4534
f 4519 4532 4516
f 4516 4532 4531
f 4922 4194 4426
f 4426 4194 4425
f 4463 4518 4937
f 4937 4518 4517
f 6555 4951 6874
f 6874 4951 6878
f 4958 4957 6290
f 6290 4957 6291
f 4334 4360 4712
f 4712 4360 4950
f 4985 4354 4419
f 4419 4354 4353
f 5262 4355 5265
f 5265 4355 5263
f 6294 4958 4804
f 4804 4958 6290
f 6386 4922 6384
f 6384 4922 4426
f 4444 4447 4393
f 4393 4447 4432
f 4464 4446 4465
f 4465 4446 4445
f 4985 6555 4986
f 4986 6555 6874
f 6573 6386 6571
f 6571 6386 6384
f 4145 6294 4146
f 4146 6294 4804
f 6573 5262 6574
f 6574 5262 5265
f 4542 4541 6873
f 6873 4541 4559
f 4535 6872 4843
f 4843 6872 4844
f 4104 4103 6879
f 6879 4103 6343
f 4105 6293 6307
f 6307 6293 6876
f 4104 4956 4105
f 4105 4956 6293
f 4956 4104 4957
f 4957 4104 6879
f 4957 6879 6291
f 6291 6879 6309
f 4648 4988 4649
f 4649 4988 4953
f 4802 4803 4928
f 4928 4803 6550
f 6550 4803 6555
f 6555 4803 4951
f 1516 3173 4987
f 4987 3173 5006
f 6519 6518 6558
f 6558 6518 6510
f 6527 6519 6559
f 6559 6519 6558
f 6528 6560 6529
f 6529 6560 6541
f 6548 4625 6549
f 6549 4625 4624
f 6551 6552 4746
f 4746 6552 6505
f 6553 4711 6554
f 6554 4711 4710
f 4802 6551 4713
f 4713 6551 4746
f 6556 4973 4649
f 4649 4973 4646
f 6557 4949 6548
f 6548 4949 4625
f 4648 4647 6553
f 6553 4647 4711
f 6549 4624 4987
f 4987 4624 4838
f 6552 6518 6505
f 6505 6518 6507
f 6561 4372 6529
f 6529 4372 6514
f 6562 4369 6561
f 6561 4369 4372
f 3142 3482 6562
f 6562 3482 4369
f 6556 4952 6878
f 6878 4952 6874
f 4951 4950 6878
f 6878 4950 4974
f 3168 440 3952
f 4204 4203 5341
f 5341 4203 6364
f 4219 4222 6429
f 6429 4222 4383
f 4319 4322 6506
f 6506 4322 4747
f 4340 4714 4341
f 4341 4714 4384
f 4375 4377 6388
f 6388 4377 6546
f 4378 4381 6311
f 6311 4381 4720
f 4449 4341 4387
f 4387 4341 4384
f 4473 4472 4477
f 4477 4472 4474
f 4492 4491 4487
f 4487 4491 4488
f 4523 4491 4522
f 4522 4491 4490
f 4492 4538 4493
f 4493 4538 4555
f 4538 4553 4555
f 4555 4553 4556
f 4620 4615 4621
f 4621 4615 4618
f 4652 4651 4368
f 4368 4651 4365
f 4523 4655 4524
f 4524 4655 4656
f 4553 4667 4556
f 4556 4667 4571
f 4651 1210 4365
f 4365 1210 1209
f 4698 4697 5223
f 5223 4697 6344
f 4340 4339 4322
f 4322 4339 4747
f 4726 4729 5287
f 5287 4729 4198
f 4381 4380 4737
f 4737 4380 6368
f 4836 4835 4451
f 4451 4835 4709
f 4910 6367 4911
f 4911 6367 6366
f 4912 4915 6450
f 6450 4915 6449
f 4927 4836 4450
f 4450 4836 4451
f 4930 4929 4439
f 4439 4929 4436
f 4936 4935 4459
f 4459 4935 4456
f 4473 4655 4470
f 4470 4655 4510
f 4942 4583 4943
f 4943 4583 4572
f 4948 4601 4947
f 4947 4601 4584
f 4949 4835 4625
f 4625 4835 4626
f 4966 4969 6289
f 6289 4969 4695
f 4971 4652 4926
f 4926 4652 4368
f 4203 4977 6364
f 6364 4977 6365
f 4990 4989 4443
f 4443 4989 4440
f 4990 4991 4478
f 4478 4991 4512
f 4992 4991 4528
f 4528 4991 4515
f 4992 4993 4527
f 4527 4993 4485
f 4994 4993 4502
f 4502 4993 4503
f 4994 4995 4482
f 4482 4995 4550
f 4543 4996 4544
f 4544 4996 4995
f 4999 4998 4567
f 4567 4998 4578
f 5000 4998 4575
f 4575 4998 4997
f 5002 5001 4592
f 4592 5001 4574
f 5003 5004 4614
f 4614 5004 4611
f 3483 4215 1755
f 1755 4215 4698
f 5274 5277 4195
f 4195 5277 4223
f 4726 5295 4727
f 4727 5295 6350
f 5309 5342 5310
f 5310 5342 6363
f 5315 5314 5316
f 5316 5314 5317
f 5339 6362 5340
f 5340 6362 5363
f 5310 6363 5339
f 5339 6363 6362
f 4204 5309 4201
f 4201 5309 5308
f 4915 5345 6449
f 6449 5345 6448
f 5345 5315 6448
f 6448 5315 5316
f 5348 5347 6351
f 6351 5347 6352
f 5365 4263 5340
f 5340 4263 4262
f 6295 6298 4733
f 4733 6298 4734
f 4969 6306 4695
f 4695 6306 4696
f 6306 4378 4696
f 4696 4378 6311
f 6369 6372 6544
f 6544 6372 6545
f 4375 6390 4373
f 4373 6390 4374
f 6421 6422 4911
f 4911 6422 4908
f 4910 4909 4737
f 4737 4909 4736
f 5277 4219 4223
f 4223 4219 6429
f 4697 4222 6344
f 6344 4222 4221
f 6436 6361 6437
f 6437 6361 6360
f 6438 6440 6437
f 6437 6440 6434
f 6438 6359 6441
f 6441 6359 6358
f 6442 6441 6357
f 6357 6441 6358
f 6442 6444 6443
f 6443 6444 6445
f 6446 6444 6355
f 6355 6444 6356
f 6446 4912 6447
f 6447 4912 6450
f 6436 6435 5365
f 5365 6435 4263
f 5314 5347 5317
f 5317 5347 5346
f 4319 6512 4320
f 4320 6512 6513
f 6520 6512 6521
f 6521 6512 6508
f 6528 6520 6527
f 6527 6520 6521
f 6532 6539 6533
f 6533 6539 6535
f 6533 6535 6537
f 6537 6535 6534
f 6538 6543 6537
f 6537 6543 6536
f 6295 4377 6296
f 6296 4377 4376
f 4989 4930 4440
f 4440 4930 4439
f 4927 4929 4422
f 4422 4929 4455
f 4449 4936 4388
f 4388 4936 4459
f 4472 4935 4474
f 4474 4935 4932
f 4942 4940 4947
f 4947 4940 4939
f 5001 5000 4574
f 4574 5000 4575
f 4669 4943 4666
f 4666 4943 4667
f 4996 4999 4547
f 4547 4999 4567
f 4948 4946 4620
f 4620 4946 4615
f 5003 5002 4591
f 4591 5002 4592
f 6557 4971 6554
f 6554 4971 4926
f 6532 6560 6539
f 6539 6560 6559
f 6390 6372 4374
f 4374 6372 6371
f 4966 6298 4967
f 4967 6298 6297
f 6538 6526 6369
f 6369 6526 6370
f 6585 6589 4621
f 4621 6589 4619
f 6597 6578 6598
f 6598 6578 6577
f 6606 6583 6607
f 6607 6583 6603
f 6611 6602 6598
f 6598 6602 6596
f 6585 6584 6606
f 6606 6584 6583
f 6597 6580 5004
f 5004 6580 4611
f 6607 6603 6730
f 6730 6603 6732
f 6776 6785 6777
f 6777 6785 6784
f 6785 6776 6792
f 6792 6776 6782
f 6815 6814 6812
f 6812 6814 6813
f 6817 6814 6795
f 6795 6814 6796
f 6825 6784 6827
f 6827 6784 6783
f 6830 6815 6832
f 6832 6815 6812
f 6817 6795 6835
f 6835 6795 6837
f 6792 6782 6730
f 6730 6782 6728
f 6858 6825 6860
f 6860 6825 6827
f 6863 6830 6857
f 6857 6830 6832
f 6864 6863 6856
f 6856 6863 6857
f 6866 6858 6867
f 6867 6858 6860
f 6866 6864 6855
f 6855 6864 6856
f 6835 6837 6611
f 6611 6837 6602
f 6560 6528 6559
f 6559 6528 6527
f 4949 6557 4710
f 4710 6557 6554
f 4430 4090 4175
f 4175 4090 4089
f 4777 4113 4155
f 4155 4113 4086
f 4175 4089 4176
f 4176 4089 4142
f 4199 4271 4200
f 4200 4271 4798
f 4199 4095 4272
f 4272 4095 5273
f 4406 4405 4404
f 4404 4405 4346
f 4410 4409 6877
f 6877 4409 6876
f 4409 4413 6876
f 6876 4413 6307
f 4415 4148 4416
f 4416 4148 4147
f 4690 4405 4344
f 4344 4405 4342
f 4693 4692 4352
f 4352 4692 4349
f 4701 4700 6337
f 6337 4700 6338
f 4778 4777 4081
f 4081 4777 4155
f 4821 4406 4809
f 4809 4406 4404
f 4176 4142 4181
f 4181 4142 4415
f 4760 4970 4399
f 4399 4970 4692
f 4200 5007 4096
f 4096 5007 4078
f 5266 4693 5269
f 5269 4693 4352
f 5270 5007 5361
f 5361 5007 4797
f 4778 5270 4779
f 4779 5270 5361
f 6285 4410 6875
f 6875 4410 6877
f 6308 4413 4687
f 4687 4413 4412
f 6480 6320 6481
f 6481 6320 6880
f 4701 2878 4702
f 4702 2878 3472
f 6339 6347 6340
f 6340 6347 6348
f 6341 6342 6346
f 6346 6342 6345
f 4416 6308 4414
f 4414 6308 4687
f 6385 4690 6381
f 6381 4690 4344
f 5282 6341 5280
f 5280 6341 6339
f 4700 6342 6338
f 6338 6342 5281
f 6340 6348 4272
f 4272 6348 4270
f 6480 6479 4828
f 4828 6479 4829
f 6490 6479 6489
f 6489 6479 6478
f 4090 4430 6490
f 6490 4430 4429
f 6563 6564 4970
f 4970 6564 4815
f 4694 6566 4366
f 4366 6566 6563
f 6572 6385 6568
f 6568 6385 6381
f 4821 6285 4822
f 4822 6285 6875
f 6572 5266 6569
f 6569 5266 5269
f 3482 3103 4369
f 4369 3103 4370
f 3121 4730 3485
f 3485 4730 4327
f 6277 6280 6273
f 6273 6280 6272
f 6267 6276 6278
f 6278 6276 6279
f 6278 6279 6277
f 6277 6279 6280
f 6279 6256 6280
f 6280 6256 6255
f 6256 3857 6255
f 6255 3857 3754
f 3857 3856 3754
f 3754 3856 3755
f 3856 3703 3755
f 3755 3703 3863
f 3703 3702 3863
f 3863 3702 3759
f 3702 3706 3759
f 3759 3706 3670
f 3706 3705 3670
f 3670 3705 3668
f 3705 3773 3668
f 3668 3773 3882
f 3882 3773 3883
f 3883 3773 3707
f 3707 3708 3883
f 3883 3708 3880
f 3708 3710 3880
f 3880 3710 3881
f 3709 5241 3710
f 3710 5241 3881
f 5241 3709 5234
f 5234 3709 3786
f 3693 3712 3786
f 3786 3712 5234
f 4051 4055 4052
f 4052 4055 4056
f 4056 4055 4057
f 4057 4055 4054
f 4066 5238 5236
f 5236 5238 3989
f 4066 4069 5238
f 5238 4069 4035
f 6881 3962 3960
f 3960 3962 3957
f 6883 4070 6882
f 6882 4070 3941
f 4070 6883 4071
f 4071 6883 6884
f 4071 6884 4072
f 4072 6884 6885
f 6885 6886 4072
f 4072 6886 4031
f 3955 6881 3956
f 3956 6881 3960
f 6884 3991 6885
f 6885 3991 3990
f 6883 6887 6884
f 6884 6887 3991
f 6887 6888 3991
f 3991 6888 3992
f 6888 6887 6889
f 6889 6887 6890
f 6887 6883 6890
f 6890 6883 6882
f 4058 5240 3953
f 3953 5240 3954
f 5236 6888 5239
f 5239 6888 6889
f 5237 6886 3990
f 3990 6886 6885
f 4034 4031 5237
f 5237 4031 6886
f 6881 6882 3962
f 3962 6882 3941
f 6881 3955 6882
f 6882 3955 6890
f 3955 3954 6890
f 6890 3954 6889
f 5239 6889 5240
f 5240 6889 3954
f 6888 5236 3992
f 3992 5236 3989
f 3869 3868 3888
f 3888 3868 4015
f 3868 4012 4015
f 4015 4012 4010
f 4012 4022 4010
f 4010 4022 4009
f 4022 4021 4009
f 4009 4021 4018
f 4020 3974 4001
f 4001 3974 3996
f 4021 4020 4029
f 4029 4020 4001
f 4085 4156 4086
f 4086 4156 4155
f 4113 4777 4114
f 4114 4777 4776
f 4130 4129 4094
f 4094 4129 4091
f 4139 4773 4140
f 4140 4773 4772
f 4149 4178 4150
f 4150 4178 5225
f 4160 4159 4087
f 4087 4159 4088
f 4149 4148 4179
f 4179 4148 4141
f 4085 4084 4183
f 4183 4084 6315
f 4179 4141 4159
f 4159 4141 4088
f 4192 4130 4162
f 4162 4130 4094
f 4197 5288 4198
f 4198 5288 5287
f 4229 4766 4230
f 4230 4766 4771
f 4245 4246 4242
f 4242 4246 4249
f 4183 6315 4418
f 4418 6315 6314
f 4679 4178 4680
f 4680 4178 4177
f 4724 4798 4725
f 4725 4798 4271
f 4728 5275 4729
f 4729 5275 5274
f 4230 4771 4249
f 4249 4771 4242
f 4724 4723 4799
f 4799 4723 5355
f 4823 4824 4891
f 4891 4824 6327
f 4823 4192 4161
f 4161 4192 4162
f 4893 4767 4229
f 4229 4767 4766
f 4894 4895 4898
f 4898 4895 4899
f 4106 4150 4103
f 4103 4150 5225
f 4680 4894 4677
f 4677 4894 4898
f 6420 4977 5301
f 5301 4977 4976
f 4679 4678 5226
f 5226 4678 4427
f 5228 5008 4893
f 4893 5008 4767
f 5285 6354 5286
f 5286 6354 5343
f 5289 5352 5290
f 5290 5352 5349
f 5290 5349 5295
f 5295 5349 5348
f 5302 5299 4202
f 4202 5299 4976
f 4725 4271 5311
f 5311 4271 4270
f 5325 4723 5326
f 5326 4723 4722
f 5335 5355 5325
f 5325 5355 4723
f 5326 4722 5286
f 5286 4722 5283
f 4799 5357 4797
f 4797 5357 5361
f 5359 5356 5335
f 5335 5356 5355
f 4775 4774 5356
f 5356 4774 5357
f 5359 5358 4092
f 4092 5358 4093
f 6316 4740 6317
f 6317 4740 4739
f 6318 4827 6316
f 6316 4827 4740
f 6319 4828 6318
f 6318 4828 4827
f 6320 6480 6319
f 6319 6480 4828
f 6484 6322 6485
f 6485 6322 6321
f 6487 6324 6331
f 6331 6324 6323
f 6331 6323 6330
f 6330 6323 6325
f 6325 6326 6330
f 6330 6326 6329
f 6326 6328 6329
f 6329 6328 5231
f 4824 4685 5228
f 5228 4685 5008
f 5226 6343 5225
f 5225 6343 4103
f 4728 4727 6349
f 6349 4727 5284
f 6350 6351 5285
f 5285 6351 6354
f 4247 4246 6418
f 6418 4246 6365
f 6400 6402 6401
f 6401 6402 6459
f 4197 4196 6409
f 6409 4196 6426
f 6412 4897 6328
f 6328 4897 5231
f 6413 4133 6412
f 6412 4133 4897
f 6414 4134 6413
f 6413 4134 4133
f 6415 4225 6414
f 6414 4225 4134
f 6416 4252 6415
f 6415 4252 4225
f 6417 4253 6416
f 6416 4253 4252
f 4253 6417 6366
f 6366 6417 6419
f 6366 6419 4911
f 4911 6419 6421
f 6422 6423 4908
f 4908 6423 5298
f 5298 6423 6396
f 6396 6423 6424
f 6409 6426 6425
f 6425 6426 6397
f 5300 5299 6399
f 6399 5299 6400
f 6465 6408 6401
f 6401 6408 6398
f 6424 6399 6425
f 6425 6399 6398
f 6349 5284 5311
f 5311 5284 5283
f 6465 6464 5289
f 5289 6464 5352
f 6488 6483 6492
f 6492 6483 6482
f 6486 6491 6482
f 6482 6491 6492
f 6491 4895 6492
f 6492 4895 4157
f 6488 4160 6489
f 6489 4160 4087
f 6501 6502 4418
f 4418 6502 4417
f 6504 6500 6317
f 6317 6500 6314
f 3497 3496 6501
f 6501 3496 6502
f 3499 3498 6504
f 6504 3498 6500
f 4729 5274 4198
f 4198 5274 4195
f 6418 6365 6420
f 6420 6365 4977
f 5295 5348 6350
f 6350 5348 6351
f 5301 6422 6420
f 6420 6422 6421
f 4113 4112 4086
f 4086 4112 4083
f 6320 4112 6880
f 6880 4112 4111
f 4091 4772 4092
f 4092 4772 4775
f 4129 4140 4091
f 4091 4140 4772
f 4137 4140 4128
f 4128 4140 4129
f 4128 6324 4137
f 4137 6324 6321
f 6324 6487 6321
f 6321 6487 6485
f 6487 6486 6485
f 6485 6486 6482
f 4774 4773 4779
f 4779 4773 4776
f 4773 4139 4776
f 4776 4139 4114
f 4139 4138 4114
f 4114 4138 4111
f 4138 6322 4111
f 4111 6322 6880
f 6322 6484 6880
f 6880 6484 6481
f 6484 6483 6481
f 6481 6483 6478
f 6879 6343 6309
f 6309 6343 4428
f 4106 4105 4900
f 4900 4105 6307
f 3500 3167 6495
f 6495 3167 6496
f 3500 6495 3070
f 3070 6495 5368
f 3502 5235 3501
f 3501 5235 4813
f 3024 3503 6473
f 6473 3503 6474
f 3503 3023 6474
f 6474 3023 6374
f 3504 1770 4348
f 4348 1770 4345
f 3502 3505 5235
f 5235 3505 4810
f 3498 3497 6500
f 6500 3497 6501
f 3496 3075 6502
f 6502 3075 6275
f 6299 4254 3174
f 3174 4254 3017
f 1769 3501 4814
f 4814 3501 4813
f 3506 3018 6476
f 6476 3018 4257
f 3507 3499 6499
f 6499 3499 6504
f 3030 4216 3483
f 3483 4216 4215
f 3077 3507 6333
f 6333 3507 6499
f 1784 3160 5249
f 5249 3160 6523
f 3015 3506 4240
f 4240 3506 6476
f 3508 3504 6383
f 6383 3504 4348
f 3509 3016 6477
f 6477 3016 4239
f 3028 3509 6467
f 6467 3509 6477
f 3022 1785 5246
f 5246 1785 5247
f 3161 3508 6570
f 6570 3508 6383
f 3150 3149 4694
f 4694 3149 6566
f 1327 4807 3510
f 3510 4807 4811
f 3510 4811 3505
f 3505 4811 4810
f 3146 3511 4816
f 4816 3511 4350
f 3511 1808 4350
f 4350 1808 4351
f 3485 4327 3159
f 3159 4327 4330
f 1326 3512 4806
f 4806 3512 6310
f 3512 1331 6310
f 6310 1331 4688

