# https://github.com/mikedh/trimesh
v 0.12055615 0.73306918 -49.53974915 0.65098039 0.74117647 0.85882353
v 0.11363219 0.71930718 -49.53394699 0.65098039 0.74117647 0.85882353
v 0.12217516 0.71537107 -49.54474258 0.65098039 0.74117647 0.85882353
v 0.12803909 0.72544765 -49.55326843 0.65098039 0.74117647 0.85882353
v 0.11831978 0.70627022 -49.53943634 0.65098039 0.74117647 0.85882353
v 0.10990907 0.70816046 -49.53117752 0.65098039 0.74117647 0.85882353
v 0.12663876 0.70940173 -49.55629349 0.65098039 0.74117647 0.85882353
v 0.13132411 0.71635568 -49.56662750 0.65098039 0.74117647 0.85882353
v 0.12444239 0.67440224 -49.57179642 0.65098039 0.74117647 0.85882353
v 0.12669842 0.67023373 -49.58188629 0.65098039 0.74117647 0.85882353
v 0.12797834 0.68251061 -49.57946014 0.65098039 0.74117647 0.85882353
v 0.12467481 0.68335736 -49.56996536 0.65098039 0.74117647 0.85882353
v 0.12018006 0.64895177 -49.57619095 0.65098039 0.74117647 0.85882353
v 0.11435439 0.63970888 -49.56785965 0.65098039 0.74117647 0.85882353
v 0.11352351 0.63150412 -49.57787704 0.65098039 0.74117647 0.85882353
v 0.11810470 0.64037269 -49.58703232 0.65098039 0.74117647 0.85882353
v 0.08950572 0.65485334 -49.53883743 0.65098039 0.74117647 0.85882353
v 0.09315551 0.64793396 -49.54152679 0.65098039 0.74117647 0.85882353
v 0.09774487 0.65426278 -49.54269409 0.65098039 0.74117647 0.85882353
v 0.09296911 0.66048241 -49.54037476 0.65098039 0.74117647 0.85882353
v 0.08313306 0.66504323 -49.53024292 0.65098039 0.74117647 0.85882353
v 0.08419693 0.67066211 -49.53345108 0.65098039 0.74117647 0.85882353
v 0.08125214 0.67453629 -49.52709961 0.65098039 0.74117647 0.85882353
v 0.08094315 0.66803759 -49.52321243 0.65098039 0.74117647 0.85882353
v 0.08363290 0.65009463 -49.53786087 0.65098039 0.74117647 0.85882353
v 0.08746924 0.64303303 -49.54102325 0.65098039 0.74117647 0.85882353
v 0.08618415 0.66079479 -49.53599548 0.65098039 0.74117647 0.85882353
v 0.08396827 0.65654898 -49.53364944 0.65098039 0.74117647 0.85882353
v 0.08236468 0.64975607 -49.52304840 0.65098039 0.74117647 0.85882353
v 0.08427370 0.65446192 -49.52454376 0.65098039 0.74117647 0.85882353
v 0.08249523 0.65538251 -49.51697922 0.65098039 0.74117647 0.85882353
v 0.08035557 0.64992893 -49.51766205 0.65098039 0.74117647 0.85882353
v 0.08325334 0.64959121 -49.53280640 0.65098039 0.74117647 0.85882353
v 0.08476370 0.65226954 -49.53000259 0.65098039 0.74117647 0.85882353
v 0.08222348 0.64859939 -49.52742004 0.65098039 0.74117647 0.85882353
v 0.07981734 0.64687026 -49.53039551 0.65098039 0.74117647 0.85882353
v 0.08251540 0.66066575 -49.52762604 0.65098039 0.74117647 0.85882353
v 0.08146489 0.66224664 -49.51993561 0.65098039 0.74117647 0.85882353
v 0.07908829 0.66349554 -49.51215744 0.65098039 0.74117647 0.85882353
v 0.07924901 0.65479553 -49.50947571 0.65098039 0.74117647 0.85882353
v 0.10026957 0.63408804 -49.55046844 0.65098039 0.74117647 0.85882353
v 0.09735056 0.64112246 -49.54521561 0.65098039 0.74117647 0.85882353
v 0.09171873 0.63665676 -49.54414749 0.65098039 0.74117647 0.85882353
v 0.09489849 0.63088906 -49.54809189 0.65098039 0.74117647 0.85882353
v 0.07975024 0.64401114 -49.53416443 0.65098039 0.74117647 0.85882353
v 0.08036257 0.62789607 -49.53594589 0.65098039 0.74117647 0.85882353
v 0.08126295 0.63166422 -49.53562164 0.65098039 0.74117647 0.85882353
v 0.07644505 0.63279319 -49.53039169 0.65098039 0.74117647 0.85882353
v 0.07605469 0.62920916 -49.53109741 0.65098039 0.74117647 0.85882353
v 0.10117089 0.62014872 -49.56080627 0.65098039 0.74117647 0.85882353
v 0.09638563 0.61918014 -49.55563354 0.65098039 0.74117647 0.85882353
v 0.09505184 0.61260009 -49.55867767 0.65098039 0.74117647 0.85882353
v 0.09861760 0.61247969 -49.56483841 0.65098039 0.74117647 0.85882353
v 0.09111593 0.60712636 -49.55956268 0.65098039 0.74117647 0.85882353
v 0.09482633 0.60514104 -49.56816483 0.65098039 0.74117647 0.85882353
v 0.08327259 0.59160089 -49.56766129 0.65098039 0.74117647 0.85882353
v 0.08891535 0.59755468 -49.56812668 0.65098039 0.74117647 0.85882353
v 0.08631517 0.60183561 -49.55898285 0.65098039 0.74117647 0.85882353
v 0.08074223 0.59664685 -49.55553436 0.65098039 0.74117647 0.85882353
v 0.07241503 0.60188937 -49.54445267 0.65098039 0.74117647 0.85882353
v 0.06710331 0.60091054 -49.54086304 0.65098039 0.74117647 0.85882353
v 0.06859826 0.58840358 -49.54515076 0.65098039 0.74117647 0.85882353
v 0.07439224 0.59162670 -49.54976654 0.65098039 0.74117647 0.85882353
v 0.07844669 0.62231684 -49.54043961 0.65098039 0.74117647 0.85882353
v 0.08165099 0.62227279 -49.54399872 0.65098039 0.74117647 0.85882353
v 0.08271851 0.62342203 -49.54166412 0.65098039 0.74117647 0.85882353
v 0.07961994 0.62464529 -49.53755951 0.65098039 0.74117647 0.85882353
v 0.08464893 0.62199122 -49.54663467 0.65098039 0.74117647 0.85882353
v 0.08603651 0.62167251 -49.54772568 0.65098039 0.74117647 0.85882353
v 0.08636560 0.62278324 -49.54637909 0.65098039 0.74117647 0.85882353
v 0.08490389 0.62273031 -49.54595566 0.65098039 0.74117647 0.85882353
v 0.08307387 0.62250203 -49.54497147 0.65098039 0.74117647 0.85882353
v 0.08176839 0.62069339 -49.54457474 0.65098039 0.74117647 0.85882353
v 0.08371859 0.62125623 -49.54600143 0.65098039 0.74117647 0.85882353
v 0.07887259 0.61986947 -49.54109573 0.65098039 0.74117647 0.85882353
v 0.06773054 0.61816025 -49.53116226 0.65098039 0.74117647 0.85882353
v 0.07150549 0.61821645 -49.53300858 0.65098039 0.74117647 0.85882353
v 0.07061913 0.62292361 -49.53343201 0.65098039 0.74117647 0.85882353
v 0.06744712 0.62319094 -49.53175735 0.65098039 0.74117647 0.85882353
v 0.08530512 0.62477583 -49.54410172 0.65098039 0.74117647 0.85882353
v 0.08799986 0.62592840 -49.54505157 0.65098039 0.74117647 0.85882353
v 0.08551969 0.62866998 -49.54077530 0.65098039 0.74117647 0.85882353
v 0.08383368 0.62607908 -49.54119873 0.65098039 0.74117647 0.85882353
v 0.09086216 0.62767124 -49.54584122 0.65098039 0.74117647 0.85882353
v 0.08857719 0.62389743 -49.54742432 0.65098039 0.74117647 0.85882353
v 0.09128994 0.62448764 -49.54873657 0.65098039 0.74117647 0.85882353
v 0.08511896 0.62008405 -49.54777908 0.65098039 0.74117647 0.85882353
v 0.08705156 0.61842525 -49.55004501 0.65098039 0.74117647 0.85882353
v 0.08843353 0.62075156 -49.54889679 0.65098039 0.74117647 0.85882353
v 0.08455238 0.61540008 -49.54946136 0.65098039 0.74117647 0.85882353
v 0.08255770 0.61834431 -49.54647827 0.65098039 0.74117647 0.85882353
v 0.07946118 0.61648881 -49.54319000 0.65098039 0.74117647 0.85882353
v 0.07561533 0.61484706 -49.53886795 0.65098039 0.74117647 0.85882353
v 0.07637627 0.61024630 -49.54293060 0.65098039 0.74117647 0.85882353
v 0.08088744 0.61252058 -49.54680252 0.65098039 0.74117647 0.85882353
v 0.08768262 0.63262528 -49.54185867 0.65098039 0.74117647 0.85882353
v 0.09184095 0.62003970 -49.55184555 0.65098039 0.74117647 0.85882353
v 0.09613557 0.62588465 -49.55206299 0.65098039 0.74117647 0.85882353
v 0.09055660 0.61551672 -49.55333328 0.65098039 0.74117647 0.85882353
v 0.08757734 0.61136568 -49.55359268 0.65098039 0.74117647 0.85882353
v 0.08273493 0.60737914 -49.55205536 0.65098039 0.74117647 0.85882353
v 0.07791455 0.60434234 -49.54825974 0.65098039 0.74117647 0.85882353
v 0.06658927 0.58080530 -49.55800629 0.65098039 0.74117647 0.85882353
v 0.07445087 0.58526325 -49.56215286 0.65098039 0.74117647 0.85882353
v 0.10660990 0.70131183 -49.53427887 0.65098039 0.74117647 0.85882353
v 0.11427049 0.69981217 -49.53855133 0.65098039 0.74117647 0.85882353
v 0.11258514 0.69237888 -49.54407883 0.65098039 0.74117647 0.85882353
v 0.11482447 0.69453418 -49.54438400 0.65098039 0.74117647 0.85882353
v 0.11036811 0.69643873 -49.54026031 0.65098039 0.74117647 0.85882353
v 0.10927504 0.69360763 -49.54100800 0.65098039 0.74117647 0.85882353
v 0.12089801 0.68538713 -49.56281662 0.65098039 0.74117647 0.85882353
v 0.11775871 0.68716168 -49.55702591 0.65098039 0.74117647 0.85882353
v 0.11677995 0.68352318 -49.55905533 0.65098039 0.74117647 0.85882353
v 0.12103198 0.67872274 -49.56449509 0.65098039 0.74117647 0.85882353
v 0.10988498 0.67604357 -49.55175400 0.65098039 0.74117647 0.85882353
v 0.11333095 0.67722416 -49.55572128 0.65098039 0.74117647 0.85882353
v 0.11177942 0.68388844 -49.55137253 0.65098039 0.74117647 0.85882353
v 0.10922918 0.68306631 -49.54849625 0.65098039 0.74117647 0.85882353
v 0.10597357 0.68286610 -49.54593277 0.65098039 0.74117647 0.85882353
v 0.10210680 0.68317097 -49.54391861 0.65098039 0.74117647 0.85882353
v 0.10145261 0.67795289 -49.54513931 0.65098039 0.74117647 0.85882353
v 0.10576119 0.67665923 -49.54810715 0.65098039 0.74117647 0.85882353
v 0.10452555 0.69823468 -49.53792191 0.65098039 0.74117647 0.85882353
v 0.09749716 0.69809639 -49.53644180 0.65098039 0.74117647 0.85882353
v 0.09814819 0.69505310 -49.53785324 0.65098039 0.74117647 0.85882353
v 0.10419312 0.69486713 -49.53847122 0.65098039 0.74117647 0.85882353
v 0.08663346 0.69003886 -49.54102707 0.65098039 0.74117647 0.85882353
v 0.08834188 0.69218236 -49.53994370 0.65098039 0.74117647 0.85882353
v 0.08555972 0.69373536 -49.53774261 0.65098039 0.74117647 0.85882353
v 0.08394237 0.68960011 -49.53897858 0.65098039 0.74117647 0.85882353
v 0.08558445 0.68644130 -49.53955841 0.65098039 0.74117647 0.85882353
v 0.08763465 0.68833297 -49.54094696 0.65098039 0.74117647 0.85882353
v 0.11421131 0.75477684 -49.53817749 0.65098039 0.74117647 0.85882353
v 0.10896656 0.73879683 -49.53061676 0.65098039 0.74117647 0.85882353
v 0.12575752 0.74782759 -49.55344009 0.65098039 0.74117647 0.85882353
v 0.13164108 0.73758471 -49.56724167 0.65098039 0.74117647 0.85882353
v 0.13501927 0.72418827 -49.57931519 0.65098039 0.74117647 0.85882353
v 0.10731382 0.62454247 -49.56858444 0.65098039 0.74117647 0.85882353
v 0.10551772 0.61639804 -49.57537079 0.65098039 0.74117647 0.85882353
v 0.11162098 0.62393779 -49.58790207 0.65098039 0.74117647 0.85882353
v 0.10696803 0.61441267 -49.59237671 0.65098039 0.74117647 0.85882353
v 0.10052413 0.60679913 -49.57930756 0.65098039 0.74117647 0.85882353
v 0.08337668 0.58946705 -49.58021927 0.65098039 0.74117647 0.85882353
v 0.09334716 0.59717506 -49.58053589 0.65098039 0.74117647 0.85882353
v 0.09997804 0.60508019 -49.59635925 0.65098039 0.74117647 0.85882353
v 0.10765948 0.61816251 -49.61139679 0.65098039 0.74117647 0.85882353
v 0.11214390 0.62441707 -49.60472488 0.65098039 0.74117647 0.85882353
v 0.11124968 0.63440263 -49.62262344 0.65098039 0.74117647 0.85882353
v 0.09974995 0.61215317 -49.61968994 0.65098039 0.74117647 0.85882353
v 0.10633231 0.63519919 -49.62961578 0.65098039 0.74117647 0.85882353
v 0.07548440 0.58202189 -49.61306763 0.65098039 0.74117647 0.85882353
v 0.07379450 0.57238656 -49.61579132 0.65098039 0.74117647 0.85882353
v 0.08882377 0.57934296 -49.62469482 0.65098039 0.74117647 0.85882353
v 0.08951817 0.58902746 -49.62374115 0.65098039 0.74117647 0.85882353
v 0.11606821 0.63195449 -49.59729385 0.65098039 0.74117647 0.85882353
v 0.13116720 0.69272572 -49.58486557 0.65098039 0.74117647 0.85882353
v 0.12888685 0.69226837 -49.57443237 0.65098039 0.74117647 0.85882353
v 0.12877801 0.68070889 -49.59067535 0.65098039 0.74117647 0.85882353
v 0.13788918 0.75325525 -49.59942245 0.65098039 0.74117647 0.85882353
v 0.13478246 0.74727672 -49.58214188 0.65098039 0.74117647 0.85882353
v 0.13863751 0.73260969 -49.59117508 0.65098039 0.74117647 0.85882353
v 0.14020681 0.73992240 -49.60613251 0.65098039 0.74117647 0.85882353
v 0.11782335 0.78982759 -49.58249283 0.65098039 0.74117647 0.85882353
v 0.11844729 0.77433205 -49.55848694 0.65098039 0.74117647 0.85882353
v 0.12689348 0.76313508 -49.56938553 0.65098039 0.74117647 0.85882353
v 0.12848288 0.77462900 -49.58927536 0.65098039 0.74117647 0.85882353
v 0.13978162 0.74233401 -49.61988831 0.65098039 0.74117647 0.85882353
v 0.13723122 0.74577093 -49.63775253 0.65098039 0.74117647 0.85882353
v 0.13396224 0.76186663 -49.64216232 0.65098039 0.74117647 0.85882353
v 0.13668090 0.76051980 -49.61975098 0.65098039 0.74117647 0.85882353
v 0.12343865 0.78388482 -49.64456177 0.65098039 0.74117647 0.85882353
v 0.12724413 0.78258145 -49.61768723 0.65098039 0.74117647 0.85882353
v 0.10189427 0.62388980 -49.63753510 0.65098039 0.74117647 0.85882353
v 0.10506176 0.64159375 -49.64077759 0.65098039 0.74117647 0.85882353
v 0.09077299 0.59986365 -49.62040710 0.65098039 0.74117647 0.85882353
v 0.09934080 0.60882497 -49.63526154 0.65098039 0.74117647 0.85882353
v 0.10841499 0.80164862 -49.64484406 0.65098039 0.74117647 0.85882353
v 0.11293698 0.80097568 -49.61324692 0.65098039 0.74117647 0.85882353
v 0.11481248 0.73135608 -49.68400574 0.65098039 0.74117647 0.85882353
v 0.12090764 0.74756420 -49.67583084 0.65098039 0.74117647 0.85882353
v 0.12774226 0.73235601 -49.66265869 0.65098039 0.74117647 0.85882353
v 0.12155853 0.71925247 -49.67206192 0.65098039 0.74117647 0.85882353
v 0.10226471 0.74295485 -49.69628143 0.65098039 0.74117647 0.85882353
v 0.10944907 0.76180398 -49.68583679 0.65098039 0.74117647 0.85882353
v 0.09734201 0.67816913 -49.68620682 0.65098039 0.74117647 0.85882353
v 0.09260930 0.66171736 -49.68061829 0.65098039 0.74117647 0.85882353
v 0.08385655 0.66599077 -49.69136047 0.65098039 0.74117647 0.85882353
v 0.08672136 0.68318224 -49.69815445 0.65098039 0.74117647 0.85882353
v 0.12351379 0.70280504 -49.54829025 0.65098039 0.74117647 0.85882353
v 0.11912885 0.69719964 -49.54439163 0.65098039 0.74117647 0.85882353
v 0.12149628 0.69418919 -49.55099869 0.65098039 0.74117647 0.85882353
v 0.12533787 0.69794810 -49.55686951 0.65098039 0.74117647 0.85882353
v 0.12849003 0.70150322 -49.56605148 0.65098039 0.74117647 0.85882353
v 0.13155058 0.70587277 -49.57767105 0.65098039 0.74117647 0.85882353
v 0.13697162 0.71931267 -49.59916306 0.65098039 0.74117647 0.85882353
v 0.13939561 0.72808564 -49.61270523 0.65098039 0.74117647 0.85882353
v 0.13709868 0.73162293 -49.63671494 0.65098039 0.74117647 0.85882353
v 0.13897082 0.73001683 -49.62285233 0.65098039 0.74117647 0.85882353
v 0.12939622 0.71861565 -49.65671539 0.65098039 0.74117647 0.85882353
v 0.12514183 0.71044946 -49.66265488 0.65098039 0.74117647 0.85882353
v 0.10679520 0.65344876 -49.65516281 0.65098039 0.74117647 0.85882353
v 0.10183662 0.63313866 -49.65306091 0.65098039 0.74117647 0.85882353
v 0.09666659 0.63878518 -49.66543961 0.65098039 0.74117647 0.85882353
v 0.09935957 0.65928084 -49.66894150 0.65098039 0.74117647 0.85882353
v 0.08199049 0.64760566 -49.68563461 0.65098039 0.74117647 0.85882353
v 0.08985157 0.64371669 -49.67574310 0.65098039 0.74117647 0.85882353
v 0.09796274 0.60299242 -49.64899063 0.65098039 0.74117647 0.85882353
v 0.09832530 0.59161979 -49.65008163 0.65098039 0.74117647 0.85882353
v 0.09797002 0.59828216 -49.66379547 0.65098039 0.74117647 0.85882353
v 0.09487060 0.60865563 -49.66228485 0.65098039 0.74117647 0.85882353
v 0.09496551 0.60078526 -49.67590332 0.65098039 0.74117647 0.85882353
v 0.08844347 0.60285854 -49.68561935 0.65098039 0.74117647 0.85882353
v 0.08508415 0.61613077 -49.68463516 0.65098039 0.74117647 0.85882353
v 0.09075426 0.61353201 -49.67488480 0.65098039 0.74117647 0.85882353
v 0.04889326 0.56354374 -49.60817719 0.65098039 0.74117647 0.85882353
v 0.04643426 0.55511504 -49.61325073 0.65098039 0.74117647 0.85882353
v 0.05940387 0.55860430 -49.61468887 0.65098039 0.74117647 0.85882353
v 0.06004637 0.56724972 -49.61079788 0.65098039 0.74117647 0.85882353
v 0.10069233 0.58278644 -49.65163422 0.65098039 0.74117647 0.85882353
v 0.10210983 0.59039295 -49.66490173 0.65098039 0.74117647 0.85882353
v 0.10545347 0.67429715 -49.67248917 0.65098039 0.74117647 0.85882353
v 0.11001123 0.67338073 -49.66235352 0.65098039 0.74117647 0.85882353
v 0.10031667 0.59200513 -49.67737198 0.65098039 0.74117647 0.85882353
v 0.08967751 0.62634468 -49.67356110 0.65098039 0.74117647 0.85882353
v 0.09493195 0.62184072 -49.66313934 0.65098039 0.74117647 0.85882353
v 0.07134274 0.65213716 -49.69326401 0.65098039 0.74117647 0.85882353
v 0.07205316 0.67016268 -49.69932938 0.65098039 0.74117647 0.85882353
v 0.08820602 0.66598487 -49.53784943 0.65098039 0.74117647 0.85882353
v 0.09254771 0.68174732 -49.54154968 0.65098039 0.74117647 0.85882353
v 0.09376135 0.68563789 -49.54136276 0.65098039 0.74117647 0.85882353
v 0.09003491 0.68707681 -49.54093933 0.65098039 0.74117647 0.85882353
v 0.08847310 0.68393850 -49.54050827 0.65098039 0.74117647 0.85882353
v 0.09049648 0.72091269 -49.51976395 0.65098039 0.74117647 0.85882353
v 0.08650445 0.70474482 -49.52214050 0.65098039 0.74117647 0.85882353
v 0.09966419 0.70762742 -49.52519989 0.65098039 0.74117647 0.85882353
v 0.10296059 0.72093248 -49.52548599 0.65098039 0.74117647 0.85882353
v 0.11312855 0.65095222 -49.55685043 0.65098039 0.74117647 0.85882353
v 0.10607005 0.65662360 -49.54832458 0.65098039 0.74117647 0.85882353
v 0.10237189 0.64749920 -49.54676819 0.65098039 0.74117647 0.85882353
v 0.10607249 0.64041758 -49.55318069 0.65098039 0.74117647 0.85882353
v 0.11572654 0.68816900 -49.55335236 0.65098039 0.74117647 0.85882353
v 0.11806742 0.68984485 -49.55318069 0.65098039 0.74117647 0.85882353
v 0.11559303 0.68966162 -49.55051041 0.65098039 0.74117647 0.85882353
v 0.10106237 0.62760210 -49.55526733 0.65098039 0.74117647 0.85882353
v 0.10754856 0.63233376 -49.56072617 0.65098039 0.74117647 0.85882353
v 0.12619147 0.66683549 -49.59346771 0.65098039 0.74117647 0.85882353
v 0.12521040 0.69153458 -49.56445694 0.65098039 0.74117647 0.85882353
v 0.09907827 0.80263138 -49.57392883 0.65098039 0.74117647 0.85882353
v 0.10058121 0.78351605 -49.54759598 0.65098039 0.74117647 0.85882353
v 0.09069515 0.81624502 -49.64208603 0.65098039 0.74117647 0.85882353
v 0.09550197 0.81381387 -49.60750198 0.65098039 0.74117647 0.85882353
v 0.09396306 0.77493894 -49.69495773 0.65098039 0.74117647 0.85882353
v 0.08522511 0.75512809 -49.70575714 0.65098039 0.74117647 0.85882353
v 0.06948560 0.76282585 -49.71166992 0.65098039 0.74117647 0.85882353
v 0.07425071 0.78877389 -49.69582367 0.65098039 0.74117647 0.85882353
v 0.07447149 0.68727946 -49.70815659 0.65098039 0.74117647 0.85882353
v 0.07973725 0.60456371 -49.69359970 0.65098039 0.74117647 0.85882353
v 0.07592393 0.61964095 -49.69247818 0.65098039 0.74117647 0.85882353
v 0.10013146 0.76000530 -49.53053284 0.65098039 0.74117647 0.85882353
v 0.09527704 0.73994875 -49.52285385 0.65098039 0.74117647 0.85882353
v 0.13440032 0.71164858 -49.58953476 0.65098039 0.74117647 0.85882353
v 0.12339078 0.66483808 -49.56947708 0.65098039 0.74117647 0.85882353
v 0.12064315 0.67181873 -49.56299591 0.65098039 0.74117647 0.85882353
v 0.11880346 0.66728592 -49.55925369 0.65098039 0.74117647 0.85882353
v 0.12084485 0.65769869 -49.56565857 0.65098039 0.74117647 0.85882353
v 0.12376668 0.65769219 -49.57969666 0.65098039 0.74117647 0.85882353
v 0.12217299 0.65225857 -49.59256744 0.65098039 0.74117647 0.85882353
v 0.12039935 0.64738476 -49.60747147 0.65098039 0.74117647 0.85882353
v 0.11571533 0.63777459 -49.61603165 0.65098039 0.74117647 0.85882353
v 0.13263473 0.74323499 -49.65340042 0.65098039 0.74117647 0.85882353
v 0.12702405 0.75925988 -49.66303253 0.65098039 0.74117647 0.85882353
v 0.11756052 0.77688611 -49.66926575 0.65098039 0.74117647 0.85882353
v 0.10154613 0.79257399 -49.67274857 0.65098039 0.74117647 0.85882353
v 0.13332805 0.73152000 -49.64950180 0.65098039 0.74117647 0.85882353
v 0.08246834 0.80562228 -49.67200851 0.65098039 0.74117647 0.85882353
v 0.07650819 0.63753986 -49.53044128 0.65098039 0.74117647 0.85882353
v 0.08217116 0.63763821 -49.53678131 0.65098039 0.74117647 0.85882353
v 0.07561640 0.64184976 -49.52952576 0.65098039 0.74117647 0.85882353
v 0.07139231 0.61374509 -49.53550339 0.65098039 0.74117647 0.85882353
v 0.06740156 0.61341059 -49.53335190 0.65098039 0.74117647 0.85882353
v 0.06650866 0.60868764 -49.53784943 0.65098039 0.74117647 0.85882353
v 0.07123060 0.60905635 -49.53998566 0.65098039 0.74117647 0.85882353
v 0.06281254 0.58036041 -49.57372665 0.65098039 0.74117647 0.85882353
v 0.07250518 0.58414221 -49.57746506 0.65098039 0.74117647 0.85882353
v 0.05212389 0.57150435 -49.60240555 0.65098039 0.74117647 0.85882353
v 0.06226987 0.57564735 -49.60612106 0.65098039 0.74117647 0.85882353
v 0.07787416 0.64922154 -49.52373123 0.65098039 0.74117647 0.85882353
v 0.07636552 0.64954340 -49.52297974 0.65098039 0.74117647 0.85882353
v 0.07557497 0.64904249 -49.52535248 0.65098039 0.74117647 0.85882353
v 0.07754375 0.64891565 -49.52604675 0.65098039 0.74117647 0.85882353
v 0.08379361 0.62307787 -49.54403687 0.65098039 0.74117647 0.85882353
v 0.07164665 0.62933028 -49.52813721 0.65098039 0.74117647 0.85882353
v 0.06871524 0.62934506 -49.52692795 0.65098039 0.74117647 0.85882353
v 0.06806204 0.62618899 -49.52910614 0.65098039 0.74117647 0.85882353
v 0.07102120 0.62610525 -49.53030396 0.65098039 0.74117647 0.85882353
v 0.08674538 0.59471852 -49.59933472 0.65098039 0.74117647 0.85882353
v 0.07921921 0.58997035 -49.60780716 0.65098039 0.74117647 0.85882353
v 0.09614204 0.58310568 -49.63529968 0.65098039 0.74117647 0.85882353
v 0.09729023 0.59517550 -49.63524246 0.65098039 0.74117647 0.85882353
v 0.09922582 0.61670041 -49.65031052 0.65098039 0.74117647 0.85882353
v 0.08251805 0.63234824 -49.68398666 0.65098039 0.74117647 0.85882353
v 0.07369201 0.63401425 -49.69279099 0.65098039 0.74117647 0.85882353
v 0.04946047 0.64185715 -49.69951248 0.65098039 0.74117647 0.85882353
v 0.04463128 0.65945840 -49.70026398 0.65098039 0.74117647 0.85882353
v 0.05883438 0.65550053 -49.69967270 0.65098039 0.74117647 0.85882353
v 0.06133822 0.63918978 -49.69743347 0.65098039 0.74117647 0.85882353
v 0.07059892 0.58412403 -49.59103394 0.65098039 0.74117647 0.85882353
v 0.06025435 0.58039820 -49.58692551 0.65098039 0.74117647 0.85882353
v 0.05684040 0.57806021 -49.59565735 0.65098039 0.74117647 0.85882353
v 0.06645503 0.58218354 -49.59970093 0.65098039 0.74117647 0.85882353
v 0.07239720 0.64654624 -49.52206039 0.65098039 0.74117647 0.85882353
v 0.07110058 0.64544386 -49.52040100 0.65098039 0.74117647 0.85882353
v 0.07062634 0.64400142 -49.52367020 0.65098039 0.74117647 0.85882353
v 0.07277480 0.64591396 -49.52434921 0.65098039 0.74117647 0.85882353
v 0.07785527 0.64746249 -49.52833939 0.65098039 0.74117647 0.85882353
v 0.07535636 0.64663601 -49.52796936 0.65098039 0.74117647 0.85882353
v 0.07534823 0.64481145 -49.52857971 0.65098039 0.74117647 0.85882353
v 0.07940063 0.64878476 -49.52346802 0.65098039 0.74117647 0.85882353
v 0.07915040 0.64812070 -49.52650070 0.65098039 0.74117647 0.85882353
v 0.07567300 0.64882112 -49.51774979 0.65098039 0.74117647 0.85882353
v 0.07830514 0.64876974 -49.51991272 0.65098039 0.74117647 0.85882353
v 0.07669671 0.64794856 -49.51287842 0.65098039 0.74117647 0.85882353
v 0.07400038 0.64767325 -49.52350616 0.65098039 0.74117647 0.85882353
v 0.07413429 0.64682949 -49.52545547 0.65098039 0.74117647 0.85882353
v 0.07701838 0.64831120 -49.52746582 0.65098039 0.74117647 0.85882353
v 0.07533541 0.64802259 -49.52700806 0.65098039 0.74117647 0.85882353
v 0.07580534 0.64927113 -49.51979828 0.65098039 0.74117647 0.85882353
v 0.07733024 0.64916337 -49.52143860 0.65098039 0.74117647 0.85882353
v 0.07858996 0.67070216 -49.51615143 0.65098039 0.74117647 0.85882353
v 0.07316691 0.67190206 -49.51236343 0.65098039 0.74117647 0.85882353
v 0.07302743 0.66417658 -49.50836563 0.65098039 0.74117647 0.85882353
v 0.07236516 0.65536296 -49.50545120 0.65098039 0.74117647 0.85882353
v 0.07084650 0.64822197 -49.50897980 0.65098039 0.74117647 0.85882353
v 0.04787700 0.57573265 -49.59349060 0.65098039 0.74117647 0.85882353
v 0.04323080 0.56907523 -49.60078430 0.65098039 0.74117647 0.85882353
v 0.07925308 0.74073994 -49.51846313 0.65098039 0.74117647 0.85882353
v 0.07767446 0.72088885 -49.51722717 0.65098039 0.74117647 0.85882353
v 0.08398797 0.62229514 -49.54606247 0.65098039 0.74117647 0.85882353
v 0.09787536 0.70102316 -49.53245544 0.65098039 0.74117647 0.85882353
v 0.11351457 0.66512024 -49.55337143 0.65098039 0.74117647 0.85882353
v 0.09467338 0.66709507 -49.54205704 0.65098039 0.74117647 0.85882353
v 0.10031940 0.66214764 -49.54447174 0.65098039 0.74117647 0.85882353
v 0.10088500 0.67037475 -49.54527283 0.65098039 0.74117647 0.85882353
v 0.09575623 0.67366302 -49.54291153 0.65098039 0.74117647 0.85882353
v 0.08889490 0.69914305 -49.53093719 0.65098039 0.74117647 0.85882353
v 0.08043994 0.69516575 -49.52489471 0.65098039 0.74117647 0.85882353
v 0.08279348 0.69466543 -49.53237534 0.65098039 0.74117647 0.85882353
v 0.08060951 0.68826544 -49.53399658 0.65098039 0.74117647 0.85882353
v 0.07932772 0.68612117 -49.52554703 0.65098039 0.74117647 0.85882353
v 0.08142771 0.67973804 -49.53171539 0.65098039 0.74117647 0.85882353
v 0.08249132 0.68330735 -49.53689194 0.65098039 0.74117647 0.85882353
v 0.11446422 0.69138062 -49.54745865 0.65098039 0.74117647 0.85882353
v 0.11685757 0.69251955 -49.54864883 0.65098039 0.74117647 0.85882353
v 0.08498941 0.67541206 -49.53664780 0.65098039 0.74117647 0.85882353
v 0.08946716 0.67133296 -49.53993225 0.65098039 0.74117647 0.85882353
v 0.09075666 0.67673159 -49.54127121 0.65098039 0.74117647 0.85882353
v 0.08624840 0.67975372 -49.53942871 0.65098039 0.74117647 0.85882353
v 0.10660280 0.66705835 -49.54865646 0.65098039 0.74117647 0.85882353
v 0.12152388 0.69051164 -49.55751419 0.65098039 0.74117647 0.85882353
v 0.11554675 0.67995000 -49.55835342 0.65098039 0.74117647 0.85882353
v 0.11397944 0.67562973 -49.65497971 0.65098039 0.74117647 0.85882353
v 0.10984410 0.66279310 -49.65003967 0.65098039 0.74117647 0.85882353
v 0.11766501 0.64809942 -49.63515472 0.65098039 0.74117647 0.85882353
v 0.11606754 0.64416182 -49.63113403 0.65098039 0.74117647 0.85882353
v 0.10986753 0.64850307 -49.63396835 0.65098039 0.74117647 0.85882353
v 0.11440979 0.65128112 -49.63957596 0.65098039 0.74117647 0.85882353
v 0.13135597 0.70326889 -49.64246750 0.65098039 0.74117647 0.85882353
v 0.13179094 0.71142089 -49.64427567 0.65098039 0.74117647 0.85882353
v 0.13336813 0.71046579 -49.63709641 0.65098039 0.74117647 0.85882353
v 0.13152133 0.70326602 -49.63971329 0.65098039 0.74117647 0.85882353
v 0.13281411 0.70473015 -49.63317108 0.65098039 0.74117647 0.85882353
v 0.13360021 0.70708764 -49.62992096 0.65098039 0.74117647 0.85882353
v 0.13221106 0.69890636 -49.63025665 0.65098039 0.74117647 0.85882353
v 0.13169840 0.70010316 -49.63365173 0.65098039 0.74117647 0.85882353
v 0.13655080 0.71792996 -49.62666702 0.65098039 0.74117647 0.85882353
v 0.13605356 0.71375763 -49.61730194 0.65098039 0.74117647 0.85882353
v 0.13333505 0.70286238 -49.62311172 0.65098039 0.74117647 0.85882353
v 0.13137119 0.69500738 -49.60008240 0.65098039 0.74117647 0.85882353
v 0.12834966 0.68687940 -49.61399841 0.65098039 0.74117647 0.85882353
v 0.13092780 0.69588882 -49.61759949 0.65098039 0.74117647 0.85882353
v 0.13385488 0.70643723 -49.60827255 0.65098039 0.74117647 0.85882353
v 0.11744959 0.64806855 -49.62686539 0.65098039 0.74117647 0.85882353
v 0.11901419 0.65591401 -49.62162018 0.65098039 0.74117647 0.85882353
v 0.10806168 0.65361601 -49.64167786 0.65098039 0.74117647 0.85882353
v 0.04833570 0.77250654 -49.70650101 0.65098039 0.74117647 0.85882353
v 0.05389644 0.79624104 -49.68992233 0.65098039 0.74117647 0.85882353
v 0.10883882 0.71368575 -49.68874741 0.65098039 0.74117647 0.85882353
v 0.09682624 0.72286940 -49.69993973 0.65098039 0.74117647 0.85882353
v 0.11619989 0.70547414 -49.67616272 0.65098039 0.74117647 0.85882353
v 0.12026940 0.69944346 -49.66513824 0.65098039 0.74117647 0.85882353
v 0.08255047 0.73247468 -49.71014404 0.65098039 0.74117647 0.85882353
v 0.06589738 0.73828363 -49.71783447 0.65098039 0.74117647 0.85882353
v 0.12870988 0.67837119 -49.60327911 0.65098039 0.74117647 0.85882353
v 0.12450864 0.67652786 -49.61467361 0.65098039 0.74117647 0.85882353
v 0.10242759 0.69603348 -49.68940353 0.65098039 0.74117647 0.85882353
v 0.09208492 0.70289314 -49.70139313 0.65098039 0.74117647 0.85882353
v 0.11075341 0.68977362 -49.67625427 0.65098039 0.74117647 0.85882353
v 0.11522370 0.68696612 -49.66534042 0.65098039 0.74117647 0.85882353
v 0.07705214 0.71098125 -49.71060562 0.65098039 0.74117647 0.85882353
v 0.05682975 0.69220388 -49.71075821 0.65098039 0.74117647 0.85882353
v 0.05901742 0.71336752 -49.71455765 0.65098039 0.74117647 0.85882353
v 0.11986306 0.65988016 -49.63351822 0.65098039 0.74117647 0.85882353
v 0.11870769 0.65782022 -49.62868881 0.65098039 0.74117647 0.85882353
v 0.11728789 0.65178788 -49.63131332 0.65098039 0.74117647 0.85882353
v 0.12037720 0.65358931 -49.63388443 0.65098039 0.74117647 0.85882353
v 0.12502940 0.66486216 -49.60589218 0.65098039 0.74117647 0.85882353
v 0.12196998 0.66594571 -49.61811829 0.65098039 0.74117647 0.85882353
v 0.07895902 0.67791092 -49.52016449 0.65098039 0.74117647 0.85882353
v 0.07349043 0.68760401 -49.51954269 0.65098039 0.74117647 0.85882353
v 0.07333786 0.67971051 -49.51601028 0.65098039 0.74117647 0.85882353
v 0.07411856 0.69625634 -49.52112579 0.65098039 0.74117647 0.85882353
v 0.07437470 0.81872034 -49.59933472 0.65098039 0.74117647 0.85882353
v 0.07775089 0.80780834 -49.56814957 0.65098039 0.74117647 0.85882353
v 0.06055288 0.81405967 -49.66466904 0.65098039 0.74117647 0.85882353
v 0.06833354 0.82177365 -49.63341904 0.65098039 0.74117647 0.85882353
v 0.06187105 0.60080206 -49.53864288 0.65098039 0.74117647 0.85882353
v 0.06221789 0.58754039 -49.54227066 0.65098039 0.74117647 0.85882353
v 0.07217875 0.63743496 -49.52702332 0.65098039 0.74117647 0.85882353
v 0.06918740 0.63695711 -49.52600861 0.65098039 0.74117647 0.85882353
v 0.06901180 0.63297081 -49.52624130 0.65098039 0.74117647 0.85882353
v 0.07200631 0.63323861 -49.52734375 0.65098039 0.74117647 0.85882353
v 0.09054793 0.69653237 -49.53658676 0.65098039 0.74117647 0.85882353
v 0.05708883 0.67446482 -49.70325470 0.65098039 0.74117647 0.85882353
v 0.06466876 0.62284130 -49.69743729 0.65098039 0.74117647 0.85882353
v 0.06908010 0.60705048 -49.69950867 0.65098039 0.74117647 0.85882353
v 0.09424063 0.59196353 -49.68814468 0.65098039 0.74117647 0.85882353
v 0.08502354 0.59256434 -49.69693756 0.65098039 0.74117647 0.85882353
v 0.06963084 0.64070463 -49.52527618 0.65098039 0.74117647 0.85882353
v 0.07227068 0.64119470 -49.52656555 0.65098039 0.74117647 0.85882353
v 0.07467171 0.64901745 -49.52116013 0.65098039 0.74117647 0.85882353
v 0.07542087 0.62564147 -49.53301239 0.65098039 0.74117647 0.85882353
v 0.07281598 0.64398623 -49.52602768 0.65098039 0.74117647 0.85882353
v 0.07391186 0.64591068 -49.52603912 0.65098039 0.74117647 0.85882353
v 0.06868292 0.64353919 -49.52276611 0.65098039 0.74117647 0.85882353
v 0.06803170 0.64052105 -49.52482224 0.65098039 0.74117647 0.85882353
v 0.09693450 0.67967808 -49.54302597 0.65098039 0.74117647 0.85882353
v 0.09823059 0.68418139 -49.54234314 0.65098039 0.74117647 0.85882353
v 0.07295556 0.64614046 -49.51656342 0.65098039 0.74117647 0.85882353
v 0.07353437 0.64755869 -49.51906967 0.65098039 0.74117647 0.85882353
v 0.06950282 0.64576185 -49.51551056 0.65098039 0.74117647 0.85882353
v 0.07426587 0.56274843 -49.61840439 0.65098039 0.74117647 0.85882353
v 0.08857062 0.56885290 -49.62603760 0.65098039 0.74117647 0.85882353
v 0.06664573 0.62943202 -49.52649307 0.65098039 0.74117647 0.85882353
v 0.06592110 0.62606001 -49.52851868 0.65098039 0.74117647 0.85882353
v 0.08008273 0.78805959 -49.54062653 0.65098039 0.74117647 0.85882353
v 0.03959844 0.69160062 -49.70910263 0.65098039 0.74117647 0.85882353
v 0.04026607 0.71284705 -49.71530533 0.65098039 0.74117647 0.85882353
v 0.12651294 0.68239415 -49.62233353 0.65098039 0.74117647 0.85882353
v 0.12652244 0.67965007 -49.62849045 0.65098039 0.74117647 0.85882353
v 0.12884209 0.68676090 -49.62940598 0.65098039 0.74117647 0.85882353
v 0.12891603 0.68955886 -49.62339783 0.65098039 0.74117647 0.85882353
v 0.03995614 0.56128544 -49.60750961 0.65098039 0.74117647 0.85882353
v 0.09696946 0.57492816 -49.63779449 0.65098039 0.74117647 0.85882353
v 0.07467414 0.59471393 -49.70535660 0.65098039 0.74117647 0.85882353
v 0.11498083 0.68659878 -49.55418396 0.65098039 0.74117647 0.85882353
v 0.11354901 0.68508029 -49.55338669 0.65098039 0.74117647 0.85882353
v 0.09254899 0.69407475 -49.53858566 0.65098039 0.74117647 0.85882353
v 0.04335126 0.74001241 -49.71546173 0.65098039 0.74117647 0.85882353
v 0.07517004 0.61862737 -49.53678894 0.65098039 0.74117647 0.85882353
v 0.07402845 0.62269580 -49.53647995 0.65098039 0.74117647 0.85882353
v 0.05328466 0.62605518 -49.69982529 0.65098039 0.74117647 0.85882353
v 0.05175126 0.57812500 -49.58475494 0.65098039 0.74117647 0.85882353
v 0.06969415 0.64495265 -49.51935196 0.65098039 0.74117647 0.85882353
v 0.04244575 0.67553985 -49.70273972 0.65098039 0.74117647 0.85882353
v 0.13057077 0.69483936 -49.63703918 0.65098039 0.74117647 0.85882353
v 0.13209689 0.69222331 -49.63421631 0.65098039 0.74117647 0.85882353
v 0.13099901 0.68906820 -49.63491821 0.65098039 0.74117647 0.85882353
v 0.12949124 0.69037259 -49.63622284 0.65098039 0.74117647 0.85882353
v 0.13466740 0.69350338 -49.62961960 0.65098039 0.74117647 0.85882353
v 0.13445857 0.69096625 -49.63221741 0.65098039 0.74117647 0.85882353
v 0.13640079 0.69383258 -49.63344955 0.65098039 0.74117647 0.85882353
v 0.13615699 0.69706655 -49.63144684 0.65098039 0.74117647 0.85882353
v 0.13122679 0.69507766 -49.62618637 0.65098039 0.74117647 0.85882353
v 0.13228501 0.68974423 -49.62886047 0.65098039 0.74117647 0.85882353
v 0.13741615 0.69598389 -49.63524628 0.65098039 0.74117647 0.85882353
v 0.13814333 0.69810110 -49.63356400 0.65098039 0.74117647 0.85882353
v 0.13576886 0.70037675 -49.63391876 0.65098039 0.74117647 0.85882353
v 0.13171729 0.70201755 -49.63671875 0.65098039 0.74117647 0.85882353
v 0.14016567 0.69980782 -49.63696289 0.65098039 0.74117647 0.85882353
v 0.13669875 0.70259023 -49.63793182 0.65098039 0.74117647 0.85882353
v 0.14141917 0.70025110 -49.64227295 0.65098039 0.74117647 0.85882353
v 0.13708784 0.70364404 -49.64314270 0.65098039 0.74117647 0.85882353
v 0.14097872 0.69874454 -49.64842224 0.65098039 0.74117647 0.85882353
v 0.13561925 0.70153785 -49.64908981 0.65098039 0.74117647 0.85882353
v 0.12092375 0.66503656 -49.62636185 0.65098039 0.74117647 0.85882353
v 0.12122889 0.66647029 -49.63357162 0.65098039 0.74117647 0.85882353
v 0.13999531 0.69444185 -49.65282059 0.65098039 0.74117647 0.85882353
v 0.13321945 0.69643778 -49.65333939 0.65098039 0.74117647 0.85882353
v 0.13785113 0.68846381 -49.65587616 0.65098039 0.74117647 0.85882353
v 0.13148411 0.69038427 -49.65634155 0.65098039 0.74117647 0.85882353
v 0.13506128 0.68204129 -49.65644073 0.65098039 0.74117647 0.85882353
v 0.13000253 0.68337762 -49.65716171 0.65098039 0.74117647 0.85882353
v 0.13273220 0.67473489 -49.65620422 0.65098039 0.74117647 0.85882353
v 0.12737873 0.67415047 -49.65745163 0.65098039 0.74117647 0.85882353
v 0.13002633 0.66724676 -49.65378952 0.65098039 0.74117647 0.85882353
v 0.12440127 0.66435122 -49.65457916 0.65098039 0.74117647 0.85882353
v 0.13766870 0.69886875 -49.64311600 0.65098039 0.74117647 0.85882353
v 0.13763872 0.69684005 -49.64762115 0.65098039 0.74117647 0.85882353
v 0.12794840 0.70047355 -49.64467621 0.65098039 0.74117647 0.85882353
v 0.13766608 0.69860828 -49.63842392 0.65098039 0.74117647 0.85882353
v 0.12737937 0.68635225 -49.64303589 0.65098039 0.74117647 0.85882353
v 0.12575379 0.68990600 -49.64285660 0.65098039 0.74117647 0.85882353
v 0.12583712 0.68827760 -49.64265442 0.65098039 0.74117647 0.85882353
v 0.12479845 0.68734461 -49.64525223 0.65098039 0.74117647 0.85882353
v 0.12368852 0.67296243 -49.63063049 0.65098039 0.74117647 0.85882353
v 0.12426642 0.67351353 -49.63454437 0.65098039 0.74117647 0.85882353
v 0.12561885 0.67842031 -49.63277435 0.65098039 0.74117647 0.85882353
v 0.12225415 0.66996634 -49.63581467 0.65098039 0.74117647 0.85882353
v 0.12143055 0.67173231 -49.63645172 0.65098039 0.74117647 0.85882353
v 0.12168155 0.67514926 -49.63515854 0.65098039 0.74117647 0.85882353
v 0.12232174 0.67956448 -49.63404846 0.65098039 0.74117647 0.85882353
v 0.12230505 0.67085457 -49.63911057 0.65098039 0.74117647 0.85882353
v 0.12231538 0.66877282 -49.63888550 0.65098039 0.74117647 0.85882353
v 0.12042310 0.67233348 -49.63841248 0.65098039 0.74117647 0.85882353
v 0.12031897 0.67287147 -49.63701248 0.65098039 0.74117647 0.85882353
v 0.11984369 0.67555350 -49.63711548 0.65098039 0.74117647 0.85882353
v 0.12085243 0.67922521 -49.63896179 0.65098039 0.74117647 0.85882353
v 0.12414846 0.67375457 -49.62380981 0.65098039 0.74117647 0.85882353
v 0.11879446 0.67673397 -49.64978790 0.65098039 0.74117647 0.85882353
v 0.11542644 0.66695070 -49.64765549 0.65098039 0.74117647 0.85882353
v 0.12708570 0.66119742 -49.64923096 0.65098039 0.74117647 0.85882353
v 0.12246919 0.65510428 -49.65029526 0.65098039 0.74117647 0.85882353
v 0.12256101 0.64993680 -49.63825607 0.65098039 0.74117647 0.85882353
v 0.12299943 0.64905465 -49.64467621 0.65098039 0.74117647 0.85882353
v 0.12544510 0.69630301 -49.64734268 0.65098039 0.74117647 0.85882353
v 0.12402460 0.69095713 -49.65040970 0.65098039 0.74117647 0.85882353
v 0.11418831 0.65888762 -49.64337158 0.65098039 0.74117647 0.85882353
v 0.12201897 0.68439448 -49.65188217 0.65098039 0.74117647 0.85882353
v 0.12914792 0.67122275 -49.65188217 0.65098039 0.74117647 0.85882353
v 0.12620921 0.66752565 -49.64845657 0.65098039 0.74117647 0.85882353
v 0.13144077 0.67653239 -49.65400314 0.65098039 0.74117647 0.85882353
v 0.12301379 0.66488844 -49.63867950 0.65098039 0.74117647 0.85882353
v 0.12267321 0.65818369 -49.63875961 0.65098039 0.74117647 0.85882353
v 0.12541379 0.65848196 -49.64411545 0.65098039 0.74117647 0.85882353
v 0.12401889 0.66535139 -49.64408112 0.65098039 0.74117647 0.85882353
v 0.12867950 0.67368579 -49.64937973 0.65098039 0.74117647 0.85882353
v 0.12535867 0.67133892 -49.64704514 0.65098039 0.74117647 0.85882353
v 0.12630486 0.67655671 -49.64826965 0.65098039 0.74117647 0.85882353
v 0.12327987 0.67473179 -49.64559937 0.65098039 0.74117647 0.85882353
v 0.12164805 0.67229873 -49.64195251 0.65098039 0.74117647 0.85882353
v 0.12315815 0.66952944 -49.64317322 0.65098039 0.74117647 0.85882353
v 0.12012289 0.67776734 -49.64428711 0.65098039 0.74117647 0.85882353
v 0.12391304 0.68070292 -49.64592743 0.65098039 0.74117647 0.85882353
v 0.11974612 0.67428720 -49.64071274 0.65098039 0.74117647 0.85882353
v 0.12915181 0.67939311 -49.64859009 0.65098039 0.74117647 0.85882353
v 0.13164601 0.68314087 -49.64869308 0.65098039 0.74117647 0.85882353
v 0.13035324 0.68518448 -49.64505386 0.65098039 0.74117647 0.85882353
v 0.12728834 0.68286407 -49.64603043 0.65098039 0.74117647 0.85882353
v 0.13305947 0.68262124 -49.65456390 0.65098039 0.74117647 0.85882353
v 0.13354950 0.68214113 -49.65158081 0.65098039 0.74117647 0.85882353
v 0.13107829 0.67767149 -49.65112686 0.65098039 0.74117647 0.85882353
v 0.13498631 0.68733060 -49.65110397 0.65098039 0.74117647 0.85882353
v 0.13476267 0.68872404 -49.65390015 0.65098039 0.74117647 0.85882353
v 0.13340321 0.68717897 -49.64871597 0.65098039 0.74117647 0.85882353
v 0.13244602 0.68790054 -49.64633942 0.65098039 0.74117647 0.85882353
v 0.13694641 0.69489086 -49.64626312 0.65098039 0.74117647 0.85882353
v 0.13620144 0.69176769 -49.64912033 0.65098039 0.74117647 0.85882353
v 0.13693881 0.69361997 -49.65114975 0.65098039 0.74117647 0.85882353
v 0.13500679 0.69026971 -49.64693451 0.65098039 0.74117647 0.85882353
v 0.13510214 0.69281793 -49.64496613 0.65098039 0.74117647 0.85882353
v 0.13366571 0.69138914 -49.64473343 0.65098039 0.74117647 0.85882353
v 0.13381076 0.69006157 -49.64624023 0.65098039 0.74117647 0.85882353
v 0.13533407 0.69649875 -49.63636017 0.65098039 0.74117647 0.85882353
v 0.13396323 0.69483554 -49.63473129 0.65098039 0.74117647 0.85882353
v 0.13578485 0.69714737 -49.63919830 0.65098039 0.74117647 0.85882353
v 0.13408272 0.69854069 -49.63826370 0.65098039 0.74117647 0.85882353
v 0.13385859 0.69569570 -49.63970947 0.65098039 0.74117647 0.85882353
v 0.13237604 0.69780946 -49.63781357 0.65098039 0.74117647 0.85882353
v 0.13256781 0.69392872 -49.63941193 0.65098039 0.74117647 0.85882353
v 0.13021410 0.69121647 -49.63912582 0.65098039 0.74117647 0.85882353
v 0.04219109 0.53607309 -49.62121201 0.65098039 0.74117647 0.85882353
v 0.04446150 0.54602993 -49.61800766 0.65098039 0.74117647 0.85882353
v 0.03181280 0.54386532 -49.62022018 0.65098039 0.74117647 0.85882353
v 0.02897630 0.53469437 -49.62585831 0.65098039 0.74117647 0.85882353
v 0.13313846 0.69236648 -49.64192963 0.65098039 0.74117647 0.85882353
v 0.13441071 0.69443524 -49.64235687 0.65098039 0.74117647 0.85882353
v 0.13620631 0.69678426 -49.64297485 0.65098039 0.74117647 0.85882353
v 0.13017550 0.68831539 -49.64231873 0.65098039 0.74117647 0.85882353
v 0.13107288 0.68754631 -49.64365768 0.65098039 0.74117647 0.85882353
v 0.13208035 0.68923169 -49.64403534 0.65098039 0.74117647 0.85882353
v 0.13111481 0.69016850 -49.64183426 0.65098039 0.74117647 0.85882353
v 0.12644044 0.68232548 -49.63271713 0.65098039 0.74117647 0.85882353
v 0.12443526 0.68214053 -49.63648605 0.65098039 0.74117647 0.85882353
v 0.12373564 0.68147278 -49.64093399 0.65098039 0.74117647 0.85882353
v 0.07299262 0.52642912 -49.61462021 0.65098039 0.74117647 0.85882353
v 0.09178217 0.53496885 -49.61449814 0.65098039 0.74117647 0.85882353
v 0.09137382 0.54293650 -49.62107086 0.65098039 0.74117647 0.85882353
v 0.07490370 0.53556383 -49.61944199 0.65098039 0.74117647 0.85882353
v 0.06178582 0.50227529 -49.59853363 0.65098039 0.74117647 0.85882353
v 0.05364469 0.48346317 -49.59282684 0.65098039 0.74117647 0.85882353
v 0.07122454 0.48871732 -49.58368683 0.65098039 0.74117647 0.85882353
v 0.08839854 0.51081967 -49.59283447 0.65098039 0.74117647 0.85882353
v 0.05958036 0.46854442 -49.57855225 0.65098039 0.74117647 0.85882353
v 0.04496168 0.46436894 -49.58852005 0.65098039 0.74117647 0.85882353
v 0.03393660 0.41402346 -49.56710434 0.65098039 0.74117647 0.85882353
v 0.04201686 0.43106198 -49.57091522 0.65098039 0.74117647 0.85882353
v 0.02844581 0.42988813 -49.57976532 0.65098039 0.74117647 0.85882353
v 0.02021190 0.41309446 -49.57579803 0.65098039 0.74117647 0.85882353
v 0.03556237 0.32991469 -49.54593277 0.65098039 0.74117647 0.85882353
v 0.02375703 0.33130133 -49.55047989 0.65098039 0.74117647 0.85882353
v 0.02130032 0.31571633 -49.55908585 0.65098039 0.74117647 0.85882353
v 0.03557125 0.31235838 -49.55517578 0.65098039 0.74117647 0.85882353
v 0.10021775 0.43901730 -49.54401398 0.65098039 0.74117647 0.85882353
v 0.10736203 0.42932326 -49.54226303 0.65098039 0.74117647 0.85882353
v 0.11173154 0.44738448 -49.53979492 0.65098039 0.74117647 0.85882353
v 0.10549316 0.45723075 -49.54249191 0.65098039 0.74117647 0.85882353
v 0.13233839 0.54817593 -49.60937119 0.65098039 0.74117647 0.85882353
v 0.12823422 0.55362505 -49.61925888 0.65098039 0.74117647 0.85882353
v 0.11081418 0.53845811 -49.61094284 0.65098039 0.74117647 0.85882353
v 0.11256972 0.53214288 -49.59929276 0.65098039 0.74117647 0.85882353
v 0.09563416 0.35019839 -49.54942322 0.65098039 0.74117647 0.85882353
v 0.08446393 0.35829598 -49.54460144 0.65098039 0.74117647 0.85882353
v 0.07878625 0.34534109 -49.54388046 0.65098039 0.74117647 0.85882353
v 0.08857928 0.33688641 -49.54844666 0.65098039 0.74117647 0.85882353
v 0.08917895 0.25904757 -49.58045197 0.65098039 0.74117647 0.85882353
v 0.06859551 0.25603986 -49.57906342 0.65098039 0.74117647 0.85882353
v 0.07101118 0.23541324 -49.58087158 0.65098039 0.74117647 0.85882353
v 0.09254728 0.23910455 -49.58354950 0.65098039 0.74117647 0.85882353
v 0.15284592 0.29091579 -49.60033798 0.65098039 0.74117647 0.85882353
v 0.15465829 0.27436107 -49.60580826 0.65098039 0.74117647 0.85882353
v 0.17168413 0.27963603 -49.62498093 0.65098039 0.74117647 0.85882353
v 0.17039287 0.29454875 -49.61988068 0.65098039 0.74117647 0.85882353
v 0.05914957 0.41394377 -49.55419159 0.65098039 0.74117647 0.85882353
v 0.06726550 0.43125254 -49.55714798 0.65098039 0.74117647 0.85882353
v 0.05503725 0.43152815 -49.56317520 0.65098039 0.74117647 0.85882353
v 0.04702984 0.41435653 -49.55986786 0.65098039 0.74117647 0.85882353
v 0.15720993 0.35717976 -49.44162750 0.65098039 0.74117647 0.85882353
v 0.15322682 0.37670523 -49.45645142 0.65098039 0.74117647 0.85882353
v 0.14298825 0.36633295 -49.46585464 0.65098039 0.74117647 0.85882353
v 0.14709221 0.34679854 -49.45068741 0.65098039 0.74117647 0.85882353
v 0.16490068 0.18547343 -49.61497116 0.65098039 0.74117647 0.85882353
v 0.16751553 0.16820316 -49.61476898 0.65098039 0.74117647 0.85882353
v 0.18454319 0.17604937 -49.63428116 0.65098039 0.74117647 0.85882353
v 0.18019807 0.19336896 -49.63355637 0.65098039 0.74117647 0.85882353
v 0.15625617 0.47339129 -49.50788879 0.65098039 0.74117647 0.85882353
v 0.17722812 0.48128277 -49.50976944 0.65098039 0.74117647 0.85882353
v 0.17471789 0.49530417 -49.51877213 0.65098039 0.74117647 0.85882353
v 0.15302950 0.48591727 -49.51406479 0.65098039 0.74117647 0.85882353
v 0.09936015 0.40102696 -49.54731369 0.65098039 0.74117647 0.85882353
v 0.10351585 0.41442299 -49.54527283 0.65098039 0.74117647 0.85882353
v 0.09529877 0.42290348 -49.54551315 0.65098039 0.74117647 0.85882353
v 0.09027518 0.40743113 -49.54644012 0.65098039 0.74117647 0.85882353
v 0.17529646 0.32420653 -49.61019897 0.65098039 0.74117647 0.85882353
v 0.17748865 0.34057707 -49.60611343 0.65098039 0.74117647 0.85882353
v 0.16309179 0.33927941 -49.59216309 0.65098039 0.74117647 0.85882353
v 0.15995571 0.32230425 -49.59393692 0.65098039 0.74117647 0.85882353
v 0.15622765 0.30646789 -49.59645844 0.65098039 0.74117647 0.85882353
v 0.17251101 0.30892283 -49.61474609 0.65098039 0.74117647 0.85882353
v 0.08080018 0.41025513 -49.54770279 0.65098039 0.74117647 0.85882353
v 0.08747755 0.42840606 -49.54836655 0.65098039 0.74117647 0.85882353
v 0.07820977 0.42990541 -49.55238342 0.65098039 0.74117647 0.85882353
v 0.07046583 0.41244870 -49.55015564 0.65098039 0.74117647 0.85882353
v 0.02026227 0.30250674 -49.57051468 0.65098039 0.74117647 0.85882353
v 0.03781403 0.29886955 -49.56623077 0.65098039 0.74117647 0.85882353
v 0.14601316 0.15934215 -49.59987259 0.65098039 0.74117647 0.85882353
v 0.14425287 0.17697985 -49.60012817 0.65098039 0.74117647 0.85882353
v 0.12118682 0.16844858 -49.59161758 0.65098039 0.74117647 0.85882353
v 0.12245663 0.15071036 -49.59147263 0.65098039 0.74117647 0.85882353
v 0.04663615 0.27313018 -49.58048248 0.65098039 0.74117647 0.85882353
v 0.06504967 0.27477515 -49.57825089 0.65098039 0.74117647 0.85882353
v 0.05875598 0.28818792 -49.57157516 0.65098039 0.74117647 0.85882353
v 0.04206258 0.28770685 -49.57527924 0.65098039 0.74117647 0.85882353
v 0.09785447 0.14414309 -49.58766556 0.65098039 0.74117647 0.85882353
v 0.09756822 0.16146000 -49.58809280 0.65098039 0.74117647 0.85882353
v 0.07412157 0.15618698 -49.58683777 0.65098039 0.74117647 0.85882353
v 0.07462850 0.13721783 -49.58583069 0.65098039 0.74117647 0.85882353
v 0.05060849 0.44908154 -49.57459259 0.65098039 0.74117647 0.85882353
v 0.03663433 0.44702452 -49.58368683 0.65098039 0.74117647 0.85882353
v 0.05842274 0.33199292 -49.54295731 0.65098039 0.74117647 0.85882353
v 0.04739366 0.33034813 -49.54348755 0.65098039 0.74117647 0.85882353
v 0.04890619 0.31251693 -49.55217743 0.65098039 0.74117647 0.85882353
v 0.06098600 0.31508905 -49.55022430 0.65098039 0.74117647 0.85882353
v 0.12715684 0.40306824 -49.55565262 0.65098039 0.74117647 0.85882353
v 0.13076554 0.41449308 -49.55321884 0.65098039 0.74117647 0.85882353
v 0.12025502 0.43321800 -49.54074860 0.65098039 0.74117647 0.85882353
v 0.11631291 0.41665274 -49.54539108 0.65098039 0.74117647 0.85882353
v 0.18879479 0.15845446 -49.63394928 0.65098039 0.74117647 0.85882353
v 0.17079622 0.15111367 -49.61400223 0.65098039 0.74117647 0.85882353
v 0.10008553 0.12657659 -49.58821487 0.65098039 0.74117647 0.85882353
v 0.07659152 0.11925493 -49.58651352 0.65098039 0.74117647 0.85882353
v 0.17334221 0.40085143 -49.57786560 0.65098039 0.74117647 0.85882353
v 0.16498533 0.40526426 -49.57103729 0.65098039 0.74117647 0.85882353
v 0.16593409 0.39996231 -49.57758713 0.65098039 0.74117647 0.85882353
v 0.17543899 0.39699107 -49.58348846 0.65098039 0.74117647 0.85882353
v -0.00780326 0.33492446 -49.57386398 0.65098039 0.74117647 0.85882353
v 0.00300436 0.31403005 -49.57340240 0.65098039 0.74117647 0.85882353
v 0.00865471 0.32595229 -49.56136322 0.65098039 0.74117647 0.85882353
v 0.00202278 0.34326291 -49.56276321 0.65098039 0.74117647 0.85882353
v 0.06657020 0.30156946 -49.56076813 0.65098039 0.74117647 0.85882353
v 0.05300470 0.29903823 -49.56305695 0.65098039 0.74117647 0.85882353
v 0.07393692 0.29071814 -49.56934357 0.65098039 0.74117647 0.85882353
v -0.01528251 0.32596421 -49.58839798 0.65098039 0.74117647 0.85882353
v -0.00052778 0.30068648 -49.58944321 0.65098039 0.74117647 0.85882353
v 0.02260832 0.44420493 -49.59410477 0.65098039 0.74117647 0.85882353
v 0.01424967 0.42814720 -49.58992767 0.65098039 0.74117647 0.85882353
v 0.03012606 0.46072227 -49.59832764 0.65098039 0.74117647 0.85882353
v 0.03607374 0.47828656 -49.60210037 0.65098039 0.74117647 0.85882353
v 0.02056533 0.47501957 -49.61166763 0.65098039 0.74117647 0.85882353
v 0.01518786 0.45761704 -49.60879135 0.65098039 0.74117647 0.85882353
v 0.04219211 0.49592179 -49.60623169 0.65098039 0.74117647 0.85882353
v 0.02531281 0.49178886 -49.61460876 0.65098039 0.74117647 0.85882353
v 0.05384403 0.51997721 -49.61776352 0.65098039 0.74117647 0.85882353
v 0.05685767 0.52994609 -49.62020111 0.65098039 0.74117647 0.85882353
v 0.11306506 0.40382659 -49.54928207 0.65098039 0.74117647 0.85882353
v 0.10966416 0.39184755 -49.55107880 0.65098039 0.74117647 0.85882353
v 0.12468529 0.13412397 -49.59188461 0.65098039 0.74117647 0.85882353
v 0.20390630 0.48764217 -49.67002106 0.65098039 0.74117647 0.85882353
v 0.20805591 0.48685372 -49.64984131 0.65098039 0.74117647 0.85882353
v 0.20893145 0.47203910 -49.65860367 0.65098039 0.74117647 0.85882353
v 0.20591938 0.47202134 -49.67835999 0.65098039 0.74117647 0.85882353
v 0.11790105 0.53038633 -49.58695221 0.65098039 0.74117647 0.85882353
v 0.13767353 0.54600501 -49.60026550 0.65098039 0.74117647 0.85882353
v 0.20631033 0.41045350 -49.61287689 0.65098039 0.74117647 0.85882353
v 0.20294142 0.40425259 -49.61281204 0.65098039 0.74117647 0.85882353
v 0.20541210 0.40250629 -49.62381744 0.65098039 0.74117647 0.85882353
v 0.20874800 0.41094875 -49.62371826 0.65098039 0.74117647 0.85882353
v 0.18802416 0.39710176 -49.58812332 0.65098039 0.74117647 0.85882353
v 0.19288847 0.39782047 -49.59037018 0.65098039 0.74117647 0.85882353
v 0.19003858 0.38845664 -49.58336258 0.65098039 0.74117647 0.85882353
v 0.18571009 0.38753688 -49.58102798 0.65098039 0.74117647 0.85882353
v 0.19464494 0.18346773 -49.65586090 0.65098039 0.74117647 0.85882353
v 0.18979789 0.20105739 -49.65590668 0.65098039 0.74117647 0.85882353
v 0.19337708 0.31832206 -49.67858505 0.65098039 0.74117647 0.85882353
v 0.19707017 0.33332950 -49.66790771 0.65098039 0.74117647 0.85882353
v 0.19274250 0.32284474 -49.65049362 0.65098039 0.74117647 0.85882353
v 0.19026595 0.30800945 -49.65904617 0.65098039 0.74117647 0.85882353
v 0.13107198 0.47298789 -49.75295258 0.65098039 0.74117647 0.85882353
v 0.14800495 0.47576702 -49.74147415 0.65098039 0.74117647 0.85882353
v 0.14944583 0.46094906 -49.74637222 0.65098039 0.74117647 0.85882353
v 0.13191029 0.45852351 -49.75744629 0.65098039 0.74117647 0.85882353
v 0.18270433 0.49898899 -49.70381927 0.65098039 0.74117647 0.85882353
v 0.16589913 0.49487430 -49.72161102 0.65098039 0.74117647 0.85882353
v 0.16343230 0.50833803 -49.71688843 0.65098039 0.74117647 0.85882353
v 0.17962539 0.51372957 -49.69687271 0.65098039 0.74117647 0.85882353
v 0.19629672 0.48664784 -49.69098663 0.65098039 0.74117647 0.85882353
v 0.19754395 0.47015607 -49.69879913 0.65098039 0.74117647 0.85882353
v 0.18674065 0.33011198 -49.62646103 0.65098039 0.74117647 0.85882353
v 0.18853411 0.34495407 -49.61988831 0.65098039 0.74117647 0.85882353
v 0.18913391 0.36604136 -49.61152649 0.65098039 0.74117647 0.85882353
v 0.18861666 0.37432808 -49.60776901 0.65098039 0.74117647 0.85882353
v 0.17863652 0.37269181 -49.59834290 0.65098039 0.74117647 0.85882353
v 0.17882605 0.36398864 -49.60071182 0.65098039 0.74117647 0.85882353
v 0.12369119 0.55973268 -49.62868118 0.65098039 0.74117647 0.85882353
v 0.14339226 0.56311154 -49.63366699 0.65098039 0.74117647 0.85882353
v 0.13610291 0.56870043 -49.64512253 0.65098039 0.74117647 0.85882353
v 0.13734937 0.55152798 -49.70096588 0.65098039 0.74117647 0.85882353
v 0.14181289 0.55494070 -49.69001770 0.65098039 0.74117647 0.85882353
v 0.14962740 0.54954517 -49.68982697 0.65098039 0.74117647 0.85882353
v 0.14174125 0.54595840 -49.70429993 0.65098039 0.74117647 0.85882353
v 0.15368354 0.39219934 -49.76051712 0.65098039 0.74117647 0.85882353
v 0.15417483 0.37019205 -49.76067352 0.65098039 0.74117647 0.85882353
v 0.13599348 0.37149453 -49.77558136 0.65098039 0.74117647 0.85882353
v 0.13667238 0.39284158 -49.77416229 0.65098039 0.74117647 0.85882353
v 0.19449809 0.38452590 -49.61141586 0.65098039 0.74117647 0.85882353
v 0.19892423 0.38906467 -49.61750412 0.65098039 0.74117647 0.85882353
v 0.19600672 0.39404267 -49.60939789 0.65098039 0.74117647 0.85882353
v 0.19143346 0.38976556 -49.60455322 0.65098039 0.74117647 0.85882353
v 0.20112512 0.38304138 -49.62445831 0.65098039 0.74117647 0.85882353
v 0.19579443 0.37780601 -49.61627579 0.65098039 0.74117647 0.85882353
v 0.19671184 0.37021363 -49.62136459 0.65098039 0.74117647 0.85882353
v 0.20205653 0.37626660 -49.63059998 0.65098039 0.74117647 0.85882353
v 0.19956025 0.34697163 -49.65706253 0.65098039 0.74117647 0.85882353
v 0.20127687 0.35979331 -49.64647675 0.65098039 0.74117647 0.85882353
v 0.19562818 0.35193157 -49.63340378 0.65098039 0.74117647 0.85882353
v 0.19495815 0.33775395 -49.64153290 0.65098039 0.74117647 0.85882353
v 0.13086218 0.30233359 -49.77545929 0.65098039 0.74117647 0.85882353
v 0.13314116 0.32490057 -49.77686310 0.65098039 0.74117647 0.85882353
v 0.15006611 0.32319015 -49.76437759 0.65098039 0.74117647 0.85882353
v 0.14816362 0.29998153 -49.76542282 0.65098039 0.74117647 0.85882353
v 0.14972432 0.41061670 -49.55246735 0.65098039 0.74117647 0.85882353
v 0.14717604 0.40042710 -49.54632950 0.65098039 0.74117647 0.85882353
v 0.13824917 0.40937710 -49.53731155 0.65098039 0.74117647 0.85882353
v 0.13991441 0.41713256 -49.54272842 0.65098039 0.74117647 0.85882353
v 0.20481114 0.39120817 -49.57758713 0.65098039 0.74117647 0.85882353
v 0.20902355 0.39576405 -49.57573700 0.65098039 0.74117647 0.85882353
v 0.21028064 0.38826835 -49.56721115 0.65098039 0.74117647 0.85882353
v 0.20656632 0.38408726 -49.56982422 0.65098039 0.74117647 0.85882353
v 0.15100971 0.37437570 -49.54442978 0.65098039 0.74117647 0.85882353
v 0.14820188 0.35495573 -49.53413773 0.65098039 0.74117647 0.85882353
v 0.14093460 0.36663419 -49.52594376 0.65098039 0.74117647 0.85882353
v 0.14346896 0.38513619 -49.53749847 0.65098039 0.74117647 0.85882353
v 0.16512075 0.54935199 -49.60799408 0.65098039 0.74117647 0.85882353
v 0.15825167 0.55345339 -49.61548996 0.65098039 0.74117647 0.85882353
v 0.14374331 0.54423457 -49.59067917 0.65098039 0.74117647 0.85882353
v 0.16868976 0.37828499 -49.56568527 0.65098039 0.74117647 0.85882353
v 0.17576662 0.37519675 -49.57104874 0.65098039 0.74117647 0.85882353
v 0.17443736 0.35810655 -49.56346130 0.65098039 0.74117647 0.85882353
v 0.16551755 0.36042619 -49.55820084 0.65098039 0.74117647 0.85882353
v 0.17269489 0.36346453 -49.43684006 0.65098039 0.74117647 0.85882353
v 0.16948384 0.38274568 -49.45185471 0.65098039 0.74117647 0.85882353
v 0.15481585 0.32717037 -49.52898026 0.65098039 0.74117647 0.85882353
v 0.15474655 0.34578925 -49.54152679 0.65098039 0.74117647 0.85882353
v 0.16423263 0.34045535 -49.54806900 0.65098039 0.74117647 0.85882353
v 0.16631815 0.32165235 -49.53455353 0.65098039 0.74117647 0.85882353
v 0.18953934 0.29354167 -49.66639328 0.65098039 0.74117647 0.85882353
v 0.19046836 0.30323142 -49.68741989 0.65098039 0.74117647 0.85882353
v 0.19689608 0.19408627 -49.70132065 0.65098039 0.74117647 0.85882353
v 0.19166341 0.21385877 -49.70108795 0.65098039 0.74117647 0.85882353
v 0.19349150 0.20818488 -49.67903519 0.65098039 0.74117647 0.85882353
v 0.19876288 0.18974729 -49.67902374 0.65098039 0.74117647 0.85882353
v 0.19937448 0.16509770 -49.65679550 0.65098039 0.74117647 0.85882353
v 0.20163582 0.17344345 -49.70257187 0.65098039 0.74117647 0.85882353
v 0.20347124 0.17015301 -49.68004608 0.65098039 0.74117647 0.85882353
v 0.11833525 0.57746506 -49.65889359 0.65098039 0.74117647 0.85882353
v 0.12744680 0.57303035 -49.65290070 0.65098039 0.74117647 0.85882353
v 0.12775674 0.57265860 -49.67256165 0.65098039 0.74117647 0.85882353
v 0.11759084 0.57860982 -49.67546082 0.65098039 0.74117647 0.85882353
v 0.22608437 0.05124715 -49.65836334 0.65098039 0.74117647 0.85882353
v 0.21133938 0.04824458 -49.63082504 0.65098039 0.74117647 0.85882353
v 0.21422745 0.02012314 -49.63225555 0.65098039 0.74117647 0.85882353
v 0.22806431 0.02191143 -49.66241455 0.65098039 0.74117647 0.85882353
v 0.11305387 0.56576431 -49.70650101 0.65098039 0.74117647 0.85882353
v 0.10245195 0.57412219 -49.70393372 0.65098039 0.74117647 0.85882353
v 0.11084020 0.57611781 -49.69056702 0.65098039 0.74117647 0.85882353
v 0.12204585 0.56878108 -49.69061661 0.65098039 0.74117647 0.85882353
v 0.22310348 0.07726873 -49.65555191 0.65098039 0.74117647 0.85882353
v 0.20865460 0.07209031 -49.63013840 0.65098039 0.74117647 0.85882353
v 0.11088998 0.56980848 -49.64430237 0.65098039 0.74117647 0.85882353
v 0.11790621 0.56491667 -49.63652802 0.65098039 0.74117647 0.85882353
v 0.10190432 0.55923772 -49.63366699 0.65098039 0.74117647 0.85882353
v 0.10608584 0.55311406 -49.62726974 0.65098039 0.74117647 0.85882353
v 0.09015957 0.55113935 -49.62547302 0.65098039 0.74117647 0.85882353
v 0.19345030 0.04056670 -49.60877228 0.65098039 0.74117647 0.85882353
v 0.19727980 0.01374830 -49.60721207 0.65098039 0.74117647 0.85882353
v 0.10740419 0.58501077 -49.67737198 0.65098039 0.74117647 0.85882353
v 0.10116155 0.58337569 -49.69050217 0.65098039 0.74117647 0.85882353
v 0.09345955 0.58320123 -49.70119858 0.65098039 0.74117647 0.85882353
v 0.08207469 0.58501744 -49.71053314 0.65098039 0.74117647 0.85882353
v 0.06934470 0.58644450 -49.71880341 0.65098039 0.74117647 0.85882353
v 0.06253302 0.59660447 -49.71205521 0.65098039 0.74117647 0.85882353
v 0.19247125 0.14155512 -49.63319397 0.65098039 0.74117647 0.85882353
v 0.20460305 0.14702855 -49.65669250 0.65098039 0.74117647 0.85882353
v 0.22051270 -0.08440594 -49.74440384 0.65098039 0.74117647 0.85882353
v 0.21555577 -0.10348107 -49.73193741 0.65098039 0.74117647 0.85882353
v 0.19497234 -0.10405029 -49.75808716 0.65098039 0.74117647 0.85882353
v 0.20329402 -0.08654831 -49.76850891 0.65098039 0.74117647 0.85882353
v 0.15149501 -0.07650934 -49.81095505 0.65098039 0.74117647 0.85882353
v 0.17973731 -0.08417507 -49.79042816 0.65098039 0.74117647 0.85882353
v 0.16864659 -0.09872495 -49.77941895 0.65098039 0.74117647 0.85882353
v 0.13935946 -0.09081049 -49.79856491 0.65098039 0.74117647 0.85882353
v 0.17458977 0.05212338 -49.82359314 0.65098039 0.74117647 0.85882353
v 0.17146486 0.07396774 -49.81672668 0.65098039 0.74117647 0.85882353
v 0.19413725 0.07387817 -49.79938889 0.65098039 0.74117647 0.85882353
v 0.19802453 0.05177727 -49.80663681 0.65098039 0.74117647 0.85882353
v 0.20861474 0.15135364 -49.68109131 0.65098039 0.74117647 0.85882353
v 0.20702443 0.15365176 -49.70414352 0.65098039 0.74117647 0.85882353
v 0.17351097 0.13494264 -49.61389542 0.65098039 0.74117647 0.85882353
v 0.18974157 -0.11794688 -49.58798981 0.65098039 0.74117647 0.85882353
v 0.19086379 -0.15028612 -49.59003830 0.65098039 0.74117647 0.85882353
v 0.21454817 -0.14828114 -49.62113190 0.65098039 0.74117647 0.85882353
v 0.21562211 -0.11483313 -49.61874390 0.65098039 0.74117647 0.85882353
v 0.22084160 -0.14865486 -49.69079971 0.65098039 0.74117647 0.85882353
v 0.20463292 -0.14929692 -49.72177887 0.65098039 0.74117647 0.85882353
v 0.20923632 -0.12529399 -49.72560120 0.65098039 0.74117647 0.85882353
v 0.22512677 -0.12053694 -49.69300461 0.65098039 0.74117647 0.85882353
v 0.05313572 0.11297636 -49.58646774 0.65098039 0.74117647 0.85882353
v 0.05527174 0.09488831 -49.58920670 0.65098039 0.74117647 0.85882353
v 0.07850519 0.10235237 -49.58851624 0.65098039 0.74117647 0.85882353
v -0.00615117 0.10106681 -49.60597992 0.65098039 0.74117647 0.85882353
v -0.00462703 0.08289890 -49.60857391 0.65098039 0.74117647 0.85882353
v 0.01323130 0.08535151 -49.59941483 0.65098039 0.74117647 0.85882353
v 0.01220407 0.10351638 -49.59550858 0.65098039 0.74117647 0.85882353
v 0.01314014 -0.01606314 -49.62237167 0.65098039 0.74117647 0.85882353
v 0.01555128 0.00643398 -49.61698914 0.65098039 0.74117647 0.85882353
v 0.00171331 0.00528853 -49.62546158 0.65098039 0.74117647 0.85882353
v 0.00210433 -0.01517271 -49.62949753 0.65098039 0.74117647 0.85882353
v 0.17114490 0.03215589 -49.59294510 0.65098039 0.74117647 0.85882353
v 0.16672234 0.05537933 -49.59571457 0.65098039 0.74117647 0.85882353
v 0.13945563 0.04541314 -49.58869934 0.65098039 0.74117647 0.85882353
v 0.14136887 0.02364258 -49.58432388 0.65098039 0.74117647 0.85882353
v 0.15648603 -0.11192130 -49.77059174 0.65098039 0.74117647 0.85882353
v 0.12586248 -0.10162984 -49.78415680 0.65098039 0.74117647 0.85882353
v 0.15568933 -0.11653100 -49.56822968 0.65098039 0.74117647 0.85882353
v 0.15827000 -0.15083970 -49.56842041 0.65098039 0.74117647 0.85882353
v 0.12179449 -0.15067466 -49.56232452 0.65098039 0.74117647 0.85882353
v 0.12068101 -0.11643408 -49.56389618 0.65098039 0.74117647 0.85882353
v 0.08937800 -0.11808957 -49.57476807 0.65098039 0.74117647 0.85882353
v 0.08941610 -0.15061747 -49.57405090 0.65098039 0.74117647 0.85882353
v 0.02706975 -0.09512560 -49.66218185 0.65098039 0.74117647 0.85882353
v 0.03313953 -0.09970511 -49.66577530 0.65098039 0.74117647 0.85882353
v 0.03307066 -0.08356281 -49.63880157 0.65098039 0.74117647 0.85882353
v 0.02342580 -0.07351993 -49.63674927 0.65098039 0.74117647 0.85882353
v 0.16803807 -0.03811620 -49.82699966 0.65098039 0.74117647 0.85882353
v 0.19390777 -0.04334421 -49.80941772 0.65098039 0.74117647 0.85882353
v 0.18818414 -0.06497030 -49.80179977 0.65098039 0.74117647 0.85882353
v 0.16145699 -0.05806597 -49.82069397 0.65098039 0.74117647 0.85882353
v 0.20069112 0.15445907 -49.72572327 0.65098039 0.74117647 0.85882353
v 0.19482552 0.17533551 -49.72335052 0.65098039 0.74117647 0.85882353
v 0.18444556 0.17693438 -49.74139404 0.65098039 0.74117647 0.85882353
v 0.17964324 0.20046376 -49.73881531 0.65098039 0.74117647 0.85882353
v 0.18994433 0.19700222 -49.72153854 0.65098039 0.74117647 0.85882353
v 0.17853653 0.32741547 -49.72587585 0.65098039 0.74117647 0.85882353
v 0.18533114 0.34444582 -49.71757126 0.65098039 0.74117647 0.85882353
v 0.19172263 0.32965606 -49.69816971 0.65098039 0.74117647 0.85882353
v 0.18660253 0.31481779 -49.70667267 0.65098039 0.74117647 0.85882353
v 0.16696867 0.47929627 -49.72681808 0.65098039 0.74117647 0.85882353
v 0.16717409 0.46390373 -49.73253250 0.65098039 0.74117647 0.85882353
v 0.17882365 -0.14422257 -49.74811172 0.65098039 0.74117647 0.85882353
v 0.17997995 -0.17371128 -49.73976898 0.65098039 0.74117647 0.85882353
v 0.14807037 -0.16949080 -49.75400162 0.65098039 0.74117647 0.85882353
v 0.13851450 -0.13328688 -49.76462555 0.65098039 0.74117647 0.85882353
v 0.21759516 -0.17851450 -49.68873596 0.65098039 0.74117647 0.85882353
v 0.22500868 -0.14654623 -49.65601730 0.65098039 0.74117647 0.85882353
v 0.22174931 -0.17843641 -49.65771484 0.65098039 0.74117647 0.85882353
v 0.18905066 -0.18301214 -49.59075928 0.65098039 0.74117647 0.85882353
v 0.21172158 -0.18040453 -49.62291718 0.65098039 0.74117647 0.85882353
v 0.12105818 -0.18519579 -49.56206894 0.65098039 0.74117647 0.85882353
v 0.08939043 -0.18409623 -49.57503128 0.65098039 0.74117647 0.85882353
v 0.04712328 -0.15438698 -49.65780640 0.65098039 0.74117647 0.85882353
v 0.05256997 -0.18056835 -49.66247177 0.65098039 0.74117647 0.85882353
v 0.05663405 -0.18170886 -49.63195801 0.65098039 0.74117647 0.85882353
v 0.05326286 -0.15356289 -49.62788391 0.65098039 0.74117647 0.85882353
v 0.04929711 -0.02231769 -49.60409164 0.65098039 0.74117647 0.85882353
v 0.06022094 -0.04053186 -49.60081482 0.65098039 0.74117647 0.85882353
v 0.08598904 -0.02218966 -49.58927917 0.65098039 0.74117647 0.85882353
v 0.08309796 -0.00169472 -49.59165192 0.65098039 0.74117647 0.85882353
v 0.01061648 0.12276100 -49.59281158 0.65098039 0.74117647 0.85882353
v -0.00464068 0.11925887 -49.60154724 0.65098039 0.74117647 0.85882353
v 0.05123661 0.13162081 -49.58520889 0.65098039 0.74117647 0.85882353
v 0.02910663 0.12694605 -49.58706665 0.65098039 0.74117647 0.85882353
v 0.03120125 0.10738079 -49.58930206 0.65098039 0.74117647 0.85882353
v 0.00416442 0.20837279 -49.58967209 0.65098039 0.74117647 0.85882353
v 0.00466158 0.18657689 -49.59092331 0.65098039 0.74117647 0.85882353
v 0.02628255 0.18874775 -49.58520126 0.65098039 0.74117647 0.85882353
v 0.02634345 0.20974420 -49.58344650 0.65098039 0.74117647 0.85882353
v 0.02667245 0.23225029 -49.58250809 0.65098039 0.74117647 0.85882353
v 0.00471066 0.23124693 -49.58950806 0.65098039 0.74117647 0.85882353
v 0.00612625 0.27787185 -49.59517670 0.65098039 0.74117647 0.85882353
v 0.02694848 0.27455550 -49.58586121 0.65098039 0.74117647 0.85882353
v 0.02190209 0.29030538 -49.58111572 0.65098039 0.74117647 0.85882353
v 0.00829196 0.44079196 -49.60511780 0.65098039 0.74117647 0.85882353
v 0.00090625 0.42481947 -49.60120773 0.65098039 0.74117647 0.85882353
v 0.17244864 0.00564440 -49.58787537 0.65098039 0.74117647 0.85882353
v 0.10040013 -0.13926621 -49.75677109 0.65098039 0.74117647 0.85882353
v 0.11256172 -0.16997577 -49.75336075 0.65098039 0.74117647 0.85882353
v 0.08513892 -0.17253031 -49.73827744 0.65098039 0.74117647 0.85882353
v 0.07623259 -0.14595385 -49.73644257 0.65098039 0.74117647 0.85882353
v 0.18999749 0.06372780 -49.61078262 0.65098039 0.74117647 0.85882353
v 0.14877707 0.14269720 -49.59966660 0.65098039 0.74117647 0.85882353
v 0.15119933 0.12662874 -49.60030365 0.65098039 0.74117647 0.85882353
v 0.12642901 0.29090279 -49.58254242 0.65098039 0.74117647 0.85882353
v 0.13195568 0.27034801 -49.59140396 0.65098039 0.74117647 0.85882353
v 0.01425712 0.33536792 -49.55445862 0.65098039 0.74117647 0.85882353
v 0.01283032 0.34830004 -49.55418396 0.65098039 0.74117647 0.85882353
v 0.22870177 -0.11536558 -49.65591049 0.65098039 0.74117647 0.85882353
v 0.12030546 -0.21720384 -49.56412506 0.65098039 0.74117647 0.85882353
v 0.09029354 -0.21683700 -49.57786942 0.65098039 0.74117647 0.85882353
v 0.09052709 -0.24862339 -49.58193588 0.65098039 0.74117647 0.85882353
v 0.11900014 -0.24825005 -49.56730270 0.65098039 0.74117647 0.85882353
v 0.06448584 -0.20725070 -49.69260788 0.65098039 0.74117647 0.85882353
v 0.07358078 -0.23758806 -49.69321060 0.65098039 0.74117647 0.85882353
v 0.06609359 -0.23842402 -49.66790771 0.65098039 0.74117647 0.85882353
v 0.05908758 -0.20898236 -49.66581726 0.65098039 0.74117647 0.85882353
v 0.08098510 -0.26827407 -49.69186401 0.65098039 0.74117647 0.85882353
v 0.08766523 -0.29844469 -49.69176865 0.65098039 0.74117647 0.85882353
v 0.07754166 -0.30136001 -49.66952896 0.65098039 0.74117647 0.85882353
v 0.07185742 -0.27015597 -49.66744995 0.65098039 0.74117647 0.85882353
v 0.15736780 -0.18460067 -49.56798553 0.65098039 0.74117647 0.85882353
v 0.18065171 -0.24456887 -49.58921432 0.65098039 0.74117647 0.85882353
v 0.18468583 -0.21410705 -49.58959579 0.65098039 0.74117647 0.85882353
v 0.15494519 -0.21667583 -49.56926727 0.65098039 0.74117647 0.85882353
v 0.15238073 -0.24759285 -49.57054138 0.65098039 0.74117647 0.85882353
v 0.20296021 -0.17715259 -49.71717453 0.65098039 0.74117647 0.85882353
v 0.04877967 -0.15401505 -49.68526840 0.65098039 0.74117647 0.85882353
v 0.05614706 -0.17888819 -49.68957138 0.65098039 0.74117647 0.85882353
v 0.10584193 -0.23630281 -49.73035812 0.65098039 0.74117647 0.85882353
v 0.09574600 -0.20416404 -49.73550797 0.65098039 0.74117647 0.85882353
v 0.12301856 -0.20343794 -49.74757385 0.65098039 0.74117647 0.85882353
v 0.13197163 -0.23562984 -49.74024582 0.65098039 0.74117647 0.85882353
v 0.21358126 -0.23505019 -49.67911148 0.65098039 0.74117647 0.85882353
v 0.21510637 -0.20710658 -49.68425751 0.65098039 0.74117647 0.85882353
v 0.21676144 -0.20770998 -49.65311432 0.65098039 0.74117647 0.85882353
v 0.21345265 -0.23616554 -49.64887238 0.65098039 0.74117647 0.85882353
v 0.20572928 -0.21046464 -49.62004852 0.65098039 0.74117647 0.85882353
v 0.20128712 -0.24006368 -49.61781311 0.65098039 0.74117647 0.85882353
v 0.17333856 -0.30413884 -49.58912659 0.65098039 0.74117647 0.85882353
v 0.17702310 -0.27466309 -49.58927917 0.65098039 0.74117647 0.85882353
v 0.14908579 -0.27825987 -49.57264328 0.65098039 0.74117647 0.85882353
v 0.14542228 -0.30828315 -49.57497406 0.65098039 0.74117647 0.85882353
v 0.19435519 -0.29838568 -49.61411667 0.65098039 0.74117647 0.85882353
v 0.19779873 -0.26926243 -49.61589050 0.65098039 0.74117647 0.85882353
v 0.20691831 -0.29249036 -49.64060593 0.65098039 0.74117647 0.85882353
v 0.20988114 -0.26425433 -49.64444351 0.65098039 0.74117647 0.85882353
v 0.20794551 -0.28931630 -49.66693497 0.65098039 0.74117647 0.85882353
v 0.21097885 -0.26227677 -49.67285538 0.65098039 0.74117647 0.85882353
v 0.20102216 -0.28809977 -49.68987656 0.65098039 0.74117647 0.85882353
v 0.20246090 -0.26205724 -49.69770432 0.65098039 0.74117647 0.85882353
v 0.18569414 -0.26266193 -49.71746826 0.65098039 0.74117647 0.85882353
v 0.18618011 -0.28881872 -49.70832062 0.65098039 0.74117647 0.85882353
v 0.16649899 -0.29002935 -49.72004700 0.65098039 0.74117647 0.85882353
v 0.16333032 -0.26298815 -49.72931290 0.65098039 0.74117647 0.85882353
v 0.12162235 -0.29416358 -49.72073364 0.65098039 0.74117647 0.85882353
v 0.11425766 -0.26625818 -49.72508621 0.65098039 0.74117647 0.85882353
v 0.13838091 -0.26470453 -49.73285675 0.65098039 0.74117647 0.85882353
v 0.14383180 -0.29179209 -49.72519684 0.65098039 0.74117647 0.85882353
v 0.15431386 -0.39567488 -49.70907211 0.65098039 0.74117647 0.85882353
v 0.14448409 -0.37078285 -49.71346664 0.65098039 0.74117647 0.85882353
v 0.16243955 -0.36639273 -49.70734024 0.65098039 0.74117647 0.85882353
v 0.16999865 -0.39068949 -49.70197678 0.65098039 0.74117647 0.85882353
v 0.18480432 -0.38622701 -49.69421768 0.65098039 0.74117647 0.85882353
v 0.17755371 -0.36307997 -49.69794083 0.65098039 0.74117647 0.85882353
v 0.19130364 -0.36114836 -49.68691635 0.65098039 0.74117647 0.85882353
v 0.19804214 -0.38352251 -49.68295288 0.65098039 0.74117647 0.85882353
v 0.20352204 -0.36467934 -49.65164566 0.65098039 0.74117647 0.85882353
v 0.20912786 -0.38828552 -49.64826584 0.65098039 0.74117647 0.85882353
v 0.20671870 -0.38423127 -49.66755676 0.65098039 0.74117647 0.85882353
v 0.20047249 -0.36142164 -49.67132187 0.65098039 0.74117647 0.85882353
v 0.20303275 -0.36984879 -49.62878799 0.65098039 0.74117647 0.85882353
v 0.20663851 -0.39452094 -49.62621689 0.65098039 0.74117647 0.85882353
v 0.18968657 -0.37840587 -49.60707092 0.65098039 0.74117647 0.85882353
v 0.19063781 -0.40459210 -49.60760498 0.65098039 0.74117647 0.85882353
v 0.16520837 -0.38811773 -49.59260559 0.65098039 0.74117647 0.85882353
v 0.16673905 -0.41470683 -49.59456635 0.65098039 0.74117647 0.85882353
v 0.09923567 -0.38705415 -49.68376541 0.65098039 0.74117647 0.85882353
v 0.10949340 -0.38163644 -49.70106888 0.65098039 0.74117647 0.85882353
v 0.12160039 -0.40650982 -49.70312881 0.65098039 0.74117647 0.85882353
v 0.10978376 -0.41279906 -49.68832016 0.65098039 0.74117647 0.85882353
v 0.09444667 -0.39647013 -49.63625336 0.65098039 0.74117647 0.85882353
v 0.10597242 -0.42325276 -49.64414597 0.65098039 0.74117647 0.85882353
v 0.10496253 -0.42501736 -49.61719131 0.65098039 0.74117647 0.85882353
v 0.09631938 -0.39891177 -49.60797501 0.65098039 0.74117647 0.85882353
v 0.16950095 -0.33276206 -49.58935165 0.65098039 0.74117647 0.85882353
v 0.19075480 -0.32584244 -49.61225510 0.65098039 0.74117647 0.85882353
v 0.20368186 -0.31935847 -49.63702011 0.65098039 0.74117647 0.85882353
v 0.20425686 -0.31521666 -49.66135788 0.65098039 0.74117647 0.85882353
v 0.12883058 -0.32041842 -49.71814346 0.65098039 0.74117647 0.85882353
v 0.15027441 -0.31740057 -49.71898651 0.65098039 0.74117647 0.85882353
v 0.08312801 -0.33152324 -49.67308426 0.65098039 0.74117647 0.85882353
v 0.09351191 -0.32739496 -49.69344330 0.65098039 0.74117647 0.85882353
v 0.11111577 -0.37032771 -49.58203506 0.65098039 0.74117647 0.85882353
v 0.13891920 -0.36672807 -49.57854462 0.65098039 0.74117647 0.85882353
v 0.14155458 -0.33776236 -49.57735062 0.65098039 0.74117647 0.85882353
v 0.11293203 -0.34003705 -49.57975388 0.65098039 0.74117647 0.85882353
v 0.18968128 -0.35224217 -49.60945511 0.65098039 0.74117647 0.85882353
v 0.20184861 -0.34492201 -49.63300705 0.65098039 0.74117647 0.85882353
v 0.20196922 -0.34023756 -49.65600586 0.65098039 0.74117647 0.85882353
v 0.18802950 -0.33774114 -49.69270325 0.65098039 0.74117647 0.85882353
v 0.19830994 -0.33753073 -49.67622375 0.65098039 0.74117647 0.85882353
v 0.17350717 -0.33963335 -49.70436859 0.65098039 0.74117647 0.85882353
v 0.13654332 -0.34578669 -49.71599579 0.65098039 0.74117647 0.85882353
v 0.15644550 -0.34226978 -49.71371460 0.65098039 0.74117647 0.85882353
v 0.09083666 -0.36026144 -49.67821121 0.65098039 0.74117647 0.85882353
v 0.10054181 -0.35521317 -49.69696808 0.65098039 0.74117647 0.85882353
v 0.11903726 -0.42487180 -49.59346771 0.65098039 0.74117647 0.85882353
v 0.14356615 -0.42190391 -49.58519363 0.65098039 0.74117647 0.85882353
v 0.14009215 -0.39535546 -49.58114624 0.65098039 0.74117647 0.85882353
v 0.11277653 -0.39977771 -49.58519363 0.65098039 0.74117647 0.85882353
v 0.12965932 -0.44724864 -49.60548019 0.65098039 0.74117647 0.85882353
v 0.11868175 -0.44718689 -49.62540436 0.65098039 0.74117647 0.85882353
v 0.20775834 -0.40573996 -49.68201447 0.65098039 0.74117647 0.85882353
v 0.19604571 -0.40797836 -49.69400787 0.65098039 0.74117647 0.85882353
v 0.21607983 -0.40807372 -49.66600037 0.65098039 0.74117647 0.85882353
v 0.19330147 -0.43200779 -49.60815048 0.65098039 0.74117647 0.85882353
v 0.21202444 -0.42000622 -49.62542343 0.65098039 0.74117647 0.85882353
v 0.16926661 -0.44228053 -49.59801483 0.65098039 0.74117647 0.85882353
v 0.14751118 -0.44512928 -49.59487152 0.65098039 0.74117647 0.85882353
v 0.14956239 -0.45528167 -49.70413208 0.65098039 0.74117647 0.85882353
v 0.13779804 -0.46220315 -49.69144440 0.65098039 0.74117647 0.85882353
v 0.12292815 -0.43552870 -49.68958664 0.65098039 0.74117647 0.85882353
v 0.13553023 -0.42999506 -49.70172119 0.65098039 0.74117647 0.85882353
v 0.17958601 -0.44228446 -49.71307755 0.65098039 0.74117647 0.85882353
v 0.16499232 -0.41901702 -49.70503235 0.65098039 0.74117647 0.85882353
v 0.18041134 -0.41325217 -49.70081329 0.65098039 0.74117647 0.85882353
v 0.19674967 -0.43531787 -49.71041870 0.65098039 0.74117647 0.85882353
v 0.22456475 -0.42987120 -49.68627548 0.65098039 0.74117647 0.85882353
v 0.21256532 -0.43093771 -49.70076752 0.65098039 0.74117647 0.85882353
v 0.23226626 -0.43128920 -49.66822433 0.65098039 0.74117647 0.85882353
v 0.21983527 -0.44801527 -49.62660599 0.65098039 0.74117647 0.85882353
v 0.23246618 -0.43703908 -49.64635086 0.65098039 0.74117647 0.85882353
v 0.21870621 -0.41148031 -49.64651108 0.65098039 0.74117647 0.85882353
v 0.19843665 -0.46115524 -49.60880661 0.65098039 0.74117647 0.85882353
v 0.18103233 -0.50273806 -49.61404419 0.65098039 0.74117647 0.85882353
v 0.20791750 -0.49126643 -49.61191177 0.65098039 0.74117647 0.85882353
v 0.17035452 -0.47330886 -49.60724258 0.65098039 0.74117647 0.85882353
v 0.19653399 -0.59669751 -49.65897369 0.65098039 0.74117647 0.85882353
v 0.20846052 -0.62880063 -49.66963577 0.65098039 0.74117647 0.85882353
v 0.22339536 -0.62505233 -49.65467834 0.65098039 0.74117647 0.85882353
v 0.21342219 -0.59339935 -49.64186096 0.65098039 0.74117647 0.85882353
v 0.16097784 -0.48240179 -49.71378326 0.65098039 0.74117647 0.85882353
v 0.14968500 -0.48922724 -49.69799423 0.65098039 0.74117647 0.85882353
v 0.21261036 -0.46057081 -49.72067642 0.65098039 0.74117647 0.85882353
v 0.19358420 -0.46768677 -49.72490311 0.65098039 0.74117647 0.85882353
v 0.24455969 -0.50598365 -49.63337326 0.65098039 0.74117647 0.85882353
v 0.25924027 -0.49410516 -49.65404129 0.65098039 0.74117647 0.85882353
v 0.24630909 -0.46478868 -49.64815140 0.65098039 0.74117647 0.85882353
v 0.23187837 -0.47663695 -49.62784576 0.65098039 0.74117647 0.85882353
v 0.18134299 -0.58024150 -49.72682953 0.65098039 0.74117647 0.85882353
v 0.16908582 -0.54939097 -49.71936035 0.65098039 0.74117647 0.85882353
v 0.18258560 -0.54162920 -49.73525238 0.65098039 0.74117647 0.85882353
v 0.19384935 -0.57321876 -49.74159622 0.65098039 0.74117647 0.85882353
v 0.22507332 -0.48939151 -49.73154449 0.65098039 0.74117647 0.85882353
v 0.23623152 -0.52038115 -49.74004364 0.65098039 0.74117647 0.85882353
v 0.21687739 -0.52702087 -49.74501419 0.65098039 0.74117647 0.85882353
v 0.20498444 -0.49626106 -49.73627090 0.65098039 0.74117647 0.85882353
v 0.26172894 -0.57140428 -49.65238571 0.65098039 0.74117647 0.85882353
v 0.27600396 -0.56149799 -49.67144012 0.65098039 0.74117647 0.85882353
v 0.26940840 -0.52619165 -49.66203690 0.65098039 0.74117647 0.85882353
v 0.25447580 -0.53750330 -49.64180756 0.65098039 0.74117647 0.85882353
v 0.19223502 -0.53180242 -49.62124252 0.65098039 0.74117647 0.85882353
v 0.20369226 -0.56191462 -49.63043594 0.65098039 0.74117647 0.85882353
v 0.23010097 -0.55053610 -49.62831116 0.65098039 0.74117647 0.85882353
v 0.21958385 -0.52029634 -49.61895752 0.65098039 0.74117647 0.85882353
v 0.17374617 -0.53509504 -49.63929367 0.65098039 0.74117647 0.85882353
v 0.18531500 -0.56502765 -49.64809418 0.65098039 0.74117647 0.85882353
v 0.22123037 -0.64169914 -49.74462509 0.65098039 0.74117647 0.85882353
v 0.21158370 -0.65018284 -49.73365021 0.65098039 0.74117647 0.85882353
v 0.19657029 -0.61435604 -49.73020554 0.65098039 0.74117647 0.85882353
v 0.20766076 -0.60639584 -49.74283218 0.65098039 0.74117647 0.85882353
v 0.24604757 -0.55407059 -49.74417114 0.65098039 0.74117647 0.85882353
v 0.25377703 -0.59047920 -49.74526978 0.65098039 0.74117647 0.85882353
v 0.23699994 -0.59493762 -49.75018692 0.65098039 0.74117647 0.85882353
v 0.22720864 -0.55971104 -49.75024033 0.65098039 0.74117647 0.85882353
v 0.27455914 -0.64391834 -49.67654037 0.65098039 0.74117647 0.85882353
v 0.28504282 -0.63627940 -49.69282913 0.65098039 0.74117647 0.85882353
v 0.28078848 -0.59871715 -49.68171692 0.65098039 0.74117647 0.85882353
v 0.26842368 -0.60689956 -49.66456985 0.65098039 0.74117647 0.85882353
v 0.23429389 -0.65956903 -49.66813660 0.65098039 0.74117647 0.85882353
v 0.25606620 -0.65252453 -49.66524506 0.65098039 0.74117647 0.85882353
v 0.24723175 -0.61685473 -49.65129471 0.65098039 0.74117647 0.85882353
v 0.22058061 -0.66281343 -49.68104553 0.65098039 0.74117647 0.85882353
v 0.23163581 -0.69693542 -49.69051743 0.65098039 0.74117647 0.85882353
v 0.24330007 -0.69414771 -49.67981720 0.65098039 0.74117647 0.85882353
v 0.23295759 -0.67635423 -49.74737167 0.65098039 0.74117647 0.85882353
v 0.22487412 -0.68348551 -49.73600388 0.65098039 0.74117647 0.85882353
v 0.25389689 -0.66645205 -49.75499344 0.65098039 0.74117647 0.85882353
v 0.24627687 -0.63125569 -49.75112915 0.65098039 0.74117647 0.85882353
v 0.26089293 -0.62692732 -49.74743652 0.65098039 0.74117647 0.85882353
v 0.26734114 -0.66177142 -49.75210190 0.65098039 0.74117647 0.85882353
v 0.28494012 -0.62834758 -49.72403717 0.65098039 0.74117647 0.85882353
v 0.28916132 -0.66352177 -49.73011398 0.65098039 0.74117647 0.85882353
v 0.28011870 -0.66075557 -49.74310303 0.65098039 0.74117647 0.85882353
v 0.27482378 -0.62568003 -49.73767090 0.65098039 0.74117647 0.85882353
v 0.28817463 -0.67082965 -49.70301819 0.65098039 0.74117647 0.85882353
v 0.29100758 -0.66638118 -49.71733856 0.65098039 0.74117647 0.85882353
v 0.28865647 -0.63096231 -49.70898438 0.65098039 0.74117647 0.85882353
v 0.27931011 -0.67775309 -49.68719864 0.65098039 0.74117647 0.85882353
v 0.26205385 -0.68720293 -49.67741394 0.65098039 0.74117647 0.85882353
v 0.07651531 -0.11285360 -49.74478149 0.65098039 0.74117647 0.85882353
v 0.08834241 -0.11902998 -49.75192261 0.65098039 0.74117647 0.85882353
v 0.06857532 -0.12791051 -49.72927094 0.65098039 0.74117647 0.85882353
v 0.05972037 -0.11895521 -49.72187042 0.65098039 0.74117647 0.85882353
v 0.06529934 -0.24276839 -49.63640594 0.65098039 0.74117647 0.85882353
v 0.06085056 -0.21145718 -49.63425064 0.65098039 0.74117647 0.85882353
v 0.07329221 -0.30580711 -49.64351654 0.65098039 0.74117647 0.85882353
v 0.06913550 -0.27487588 -49.63864899 0.65098039 0.74117647 0.85882353
v 0.07920196 -0.33594805 -49.64811707 0.65098039 0.74117647 0.85882353
v 0.09518842 -0.39282387 -49.66239929 0.65098039 0.74117647 0.85882353
v 0.08671175 -0.36518043 -49.65439606 0.65098039 0.74117647 0.85882353
v 0.10588698 -0.41887498 -49.66795349 0.65098039 0.74117647 0.85882353
v 0.11870524 -0.44379330 -49.67044830 0.65098039 0.74117647 0.85882353
v 0.13297543 -0.47006863 -49.67234421 0.65098039 0.74117647 0.85882353
v 0.15554808 -0.52458286 -49.68551254 0.65098039 0.74117647 0.85882353
v 0.14620778 -0.49614871 -49.67705917 0.65098039 0.74117647 0.85882353
v 0.15917557 -0.51895922 -49.70860291 0.65098039 0.74117647 0.85882353
v 0.17751417 -0.58793932 -49.70368576 0.65098039 0.74117647 0.85882353
v 0.16546388 -0.55556369 -49.69508743 0.65098039 0.74117647 0.85882353
v 0.20837186 -0.65760833 -49.71656036 0.65098039 0.74117647 0.85882353
v 0.19272187 -0.62250632 -49.71060562 0.65098039 0.74117647 0.85882353
v 0.22281463 -0.69026667 -49.72024918 0.65098039 0.74117647 0.85882353
v 0.06632741 -0.09650080 -49.59757233 0.65098039 0.74117647 0.85882353
v 0.06597994 -0.07490991 -49.59737778 0.65098039 0.74117647 0.85882353
v 0.04786251 -0.08918954 -49.61785126 0.65098039 0.74117647 0.85882353
v 0.04965519 -0.10635455 -49.62093353 0.65098039 0.74117647 0.85882353
v 0.03921732 -0.10515337 -49.69446945 0.65098039 0.74117647 0.85882353
v 0.04333074 -0.10642044 -49.69871521 0.65098039 0.74117647 0.85882353
v 0.03755771 -0.10536565 -49.68388367 0.65098039 0.74117647 0.85882353
v 0.03295471 -0.10321157 -49.68078232 0.65098039 0.74117647 0.85882353
v 0.16667688 -0.36076856 -49.59073257 0.65098039 0.74117647 0.85882353
v 0.19929136 -0.31325763 -49.68275452 0.65098039 0.74117647 0.85882353
v 0.16993403 -0.31505221 -49.71160507 0.65098039 0.74117647 0.85882353
v 0.18663675 -0.31364381 -49.69955444 0.65098039 0.74117647 0.85882353
v 0.08381629 -0.36951834 -49.62771225 0.65098039 0.74117647 0.85882353
v 0.09153676 -0.37062770 -49.60074615 0.65098039 0.74117647 0.85882353
v 0.09040441 -0.34087151 -49.59590912 0.65098039 0.74117647 0.85882353
v 0.08029743 -0.33981192 -49.62104034 0.65098039 0.74117647 0.85882353
v 0.16270296 -0.50883579 -49.63183594 0.65098039 0.74117647 0.85882353
v 0.15082955 -0.50365275 -49.65410614 0.65098039 0.74117647 0.85882353
v 0.16295658 -0.53083086 -49.66232681 0.65098039 0.74117647 0.85882353
v 0.15193146 -0.48505396 -49.62345505 0.65098039 0.74117647 0.85882353
v 0.24901095 -0.45700681 -49.67148972 0.65098039 0.74117647 0.85882353
v 0.24233319 -0.45462304 -49.69217300 0.65098039 0.74117647 0.85882353
v 0.24346812 -0.48406440 -49.71891403 0.65098039 0.74117647 0.85882353
v 0.22955586 -0.45617193 -49.70873260 0.65098039 0.74117647 0.85882353
v 0.25733829 -0.48282266 -49.70050430 0.65098039 0.74117647 0.85882353
v 0.07453528 -0.27990967 -49.61093140 0.65098039 0.74117647 0.85882353
v 0.07698663 -0.30999559 -49.61614609 0.65098039 0.74117647 0.85882353
v 0.09115114 -0.31075102 -49.59155655 0.65098039 0.74117647 0.85882353
v 0.09078929 -0.27991766 -49.58679199 0.65098039 0.74117647 0.85882353
v 0.18643801 0.23297991 -49.70114136 0.65098039 0.74117647 0.85882353
v 0.18787651 0.22642942 -49.68000793 0.65098039 0.74117647 0.85882353
v 0.09113082 0.31504786 -49.55757904 0.65098039 0.74117647 0.85882353
v 0.07923284 0.30678004 -49.55889130 0.65098039 0.74117647 0.85882353
v 0.08989975 0.29576278 -49.56842422 0.65098039 0.74117647 0.85882353
v 0.10558249 0.30469054 -49.56846237 0.65098039 0.74117647 0.85882353
v 0.11598981 0.31653214 -49.56719589 0.65098039 0.74117647 0.85882353
v 0.10060304 0.32617325 -49.55651855 0.65098039 0.74117647 0.85882353
v 0.12328452 0.33054096 -49.56676865 0.65098039 0.74117647 0.85882353
v 0.10794342 0.34007955 -49.55680847 0.65098039 0.74117647 0.85882353
v 0.13850987 0.39538956 -49.56748962 0.65098039 0.74117647 0.85882353
v 0.14068472 0.40433693 -49.56486130 0.65098039 0.74117647 0.85882353
v -0.01322734 0.27630615 -49.60697174 0.65098039 0.74117647 0.85882353
v -0.01441593 0.25342029 -49.60341263 0.65098039 0.74117647 0.85882353
v 0.00530337 0.25407594 -49.59099960 0.65098039 0.74117647 0.85882353
v 0.03308407 0.08921279 -49.59259033 0.65098039 0.74117647 0.85882353
v 0.05511694 0.01252706 -49.60091019 0.65098039 0.74117647 0.85882353
v 0.03277125 0.00829770 -49.60872650 0.65098039 0.74117647 0.85882353
v 0.02839898 -0.01784204 -49.61480331 0.65098039 0.74117647 0.85882353
v 0.01305510 -0.07630439 -49.64971924 0.65098039 0.74117647 0.85882353
v 0.01381736 -0.08797489 -49.66547394 0.65098039 0.74117647 0.85882353
v 0.02536908 -0.10086323 -49.68268585 0.65098039 0.74117647 0.85882353
v 0.03436682 -0.10467239 -49.69562531 0.65098039 0.74117647 0.85882353
v 0.16239192 0.29490715 -49.75146866 0.65098039 0.74117647 0.85882353
v 0.16409802 0.31778270 -49.74888992 0.65098039 0.74117647 0.85882353
v 0.12964270 0.48704630 -49.74876785 0.65098039 0.74117647 0.85882353
v 0.14710268 0.48998141 -49.73645401 0.65098039 0.74117647 0.85882353
v 0.14280480 0.51577300 -49.72820282 0.65098039 0.74117647 0.85882353
v 0.12586579 0.51244938 -49.74078751 0.65098039 0.74117647 0.85882353
v 0.12202516 0.52353930 -49.73682404 0.65098039 0.74117647 0.85882353
v 0.13869439 0.52626503 -49.72471619 0.65098039 0.74117647 0.85882353
v 0.08997019 0.57469183 -49.71542358 0.65098039 0.74117647 0.85882353
v 0.09917438 0.56311631 -49.71924973 0.65098039 0.74117647 0.85882353
v 0.05186239 -0.10434099 -49.71487808 0.65098039 0.74117647 0.85882353
v 0.05800691 -0.10610007 -49.72333527 0.65098039 0.74117647 0.85882353
v 0.04735212 -0.10850547 -49.70470428 0.65098039 0.74117647 0.85882353
v 0.04301865 -0.13211207 -49.65303421 0.65098039 0.74117647 0.85882353
v 0.04024993 -0.11508478 -49.64736176 0.65098039 0.74117647 0.85882353
v 0.04009739 -0.12025832 -49.67423248 0.65098039 0.74117647 0.85882353
v 0.04373257 -0.13427217 -49.67955399 0.65098039 0.74117647 0.85882353
v 0.21373923 -0.08158679 -49.61470413 0.65098039 0.74117647 0.85882353
v 0.18587750 -0.08452676 -49.58485413 0.65098039 0.74117647 0.85882353
v 0.18573907 -0.12248228 -49.75219727 0.65098039 0.74117647 0.85882353
v 0.17435423 0.28573489 -49.49699402 0.65098039 0.74117647 0.85882353
v 0.17031604 0.30344892 -49.51696777 0.65098039 0.74117647 0.85882353
v 0.18497582 0.30190343 -49.51737976 0.65098039 0.74117647 0.85882353
v 0.18825814 0.28499192 -49.49636078 0.65098039 0.74117647 0.85882353
v 0.17136875 0.39169484 -49.74254990 0.65098039 0.74117647 0.85882353
v 0.17393321 0.36532807 -49.73834991 0.65098039 0.74117647 0.85882353
v 0.10889550 0.54618263 -49.62005234 0.65098039 0.74117647 0.85882353
v 0.15552226 0.53797430 -49.56761169 0.65098039 0.74117647 0.85882353
v 0.14934036 0.54173803 -49.58000183 0.65098039 0.74117647 0.85882353
v 0.13013473 0.52839768 -49.56531525 0.65098039 0.74117647 0.85882353
v 0.13495818 0.52581179 -49.55500031 0.65098039 0.74117647 0.85882353
v 0.20871982 0.49991989 -49.62469101 0.65098039 0.74117647 0.85882353
v 0.20594732 0.50288218 -49.64028549 0.65098039 0.74117647 0.85882353
v 0.19970234 0.51882529 -49.62856674 0.65098039 0.74117647 0.85882353
v 0.20250224 0.51469171 -49.61437988 0.65098039 0.74117647 0.85882353
v 0.19969778 0.02830988 -49.81294250 0.65098039 0.74117647 0.85882353
v 0.17582388 0.02943507 -49.82904816 0.65098039 0.74117647 0.85882353
v 0.14831343 0.22984429 -49.76836014 0.65098039 0.74117647 0.85882353
v 0.14714871 0.25410646 -49.76756668 0.65098039 0.74117647 0.85882353
v 0.16143742 0.24932246 -49.75421143 0.65098039 0.74117647 0.85882353
v 0.16385761 0.22615163 -49.75459290 0.65098039 0.74117647 0.85882353
v 0.18925656 0.37530524 -49.71701050 0.65098039 0.74117647 0.85882353
v 0.19376785 0.35754174 -49.70257950 0.65098039 0.74117647 0.85882353
v -0.01963441 0.35216546 -49.58838272 0.65098039 0.74117647 0.85882353
v -0.00981249 0.35776496 -49.57564163 0.65098039 0.74117647 0.85882353
v -0.00600640 0.37759298 -49.57881165 0.65098039 0.74117647 0.85882353
v -0.01741632 0.37374103 -49.59070969 0.65098039 0.74117647 0.85882353
v 0.20753761 0.33912110 -49.53289795 0.65098039 0.74117647 0.85882353
v 0.19505861 0.32462591 -49.53459167 0.65098039 0.74117647 0.85882353
v 0.18855725 0.34243065 -49.55217361 0.65098039 0.74117647 0.85882353
v 0.19899185 0.35144961 -49.55298233 0.65098039 0.74117647 0.85882353
v 0.22957878 -0.09451033 -49.69949341 0.65098039 0.74117647 0.85882353
v 0.23121655 -0.07874937 -49.65778351 0.65098039 0.74117647 0.85882353
v 0.18311185 0.25308126 -49.65507507 0.65098039 0.74117647 0.85882353
v 0.18259478 0.23608033 -49.65727997 0.65098039 0.74117647 0.85882353
v 0.18614459 0.24433030 -49.68006897 0.65098039 0.74117647 0.85882353
v 0.18795718 0.26131296 -49.67775726 0.65098039 0.74117647 0.85882353
v 0.18277192 0.30046940 -49.63951111 0.65098039 0.74117647 0.85882353
v 0.18298382 0.28578568 -49.64540863 0.65098039 0.74117647 0.85882353
v 0.18473217 0.31481051 -49.63263702 0.65098039 0.74117647 0.85882353
v 0.18172693 0.39792532 -49.58500290 0.65098039 0.74117647 0.85882353
v 0.18345217 0.39628202 -49.59044266 0.65098039 0.74117647 0.85882353
v 0.18930365 0.39761704 -49.59556961 0.65098039 0.74117647 0.85882353
v 0.05150417 -0.12751390 -49.62424850 0.65098039 0.74117647 0.85882353
v 0.04227614 -0.06199543 -49.61622238 0.65098039 0.74117647 0.85882353
v 0.03217672 -0.05104972 -49.61763000 0.65098039 0.74117647 0.85882353
v 0.04634779 -0.10393740 -49.70774078 0.65098039 0.74117647 0.85882353
v 0.04270117 -0.10451530 -49.70648956 0.65098039 0.74117647 0.85882353
v 0.08923995 0.55978823 -49.62697983 0.65098039 0.74117647 0.85882353
v 0.09875930 0.56638139 -49.63760376 0.65098039 0.74117647 0.85882353
v 0.15806320 0.36585814 -49.55104446 0.65098039 0.74117647 0.85882353
v 0.16222529 0.38399225 -49.55916977 0.65098039 0.74117647 0.85882353
v 0.17825712 0.38038790 -49.59499359 0.65098039 0.74117647 0.85882353
v 0.17720653 0.38812017 -49.59045410 0.65098039 0.74117647 0.85882353
v 0.16627848 0.39085925 -49.58266068 0.65098039 0.74117647 0.85882353
v 0.16569489 0.38281542 -49.58640671 0.65098039 0.74117647 0.85882353
v 0.18766254 0.38121080 -49.60340118 0.65098039 0.74117647 0.85882353
v 0.18549491 0.38786942 -49.59794617 0.65098039 0.74117647 0.85882353
v 0.09293868 0.44573677 -49.54815292 0.65098039 0.74117647 0.85882353
v 0.09904592 0.46355462 -49.54698563 0.65098039 0.74117647 0.85882353
v 0.09176570 0.46774262 -49.55419540 0.65098039 0.74117647 0.85882353
v 0.08537428 0.44932282 -49.55364609 0.65098039 0.74117647 0.85882353
v 0.07541062 0.45041615 -49.55948639 0.65098039 0.74117647 0.85882353
v 0.08375140 0.47012317 -49.56182480 0.65098039 0.74117647 0.85882353
v 0.07328133 0.47043067 -49.56953430 0.65098039 0.74117647 0.85882353
v 0.06378885 0.45037800 -49.56650162 0.65098039 0.74117647 0.85882353
v 0.09026444 0.52618051 -49.60572052 0.65098039 0.74117647 0.85882353
v 0.06850110 0.51719207 -49.60607910 0.65098039 0.74117647 0.85882353
v 0.04832954 0.51024997 -49.61156464 0.65098039 0.74117647 0.85882353
v 0.03059358 0.50542772 -49.61801910 0.65098039 0.74117647 0.85882353
v 0.10853781 0.55335808 -49.72380447 0.65098039 0.74117647 0.85882353
v 0.12564427 0.55541062 -49.70837402 0.65098039 0.74117647 0.85882353
v 0.12922291 0.54503846 -49.71695328 0.65098039 0.74117647 0.85882353
v 0.11457841 0.54377365 -49.72894287 0.65098039 0.74117647 0.85882353
v 0.09987173 0.54342401 -49.73901367 0.65098039 0.74117647 0.85882353
v 0.09402761 0.55413979 -49.73437881 0.65098039 0.74117647 0.85882353
v 0.07599053 0.54518980 -49.62147141 0.65098039 0.74117647 0.85882353
v 0.05837687 0.53999126 -49.61941528 0.65098039 0.74117647 0.85882353
v 0.03988773 0.52625459 -49.62324905 0.65098039 0.74117647 0.85882353
v 0.19089009 0.36282820 -49.43770981 0.65098039 0.74117647 0.85882353
v 0.18823430 0.38156295 -49.45258331 0.65098039 0.74117647 0.85882353
v 0.10885310 0.58289003 -49.66350937 0.65098039 0.74117647 0.85882353
v 0.10543738 0.57547712 -49.64973831 0.65098039 0.74117647 0.85882353
v 0.20736684 0.35631031 -49.44432449 0.65098039 0.74117647 0.85882353
v 0.20484446 0.37553781 -49.45953369 0.65098039 0.74117647 0.85882353
v 0.10773966 0.50985217 -49.56737137 0.65098039 0.74117647 0.85882353
v 0.11426269 0.50919294 -49.55746841 0.65098039 0.74117647 0.85882353
v 0.12422616 0.52951819 -49.57598114 0.65098039 0.74117647 0.85882353
v 0.07592100 0.55383003 -49.62072754 0.65098039 0.74117647 0.85882353
v 0.05951440 0.54929852 -49.61750031 0.65098039 0.74117647 0.85882353
v 0.20828894 -0.04825245 -49.60929108 0.65098039 0.74117647 0.85882353
v 0.18048716 -0.05281793 -49.58355331 0.65098039 0.74117647 0.85882353
v 0.16161790 0.20281728 -49.61562347 0.65098039 0.74117647 0.85882353
v 0.14235418 0.19453429 -49.60067368 0.65098039 0.74117647 0.85882353
v -0.03185418 0.20688505 -49.61415863 0.65098039 0.74117647 0.85882353
v -0.03089546 0.18578707 -49.61439514 0.65098039 0.74117647 0.85882353
v -0.01397599 0.18545054 -49.60102844 0.65098039 0.74117647 0.85882353
v -0.01495860 0.20757426 -49.60023117 0.65098039 0.74117647 0.85882353
v -0.03054336 0.27433455 -49.62216949 0.65098039 0.74117647 0.85882353
v -0.03124239 0.25212336 -49.61910629 0.65098039 0.74117647 0.85882353
v 0.03604959 0.55270231 -49.61386871 0.65098039 0.74117647 0.85882353
v 0.00802432 0.14414515 -49.59281540 0.65098039 0.74117647 0.85882353
v 0.00620111 0.16566812 -49.59274673 0.65098039 0.74117647 0.85882353
v -0.01185039 0.16360466 -49.60337830 0.65098039 0.74117647 0.85882353
v -0.01086498 0.14003806 -49.60420609 0.65098039 0.74117647 0.85882353
v -0.01489412 0.11665224 -49.61062241 0.65098039 0.74117647 0.85882353
v -0.01513766 0.10726877 -49.61172867 0.65098039 0.74117647 0.85882353
v 0.01107621 -0.03446592 -49.62713242 0.65098039 0.74117647 0.85882353
v 0.00275033 -0.03361012 -49.63288498 0.65098039 0.74117647 0.85882353
v 0.14645538 0.42712134 -49.49315262 0.65098039 0.74117647 0.85882353
v 0.16317338 0.43479693 -49.48741913 0.65098039 0.74117647 0.85882353
v 0.16046736 0.44930422 -49.49573135 0.65098039 0.74117647 0.85882353
v 0.14524511 0.43965113 -49.50066757 0.65098039 0.74117647 0.85882353
v 0.05056263 0.15189050 -49.58551407 0.65098039 0.74117647 0.85882353
v 0.02781158 0.14806084 -49.58696365 0.65098039 0.74117647 0.85882353
v 0.12393816 0.39247918 -49.55879211 0.65098039 0.74117647 0.85882353
v 0.13676441 0.38517171 -49.56959534 0.65098039 0.74117647 0.85882353
v -0.01616637 0.29878920 -49.60637283 0.65098039 0.74117647 0.85882353
v 0.00247335 0.36210978 -49.56462860 0.65098039 0.74117647 0.85882353
v 0.00666112 0.37963659 -49.56804657 0.65098039 0.74117647 0.85882353
v 0.01498006 0.36464453 -49.55616379 0.65098039 0.74117647 0.85882353
v 0.01971178 0.38113654 -49.55945587 0.65098039 0.74117647 0.85882353
v 0.05174912 -0.10182945 -49.71846008 0.65098039 0.74117647 0.85882353
v 0.05301940 -0.10115315 -49.71776199 0.65098039 0.74117647 0.85882353
v 0.22398952 0.41496634 -49.54828644 0.65098039 0.74117647 0.85882353
v 0.22152185 0.40677589 -49.55300903 0.65098039 0.74117647 0.85882353
v 0.22156747 0.41592669 -49.56354141 0.65098039 0.74117647 0.85882353
v 0.22441204 0.42471063 -49.55847931 0.65098039 0.74117647 0.85882353
v 0.05868328 -0.15074186 -49.71043777 0.65098039 0.74117647 0.85882353
v 0.05267553 -0.13324408 -49.70492172 0.65098039 0.74117647 0.85882353
v 0.10798062 -0.10781841 -49.76755142 0.65098039 0.74117647 0.85882353
v 0.08814089 -0.10603227 -49.76044083 0.65098039 0.74117647 0.85882353
v 0.09038451 -0.09675880 -49.76860046 0.65098039 0.74117647 0.85882353
v 0.09617388 -0.09330411 -49.77872849 0.65098039 0.74117647 0.85882353
v 0.06870780 -0.18456484 -49.60108185 0.65098039 0.74117647 0.85882353
v 0.06814083 -0.15267067 -49.59899139 0.65098039 0.74117647 0.85882353
v 0.07073407 -0.21680214 -49.60400391 0.65098039 0.74117647 0.85882353
v 0.07255156 -0.24863614 -49.60709000 0.65098039 0.74117647 0.85882353
v 0.11962038 -0.44810033 -49.64812851 0.65098039 0.74117647 0.85882353
v 0.13576657 -0.47572595 -49.64567184 0.65098039 0.74117647 0.85882353
v 0.17450757 -0.56120783 -49.67133713 0.65098039 0.74117647 0.85882353
v 0.18614177 -0.59343541 -49.68043900 0.65098039 0.74117647 0.85882353
v 0.19940171 -0.62730151 -49.68959427 0.65098039 0.74117647 0.85882353
v 0.22536324 -0.69515789 -49.70451355 0.65098039 0.74117647 0.85882353
v 0.21301492 -0.66235238 -49.69838715 0.65098039 0.74117647 0.85882353
v 0.21821730 0.34452105 -49.45269394 0.65098039 0.74117647 0.85882353
v 0.22443680 0.33069777 -49.46123886 0.65098039 0.74117647 0.85882353
v 0.22197545 0.35043460 -49.47960281 0.65098039 0.74117647 0.85882353
v 0.21620663 0.36518896 -49.46979141 0.65098039 0.74117647 0.85882353
v 0.14702149 0.33626431 -49.52066040 0.65098039 0.74117647 0.85882353
v 0.14937553 0.31890142 -49.50549316 0.65098039 0.74117647 0.85882353
v 0.14301868 0.33011788 -49.49631500 0.65098039 0.74117647 0.85882353
v 0.14082974 0.34813190 -49.51144791 0.65098039 0.74117647 0.85882353
v 0.15288934 0.30108458 -49.48869705 0.65098039 0.74117647 0.85882353
v 0.15853152 0.30956399 -49.51274109 0.65098039 0.74117647 0.85882353
v 0.16247110 0.29161954 -49.49414825 0.65098039 0.74117647 0.85882353
v 0.20230806 0.28982621 -49.49230194 0.65098039 0.74117647 0.85882353
v 0.19907540 0.30626202 -49.51371384 0.65098039 0.74117647 0.85882353
v 0.21103235 0.31641608 -49.50791168 0.65098039 0.74117647 0.85882353
v 0.21357311 0.29780847 -49.48602676 0.65098039 0.74117647 0.85882353
v 0.22537014 0.31763440 -49.46995163 0.65098039 0.74117647 0.85882353
v 0.22142915 0.30646777 -49.47841644 0.65098039 0.74117647 0.85882353
v 0.21919505 0.32555515 -49.49803925 0.65098039 0.74117647 0.85882353
v 0.22259900 0.33655703 -49.48805237 0.65098039 0.74117647 0.85882353
v 0.14214796 0.33551717 -49.46128464 0.65098039 0.74117647 0.85882353
v 0.13852358 0.35446656 -49.47663879 0.65098039 0.74117647 0.85882353
v 0.13882120 0.34213686 -49.48681259 0.65098039 0.74117647 0.85882353
v 0.14195296 0.32386148 -49.47111893 0.65098039 0.74117647 0.85882353
v 0.18183854 0.43756175 -49.48833847 0.65098039 0.74117647 0.85882353
v 0.18019222 0.45375633 -49.49532318 0.65098039 0.74117647 0.85882353
v 0.13450097 0.42105269 -49.54985046 0.65098039 0.74117647 0.85882353
v 0.13871741 0.42283016 -49.54767990 0.65098039 0.74117647 0.85882353
v 0.13145249 0.43178588 -49.53306580 0.65098039 0.74117647 0.85882353
v 0.12760580 0.43324363 -49.53670883 0.65098039 0.74117647 0.85882353
v 0.16631572 0.40188152 -49.46660995 0.65098039 0.74117647 0.85882353
v 0.18577658 0.40058905 -49.46709061 0.65098039 0.74117647 0.85882353
v 0.18370345 0.41976678 -49.47916031 0.65098039 0.74117647 0.85882353
v 0.16439302 0.41935599 -49.47857285 0.65098039 0.74117647 0.85882353
v 0.13537006 0.37303281 -49.49159241 0.65098039 0.74117647 0.85882353
v 0.13228248 0.39069611 -49.50552368 0.65098039 0.74117647 0.85882353
v 0.13490310 0.37874556 -49.51596451 0.65098039 0.74117647 0.85882353
v 0.13636315 0.36058718 -49.50195694 0.65098039 0.74117647 0.85882353
v 0.17635897 0.33945143 -49.55151367 0.65098039 0.74117647 0.85882353
v 0.18018803 0.32036883 -49.53633881 0.65098039 0.74117647 0.85882353
v 0.13525352 0.42844129 -49.51196671 0.65098039 0.74117647 0.85882353
v 0.13513952 0.41661644 -49.50353622 0.65098039 0.74117647 0.85882353
v 0.12087334 0.38138527 -49.56002426 0.65098039 0.74117647 0.85882353
v 0.16529949 0.37440693 -49.58829880 0.65098039 0.74117647 0.85882353
v 0.16503274 0.36490464 -49.58991623 0.65098039 0.74117647 0.85882353
v 0.07127181 0.31927449 -49.54943085 0.65098039 0.74117647 0.85882353
v 0.06765863 0.33373773 -49.54341888 0.65098039 0.74117647 0.85882353
v 0.14614907 0.34082043 -49.57907486 0.65098039 0.74117647 0.85882353
v 0.14185336 0.32421243 -49.57890701 0.65098039 0.74117647 0.85882353
v 0.07489309 0.33551520 -49.54452896 0.65098039 0.74117647 0.85882353
v 0.08047549 0.32609534 -49.54884338 0.65098039 0.74117647 0.85882353
v 0.04834653 0.25412202 -49.57973862 0.65098039 0.74117647 0.85882353
v 0.03593300 0.51598692 -49.62184525 0.65098039 0.74117647 0.85882353
v 0.13594753 0.40283698 -49.49448395 0.65098039 0.74117647 0.85882353
v 0.14698137 0.41302395 -49.48437119 0.65098039 0.74117647 0.85882353
v 0.19336981 0.36391896 -49.56592560 0.65098039 0.74117647 0.85882353
v 0.18432182 0.35912347 -49.56546783 0.65098039 0.74117647 0.85882353
v 0.18327123 0.37500536 -49.57460785 0.65098039 0.74117647 0.85882353
v 0.18973130 0.37652898 -49.57595825 0.65098039 0.74117647 0.85882353
v 0.20604555 0.39305294 -49.67901611 0.65098039 0.74117647 0.85882353
v 0.20544408 0.38057011 -49.66949081 0.65098039 0.74117647 0.85882353
v 0.20085724 0.36873144 -49.68648911 0.65098039 0.74117647 0.85882353
v 0.19959843 0.38367516 -49.69804764 0.65098039 0.74117647 0.85882353
v 0.22460344 0.42572129 -49.53434753 0.65098039 0.74117647 0.85882353
v 0.22463758 0.43825072 -49.54362106 0.65098039 0.74117647 0.85882353
v 0.22071408 0.44503409 -49.53149414 0.65098039 0.74117647 0.85882353
v 0.22055803 0.42933887 -49.52261353 0.65098039 0.74117647 0.85882353
v 0.21263330 0.45028383 -49.51773071 0.65098039 0.74117647 0.85882353
v 0.19935347 0.45403272 -49.50415039 0.65098039 0.74117647 0.85882353
v 0.20076190 0.43550462 -49.49577332 0.65098039 0.74117647 0.85882353
v 0.21360961 0.43211430 -49.50911331 0.65098039 0.74117647 0.85882353
v 0.21873534 -0.01095693 -49.63473892 0.65098039 0.74117647 0.85882353
v 0.22998530 -0.00623791 -49.66666794 0.65098039 0.74117647 0.85882353
v 0.10235713 0.10981385 -49.58998108 0.65098039 0.74117647 0.85882353
v 0.12702429 0.11750041 -49.59319687 0.65098039 0.74117647 0.85882353
v 0.08242956 0.02228917 -49.59273911 0.65098039 0.74117647 0.85882353
v 0.03497684 -0.10527329 -49.66778564 0.65098039 0.74117647 0.85882353
v 0.03486872 -0.09343438 -49.63973618 0.65098039 0.74117647 0.85882353
v 0.06693403 -0.17639597 -49.71524811 0.65098039 0.74117647 0.85882353
v 0.20240486 -0.01683964 -49.60783386 0.65098039 0.74117647 0.85882353
v 0.08660026 -0.23683451 -49.71379089 0.65098039 0.74117647 0.85882353
v 0.07671948 -0.20576446 -49.71589279 0.65098039 0.74117647 0.85882353
v 0.16020960 -0.23470213 -49.73816299 0.65098039 0.74117647 0.85882353
v 0.15509574 -0.20391040 -49.74648666 0.65098039 0.74117647 0.85882353
v 0.18226701 -0.20509468 -49.73285294 0.65098039 0.74117647 0.85882353
v 0.18433502 -0.23478083 -49.72587204 0.65098039 0.74117647 0.85882353
v 0.20314381 -0.20655711 -49.71180344 0.65098039 0.74117647 0.85882353
v 0.20336090 -0.23508354 -49.70540619 0.65098039 0.74117647 0.85882353
v 0.11547753 -0.30953544 -49.57640076 0.65098039 0.74117647 0.85882353
v 0.25458536 -0.51610112 -49.72718811 0.65098039 0.74117647 0.85882353
v 0.27530029 -0.55125487 -49.71453476 0.65098039 0.74117647 0.85882353
v 0.26304421 -0.55124855 -49.73205185 0.65098039 0.74117647 0.85882353
v 0.26820087 -0.51507634 -49.70834732 0.65098039 0.74117647 0.85882353
v 0.26302248 -0.48593163 -49.67804718 0.65098039 0.74117647 0.85882353
v 0.27330771 -0.51835430 -49.68552017 0.65098039 0.74117647 0.85882353
v 0.23816615 -0.58302212 -49.63898087 0.65098039 0.74117647 0.85882353
v 0.26927936 -0.58836651 -49.73429489 0.65098039 0.74117647 0.85882353
v 0.28040606 -0.58999336 -49.71881866 0.65098039 0.74117647 0.85882353
v 0.28002810 -0.55446064 -49.69270706 0.65098039 0.74117647 0.85882353
v 0.28477305 -0.59267062 -49.70041275 0.65098039 0.74117647 0.85882353
v 0.04737327 -0.12129022 -49.69843674 0.65098039 0.74117647 0.85882353
v 0.10602133 -0.09032379 -49.79123688 0.65098039 0.74117647 0.85882353
v 0.14904559 -0.05537601 -49.57076263 0.65098039 0.74117647 0.85882353
v 0.15276593 -0.08481909 -49.56879425 0.65098039 0.74117647 0.85882353
v 0.06522363 -0.05687000 -49.59904861 0.65098039 0.74117647 0.85882353
v 0.08802398 -0.04268648 -49.58576202 0.65098039 0.74117647 0.85882353
v 0.09748392 0.17896901 -49.58791351 0.65098039 0.74117647 0.85882353
v 0.07411032 0.17444555 -49.58687210 0.65098039 0.74117647 0.85882353
v 0.09500074 0.21854882 -49.58610535 0.65098039 0.74117647 0.85882353
v 0.09681814 0.19813250 -49.58754349 0.65098039 0.74117647 0.85882353
v 0.11875902 0.20514958 -49.59147263 0.65098039 0.74117647 0.85882353
v 0.11679240 0.22438376 -49.59112167 0.65098039 0.74117647 0.85882353
v 0.15698540 0.23751308 -49.61415863 0.65098039 0.74117647 0.85882353
v 0.15883887 0.22028111 -49.61568451 0.65098039 0.74117647 0.85882353
v 0.17322585 0.22757311 -49.63503265 0.65098039 0.74117647 0.85882353
v 0.17276450 0.24505715 -49.63317490 0.65098039 0.74117647 0.85882353
v 0.18505688 0.21858363 -49.65698624 0.65098039 0.74117647 0.85882353
v 0.17653133 0.21064635 -49.63464355 0.65098039 0.74117647 0.85882353
v 0.17169750 0.26584572 -49.73710632 0.65098039 0.74117647 0.85882353
v 0.17346406 0.28774136 -49.73521423 0.65098039 0.74117647 0.85882353
v 0.18162639 0.27940643 -49.71780777 0.65098039 0.74117647 0.85882353
v 0.17977023 0.25916189 -49.71971893 0.65098039 0.74117647 0.85882353
v 0.02158682 -0.04083239 -49.62188339 0.65098039 0.74117647 0.85882353
v 0.04035775 -0.10842271 -49.68825531 0.65098039 0.74117647 0.85882353
v 0.06659791 -0.12223785 -49.59696198 0.65098039 0.74117647 0.85882353
v 0.09080890 -0.08976637 -49.57894516 0.65098039 0.74117647 0.85882353
v 0.12004939 -0.08593042 -49.56710434 0.65098039 0.74117647 0.85882353
v 0.15551752 0.39167476 -49.55265808 0.65098039 0.74117647 0.85882353
v 0.20734896 0.39875138 -49.63431931 0.65098039 0.74117647 0.85882353
v 0.20937134 0.40902656 -49.63610077 0.65098039 0.74117647 0.85882353
v 0.20127963 0.41672611 -49.48631287 0.65098039 0.74117647 0.85882353
v 0.21361475 0.41277218 -49.49965286 0.65098039 0.74117647 0.85882353
v 0.13089097 0.40616053 -49.51633072 0.65098039 0.74117647 0.85882353
v 0.15796646 0.46154046 -49.50224304 0.65098039 0.74117647 0.85882353
v 0.14051323 0.46059275 -49.51253891 0.65098039 0.74117647 0.85882353
v 0.14335185 0.45057923 -49.50750732 0.65098039 0.74117647 0.85882353
v 0.11231197 0.01298313 -49.58579254 0.65098039 0.74117647 0.85882353
v 0.11393640 -0.01031987 -49.58142471 0.65098039 0.74117647 0.85882353
v 0.14342779 -0.00177945 -49.57935333 0.65098039 0.74117647 0.85882353
v 0.07712219 -0.10469328 -49.74939346 0.65098039 0.74117647 0.85882353
v 0.08149410 -0.09954320 -49.75507736 0.65098039 0.74117647 0.85882353
v 0.04576145 -0.07498403 -49.61521912 0.65098039 0.74117647 0.85882353
v 0.10224251 -0.29638976 -49.70925522 0.65098039 0.74117647 0.85882353
v 0.09448248 -0.26721555 -49.71110916 0.65098039 0.74117647 0.85882353
v 0.10908387 -0.32366133 -49.70935440 0.65098039 0.74117647 0.85882353
v 0.11667273 -0.35004497 -49.71040344 0.65098039 0.74117647 0.85882353
v 0.12592804 -0.37579650 -49.71133423 0.65098039 0.74117647 0.85882353
v 0.13716869 -0.40040654 -49.71039200 0.65098039 0.74117647 0.85882353
v 0.14977714 -0.42371339 -49.70668030 0.65098039 0.74117647 0.85882353
v 0.16383272 -0.44853830 -49.71123505 0.65098039 0.74117647 0.85882353
v 0.17168227 -0.51151145 -49.72540283 0.65098039 0.74117647 0.85882353
v 0.17561793 -0.47498858 -49.72247314 0.65098039 0.74117647 0.85882353
v 0.18740606 -0.50367653 -49.73400879 0.65098039 0.74117647 0.85882353
v 0.19873179 -0.53426701 -49.74326324 0.65098039 0.74117647 0.85882353
v 0.22165190 -0.60022581 -49.74915695 0.65098039 0.74117647 0.85882353
v 0.20971338 -0.56589144 -49.74904633 0.65098039 0.74117647 0.85882353
v 0.23315759 -0.63521898 -49.74997330 0.65098039 0.74117647 0.85882353
v 0.24293461 -0.67140579 -49.75384903 0.65098039 0.74117647 0.85882353
v 0.05906711 -0.10245024 -49.72652435 0.65098039 0.74117647 0.85882353
v 0.06798815 -0.10318948 -49.73781967 0.65098039 0.74117647 0.85882353
v 0.10072553 0.50983125 -49.57891846 0.65098039 0.74117647 0.85882353
v 0.15164769 0.38885570 -49.57759857 0.65098039 0.74117647 0.85882353
v 0.15312849 0.39657307 -49.57451248 0.65098039 0.74117647 0.85882353
v 0.13154860 0.41828173 -49.52379608 0.65098039 0.74117647 0.85882353
v 0.11566840 -0.08083178 -49.80490494 0.65098039 0.74117647 0.85882353
v 0.12472235 -0.06779914 -49.81810379 0.65098039 0.74117647 0.85882353
v 0.21932702 0.35405767 -49.50682068 0.65098039 0.74117647 0.85882353
v 0.22048268 0.36850697 -49.49874115 0.65098039 0.74117647 0.85882353
v 0.13597523 0.39612150 -49.52807999 0.65098039 0.74117647 0.85882353
v 0.14418235 0.41243786 -49.56323624 0.65098039 0.74117647 0.85882353
v 0.14765075 0.41622502 -49.56008148 0.65098039 0.74117647 0.85882353
v 0.22515364 0.32744348 -49.30923080 0.65098039 0.74117647 0.85882353
v 0.22190697 0.33319056 -49.29147720 0.65098039 0.74117647 0.85882353
v 0.22984494 0.32479024 -49.28884506 0.65098039 0.74117647 0.85882353
v 0.23336403 0.31806302 -49.30677414 0.65098039 0.74117647 0.85882353
v 0.21367101 0.33250320 -49.31101227 0.65098039 0.74117647 0.85882353
v 0.21076640 0.33694005 -49.29320145 0.65098039 0.74117647 0.85882353
v 0.16425309 0.29720044 -49.30559921 0.65098039 0.74117647 0.85882353
v 0.16699426 0.30112523 -49.28485107 0.65098039 0.74117647 0.85882353
v 0.17087561 0.31334633 -49.28919601 0.65098039 0.74117647 0.85882353
v 0.16902530 0.30950135 -49.30953979 0.65098039 0.74117647 0.85882353
v 0.19688986 0.34057951 -49.27619934 0.65098039 0.74117647 0.85882353
v 0.19877391 0.33625311 -49.29421616 0.65098039 0.74117647 0.85882353
v 0.18758582 0.33097750 -49.29399490 0.65098039 0.74117647 0.85882353
v 0.18680365 0.33523673 -49.27526093 0.65098039 0.74117647 0.85882353
v 0.17328492 0.27070510 -49.29707718 0.65098039 0.74117647 0.85882353
v 0.16926983 0.26539803 -49.31745148 0.65098039 0.74117647 0.85882353
v 0.18140975 0.25698662 -49.31550598 0.65098039 0.74117647 0.85882353
v 0.18526135 0.26346081 -49.29540253 0.65098039 0.74117647 0.85882353
v 0.16067627 0.28586823 -49.38526917 0.65098039 0.74117647 0.85882353
v 0.15980732 0.28702050 -49.39793015 0.65098039 0.74117647 0.85882353
v 0.15607205 0.27386093 -49.39876175 0.65098039 0.74117647 0.85882353
v 0.15688372 0.27293026 -49.38411713 0.65098039 0.74117647 0.85882353
v 0.23207186 0.31818140 -49.34502029 0.65098039 0.74117647 0.85882353
v 0.22848423 0.32241857 -49.32726669 0.65098039 0.74117647 0.85882353
v 0.23670311 0.31175363 -49.32530975 0.65098039 0.74117647 0.85882353
v 0.23929645 0.30523258 -49.34410858 0.65098039 0.74117647 0.85882353
v 0.18913929 0.32178330 -49.35116959 0.65098039 0.74117647 0.85882353
v 0.18962182 0.31772554 -49.36922073 0.65098039 0.74117647 0.85882353
v 0.17676380 0.30890834 -49.37020111 0.65098039 0.74117647 0.85882353
v 0.17626479 0.31262982 -49.35159302 0.65098039 0.74117647 0.85882353
v 0.24035767 0.29868037 -49.36194992 0.65098039 0.74117647 0.85882353
v 0.23542379 0.31295377 -49.36279678 0.65098039 0.74117647 0.85882353
v 0.18815725 0.32768917 -49.31333160 0.65098039 0.74117647 0.85882353
v 0.18857779 0.32488346 -49.33236694 0.65098039 0.74117647 0.85882353
v 0.17657089 0.31639951 -49.33231354 0.65098039 0.74117647 0.85882353
v 0.17748654 0.31947589 -49.31232071 0.65098039 0.74117647 0.85882353
v 0.18041459 0.28456587 -49.25841522 0.65098039 0.74117647 0.85882353
v 0.17715669 0.27711743 -49.27736282 0.65098039 0.74117647 0.85882353
v 0.18887618 0.27118182 -49.27624130 0.65098039 0.74117647 0.85882353
v 0.19152828 0.27998036 -49.25773621 0.65098039 0.74117647 0.85882353
v 0.17874104 0.32740140 -49.27312088 0.65098039 0.74117647 0.85882353
v 0.17835680 0.32315463 -49.29249191 0.65098039 0.74117647 0.85882353
v 0.17236856 0.31755328 -49.26956177 0.65098039 0.74117647 0.85882353
v 0.22854362 0.30819803 -49.26440811 0.65098039 0.74117647 0.85882353
v 0.23094176 0.29878461 -49.28264618 0.65098039 0.74117647 0.85882353
v 0.23261254 0.31252342 -49.28582382 0.65098039 0.74117647 0.85882353
v 0.22974677 0.32081336 -49.26780319 0.65098039 0.74117647 0.85882353
v 0.16036752 0.29032964 -49.34739685 0.65098039 0.74117647 0.85882353
v 0.16186705 0.29360598 -49.32653046 0.65098039 0.74117647 0.85882353
v 0.16742203 0.30574489 -49.33015823 0.65098039 0.74117647 0.85882353
v 0.16649091 0.30220705 -49.35046005 0.65098039 0.74117647 0.85882353
v 0.21925510 0.32512414 -49.34763336 0.65098039 0.74117647 0.85882353
v 0.21644282 0.32851964 -49.32969666 0.65098039 0.74117647 0.85882353
v 0.23296921 0.28933614 -49.30146027 0.65098039 0.74117647 0.85882353
v 0.23423159 0.28006506 -49.32082748 0.65098039 0.74117647 0.85882353
v 0.23779406 0.29698640 -49.32334137 0.65098039 0.74117647 0.85882353
v 0.23543604 0.30465484 -49.30456924 0.65098039 0.74117647 0.85882353
v 0.22295730 0.25727952 -49.33868790 0.65098039 0.74117647 0.85882353
v 0.22483076 0.26615340 -49.31869507 0.65098039 0.74117647 0.85882353
v 0.21082979 0.25766689 -49.31704330 0.65098039 0.74117647 0.85882353
v 0.20792274 0.24924861 -49.33735657 0.65098039 0.74117647 0.85882353
v 0.15770832 0.27362108 -49.36486053 0.65098039 0.74117647 0.85882353
v 0.16044161 0.28764218 -49.36748123 0.65098039 0.74117647 0.85882353
v 0.16538636 0.26138896 -49.33891678 0.65098039 0.74117647 0.85882353
v 0.16165102 0.25792748 -49.36083221 0.65098039 0.74117647 0.85882353
v 0.17311624 0.24600683 -49.35871506 0.65098039 0.74117647 0.85882353
v 0.17732140 0.25105238 -49.33659744 0.65098039 0.74117647 0.85882353
v 0.20802940 0.32115877 -49.39076614 0.65098039 0.74117647 0.85882353
v 0.20736039 0.32119870 -49.38139725 0.65098039 0.74117647 0.85882353
v 0.22455631 0.31912249 -49.37899780 0.65098039 0.74117647 0.85882353
v 0.22520486 0.31810516 -49.38941574 0.65098039 0.74117647 0.85882353
v 0.23674490 0.30840605 -49.37749863 0.65098039 0.74117647 0.85882353
v 0.23643608 0.30625772 -49.38983917 0.65098039 0.74117647 0.85882353
v 0.23396780 0.29092646 -49.41465759 0.65098039 0.74117647 0.85882353
v 0.23559318 0.28926021 -49.40465546 0.65098039 0.74117647 0.85882353
v 0.23104931 0.27308905 -49.41151810 0.65098039 0.74117647 0.85882353
v 0.23013793 0.27557164 -49.42150497 0.65098039 0.74117647 0.85882353
v 0.21707137 0.23895438 -49.38057709 0.65098039 0.74117647 0.85882353
v 0.22026546 0.24778442 -49.35932922 0.65098039 0.74117647 0.85882353
v 0.20396899 0.24070756 -49.35885239 0.65098039 0.74117647 0.85882353
v 0.19999193 0.23227485 -49.38187027 0.65098039 0.74117647 0.85882353
v 0.17938438 0.23001944 -49.40276337 0.65098039 0.74117647 0.85882353
v 0.18369040 0.23390917 -49.38209152 0.65098039 0.74117647 0.85882353
v 0.16936639 0.24245100 -49.38130951 0.65098039 0.74117647 0.85882353
v 0.16607532 0.24170421 -49.40031433 0.65098039 0.74117647 0.85882353
v 0.16961801 0.26177043 -49.45980453 0.65098039 0.74117647 0.85882353
v 0.17078032 0.25182295 -49.44459152 0.65098039 0.74117647 0.85882353
v 0.15945348 0.26131982 -49.44274902 0.65098039 0.74117647 0.85882353
v 0.15870288 0.27005768 -49.45652008 0.65098039 0.74117647 0.85882353
v 0.14899294 0.28825521 -49.43326187 0.65098039 0.74117647 0.85882353
v 0.15126134 0.30056530 -49.42644119 0.65098039 0.74117647 0.85882353
v 0.14839801 0.30689120 -49.43576431 0.65098039 0.74117647 0.85882353
v 0.14700888 0.29498339 -49.44439316 0.65098039 0.74117647 0.85882353
v 0.20063825 0.33187342 -49.41386032 0.65098039 0.74117647 0.85882353
v 0.20319451 0.32744181 -49.41038895 0.65098039 0.74117647 0.85882353
v 0.22053237 0.32199931 -49.41200256 0.65098039 0.74117647 0.85882353
v 0.21786311 0.32599008 -49.41857529 0.65098039 0.74117647 0.85882353
v 0.21450044 0.23270302 -49.39940643 0.65098039 0.74117647 0.85882353
v 0.19563822 0.22435610 -49.40504074 0.65098039 0.74117647 0.85882353
v 0.15145409 0.28367823 -49.42245865 0.65098039 0.74117647 0.85882353
v 0.15400550 0.27780020 -49.41103745 0.65098039 0.74117647 0.85882353
v 0.15730010 0.29164195 -49.40821838 0.65098039 0.74117647 0.85882353
v 0.15408865 0.29654324 -49.41800308 0.65098039 0.74117647 0.85882353
v 0.17295144 0.31561571 -49.41021347 0.65098039 0.74117647 0.85882353
v 0.17595164 0.31178850 -49.40231705 0.65098039 0.74117647 0.85882353
v 0.19023974 0.31860405 -49.40020752 0.65098039 0.74117647 0.85882353
v 0.18783714 0.32152617 -49.40669632 0.65098039 0.74117647 0.85882353
v 0.20507970 0.32484049 -49.40547562 0.65098039 0.74117647 0.85882353
v 0.20722693 0.32257050 -49.39783859 0.65098039 0.74117647 0.85882353
v 0.22407848 0.31906152 -49.39731598 0.65098039 0.74117647 0.85882353
v 0.22193320 0.32057363 -49.40537643 0.65098039 0.74117647 0.85882353
v 0.21415411 0.23231415 -49.41123581 0.65098039 0.74117647 0.85882353
v 0.21223642 0.23416342 -49.42156601 0.65098039 0.74117647 0.85882353
v 0.22084998 0.24581616 -49.42018509 0.65098039 0.74117647 0.85882353
v 0.22391532 0.24496771 -49.41052246 0.65098039 0.74117647 0.85882353
v 0.16330287 0.24530335 -49.41545868 0.65098039 0.74117647 0.85882353
v 0.17583238 0.23445462 -49.41754532 0.65098039 0.74117647 0.85882353
v 0.17785922 0.30718398 -49.39434433 0.65098039 0.74117647 0.85882353
v 0.16478740 0.30330771 -49.40496445 0.65098039 0.74117647 0.85882353
v 0.16713846 0.29822302 -49.39656448 0.65098039 0.74117647 0.85882353
v 0.23444146 0.30677074 -49.39928436 0.65098039 0.74117647 0.85882353
v 0.18150274 0.25718468 -49.46057510 0.65098039 0.74117647 0.85882353
v 0.17871803 0.26921660 -49.47667313 0.65098039 0.74117647 0.85882353
v 0.19158240 0.26901609 -49.47583389 0.65098039 0.74117647 0.85882353
v 0.19385220 0.25637120 -49.46005630 0.65098039 0.74117647 0.85882353
v 0.16641535 0.27391398 -49.47497940 0.65098039 0.74117647 0.85882353
v 0.15617390 0.28278911 -49.47094727 0.65098039 0.74117647 0.85882353
v 0.14563951 0.31868321 -49.44707108 0.65098039 0.74117647 0.85882353
v 0.14462315 0.30692816 -49.45599747 0.65098039 0.74117647 0.85882353
v 0.15143399 0.32940656 -49.43709946 0.65098039 0.74117647 0.85882353
v 0.15477026 0.31704354 -49.42646408 0.65098039 0.74117647 0.85882353
v 0.16577767 0.32479477 -49.41907501 0.65098039 0.74117647 0.85882353
v 0.16127518 0.33846468 -49.42884445 0.65098039 0.74117647 0.85882353
v 0.19559069 0.34507358 -49.42477798 0.65098039 0.74117647 0.85882353
v 0.21201402 0.33832800 -49.43025589 0.65098039 0.74117647 0.85882353
v 0.22718488 0.31381476 -49.42512894 0.65098039 0.74117647 0.85882353
v 0.22240807 0.32603127 -49.43764877 0.65098039 0.74117647 0.85882353
v 0.15212595 0.27469599 -49.43832779 0.65098039 0.74117647 0.85882353
v 0.15404925 0.26838934 -49.42600632 0.65098039 0.74117647 0.85882353
v 0.22524069 0.27536511 -49.29883957 0.65098039 0.74117647 0.85882353
v 0.22474943 0.28557754 -49.27990723 0.65098039 0.74117647 0.85882353
v 0.21382545 0.27617723 -49.27822876 0.65098039 0.74117647 0.85882353
v 0.21286215 0.26657879 -49.29724884 0.65098039 0.74117647 0.85882353
v 0.20156838 0.27119559 -49.27694321 0.65098039 0.74117647 0.85882353
v 0.20327060 0.28103119 -49.25849915 0.65098039 0.74117647 0.85882353
v 0.20251188 0.32933342 -49.33101654 0.65098039 0.74117647 0.85882353
v 0.20069866 0.33274400 -49.31255722 0.65098039 0.74117647 0.85882353
v 0.20783530 0.34227586 -49.27613831 0.65098039 0.74117647 0.85882353
v 0.19102098 0.31553459 -49.39260101 0.65098039 0.74117647 0.85882353
v 0.19055022 0.31506521 -49.38336182 0.65098039 0.74117647 0.85882353
v 0.22470081 0.26209933 -49.42633057 0.65098039 0.74117647 0.85882353
v 0.22460259 0.26777869 -49.43538284 0.65098039 0.74117647 0.85882353
v 0.22980022 0.28015286 -49.43041992 0.65098039 0.74117647 0.85882353
v 0.22721370 0.24773397 -49.39783859 0.65098039 0.74117647 0.85882353
v 0.23292585 0.26859725 -49.40007782 0.65098039 0.74117647 0.85882353
v 0.23612092 0.27458680 -49.38054276 0.65098039 0.74117647 0.85882353
v 0.23084086 0.25464219 -49.38086700 0.65098039 0.74117647 0.85882353
v 0.20945394 0.23974405 -49.43181610 0.65098039 0.74117647 0.85882353
v 0.20751078 0.24867390 -49.44359589 0.65098039 0.74117647 0.85882353
v 0.21754067 0.25699705 -49.44009018 0.65098039 0.74117647 0.85882353
v 0.21888518 0.24962921 -49.42963409 0.65098039 0.74117647 0.85882353
v 0.18147308 0.33053982 -49.41447830 0.65098039 0.74117647 0.85882353
v 0.18499789 0.32476759 -49.41143799 0.65098039 0.74117647 0.85882353
v 0.22833021 0.29981762 -49.45316315 0.65098039 0.74117647 0.85882353
v 0.22759731 0.31162459 -49.44490433 0.65098039 0.74117647 0.85882353
v 0.23036101 0.30039901 -49.43242264 0.65098039 0.74117647 0.85882353
v 0.22943437 0.28811955 -49.43976593 0.65098039 0.74117647 0.85882353
v 0.23248361 0.29421878 -49.42339325 0.65098039 0.74117647 0.85882353
v 0.22390613 0.28936166 -49.46112061 0.65098039 0.74117647 0.85882353
v 0.22480132 0.27668387 -49.44647980 0.65098039 0.74117647 0.85882353
v 0.17625090 0.34493554 -49.42380142 0.65098039 0.74117647 0.85882353
v 0.20600224 0.26013887 -49.45710754 0.65098039 0.74117647 0.85882353
v 0.20440364 0.27347541 -49.47298431 0.65098039 0.74117647 0.85882353
v 0.21580429 0.28062898 -49.46742249 0.65098039 0.74117647 0.85882353
v 0.21652120 0.26753318 -49.45231247 0.65098039 0.74117647 0.85882353
v 0.19917370 0.26252401 -49.29609299 0.65098039 0.74117647 0.85882353
v 0.19597313 0.25465477 -49.31595612 0.65098039 0.74117647 0.85882353
v 0.15721916 0.25724286 -49.39894485 0.65098039 0.74117647 0.85882353
v 0.15866262 0.25635010 -49.38212967 0.65098039 0.74117647 0.85882353
v 0.15593055 0.26155341 -49.41267395 0.65098039 0.74117647 0.85882353
v 0.16535014 0.28278154 -49.30065918 0.65098039 0.74117647 0.85882353
v 0.16896018 0.28790331 -49.28052902 0.65098039 0.74117647 0.85882353
v 0.15902624 0.27587092 -49.34311676 0.65098039 0.74117647 0.85882353
v 0.16204914 0.27896452 -49.32173920 0.65098039 0.74117647 0.85882353
v 0.23414075 0.27120960 -49.34060669 0.65098039 0.74117647 0.85882353
v 0.18508826 0.23679809 -49.43120575 0.65098039 0.74117647 0.85882353
v 0.18836549 0.22831444 -49.42026138 0.65098039 0.74117647 0.85882353
v 0.17286946 0.24226825 -49.43051529 0.65098039 0.74117647 0.85882353
v 0.14829376 0.29511064 -49.46471405 0.65098039 0.74117647 0.85882353
v 0.15070152 0.28204876 -49.45118332 0.65098039 0.74117647 0.85882353
v 0.20378472 0.22617747 -49.41507721 0.65098039 0.74117647 0.85882353
v 0.14558214 0.31243908 -49.48105240 0.65098039 0.74117647 0.85882353
v 0.23772855 0.28855205 -49.39336395 0.65098039 0.74117647 0.85882353
v 0.23001008 0.30935782 -49.41649628 0.65098039 0.74117647 0.85882353
v 0.23196299 0.30770248 -49.40842438 0.65098039 0.74117647 0.85882353
v 0.22674923 0.33219016 -49.27145386 0.65098039 0.74117647 0.85882353
v 0.20399623 0.32615948 -49.34962463 0.65098039 0.74117647 0.85882353
v 0.17783508 0.30539584 -49.38476181 0.65098039 0.74117647 0.85882353
v 0.16780539 0.29647779 -49.38566971 0.65098039 0.74117647 0.85882353
v 0.18283719 0.24625616 -49.44487381 0.65098039 0.74117647 0.85882353
v 0.19477624 0.24468882 -49.44494247 0.65098039 0.74117647 0.85882353
v 0.19683163 0.23518787 -49.43201447 0.65098039 0.74117647 0.85882353
v 0.15825513 0.31101078 -49.41942978 0.65098039 0.74117647 0.85882353
v 0.16977249 0.31835210 -49.41426086 0.65098039 0.74117647 0.85882353
v 0.17241555 0.29391223 -49.26125336 0.65098039 0.74117647 0.85882353
v 0.16173270 0.30757070 -49.41285706 0.65098039 0.74117647 0.85882353
v 0.23950094 0.29242665 -49.37827301 0.65098039 0.74117647 0.85882353
v 0.12809232 0.49992085 -49.74477005 0.65098039 0.74117647 0.85882353
v 0.11470044 0.48702437 -49.75962448 0.65098039 0.74117647 0.85882353
v 0.11279304 0.49978495 -49.75551224 0.65098039 0.74117647 0.85882353
v 0.13542587 0.30866200 -49.58021164 0.65098039 0.74117647 0.85882353
v 0.08279338 0.27802396 -49.57737350 0.65098039 0.74117647 0.85882353
v 0.10241066 0.28259706 -49.57849503 0.65098039 0.74117647 0.85882353
v 0.15078974 0.37965691 -49.57872009 0.65098039 0.74117647 0.85882353
v 0.14986503 0.36872530 -49.57975769 0.65098039 0.74117647 0.85882353
v 0.15623610 0.40968579 -49.56653595 0.65098039 0.74117647 0.85882353
v 0.15506017 0.40517914 -49.57095337 0.65098039 0.74117647 0.85882353
v 0.12890854 0.34604251 -49.56763458 0.65098039 0.74117647 0.85882353
v 0.12868629 0.70894599 -49.65035248 0.65098039 0.74117647 0.85882353
v 0.12623565 0.70369357 -49.65497208 0.65098039 0.74117647 0.85882353
v 0.13287821 0.72131401 -49.64715195 0.65098039 0.74117647 0.85882353
v -0.01708888 0.12785356 -49.61145401 0.65098039 0.74117647 0.85882353
v -0.02339238 0.10643058 -49.62086105 0.65098039 0.74117647 0.85882353
v -0.02294382 0.09644927 -49.62019348 0.65098039 0.74117647 0.85882353
v 0.12835145 0.68885314 -49.64028549 0.65098039 0.74117647 0.85882353
v 0.12476838 0.68511182 -49.64606857 0.65098039 0.74117647 0.85882353
v 0.12931874 0.68653965 -49.64348221 0.65098039 0.74117647 0.85882353
v 0.12915966 0.68987375 -49.63761520 0.65098039 0.74117647 0.85882353
v 0.12851724 0.68912470 -49.63811493 0.65098039 0.74117647 0.85882353
v 0.13592930 0.72060096 -49.63666534 0.65098039 0.74117647 0.85882353
v 0.12165437 0.69592810 -49.65611649 0.65098039 0.74117647 0.85882353
v 0.11809244 0.68657959 -49.65663910 0.65098039 0.74117647 0.85882353
v 0.13262233 0.70590669 -49.63514328 0.65098039 0.74117647 0.85882353
v 0.16193755 0.15401937 -49.77521515 0.65098039 0.74117647 0.85882353
v 0.17019874 0.13423841 -49.77959061 0.65098039 0.74117647 0.85882353
v 0.15046103 0.13487066 -49.79517746 0.65098039 0.74117647 0.85882353
v 0.14332326 0.15416650 -49.78914261 0.65098039 0.74117647 0.85882353
v 0.13381037 0.11861779 -49.81864166 0.65098039 0.74117647 0.85882353
v 0.12853371 0.13718085 -49.81127167 0.65098039 0.74117647 0.85882353
v 0.15860400 0.11431415 -49.80220032 0.65098039 0.74117647 0.85882353
v 0.23385574 0.07604590 -49.71324921 0.65098039 0.74117647 0.85882353
v 0.22798531 0.09843270 -49.71070099 0.65098039 0.74117647 0.85882353
v 0.22625403 0.09890421 -49.68275833 0.65098039 0.74117647 0.85882353
v 0.23153390 0.07700604 -49.68401718 0.65098039 0.74117647 0.85882353
v 0.21307731 0.11429088 -49.65611267 0.65098039 0.74117647 0.85882353
v 0.21850795 0.09685920 -49.65527344 0.65098039 0.74117647 0.85882353
v 0.21973221 0.11767267 -49.68223190 0.65098039 0.74117647 0.85882353
v 0.19907705 0.10911487 -49.63203812 0.65098039 0.74117647 0.85882353
v 0.20400921 0.09180765 -49.63119125 0.65098039 0.74117647 0.85882353
v 0.18042098 0.10179357 -49.61317062 0.65098039 0.74117647 0.85882353
v 0.18505898 0.08354650 -49.61220551 0.65098039 0.74117647 0.85882353
v 0.16295394 0.07471383 -49.59856033 0.65098039 0.74117647 0.85882353
v 0.13720751 0.06539389 -49.59098053 0.65098039 0.74117647 0.85882353
v 0.11164344 0.03467177 -49.58887100 0.65098039 0.74117647 0.85882353
v 0.10919333 0.05487107 -49.58983231 0.65098039 0.74117647 0.85882353
v 0.08221720 0.04550518 -49.59200287 0.65098039 0.74117647 0.85882353
v 0.05654753 0.03729078 -49.59724808 0.65098039 0.74117647 0.85882353
v 0.03417041 0.03252825 -49.60350418 0.65098039 0.74117647 0.85882353
v 0.01592936 0.02950329 -49.61172867 0.65098039 0.74117647 0.85882353
v 0.00051049 0.02762574 -49.62036896 0.65098039 0.74117647 0.85882353
v -0.01166869 0.02656190 -49.63006973 0.65098039 0.74117647 0.85882353
v -0.00885342 0.00463443 -49.63370132 0.65098039 0.74117647 0.85882353
v 0.08492519 0.49052018 -49.57387161 0.65098039 0.74117647 0.85882353
v 0.15136378 0.56189817 -49.65468979 0.65098039 0.74117647 0.85882353
v 0.15045026 0.55813873 -49.62334442 0.65098039 0.74117647 0.85882353
v 0.16073895 0.55614948 -49.64511871 0.65098039 0.74117647 0.85882353
v 0.20183651 0.50421584 -49.66082001 0.65098039 0.74117647 0.85882353
v 0.19506192 0.50286615 -49.68319702 0.65098039 0.74117647 0.85882353
v 0.19086945 0.51789910 -49.67431259 0.65098039 0.74117647 0.85882353
v 0.19591177 0.52085882 -49.64815521 0.65098039 0.74117647 0.85882353
v 0.15333900 0.55529439 -49.67303848 0.65098039 0.74117647 0.85882353
v 0.14559197 0.55841148 -49.67755508 0.65098039 0.74117647 0.85882353
v 0.16342075 0.54996979 -49.66800690 0.65098039 0.74117647 0.85882353
v 0.15900216 0.54356933 -49.68905640 0.65098039 0.74117647 0.85882353
v 0.14825779 0.53935009 -49.70671844 0.65098039 0.74117647 0.85882353
v 0.17599705 0.53895378 -49.58444977 0.65098039 0.74117647 0.85882353
v 0.18175203 0.53192604 -49.57063293 0.65098039 0.74117647 0.85882353
v 0.19613950 0.52349567 -49.58868408 0.65098039 0.74117647 0.85882353
v 0.19260298 0.52952302 -49.60109329 0.65098039 0.74117647 0.85882353
v 0.21183361 0.48469675 -49.63332367 0.65098039 0.74117647 0.85882353
v 0.21482819 0.48203456 -49.62022018 0.65098039 0.74117647 0.85882353
v 0.21593212 0.46846551 -49.62712097 0.65098039 0.74117647 0.85882353
v 0.21289605 0.47043449 -49.64107513 0.65098039 0.74117647 0.85882353
v 0.19392662 0.49826449 -49.53141022 0.65098039 0.74117647 0.85882353
v 0.19676575 0.48333639 -49.51935196 0.65098039 0.74117647 0.85882353
v 0.21047683 0.48046404 -49.53610992 0.65098039 0.74117647 0.85882353
v 0.20776774 0.49457157 -49.54828644 0.65098039 0.74117647 0.85882353
v 0.21080700 0.49583119 -49.61141205 0.65098039 0.74117647 0.85882353
v 0.18621300 0.39523178 -49.72416306 0.65098039 0.74117647 0.85882353
v 0.19742481 0.40013289 -49.70532990 0.65098039 0.74117647 0.85882353
v 0.20548441 0.40609014 -49.68681335 0.65098039 0.74117647 0.85882353
v 0.21189477 0.41929293 -49.63655853 0.65098039 0.74117647 0.85882353
v 0.21000002 0.40431917 -49.64889908 0.65098039 0.74117647 0.85882353
v 0.21195278 0.41684198 -49.65040207 0.65098039 0.74117647 0.85882353
v 0.21160199 0.42027992 -49.62408066 0.65098039 0.74117647 0.85882353
v 0.21042667 0.41923511 -49.61419678 0.65098039 0.74117647 0.85882353
v 0.13536720 0.47121489 -49.51741409 0.65098039 0.74117647 0.85882353
v 0.12548728 0.45208663 -49.52403641 0.65098039 0.74117647 0.85882353
v 0.13157709 0.44552195 -49.52191162 0.65098039 0.74117647 0.85882353
v 0.20387335 0.40815282 -49.59344482 0.65098039 0.74117647 0.85882353
v 0.20034359 0.40372300 -49.59323883 0.65098039 0.74117647 0.85882353
v 0.20149398 0.40777528 -49.60153580 0.65098039 0.74117647 0.85882353
v 0.20467989 0.41241932 -49.60215759 0.65098039 0.74117647 0.85882353
v 0.17014357 0.54477572 -49.59775162 0.65098039 0.74117647 0.85882353
v 0.21889286 0.47429764 -49.55113602 0.65098039 0.74117647 0.85882353
v 0.22295366 0.46322107 -49.56272507 0.65098039 0.74117647 0.85882353
v 0.22007671 0.47526169 -49.57464600 0.65098039 0.74117647 0.85882353
v 0.21559697 0.48674423 -49.56359863 0.65098039 0.74117647 0.85882353
v 0.22488771 0.45499742 -49.57310867 0.65098039 0.74117647 0.85882353
v 0.22441447 0.44658583 -49.58042526 0.65098039 0.74117647 0.85882353
v 0.22284220 0.45482320 -49.59110641 0.65098039 0.74117647 0.85882353
v 0.22272284 0.46512848 -49.58435822 0.65098039 0.74117647 0.85882353
v 0.20830530 0.41256076 -49.59206009 0.65098039 0.74117647 0.85882353
v 0.20836326 0.41833186 -49.60323715 0.65098039 0.74117647 0.85882353
v 0.17887716 0.46817553 -49.50322342 0.65098039 0.74117647 0.85882353
v 0.16595130 0.52212965 -49.54064178 0.65098039 0.74117647 0.85882353
v 0.16085133 0.53142232 -49.55354309 0.65098039 0.74117647 0.85882353
v 0.13911295 0.51948929 -49.54350281 0.65098039 0.74117647 0.85882353
v 0.14380226 0.51046425 -49.53479767 0.65098039 0.74117647 0.85882353
v 0.15821460 0.40461493 -49.56069183 0.65098039 0.74117647 0.85882353
v 0.16592112 0.39831656 -49.56637955 0.65098039 0.74117647 0.85882353
v 0.17299138 0.39234197 -49.57333374 0.65098039 0.74117647 0.85882353
v 0.19454597 0.40035242 -49.59934616 0.65098039 0.74117647 0.85882353
v 0.17963463 0.38817096 -49.57746887 0.65098039 0.74117647 0.85882353
v 0.13223539 0.42623645 -49.53024673 0.65098039 0.74117647 0.85882353
v 0.13449657 0.43776256 -49.51679230 0.65098039 0.74117647 0.85882353
v 0.12235370 0.49970174 -49.54055023 0.65098039 0.74117647 0.85882353
v 0.12651244 0.49129313 -49.53195953 0.65098039 0.74117647 0.85882353
v 0.19821019 0.46942157 -49.51140594 0.65098039 0.74117647 0.85882353
v 0.21190992 0.46578789 -49.52679062 0.65098039 0.74117647 0.85882353
v 0.20010179 0.38641870 -49.57788467 0.65098039 0.74117647 0.85882353
v 0.19862795 0.39458555 -49.58509064 0.65098039 0.74117647 0.85882353
v 0.20325403 0.39912915 -49.58539963 0.65098039 0.74117647 0.85882353
v 0.19982807 0.39872241 -49.61201477 0.65098039 0.74117647 0.85882353
v 0.19759560 0.40341634 -49.60140991 0.65098039 0.74117647 0.85882353
v 0.18694893 0.52326500 -49.55683899 0.65098039 0.74117647 0.85882353
v 0.22405358 0.45094270 -49.55353165 0.65098039 0.74117647 0.85882353
v 0.21988581 0.45961744 -49.54148102 0.65098039 0.74117647 0.85882353
v 0.22020751 0.47280896 -49.59555817 0.65098039 0.74117647 0.85882353
v 0.21748351 0.47802866 -49.60795593 0.65098039 0.74117647 0.85882353
v 0.21419527 0.49154782 -49.59963226 0.65098039 0.74117647 0.85882353
v 0.21693479 0.48453754 -49.58801270 0.65098039 0.74117647 0.85882353
v 0.22221135 0.42571610 -49.57462311 0.65098039 0.74117647 0.85882353
v 0.22530718 0.43531507 -49.57045364 0.65098039 0.74117647 0.85882353
v 0.21758150 0.46477014 -49.61418915 0.65098039 0.74117647 0.85882353
v 0.22052541 0.46042830 -49.60226440 0.65098039 0.74117647 0.85882353
v 0.20760494 0.40389413 -49.58398819 0.65098039 0.74117647 0.85882353
v 0.11916635 0.50630629 -49.54849625 0.65098039 0.74117647 0.85882353
v 0.10115168 0.48800325 -49.55456924 0.65098039 0.74117647 0.85882353
v 0.10698939 0.48528516 -49.54646301 0.65098039 0.74117647 0.85882353
v 0.11132282 0.47834659 -49.53961945 0.65098039 0.74117647 0.85882353
v 0.11624464 0.46972018 -49.53417969 0.65098039 0.74117647 0.85882353
v 0.12126496 0.45925915 -49.52902603 0.65098039 0.74117647 0.85882353
v 0.09436512 0.48939335 -49.56401062 0.65098039 0.74117647 0.85882353
v 0.20060866 0.22811373 -49.42305756 0.65098039 0.74117647 0.85882353
v 0.19523729 0.38071662 -49.57712555 0.65098039 0.74117647 0.85882353
v 0.20276214 0.37799567 -49.56946945 0.65098039 0.74117647 0.85882353
v 0.19880031 0.37120116 -49.56756210 0.65098039 0.74117647 0.85882353
v 0.21587163 0.34486771 -49.51784897 0.65098039 0.74117647 0.85882353
v 0.06434943 0.61355424 -49.53239441 0.65098039 0.74117647 0.85882353
v 0.06301507 0.60875642 -49.53633881 0.65098039 0.74117647 0.85882353
v 0.06743235 0.63667464 -49.52581787 0.65098039 0.74117647 0.85882353
v 0.06701196 0.63297629 -49.52601242 0.65098039 0.74117647 0.85882353
v 0.22628225 0.25931525 -49.41753387 0.65098039 0.74117647 0.85882353
v 0.22799712 0.25683635 -49.40942764 0.65098039 0.74117647 0.85882353
v 0.23289397 0.26242208 -49.36052704 0.65098039 0.74117647 0.85882353
v 0.23828872 0.28146720 -49.36157227 0.65098039 0.74117647 0.85882353
v 0.23885722 0.28875172 -49.34228134 0.65098039 0.74117647 0.85882353
v 0.22208975 0.32189441 -49.36422348 0.65098039 0.74117647 0.85882353
v 0.20564868 0.32316899 -49.36681747 0.65098039 0.74117647 0.85882353
v 0.16693899 0.29872125 -49.36918640 0.65098039 0.74117647 0.85882353
v 0.18820508 0.24046226 -49.35847473 0.65098039 0.74117647 0.85882353
v 0.21253560 0.35455650 -49.24054337 0.65098039 0.74117647 0.85882353
v 0.20959008 0.36249709 -49.22323990 0.65098039 0.74117647 0.85882353
v 0.21849228 0.35750097 -49.22067642 0.65098039 0.74117647 0.85882353
v 0.22087620 0.34846544 -49.23743439 0.65098039 0.74117647 0.85882353
v 0.20693590 0.37081826 -49.20657349 0.65098039 0.74117647 0.85882353
v 0.19987383 0.36203927 -49.22372055 0.65098039 0.74117647 0.85882353
v 0.19736917 0.36895704 -49.20674896 0.65098039 0.74117647 0.85882353
v 0.19114666 0.35725373 -49.22306824 0.65098039 0.74117647 0.85882353
v 0.18959300 0.36413521 -49.20576477 0.65098039 0.74117647 0.85882353
v 0.18319796 0.35677665 -49.20375443 0.65098039 0.74117647 0.85882353
v 0.18391861 0.35038722 -49.22091293 0.65098039 0.74117647 0.85882353
v 0.17930150 0.34263623 -49.21757507 0.65098039 0.74117647 0.85882353
v 0.17994420 0.34890175 -49.20015335 0.65098039 0.74117647 0.85882353
v 0.17557088 0.32765692 -49.23223495 0.65098039 0.74117647 0.85882353
v 0.17480114 0.31767279 -49.22820282 0.65098039 0.74117647 0.85882353
v 0.17792431 0.32497740 -49.21005249 0.65098039 0.74117647 0.85882353
v 0.17754170 0.33404481 -49.21369934 0.65098039 0.74117647 0.85882353
v 0.19018771 0.31869686 -49.18864822 0.65098039 0.74117647 0.85882353
v 0.18832208 0.30990976 -49.20503616 0.65098039 0.74117647 0.85882353
v 0.19759668 0.30840069 -49.20490265 0.65098039 0.74117647 0.85882353
v 0.19830282 0.31728923 -49.18868256 0.65098039 0.74117647 0.85882353
v 0.21511595 0.30713505 -49.22431946 0.65098039 0.74117647 0.85882353
v 0.21585266 0.31652111 -49.20709991 0.65098039 0.74117647 0.85882353
v 0.20708483 0.31108189 -49.20550156 0.65098039 0.74117647 0.85882353
v 0.20592810 0.30109447 -49.22306824 0.65098039 0.74117647 0.85882353
v 0.21715477 0.32419872 -49.19115829 0.65098039 0.74117647 0.85882353
v 0.22094600 0.32555562 -49.20941162 0.65098039 0.74117647 0.85882353
v 0.22135659 0.33347845 -49.19441605 0.65098039 0.74117647 0.85882353
v 0.20494868 0.34869003 -49.25902939 0.65098039 0.74117647 0.85882353
v 0.21567379 0.34666598 -49.25759125 0.65098039 0.74117647 0.85882353
v 0.21854472 0.33930916 -49.27455139 0.65098039 0.74117647 0.85882353
v 0.18472332 0.34496605 -49.23926926 0.65098039 0.74117647 0.85882353
v 0.19266464 0.35145903 -49.24107742 0.65098039 0.74117647 0.85882353
v 0.19450188 0.34571218 -49.25888443 0.65098039 0.74117647 0.85882353
v 0.18553783 0.33984888 -49.25757980 0.65098039 0.74117647 0.85882353
v 0.16968599 0.30562562 -49.26543045 0.65098039 0.74117647 0.85882353
v 0.17228636 0.31134439 -49.24647903 0.65098039 0.74117647 0.85882353
v 0.17404756 0.32211351 -49.25090790 0.65098039 0.74117647 0.85882353
v 0.17910981 0.33676958 -49.23616028 0.65098039 0.74117647 0.85882353
v 0.17877129 0.33172172 -49.25468063 0.65098039 0.74117647 0.85882353
v 0.17840594 0.30808985 -49.22470093 0.65098039 0.74117647 0.85882353
v 0.18139529 0.31591398 -49.20693588 0.65098039 0.74117647 0.85882353
v 0.22449151 0.33830446 -49.23339081 0.65098039 0.74117647 0.85882353
v 0.22243580 0.34747070 -49.21681976 0.65098039 0.74117647 0.85882353
v 0.22270225 0.33639854 -49.21275330 0.65098039 0.74117647 0.85882353
v 0.22435583 0.32740605 -49.22948074 0.65098039 0.74117647 0.85882353
v 0.17558792 0.30074483 -49.24263382 0.65098039 0.74117647 0.85882353
v 0.22696297 0.32958800 -49.25042343 0.65098039 0.74117647 0.85882353
v 0.22630747 0.31791621 -49.24664307 0.65098039 0.74117647 0.85882353
v 0.22149335 0.31627697 -49.22621918 0.65098039 0.74117647 0.85882353
v 0.22252537 0.30631715 -49.24347687 0.65098039 0.74117647 0.85882353
v 0.22169535 0.35570377 -49.20138550 0.65098039 0.74117647 0.85882353
v 0.21654925 0.36570573 -49.20455933 0.65098039 0.74117647 0.85882353
v 0.22393550 0.33999163 -49.25447083 0.65098039 0.74117647 0.85882353
v 0.18600777 0.30096114 -49.22245026 0.65098039 0.74117647 0.85882353
v 0.18328393 0.29272741 -49.24030304 0.65098039 0.74117647 0.85882353
v 0.19368236 0.28913051 -49.23973083 0.65098039 0.74117647 0.85882353
v 0.19575708 0.29819375 -49.22219467 0.65098039 0.74117647 0.85882353
v 0.21436004 0.28660953 -49.25970840 0.65098039 0.74117647 0.85882353
v 0.21446118 0.29690617 -49.24177170 0.65098039 0.74117647 0.85882353
v 0.20445058 0.29104882 -49.24073029 0.65098039 0.74117647 0.85882353
v 0.20794819 0.31887567 -49.18920517 0.65098039 0.74117647 0.85882353
v 0.22350161 0.29603302 -49.26145172 0.65098039 0.74117647 0.85882353
v 0.19294648 0.38241208 -49.12262344 0.65098039 0.74117647 0.85882353
v 0.19094039 0.39247328 -49.12035370 0.65098039 0.74117647 0.85882353
v 0.18509410 0.39053440 -49.12845230 0.65098039 0.74117647 0.85882353
v 0.18756551 0.37981421 -49.13090515 0.65098039 0.74117647 0.85882353
v 0.17155319 0.38914573 -49.14813614 0.65098039 0.74117647 0.85882353
v 0.17320667 0.40088725 -49.14337158 0.65098039 0.74117647 0.85882353
v 0.17443791 0.40499091 -49.15309525 0.65098039 0.74117647 0.85882353
v 0.17262614 0.39362693 -49.15952682 0.65098039 0.74117647 0.85882353
v 0.19177884 0.40191507 -49.11991882 0.65098039 0.74117647 0.85882353
v 0.18490992 0.39994645 -49.12702179 0.65098039 0.74117647 0.85882353
v 0.19610177 0.40759218 -49.12408829 0.65098039 0.74117647 0.85882353
v 0.19808468 0.40430796 -49.11397934 0.65098039 0.74117647 0.85882353
v 0.20454377 0.40873802 -49.11727905 0.65098039 0.74117647 0.85882353
v 0.20901957 0.41070527 -49.11048508 0.65098039 0.74117647 0.85882353
v 0.21798134 0.40794104 -49.11272430 0.65098039 0.74117647 0.85882353
v 0.21467742 0.40692121 -49.12431717 0.65098039 0.74117647 0.85882353
v 0.22795776 0.38360089 -49.12508392 0.65098039 0.74117647 0.85882353
v 0.22790197 0.38844836 -49.11119461 0.65098039 0.74117647 0.85882353
v 0.23003557 0.37746149 -49.11041641 0.65098039 0.74117647 0.85882353
v 0.22908156 0.37301236 -49.12432480 0.65098039 0.74117647 0.85882353
v 0.22613996 0.35720575 -49.11158752 0.65098039 0.74117647 0.85882353
v 0.22528650 0.35461015 -49.12522888 0.65098039 0.74117647 0.85882353
v 0.22733419 0.36381036 -49.12451935 0.65098039 0.74117647 0.85882353
v 0.22809888 0.36770165 -49.11000824 0.65098039 0.74117647 0.85882353
v 0.19689387 0.36735082 -49.12481308 0.65098039 0.74117647 0.85882353
v 0.19550444 0.37336385 -49.12458420 0.65098039 0.74117647 0.85882353
v 0.19109435 0.36991870 -49.13271713 0.65098039 0.74117647 0.85882353
v 0.19280732 0.36334604 -49.13335419 0.65098039 0.74117647 0.85882353
v 0.19768742 0.41658890 -49.13019180 0.65098039 0.74117647 0.85882353
v 0.19477385 0.41506940 -49.12754059 0.65098039 0.74117647 0.85882353
v 0.20286626 0.41017580 -49.12720490 0.65098039 0.74117647 0.85882353
v 0.20517759 0.40990227 -49.13388443 0.65098039 0.74117647 0.85882353
v 0.18083754 0.34300160 -49.15162659 0.65098039 0.74117647 0.85882353
v 0.17996593 0.35004127 -49.15451050 0.65098039 0.74117647 0.85882353
v 0.17929243 0.34916091 -49.16569901 0.65098039 0.74117647 0.85882353
v 0.18007752 0.34061897 -49.16333389 0.65098039 0.74117647 0.85882353
v 0.17389140 0.37488627 -49.16962433 0.65098039 0.74117647 0.85882353
v 0.18350960 0.38208127 -49.17864609 0.65098039 0.74117647 0.85882353
v 0.18444024 0.37544620 -49.18313217 0.65098039 0.74117647 0.85882353
v 0.17731836 0.36685234 -49.17271805 0.65098039 0.74117647 0.85882353
v 0.17248869 0.38331425 -49.16518021 0.65098039 0.74117647 0.85882353
v 0.18190154 0.39833546 -49.16639709 0.65098039 0.74117647 0.85882353
v 0.18228629 0.38934469 -49.17324829 0.65098039 0.74117647 0.85882353
v 0.18245587 0.40847194 -49.15817642 0.65098039 0.74117647 0.85882353
v 0.18403235 0.33114356 -49.16201782 0.65098039 0.74117647 0.85882353
v 0.18460374 0.33045840 -49.15305328 0.65098039 0.74117647 0.85882353
v 0.20535730 0.42166364 -49.06345367 0.65098039 0.74117647 0.85882353
v 0.20522216 0.42020506 -49.06885147 0.65098039 0.74117647 0.85882353
v 0.20472576 0.41533470 -49.06601334 0.65098039 0.74117647 0.85882353
v 0.20522119 0.41694325 -49.06052780 0.65098039 0.74117647 0.85882353
v 0.20409042 0.32557237 -49.15621185 0.65098039 0.74117647 0.85882353
v 0.20105498 0.32489651 -49.16231155 0.65098039 0.74117647 0.85882353
v 0.20992322 0.32829791 -49.16329193 0.65098039 0.74117647 0.85882353
v 0.21244659 0.33077717 -49.15737915 0.65098039 0.74117647 0.85882353
v 0.20762247 0.32583284 -49.14738083 0.65098039 0.74117647 0.85882353
v 0.21532439 0.33339769 -49.14895630 0.65098039 0.74117647 0.85882353
v 0.21853574 0.42549396 -49.06317520 0.65098039 0.74117647 0.85882353
v 0.21927442 0.42321026 -49.06874847 0.65098039 0.74117647 0.85882353
v 0.21423377 0.42444175 -49.07013702 0.65098039 0.74117647 0.85882353
v 0.21336357 0.42646599 -49.06455994 0.65098039 0.74117647 0.85882353
v 0.19641484 0.38637716 -49.11487198 0.65098039 0.74117647 0.85882353
v 0.19470869 0.39591384 -49.11314392 0.65098039 0.74117647 0.85882353
v 0.19922720 0.39994848 -49.09668732 0.65098039 0.74117647 0.85882353
v 0.19980916 0.40547949 -49.10014725 0.65098039 0.74117647 0.85882353
v 0.19742760 0.40069544 -49.10650253 0.65098039 0.74117647 0.85882353
v 0.19833583 0.39116222 -49.10541153 0.65098039 0.74117647 0.85882353
v 0.20189135 0.37082160 -49.10670471 0.65098039 0.74117647 0.85882353
v 0.20106824 0.37871242 -49.10475540 0.65098039 0.74117647 0.85882353
v 0.19977981 0.37508607 -49.11465836 0.65098039 0.74117647 0.85882353
v 0.20046461 0.36701620 -49.11619949 0.65098039 0.74117647 0.85882353
v 0.19857277 0.35554975 -49.11524200 0.65098039 0.74117647 0.85882353
v 0.19732788 0.35007530 -49.11306763 0.65098039 0.74117647 0.85882353
v 0.19930488 0.35242319 -49.10481644 0.65098039 0.74117647 0.85882353
v 0.20073263 0.35869050 -49.10606003 0.65098039 0.74117647 0.85882353
v 0.20423797 0.37049210 -49.08896255 0.65098039 0.74117647 0.85882353
v 0.20446002 0.36529928 -49.08847809 0.65098039 0.74117647 0.85882353
v 0.20820260 0.36876494 -49.08065796 0.65098039 0.74117647 0.85882353
v 0.20804964 0.37337029 -49.08075333 0.65098039 0.74117647 0.85882353
v 0.19938117 0.32360667 -49.16789246 0.65098039 0.74117647 0.85882353
v 0.20867704 0.32601357 -49.16930008 0.65098039 0.74117647 0.85882353
v 0.21947688 0.33829784 -49.11360931 0.65098039 0.74117647 0.85882353
v 0.22039436 0.33871609 -49.10337067 0.65098039 0.74117647 0.85882353
v 0.21339369 0.33073217 -49.10363770 0.65098039 0.74117647 0.85882353
v 0.21222058 0.33022559 -49.11436081 0.65098039 0.74117647 0.85882353
v 0.21849243 0.33924580 -49.15794754 0.65098039 0.74117647 0.85882353
v 0.21697161 0.33630854 -49.16431808 0.65098039 0.74117647 0.85882353
v 0.22201954 0.42181599 -49.06024170 0.65098039 0.74117647 0.85882353
v 0.22295444 0.41950989 -49.06591797 0.65098039 0.74117647 0.85882353
v 0.19332521 0.40978551 -49.15788269 0.65098039 0.74117647 0.85882353
v 0.19425389 0.39864713 -49.16637802 0.65098039 0.74117647 0.85882353
v 0.19492930 0.38952911 -49.17378998 0.65098039 0.74117647 0.85882353
v 0.19559321 0.38338554 -49.17935181 0.65098039 0.74117647 0.85882353
v 0.19617780 0.37994707 -49.18529892 0.65098039 0.74117647 0.85882353
v 0.19998418 0.38852942 -49.09933472 0.65098039 0.74117647 0.85882353
v 0.19748737 0.37772632 -49.11823654 0.65098039 0.74117647 0.85882353
v 0.19714452 0.36280376 -49.12517548 0.65098039 0.74117647 0.85882353
v 0.19242057 0.33502746 -49.11952209 0.65098039 0.74117647 0.85882353
v 0.19277252 0.34273982 -49.11943054 0.65098039 0.74117647 0.85882353
v 0.18959488 0.34226668 -49.12660599 0.65098039 0.74117647 0.85882353
v 0.19060500 0.33170485 -49.12639999 0.65098039 0.74117647 0.85882353
v 0.20356530 0.32753456 -49.11283112 0.65098039 0.74117647 0.85882353
v 0.20498972 0.32910734 -49.10293579 0.65098039 0.74117647 0.85882353
v 0.19935465 0.33348328 -49.10227203 0.65098039 0.74117647 0.85882353
v 0.19761334 0.33156258 -49.11085510 0.65098039 0.74117647 0.85882353
v 0.19971946 0.41950536 -49.13392258 0.65098039 0.74117647 0.85882353
v 0.20433225 0.41170776 -49.14076614 0.65098039 0.74117647 0.85882353
v 0.19437885 0.32460278 -49.15444565 0.65098039 0.74117647 0.85882353
v 0.19234104 0.32512522 -49.16159821 0.65098039 0.74117647 0.85882353
v 0.19088985 0.32581097 -49.16838455 0.65098039 0.74117647 0.85882353
v 0.18577786 0.35612631 -49.14379883 0.65098039 0.74117647 0.85882353
v 0.18544248 0.36042595 -49.14351654 0.65098039 0.74117647 0.85882353
v 0.17736533 0.36031830 -49.15662003 0.65098039 0.74117647 0.85882353
v 0.17927191 0.35461676 -49.15615082 0.65098039 0.74117647 0.85882353
v 0.17928292 0.37732804 -49.13993835 0.65098039 0.74117647 0.85882353
v 0.17759524 0.38881004 -49.13694382 0.65098039 0.74117647 0.85882353
v 0.17233218 0.37723207 -49.15237808 0.65098039 0.74117647 0.85882353
v 0.17830013 0.35645264 -49.16861343 0.65098039 0.74117647 0.85882353
v 0.17974767 0.35635209 -49.17781448 0.65098039 0.74117647 0.85882353
v 0.18043515 0.34808153 -49.17447662 0.65098039 0.74117647 0.85882353
v 0.18134989 0.33902842 -49.17141724 0.65098039 0.74117647 0.85882353
v 0.18472748 0.33068776 -49.16923904 0.65098039 0.74117647 0.85882353
v 0.18027946 0.35377097 -49.18692017 0.65098039 0.74117647 0.85882353
v 0.18042055 0.34540248 -49.18335724 0.65098039 0.74117647 0.85882353
v 0.18184093 0.33637691 -49.17984772 0.65098039 0.74117647 0.85882353
v 0.18525301 0.32856840 -49.17725754 0.65098039 0.74117647 0.85882353
v 0.21689966 0.32960826 -49.17966080 0.65098039 0.74117647 0.85882353
v 0.21643171 0.33317041 -49.17135620 0.65098039 0.74117647 0.85882353
v 0.20842309 0.32320023 -49.17716217 0.65098039 0.74117647 0.85882353
v 0.18761288 0.37081850 -49.19220734 0.65098039 0.74117647 0.85882353
v 0.18251495 0.36237907 -49.18997574 0.65098039 0.74117647 0.85882353
v 0.18090080 0.36566812 -49.18104172 0.65098039 0.74117647 0.85882353
v 0.19614173 0.37600762 -49.19359970 0.65098039 0.74117647 0.85882353
v 0.17526925 0.40986615 -49.13991547 0.65098039 0.74117647 0.85882353
v 0.17991577 0.40742302 -49.13284683 0.65098039 0.74117647 0.85882353
v 0.18046641 0.41411448 -49.12998199 0.65098039 0.74117647 0.85882353
v 0.17663397 0.41694713 -49.13534164 0.65098039 0.74117647 0.85882353
v 0.20214744 0.40718484 -49.10841751 0.65098039 0.74117647 0.85882353
v 0.20446119 0.41031146 -49.10227585 0.65098039 0.74117647 0.85882353
v 0.21138436 0.41274738 -49.10342407 0.65098039 0.74117647 0.85882353
v 0.18663006 0.32977319 -49.14368057 0.65098039 0.74117647 0.85882353
v 0.18365216 0.34083396 -49.14236450 0.65098039 0.74117647 0.85882353
v 0.20073876 0.39570236 -49.09290314 0.65098039 0.74117647 0.85882353
v 0.21962312 0.42052507 -49.07533646 0.65098039 0.74117647 0.85882353
v 0.21951385 0.41610932 -49.08686447 0.65098039 0.74117647 0.85882353
v 0.21312930 0.41752356 -49.08828354 0.65098039 0.74117647 0.85882353
v 0.21413444 0.42207271 -49.07660675 0.65098039 0.74117647 0.85882353
v 0.20660308 0.39644897 -49.08451843 0.65098039 0.74117647 0.85882353
v 0.20898250 0.40071154 -49.07815933 0.65098039 0.74117647 0.85882353
v 0.20418482 0.40337396 -49.08140945 0.65098039 0.74117647 0.85882353
v 0.20285279 0.39990425 -49.08805847 0.65098039 0.74117647 0.85882353
v 0.20378852 0.35887837 -49.08806229 0.65098039 0.74117647 0.85882353
v 0.20694716 0.36160040 -49.08173752 0.65098039 0.74117647 0.85882353
v 0.22438808 0.39218283 -49.09682083 0.65098039 0.74117647 0.85882353
v 0.22591400 0.39937496 -49.11311722 0.65098039 0.74117647 0.85882353
v 0.22477515 0.40245485 -49.10168457 0.65098039 0.74117647 0.85882353
v 0.20179205 0.36424387 -49.10678101 0.65098039 0.74117647 0.85882353
v 0.20240809 0.36191261 -49.09695816 0.65098039 0.74117647 0.85882353
v 0.20257141 0.36729550 -49.09757614 0.65098039 0.74117647 0.85882353
v 0.20112137 0.38761395 -49.09556580 0.65098039 0.74117647 0.85882353
v 0.20168756 0.38171899 -49.09746170 0.65098039 0.74117647 0.85882353
v 0.20329711 0.38568360 -49.09096909 0.65098039 0.74117647 0.85882353
v 0.20256563 0.39193779 -49.09067154 0.65098039 0.74117647 0.85882353
v 0.19979820 0.32534194 -49.12447357 0.65098039 0.74117647 0.85882353
v 0.21128052 0.32880402 -49.12616730 0.65098039 0.74117647 0.85882353
v 0.20897508 0.42332214 -49.07022476 0.65098039 0.74117647 0.85882353
v 0.20863296 0.42499083 -49.06474686 0.65098039 0.74117647 0.85882353
v 0.19876799 0.32190186 -49.17591095 0.65098039 0.74117647 0.85882353
v 0.19087763 0.32382423 -49.17591476 0.65098039 0.74117647 0.85882353
v 0.19991744 0.36108160 -49.11632538 0.65098039 0.74117647 0.85882353
v 0.22423482 0.39503574 -49.12556458 0.65098039 0.74117647 0.85882353
v 0.19626783 0.35797811 -49.12529373 0.65098039 0.74117647 0.85882353
v 0.22120735 0.35410643 -49.09035492 0.65098039 0.74117647 0.85882353
v 0.22246128 0.35629451 -49.08291626 0.65098039 0.74117647 0.85882353
v 0.21633442 0.35407352 -49.08179855 0.65098039 0.74117647 0.85882353
v 0.21518089 0.35053682 -49.08812714 0.65098039 0.74117647 0.85882353
v 0.21161261 0.40589631 -49.06762314 0.65098039 0.74117647 0.85882353
v 0.21312910 0.40883493 -49.06100082 0.65098039 0.74117647 0.85882353
v 0.20790593 0.41111976 -49.06296539 0.65098039 0.74117647 0.85882353
v 0.20622589 0.40850163 -49.06997299 0.65098039 0.74117647 0.85882353
v 0.20123936 0.40380394 -49.09152985 0.65098039 0.74117647 0.85882353
v 0.20198674 0.40753090 -49.08454895 0.65098039 0.74117647 0.85882353
v 0.20290996 0.41232097 -49.08725357 0.65098039 0.74117647 0.85882353
v 0.20189716 0.40862536 -49.09472656 0.65098039 0.74117647 0.85882353
v 0.20617747 0.41261160 -49.09635544 0.65098039 0.74117647 0.85882353
v 0.20734943 0.41587740 -49.08842087 0.65098039 0.74117647 0.85882353
v 0.21851073 0.40643108 -49.06693268 0.65098039 0.74117647 0.85882353
v 0.21648093 0.40150672 -49.07715225 0.65098039 0.74117647 0.85882353
v 0.22271034 0.40521348 -49.08026123 0.65098039 0.74117647 0.85882353
v 0.22343050 0.41076910 -49.06930923 0.65098039 0.74117647 0.85882353
v 0.22403975 0.35221440 -49.13858032 0.65098039 0.74117647 0.85882353
v 0.22217333 0.34524888 -49.12532806 0.65098039 0.74117647 0.85882353
v 0.22109777 0.34345484 -49.13830185 0.65098039 0.74117647 0.85882353
v 0.22586329 0.35991597 -49.09885025 0.65098039 0.74117647 0.85882353
v 0.22071792 0.34958494 -49.09981537 0.65098039 0.74117647 0.85882353
v 0.22295682 0.34722036 -49.11237717 0.65098039 0.74117647 0.85882353
v 0.21841978 0.33719420 -49.12577057 0.65098039 0.74117647 0.85882353
v 0.21627295 0.39197004 -49.08566284 0.65098039 0.74117647 0.85882353
v 0.22230394 0.39111698 -49.08722305 0.65098039 0.74117647 0.85882353
v 0.22101729 0.39866829 -49.08850861 0.65098039 0.74117647 0.85882353
v 0.19411863 0.35114038 -49.12430573 0.65098039 0.74117647 0.85882353
v 0.20870382 0.42079276 -49.07694244 0.65098039 0.74117647 0.85882353
v 0.21588421 0.37817109 -49.17435455 0.65098039 0.74117647 0.85882353
v 0.21629325 0.38142753 -49.16664505 0.65098039 0.74117647 0.85882353
v 0.22392809 0.37056983 -49.16189575 0.65098039 0.74117647 0.85882353
v 0.22241361 0.36873710 -49.17104340 0.65098039 0.74117647 0.85882353
v 0.20357652 0.41292107 -49.07304382 0.65098039 0.74117647 0.85882353
v 0.20426071 0.41769058 -49.07559204 0.65098039 0.74117647 0.85882353
v 0.20486890 0.35302031 -49.08656311 0.65098039 0.74117647 0.85882353
v 0.20819470 0.34984004 -49.08390045 0.65098039 0.74117647 0.85882353
v 0.21077301 0.35323632 -49.08017731 0.65098039 0.74117647 0.85882353
v 0.20802802 0.35643572 -49.08134079 0.65098039 0.74117647 0.85882353
v 0.21745259 0.33548009 -49.13807678 0.65098039 0.74117647 0.85882353
v 0.22080706 0.33849913 -49.09575272 0.65098039 0.74117647 0.85882353
v 0.21401821 0.33130997 -49.09490204 0.65098039 0.74117647 0.85882353
v 0.22010070 0.34141368 -49.14951324 0.65098039 0.74117647 0.85882353
v 0.22236799 0.34900028 -49.15904999 0.65098039 0.74117647 0.85882353
v 0.22309060 0.35037053 -49.15027618 0.65098039 0.74117647 0.85882353
v 0.22598754 0.37220192 -49.09449387 0.65098039 0.74117647 0.85882353
v 0.22621217 0.36049223 -49.13819504 0.65098039 0.74117647 0.85882353
v 0.22507396 0.35853773 -49.15065765 0.65098039 0.74117647 0.85882353
v 0.22443803 0.35831153 -49.16084671 0.65098039 0.74117647 0.85882353
v 0.22373307 0.35718060 -49.16863632 0.65098039 0.74117647 0.85882353
v 0.22138615 0.34708440 -49.16630554 0.65098039 0.74117647 0.85882353
v 0.22353850 0.41642016 -49.07277679 0.65098039 0.74117647 0.85882353
v 0.22322156 0.41396874 -49.06267929 0.65098039 0.74117647 0.85882353
v 0.22104864 0.33982581 -49.18325424 0.65098039 0.74117647 0.85882353
v 0.22080031 0.34410840 -49.17414856 0.65098039 0.74117647 0.85882353
v 0.22241895 0.35048735 -49.18623352 0.65098039 0.74117647 0.85882353
v 0.22304268 0.35465360 -49.17670059 0.65098039 0.74117647 0.85882353
v 0.22468379 0.37628043 -49.15140152 0.65098039 0.74117647 0.85882353
v 0.22597525 0.36734670 -49.15068817 0.65098039 0.74117647 0.85882353
v 0.22651948 0.37933969 -49.13822174 0.65098039 0.74117647 0.85882353
v 0.22769429 0.36918247 -49.13808823 0.65098039 0.74117647 0.85882353
v 0.22936340 0.38175201 -49.09727478 0.65098039 0.74117647 0.85882353
v 0.21914081 0.41656017 -49.04753113 0.65098039 0.74117647 0.85882353
v 0.21471544 0.41458154 -49.04724121 0.65098039 0.74117647 0.85882353
v 0.21392588 0.41118354 -49.05496597 0.65098039 0.74117647 0.85882353
v 0.21918164 0.41301346 -49.05488586 0.65098039 0.74117647 0.85882353
v 0.21905990 0.40990901 -49.06068802 0.65098039 0.74117647 0.85882353
v 0.22265449 0.41675693 -49.05697632 0.65098039 0.74117647 0.85882353
v 0.22167479 0.39086759 -49.13869095 0.65098039 0.74117647 0.85882353
v 0.20663376 0.38943326 -49.08487701 0.65098039 0.74117647 0.85882353
v 0.21654007 0.38855624 -49.15402603 0.65098039 0.74117647 0.85882353
v 0.21100999 0.40244389 -49.14707947 0.65098039 0.74117647 0.85882353
v 0.21524794 0.40310991 -49.13666534 0.65098039 0.74117647 0.85882353
v 0.20615104 0.39638901 -49.16305161 0.65098039 0.74117647 0.85882353
v 0.20675606 0.38793159 -49.17144012 0.65098039 0.74117647 0.85882353
v 0.20633022 0.38001859 -49.18406677 0.65098039 0.74117647 0.85882353
v 0.20651448 0.38272011 -49.17803192 0.65098039 0.74117647 0.85882353
v 0.20605533 0.37661302 -49.19258499 0.65098039 0.74117647 0.85882353
v 0.20356517 0.40696239 -49.15461349 0.65098039 0.74117647 0.85882353
v 0.20567733 0.41851878 -49.05300140 0.65098039 0.74117647 0.85882353
v 0.20507888 0.42337120 -49.05591202 0.65098039 0.74117647 0.85882353
v 0.21552089 0.37575603 -49.18140793 0.65098039 0.74117647 0.85882353
v 0.21549924 0.37201256 -49.19109344 0.65098039 0.74117647 0.85882353
v 0.17804824 0.39936590 -49.13402939 0.65098039 0.74117647 0.85882353
v 0.19170244 0.35543257 -49.13393784 0.65098039 0.74117647 0.85882353
v 0.18936470 0.35013431 -49.13361359 0.65098039 0.74117647 0.85882353
v 0.18658428 0.34151542 -49.13389587 0.65098039 0.74117647 0.85882353
v 0.18837249 0.33034319 -49.13489532 0.65098039 0.74117647 0.85882353
v 0.22190075 0.36235201 -49.18900299 0.65098039 0.74117647 0.85882353
v 0.17919916 0.34067178 -49.19626999 0.65098039 0.74117647 0.85882353
v 0.18090218 0.33183396 -49.19270706 0.65098039 0.74117647 0.85882353
v 0.22211613 0.34418476 -49.19792175 0.65098039 0.74117647 0.85882353
v 0.20786859 0.42699897 -49.05722046 0.65098039 0.74117647 0.85882353
v 0.21503666 0.37168539 -49.07888412 0.65098039 0.74117647 0.85882353
v 0.21460223 0.37372541 -49.07805634 0.65098039 0.74117647 0.85882353
v 0.17579028 0.41308498 -49.14752197 0.65098039 0.74117647 0.85882353
v 0.17735836 0.42026412 -49.14106369 0.65098039 0.74117647 0.85882353
v 0.19083771 0.42540848 -49.14163208 0.65098039 0.74117647 0.85882353
v 0.19191720 0.41852033 -49.15030289 0.65098039 0.74117647 0.85882353
v 0.18231477 0.41695917 -49.15145111 0.65098039 0.74117647 0.85882353
v 0.18284726 0.42356825 -49.14301300 0.65098039 0.74117647 0.85882353
v 0.18559720 0.35270566 -49.14323807 0.65098039 0.74117647 0.85882353
v 0.18495333 0.34799403 -49.14238739 0.65098039 0.74117647 0.85882353
v 0.20983195 0.32746077 -49.13744354 0.65098039 0.74117647 0.85882353
v 0.19869860 0.32403159 -49.13575363 0.65098039 0.74117647 0.85882353
v 0.21252964 0.41434169 -49.09669876 0.65098039 0.74117647 0.85882353
v 0.21911368 0.41215229 -49.09570694 0.65098039 0.74117647 0.85882353
v 0.21911567 0.40981281 -49.10338593 0.65098039 0.74117647 0.85882353
v 0.22364028 0.41100496 -49.08423233 0.65098039 0.74117647 0.85882353
v 0.21406388 0.39718509 -49.08356476 0.65098039 0.74117647 0.85882353
v 0.21178274 0.39264786 -49.08382034 0.65098039 0.74117647 0.85882353
v 0.18308520 0.36751699 -49.14220810 0.65098039 0.74117647 0.85882353
v 0.17480999 0.36777782 -49.15509415 0.65098039 0.74117647 0.85882353
v 0.18822971 0.41269195 -49.12706757 0.65098039 0.74117647 0.85882353
v 0.18655667 0.40678513 -49.12794495 0.65098039 0.74117647 0.85882353
v 0.20230000 0.37414229 -49.09824753 0.65098039 0.74117647 0.85882353
v 0.22666311 0.37824917 -49.08374405 0.65098039 0.74117647 0.85882353
v 0.22858961 0.38539028 -49.08710861 0.65098039 0.74117647 0.85882353
v 0.20381378 0.37748444 -49.09072876 0.65098039 0.74117647 0.85882353
v 0.21224576 0.42878282 -49.05677032 0.65098039 0.74117647 0.85882353
v 0.21742555 0.42815244 -49.05533600 0.65098039 0.74117647 0.85882353
v 0.22392198 0.40620077 -49.09317398 0.65098039 0.74117647 0.85882353
v 0.20120116 0.35542536 -49.09595871 0.65098039 0.74117647 0.85882353
v 0.22122028 0.37540138 -49.07994843 0.65098039 0.74117647 0.85882353
v 0.22299546 0.37065184 -49.08550644 0.65098039 0.74117647 0.85882353
v 0.20620815 0.33086419 -49.09590912 0.65098039 0.74117647 0.85882353
v 0.22197182 0.36634541 -49.17889023 0.65098039 0.74117647 0.85882353
v 0.20845538 0.41254139 -49.05734634 0.65098039 0.74117647 0.85882353
v 0.20898223 0.41473591 -49.04969406 0.65098039 0.74117647 0.85882353
v 0.22156875 0.41973162 -49.04970551 0.65098039 0.74117647 0.85882353
v 0.22114895 0.42424548 -49.05292511 0.65098039 0.74117647 0.85882353
v 0.19663051 0.32439709 -49.14583969 0.65098039 0.74117647 0.85882353
v 0.19282098 0.35912925 -49.13371658 0.65098039 0.74117647 0.85882353
v 0.18451051 0.32389069 -49.19016266 0.65098039 0.74117647 0.85882353
v 0.20063449 0.41595411 -49.14696121 0.65098039 0.74117647 0.85882353
v 0.19771828 0.42340720 -49.13817978 0.65098039 0.74117647 0.85882353
v 0.20634158 0.38034713 -49.08390427 0.65098039 0.74117647 0.85882353
v 0.21909951 0.34618121 -49.09292984 0.65098039 0.74117647 0.85882353
v 0.22462782 0.36982894 -49.08121872 0.65098039 0.74117647 0.85882353
v 0.22700061 0.36301172 -49.08304977 0.65098039 0.74117647 0.85882353
v 0.22635032 0.36159402 -49.08993149 0.65098039 0.74117647 0.85882353
v 0.21983941 0.37161887 -49.07822418 0.65098039 0.74117647 0.85882353
v 0.22073953 0.42659473 -49.04635239 0.65098039 0.74117647 0.85882353
v 0.22113104 0.42212820 -49.04339981 0.65098039 0.74117647 0.85882353
v 0.21703087 0.43058693 -49.04859924 0.65098039 0.74117647 0.85882353
v 0.21191512 0.43059665 -49.05048752 0.65098039 0.74117647 0.85882353
v 0.20794271 0.42853796 -49.05140686 0.65098039 0.74117647 0.85882353
v 0.21888597 0.41895032 -49.04156876 0.65098039 0.74117647 0.85882353
v 0.21484165 0.41700709 -49.04163742 0.65098039 0.74117647 0.85882353
v 0.20948699 0.41674876 -49.04439926 0.65098039 0.74117647 0.85882353
v 0.21836263 0.42076492 -49.03625488 0.65098039 0.74117647 0.85882353
v 0.22051609 0.42436635 -49.03702927 0.65098039 0.74117647 0.85882353
v 0.21483825 0.43466711 -49.03633881 0.65098039 0.74117647 0.85882353
v 0.21739978 0.43376279 -49.03437424 0.65098039 0.74117647 0.85882353
v 0.21809666 0.43244046 -49.03766251 0.65098039 0.74117647 0.85882353
v 0.21691696 0.43278491 -49.04138184 0.65098039 0.74117647 0.85882353
v 0.21402805 0.43537509 -49.03139496 0.65098039 0.74117647 0.85882353
v 0.21696870 0.43477273 -49.02984619 0.65098039 0.74117647 0.85882353
v 0.21974318 0.43088567 -49.03273392 0.65098039 0.74117647 0.85882353
v 0.21986724 0.42980635 -49.03706360 0.65098039 0.74117647 0.85882353
v 0.21954337 0.43200111 -49.02791214 0.65098039 0.74117647 0.85882353
v 0.21969758 0.42838240 -49.02659225 0.65098039 0.74117647 0.85882353
v 0.21969657 0.42733526 -49.03127670 0.65098039 0.74117647 0.85882353
v 0.22000462 0.42706311 -49.03522110 0.65098039 0.74117647 0.85882353
v 0.22029100 0.42865860 -49.04058456 0.65098039 0.74117647 0.85882353
v 0.21423104 0.43501532 -49.02668381 0.65098039 0.74117647 0.85882353
v 0.21599512 0.43214375 -49.02286911 0.65098039 0.74117647 0.85882353
v 0.21882857 0.43282652 -49.02397919 0.65098039 0.74117647 0.85882353
v 0.21679232 0.43505132 -49.02658463 0.65098039 0.74117647 0.85882353
v 0.21185480 0.43234229 -49.04442596 0.65098039 0.74117647 0.85882353
v 0.21126924 0.43369937 -49.03781128 0.65098039 0.74117647 0.85882353
v 0.21077716 0.43424046 -49.03205490 0.65098039 0.74117647 0.85882353
v 0.21131895 0.43349016 -49.02703857 0.65098039 0.74117647 0.85882353
v 0.20794381 0.43167102 -49.03764343 0.65098039 0.74117647 0.85882353
v 0.20846729 0.43204874 -49.03163910 0.65098039 0.74117647 0.85882353
v 0.20932636 0.43131208 -49.02748108 0.65098039 0.74117647 0.85882353
v 0.20613047 0.42848498 -49.03631210 0.65098039 0.74117647 0.85882353
v 0.20752297 0.42940331 -49.03047943 0.65098039 0.74117647 0.85882353
v 0.20792642 0.43011343 -49.04561996 0.65098039 0.74117647 0.85882353
v 0.20573758 0.42660964 -49.04494476 0.65098039 0.74117647 0.85882353
v 0.20867157 0.42954123 -49.02780533 0.65098039 0.74117647 0.85882353
v 0.21332775 0.43057084 -49.02334595 0.65098039 0.74117647 0.85882353
v 0.21926548 0.42440152 -49.03086472 0.65098039 0.74117647 0.85882353
v 0.21851397 0.42573267 -49.02591324 0.65098039 0.74117647 0.85882353
v 0.21740209 0.42223233 -49.03057480 0.65098039 0.74117647 0.85882353
v 0.21654472 0.42410767 -49.02573013 0.65098039 0.74117647 0.85882353
v 0.21960226 0.42948979 -49.02340698 0.65098039 0.74117647 0.85882353
v 0.21778302 0.42793846 -49.02248001 0.65098039 0.74117647 0.85882353
v 0.20548446 0.42490399 -49.05064392 0.65098039 0.74117647 0.85882353
v 0.20632514 0.42000097 -49.04776001 0.65098039 0.74117647 0.85882353
v 0.20642088 0.42188370 -49.04239655 0.65098039 0.74117647 0.85882353
v 0.20669498 0.42397594 -49.03406525 0.65098039 0.74117647 0.85882353
v 0.20975564 0.41887033 -49.03919601 0.65098039 0.74117647 0.85882353
v 0.21464707 0.41896546 -49.03633118 0.65098039 0.74117647 0.85882353
v 0.21445690 0.42109847 -49.03063965 0.65098039 0.74117647 0.85882353
v 0.21023980 0.42108476 -49.03194809 0.65098039 0.74117647 0.85882353
v 0.21370412 0.42327207 -49.02622604 0.65098039 0.74117647 0.85882353
v 0.21068770 0.42366910 -49.02726746 0.65098039 0.74117647 0.85882353
v 0.20831235 0.42610323 -49.02873611 0.65098039 0.74117647 0.85882353
v 0.21277703 0.42576683 -49.02408981 0.65098039 0.74117647 0.85882353
v 0.21531112 0.42655039 -49.02295685 0.65098039 0.74117647 0.85882353
v 0.21118158 0.42888206 -49.02476883 0.65098039 0.74117647 0.85882353
v 0.20965134 0.42751288 -49.02629089 0.65098039 0.74117647 0.85882353
v 0.21096615 0.42558765 -49.02545166 0.65098039 0.74117647 0.85882353
v 0.21259375 0.39591205 -49.04647446 0.65098039 0.74117647 0.85882353
v 0.21249913 0.39459288 -49.05393219 0.65098039 0.74117647 0.85882353
v 0.21253358 0.38970470 -49.05227661 0.65098039 0.74117647 0.85882353
v 0.21296184 0.39090854 -49.04461288 0.65098039 0.74117647 0.85882353
v 0.22489177 0.40113509 -49.04889679 0.65098039 0.74117647 0.85882353
v 0.22563267 0.39941359 -49.05568314 0.65098039 0.74117647 0.85882353
v 0.21976973 0.39992785 -49.05579758 0.65098039 0.74117647 0.85882353
v 0.21889736 0.40139282 -49.04875183 0.65098039 0.74117647 0.85882353
v 0.22887011 0.39600265 -49.04738235 0.65098039 0.74117647 0.85882353
v 0.22970478 0.39422536 -49.05418015 0.65098039 0.74117647 0.85882353
v 0.22569238 0.39743948 -49.06379318 0.65098039 0.74117647 0.85882353
v 0.22398484 0.39364421 -49.07712936 0.65098039 0.74117647 0.85882353
v 0.21756594 0.39347172 -49.07653809 0.65098039 0.74117647 0.85882353
v 0.21965067 0.39781928 -49.06363297 0.65098039 0.74117647 0.85882353
v 0.21590456 0.37650466 -49.07052994 0.65098039 0.74117647 0.85882353
v 0.21132942 0.37849319 -49.07266998 0.65098039 0.74117647 0.85882353
v 0.21523066 0.39782059 -49.05501556 0.65098039 0.74117647 0.85882353
v 0.21461578 0.39934611 -49.04777527 0.65098039 0.74117647 0.85882353
v 0.21821682 0.38059270 -49.05743027 0.65098039 0.74117647 0.85882353
v 0.21942465 0.38271469 -49.04883194 0.65098039 0.74117647 0.85882353
v 0.21500301 0.38526869 -49.05027390 0.65098039 0.74117647 0.85882353
v 0.21357436 0.38304770 -49.05884171 0.65098039 0.74117647 0.85882353
v 0.20907474 0.38356864 -49.07497406 0.65098039 0.74117647 0.85882353
v 0.20895463 0.38955510 -49.07630920 0.65098039 0.74117647 0.85882353
v 0.21256775 0.39264023 -49.07644272 0.65098039 0.74117647 0.85882353
v 0.22415508 0.38102275 -49.05723572 0.65098039 0.74117647 0.85882353
v 0.22270544 0.37758023 -49.07030106 0.65098039 0.74117647 0.85882353
v 0.22811590 0.38168252 -49.07269287 0.65098039 0.74117647 0.85882353
v 0.22886035 0.38530850 -49.05909348 0.65098039 0.74117647 0.85882353
v 0.21457528 0.39611721 -49.06323242 0.65098039 0.74117647 0.85882353
v 0.21116610 0.38774395 -49.06101990 0.65098039 0.74117647 0.85882353
v 0.21122159 0.39293623 -49.06248474 0.65098039 0.74117647 0.85882353
v 0.22984447 0.39198375 -49.06224442 0.65098039 0.74117647 0.85882353
v 0.22875212 0.38757014 -49.05106354 0.65098039 0.74117647 0.85882353
v 0.22523619 0.38894278 -49.03298569 0.65098039 0.74117647 0.85882353
v 0.22089306 0.38719404 -49.03189850 0.65098039 0.74117647 0.85882353
v 0.22004347 0.38432980 -49.04135132 0.65098039 0.74117647 0.85882353
v 0.22485848 0.38583559 -49.04190445 0.65098039 0.74117647 0.85882353
v 0.22447805 0.38366580 -49.04895782 0.65098039 0.74117647 0.85882353
v 0.22844397 0.38983536 -49.04435730 0.65098039 0.74117647 0.85882353
v 0.21349798 0.39269727 -49.03376007 0.65098039 0.74117647 0.85882353
v 0.21267381 0.39774275 -49.03610611 0.65098039 0.74117647 0.85882353
v 0.21433617 0.40128851 -49.03747559 0.65098039 0.74117647 0.85882353
v 0.22949536 0.38853443 -49.07584763 0.65098039 0.74117647 0.85882353
v 0.21821688 0.40307754 -49.03863907 0.65098039 0.74117647 0.85882353
v 0.22402678 0.40313530 -49.03926468 0.65098039 0.74117647 0.85882353
v 0.21550421 0.38644409 -49.04251862 0.65098039 0.74117647 0.85882353
v 0.21614708 0.38852936 -49.03237915 0.65098039 0.74117647 0.85882353
v 0.22809143 0.39251816 -49.03535843 0.65098039 0.74117647 0.85882353
v 0.22828771 0.39822042 -49.03827286 0.65098039 0.74117647 0.85882353
v 0.22777487 0.39981204 -49.03007126 0.65098039 0.74117647 0.85882353
v 0.22770289 0.39442134 -49.02770233 0.65098039 0.74117647 0.85882353
v 0.22398339 0.40470380 -49.03109360 0.65098039 0.74117647 0.85882353
v 0.21843037 0.40452600 -49.03136826 0.65098039 0.74117647 0.85882353
v 0.21485926 0.40249306 -49.03096771 0.65098039 0.74117647 0.85882353
v 0.22544493 0.39127576 -49.02584076 0.65098039 0.74117647 0.85882353
v 0.22159673 0.38953519 -49.02521896 0.65098039 0.74117647 0.85882353
v 0.21690743 0.39028776 -49.02625656 0.65098039 0.74117647 0.85882353
v 0.22549537 0.39305162 -49.01894379 0.65098039 0.74117647 0.85882353
v 0.22777499 0.39627600 -49.01940536 0.65098039 0.74117647 0.85882353
v 0.22268508 0.40758049 -49.01092911 0.65098039 0.74117647 0.85882353
v 0.22583656 0.40676773 -49.01015091 0.65098039 0.74117647 0.85882353
v 0.22569449 0.40584171 -49.01517868 0.65098039 0.74117647 0.85882353
v 0.22315030 0.40737760 -49.01670837 0.65098039 0.74117647 0.85882353
v 0.22624661 0.40483999 -49.01865768 0.65098039 0.74117647 0.85882353
v 0.22459017 0.40599263 -49.02254486 0.65098039 0.74117647 0.85882353
v 0.22847034 0.40204477 -49.01393509 0.65098039 0.74117647 0.85882353
v 0.22764517 0.40184540 -49.01822662 0.65098039 0.74117647 0.85882353
v 0.22884464 0.40371203 -49.00843811 0.65098039 0.74117647 0.85882353
v 0.22864422 0.39990580 -49.00764847 0.65098039 0.74117647 0.85882353
v 0.22784443 0.39916360 -49.01339340 0.65098039 0.74117647 0.85882353
v 0.22767465 0.39878440 -49.01705170 0.65098039 0.74117647 0.85882353
v 0.22358318 0.40699077 -49.00560379 0.65098039 0.74117647 0.85882353
v 0.22616629 0.40715230 -49.00618362 0.65098039 0.74117647 0.85882353
v 0.22781877 0.40109658 -49.02261353 0.65098039 0.74117647 0.85882353
v 0.21917976 0.40552479 -49.02490997 0.65098039 0.74117647 0.85882353
v 0.21924675 0.40666306 -49.01763916 0.65098039 0.74117647 0.85882353
v 0.21959768 0.40673506 -49.01082993 0.65098039 0.74117647 0.85882353
v 0.22070944 0.40571183 -49.00559235 0.65098039 0.74117647 0.85882353
v 0.21573256 0.40449256 -49.01757431 0.65098039 0.74117647 0.85882353
v 0.21697645 0.40483510 -49.01072693 0.65098039 0.74117647 0.85882353
v 0.21863970 0.40362734 -49.00635529 0.65098039 0.74117647 0.85882353
v 0.21395135 0.40073717 -49.01652527 0.65098039 0.74117647 0.85882353
v 0.21585368 0.40158337 -49.00995636 0.65098039 0.74117647 0.85882353
v 0.21530293 0.40326738 -49.02529907 0.65098039 0.74117647 0.85882353
v 0.21358739 0.39953828 -49.02471161 0.65098039 0.74117647 0.85882353
v 0.21771033 0.40175366 -49.00698853 0.65098039 0.74117647 0.85882353
v 0.22307065 0.40274179 -49.00270081 0.65098039 0.74117647 0.85882353
v 0.22600608 0.40411723 -49.00222397 0.65098039 0.74117647 0.85882353
v 0.22915120 0.40491575 -49.00352478 0.65098039 0.74117647 0.85882353
v 0.22677131 0.39686304 -49.01303864 0.65098039 0.74117647 0.85882353
v 0.22682065 0.39815843 -49.00710297 0.65098039 0.74117647 0.85882353
v 0.22551955 0.39460063 -49.01225662 0.65098039 0.74117647 0.85882353
v 0.22536798 0.39653516 -49.00657654 0.65098039 0.74117647 0.85882353
v 0.22909679 0.40096486 -49.00360489 0.65098039 0.74117647 0.85882353
v 0.22717230 0.40009677 -49.00287247 0.65098039 0.74117647 0.85882353
v 0.21335107 0.39877474 -49.02982330 0.65098039 0.74117647 0.85882353
v 0.21407796 0.39413685 -49.02801132 0.65098039 0.74117647 0.85882353
v 0.21420921 0.39495230 -49.02298737 0.65098039 0.74117647 0.85882353
v 0.21496513 0.39611566 -49.01486588 0.65098039 0.74117647 0.85882353
v 0.21742685 0.39134890 -49.02101898 0.65098039 0.74117647 0.85882353
v 0.22222288 0.39107251 -49.01913071 0.65098039 0.74117647 0.85882353
v 0.22275668 0.39308095 -49.01248932 0.65098039 0.74117647 0.85882353
v 0.21864699 0.39309233 -49.01349258 0.65098039 0.74117647 0.85882353
v 0.22301222 0.39564836 -49.00713730 0.65098039 0.74117647 0.85882353
v 0.21988632 0.39553410 -49.00796127 0.65098039 0.74117647 0.85882353
v 0.21685822 0.39779270 -49.00887299 0.65098039 0.74117647 0.85882353
v 0.22249295 0.39802521 -49.00416183 0.65098039 0.74117647 0.85882353
v 0.22478135 0.39897227 -49.00298691 0.65098039 0.74117647 0.85882353
v 0.22075956 0.40110612 -49.00403214 0.65098039 0.74117647 0.85882353
v 0.21879549 0.39949119 -49.00585175 0.65098039 0.74117647 0.85882353
v 0.22047867 0.39745545 -49.00561142 0.65098039 0.74117647 0.85882353
v 0.21427825 0.37214583 -49.04900742 0.65098039 0.74117647 0.85882353
v 0.21424396 0.37128675 -49.05511856 0.65098039 0.74117647 0.85882353
v 0.21249579 0.36653239 -49.05482483 0.65098039 0.74117647 0.85882353
v 0.21250020 0.36726516 -49.04856491 0.65098039 0.74117647 0.85882353
v 0.22626467 0.37369937 -49.04965591 0.65098039 0.74117647 0.85882353
v 0.22679551 0.37316585 -49.05682373 0.65098039 0.74117647 0.85882353
v 0.22248012 0.37475848 -49.05595779 0.65098039 0.74117647 0.85882353
v 0.22246683 0.37524498 -49.04942703 0.65098039 0.74117647 0.85882353
v 0.22829139 0.36914778 -49.04914474 0.65098039 0.74117647 0.85882353
v 0.22887041 0.36792320 -49.05664444 0.65098039 0.74117647 0.85882353
v 0.22659548 0.37234938 -49.06398010 0.65098039 0.74117647 0.85882353
v 0.22553255 0.37062138 -49.07384109 0.65098039 0.74117647 0.85882353
v 0.22012191 0.37205571 -49.07228851 0.65098039 0.74117647 0.85882353
v 0.22170755 0.37406886 -49.06261826 0.65098039 0.74117647 0.85882353
v 0.21806456 0.37404609 -49.05533981 0.65098039 0.74117647 0.85882353
v 0.21823615 0.37480736 -49.04912186 0.65098039 0.74117647 0.85882353
v 0.21503653 0.35766476 -49.06115723 0.65098039 0.74117647 0.85882353
v 0.21650124 0.35908902 -49.05382156 0.65098039 0.74117647 0.85882353
v 0.21356760 0.36195338 -49.05426025 0.65098039 0.74117647 0.85882353
v 0.21222477 0.36072111 -49.06168365 0.65098039 0.74117647 0.85882353
v 0.20922449 0.36331385 -49.07392502 0.65098039 0.74117647 0.85882353
v 0.21089834 0.36836118 -49.07329941 0.65098039 0.74117647 0.85882353
v 0.21493484 0.37093467 -49.07234573 0.65098039 0.74117647 0.85882353
v 0.22050218 0.35710937 -49.06128693 0.65098039 0.74117647 0.85882353
v 0.21834891 0.35546857 -49.07290268 0.65098039 0.74117647 0.85882353
v 0.22456504 0.35801238 -49.07368088 0.65098039 0.74117647 0.85882353
v 0.22627883 0.36026347 -49.06279373 0.65098039 0.74117647 0.85882353
v 0.21691027 0.37313545 -49.06180191 0.65098039 0.74117647 0.85882353
v 0.21085790 0.36541146 -49.06191254 0.65098039 0.74117647 0.85882353
v 0.21282016 0.37031889 -49.06183624 0.65098039 0.74117647 0.85882353
v 0.22858022 0.36658305 -49.06423187 0.65098039 0.74117647 0.85882353
v 0.22655039 0.36196899 -49.05542755 0.65098039 0.74117647 0.85882353
v 0.22334304 0.36254990 -49.03706360 0.65098039 0.74117647 0.85882353
v 0.21885817 0.36163676 -49.03670883 0.65098039 0.74117647 0.85882353
v 0.21711692 0.35960180 -49.04697800 0.65098039 0.74117647 0.85882353
v 0.22221218 0.35999703 -49.04712296 0.65098039 0.74117647 0.85882353
v 0.22140051 0.35851234 -49.05405426 0.65098039 0.74117647 0.85882353
v 0.22658816 0.36370367 -49.04802322 0.65098039 0.74117647 0.85882353
v 0.21329218 0.36834270 -49.03898239 0.65098039 0.74117647 0.85882353
v 0.21427050 0.37308627 -49.03982544 0.65098039 0.74117647 0.85882353
v 0.21801038 0.37566423 -49.04004288 0.65098039 0.74117647 0.85882353
v 0.22784555 0.36469591 -49.07440567 0.65098039 0.74117647 0.85882353
v 0.21273385 0.35584211 -49.07298660 0.65098039 0.74117647 0.85882353
v 0.22167912 0.37630594 -49.04005051 0.65098039 0.74117647 0.85882353
v 0.22544637 0.37517333 -49.03988266 0.65098039 0.74117647 0.85882353
v 0.21387176 0.36247623 -49.04779053 0.65098039 0.74117647 0.85882353
v 0.21495102 0.36368060 -49.03789520 0.65098039 0.74117647 0.85882353
v 0.22693349 0.36595547 -49.03818512 0.65098039 0.74117647 0.85882353
v 0.22804418 0.37094998 -49.03952789 0.65098039 0.74117647 0.85882353
v 0.22792603 0.37223434 -49.03248215 0.65098039 0.74117647 0.85882353
v 0.22727691 0.36716449 -49.03132248 0.65098039 0.74117647 0.85882353
v 0.22533457 0.37653637 -49.03272247 0.65098039 0.74117647 0.85882353
v 0.22136115 0.37716091 -49.03317261 0.65098039 0.74117647 0.85882353
v 0.21787627 0.37625265 -49.03373337 0.65098039 0.74117647 0.85882353
v 0.22372802 0.36415768 -49.03038025 0.65098039 0.74117647 0.85882353
v 0.21986352 0.36344826 -49.03020096 0.65098039 0.74117647 0.85882353
v 0.21587048 0.36494935 -49.03203201 0.65098039 0.74117647 0.85882353
v 0.22379608 0.36492777 -49.02521515 0.65098039 0.74117647 0.85882353
v 0.22682135 0.36841476 -49.02501297 0.65098039 0.74117647 0.85882353
v 0.22377254 0.37951934 -49.01535416 0.65098039 0.74117647 0.85882353
v 0.22578193 0.37822604 -49.01481247 0.65098039 0.74117647 0.85882353
v 0.22534315 0.37741339 -49.01948547 0.65098039 0.74117647 0.85882353
v 0.22385351 0.37909794 -49.02027512 0.65098039 0.74117647 0.85882353
v 0.22597106 0.37667245 -49.02291870 0.65098039 0.74117647 0.85882353
v 0.22530280 0.37753868 -49.02606201 0.65098039 0.74117647 0.85882353
v 0.22771908 0.37433934 -49.01897430 0.65098039 0.74117647 0.85882353
v 0.22745787 0.37382573 -49.02320099 0.65098039 0.74117647 0.85882353
v 0.22807568 0.37483239 -49.01414490 0.65098039 0.74117647 0.85882353
v 0.22719906 0.37076855 -49.01419449 0.65098039 0.74117647 0.85882353
v 0.22669862 0.37041599 -49.01902390 0.65098039 0.74117647 0.85882353
v 0.22717375 0.37064016 -49.02259064 0.65098039 0.74117647 0.85882353
v 0.22442554 0.37869638 -49.01094055 0.65098039 0.74117647 0.85882353
v 0.22631015 0.37813675 -49.01144791 0.65098039 0.74117647 0.85882353
v 0.22745942 0.37315953 -49.02690506 0.65098039 0.74117647 0.85882353
v 0.22139816 0.37798196 -49.02774811 0.65098039 0.74117647 0.85882353
v 0.22085606 0.37909532 -49.02127838 0.65098039 0.74117647 0.85882353
v 0.22089294 0.37937641 -49.01577759 0.65098039 0.74117647 0.85882353
v 0.22137672 0.37801564 -49.01151276 0.65098039 0.74117647 0.85882353
v 0.21779637 0.37757421 -49.02189636 0.65098039 0.74117647 0.85882353
v 0.21828932 0.37772375 -49.01624680 0.65098039 0.74117647 0.85882353
v 0.21892186 0.37652707 -49.01266098 0.65098039 0.74117647 0.85882353
v 0.21526892 0.37506258 -49.02218246 0.65098039 0.74117647 0.85882353
v 0.21645543 0.37539077 -49.01640701 0.65098039 0.74117647 0.85882353
v 0.21790478 0.37667274 -49.02849579 0.65098039 0.74117647 0.85882353
v 0.21513240 0.37404549 -49.02917480 0.65098039 0.74117647 0.85882353
v 0.21771112 0.37504476 -49.01367569 0.65098039 0.74117647 0.85882353
v 0.22248843 0.37401116 -49.00920868 0.65098039 0.74117647 0.85882353
v 0.22578850 0.37493861 -49.00864410 0.65098039 0.74117647 0.85882353
v 0.22832464 0.37528741 -49.00996017 0.65098039 0.74117647 0.85882353
v 0.22562666 0.36776781 -49.01932526 0.65098039 0.74117647 0.85882353
v 0.22555226 0.36862588 -49.01420593 0.65098039 0.74117647 0.85882353
v 0.22326501 0.36594117 -49.01966858 0.65098039 0.74117647 0.85882353
v 0.22334196 0.36748064 -49.01431656 0.65098039 0.74117647 0.85882353
v 0.22770299 0.37178004 -49.01085663 0.65098039 0.74117647 0.85882353
v 0.22607450 0.37070513 -49.01031876 0.65098039 0.74117647 0.85882353
v 0.21498570 0.37369132 -49.03409195 0.65098039 0.74117647 0.85882353
v 0.21413116 0.36928999 -49.03356552 0.65098039 0.74117647 0.85882353
v 0.21441272 0.37006342 -49.02882385 0.65098039 0.74117647 0.85882353
v 0.21488301 0.37099540 -49.02152252 0.65098039 0.74117647 0.85882353
v 0.21633631 0.36583370 -49.02756119 0.65098039 0.74117647 0.85882353
v 0.22009605 0.36442471 -49.02587891 0.65098039 0.74117647 0.85882353
v 0.22015952 0.36559498 -49.02014923 0.65098039 0.74117647 0.85882353
v 0.21698111 0.36713696 -49.02107239 0.65098039 0.74117647 0.85882353
v 0.22055297 0.36736292 -49.01482010 0.65098039 0.74117647 0.85882353
v 0.21794592 0.36862373 -49.01555634 0.65098039 0.74117647 0.85882353
v 0.21624602 0.37184703 -49.01600647 0.65098039 0.74117647 0.85882353
v 0.22067596 0.36963236 -49.01179504 0.65098039 0.74117647 0.85882353
v 0.22346938 0.36981106 -49.01079178 0.65098039 0.74117647 0.85882353
v 0.21982469 0.37332326 -49.01098633 0.65098039 0.74117647 0.85882353
v 0.21799733 0.37263513 -49.01294327 0.65098039 0.74117647 0.85882353
v 0.21868677 0.37002361 -49.01297760 0.65098039 0.74117647 0.85882353
v 0.21034582 0.35890627 -49.07390976 0.65098039 0.74117647 0.85882353
v 0.21136576 0.34295440 -49.06142044 0.65098039 0.74117647 0.85882353
v 0.21115036 0.34339964 -49.06652069 0.65098039 0.74117647 0.85882353
v 0.20950593 0.33983296 -49.06696320 0.65098039 0.74117647 0.85882353
v 0.20971660 0.33933294 -49.06196594 0.65098039 0.74117647 0.85882353
v 0.22229658 0.34209359 -49.06133270 0.65098039 0.74117647 0.85882353
v 0.22270001 0.34266812 -49.06723022 0.65098039 0.74117647 0.85882353
v 0.21898100 0.34542632 -49.06657410 0.65098039 0.74117647 0.85882353
v 0.21891862 0.34486282 -49.06077957 0.65098039 0.74117647 0.85882353
v 0.22304432 0.33710331 -49.06203461 0.65098039 0.74117647 0.85882353
v 0.22340749 0.33726066 -49.06809235 0.65098039 0.74117647 0.85882353
v 0.22197233 0.34333283 -49.07411194 0.65098039 0.74117647 0.85882353
v 0.22054566 0.34471172 -49.08502579 0.65098039 0.74117647 0.85882353
v 0.21612436 0.34714514 -49.08254242 0.65098039 0.74117647 0.85882353
v 0.21805154 0.34613109 -49.07320404 0.65098039 0.74117647 0.85882353
v 0.20724601 0.33240145 -49.09060669 0.65098039 0.74117647 0.85882353
v 0.20835716 0.33281434 -49.08362579 0.65098039 0.74117647 0.85882353
v 0.20615271 0.33643240 -49.08251572 0.65098039 0.74117647 0.85882353
v 0.20388150 0.33610022 -49.09009171 0.65098039 0.74117647 0.85882353
v 0.21464275 0.34551346 -49.06634903 0.65098039 0.74117647 0.85882353
v 0.21482526 0.34491813 -49.06086349 0.65098039 0.74117647 0.85882353
v 0.21046086 0.33280170 -49.07389832 0.65098039 0.74117647 0.85882353
v 0.21165942 0.33255064 -49.06782150 0.65098039 0.74117647 0.85882353
v 0.20965506 0.33598399 -49.06731033 0.65098039 0.74117647 0.85882353
v 0.20828690 0.33630276 -49.07296371 0.65098039 0.74117647 0.85882353
v 0.20312992 0.34092712 -49.08858490 0.65098039 0.74117647 0.85882353
v 0.20592687 0.34056675 -49.08155823 0.65098039 0.74117647 0.85882353
v 0.20768091 0.34426701 -49.08137894 0.65098039 0.74117647 0.85882353
v 0.20432134 0.34586251 -49.08685684 0.65098039 0.74117647 0.85882353
v 0.21102615 0.34644288 -49.08121490 0.65098039 0.74117647 0.85882353
v 0.21452419 0.33116126 -49.07489395 0.65098039 0.74117647 0.85882353
v 0.21231464 0.33123595 -49.08493042 0.65098039 0.74117647 0.85882353
v 0.21760677 0.33213603 -49.08657455 0.65098039 0.74117647 0.85882353
v 0.21951209 0.33256459 -49.07530975 0.65098039 0.74117647 0.85882353
v 0.21363190 0.34593964 -49.07239914 0.65098039 0.74117647 0.85882353
v 0.20821723 0.34010744 -49.07250595 0.65098039 0.74117647 0.85882353
v 0.21003802 0.34374589 -49.07229614 0.65098039 0.74117647 0.85882353
v 0.22292764 0.33787584 -49.07533646 0.65098039 0.74117647 0.85882353
v 0.22031437 0.33257711 -49.06838226 0.65098039 0.74117647 0.85882353
v 0.21614306 0.33046925 -49.05559540 0.65098039 0.74117647 0.85882353
v 0.21280994 0.33152878 -49.05565643 0.65098039 0.74117647 0.85882353
v 0.21207683 0.33204567 -49.06245804 0.65098039 0.74117647 0.85882353
v 0.21599638 0.33059174 -49.06266403 0.65098039 0.74117647 0.85882353
v 0.21568845 0.33091772 -49.06829071 0.65098039 0.74117647 0.85882353
v 0.22035062 0.33237869 -49.06248856 0.65098039 0.74117647 0.85882353
v 0.21006809 0.33870876 -49.05545807 0.65098039 0.74117647 0.85882353
v 0.21159446 0.34235698 -49.05453873 0.65098039 0.74117647 0.85882353
v 0.21483524 0.34427178 -49.05405045 0.65098039 0.74117647 0.85882353
v 0.22212045 0.33848190 -49.08710098 0.65098039 0.74117647 0.85882353
v 0.21851303 0.34434700 -49.05358505 0.65098039 0.74117647 0.85882353
v 0.22166483 0.34190452 -49.05387115 0.65098039 0.74117647 0.85882353
v 0.20992288 0.33543193 -49.06225204 0.65098039 0.74117647 0.85882353
v 0.21059768 0.33477747 -49.05564117 0.65098039 0.74117647 0.85882353
v 0.22001918 0.33229643 -49.05523682 0.65098039 0.74117647 0.85882353
v 0.22244963 0.33698666 -49.05481720 0.65098039 0.74117647 0.85882353
v 0.22257103 0.33702409 -49.04896927 0.65098039 0.74117647 0.85882353
v 0.22030067 0.33236945 -49.04938507 0.65098039 0.74117647 0.85882353
v 0.22142969 0.34184003 -49.04830933 0.65098039 0.74117647 0.85882353
v 0.21840054 0.34388781 -49.04844666 0.65098039 0.74117647 0.85882353
v 0.21478672 0.34363115 -49.04933929 0.65098039 0.74117647 0.85882353
v 0.21615097 0.33055073 -49.05021667 0.65098039 0.74117647 0.85882353
v 0.21337573 0.33172345 -49.05063629 0.65098039 0.74117647 0.85882353
v 0.21155886 0.33468628 -49.05103302 0.65098039 0.74117647 0.85882353
v 0.21661474 0.33084989 -49.04501343 0.65098039 0.74117647 0.85882353
v 0.22040199 0.33286273 -49.04354095 0.65098039 0.74117647 0.85882353
v 0.21923362 0.34264195 -49.03401566 0.65098039 0.74117647 0.85882353
v 0.22091191 0.34121579 -49.03425217 0.65098039 0.74117647 0.85882353
v 0.22077353 0.34122819 -49.03757477 0.65098039 0.74117647 0.85882353
v 0.21954297 0.34289825 -49.03820038 0.65098039 0.74117647 0.85882353
v 0.22136854 0.34054697 -49.04086304 0.65098039 0.74117647 0.85882353
v 0.22089754 0.34185052 -49.04306412 0.65098039 0.74117647 0.85882353
v 0.22213271 0.33787495 -49.03806686 0.65098039 0.74117647 0.85882353
v 0.22194456 0.33764154 -49.04160309 0.65098039 0.74117647 0.85882353
v 0.22239015 0.33781147 -49.03398514 0.65098039 0.74117647 0.85882353
v 0.22038352 0.33395994 -49.03426743 0.65098039 0.74117647 0.85882353
v 0.22060905 0.33388948 -49.03813934 0.65098039 0.74117647 0.85882353
v 0.22119798 0.33451831 -49.04117584 0.65098039 0.74117647 0.85882353
v 0.21939176 0.34125441 -49.03042603 0.65098039 0.74117647 0.85882353
v 0.22113396 0.34078133 -49.03127289 0.65098039 0.74117647 0.85882353
v 0.22224978 0.33734983 -49.04452896 0.65098039 0.74117647 0.85882353
v 0.21821313 0.34377909 -49.04397583 0.65098039 0.74117647 0.85882353
v 0.21759520 0.34388936 -49.03875732 0.65098039 0.74117647 0.85882353
v 0.21707855 0.34331471 -49.03344727 0.65098039 0.74117647 0.85882353
v 0.21691118 0.34094846 -49.03009796 0.65098039 0.74117647 0.85882353
v 0.21500917 0.34324384 -49.03969955 0.65098039 0.74117647 0.85882353
v 0.21478751 0.34231532 -49.03455353 0.65098039 0.74117647 0.85882353
v 0.21484616 0.34034991 -49.03148651 0.65098039 0.74117647 0.85882353
v 0.21282165 0.34158045 -49.04116821 0.65098039 0.74117647 0.85882353
v 0.21310906 0.34083998 -49.03594971 0.65098039 0.74117647 0.85882353
v 0.21524800 0.34344673 -49.04527664 0.65098039 0.74117647 0.85882353
v 0.21275128 0.34176981 -49.04677963 0.65098039 0.74117647 0.85882353
v 0.21366577 0.33986628 -49.03319931 0.65098039 0.74117647 0.85882353
v 0.21696666 0.33756435 -49.02955246 0.65098039 0.74117647 0.85882353
v 0.21954329 0.33752030 -49.02918243 0.65098039 0.74117647 0.85882353
v 0.22212796 0.33752358 -49.03040695 0.65098039 0.74117647 0.85882353
v 0.21898623 0.33192194 -49.03866959 0.65098039 0.74117647 0.85882353
v 0.21847127 0.33240837 -49.03416443 0.65098039 0.74117647 0.85882353
v 0.21640061 0.33124876 -49.03986740 0.65098039 0.74117647 0.85882353
v 0.21616016 0.33245492 -49.03442001 0.65098039 0.74117647 0.85882353
v 0.22077473 0.33454877 -49.03131104 0.65098039 0.74117647 0.85882353
v 0.21889929 0.33427352 -49.03089142 0.65098039 0.74117647 0.85882353
v 0.21204160 0.34178835 -49.05016327 0.65098039 0.74117647 0.85882353
v 0.21083452 0.33864939 -49.05086517 0.65098039 0.74117647 0.85882353
v 0.21120276 0.33845985 -49.04742050 0.65098039 0.74117647 0.85882353
v 0.21146935 0.33858478 -49.04196548 0.65098039 0.74117647 0.85882353
v 0.21176402 0.33460099 -49.04720688 0.65098039 0.74117647 0.85882353
v 0.21373375 0.33187163 -49.04634857 0.65098039 0.74117647 0.85882353
v 0.21389285 0.33229262 -49.04077911 0.65098039 0.74117647 0.85882353
v 0.21188216 0.33483064 -49.04167938 0.65098039 0.74117647 0.85882353
v 0.21405779 0.33355206 -49.03535461 0.65098039 0.74117647 0.85882353
v 0.21264456 0.33562672 -49.03615570 0.65098039 0.74117647 0.85882353
v 0.21220614 0.33848524 -49.03645325 0.65098039 0.74117647 0.85882353
v 0.21465261 0.33551991 -49.03208923 0.65098039 0.74117647 0.85882353
v 0.21649541 0.33457744 -49.03106308 0.65098039 0.74117647 0.85882353
v 0.21490811 0.33782232 -49.03098679 0.65098039 0.74117647 0.85882353
v 0.21351701 0.33816928 -49.03299713 0.65098039 0.74117647 0.85882353
v 0.21354736 0.33640921 -49.03332138 0.65098039 0.74117647 0.85882353
v 0.21090195 0.33099294 -49.09085846 0.65098039 0.74117647 0.85882353
v 0.19836530 0.42732811 -49.12551117 0.65098039 0.74117647 0.85882353
v 0.19640037 0.42392963 -49.12261200 0.65098039 0.74117647 0.85882353
v 0.18595700 0.42027521 -49.12115860 0.65098039 0.74117647 0.85882353
v 0.17987011 0.42172301 -49.12409592 0.65098039 0.74117647 0.85882353
v 0.17686549 0.42513674 -49.12882614 0.65098039 0.74117647 0.85882353
v 0.17894466 0.42884088 -49.13219833 0.65098039 0.74117647 0.85882353
v 0.18374221 0.43192476 -49.13339996 0.65098039 0.74117647 0.85882353
v 0.19236949 0.42143893 -49.12065887 0.65098039 0.74117647 0.85882353
v 0.19698559 0.43116176 -49.12965393 0.65098039 0.74117647 0.85882353
v 0.19057791 0.43308109 -49.13273621 0.65098039 0.74117647 0.85882353
v 0.19039878 0.44028091 -49.12470627 0.65098039 0.74117647 0.85882353
v 0.19674495 0.43787670 -49.12217331 0.65098039 0.74117647 0.85882353
v 0.18342529 0.43927664 -49.12582016 0.65098039 0.74117647 0.85882353
v 0.17831218 0.43566656 -49.12533188 0.65098039 0.74117647 0.85882353
v 0.17637071 0.43078703 -49.12326813 0.65098039 0.74117647 0.85882353
v 0.19837703 0.43336511 -49.11884689 0.65098039 0.74117647 0.85882353
v 0.19651322 0.42896748 -49.11652374 0.65098039 0.74117647 0.85882353
v 0.19133592 0.42592210 -49.11561203 0.65098039 0.74117647 0.85882353
v 0.19860730 0.43925440 -49.11232758 0.65098039 0.74117647 0.85882353
v 0.19680874 0.44579685 -49.11294174 0.65098039 0.74117647 0.85882353
v 0.18167208 0.45381951 -49.10873032 0.65098039 0.74117647 0.85882353
v 0.18541391 0.45589489 -49.10955429 0.65098039 0.74117647 0.85882353
v 0.18529169 0.45253062 -49.11275101 0.65098039 0.74117647 0.85882353
v 0.18146831 0.45028412 -49.11280823 0.65098039 0.74117647 0.85882353
v 0.18625817 0.45007312 -49.11455536 0.65098039 0.74117647 0.85882353
v 0.18358701 0.44679093 -49.11727142 0.65098039 0.74117647 0.85882353
v 0.19128138 0.45375431 -49.11176682 0.65098039 0.74117647 0.85882353
v 0.19098279 0.45083195 -49.11348724 0.65098039 0.74117647 0.85882353
v 0.19648421 0.45260680 -49.10914612 0.65098039 0.74117647 0.85882353
v 0.19533314 0.45056385 -49.11188889 0.65098039 0.74117647 0.85882353
v 0.19144756 0.45765364 -49.10901642 0.65098039 0.74117647 0.85882353
v 0.18619528 0.45858777 -49.10664368 0.65098039 0.74117647 0.85882353
v 0.19077088 0.45969212 -49.10544968 0.65098039 0.74117647 0.85882353
v 0.18391538 0.45733654 -49.10474396 0.65098039 0.74117647 0.85882353
v 0.19069703 0.44719338 -49.11667252 0.65098039 0.74117647 0.85882353
v 0.17835540 0.44160968 -49.11856842 0.65098039 0.74117647 0.85882353
v 0.17819495 0.44696909 -49.11241531 0.65098039 0.74117647 0.85882353
v 0.17928275 0.45125902 -49.10700989 0.65098039 0.74117647 0.85882353
v 0.18271577 0.45431501 -49.10246277 0.65098039 0.74117647 0.85882353
v 0.17709485 0.44249129 -49.11017990 0.65098039 0.74117647 0.85882353
v 0.17959134 0.44766116 -49.10466385 0.65098039 0.74117647 0.85882353
v 0.18310603 0.45073473 -49.10128403 0.65098039 0.74117647 0.85882353
v 0.17976719 0.43868613 -49.10784149 0.65098039 0.74117647 0.85882353
v 0.18215853 0.44488341 -49.10316467 0.65098039 0.74117647 0.85882353
v 0.17601401 0.43586230 -49.11750412 0.65098039 0.74117647 0.85882353
v 0.17855874 0.43096220 -49.11513901 0.65098039 0.74117647 0.85882353
v 0.18409936 0.44831711 -49.10083008 0.65098039 0.74117647 0.85882353
v 0.18829526 0.45548427 -49.09966660 0.65098039 0.74117647 0.85882353
v 0.18929695 0.45909202 -49.10156631 0.65098039 0.74117647 0.85882353
v 0.19834478 0.44937992 -49.10723114 0.65098039 0.74117647 0.85882353
v 0.19626155 0.45605308 -49.10658264 0.65098039 0.74117647 0.85882353
v 0.19756301 0.45324504 -49.10369873 0.65098039 0.74117647 0.85882353
v 0.19851209 0.44484282 -49.10599899 0.65098039 0.74117647 0.85882353
v 0.19681309 0.44980240 -49.10160828 0.65098039 0.74117647 0.85882353
v 0.19492395 0.45862085 -49.10435104 0.65098039 0.74117647 0.85882353
v 0.19491197 0.45688516 -49.10146713 0.65098039 0.74117647 0.85882353
v 0.17905186 0.42641681 -49.11993027 0.65098039 0.74117647 0.85882353
v 0.18463272 0.42472672 -49.11674881 0.65098039 0.74117647 0.85882353
v 0.18456458 0.42925382 -49.11251068 0.65098039 0.74117647 0.85882353
v 0.18552861 0.43666029 -49.10570908 0.65098039 0.74117647 0.85882353
v 0.19158322 0.43058914 -49.11072540 0.65098039 0.74117647 0.85882353
v 0.19708262 0.43424773 -49.11096191 0.65098039 0.74117647 0.85882353
v 0.19650011 0.44103086 -49.10478210 0.65098039 0.74117647 0.85882353
v 0.19195235 0.43764412 -49.10440445 0.65098039 0.74117647 0.85882353
v 0.19448882 0.44664133 -49.10071564 0.65098039 0.74117647 0.85882353
v 0.19111322 0.44439685 -49.10095215 0.65098039 0.74117647 0.85882353
v 0.18641786 0.44390827 -49.10163879 0.65098039 0.74117647 0.85882353
v 0.19166526 0.45018208 -49.09920502 0.65098039 0.74117647 0.85882353
v 0.19348024 0.45364320 -49.09946442 0.65098039 0.74117647 0.85882353
v 0.18754451 0.45164049 -49.09946823 0.65098039 0.74117647 0.85882353
v 0.18715434 0.44824517 -49.10000992 0.65098039 0.74117647 0.85882353
v 0.19014099 0.44784284 -49.09969330 0.65098039 0.74117647 0.85882353
v 0.20106815 0.33501261 -49.09567642 0.65098039 0.74117647 0.85882353
v 0.19996732 0.34107935 -49.09473419 0.65098039 0.74117647 0.85882353
v 0.19806418 0.33945453 -49.10231018 0.65098039 0.74117647 0.85882353
v 0.19522697 0.33730710 -49.11093903 0.65098039 0.74117647 0.85882353
v 0.19525115 0.32988626 -49.11861801 0.65098039 0.74117647 0.85882353
v 0.19586784 0.34404242 -49.11146545 0.65098039 0.74117647 0.85882353
v 0.19840424 0.34580576 -49.10274124 0.65098039 0.74117647 0.85882353
v 0.20110947 0.34819365 -49.09318924 0.65098039 0.74117647 0.85882353
v 0.19479181 0.34823048 -49.11894989 0.65098039 0.74117647 0.85882353
v 0.10829750 0.69204950 -49.54269791 0.65098039 0.74117647 0.85882353
v 0.11140102 0.69139445 -49.54525757 0.65098039 0.74117647 0.85882353
v 0.11106575 0.68628180 -49.54958725 0.65098039 0.74117647 0.85882353
v 0.10881606 0.68581831 -49.54747391 0.65098039 0.74117647 0.85882353
v 0.10614967 0.68567872 -49.54545975 0.65098039 0.74117647 0.85882353
v 0.10252601 0.68609053 -49.54387665 0.65098039 0.74117647 0.85882353
v 0.09877229 0.69335771 -49.53944397 0.65098039 0.74117647 0.85882353
v 0.10423523 0.69317824 -49.54024124 0.65098039 0.74117647 0.85882353
v 0.08803345 0.68989563 -49.54172516 0.65098039 0.74117647 0.85882353
v 0.09007020 0.69094944 -49.54175568 0.65098039 0.74117647 0.85882353
v 0.08862658 0.68888187 -49.54180145 0.65098039 0.74117647 0.85882353
v 0.09444296 0.68756437 -49.54200745 0.65098039 0.74117647 0.85882353
v 0.09086253 0.68855810 -49.54210663 0.65098039 0.74117647 0.85882353
v 0.11397458 0.68968463 -49.55012131 0.65098039 0.74117647 0.85882353
v 0.11438526 0.68881226 -49.55170441 0.65098039 0.74117647 0.85882353
v 0.11311036 0.69043434 -49.54780960 0.65098039 0.74117647 0.85882353
v 0.09865874 0.68673003 -49.54248810 0.65098039 0.74117647 0.85882353
v 0.11386564 0.68788683 -49.55221558 0.65098039 0.74117647 0.85882353
v 0.11267005 0.68706727 -49.55146027 0.65098039 0.74117647 0.85882353
v 0.09363022 0.69267130 -49.54030991 0.65098039 0.74117647 0.85882353
v 0.10693929 0.68778408 -49.54476929 0.65098039 0.74117647 0.85882353
v 0.10325312 0.68818974 -49.54293060 0.65098039 0.74117647 0.85882353
v 0.09916887 0.69113147 -49.54035187 0.65098039 0.74117647 0.85882353
v 0.10396539 0.69072533 -49.54153061 0.65098039 0.74117647 0.85882353
v 0.09513149 0.68934286 -49.54130936 0.65098039 0.74117647 0.85882353
v 0.09263879 0.68962085 -49.54162598 0.65098039 0.74117647 0.85882353
v 0.10937025 0.68760741 -49.54677582 0.65098039 0.74117647 0.85882353
v 0.09914791 0.68876529 -49.54159546 0.65098039 0.74117647 0.85882353
v 0.10774998 0.69020712 -49.54368210 0.65098039 0.74117647 0.85882353
v 0.09227853 0.69043684 -49.54134750 0.65098039 0.74117647 0.85882353
v 0.09474530 0.69114846 -49.54050064 0.65098039 0.74117647 0.85882353
v 0.11387607 0.68834049 -49.55116653 0.65098039 0.74117647 0.85882353
v 0.11335859 0.68807203 -49.55130386 0.65098039 0.74117647 0.85882353
v 0.00738210 0.47260582 -49.62222290 0.65098039 0.74117647 0.85882353
v 0.00136214 0.45484185 -49.61948776 0.65098039 0.74117647 0.85882353
v 0.11028222 0.68950188 -49.54614639 0.65098039 0.74117647 0.85882353
v 0.11244850 0.68775094 -49.55039215 0.65098039 0.74117647 0.85882353
v 0.11114179 0.68757385 -49.54877090 0.65098039 0.74117647 0.85882353
v 0.11180593 0.68903267 -49.54828644 0.65098039 0.74117647 0.85882353
v 0.11298431 0.68869138 -49.55001450 0.65098039 0.74117647 0.85882353
v 0.14943603 0.39578319 -49.47208405 0.65098039 0.74117647 0.85882353
v 0.13932684 0.38531172 -49.48103333 0.65098039 0.74117647 0.85882353
v 0.20294960 0.39591682 -49.47451019 0.65098039 0.74117647 0.85882353
v 0.21622689 0.38828832 -49.49028397 0.65098039 0.74117647 0.85882353
v 0.02684985 0.16877072 -49.58693314 0.65098039 0.74117647 0.85882353
v 0.18482196 0.25205171 -49.70088959 0.65098039 0.74117647 0.85882353
v 0.18689072 0.27027661 -49.69912720 0.65098039 0.74117647 0.85882353
v 0.14699984 0.27686274 -49.76662827 0.65098039 0.74117647 0.85882353
v 0.16102087 0.27222788 -49.75304413 0.65098039 0.74117647 0.85882353
v 0.13784960 0.23099257 -49.59996033 0.65098039 0.74117647 0.85882353
v 0.14011009 0.21277179 -49.60098267 0.65098039 0.74117647 0.85882353
v 0.07282715 0.21481554 -49.58364487 0.65098039 0.74117647 0.85882353
v 0.07401475 0.19375043 -49.58611679 0.65098039 0.74117647 0.85882353
v 0.12061848 0.18628307 -49.59151840 0.65098039 0.74117647 0.85882353
v 0.17656192 0.22243549 -49.73884964 0.65098039 0.74117647 0.85882353
v 0.17289884 0.24462228 -49.73814392 0.65098039 0.74117647 0.85882353
v 0.18121637 0.23916875 -49.72047424 0.65098039 0.74117647 0.85882353
v 0.18593374 0.21856038 -49.72117615 0.65098039 0.74117647 0.85882353
v 0.12909144 0.25678015 -49.77664185 0.65098039 0.74117647 0.85882353
v 0.12946224 0.27948189 -49.77596664 0.65098039 0.74117647 0.85882353
v 0.15618184 0.25588357 -49.61017227 0.65098039 0.74117647 0.85882353
v 0.17270088 0.26299930 -49.62954712 0.65098039 0.74117647 0.85882353
v 0.18938497 0.27809644 -49.67317581 0.65098039 0.74117647 0.85882353
v 0.18914223 0.28766304 -49.69443893 0.65098039 0.74117647 0.85882353
v 0.17546222 0.30852956 -49.73151398 0.65098039 0.74117647 0.85882353
v 0.18399042 0.29838544 -49.71345139 0.65098039 0.74117647 0.85882353
v 0.04922528 0.23331665 -49.58014297 0.65098039 0.74117647 0.85882353
v 0.02716746 0.25376415 -49.58338928 0.65098039 0.74117647 0.85882353
v 0.13576627 0.25020355 -49.59594345 0.65098039 0.74117647 0.85882353
v -0.01475257 0.23051824 -49.60133743 0.65098039 0.74117647 0.85882353
v 0.15214622 0.34681356 -49.76308441 0.65098039 0.74117647 0.85882353
v 0.16733435 0.34039974 -49.74536514 0.65098039 0.74117647 0.85882353
v 0.18378800 0.27008510 -49.65098953 0.65098039 0.74117647 0.85882353
v -0.00675499 0.40960389 -49.59735107 0.65098039 0.74117647 0.85882353
v -0.01249883 0.39264834 -49.59400177 0.65098039 0.74117647 0.85882353
v -0.00019386 0.39533156 -49.58195114 0.65098039 0.74117647 0.85882353
v 0.00671490 0.41178203 -49.58579636 0.65098039 0.74117647 0.85882353
v 0.01291640 0.39646256 -49.57176208 0.65098039 0.74117647 0.85882353
v 0.02619665 0.39745480 -49.56314468 0.65098039 0.74117647 0.85882353
v 0.03922656 0.39784569 -49.55632019 0.65098039 0.74117647 0.85882353
v 0.07415331 0.39412773 -49.54594803 0.65098039 0.74117647 0.85882353
v 0.06317973 0.39629984 -49.54772568 0.65098039 0.74117647 0.85882353
v 0.09485301 0.38768727 -49.54729843 0.65098039 0.74117647 0.85882353
v 0.08441716 0.39157963 -49.54561996 0.65098039 0.74117647 0.85882353
v 0.10571630 0.37921423 -49.55195618 0.65098039 0.74117647 0.85882353
v 0.11806458 0.36940318 -49.55984879 0.65098039 0.74117647 0.85882353
v 0.13225108 0.35971230 -49.56925201 0.65098039 0.74117647 0.85882353
v 0.13488600 0.37356591 -49.57035828 0.65098039 0.74117647 0.85882353
v 0.11358152 0.35532796 -49.55847168 0.65098039 0.74117647 0.85882353
v 0.10117735 0.36523134 -49.55090332 0.65098039 0.74117647 0.85882353
v 0.08950887 0.37257171 -49.54569244 0.65098039 0.74117647 0.85882353
v -0.02753211 0.34721255 -49.60266495 0.65098039 0.74117647 0.85882353
v -0.02388433 0.32215625 -49.60388565 0.65098039 0.74117647 0.85882353
v 0.01257356 0.48957932 -49.62505341 0.65098039 0.74117647 0.85882353
v 0.19223274 0.24736033 -49.33679962 0.65098039 0.74117647 0.85882353
v 0.20247388 0.35559940 -49.24121475 0.65098039 0.74117647 0.85882353
v 0.13443875 0.53617430 -49.72125244 0.65098039 0.74117647 0.85882353
v 0.11792266 0.53416276 -49.73370743 0.65098039 0.74117647 0.85882353
v 0.10851642 0.52326691 -49.74667358 0.65098039 0.74117647 0.85882353
v 0.10547575 0.53392911 -49.74277115 0.65098039 0.74117647 0.85882353
v 0.17033574 0.54913151 -49.63844681 0.65098039 0.74117647 0.85882353
v 0.17333110 0.54214942 -49.66439056 0.65098039 0.74117647 0.85882353
v 0.16722322 0.53587723 -49.68912888 0.65098039 0.74117647 0.85882353
v 0.15409268 0.53046238 -49.70929337 0.65098039 0.74117647 0.85882353
v 0.11021888 0.26400596 -49.58351135 0.65098039 0.74117647 0.85882353
v 0.14523450 0.50314474 -49.73256683 0.65098039 0.74117647 0.85882353
v 0.15946832 0.52042717 -49.71268463 0.65098039 0.74117647 0.85882353
v 0.17457601 0.52612275 -49.69162750 0.65098039 0.74117647 0.85882353
v 0.18345918 0.53208745 -49.66518784 0.65098039 0.74117647 0.85882353
v 0.18353370 0.53917837 -49.63276672 0.65098039 0.74117647 0.85882353
v 0.18836042 0.53500849 -49.61437607 0.65098039 0.74117647 0.85882353
v 0.20555454 0.51064181 -49.60219574 0.65098039 0.74117647 0.85882353
v 0.20834093 0.50447792 -49.58936310 0.65098039 0.74117647 0.85882353
v 0.20055674 0.51607180 -49.57495499 0.65098039 0.74117647 0.85882353
v 0.20420748 0.50660425 -49.56167221 0.65098039 0.74117647 0.85882353
v 0.21204649 0.49630797 -49.57648087 0.65098039 0.74117647 0.85882353
v 0.22139899 0.41240841 -49.51585007 0.65098039 0.74117647 0.85882353
v 0.22154361 0.39607543 -49.51224899 0.65098039 0.74117647 0.85882353
v 0.22152849 0.38109279 -49.51615906 0.65098039 0.74117647 0.85882353
v 0.21902770 0.36886674 -49.52286530 0.65098039 0.74117647 0.85882353
v 0.21499877 0.36120284 -49.53250885 0.65098039 0.74117647 0.85882353
v 0.20927526 0.35889155 -49.54352188 0.65098039 0.74117647 0.85882353
v 0.20388892 0.36302280 -49.55611801 0.65098039 0.74117647 0.85882353
v 0.19361481 0.39043343 -49.58428574 0.65098039 0.74117647 0.85882353
v 0.19561623 0.39998579 -49.59234238 0.65098039 0.74117647 0.85882353
v 0.20266201 0.39522278 -49.62178421 0.65098039 0.74117647 0.85882353
v 0.20483078 0.39012510 -49.62999344 0.65098039 0.74117647 0.85882353
v 0.20120569 0.35710788 -49.67198181 0.65098039 0.74117647 0.85882353
v 0.20410676 0.36913234 -49.65832138 0.65098039 0.74117647 0.85882353
v 0.19673046 0.34391212 -49.68573380 0.65098039 0.74117647 0.85882353
v 0.20686275 0.11628215 -49.75201035 0.65098039 0.74117647 0.85882353
v 0.19764006 0.13527243 -49.74747086 0.65098039 0.74117647 0.85882353
v 0.20751521 0.13603882 -49.72771454 0.65098039 0.74117647 0.85882353
v 0.21582633 0.11745511 -49.73167419 0.65098039 0.74117647 0.85882353
v 0.13701153 0.17790411 -49.78308487 0.65098039 0.74117647 0.85882353
v 0.15608007 0.17783634 -49.77114487 0.65098039 0.74117647 0.85882353
v 0.19476138 0.12535940 -49.63243866 0.65098039 0.74117647 0.85882353
v 0.20814113 0.13025348 -49.65679169 0.65098039 0.74117647 0.85882353
v 0.21353288 0.13372241 -49.68190384 0.65098039 0.74117647 0.85882353
v 0.21259826 0.13596304 -49.70557404 0.65098039 0.74117647 0.85882353
v 0.17594765 0.11906360 -49.61390305 0.65098039 0.74117647 0.85882353
v 0.05645568 0.07758360 -49.59105682 0.65098039 0.74117647 0.85882353
v 0.08015125 0.08497833 -49.59012604 0.65098039 0.74117647 0.85882353
v -0.00353970 0.06619550 -49.61093903 0.65098039 0.74117647 0.85882353
v 0.01400062 0.06817822 -49.60215759 0.65098039 0.74117647 0.85882353
v 0.15398668 0.11073409 -49.60086060 0.65098039 0.74117647 0.85882353
v 0.03382095 0.07200335 -49.59507751 0.65098039 0.74117647 0.85882353
v 0.10464692 0.09273385 -49.59088135 0.65098039 0.74117647 0.85882353
v 0.13005951 0.10143046 -49.59369278 0.65098039 0.74117647 0.85882353
v 0.19048205 0.15490256 -49.74453354 0.65098039 0.74117647 0.85882353
v 0.17757794 0.15495066 -49.76053619 0.65098039 0.74117647 0.85882353
v 0.17159708 0.17764975 -49.75741577 0.65098039 0.74117647 0.85882353
v 0.15342797 0.41221082 -49.75991058 0.65098039 0.74117647 0.85882353
v 0.16952437 0.41280925 -49.74394608 0.65098039 0.74117647 0.85882353
v 0.18305469 0.41445851 -49.72638702 0.65098039 0.74117647 0.85882353
v 0.19660991 0.43479395 -49.70804977 0.65098039 0.74117647 0.85882353
v 0.20644544 0.43876541 -49.68930054 0.65098039 0.74117647 0.85882353
v 0.20575938 0.42146432 -49.68999100 0.65098039 0.74117647 0.85882353
v 0.19654387 0.41757584 -49.70841980 0.65098039 0.74117647 0.85882353
v 0.21274973 0.44189477 -49.65010834 0.65098039 0.74117647 0.85882353
v 0.21460675 0.44229305 -49.63563919 0.65098039 0.74117647 0.85882353
v 0.21299383 0.43027616 -49.63666916 0.65098039 0.74117647 0.85882353
v 0.21276256 0.42910206 -49.65143967 0.65098039 0.74117647 0.85882353
v 0.21464430 0.43062329 -49.62424469 0.65098039 0.74117647 0.85882353
v 0.21380232 0.42863083 -49.61265182 0.65098039 0.74117647 0.85882353
v 0.21220706 0.42494148 -49.60188293 0.65098039 0.74117647 0.85882353
v 0.21299118 0.41837949 -49.59051514 0.65098039 0.74117647 0.85882353
v 0.22220187 0.43646765 -49.58484650 0.65098039 0.74117647 0.85882353
v 0.22093038 0.44427782 -49.59632492 0.65098039 0.74117647 0.85882353
v 0.21316449 0.45620155 -49.64742661 0.65098039 0.74117647 0.85882353
v 0.21037014 0.45658803 -49.66555023 0.65098039 0.74117647 0.85882353
v 0.15064718 0.44490874 -49.75152206 0.65098039 0.74117647 0.85882353
v 0.13362539 0.44305813 -49.76195526 0.65098039 0.74117647 0.85882353
v 0.14855380 0.35490382 -49.57952881 0.65098039 0.74117647 0.85882353
v 0.16489358 0.35231566 -49.59109497 0.65098039 0.74117647 0.85882353
v 0.17817190 0.35298854 -49.60353470 0.65098039 0.74117647 0.85882353
v 0.18839903 0.35631216 -49.61585617 0.65098039 0.74117647 0.85882353
v 0.19669841 0.36149758 -49.62689209 0.65098039 0.74117647 0.85882353
v 0.20258102 0.36823082 -49.63773727 0.65098039 0.74117647 0.85882353
v 0.20586045 0.37711805 -49.64790726 0.65098039 0.74117647 0.85882353
v 0.20574991 0.38416374 -49.63860321 0.65098039 0.74117647 0.85882353
v 0.20798980 0.38689464 -49.65665436 0.65098039 0.74117647 0.85882353
v 0.20839170 0.39323026 -49.64504623 0.65098039 0.74117647 0.85882353
v 0.20937979 0.39912128 -49.66408539 0.65098039 0.74117647 0.85882353
v 0.21019670 0.41206282 -49.66864014 0.65098039 0.74117647 0.85882353
v 0.21045959 0.42631352 -49.67112732 0.65098039 0.74117647 0.85882353
v 0.21028793 0.44129658 -49.66951752 0.65098039 0.74117647 0.85882353
v 0.19761796 0.45232713 -49.70459366 0.65098039 0.74117647 0.85882353
v 0.20666657 0.45532066 -49.68511581 0.65098039 0.74117647 0.85882353
v 0.18376252 0.46735090 -49.71714020 0.65098039 0.74117647 0.85882353
v 0.18414456 0.48367959 -49.71037292 0.65098039 0.74117647 0.85882353
v 0.18274602 0.43154657 -49.72547531 0.65098039 0.74117647 0.85882353
v 0.18362477 0.44966084 -49.72183990 0.65098039 0.74117647 0.85882353
v 0.14004931 0.56570482 -49.66835022 0.65098039 0.74117647 0.85882353
v 0.13302092 0.56140053 -49.68988419 0.65098039 0.74117647 0.85882353
v 0.21138664 0.38021350 -49.55863571 0.65098039 0.74117647 0.85882353
v 0.21116118 0.37122977 -49.55146027 0.65098039 0.74117647 0.85882353
v 0.20675090 0.37258798 -49.56041336 0.65098039 0.74117647 0.85882353
v 0.20831291 0.37888944 -49.56345749 0.65098039 0.74117647 0.85882353
v 0.21555409 0.37371814 -49.54317474 0.65098039 0.74117647 0.85882353
v 0.21870843 0.39007866 -49.54767990 0.65098039 0.74117647 0.85882353
v 0.21892533 0.38005567 -49.53614426 0.65098039 0.74117647 0.85882353
v 0.21490756 0.38355386 -49.55323029 0.65098039 0.74117647 0.85882353
v 0.22196324 0.38999659 -49.53021240 0.65098039 0.74117647 0.85882353
v 0.22199962 0.39818126 -49.54220963 0.65098039 0.74117647 0.85882353
v 0.22330044 0.40121895 -49.52768326 0.65098039 0.74117647 0.85882353
v 0.22359933 0.40704906 -49.53868866 0.65098039 0.74117647 0.85882353
v 0.22456942 0.41420281 -49.53639603 0.65098039 0.74117647 0.85882353
v 0.22373630 0.41346180 -49.52837372 0.65098039 0.74117647 0.85882353
v 0.22590870 0.44380397 -49.56328964 0.65098039 0.74117647 0.85882353
v 0.22597940 0.43303472 -49.55254364 0.65098039 0.74117647 0.85882353
v 0.22561453 0.42201483 -49.54308319 0.65098039 0.74117647 0.85882353
v 0.21305899 0.40970832 -49.58193207 0.65098039 0.74117647 0.85882353
v 0.21416484 0.40120840 -49.57216263 0.65098039 0.74117647 0.85882353
v 0.21464320 0.39233738 -49.56264496 0.65098039 0.74117647 0.85882353
v 0.21903223 0.39905584 -49.55776978 0.65098039 0.74117647 0.85882353
v 0.21826573 0.40790516 -49.56831360 0.65098039 0.74117647 0.85882353
v 0.21836112 0.41691405 -49.57846451 0.65098039 0.74117647 0.85882353
v 0.15250662 0.42935544 -49.75721359 0.65098039 0.74117647 0.85882353
v 0.16832651 0.43015647 -49.74264908 0.65098039 0.74117647 0.85882353
v 0.21633600 0.44151890 -49.62269592 0.65098039 0.74117647 0.85882353
v 0.21709727 0.43934935 -49.61121750 0.65098039 0.74117647 0.85882353
v 0.21791631 0.43475890 -49.60027695 0.65098039 0.74117647 0.85882353
v 0.21814288 0.42676139 -49.58868408 0.65098039 0.74117647 0.85882353
v 0.21966644 0.44957548 -49.60779953 0.65098039 0.74117647 0.85882353
v 0.21802470 0.45336425 -49.61950684 0.65098039 0.74117647 0.85882353
v 0.21561724 0.45520109 -49.63246918 0.65098039 0.74117647 0.85882353
v 0.16741954 0.44718647 -49.73815155 0.65098039 0.74117647 0.85882353
v 0.13623476 0.42823577 -49.76778030 0.65098039 0.74117647 0.85882353
v 0.13183771 0.48133886 -49.52544403 0.65098039 0.74117647 0.85882353
v 0.14894119 0.49863958 -49.52505875 0.65098039 0.74117647 0.85882353
v 0.17102484 0.50914216 -49.53011703 0.65098039 0.74117647 0.85882353
v 0.19084419 0.51139373 -49.54335785 0.65098039 0.74117647 0.85882353
v 0.08629997 0.56478596 -49.73019028 0.65098039 0.74117647 0.85882353
v 0.16125621 0.25319648 -49.42926407 0.65098039 0.74117647 0.85882353
v 0.12094896 0.37314558 -49.78788757 0.65098039 0.74117647 0.85882353
v 0.12189603 0.39362419 -49.78623581 0.65098039 0.74117647 0.85882353
v 0.11306368 0.30401915 -49.78374481 0.65098039 0.74117647 0.85882353
v 0.11710095 0.32666802 -49.78757095 0.65098039 0.74117647 0.85882353
v 0.15132260 0.20420091 -49.76905823 0.65098039 0.74117647 0.85882353
v 0.13262597 0.20667554 -49.77962875 0.65098039 0.74117647 0.85882353
v 0.13042960 0.23268254 -49.77774429 0.65098039 0.74117647 0.85882353
v 0.12254971 0.15615790 -49.80287552 0.65098039 0.74117647 0.85882353
v 0.11589663 0.17940001 -49.79344559 0.65098039 0.74117647 0.85882353
v 0.11063346 0.23412304 -49.78423309 0.65098039 0.74117647 0.85882353
v 0.11029747 0.25840086 -49.78292084 0.65098039 0.74117647 0.85882353
v 0.13486895 0.34944665 -49.77623749 0.65098039 0.74117647 0.85882353
v 0.13791342 0.41233242 -49.77240753 0.65098039 0.74117647 0.85882353
v 0.12170799 0.42874414 -49.77855301 0.65098039 0.74117647 0.85882353
v 0.11985171 0.44366676 -49.77296066 0.65098039 0.74117647 0.85882353
v 0.11866970 0.45898426 -49.76812744 0.65098039 0.74117647 0.85882353
v 0.03924333 0.36520135 -49.54479218 0.65098039 0.74117647 0.85882353
v 0.04471971 0.38120800 -49.54806137 0.65098039 0.74117647 0.85882353
v 0.03249931 0.38175178 -49.55281830 0.65098039 0.74117647 0.85882353
v 0.02724906 0.36554956 -49.54944992 0.65098039 0.74117647 0.85882353
v 0.06245652 0.36442977 -49.54139709 0.65098039 0.74117647 0.85882353
v 0.06787191 0.37925702 -49.54350281 0.65098039 0.74117647 0.85882353
v 0.05659498 0.38054484 -49.54490662 0.65098039 0.74117647 0.85882353
v 0.05127116 0.36483026 -49.54223633 0.65098039 0.74117647 0.85882353
v 0.07867035 0.37663209 -49.54386139 0.65098039 0.74117647 0.85882353
v 0.07363119 0.36261415 -49.54212189 0.65098039 0.74117647 0.85882353
v 0.03597309 0.34801787 -49.54332352 0.65098039 0.74117647 0.85882353
v 0.04771578 0.34827721 -49.54092789 0.65098039 0.74117647 0.85882353
v 0.02425906 0.34843946 -49.54795456 0.65098039 0.74117647 0.85882353
v 0.06929656 0.34800565 -49.54128647 0.65098039 0.74117647 0.85882353
v 0.05884676 0.34844786 -49.54053116 0.65098039 0.74117647 0.85882353
v 0.05538603 0.57881510 -49.57151031 0.65098039 0.74117647 0.85882353
v 0.05882713 0.57982659 -49.55585480 0.65098039 0.74117647 0.85882353
v 0.06493584 0.61819237 -49.53039551 0.65098039 0.74117647 0.85882353
v 0.06512076 0.62301803 -49.53113937 0.65098039 0.74117647 0.85882353
v 0.03985306 0.57498401 -49.59349823 0.65098039 0.74117647 0.85882353
v 0.03597687 0.56829393 -49.60071945 0.65098039 0.74117647 0.85882353
v 0.05819944 0.60141778 -49.53745651 0.65098039 0.74117647 0.85882353
v 0.05560907 0.58775085 -49.54110718 0.65098039 0.74117647 0.85882353
v 0.06755134 0.64358491 -49.52262878 0.65098039 0.74117647 0.85882353
v 0.06664154 0.64056730 -49.52482986 0.65098039 0.74117647 0.85882353
v 0.06501753 0.62953854 -49.52622604 0.65098039 0.74117647 0.85882353
v 0.06424251 0.62608522 -49.52832413 0.65098039 0.74117647 0.85882353
v 0.03156530 0.56048918 -49.60868454 0.65098039 0.74117647 0.85882353
v 0.04371439 0.57825220 -49.58485794 0.65098039 0.74117647 0.85882353
v 0.02154381 0.54308772 -49.62406921 0.65098039 0.74117647 0.85882353
v 0.01840970 0.53393382 -49.63085175 0.65098039 0.74117647 0.85882353
v 0.02650073 0.52490175 -49.62910843 0.65098039 0.74117647 0.85882353
v 0.02320928 0.51415998 -49.62993622 0.65098039 0.74117647 0.85882353
v -0.02674343 0.36916924 -49.60401535 0.65098039 0.74117647 0.85882353
v -0.01168755 0.42048585 -49.61394882 0.65098039 0.74117647 0.85882353
v -0.01883594 0.40686339 -49.60890961 0.65098039 0.74117647 0.85882353
v -0.00480219 0.43698508 -49.61703491 0.65098039 0.74117647 0.85882353
v 0.01799500 0.50273001 -49.62752151 0.65098039 0.74117647 0.85882353
v 0.02619309 0.55196577 -49.61650848 0.65098039 0.74117647 0.85882353
v 0.06166008 0.61400521 -49.53191376 0.65098039 0.74117647 0.85882353
v 0.06014407 0.60905463 -49.53562546 0.65098039 0.74117647 0.85882353
v 0.06602851 0.63677680 -49.52564621 0.65098039 0.74117647 0.85882353
v 0.06554373 0.63318944 -49.52589417 0.65098039 0.74117647 0.85882353
v -0.00428820 0.47202718 -49.63282013 0.65098039 0.74117647 0.85882353
v -0.01074599 0.45379734 -49.63032532 0.65098039 0.74117647 0.85882353
v -0.02344014 0.38891464 -49.60628891 0.65098039 0.74117647 0.85882353
v -0.03630114 0.34448475 -49.61581421 0.65098039 0.74117647 0.85882353
v -0.03508875 0.31963390 -49.61835861 0.65098039 0.74117647 0.85882353
v 0.00175086 0.48879373 -49.63481140 0.65098039 0.74117647 0.85882353
v -0.03203025 0.29715395 -49.62244797 0.65098039 0.74117647 0.85882353
v 0.23502791 -0.05777837 -49.69166565 0.65098039 0.74117647 0.85882353
v 0.23119298 -0.07447799 -49.71765900 0.65098039 0.74117647 0.85882353
v 0.23274948 -0.05709668 -49.73505402 0.65098039 0.74117647 0.85882353
v 0.23659365 -0.04465742 -49.71631622 0.65098039 0.74117647 0.85882353
v 0.23540540 -0.00261612 -49.69725418 0.65098039 0.74117647 0.85882353
v 0.23532639 0.02346505 -49.69220734 0.65098039 0.74117647 0.85882353
v 0.23373963 0.05070247 -49.68790436 0.65098039 0.74117647 0.85882353
v 0.22383550 -0.06418844 -49.75705719 0.65098039 0.74117647 0.85882353
v 0.21384758 -0.04486342 -49.78848648 0.65098039 0.74117647 0.85882353
v 0.20939316 -0.06698845 -49.77938843 0.65098039 0.74117647 0.85882353
v 0.23645379 0.05021666 -49.71630859 0.65098039 0.74117647 0.85882353
v 0.23749384 0.02408566 -49.72070694 0.65098039 0.74117647 0.85882353
v 0.23641557 -0.03659628 -49.73073578 0.65098039 0.74117647 0.85882353
v 0.23773132 -0.02282991 -49.72774887 0.65098039 0.74117647 0.85882353
v 0.23762666 -0.02628829 -49.70452881 0.65098039 0.74117647 0.85882353
v 0.22674476 -0.04415213 -49.76597214 0.65098039 0.74117647 0.85882353
v 0.23353867 -0.04117735 -49.74551392 0.65098039 0.74117647 0.85882353
v 0.17919418 0.11401682 -49.78521347 0.65098039 0.74117647 0.85882353
v 0.18768832 0.09453015 -49.79169464 0.65098039 0.74117647 0.85882353
v 0.16598964 0.09427051 -49.80897522 0.65098039 0.74117647 0.85882353
v 0.22019890 0.11818857 -49.70796204 0.65098039 0.74117647 0.85882353
v 0.22340265 0.09789179 -49.73507309 0.65098039 0.74117647 0.85882353
v 0.13336661 -0.05141182 -49.82893372 0.65098039 0.74117647 0.85882353
v 0.23519793 -0.02301551 -49.74933243 0.65098039 0.74117647 0.85882353
v 0.21611543 -0.02155505 -49.79405594 0.65098039 0.74117647 0.85882353
v 0.22843266 -0.02254526 -49.77107620 0.65098039 0.74117647 0.85882353
v 0.21539764 0.05134206 -49.78701401 0.65098039 0.74117647 0.85882353
v 0.22699113 0.05034970 -49.76554871 0.65098039 0.74117647 0.85882353
v 0.22847049 0.02588828 -49.77077103 0.65098039 0.74117647 0.85882353
v 0.21734107 0.02752852 -49.79240036 0.65098039 0.74117647 0.85882353
v 0.23411322 0.04926813 -49.74251175 0.65098039 0.74117647 0.85882353
v 0.23017576 0.07517950 -49.73857117 0.65098039 0.74117647 0.85882353
v 0.21079427 0.07416448 -49.78089142 0.65098039 0.74117647 0.85882353
v 0.22243403 0.07439004 -49.76076889 0.65098039 0.74117647 0.85882353
v 0.21529742 0.09717502 -49.75616455 0.65098039 0.74117647 0.85882353
v 0.23514971 0.02393289 -49.74692154 0.65098039 0.74117647 0.85882353
v 0.21739936 0.00264759 -49.79570389 0.65098039 0.74117647 0.85882353
v 0.19885880 0.00388531 -49.81665802 0.65098039 0.74117647 0.85882353
v 0.17470148 0.00564788 -49.83221436 0.65098039 0.74117647 0.85882353
v 0.14896190 0.00516464 -49.84521484 0.65098039 0.74117647 0.85882353
v 0.14920354 0.02924620 -49.84512711 0.65098039 0.74117647 0.85882353
v 0.20349577 0.09560280 -49.77481842 0.65098039 0.74117647 0.85882353
v 0.18514204 0.13480054 -49.76415253 0.65098039 0.74117647 0.85882353
v 0.19481187 0.11549471 -49.76875305 0.65098039 0.74117647 0.85882353
v 0.16683057 0.20286058 -49.75433731 0.65098039 0.74117647 0.85882353
v 0.11771971 -0.27995253 -49.57316971 0.65098039 0.74117647 0.85882353
v 0.06598803 -0.10944720 -49.73366547 0.65098039 0.74117647 0.85882353
v 0.05237149 -0.11272551 -49.71244431 0.65098039 0.74117647 0.85882353
v 0.17662725 -0.02197464 -49.58560944 0.65098039 0.74117647 0.85882353
v 0.22560613 -0.04259883 -49.64206314 0.65098039 0.74117647 0.85882353
v 0.23342469 -0.03299187 -49.67486954 0.65098039 0.74117647 0.85882353
v 0.03728393 -0.11108111 -49.66995239 0.65098039 0.74117647 0.85882353
v 0.03751345 -0.10264699 -49.64289856 0.65098039 0.74117647 0.85882353
v 0.14460269 -0.02801017 -49.57398224 0.65098039 0.74117647 0.85882353
v 0.08958769 -0.06372450 -49.58145142 0.65098039 0.74117647 0.85882353
v 0.04335005 -0.11348136 -49.69304276 0.65098039 0.74117647 0.85882353
v 0.23758993 -0.00044794 -49.72423172 0.65098039 0.74117647 0.85882353
v 0.23556332 -0.00102226 -49.74920654 0.65098039 0.74117647 0.85882353
v 0.22947158 0.00079466 -49.77294540 0.65098039 0.74117647 0.85882353
v 0.19748358 -0.01993783 -49.81501389 0.65098039 0.74117647 0.85882353
v 0.17201850 -0.01696695 -49.83132553 0.65098039 0.74117647 0.85882353
v 0.14590123 -0.01647221 -49.84286880 0.65098039 0.74117647 0.85882353
v 0.01541862 -0.05582272 -49.63122940 0.65098039 0.74117647 0.85882353
v 0.00436721 -0.04762079 -49.63569260 0.65098039 0.74117647 0.85882353
v 0.00967417 -0.04583864 -49.63120651 0.65098039 0.74117647 0.85882353
v -0.00443760 -0.03432699 -49.63931274 0.65098039 0.74117647 0.85882353
v -0.00194287 -0.04909246 -49.64233780 0.65098039 0.74117647 0.85882353
v 0.00850683 -0.06144278 -49.64001846 0.65098039 0.74117647 0.85882353
v 0.00224262 -0.06284823 -49.64776993 0.65098039 0.74117647 0.85882353
v 0.00747892 -0.07552271 -49.65556335 0.65098039 0.74117647 0.85882353
v 0.05708404 0.05913857 -49.59406662 0.65098039 0.74117647 0.85882353
v 0.08146378 0.06619444 -49.59171677 0.65098039 0.74117647 0.85882353
v -0.00167403 0.04850538 -49.61513901 0.65098039 0.74117647 0.85882353
v 0.01500273 0.05029877 -49.60640335 0.65098039 0.74117647 0.85882353
v 0.15826854 0.09303717 -49.60008240 0.65098039 0.74117647 0.85882353
v 0.03444706 0.05370508 -49.59915161 0.65098039 0.74117647 0.85882353
v 0.10665772 0.07424526 -49.59127426 0.65098039 0.74117647 0.85882353
v 0.13351017 0.08377500 -49.59321976 0.65098039 0.74117647 0.85882353
v 0.14377755 0.07510114 -49.83605576 0.65098039 0.74117647 0.85882353
v 0.13893546 0.09726770 -49.82780457 0.65098039 0.74117647 0.85882353
v -0.01555206 0.04740398 -49.62606812 0.65098039 0.74117647 0.85882353
v 0.05199847 0.58012986 -49.55419540 0.65098039 0.74117647 0.85882353
v 0.04799329 0.57933593 -49.57087326 0.65098039 0.74117647 0.85882353
v 0.08008527 0.76348221 -49.52470398 0.65098039 0.74117647 0.85882353
v 0.05714430 0.61011577 -49.70384216 0.65098039 0.74117647 0.85882353
v 0.07573321 0.70648265 -49.51870728 0.65098039 0.74117647 0.85882353
v 0.06331077 0.62302065 -49.53092575 0.65098039 0.74117647 0.85882353
v 0.06845121 0.64502621 -49.51934814 0.65098039 0.74117647 0.85882353
v 0.01674557 0.52438807 -49.63634491 0.65098039 0.74117647 0.85882353
v 0.01419226 0.51303220 -49.63893127 0.65098039 0.74117647 0.85882353
v 0.06143814 -0.10039096 -49.73049545 0.65098039 0.74117647 0.85882353
v 0.00820582 0.50174606 -49.63704300 0.65098039 0.74117647 0.85882353
v 0.07101547 -0.10013379 -49.74158096 0.65098039 0.74117647 0.85882353
v 0.11094712 0.28111964 -49.78301239 0.65098039 0.74117647 0.85882353
v 0.23472044 -0.71382755 -49.73668671 0.65098039 0.74117647 0.85882353
v 0.24202377 -0.70748264 -49.74880219 0.65098039 0.74117647 0.85882353
v 0.24820395 -0.73623180 -49.74878693 0.65098039 0.74117647 0.85882353
v 0.23984790 -0.74165577 -49.73778534 0.65098039 0.74117647 0.85882353
v 0.27240062 -0.69352758 -49.75709915 0.65098039 0.74117647 0.85882353
v 0.25923532 -0.69832039 -49.75886917 0.65098039 0.74117647 0.85882353
v 0.28458464 -0.69198775 -49.74888611 0.65098039 0.74117647 0.85882353
v 0.29172701 -0.69417560 -49.73638916 0.65098039 0.74117647 0.85882353
v 0.29319814 -0.72306120 -49.74334717 0.65098039 0.74117647 0.85882353
v 0.28858316 -0.72079885 -49.75543976 0.65098039 0.74117647 0.85882353
v 0.29263800 -0.69767499 -49.72412872 0.65098039 0.74117647 0.85882353
v 0.29399794 -0.73008573 -49.71938324 0.65098039 0.74117647 0.85882353
v 0.29039648 -0.70191014 -49.71191406 0.65098039 0.74117647 0.85882353
v 0.28150821 -0.70829844 -49.69657898 0.65098039 0.74117647 0.85882353
v 0.28456622 -0.73544121 -49.70487213 0.65098039 0.74117647 0.85882353
v 0.26596427 -0.71795225 -49.68696594 0.65098039 0.74117647 0.85882353
v 0.26992851 -0.74408996 -49.69474030 0.65098039 0.74117647 0.85882353
v 0.24912532 -0.72474045 -49.68779755 0.65098039 0.74117647 0.85882353
v 0.23175757 -0.72045493 -49.72150803 0.65098039 0.74117647 0.85882353
v 0.23481847 -0.74782562 -49.72308350 0.65098039 0.74117647 0.85882353
v 0.27746022 -0.72218621 -49.76249695 0.65098039 0.74117647 0.85882353
v 0.26525903 -0.72721624 -49.76172638 0.65098039 0.74117647 0.85882353
v 0.25598717 -0.73198569 -49.75559998 0.65098039 0.74117647 0.85882353
v 0.25021160 -0.70276392 -49.75553513 0.65098039 0.74117647 0.85882353
v 0.25179929 -0.76390123 -49.75098801 0.65098039 0.74117647 0.85882353
v 0.23960067 -0.76897371 -49.74107361 0.65098039 0.74117647 0.85882353
v 0.28195673 -0.74942613 -49.76975250 0.65098039 0.74117647 0.85882353
v 0.26968294 -0.75536871 -49.76351547 0.65098039 0.74117647 0.85882353
v 0.29609358 -0.75007457 -49.75146866 0.65098039 0.74117647 0.85882353
v 0.29381794 -0.74709499 -49.76400375 0.65098039 0.74117647 0.85882353
v 0.30132312 -0.75593323 -49.72488403 0.65098039 0.74117647 0.85882353
v 0.29958165 -0.75285006 -49.73836899 0.65098039 0.74117647 0.85882353
v 0.29480058 -0.72624367 -49.73167419 0.65098039 0.74117647 0.85882353
v 0.29155207 -0.76129657 -49.71118164 0.65098039 0.74117647 0.85882353
v 0.27463275 -0.76916528 -49.69775391 0.65098039 0.74117647 0.85882353
v 0.23417096 -0.77435637 -49.72399902 0.65098039 0.74117647 0.85882353
v 0.26084650 -0.76001668 -49.75735092 0.65098039 0.74117647 0.85882353
v 0.23365314 -0.90958160 -49.59229660 0.65098039 0.74117647 0.85882353
v 0.23163182 -0.90525502 -49.59210968 0.65098039 0.74117647 0.85882353
v 0.22735488 -0.90577769 -49.59358597 0.65098039 0.74117647 0.85882353
v 0.22732715 -0.91118026 -49.59497452 0.65098039 0.74117647 0.85882353
v 0.19451249 -0.91926658 -49.60217667 0.65098039 0.74117647 0.85882353
v 0.18933859 -0.91018450 -49.59840393 0.65098039 0.74117647 0.85882353
v 0.18344958 -0.91168010 -49.60509872 0.65098039 0.74117647 0.85882353
v 0.18616538 -0.92218399 -49.61032104 0.65098039 0.74117647 0.85882353
v 0.21037035 -0.91650832 -49.59469604 0.65098039 0.74117647 0.85882353
v 0.21365006 -0.91826987 -49.59796524 0.65098039 0.74117647 0.85882353
v 0.21840762 -0.91759717 -49.59604263 0.65098039 0.74117647 0.85882353
v 0.21780124 -0.91546106 -49.59120178 0.65098039 0.74117647 0.85882353
v 0.26417485 -0.89328873 -49.60729980 0.65098039 0.74117647 0.85882353
v 0.26631725 -0.89671803 -49.61073303 0.65098039 0.74117647 0.85882353
v 0.27079159 -0.89539361 -49.60995102 0.65098039 0.74117647 0.85882353
v 0.27036887 -0.89222282 -49.60723495 0.65098039 0.74117647 0.85882353
v 0.24521618 -0.90462518 -49.59867477 0.65098039 0.74117647 0.85882353
v 0.24756530 -0.90754807 -49.60236359 0.65098039 0.74117647 0.85882353
v 0.25164774 -0.90604603 -49.60137939 0.65098039 0.74117647 0.85882353
v 0.25174534 -0.90343535 -49.59812546 0.65098039 0.74117647 0.85882353
v 0.19972689 -0.89697635 -49.61619568 0.65098039 0.74117647 0.85882353
v 0.18819124 -0.89591026 -49.62475204 0.65098039 0.74117647 0.85882353
v 0.18486565 -0.90615261 -49.61371994 0.65098039 0.74117647 0.85882353
v 0.19434099 -0.90370876 -49.60507202 0.65098039 0.74117647 0.85882353
v 0.18287367 -0.91335273 -49.62259674 0.65098039 0.74117647 0.85882353
v 0.18683310 -0.90425944 -49.63520813 0.65098039 0.74117647 0.85882353
v 0.19553983 -0.91088706 -49.63550568 0.65098039 0.74117647 0.85882353
v 0.19118854 -0.91640931 -49.62307739 0.65098039 0.74117647 0.85882353
v 0.20570181 -0.91128778 -49.62654114 0.65098039 0.74117647 0.85882353
v 0.20094626 -0.91630447 -49.61594391 0.65098039 0.74117647 0.85882353
v 0.20845777 -0.90596938 -49.61738205 0.65098039 0.74117647 0.85882353
v 0.20454971 -0.91102481 -49.60456848 0.65098039 0.74117647 0.85882353
v 0.22482002 -0.90285087 -49.60633087 0.65098039 0.74117647 0.85882353
v 0.21837631 -0.89641166 -49.60581207 0.65098039 0.74117647 0.85882353
v 0.21630904 -0.90462863 -49.59553909 0.65098039 0.74117647 0.85882353
v 0.22387318 -0.90967572 -49.59535980 0.65098039 0.74117647 0.85882353
v 0.20816350 -0.89900696 -49.60978317 0.65098039 0.74117647 0.85882353
v 0.20862070 -0.90627146 -49.59872818 0.65098039 0.74117647 0.85882353
v 0.20770968 -0.90877342 -49.61524582 0.65098039 0.74117647 0.85882353
v 0.21495557 -0.91134644 -49.61733627 0.65098039 0.74117647 0.85882353
v 0.21317965 -0.91596341 -49.60521317 0.65098039 0.74117647 0.85882353
v 0.20570602 -0.91360235 -49.60303116 0.65098039 0.74117647 0.85882353
v 0.22356138 -0.90933502 -49.61310196 0.65098039 0.74117647 0.85882353
v 0.22186412 -0.91463631 -49.60182953 0.65098039 0.74117647 0.85882353
v 0.23678827 -0.89217865 -49.60393524 0.65098039 0.74117647 0.85882353
v 0.22680743 -0.89512241 -49.60715485 0.65098039 0.74117647 0.85882353
v 0.22704169 -0.90233183 -49.59888077 0.65098039 0.74117647 0.85882353
v 0.23402876 -0.90080750 -49.59621048 0.65098039 0.74117647 0.85882353
v 0.22502483 -0.91006625 -49.60322189 0.65098039 0.74117647 0.85882353
v 0.22654532 -0.90474010 -49.61178589 0.65098039 0.74117647 0.85882353
v 0.23340137 -0.90717894 -49.61292648 0.65098039 0.74117647 0.85882353
v 0.23125170 -0.91152537 -49.60340881 0.65098039 0.74117647 0.85882353
v 0.24176037 -0.90488261 -49.60929489 0.65098039 0.74117647 0.85882353
v 0.23819487 -0.91061008 -49.60029221 0.65098039 0.74117647 0.85882353
v 0.24296358 -0.89786357 -49.60361481 0.65098039 0.74117647 0.85882353
v 0.23961535 -0.90548605 -49.59570694 0.65098039 0.74117647 0.85882353
v 0.26114675 -0.89130318 -49.60834885 0.65098039 0.74117647 0.85882353
v 0.25589669 -0.88532221 -49.60740662 0.65098039 0.74117647 0.85882353
v 0.25275296 -0.89370006 -49.60085297 0.65098039 0.74117647 0.85882353
v 0.25726974 -0.89889175 -49.60203171 0.65098039 0.74117647 0.85882353
v 0.24784026 -0.88804293 -49.60807419 0.65098039 0.74117647 0.85882353
v 0.24664971 -0.89475715 -49.60179901 0.65098039 0.74117647 0.85882353
v 0.24318917 -0.89976311 -49.60454178 0.65098039 0.74117647 0.85882353
v 0.24582216 -0.89447963 -49.60949326 0.65098039 0.74117647 0.85882353
v 0.25138107 -0.90063810 -49.61406326 0.65098039 0.74117647 0.85882353
v 0.24789156 -0.90561652 -49.60787964 0.65098039 0.74117647 0.85882353
v 0.25979590 -0.89847267 -49.61320877 0.65098039 0.74117647 0.85882353
v 0.25545758 -0.90421760 -49.60594559 0.65098039 0.74117647 0.85882353
v 0.27497593 -0.87751299 -49.61460114 0.65098039 0.74117647 0.85882353
v 0.27168810 -0.88354838 -49.60881042 0.65098039 0.74117647 0.85882353
v 0.27522618 -0.88836408 -49.61108017 0.65098039 0.74117647 0.85882353
v 0.27878267 -0.88293016 -49.61892319 0.65098039 0.74117647 0.85882353
v 0.26713407 -0.87948656 -49.61346054 0.65098039 0.74117647 0.85882353
v 0.26542148 -0.88460892 -49.60904694 0.65098039 0.74117647 0.85882353
v 0.26310939 -0.88969266 -49.61221695 0.65098039 0.74117647 0.85882353
v 0.26557726 -0.88557142 -49.61531448 0.65098039 0.74117647 0.85882353
v 0.26918781 -0.89227641 -49.62083435 0.65098039 0.74117647 0.85882353
v 0.26663968 -0.89570546 -49.61617279 0.65098039 0.74117647 0.85882353
v 0.27610910 -0.88945675 -49.62131119 0.65098039 0.74117647 0.85882353
v 0.27384758 -0.89410472 -49.61464310 0.65098039 0.74117647 0.85882353
v 0.20823544 -0.88994110 -49.62564850 0.65098039 0.74117647 0.85882353
v 0.19293918 -0.88586563 -49.63524246 0.65098039 0.74117647 0.85882353
v 0.18955791 -0.91999102 -49.61375809 0.65098039 0.74117647 0.85882353
v 0.19257791 -0.89572704 -49.64608765 0.65098039 0.74117647 0.85882353
v 0.19526443 -0.92001772 -49.60969925 0.65098039 0.74117647 0.85882353
v 0.21380943 -0.90559638 -49.63416672 0.65098039 0.74117647 0.85882353
v 0.20189343 -0.90338421 -49.64636993 0.65098039 0.74117647 0.85882353
v 0.20935345 -0.90317273 -49.62259674 0.65098039 0.74117647 0.85882353
v 0.21468894 -0.90995997 -49.59104538 0.65098039 0.74117647 0.85882353
v 0.23216568 -0.90287602 -49.62583923 0.65098039 0.74117647 0.85882353
v 0.22730817 -0.90060818 -49.61599350 0.65098039 0.74117647 0.85882353
v 0.20987904 -0.91066217 -49.59312057 0.65098039 0.74117647 0.85882353
v 0.22536318 -0.88766587 -49.61811066 0.65098039 0.74117647 0.85882353
v 0.24472439 -0.88365066 -49.61737442 0.65098039 0.74117647 0.85882353
v 0.23076062 -0.91352391 -49.59746933 0.65098039 0.74117647 0.85882353
v 0.23472135 -0.91323107 -49.59606171 0.65098039 0.74117647 0.85882353
v 0.25108838 -0.89830846 -49.62260818 0.65098039 0.74117647 0.85882353
v 0.24649486 -0.89270902 -49.61076736 0.65098039 0.74117647 0.85882353
v 0.25009316 -0.89887261 -49.59727097 0.65098039 0.74117647 0.85882353
v 0.26828918 -0.89205575 -49.62479782 0.65098039 0.74117647 0.85882353
v 0.26553369 -0.88550621 -49.61492157 0.65098039 0.74117647 0.85882353
v 0.24642651 -0.89946109 -49.59789276 0.65098039 0.74117647 0.85882353
v 0.26353401 -0.87647629 -49.61882019 0.65098039 0.74117647 0.85882353
v 0.26881522 -0.88861239 -49.60695648 0.65098039 0.74117647 0.85882353
v 0.28132105 -0.88608950 -49.62976837 0.65098039 0.74117647 0.85882353
v 0.28524628 -0.87728620 -49.62774277 0.65098039 0.74117647 0.85882353
v 0.26538876 -0.88900113 -49.60659409 0.65098039 0.74117647 0.85882353
v 0.27859044 -0.87100172 -49.62281799 0.65098039 0.74117647 0.85882353
v 0.23591898 -0.75240844 -49.70855713 0.65098039 0.74117647 0.85882353
v 0.23243462 -0.72550780 -49.70742416 0.65098039 0.74117647 0.85882353
v 0.23834591 -0.72762287 -49.69566727 0.65098039 0.74117647 0.85882353
v 0.24274392 -0.75413764 -49.69783401 0.65098039 0.74117647 0.85882353
v 0.25388396 -0.75101316 -49.69281769 0.65098039 0.74117647 0.85882353
v 0.23607261 -0.77765381 -49.70723724 0.65098039 0.74117647 0.85882353
v 0.24502069 -0.77847052 -49.69635773 0.65098039 0.74117647 0.85882353
v 0.25771832 -0.77572805 -49.69385147 0.65098039 0.74117647 0.85882353
v 0.30093598 -0.78171277 -49.71607208 0.65098039 0.74117647 0.85882353
v 0.30963334 -0.77508211 -49.73162079 0.65098039 0.74117647 0.85882353
v 0.30500647 -0.77250075 -49.74628830 0.65098039 0.74117647 0.85882353
v 0.30263335 -0.76954377 -49.76000595 0.65098039 0.74117647 0.85882353
v 0.29957819 -0.76651812 -49.77326202 0.65098039 0.74117647 0.85882353
v 0.23629586 -0.79708356 -49.72386169 0.65098039 0.74117647 0.85882353
v 0.23519567 -0.79934931 -49.70345306 0.65098039 0.74117647 0.85882353
v 0.24381906 -0.79925179 -49.69031143 0.65098039 0.74117647 0.85882353
v 0.26019126 -0.79638422 -49.68856430 0.65098039 0.74117647 0.85882353
v 0.19543374 -0.87400913 -49.64882278 0.65098039 0.74117647 0.85882353
v 0.21034804 -0.87166512 -49.63848877 0.65098039 0.74117647 0.85882353
v 0.21371885 -0.85602260 -49.65295410 0.65098039 0.74117647 0.85882353
v 0.20534076 -0.86499542 -49.66531754 0.65098039 0.74117647 0.85882353
v 0.22777717 -0.87178838 -49.63362885 0.65098039 0.74117647 0.85882353
v 0.23162852 -0.85387647 -49.64699173 0.65098039 0.74117647 0.85882353
v 0.24676348 -0.86941350 -49.63246536 0.65098039 0.74117647 0.85882353
v 0.25062039 -0.85367727 -49.64677429 0.65098039 0.74117647 0.85882353
v 0.26584342 -0.86565506 -49.63336945 0.65098039 0.74117647 0.85882353
v 0.26932776 -0.85339212 -49.64844131 0.65098039 0.74117647 0.85882353
v 0.28311777 -0.86356163 -49.63481522 0.65098039 0.74117647 0.85882353
v 0.28743947 -0.85487318 -49.65084076 0.65098039 0.74117647 0.85882353
v 0.29361805 -0.87053931 -49.63816452 0.65098039 0.74117647 0.85882353
v 0.30006731 -0.86236930 -49.65373993 0.65098039 0.74117647 0.85882353
v 0.19706945 -0.88756543 -49.66071320 0.65098039 0.74117647 0.85882353
v 0.20845456 -0.87775028 -49.67594910 0.65098039 0.74117647 0.85882353
v 0.20940478 -0.89679557 -49.66211700 0.65098039 0.74117647 0.85882353
v 0.22064376 -0.88871706 -49.67739105 0.65098039 0.74117647 0.85882353
v 0.22422890 -0.89604348 -49.65506744 0.65098039 0.74117647 0.85882353
v 0.23486689 -0.88733280 -49.67165375 0.65098039 0.74117647 0.85882353
v 0.29755414 -0.87433994 -49.65844727 0.65098039 0.74117647 0.85882353
v 0.28947794 -0.88174045 -49.64249420 0.65098039 0.74117647 0.85882353
v 0.24229938 -0.89274502 -49.64934540 0.65098039 0.74117647 0.85882353
v 0.25218594 -0.88373828 -49.66651917 0.65098039 0.74117647 0.85882353
v 0.26039636 -0.88981581 -49.64614487 0.65098039 0.74117647 0.85882353
v 0.26981300 -0.88137627 -49.66370010 0.65098039 0.74117647 0.85882353
v 0.27641746 -0.88632774 -49.64447403 0.65098039 0.74117647 0.85882353
v 0.28550339 -0.87894368 -49.66154099 0.65098039 0.74117647 0.85882353
v 0.22063871 -0.84104574 -49.67222977 0.65098039 0.74117647 0.85882353
v 0.23580034 -0.83452189 -49.66198730 0.65098039 0.74117647 0.85882353
v 0.25464922 -0.83511233 -49.66271210 0.65098039 0.74117647 0.85882353
v 0.27406913 -0.83715415 -49.66564178 0.65098039 0.74117647 0.85882353
v 0.29271829 -0.84314919 -49.67012024 0.65098039 0.74117647 0.85882353
v 0.30631983 -0.85219383 -49.67305756 0.65098039 0.74117647 0.85882353
v 0.28414160 -0.81608188 -49.68455124 0.65098039 0.74117647 0.85882353
v 0.30048144 -0.83261925 -49.69255829 0.65098039 0.74117647 0.85882353
v 0.31086719 -0.84421229 -49.69547653 0.65098039 0.74117647 0.85882353
v 0.31596750 -0.83589673 -49.71743393 0.65098039 0.74117647 0.85882353
v 0.30966261 -0.82285655 -49.71424866 0.65098039 0.74117647 0.85882353
v 0.32170630 -0.80981672 -49.75240326 0.65098039 0.74117647 0.85882353
v 0.31655395 -0.81492770 -49.73493958 0.65098039 0.74117647 0.85882353
v 0.32364333 -0.82776093 -49.73786926 0.65098039 0.74117647 0.85882353
v 0.32938027 -0.82354182 -49.75640869 0.65098039 0.74117647 0.85882353
v 0.29944646 -0.80714005 -49.70641327 0.65098039 0.74117647 0.85882353
v 0.30784994 -0.79881537 -49.72662354 0.65098039 0.74117647 0.85882353
v 0.31122959 -0.79295582 -49.74328995 0.65098039 0.74117647 0.85882353
v 0.32613575 -0.81764185 -49.78332138 0.65098039 0.74117647 0.85882353
v 0.32224470 -0.80197960 -49.77881622 0.65098039 0.74117647 0.85882353
v 0.32367623 -0.80600643 -49.76571655 0.65098039 0.74117647 0.85882353
v 0.33042246 -0.82034892 -49.77033615 0.65098039 0.74117647 0.85882353
v 0.31421524 -0.81823123 -49.79643250 0.65098039 0.74117647 0.85882353
v 0.31210017 -0.80128646 -49.79336166 0.65098039 0.74117647 0.85882353
v 0.29315460 -0.80774534 -49.79387283 0.65098039 0.74117647 0.85882353
v 0.29559368 -0.82316792 -49.79796600 0.65098039 0.74117647 0.85882353
v 0.31178880 -0.78534055 -49.76905060 0.65098039 0.74117647 0.85882353
v 0.31187415 -0.78936541 -49.75681686 0.65098039 0.74117647 0.85882353
v 0.30541235 -0.78343296 -49.78250122 0.65098039 0.74117647 0.85882353
v 0.28904235 -0.78860468 -49.78375626 0.65098039 0.74117647 0.85882353
v 0.27866390 -0.81505442 -49.78219604 0.65098039 0.74117647 0.85882353
v 0.27637041 -0.79566324 -49.77338409 0.65098039 0.74117647 0.85882353
v 0.28028870 -0.82992661 -49.78802490 0.65098039 0.74117647 0.85882353
v 0.21811286 -0.85518032 -49.68482590 0.65098039 0.74117647 0.85882353
v 0.22359984 -0.86575359 -49.69195175 0.65098039 0.74117647 0.85882353
v 0.25882488 -0.81442666 -49.67608261 0.65098039 0.74117647 0.85882353
v 0.23986663 -0.81608665 -49.67768478 0.65098039 0.74117647 0.85882353
v 0.22938062 -0.82174289 -49.69517899 0.65098039 0.74117647 0.85882353
v 0.22894455 -0.84316373 -49.70703888 0.65098039 0.74117647 0.85882353
v 0.23814423 -0.85536635 -49.71203613 0.65098039 0.74117647 0.85882353
v 0.24067207 -0.83561397 -49.72899628 0.65098039 0.74117647 0.85882353
v 0.24979140 -0.84715939 -49.73159409 0.65098039 0.74117647 0.85882353
v 0.23412241 -0.87391257 -49.69305801 0.65098039 0.74117647 0.85882353
v 0.24842167 -0.86070275 -49.71158600 0.65098039 0.74117647 0.85882353
v 0.25886673 -0.85274160 -49.73165131 0.65098039 0.74117647 0.85882353
v 0.25102866 -0.82932162 -49.74745941 0.65098039 0.74117647 0.85882353
v 0.25791502 -0.84153241 -49.75048065 0.65098039 0.74117647 0.85882353
v 0.26155329 -0.82347125 -49.76049805 0.65098039 0.74117647 0.85882353
v 0.26534116 -0.83712655 -49.76490402 0.65098039 0.74117647 0.85882353
v 0.27193725 -0.83382595 -49.77650452 0.65098039 0.74117647 0.85882353
v 0.27017742 -0.81940162 -49.77059937 0.65098039 0.74117647 0.85882353
v 0.25883320 -0.80468833 -49.75606155 0.65098039 0.74117647 0.85882353
v 0.26739064 -0.80015045 -49.76440430 0.65098039 0.74117647 0.85882353
v 0.24801122 -0.81114650 -49.74318314 0.65098039 0.74117647 0.85882353
v 0.23664100 -0.81716359 -49.72407913 0.65098039 0.74117647 0.85882353
v 0.30561286 -0.86468697 -49.67758179 0.65098039 0.74117647 0.85882353
v 0.31151342 -0.85506523 -49.69873810 0.65098039 0.74117647 0.85882353
v 0.31591934 -0.84599495 -49.72042847 0.65098039 0.74117647 0.85882353
v 0.32259697 -0.83985102 -49.74179840 0.65098039 0.74117647 0.85882353
v 0.32601833 -0.83603358 -49.76005936 0.65098039 0.74117647 0.85882353
v 0.32603681 -0.83306605 -49.77251816 0.65098039 0.74117647 0.85882353
v 0.32223624 -0.83026397 -49.78375626 0.65098039 0.74117647 0.85882353
v 0.31146830 -0.82972306 -49.79278946 0.65098039 0.74117647 0.85882353
v 0.29807907 -0.83301795 -49.79467010 0.65098039 0.74117647 0.85882353
v 0.28647953 -0.83920670 -49.78683472 0.65098039 0.74117647 0.85882353
v 0.27902466 -0.84408879 -49.77726364 0.65098039 0.74117647 0.85882353
v 0.26662928 -0.84901875 -49.75099945 0.65098039 0.74117647 0.85882353
v 0.27268243 -0.84712577 -49.76613617 0.65098039 0.74117647 0.85882353
v 0.24241741 -0.79192257 -49.74244308 0.65098039 0.74117647 0.85882353
v 0.25374794 -0.78573990 -49.75457382 0.65098039 0.74117647 0.85882353
v 0.26306480 -0.78123510 -49.76094055 0.65098039 0.74117647 0.85882353
v 0.28495204 -0.77055907 -49.77537918 0.65098039 0.74117647 0.85882353
v 0.27271956 -0.77679765 -49.76675797 0.65098039 0.74117647 0.85882353
v 0.24793126 -0.87574720 -49.69012070 0.65098039 0.74117647 0.85882353
v 0.26443660 -0.87327772 -49.68583298 0.65098039 0.74117647 0.85882353
v 0.28101122 -0.87146246 -49.68310928 0.65098039 0.74117647 0.85882353
v 0.29523593 -0.86960685 -49.68084717 0.65098039 0.74117647 0.85882353
v 0.30327982 -0.86011612 -49.70180130 0.65098039 0.74117647 0.85882353
v 0.29083997 -0.86186731 -49.70456696 0.65098039 0.74117647 0.85882353
v 0.27553552 -0.86364484 -49.70776367 0.65098039 0.74117647 0.85882353
v 0.26019943 -0.86346483 -49.71002960 0.65098039 0.74117647 0.85882353
v 0.30848032 -0.85214460 -49.72335815 0.65098039 0.74117647 0.85882353
v 0.29754305 -0.85458124 -49.72583008 0.65098039 0.74117647 0.85882353
v 0.28371394 -0.85614049 -49.72964096 0.65098039 0.74117647 0.85882353
v 0.26999193 -0.85621101 -49.73098373 0.65098039 0.74117647 0.85882353
v 0.27696157 -0.85268402 -49.75088120 0.65098039 0.74117647 0.85882353
v 0.28935808 -0.85143894 -49.75008392 0.65098039 0.74117647 0.85882353
v 0.30196232 -0.84939569 -49.74636841 0.65098039 0.74117647 0.85882353
v 0.31282336 -0.84619367 -49.74462128 0.65098039 0.74117647 0.85882353
v 0.31585258 -0.84169996 -49.76135635 0.65098039 0.74117647 0.85882353
v 0.30510002 -0.84468055 -49.76224899 0.65098039 0.74117647 0.85882353
v 0.29347771 -0.84704089 -49.76506042 0.65098039 0.74117647 0.85882353
v 0.28289843 -0.84885758 -49.76570892 0.65098039 0.74117647 0.85882353
v 0.31651539 -0.83868164 -49.77175140 0.65098039 0.74117647 0.85882353
v 0.30875343 -0.83543897 -49.78710938 0.65098039 0.74117647 0.85882353
v 0.31465638 -0.83639944 -49.78025818 0.65098039 0.74117647 0.85882353
v 0.30026358 -0.83773029 -49.78908920 0.65098039 0.74117647 0.85882353
v 0.29302722 -0.84177494 -49.78302002 0.65098039 0.74117647 0.85882353
v 0.28766459 -0.84556425 -49.77510834 0.65098039 0.74117647 0.85882353
v 0.29932922 -0.84109139 -49.77980042 0.65098039 0.74117647 0.85882353
v 0.29657739 -0.84384871 -49.77341461 0.65098039 0.74117647 0.85882353
v 0.30690306 -0.84149146 -49.77141190 0.65098039 0.74117647 0.85882353
v 0.30735350 -0.83913922 -49.77822876 0.65098039 0.74117647 0.85882353
v 0.30205184 -0.83869886 -49.78414154 0.65098039 0.74117647 0.85882353
v 0.30611253 -0.83774865 -49.78324127 0.65098039 0.74117647 0.85882353
v 0.28117728 -0.79248321 -49.69922638 0.65098039 0.74117647 0.85882353
v 0.07619756 0.57637697 -49.72480774 0.65098039 0.74117647 0.85882353
v 0.11056243 0.51185280 -49.75117874 0.65098039 0.74117647 0.85882353
v 0.13250232 -0.46274000 -49.62842941 0.65098039 0.74117647 0.85882353
v 0.14147142 -0.46550494 -49.61526871 0.65098039 0.74117647 0.85882353
v 0.15241456 -0.46261704 -49.60459900 0.65098039 0.74117647 0.85882353
v 0.11388077 -0.03377731 -49.57471848 0.65098039 0.74117647 0.85882353
v 0.05020840 0.17173149 -49.58560562 0.65098039 0.74117647 0.85882353
v 0.05001931 0.21199293 -49.58200455 0.65098039 0.74117647 0.85882353
v 0.05028850 0.19091390 -49.58453369 0.65098039 0.74117647 0.85882353
v 0.11695798 -0.05851988 -49.57011795 0.65098039 0.74117647 0.85882353
v 0.11426876 0.24415998 -49.58770370 0.65098039 0.74117647 0.85882353
v 0.14092994 -0.03460313 -49.83728409 0.65098039 0.74117647 0.85882353
v 0.11652223 0.47378170 -49.76378250 0.65098039 0.74117647 0.85882353
v 0.05159138 0.39754367 -49.55126190 0.65098039 0.74117647 0.85882353
v 0.14740351 0.05244029 -49.84175491 0.65098039 0.74117647 0.85882353
v 0.13187538 0.68856049 -49.63241577 0.65098039 0.74117647 0.85882353
v 0.12898016 0.68803585 -49.63405991 0.65098039 0.74117647 0.85882353
v 0.12761334 0.68499529 -49.63562393 0.65098039 0.74117647 0.85882353
v 0.12556009 0.68522537 -49.64017487 0.65098039 0.74117647 0.85882353
v 0.12414841 0.68468320 -49.64383316 0.65098039 0.74117647 0.85882353
v 0.12451332 0.68433201 -49.64649963 0.65098039 0.74117647 0.85882353
v 0.12837607 0.68647134 -49.63783646 0.65098039 0.74117647 0.85882353
v 0.12680268 0.69032860 -49.64006424 0.65098039 0.74117647 0.85882353
v 0.12855089 0.68859357 -49.63706970 0.65098039 0.74117647 0.85882353
v 0.12968305 0.68742901 -49.63597488 0.65098039 0.74117647 0.85882353
v -0.01652399 0.43563557 -49.62848663 0.65098039 0.74117647 0.85882353
v -0.02262369 0.41911978 -49.62527084 0.65098039 0.74117647 0.85882353
v -0.02882501 0.40516216 -49.61922455 0.65098039 0.74117647 0.85882353
v -0.03236233 0.38622993 -49.61763000 0.65098039 0.74117647 0.85882353
v 0.06273926 0.61837637 -49.52996826 0.65098039 0.74117647 0.85882353
v -0.02438248 0.11693604 -49.62123108 0.65098039 0.74117647 0.85882353
v -0.02458215 0.12931065 -49.62142944 0.65098039 0.74117647 0.85882353
v 0.11202596 0.20855035 -49.78665543 0.65098039 0.74117647 0.85882353
v -0.02109949 0.08195840 -49.62090683 0.65098039 0.74117647 0.85882353
v -0.02732069 0.14391433 -49.61856079 0.65098039 0.74117647 0.85882353
v 0.11919940 0.35077453 -49.78823471 0.65098039 0.74117647 0.85882353
v -0.03522942 0.36698389 -49.61598969 0.65098039 0.74117647 0.85882353
v -0.01867918 0.06531619 -49.62255478 0.65098039 0.74117647 0.85882353
v 0.12316597 0.41288525 -49.78411865 0.65098039 0.74117647 0.85882353
v -0.02976530 0.16367729 -49.61630630 0.65098039 0.74117647 0.85882353
v -0.00633609 -0.01616366 -49.63623428 0.65098039 0.74117647 0.85882353
v -0.03194010 0.22934823 -49.61629486 0.65098039 0.74117647 0.85882353
v 0.03371126 0.74294996 -49.52933884 0.65098039 0.74117647 0.85882353
v 0.02019535 0.73742878 -49.53756332 0.65098039 0.74117647 0.85882353
v 0.02589376 0.72622466 -49.53044891 0.65098039 0.74117647 0.85882353
v 0.03889286 0.72841108 -49.52294922 0.65098039 0.74117647 0.85882353
v 0.02923528 0.71642584 -49.52486420 0.65098039 0.74117647 0.85882353
v 0.04027124 0.71644205 -49.51966476 0.65098039 0.74117647 0.85882353
v 0.01084111 0.73016238 -49.54704285 0.65098039 0.74117647 0.85882353
v 0.01705085 0.72158396 -49.53920364 0.65098039 0.74117647 0.85882353
v 0.00359643 0.68846726 -49.54956818 0.65098039 0.74117647 0.85882353
v 0.00693639 0.69734561 -49.54854202 0.65098039 0.74117647 0.85882353
v -0.00033526 0.69683254 -49.55649567 0.65098039 0.74117647 0.85882353
v -0.00304599 0.68517113 -49.55867004 0.65098039 0.74117647 0.85882353
v -0.00018321 0.66203135 -49.55544662 0.65098039 0.74117647 0.85882353
v -0.00513740 0.65535796 -49.56777954 0.65098039 0.74117647 0.85882353
v 0.00067424 0.64520288 -49.55952454 0.65098039 0.74117647 0.85882353
v 0.00610945 0.65270877 -49.54931259 0.65098039 0.74117647 0.85882353
v 0.04390903 0.66058528 -49.53000259 0.65098039 0.74117647 0.85882353
v 0.04129083 0.66713583 -49.53028488 0.65098039 0.74117647 0.85882353
v 0.03456836 0.66228378 -49.53058243 0.65098039 0.74117647 0.85882353
v 0.03768889 0.65483165 -49.53057098 0.65098039 0.74117647 0.85882353
v 0.05536654 0.66915214 -49.52525711 0.65098039 0.74117647 0.85882353
v 0.06114041 0.67105079 -49.51979828 0.65098039 0.74117647 0.85882353
v 0.06050692 0.67739272 -49.52355957 0.65098039 0.74117647 0.85882353
v 0.05420904 0.67469966 -49.52780533 0.65098039 0.74117647 0.85882353
v 0.04823659 0.65447378 -49.53093338 0.65098039 0.74117647 0.85882353
v 0.04199589 0.64863420 -49.53219986 0.65098039 0.74117647 0.85882353
v 0.05119493 0.66066521 -49.52714920 0.65098039 0.74117647 0.85882353
v 0.04949439 0.66556507 -49.52878571 0.65098039 0.74117647 0.85882353
v 0.05577016 0.65303171 -49.51811218 0.65098039 0.74117647 0.85882353
v 0.05967585 0.65267074 -49.51424408 0.65098039 0.74117647 0.85882353
v 0.05961783 0.65827739 -49.51325607 0.65098039 0.74117647 0.85882353
v 0.05503175 0.65827823 -49.51887131 0.65098039 0.74117647 0.85882353
v 0.05060257 0.65362787 -49.52673721 0.65098039 0.74117647 0.85882353
v 0.05414904 0.64988744 -49.52579117 0.65098039 0.74117647 0.85882353
v 0.05377325 0.65216458 -49.52236938 0.65098039 0.74117647 0.85882353
v 0.05175260 0.65650612 -49.52362442 0.65098039 0.74117647 0.85882353
v 0.05589736 0.66349876 -49.52229309 0.65098039 0.74117647 0.85882353
v 0.06084961 0.66474330 -49.51622391 0.65098039 0.74117647 0.85882353
v 0.06613290 0.66494304 -49.51043701 0.65098039 0.74117647 0.85882353
v 0.06505067 0.65685052 -49.50778580 0.65098039 0.74117647 0.85882353
v 0.02419017 0.64351785 -49.53648758 0.65098039 0.74117647 0.85882353
v 0.02928659 0.63898355 -49.53569031 0.65098039 0.74117647 0.85882353
v 0.03536730 0.64366186 -49.53333282 0.65098039 0.74117647 0.85882353
v 0.03082893 0.64913404 -49.53274155 0.65098039 0.74117647 0.85882353
v 0.05206007 0.64751661 -49.52921677 0.65098039 0.74117647 0.85882353
v 0.04692827 0.63188249 -49.52945328 0.65098039 0.74117647 0.85882353
v 0.05322803 0.63188088 -49.52688217 0.65098039 0.74117647 0.85882353
v 0.05383844 0.63593954 -49.52652740 0.65098039 0.74117647 0.85882353
v 0.04695758 0.63606560 -49.52901459 0.65098039 0.74117647 0.85882353
v 0.01516968 0.63090062 -49.54669189 0.65098039 0.74117647 0.85882353
v 0.01278866 0.62324673 -49.55211258 0.65098039 0.74117647 0.85882353
v 0.02054746 0.62181681 -49.54604340 0.65098039 0.74117647 0.85882353
v 0.02180796 0.62815660 -49.54260254 0.65098039 0.74117647 0.85882353
v 0.02149361 0.61540145 -49.54866409 0.65098039 0.74117647 0.85882353
v 0.01339590 0.61474478 -49.55641937 0.65098039 0.74117647 0.85882353
v 0.02102368 0.59813118 -49.55810165 0.65098039 0.74117647 0.85882353
v 0.02906211 0.60268319 -49.54736328 0.65098039 0.74117647 0.85882353
v 0.02468549 0.60914946 -49.54902649 0.65098039 0.74117647 0.85882353
v 0.01618375 0.60646999 -49.55840683 0.65098039 0.74117647 0.85882353
v 0.04325843 0.60562533 -49.53968811 0.65098039 0.74117647 0.85882353
v 0.03495647 0.59661412 -49.54425430 0.65098039 0.74117647 0.85882353
v 0.04210144 0.59170693 -49.54122925 0.65098039 0.74117647 0.85882353
v 0.04909679 0.60319787 -49.53816223 0.65098039 0.74117647 0.85882353
v 0.04621010 0.62623662 -49.53413010 0.65098039 0.74117647 0.85882353
v 0.04685429 0.62858200 -49.53131104 0.65098039 0.74117647 0.85882353
v 0.04211014 0.62854302 -49.53380203 0.65098039 0.74117647 0.85882353
v 0.04191192 0.62672913 -49.53586578 0.65098039 0.74117647 0.85882353
v 0.03715188 0.62718308 -49.53764725 0.65098039 0.74117647 0.85882353
v 0.03729822 0.62777221 -49.53680801 0.65098039 0.74117647 0.85882353
v 0.03578974 0.62866426 -49.53640747 0.65098039 0.74117647 0.85882353
v 0.03521191 0.62725365 -49.53781509 0.65098039 0.74117647 0.85882353
v 0.03920113 0.62700820 -49.53693008 0.65098039 0.74117647 0.85882353
v 0.03804870 0.62607145 -49.53762817 0.65098039 0.74117647 0.85882353
v 0.04034346 0.62481785 -49.53683853 0.65098039 0.74117647 0.85882353
v 0.04399970 0.62329900 -49.53477478 0.65098039 0.74117647 0.85882353
v 0.05769373 0.61917484 -49.52990341 0.65098039 0.74117647 0.85882353
v 0.05912098 0.62378037 -49.53059769 0.65098039 0.74117647 0.85882353
v 0.05586116 0.62429547 -49.53120422 0.65098039 0.74117647 0.85882353
v 0.05395443 0.62013400 -49.53066254 0.65098039 0.74117647 0.85882353
v 0.03816521 0.62985688 -49.53469467 0.65098039 0.74117647 0.85882353
v 0.04172698 0.63103592 -49.53244019 0.65098039 0.74117647 0.85882353
v 0.04088996 0.63445246 -49.53174591 0.65098039 0.74117647 0.85882353
v 0.03636834 0.63223356 -49.53415680 0.65098039 0.74117647 0.85882353
v 0.03363330 0.63535893 -49.53452301 0.65098039 0.74117647 0.85882353
v 0.03005829 0.63164425 -49.53735352 0.65098039 0.74117647 0.85882353
v 0.03355207 0.62982410 -49.53636932 0.65098039 0.74117647 0.85882353
v 0.03590346 0.62537944 -49.53877640 0.65098039 0.74117647 0.85882353
v 0.03223208 0.62728262 -49.53863144 0.65098039 0.74117647 0.85882353
v 0.03241768 0.62429595 -49.54035568 0.65098039 0.74117647 0.85882353
v 0.03418376 0.62104881 -49.54042435 0.65098039 0.74117647 0.85882353
v 0.03794573 0.62319827 -49.53818893 0.65098039 0.74117647 0.85882353
v 0.04144030 0.62082022 -49.53637695 0.65098039 0.74117647 0.85882353
v 0.03750934 0.61766934 -49.53914261 0.65098039 0.74117647 0.85882353
v 0.04250596 0.61440921 -49.53723526 0.65098039 0.74117647 0.85882353
v 0.04634675 0.61816466 -49.53395844 0.65098039 0.74117647 0.85882353
v 0.03892907 0.63872218 -49.53216934 0.65098039 0.74117647 0.85882353
v 0.02787493 0.62749004 -49.54005051 0.65098039 0.74117647 0.85882353
v 0.02536063 0.63398623 -49.53888702 0.65098039 0.74117647 0.85882353
v 0.02697257 0.62275070 -49.54270554 0.65098039 0.74117647 0.85882353
v 0.02835438 0.61815333 -49.54378510 0.65098039 0.74117647 0.85882353
v 0.03661580 0.60921758 -49.54168320 0.65098039 0.74117647 0.85882353
v 0.03157748 0.61352164 -49.54322433 0.65098039 0.74117647 0.85882353
v 0.02754164 0.59041035 -49.55578232 0.65098039 0.74117647 0.85882353
v 0.03590873 0.58442736 -49.55415726 0.65098039 0.74117647 0.85882353
v 0.03181185 0.70910001 -49.52472305 0.65098039 0.74117647 0.85882353
v 0.04099207 0.70882547 -49.52287674 0.65098039 0.74117647 0.85882353
v 0.02976771 0.70205116 -49.52924728 0.65098039 0.74117647 0.85882353
v 0.03414360 0.70222735 -49.52758408 0.65098039 0.74117647 0.85882353
v 0.03369553 0.70494485 -49.52689362 0.65098039 0.74117647 0.85882353
v 0.02816001 0.70459801 -49.52927780 0.65098039 0.74117647 0.85882353
v 0.01385118 0.69814408 -49.54353714 0.65098039 0.74117647 0.85882353
v 0.01096843 0.69177234 -49.54418945 0.65098039 0.74117647 0.85882353
v 0.01798359 0.69504964 -49.54067993 0.65098039 0.74117647 0.85882353
v 0.01948918 0.69882858 -49.53931427 0.65098039 0.74117647 0.85882353
v 0.02528333 0.68550587 -49.53562546 0.65098039 0.74117647 0.85882353
v 0.02897201 0.69197929 -49.53339005 0.65098039 0.74117647 0.85882353
v 0.02541600 0.69340301 -49.53515625 0.65098039 0.74117647 0.85882353
v 0.02071898 0.68766314 -49.53797150 0.65098039 0.74117647 0.85882353
v 0.03275106 0.69087219 -49.53212738 0.65098039 0.74117647 0.85882353
v 0.03027908 0.68478894 -49.53387070 0.65098039 0.74117647 0.85882353
v 0.03558748 0.68510568 -49.53261948 0.65098039 0.74117647 0.85882353
v 0.03706935 0.69053197 -49.53159332 0.65098039 0.74117647 0.85882353
v 0.04111957 0.70507240 -49.52617645 0.65098039 0.74117647 0.85882353
v 0.03979857 0.70198512 -49.52679825 0.65098039 0.74117647 0.85882353
v 0.04602131 0.70095170 -49.52852631 0.65098039 0.74117647 0.85882353
v 0.04837467 0.70389783 -49.52746582 0.65098039 0.74117647 0.85882353
v 0.05413654 0.69369602 -49.53538132 0.65098039 0.74117647 0.85882353
v 0.05731600 0.69280243 -49.53456116 0.65098039 0.74117647 0.85882353
v 0.05766621 0.69705254 -49.53328323 0.65098039 0.74117647 0.85882353
v 0.05366863 0.69617760 -49.53432465 0.65098039 0.74117647 0.85882353
v 0.05259874 0.69199657 -49.53493500 0.65098039 0.74117647 0.85882353
v 0.05432066 0.68996716 -49.53441238 0.65098039 0.74117647 0.85882353
v 0.04372416 0.76444280 -49.53026581 0.65098039 0.74117647 0.85882353
v 0.02730264 0.75862145 -49.53826141 0.65098039 0.74117647 0.85882353
v 0.04928478 0.74483764 -49.52197647 0.65098039 0.74117647 0.85882353
v 0.01267448 0.74956566 -49.54683685 0.65098039 0.74117647 0.85882353
v 0.00410802 0.73842549 -49.55662155 0.65098039 0.74117647 0.85882353
v -0.00326136 0.63733375 -49.56881332 0.65098039 0.74117647 0.85882353
v 0.00445260 0.62848926 -49.55991364 0.65098039 0.74117647 0.85882353
v 0.00777999 0.63675016 -49.55256653 0.65098039 0.74117647 0.85882353
v -0.00394692 0.62768734 -49.57767105 0.65098039 0.74117647 0.85882353
v 0.00437231 0.61861223 -49.56628036 0.65098039 0.74117647 0.85882353
v 0.01424812 0.59886104 -49.57527542 0.65098039 0.74117647 0.85882353
v 0.00741517 0.60824883 -49.57208252 0.65098039 0.74117647 0.85882353
v -0.01011238 0.64013755 -49.59003448 0.65098039 0.74117647 0.85882353
v -0.00764461 0.63262248 -49.60078430 0.65098039 0.74117647 0.85882353
v -0.00057841 0.61757928 -49.58765030 0.65098039 0.74117647 0.85882353
v -0.01202758 0.64957243 -49.61013412 0.65098039 0.74117647 0.85882353
v -0.01185831 0.64679635 -49.62091064 0.65098039 0.74117647 0.85882353
v -0.00543891 0.62495863 -49.61625671 0.65098039 0.74117647 0.85882353
v 0.00169867 0.58625722 -49.62466049 0.65098039 0.74117647 0.85882353
v -0.00762060 0.59482849 -49.63610840 0.65098039 0.74117647 0.85882353
v -0.00881314 0.58387780 -49.64667130 0.65098039 0.74117647 0.85882353
v -0.00268382 0.57590467 -49.63383865 0.65098039 0.74117647 0.85882353
v -0.00932379 0.64837956 -49.58022308 0.65098039 0.74117647 0.85882353
v -0.00151759 0.70924342 -49.56309891 0.65098039 0.74117647 0.85882353
v -0.00678893 0.69629556 -49.56748199 0.65098039 0.74117647 0.85882353
v 0.00507305 0.70732856 -49.55310059 0.65098039 0.74117647 0.85882353
v 0.00060342 0.77342820 -49.57740021 0.65098039 0.74117647 0.85882353
v -0.00816458 0.75652826 -49.58218384 0.65098039 0.74117647 0.85882353
v -0.00213025 0.74782002 -49.56894302 0.65098039 0.74117647 0.85882353
v 0.00698731 0.76247567 -49.56048965 0.65098039 0.74117647 0.85882353
v 0.03467811 0.80188406 -49.56942368 0.65098039 0.74117647 0.85882353
v 0.01471930 0.78983849 -49.57289124 0.65098039 0.74117647 0.85882353
v 0.02074510 0.77513129 -49.55238342 0.65098039 0.74117647 0.85882353
v 0.03893802 0.78529525 -49.54590607 0.65098039 0.74117647 0.85882353
v -0.01323433 0.76229703 -49.59748840 0.65098039 0.74117647 0.85882353
v -0.00518893 0.77965224 -49.59745789 0.65098039 0.74117647 0.85882353
v -0.01134213 0.77920079 -49.61903763 0.65098039 0.74117647 0.85882353
v -0.01743522 0.76333725 -49.61353683 0.65098039 0.74117647 0.85882353
v 0.00871919 0.79710346 -49.59821701 0.65098039 0.74117647 0.85882353
v 0.00206744 0.79773998 -49.62540817 0.65098039 0.74117647 0.85882353
v -0.01284607 0.65259576 -49.63186646 0.65098039 0.74117647 0.85882353
v -0.01204674 0.63306808 -49.63492966 0.65098039 0.74117647 0.85882353
v -0.01123170 0.61704588 -49.64095306 0.65098039 0.74117647 0.85882353
v -0.00507477 0.60855949 -49.62572861 0.65098039 0.74117647 0.85882353
v 0.02049601 0.81017226 -49.63217163 0.65098039 0.74117647 0.85882353
v 0.02790341 0.81026894 -49.60004425 0.65098039 0.74117647 0.85882353
v -0.01573085 0.74425197 -49.66324615 0.65098039 0.74117647 0.85882353
v -0.02002449 0.73384643 -49.64972687 0.65098039 0.74117647 0.85882353
v -0.02106512 0.74723196 -49.63866425 0.65098039 0.74117647 0.85882353
v -0.01582912 0.76067972 -49.65228653 0.65098039 0.74117647 0.85882353
v -0.00722415 0.75372022 -49.67848206 0.65098039 0.74117647 0.85882353
v -0.00559320 0.77346671 -49.66732025 0.65098039 0.74117647 0.85882353
v -0.00689463 0.68890196 -49.67244720 0.65098039 0.74117647 0.85882353
v 0.00160149 0.69229752 -49.68589401 0.65098039 0.74117647 0.85882353
v 0.00752019 0.67379242 -49.68350601 0.65098039 0.74117647 0.85882353
v -0.00088793 0.66955101 -49.67244339 0.65098039 0.74117647 0.85882353
v 0.02081128 0.71390516 -49.53181458 0.65098039 0.74117647 0.85882353
v 0.01518815 0.71034396 -49.53893661 0.65098039 0.74117647 0.85882353
v 0.02031107 0.70591545 -49.53422546 0.65098039 0.74117647 0.85882353
v 0.02478115 0.70836008 -49.52902985 0.65098039 0.74117647 0.85882353
v 0.00452322 0.72044885 -49.55617523 0.65098039 0.74117647 0.85882353
v 0.01041145 0.71534956 -49.54710770 0.65098039 0.74117647 0.85882353
v -0.00789095 0.73470342 -49.57662964 0.65098039 0.74117647 0.85882353
v -0.01210525 0.74199319 -49.58750916 0.65098039 0.74117647 0.85882353
v -0.02018096 0.74915338 -49.61185455 0.65098039 0.74117647 0.85882353
v -0.01659225 0.74726355 -49.59942627 0.65098039 0.74117647 0.85882353
v -0.02250875 0.72545314 -49.63935089 0.65098039 0.74117647 0.85882353
v -0.02287066 0.73425031 -49.63242340 0.65098039 0.74117647 0.85882353
v -0.01217036 0.66436017 -49.64391708 0.65098039 0.74117647 0.85882353
v -0.00654475 0.66694248 -49.65946960 0.65098039 0.74117647 0.85882353
v -0.00214848 0.64777434 -49.66234970 0.65098039 0.74117647 0.85882353
v -0.00951477 0.64265394 -49.64945602 0.65098039 0.74117647 0.85882353
v 0.01257407 0.65514600 -49.68464661 0.65098039 0.74117647 0.85882353
v 0.00615446 0.65201378 -49.67405319 0.65098039 0.74117647 0.85882353
v -0.00606675 0.61059463 -49.66589737 0.65098039 0.74117647 0.85882353
v 0.00145717 0.61657882 -49.67853165 0.65098039 0.74117647 0.85882353
v 0.00285462 0.60431767 -49.69000244 0.65098039 0.74117647 0.85882353
v -0.00340129 0.59853947 -49.67664337 0.65098039 0.74117647 0.85882353
v 0.01379162 0.60758483 -49.70038986 0.65098039 0.74117647 0.85882353
v 0.01174719 0.62057781 -49.68885040 0.65098039 0.74117647 0.85882353
v 0.02238702 0.62277949 -49.69684982 0.65098039 0.74117647 0.85882353
v 0.02578736 0.60866249 -49.70655823 0.65098039 0.74117647 0.85882353
v 0.01588402 0.56488752 -49.61576843 0.65098039 0.74117647 0.85882353
v 0.00712882 0.56986833 -49.62405396 0.65098039 0.74117647 0.85882353
v 0.00257412 0.56082153 -49.63258743 0.65098039 0.74117647 0.85882353
v 0.01168893 0.55675304 -49.62442780 0.65098039 0.74117647 0.85882353
v -0.00159220 0.58779860 -49.69033051 0.65098039 0.74117647 0.85882353
v 0.00525854 0.59547043 -49.70389557 0.65098039 0.74117647 0.85882353
v -0.01090911 0.68543369 -49.65895462 0.65098039 0.74117647 0.85882353
v -0.01784149 0.68385518 -49.64572906 0.65098039 0.74117647 0.85882353
v 0.01659373 0.59849811 -49.71398163 0.65098039 0.74117647 0.85882353
v 0.00035138 0.63115931 -49.67012787 0.65098039 0.74117647 0.85882353
v 0.01042814 0.63519371 -49.67993546 0.65098039 0.74117647 0.85882353
v 0.02058752 0.65671635 -49.69292068 0.65098039 0.74117647 0.85882353
v 0.01721454 0.67649657 -49.69279099 0.65098039 0.74117647 0.85882353
v 0.04764884 0.67123318 -49.53010178 0.65098039 0.74117647 0.85882353
v 0.04602978 0.68707144 -49.53267670 0.65098039 0.74117647 0.85882353
v 0.05045537 0.68824035 -49.53358841 0.65098039 0.74117647 0.85882353
v 0.04980543 0.69137073 -49.53355408 0.65098039 0.74117647 0.85882353
v 0.04599994 0.69084764 -49.53244781 0.65098039 0.74117647 0.85882353
v 0.06544851 0.72330582 -49.51586914 0.65098039 0.74117647 0.85882353
v 0.05258426 0.72738558 -49.51663971 0.65098039 0.74117647 0.85882353
v 0.05246983 0.71299064 -49.51663589 0.65098039 0.74117647 0.85882353
v 0.06485825 0.70736861 -49.51853180 0.65098039 0.74117647 0.85882353
v 0.01416809 0.66266364 -49.53874969 0.65098039 0.74117647 0.85882353
v 0.01904044 0.65096164 -49.53752899 0.65098039 0.74117647 0.85882353
v 0.02717383 0.65684998 -49.53267288 0.65098039 0.74117647 0.85882353
v 0.02526783 0.66660655 -49.53313828 0.65098039 0.74117647 0.85882353
v 0.02283700 0.69909275 -49.53659058 0.65098039 0.74117647 0.85882353
v 0.02419600 0.70037270 -49.53416061 0.65098039 0.74117647 0.85882353
v 0.02165949 0.70143378 -49.53629303 0.65098039 0.74117647 0.85882353
v 0.01911220 0.63760966 -49.54128647 0.65098039 0.74117647 0.85882353
v 0.01275538 0.64399087 -49.54474640 0.65098039 0.74117647 0.85882353
v -0.00882008 0.68161249 -49.57186127 0.65098039 0.74117647 0.85882353
v 0.01108868 0.70496678 -49.54502869 0.65098039 0.74117647 0.85882353
v 0.05579754 0.80756402 -49.56782913 0.65098039 0.74117647 0.85882353
v 0.05887577 0.78854740 -49.54141998 0.65098039 0.74117647 0.85882353
v 0.05059188 0.81703800 -49.60095978 0.65098039 0.74117647 0.85882353
v 0.04337272 0.81755131 -49.63484573 0.65098039 0.74117647 0.85882353
v 0.00932620 0.78405249 -49.67861557 0.65098039 0.74117647 0.85882353
v 0.02823900 0.79026866 -49.68813324 0.65098039 0.74117647 0.85882353
v 0.02573501 0.76848364 -49.70247650 0.65098039 0.74117647 0.85882353
v 0.00605058 0.76203990 -49.69186783 0.65098039 0.74117647 0.85882353
v 0.01049985 0.69504195 -49.69853973 0.65098039 0.74117647 0.85882353
v 0.03201681 0.62447178 -49.70076752 0.65098039 0.74117647 0.85882353
v 0.03596761 0.60929048 -49.70806885 0.65098039 0.74117647 0.85882353
v 0.06191792 0.76539326 -49.52582550 0.65098039 0.74117647 0.85882353
v 0.06395122 0.74340737 -49.51779556 0.65098039 0.74117647 0.85882353
v -0.00151950 0.72639394 -49.56716537 0.65098039 0.74117647 0.85882353
v 0.00301401 0.67944777 -49.54845810 0.65098039 0.74117647 0.85882353
v 0.00629258 0.67054158 -49.54479599 0.65098039 0.74117647 0.85882353
v 0.01294074 0.67967796 -49.53946686 0.65098039 0.74117647 0.85882353
v 0.01032609 0.68555117 -49.54286957 0.65098039 0.74117647 0.85882353
v -0.00323093 0.67312258 -49.55945206 0.65098039 0.74117647 0.85882353
v -0.00846956 0.66756338 -49.57349014 0.65098039 0.74117647 0.85882353
v -0.01315678 0.66319299 -49.58942032 0.65098039 0.74117647 0.85882353
v -0.01359791 0.65418595 -49.60018539 0.65098039 0.74117647 0.85882353
v -0.01304240 0.77482414 -49.63954163 0.65098039 0.74117647 0.85882353
v -0.01914567 0.75938642 -49.62836838 0.65098039 0.74117647 0.85882353
v 0.01307324 0.80209213 -49.65920639 0.65098039 0.74117647 0.85882353
v -0.00278622 0.78983057 -49.64960098 0.65098039 0.74117647 0.85882353
v -0.02149396 0.74793929 -49.62472534 0.65098039 0.74117647 0.85882353
v 0.03485977 0.81067526 -49.66603088 0.65098039 0.74117647 0.85882353
v 0.05476162 0.64030707 -49.52675247 0.65098039 0.74117647 0.85882353
v 0.05703747 0.64435315 -49.52645874 0.65098039 0.74117647 0.85882353
v 0.04686519 0.64210427 -49.53001022 0.65098039 0.74117647 0.85882353
v 0.05131741 0.61605567 -49.53247070 0.65098039 0.74117647 0.85882353
v 0.04738235 0.61166978 -49.53613663 0.65098039 0.74117647 0.85882353
v 0.05311555 0.61021048 -49.53561783 0.65098039 0.74117647 0.85882353
v 0.05591620 0.61484128 -49.53187943 0.65098039 0.74117647 0.85882353
v 0.03241233 0.58356363 -49.57141495 0.65098039 0.74117647 0.85882353
v 0.02328320 0.59005684 -49.57364655 0.65098039 0.74117647 0.85882353
v 0.02054715 0.57244194 -49.60629654 0.65098039 0.74117647 0.85882353
v 0.01100557 0.57817364 -49.61408997 0.65098039 0.74117647 0.85882353
v 0.05916579 0.65156615 -49.52069855 0.65098039 0.74117647 0.85882353
v 0.05860275 0.65126324 -49.52286148 0.65098039 0.74117647 0.85882353
v 0.06059252 0.65144193 -49.52250671 0.65098039 0.74117647 0.85882353
v 0.06080977 0.65167397 -49.52053833 0.65098039 0.74117647 0.85882353
v 0.03893985 0.62841672 -49.53571701 0.65098039 0.74117647 0.85882353
v 0.05843729 0.63103950 -49.52592087 0.65098039 0.74117647 0.85882353
v 0.05715464 0.62768346 -49.52804184 0.65098039 0.74117647 0.85882353
v 0.06029268 0.62687707 -49.52791595 0.65098039 0.74117647 0.85882353
v 0.06133907 0.63014245 -49.52582932 0.65098039 0.74117647 0.85882353
v 0.00609805 0.60445654 -49.59784317 0.65098039 0.74117647 0.85882353
v 0.00482552 0.59679639 -49.61373138 0.65098039 0.74117647 0.85882353
v -0.00800939 0.59140551 -49.66184235 0.65098039 0.74117647 0.85882353
v -0.01014858 0.60351264 -49.65069199 0.65098039 0.74117647 0.85882353
v -0.00824873 0.62523764 -49.65672684 0.65098039 0.74117647 0.85882353
v 0.01781798 0.63790345 -49.68856049 0.65098039 0.74117647 0.85882353
v 0.02743657 0.64028347 -49.69446564 0.65098039 0.74117647 0.85882353
v 0.03758471 0.64164686 -49.69865799 0.65098039 0.74117647 0.85882353
v 0.03171774 0.65871149 -49.69807053 0.65098039 0.74117647 0.85882353
v 0.01843848 0.59000492 -49.59106827 0.65098039 0.74117647 0.85882353
v 0.01440126 0.58559597 -49.60391235 0.65098039 0.74117647 0.85882353
v 0.02427006 0.57928121 -49.59793854 0.65098039 0.74117647 0.85882353
v 0.02871888 0.58308804 -49.58693695 0.65098039 0.74117647 0.85882353
v 0.06456786 0.64804935 -49.52061462 0.65098039 0.74117647 0.85882353
v 0.06307715 0.64751911 -49.52273941 0.65098039 0.74117647 0.85882353
v 0.06465116 0.64485097 -49.52275467 0.65098039 0.74117647 0.85882353
v 0.06593061 0.64631057 -49.51961517 0.65098039 0.74117647 0.85882353
v 0.05712087 0.64997256 -49.52446365 0.65098039 0.74117647 0.85882353
v 0.05842154 0.64705169 -49.52563095 0.65098039 0.74117647 0.85882353
v 0.05910816 0.64899111 -49.52529144 0.65098039 0.74117647 0.85882353
v 0.05663169 0.65093184 -49.52253723 0.65098039 0.74117647 0.85882353
v 0.05786285 0.65161031 -49.51982880 0.65098039 0.74117647 0.85882353
v 0.06344411 0.65083367 -49.51612854 0.65098039 0.74117647 0.85882353
v 0.06478751 0.65023315 -49.51144409 0.65098039 0.74117647 0.85882353
v 0.06035041 0.65132314 -49.51717758 0.65098039 0.74117647 0.85882353
v 0.06270889 0.64996660 -49.52145004 0.65098039 0.74117647 0.85882353
v 0.06210896 0.64916956 -49.52347565 0.65098039 0.74117647 0.85882353
v 0.06008384 0.65054965 -49.52460480 0.65098039 0.74117647 0.85882353
v 0.05822606 0.65079558 -49.52414703 0.65098039 0.74117647 0.85882353
v 0.06276805 0.65115976 -49.51809692 0.65098039 0.74117647 0.85882353
v 0.06074133 0.65148962 -49.51903152 0.65098039 0.74117647 0.85882353
v 0.06681166 0.67195129 -49.51457596 0.65098039 0.74117647 0.85882353
v 0.02876394 0.56948256 -49.60245514 0.65098039 0.74117647 0.85882353
v 0.03316012 0.57620263 -49.59492493 0.65098039 0.74117647 0.85882353
v 0.03795891 0.62731302 -49.53733444 0.65098039 0.74117647 0.85882353
v 0.05071019 0.70739090 -49.52334976 0.65098039 0.74117647 0.85882353
v 0.01895301 0.67625439 -49.53576279 0.65098039 0.74117647 0.85882353
v 0.04008286 0.67374080 -49.53134918 0.65098039 0.74117647 0.85882353
v 0.04040112 0.67994821 -49.53222275 0.65098039 0.74117647 0.85882353
v 0.03378740 0.67806113 -49.53268433 0.65098039 0.74117647 0.85882353
v 0.03312375 0.67024815 -49.53182983 0.65098039 0.74117647 0.85882353
v 0.05854983 0.70290279 -49.52587891 0.65098039 0.74117647 0.85882353
v 0.06257910 0.69692111 -49.52942276 0.65098039 0.74117647 0.85882353
v 0.06744559 0.69667006 -49.52380753 0.65098039 0.74117647 0.85882353
v 0.06138019 0.69079536 -49.53093338 0.65098039 0.74117647 0.85882353
v 0.05718918 0.68658173 -49.53255463 0.65098039 0.74117647 0.85882353
v 0.05928214 0.68261528 -49.52797699 0.65098039 0.74117647 0.85882353
v 0.06565637 0.68753672 -49.52396774 0.65098039 0.74117647 0.85882353
v 0.02450946 0.70325756 -49.53258514 0.65098039 0.74117647 0.85882353
v 0.02656840 0.70136082 -49.53156662 0.65098039 0.74117647 0.85882353
v 0.05305415 0.67954636 -49.53057861 0.65098039 0.74117647 0.85882353
v 0.05183560 0.68406177 -49.53280640 0.65098039 0.74117647 0.85882353
v 0.04622346 0.68205476 -49.53240967 0.65098039 0.74117647 0.85882353
v 0.04663240 0.67664921 -49.53153229 0.65098039 0.74117647 0.85882353
v 0.02683174 0.67648017 -49.53387451 0.65098039 0.74117647 0.85882353
v 0.01701365 0.70288527 -49.53986359 0.65098039 0.74117647 0.85882353
v 0.01820405 0.69100499 -49.54026031 0.65098039 0.74117647 0.85882353
v -0.01642636 0.67663956 -49.63282394 0.65098039 0.74117647 0.85882353
v -0.02061273 0.68865001 -49.63516617 0.65098039 0.74117647 0.85882353
v -0.01763102 0.66627419 -49.61464691 0.65098039 0.74117647 0.85882353
v -0.01744819 0.66914868 -49.61853409 0.65098039 0.74117647 0.85882353
v -0.01309367 0.66170275 -49.62086868 0.65098039 0.74117647 0.85882353
v -0.01427407 0.66115260 -49.61466217 0.65098039 0.74117647 0.85882353
v -0.02296685 0.72118717 -49.61893463 0.65098039 0.74117647 0.85882353
v -0.02170905 0.72026205 -49.61494446 0.65098039 0.74117647 0.85882353
v -0.02106204 0.72654450 -49.61288071 0.65098039 0.74117647 0.85882353
v -0.02181172 0.72758794 -49.62049866 0.65098039 0.74117647 0.85882353
v -0.02072090 0.72143316 -49.60779572 0.65098039 0.74117647 0.85882353
v -0.02069458 0.71797508 -49.60852432 0.65098039 0.74117647 0.85882353
v -0.02006638 0.71689844 -49.60550308 0.65098039 0.74117647 0.85882353
v -0.01970366 0.72397304 -49.60515976 0.65098039 0.74117647 0.85882353
v -0.01717445 0.71999526 -49.59843826 0.65098039 0.74117647 0.85882353
v -0.01452471 0.72962451 -49.59313965 0.65098039 0.74117647 0.85882353
v -0.01840796 0.73435235 -49.60211563 0.65098039 0.74117647 0.85882353
v -0.00826481 0.71127188 -49.57745743 0.65098039 0.74117647 0.85882353
v -0.01076779 0.72266948 -49.58552933 0.65098039 0.74117647 0.85882353
v -0.01364891 0.71360433 -49.59470367 0.65098039 0.74117647 0.85882353
v -0.01221009 0.70422316 -49.59306717 0.65098039 0.74117647 0.85882353
v -0.01614958 0.66901779 -49.60164642 0.65098039 0.74117647 0.85882353
v -0.01684250 0.66248244 -49.60787201 0.65098039 0.74117647 0.85882353
v -0.01348611 0.66725940 -49.62741089 0.65098039 0.74117647 0.85882353
v -0.00610206 0.73352832 -49.68449783 0.65098039 0.74117647 0.85882353
v -0.01404235 0.72623956 -49.66978073 0.65098039 0.74117647 0.85882353
v -0.01897805 0.71897322 -49.65581131 0.65098039 0.74117647 0.85882353
v -0.02158896 0.71320248 -49.64395523 0.65098039 0.74117647 0.85882353
v 0.00451412 0.74089003 -49.69816971 0.65098039 0.74117647 0.85882353
v 0.02048861 0.74160123 -49.70897675 0.65098039 0.74117647 0.85882353
v -0.01148867 0.69472897 -49.58121872 0.65098039 0.74117647 0.85882353
v -0.01535429 0.69088089 -49.59431839 0.65098039 0.74117647 0.85882353
v -0.01177128 0.70739228 -49.67265701 0.65098039 0.74117647 0.85882353
v -0.00427689 0.71288097 -49.68778229 0.65098039 0.74117647 0.85882353
v -0.01566517 0.70241046 -49.65818024 0.65098039 0.74117647 0.85882353
v -0.01990291 0.69991171 -49.64599228 0.65098039 0.74117647 0.85882353
v 0.00718458 0.71983147 -49.70124817 0.65098039 0.74117647 0.85882353
v 0.02217237 0.71838784 -49.71114349 0.65098039 0.74117647 0.85882353
v 0.02399218 0.69458294 -49.70661545 0.65098039 0.74117647 0.85882353
v -0.02337732 0.67357802 -49.61000824 0.65098039 0.74117647 0.85882353
v -0.02401537 0.66826773 -49.61100769 0.65098039 0.74117647 0.85882353
v -0.02054607 0.66639125 -49.61068726 0.65098039 0.74117647 0.85882353
v -0.02087831 0.67076123 -49.60703278 0.65098039 0.74117647 0.85882353
v -0.01658130 0.67907703 -49.59767914 0.65098039 0.74117647 0.85882353
v -0.01324636 0.67915595 -49.58593369 0.65098039 0.74117647 0.85882353
v 0.06636357 0.67934877 -49.51857376 0.65098039 0.74117647 0.85882353
v 0.04914065 0.58905137 -49.54050064 0.65098039 0.74117647 0.85882353
v 0.05390138 0.60205740 -49.53731537 0.65098039 0.74117647 0.85882353
v 0.06016097 0.63881040 -49.52530289 0.65098039 0.74117647 0.85882353
v 0.05900914 0.63490295 -49.52526093 0.65098039 0.74117647 0.85882353
v 0.06211606 0.63373923 -49.52530289 0.65098039 0.74117647 0.85882353
v 0.06305972 0.63759005 -49.52504349 0.65098039 0.74117647 0.85882353
v 0.05400702 0.70121706 -49.53044891 0.65098039 0.74117647 0.85882353
v 0.02810434 0.67709637 -49.69895172 0.65098039 0.74117647 0.85882353
v 0.04256817 0.62570298 -49.70101166 0.65098039 0.74117647 0.85882353
v 0.04599249 0.60977745 -49.70713425 0.65098039 0.74117647 0.85882353
v 0.02993455 0.59804595 -49.71848297 0.65098039 0.74117647 0.85882353
v 0.04080389 0.59692067 -49.71813583 0.65098039 0.74117647 0.85882353
v 0.06417783 0.64142245 -49.52437210 0.65098039 0.74117647 0.85882353
v 0.06151393 0.64251959 -49.52481842 0.65098039 0.74117647 0.85882353
v 0.06319340 0.65084672 -49.51939392 0.65098039 0.74117647 0.85882353
v 0.05237531 0.62826371 -49.52905655 0.65098039 0.74117647 0.85882353
v 0.06165359 0.64784420 -49.52413940 0.65098039 0.74117647 0.85882353
v 0.06195793 0.64551222 -49.52432632 0.65098039 0.74117647 0.85882353
v 0.06670692 0.64376771 -49.52243423 0.65098039 0.74117647 0.85882353
v 0.06563390 0.64077151 -49.52439117 0.65098039 0.74117647 0.85882353
v 0.04085486 0.68609905 -49.53234100 0.65098039 0.74117647 0.85882353
v 0.04148442 0.69057304 -49.53179550 0.65098039 0.74117647 0.85882353
v 0.06477221 0.64927578 -49.51789856 0.65098039 0.74117647 0.85882353
v 0.06603621 0.64752674 -49.51576233 0.65098039 0.74117647 0.85882353
v -0.00555116 0.56634825 -49.64432144 0.65098039 0.74117647 0.85882353
v -0.00829142 0.57361639 -49.65899277 0.65098039 0.74117647 0.85882353
v 0.06244402 0.62645173 -49.52804947 0.65098039 0.74117647 0.85882353
v 0.06330641 0.62964022 -49.52596283 0.65098039 0.74117647 0.85882353
v -0.01654452 0.69836450 -49.60230637 0.65098039 0.74117647 0.85882353
v -0.01687595 0.70636517 -49.60206223 0.65098039 0.74117647 0.85882353
v -0.02069536 0.70259255 -49.60803604 0.65098039 0.74117647 0.85882353
v -0.02040046 0.69589770 -49.60826874 0.65098039 0.74117647 0.85882353
v 0.02435096 0.56189418 -49.61071396 0.65098039 0.74117647 0.85882353
v -0.00584097 0.58076918 -49.67531967 0.65098039 0.74117647 0.85882353
v 0.05109187 0.59729117 -49.71575165 0.65098039 0.74117647 0.85882353
v 0.02338188 0.69527090 -49.53683853 0.65098039 0.74117647 0.85882353
v 0.02241992 0.69728255 -49.53747940 0.65098039 0.74117647 0.85882353
v 0.05073704 0.69914377 -49.53174210 0.65098039 0.74117647 0.85882353
v 0.04880513 0.62159598 -49.53230667 0.65098039 0.74117647 0.85882353
v 0.05124275 0.62526679 -49.53237152 0.65098039 0.74117647 0.85882353
v 0.03715099 0.57975972 -49.58496475 0.65098039 0.74117647 0.85882353
v 0.06769168 0.64525115 -49.51913834 0.65098039 0.74117647 0.85882353
v -0.02193416 0.71179903 -49.61443710 0.65098039 0.74117647 0.85882353
v -0.02211136 0.70839596 -49.61478043 0.65098039 0.74117647 0.85882353
v -0.02468437 0.70728952 -49.61236954 0.65098039 0.74117647 0.85882353
v -0.02408344 0.71028948 -49.61108017 0.65098039 0.74117647 0.85882353
v -0.02345024 0.71303910 -49.60490036 0.65098039 0.74117647 0.85882353
v -0.02431827 0.71675229 -49.60546875 0.65098039 0.74117647 0.85882353
v -0.02670991 0.71373308 -49.60777664 0.65098039 0.74117647 0.85882353
v -0.02562615 0.71076787 -49.60819244 0.65098039 0.74117647 0.85882353
v -0.01886377 0.71302307 -49.60279083 0.65098039 0.74117647 0.85882353
v -0.02180693 0.70859897 -49.60587692 0.65098039 0.74117647 0.85882353
v -0.02660870 0.71890038 -49.60628510 0.65098039 0.74117647 0.85882353
v -0.02723712 0.71639502 -49.60819626 0.65098039 0.74117647 0.85882353
v -0.02122162 0.71911895 -49.61075211 0.65098039 0.74117647 0.85882353
v -0.02365534 0.72000408 -49.60777664 0.65098039 0.74117647 0.85882353
v -0.02503978 0.72293019 -49.61155701 0.65098039 0.74117647 0.85882353
v -0.02941715 0.72109878 -49.60922623 0.65098039 0.74117647 0.85882353
v -0.02835916 0.72424841 -49.61709595 0.65098039 0.74117647 0.85882353
v -0.03295417 0.72168154 -49.61399460 0.65098039 0.74117647 0.85882353
v -0.03056814 0.72098386 -49.62275314 0.65098039 0.74117647 0.85882353
v -0.03558034 0.71972531 -49.61999893 0.65098039 0.74117647 0.85882353
v -0.02007837 0.67878556 -49.60494614 0.65098039 0.74117647 0.85882353
v -0.02058950 0.68149757 -49.61157608 0.65098039 0.74117647 0.85882353
v -0.03218987 0.71578217 -49.62616348 0.65098039 0.74117647 0.85882353
v -0.03748702 0.71537799 -49.62424850 0.65098039 0.74117647 0.85882353
v -0.03286427 0.70883495 -49.62923431 0.65098039 0.74117647 0.85882353
v -0.03818773 0.70892465 -49.62702942 0.65098039 0.74117647 0.85882353
v -0.03294523 0.70126498 -49.63010788 0.65098039 0.74117647 0.85882353
v -0.03781990 0.70152241 -49.62823486 0.65098039 0.74117647 0.85882353
v -0.03251687 0.69247055 -49.63021469 0.65098039 0.74117647 0.85882353
v -0.03713866 0.69387650 -49.62759018 0.65098039 0.74117647 0.85882353
v -0.03121431 0.68247557 -49.62794113 0.65098039 0.74117647 0.85882353
v -0.03548758 0.68606615 -49.62481689 0.65098039 0.74117647 0.85882353
v -0.03186639 0.71725112 -49.62052917 0.65098039 0.74117647 0.85882353
v -0.02979216 0.71917319 -49.61612320 0.65098039 0.74117647 0.85882353
v -0.02306059 0.71773010 -49.62197113 0.65098039 0.74117647 0.85882353
v -0.02795736 0.71889734 -49.61157227 0.65098039 0.74117647 0.85882353
v -0.02301598 0.70450455 -49.62332916 0.65098039 0.74117647 0.85882353
v -0.02287391 0.70111477 -49.62223053 0.65098039 0.74117647 0.85882353
v -0.02477095 0.70146918 -49.61816406 0.65098039 0.74117647 0.85882353
v -0.02259610 0.70392674 -49.62022018 0.65098039 0.74117647 0.85882353
v -0.02304231 0.69523573 -49.61215973 0.65098039 0.74117647 0.85882353
v -0.02445957 0.68976200 -49.61322784 0.65098039 0.74117647 0.85882353
v -0.02212910 0.68858886 -49.60894775 0.65098039 0.74117647 0.85882353
v -0.02299833 0.68569851 -49.61449814 0.65098039 0.74117647 0.85882353
v -0.02163555 0.69035447 -49.61533737 0.65098039 0.74117647 0.85882353
v -0.02240226 0.68736243 -49.61592484 0.65098039 0.74117647 0.85882353
v -0.01994971 0.69396305 -49.61504745 0.65098039 0.74117647 0.85882353
v -0.02300829 0.68600148 -49.61719894 0.65098039 0.74117647 0.85882353
v -0.02366293 0.68428802 -49.61597443 0.65098039 0.74117647 0.85882353
v -0.02204435 0.68701768 -49.61791229 0.65098039 0.74117647 0.85882353
v -0.02146626 0.68779588 -49.61718369 0.65098039 0.74117647 0.85882353
v -0.02026904 0.68938458 -49.61775589 0.65098039 0.74117647 0.85882353
v -0.01965889 0.69230437 -49.61933517 0.65098039 0.74117647 0.85882353
v -0.01873401 0.68859053 -49.60295105 0.65098039 0.74117647 0.85882353
v -0.01993390 0.68338805 -49.62598801 0.65098039 0.74117647 0.85882353
v -0.02305913 0.69184494 -49.62707138 0.65098039 0.74117647 0.85882353
v -0.03259222 0.67962837 -49.62093353 0.65098039 0.74117647 0.85882353
v -0.02935413 0.67449439 -49.62294006 0.65098039 0.74117647 0.85882353
v -0.02580218 0.66681015 -49.61303711 0.65098039 0.74117647 0.85882353
v -0.02815641 0.66847509 -49.61744308 0.65098039 0.74117647 0.85882353
v -0.02328972 0.71294028 -49.62411118 0.65098039 0.74117647 0.85882353
v -0.02466407 0.70704502 -49.62703323 0.65098039 0.74117647 0.85882353
v -0.01735733 0.67561942 -49.62168503 0.65098039 0.74117647 0.85882353
v -0.02433838 0.70011866 -49.62759399 0.65098039 0.74117647 0.85882353
v -0.03258632 0.68909514 -49.62365723 0.65098039 0.74117647 0.85882353
v -0.03029372 0.68430644 -49.62081909 0.65098039 0.74117647 0.85882353
v -0.03476759 0.69492823 -49.62527466 0.65098039 0.74117647 0.85882353
v -0.02397291 0.68072021 -49.61415863 0.65098039 0.74117647 0.85882353
v -0.02747543 0.68151879 -49.61724854 0.65098039 0.74117647 0.85882353
v -0.02946919 0.67638075 -49.61615372 0.65098039 0.74117647 0.85882353
v -0.02644970 0.67446005 -49.61268234 0.65098039 0.74117647 0.85882353
v -0.02770312 0.68731701 -49.62054825 0.65098039 0.74117647 0.85882353
v -0.03057470 0.69117141 -49.62180328 0.65098039 0.74117647 0.85882353
v -0.02459061 0.68901730 -49.62199783 0.65098039 0.74117647 0.85882353
v -0.02725556 0.69280702 -49.62304688 0.65098039 0.74117647 0.85882353
v -0.02365569 0.68666327 -49.61931992 0.65098039 0.74117647 0.85882353
v -0.02516590 0.68478465 -49.61827469 0.65098039 0.74117647 0.85882353
v -0.02096951 0.69008005 -49.62297440 0.65098039 0.74117647 0.85882353
v -0.02317991 0.69531655 -49.62461472 0.65098039 0.74117647 0.85882353
v -0.02155791 0.68779361 -49.61962509 0.65098039 0.74117647 0.85882353
v -0.02937802 0.69638932 -49.62197113 0.65098039 0.74117647 0.85882353
v -0.02617738 0.69907081 -49.62326431 0.65098039 0.74117647 0.85882353
v -0.02853885 0.70226723 -49.61970139 0.65098039 0.74117647 0.85882353
v -0.03116228 0.70042169 -49.62040710 0.65098039 0.74117647 0.85882353
v -0.03268349 0.69564277 -49.62255096 0.65098039 0.74117647 0.85882353
v -0.03427834 0.70045817 -49.62278748 0.65098039 0.74117647 0.85882353
v -0.03464513 0.70128989 -49.62594986 0.65098039 0.74117647 0.85882353
v -0.03378967 0.70590222 -49.62250519 0.65098039 0.74117647 0.85882353
v -0.03419538 0.70780683 -49.62550354 0.65098039 0.74117647 0.85882353
v -0.03190754 0.70451427 -49.62010956 0.65098039 0.74117647 0.85882353
v -0.03015304 0.70457768 -49.61801910 0.65098039 0.74117647 0.85882353
v -0.03350288 0.71355474 -49.62345505 0.65098039 0.74117647 0.85882353
v -0.03272516 0.71062821 -49.62102890 0.65098039 0.74117647 0.85882353
v -0.03128015 0.71420836 -49.61872864 0.65098039 0.74117647 0.85882353
v -0.03159828 0.70827866 -49.61898804 0.65098039 0.74117647 0.85882353
v -0.03026362 0.71106040 -49.61731339 0.65098039 0.74117647 0.85882353
v -0.03044880 0.70696342 -49.61774445 0.65098039 0.74117647 0.85882353
v -0.02932984 0.70824295 -49.61643219 0.65098039 0.74117647 0.85882353
v -0.02506730 0.71549314 -49.61085129 0.65098039 0.74117647 0.85882353
v -0.02422956 0.71298516 -49.61034393 0.65098039 0.74117647 0.85882353
v -0.02687943 0.71648031 -49.61317062 0.65098039 0.74117647 0.85882353
v -0.02620949 0.71357536 -49.61383820 0.65098039 0.74117647 0.85882353
v -0.02477556 0.71394289 -49.61257553 0.65098039 0.74117647 0.85882353
v -0.02372643 0.71253610 -49.61288071 0.65098039 0.74117647 0.85882353
v -0.02572528 0.71091956 -49.61401749 0.65098039 0.74117647 0.85882353
v -0.02433645 0.70938116 -49.61648941 0.65098039 0.74117647 0.85882353
v 0.00233225 0.53724790 -49.63942337 0.65098039 0.74117647 0.85882353
v 0.01123761 0.53528470 -49.63449860 0.65098039 0.74117647 0.85882353
v 0.01503337 0.54477191 -49.62731934 0.65098039 0.74117647 0.85882353
v 0.00694399 0.54731643 -49.63214874 0.65098039 0.74117647 0.85882353
v -0.02812231 0.71271074 -49.61566925 0.65098039 0.74117647 0.85882353
v -0.02755760 0.70941055 -49.61496735 0.65098039 0.74117647 0.85882353
v -0.02890905 0.71621132 -49.61619568 0.65098039 0.74117647 0.85882353
v -0.02665910 0.70628411 -49.61914825 0.65098039 0.74117647 0.85882353
v -0.02684784 0.70738566 -49.61672211 0.65098039 0.74117647 0.85882353
v -0.02861298 0.70587456 -49.61708069 0.65098039 0.74117647 0.85882353
v -0.02803413 0.70483124 -49.61857986 0.65098039 0.74117647 0.85882353
v -0.02163549 0.69884300 -49.61239243 0.65098039 0.74117647 0.85882353
v -0.02064405 0.69778526 -49.61609650 0.65098039 0.74117647 0.85882353
v -0.02140917 0.69586420 -49.62025833 0.65098039 0.74117647 0.85882353
v -0.01762309 0.53059793 -49.68481445 0.65098039 0.74117647 0.85882353
v -0.01157699 0.53953016 -49.67719650 0.65098039 0.74117647 0.85882353
v -0.01536028 0.54898846 -49.69693756 0.65098039 0.74117647 0.85882353
v -0.02184793 0.54234004 -49.70512390 0.65098039 0.74117647 0.85882353
v -0.03977900 0.50923979 -49.69024658 0.65098039 0.74117647 0.85882353
v -0.04743648 0.52221972 -49.72034836 0.65098039 0.74117647 0.85882353
v -0.05979468 0.49787265 -49.70863724 0.65098039 0.74117647 0.85882353
v -0.04838920 0.49101937 -49.68790436 0.65098039 0.74117647 0.85882353
v -0.06712407 0.47709882 -49.70030975 0.65098039 0.74117647 0.85882353
v -0.05518186 0.47264749 -49.68364334 0.65098039 0.74117647 0.85882353
v -0.08292247 0.42363596 -49.68161774 0.65098039 0.74117647 0.85882353
v -0.07327409 0.42160952 -49.66773987 0.65098039 0.74117647 0.85882353
v -0.06714535 0.43808442 -49.67328644 0.65098039 0.74117647 0.85882353
v -0.07738374 0.44066083 -49.68746948 0.65098039 0.74117647 0.85882353
v -0.11075026 0.34230340 -49.68737793 0.65098039 0.74117647 0.85882353
v -0.10342957 0.32409030 -49.68735123 0.65098039 0.74117647 0.85882353
v -0.09887326 0.32646614 -49.67390060 0.65098039 0.74117647 0.85882353
v -0.10603455 0.34307772 -49.67598724 0.65098039 0.74117647 0.85882353
v -0.10227606 0.45115519 -49.76123810 0.65098039 0.74117647 0.85882353
v -0.09967075 0.47055131 -49.76807022 0.65098039 0.74117647 0.85882353
v -0.10092968 0.46018946 -49.77942276 0.65098039 0.74117647 0.85882353
v -0.10281131 0.44157457 -49.77158356 0.65098039 0.74117647 0.85882353
v -0.02687018 0.56798989 -49.75827789 0.65098039 0.74117647 0.85882353
v -0.03858760 0.54763800 -49.74150848 0.65098039 0.74117647 0.85882353
v -0.02594230 0.55000699 -49.73331451 0.65098039 0.74117647 0.85882353
v -0.01789420 0.56875336 -49.75029755 0.65098039 0.74117647 0.85882353
v -0.10889412 0.36755681 -49.74823380 0.65098039 0.74117647 0.85882353
v -0.11051798 0.35285789 -49.74129486 0.65098039 0.74117647 0.85882353
v -0.11360191 0.36123651 -49.73188782 0.65098039 0.74117647 0.85882353
v -0.11182176 0.37521583 -49.73721695 0.65098039 0.74117647 0.85882353
v -0.08376071 0.26902211 -49.73555374 0.65098039 0.74117647 0.85882353
v -0.08237752 0.24834995 -49.73819733 0.65098039 0.74117647 0.85882353
v -0.08095476 0.24361511 -49.71672821 0.65098039 0.74117647 0.85882353
v -0.08262397 0.26400119 -49.71512985 0.65098039 0.74117647 0.85882353
v -0.06917910 0.30837536 -49.80504608 0.65098039 0.74117647 0.85882353
v -0.05299587 0.31200981 -49.82646179 0.65098039 0.74117647 0.85882353
v -0.05121709 0.29463685 -49.82691956 0.65098039 0.74117647 0.85882353
v -0.06786042 0.28902596 -49.80647278 0.65098039 0.74117647 0.85882353
v -0.09650674 0.42514163 -49.70981598 0.65098039 0.74117647 0.85882353
v -0.09065498 0.42493618 -49.69578171 0.65098039 0.74117647 0.85882353
v -0.08588099 0.44165444 -49.70256042 0.65098039 0.74117647 0.85882353
v -0.09243324 0.44171745 -49.71738434 0.65098039 0.74117647 0.85882353
v -0.13039881 0.38252294 -49.91180420 0.65098039 0.74117647 0.85882353
v -0.12070166 0.36981964 -49.90417099 0.65098039 0.74117647 0.85882353
v -0.11653741 0.38522565 -49.88690948 0.65098039 0.74117647 0.85882353
v -0.12560938 0.39771754 -49.89448166 0.65098039 0.74117647 0.85882353
v -0.06640792 0.19410007 -49.80947876 0.65098039 0.74117647 0.85882353
v -0.05066255 0.20276771 -49.82740402 0.65098039 0.74117647 0.85882353
v -0.05373040 0.18550645 -49.82925415 0.65098039 0.74117647 0.85882353
v -0.06920750 0.17642395 -49.81011581 0.65098039 0.74117647 0.85882353
v -0.10768169 0.50093859 -49.83154297 0.65098039 0.74117647 0.85882353
v -0.10566209 0.51465380 -49.82033539 0.65098039 0.74117647 0.85882353
v -0.09752670 0.53430212 -49.83391953 0.65098039 0.74117647 0.85882353
v -0.10160111 0.51976335 -49.84540176 0.65098039 0.74117647 0.85882353
v -0.10470228 0.41442519 -49.75675201 0.65098039 0.74117647 0.85882353
v -0.10521290 0.42025208 -49.74636841 0.65098039 0.74117647 0.85882353
v -0.10378417 0.43485498 -49.75380325 0.65098039 0.74117647 0.85882353
v -0.10372035 0.42674714 -49.76378250 0.65098039 0.74117647 0.85882353
v -0.05620102 0.34497708 -49.83204651 0.65098039 0.74117647 0.85882353
v -0.07016028 0.34329349 -49.81470108 0.65098039 0.74117647 0.85882353
v -0.06737427 0.36020499 -49.82003021 0.65098039 0.74117647 0.85882353
v -0.05502920 0.36227143 -49.83620834 0.65098039 0.74117647 0.85882353
v -0.07085088 0.32544845 -49.81016922 0.65098039 0.74117647 0.85882353
v -0.05523430 0.32781959 -49.82927704 0.65098039 0.74117647 0.85882353
v -0.10390055 0.42354214 -49.73540497 0.65098039 0.74117647 0.85882353
v -0.10100763 0.42471403 -49.72297287 0.65098039 0.74117647 0.85882353
v -0.09772483 0.44130212 -49.73136139 0.65098039 0.74117647 0.85882353
v -0.10147557 0.44020218 -49.74334717 0.65098039 0.74117647 0.85882353
v -0.09349023 0.30919069 -49.68975449 0.65098039 0.74117647 0.85882353
v -0.08807477 0.31218505 -49.67297363 0.65098039 0.74117647 0.85882353
v -0.07873008 0.16682960 -49.78830719 0.65098039 0.74117647 0.85882353
v -0.08307709 0.15734087 -49.76539612 0.65098039 0.74117647 0.85882353
v -0.08216257 0.17629243 -49.76554489 0.65098039 0.74117647 0.85882353
v -0.07716574 0.18523075 -49.78823853 0.65098039 0.74117647 0.85882353
v -0.08013332 0.28039348 -49.69503403 0.65098039 0.74117647 0.85882353
v -0.08491823 0.29708868 -49.69234085 0.65098039 0.74117647 0.85882353
v -0.08904421 0.29812121 -49.70929337 0.65098039 0.74117647 0.85882353
v -0.08364592 0.28255522 -49.71327209 0.65098039 0.74117647 0.85882353
v -0.08237301 0.14843135 -49.74161148 0.65098039 0.74117647 0.85882353
v -0.07908635 0.14091988 -49.71686554 0.65098039 0.74117647 0.85882353
v -0.07822099 0.16082846 -49.71731567 0.65098039 0.74117647 0.85882353
v -0.08176686 0.16787393 -49.74153900 0.65098039 0.74117647 0.85882353
v -0.07235377 0.45826745 -49.69378281 0.65098039 0.74117647 0.85882353
v -0.06149152 0.45545650 -49.67831421 0.65098039 0.74117647 0.85882353
v -0.11463061 0.34507304 -49.71075058 0.65098039 0.74117647 0.85882353
v -0.10906531 0.32766008 -49.71302032 0.65098039 0.74117647 0.85882353
v -0.10701290 0.32490367 -49.70071411 0.65098039 0.74117647 0.85882353
v -0.11368030 0.34313834 -49.69944000 0.65098039 0.74117647 0.85882353
v -0.09010467 0.41715986 -49.79208755 0.65098039 0.74117647 0.85882353
v -0.09901004 0.42927164 -49.78215790 0.65098039 0.74117647 0.85882353
v -0.09858556 0.44655955 -49.79273224 0.65098039 0.74117647 0.85882353
v -0.08643717 0.42727345 -49.80083084 0.65098039 0.74117647 0.85882353
v -0.05644846 0.16776572 -49.83061218 0.65098039 0.74117647 0.85882353
v -0.07130490 0.15933220 -49.81100082 0.65098039 0.74117647 0.85882353
v -0.08244704 0.12984554 -49.74164581 0.65098039 0.74117647 0.85882353
v -0.07894368 0.12218033 -49.71669006 0.65098039 0.74117647 0.85882353
v -0.04064854 0.42796671 -49.85639954 0.65098039 0.74117647 0.85882353
v -0.04243135 0.42078835 -49.85131836 0.65098039 0.74117647 0.85882353
v -0.05281386 0.41878521 -49.84043503 0.65098039 0.74117647 0.85882353
v -0.05024986 0.42869258 -49.84571075 0.65098039 0.74117647 0.85882353
v -0.08088923 0.34232450 -49.64646912 0.65098039 0.74117647 0.85882353
v -0.09244010 0.35293317 -49.65605545 0.65098039 0.74117647 0.85882353
v -0.09504342 0.33587772 -49.66247940 0.65098039 0.74117647 0.85882353
v -0.08328915 0.32237667 -49.65693283 0.65098039 0.74117647 0.85882353
v -0.10026589 0.31323910 -49.71852875 0.65098039 0.74117647 0.85882353
v -0.09199832 0.30187690 -49.72505569 0.65098039 0.74117647 0.85882353
v -0.09777568 0.30999804 -49.70499039 0.65098039 0.74117647 0.85882353
v -0.06603399 0.33127135 -49.63872910 0.65098039 0.74117647 0.85882353
v -0.06769419 0.30646867 -49.65280533 0.65098039 0.74117647 0.85882353
v -0.05009049 0.45134676 -49.66408539 0.65098039 0.74117647 0.85882353
v -0.05610513 0.43487120 -49.65914917 0.65098039 0.74117647 0.85882353
v -0.04380473 0.46759093 -49.66801071 0.65098039 0.74117647 0.85882353
v -0.03268731 0.46220523 -49.65388107 0.65098039 0.74117647 0.85882353
v -0.02541202 0.47907484 -49.65531158 0.65098039 0.74117647 0.85882353
v -0.03643355 0.48429632 -49.67015839 0.65098039 0.74117647 0.85882353
v -0.01821940 0.49531043 -49.65404892 0.65098039 0.74117647 0.85882353
v -0.02889008 0.50093949 -49.66921997 0.65098039 0.74117647 0.85882353
v -0.01016084 0.52228922 -49.66592407 0.65098039 0.74117647 0.85882353
v -0.00546445 0.53224629 -49.65972137 0.65098039 0.74117647 0.85882353
v -0.10024737 0.41699684 -49.77408600 0.65098039 0.74117647 0.85882353
v -0.10125017 0.40611362 -49.76763535 0.65098039 0.74117647 0.85882353
v -0.08354928 0.13910179 -49.76569748 0.65098039 0.74117647 0.85882353
v 0.04409725 0.51775861 -49.83224869 0.65098039 0.74117647 0.85882353
v 0.05048151 0.50009859 -49.83803558 0.65098039 0.74117647 0.85882353
v 0.03579929 0.50466412 -49.84507370 0.65098039 0.74117647 0.85882353
v 0.02949696 0.52156049 -49.84008408 0.65098039 0.74117647 0.85882353
v -0.03632365 0.57056129 -49.76568222 0.65098039 0.74117647 0.85882353
v -0.05151992 0.55129236 -49.75092697 0.65098039 0.74117647 0.85882353
v -0.00371286 0.45263898 -49.87415314 0.65098039 0.74117647 0.85882353
v 0.00217173 0.44829345 -49.87167358 0.65098039 0.74117647 0.85882353
v -0.00305308 0.43658781 -49.87071609 0.65098039 0.74117647 0.85882353
v -0.00676462 0.44301486 -49.87245178 0.65098039 0.74117647 0.85882353
v -0.02477957 0.43249011 -49.86951447 0.65098039 0.74117647 0.85882353
v -0.02341415 0.42678964 -49.87582016 0.65098039 0.74117647 0.85882353
v -0.01935287 0.43249947 -49.88082886 0.65098039 0.74117647 0.85882353
v -0.02025015 0.43877357 -49.87342072 0.65098039 0.74117647 0.85882353
v -0.03461798 0.19262014 -49.84316254 0.65098039 0.74117647 0.85882353
v -0.03058964 0.20978616 -49.84068298 0.65098039 0.74117647 0.85882353
v 0.00745342 0.33738321 -49.85760117 0.65098039 0.74117647 0.85882353
v -0.01420950 0.32663709 -49.85237885 0.65098039 0.74117647 0.85882353
v -0.01900579 0.34335238 -49.85439682 0.65098039 0.74117647 0.85882353
v 0.00064635 0.35464936 -49.86064148 0.65098039 0.74117647 0.85882353
v 0.10589892 0.47743857 -49.77573395 0.65098039 0.74117647 0.85882353
v 0.10812271 0.46266854 -49.77995300 0.65098039 0.74117647 0.85882353
v 0.09753653 0.46898961 -49.79390335 0.65098039 0.74117647 0.85882353
v 0.09571208 0.48456800 -49.78973007 0.65098039 0.74117647 0.85882353
v 0.06943151 0.52056384 -49.81000900 0.65098039 0.74117647 0.85882353
v 0.06373697 0.53537607 -49.80412292 0.65098039 0.74117647 0.85882353
v 0.07901008 0.52356064 -49.79327774 0.65098039 0.74117647 0.85882353
v 0.08290020 0.50962090 -49.79892731 0.65098039 0.74117647 0.85882353
v 0.05973493 0.51177162 -49.82495117 0.65098039 0.74117647 0.85882353
v 0.06481390 0.49440825 -49.83064270 0.65098039 0.74117647 0.85882353
v -0.04093089 0.36739606 -49.84880447 0.65098039 0.74117647 0.85882353
v -0.04027395 0.35100114 -49.84595108 0.65098039 0.74117647 0.85882353
v -0.03825840 0.38895249 -49.85491180 0.65098039 0.74117647 0.85882353
v -0.05031158 0.38574040 -49.84343719 0.65098039 0.74117647 0.85882353
v -0.04849112 0.39408928 -49.84548569 0.65098039 0.74117647 0.85882353
v -0.03581034 0.39636075 -49.85677338 0.65098039 0.74117647 0.85882353
v -0.01085164 0.57176805 -49.74255753 0.65098039 0.74117647 0.85882353
v 0.00315381 0.58358604 -49.75749207 0.65098039 0.74117647 0.85882353
v -0.00401618 0.58069074 -49.76585007 0.65098039 0.74117647 0.85882353
v 0.05887948 0.56697440 -49.76831818 0.65098039 0.74117647 0.85882353
v 0.06362729 0.56173742 -49.77254105 0.65098039 0.74117647 0.85882353
v 0.05066546 0.56815916 -49.77774048 0.65098039 0.74117647 0.85882353
v 0.04849642 0.57169008 -49.77145767 0.65098039 0.74117647 0.85882353
v 0.09709400 0.39881915 -49.81361771 0.65098039 0.74117647 0.85882353
v 0.11011080 0.39582086 -49.79917526 0.65098039 0.74117647 0.85882353
v 0.10905500 0.37504590 -49.80206299 0.65098039 0.74117647 0.85882353
v 0.09398419 0.37649435 -49.81789017 0.65098039 0.74117647 0.85882353
v -0.02474439 0.40923023 -49.86306381 0.65098039 0.74117647 0.85882353
v -0.02460314 0.41663933 -49.86358643 0.65098039 0.74117647 0.85882353
v -0.01670616 0.42448729 -49.86796188 0.65098039 0.74117647 0.85882353
v -0.01601381 0.41682488 -49.86682510 0.65098039 0.74117647 0.85882353
v -0.01565478 0.40975308 -49.86643219 0.65098039 0.74117647 0.85882353
v -0.01447227 0.40195775 -49.86604309 0.65098039 0.74117647 0.85882353
v -0.02630121 0.39442843 -49.86197662 0.65098039 0.74117647 0.85882353
v -0.02601307 0.40268165 -49.86241531 0.65098039 0.74117647 0.85882353
v -0.00617831 0.36979890 -49.86196518 0.65098039 0.74117647 0.85882353
v -0.02396231 0.35998273 -49.85617828 0.65098039 0.74117647 0.85882353
v -0.02586114 0.37484002 -49.85755539 0.65098039 0.74117647 0.85882353
v -0.01026918 0.38375306 -49.86359787 0.65098039 0.74117647 0.85882353
v 0.10396065 0.30409276 -49.80115128 0.65098039 0.74117647 0.85882353
v 0.09177306 0.30384862 -49.81680298 0.65098039 0.74117647 0.85882353
v 0.09274894 0.32762873 -49.81753159 0.65098039 0.74117647 0.85882353
v 0.10603373 0.32736039 -49.80251694 0.65098039 0.74117647 0.85882353
v -0.07046226 0.42970228 -49.83379745 0.65098039 0.74117647 0.85882353
v -0.08046632 0.43081158 -49.82549286 0.65098039 0.74117647 0.85882353
v -0.07995149 0.42350447 -49.83313751 0.65098039 0.74117647 0.85882353
v -0.06791644 0.42067212 -49.84334564 0.65098039 0.74117647 0.85882353
v -0.01774678 0.44589239 -49.89846039 0.65098039 0.74117647 0.85882353
v -0.02134573 0.44177628 -49.90583420 0.65098039 0.74117647 0.85882353
v -0.02332619 0.44733030 -49.90839767 0.65098039 0.74117647 0.85882353
v -0.01921856 0.45227987 -49.90094757 0.65098039 0.74117647 0.85882353
v -0.05559863 0.40364897 -49.86379242 0.65098039 0.74117647 0.85882353
v -0.06723408 0.40795732 -49.85370255 0.65098039 0.74117647 0.85882353
v -0.06870772 0.39217579 -49.86550903 0.65098039 0.74117647 0.85882353
v -0.05572303 0.38796902 -49.87562943 0.65098039 0.74117647 0.85882353
v -0.02102164 0.57783329 -49.79137802 0.65098039 0.74117647 0.85882353
v -0.04414768 0.57271183 -49.77419662 0.65098039 0.74117647 0.85882353
v -0.01653499 0.57797354 -49.78279877 0.65098039 0.74117647 0.85882353
v -0.03664963 0.41252309 -49.87073898 0.65098039 0.74117647 0.85882353
v -0.03415175 0.40109378 -49.88032150 0.65098039 0.74117647 0.85882353
v -0.02608728 0.40443480 -49.88813782 0.65098039 0.74117647 0.85882353
v -0.02726577 0.41464531 -49.87765503 0.65098039 0.74117647 0.85882353
v -0.13347049 0.39592630 -49.92418671 0.65098039 0.74117647 0.85882353
v -0.12776653 0.41086435 -49.90682983 0.65098039 0.74117647 0.85882353
v -0.04753084 0.37173051 -49.89899063 0.65098039 0.74117647 0.85882353
v -0.03943212 0.37393522 -49.90980911 0.65098039 0.74117647 0.85882353
v -0.03423677 0.38732618 -49.89321518 0.65098039 0.74117647 0.85882353
v -0.04371031 0.38610041 -49.88459396 0.65098039 0.74117647 0.85882353
v 0.01281942 0.31918967 -49.85435104 0.65098039 0.74117647 0.85882353
v -0.00955222 0.30965883 -49.85038757 0.65098039 0.74117647 0.85882353
v 0.00977995 0.20138963 -49.85504150 0.65098039 0.74117647 0.85882353
v -0.01291489 0.19793670 -49.85180664 0.65098039 0.74117647 0.85882353
v -0.00838100 0.21581329 -49.84843063 0.65098039 0.74117647 0.85882353
v 0.01376294 0.22080751 -49.85092926 0.65098039 0.74117647 0.85882353
v -0.03722411 0.17435677 -49.84498215 0.65098039 0.74117647 0.85882353
v 0.00655600 0.18147497 -49.85695267 0.65098039 0.74117647 0.85882353
v -0.01590486 0.17868815 -49.85410309 0.65098039 0.74117647 0.85882353
v 0.00948001 0.58677220 -49.73407745 0.65098039 0.74117647 0.85882353
v 0.02393955 0.58924979 -49.74164200 0.65098039 0.74117647 0.85882353
v 0.02563731 0.58654106 -49.75315857 0.65098039 0.74117647 0.85882353
v 0.00776255 0.58605242 -49.74707413 0.65098039 0.74117647 0.85882353
v -0.05675018 0.05698451 -49.86538696 0.65098039 0.74117647 0.85882353
v -0.05588397 0.02603135 -49.86817169 0.65098039 0.74117647 0.85882353
v -0.07899497 0.02234395 -49.84777069 0.65098039 0.74117647 0.85882353
v -0.07795306 0.05291326 -49.84480667 0.65098039 0.74117647 0.85882353
v 0.05883594 0.57545459 -49.74901962 0.65098039 0.74117647 0.85882353
v 0.04265434 0.58196586 -49.75318146 0.65098039 0.74117647 0.85882353
v 0.03892476 0.58656955 -49.74248123 0.65098039 0.74117647 0.85882353
v 0.05201626 0.58129740 -49.73876572 0.65098039 0.74117647 0.85882353
v -0.07505624 0.07891102 -49.84185410 0.65098039 0.74117647 0.85882353
v -0.05482085 0.08580111 -49.86215973 0.65098039 0.74117647 0.85882353
v -0.00231729 0.57586324 -49.72013474 0.65098039 0.74117647 0.85882353
v -0.00584786 0.57383311 -49.73294449 0.65098039 0.74117647 0.85882353
v -0.01310824 0.56043804 -49.71578217 0.65098039 0.74117647 0.85882353
v -0.00879735 0.56461692 -49.70337677 0.65098039 0.74117647 0.85882353
v -0.01063284 0.55588186 -49.68518829 0.65098039 0.74117647 0.85882353
v -0.09662163 0.01556648 -49.82492065 0.65098039 0.74117647 0.85882353
v -0.09289435 0.04270409 -49.82226944 0.65098039 0.74117647 0.85882353
v 0.02097058 0.59253120 -49.72804260 0.65098039 0.74117647 0.85882353
v 0.03445762 0.59090221 -49.73042679 0.65098039 0.74117647 0.85882353
v 0.04659232 0.58826172 -49.72860718 0.65098039 0.74117647 0.85882353
v 0.05717991 0.58683425 -49.72428513 0.65098039 0.74117647 0.85882353
v -0.04006235 0.15674494 -49.84750748 0.65098039 0.74117647 0.85882353
v -0.05924267 0.15037964 -49.83223343 0.65098039 0.74117647 0.85882353
v 0.02393046 -0.08493714 -49.88488770 0.65098039 0.74117647 0.85882353
v 0.05162477 -0.08769576 -49.87747574 0.65098039 0.74117647 0.85882353
v 0.04455484 -0.10740240 -49.86527252 0.65098039 0.74117647 0.85882353
v 0.01365604 -0.10542391 -49.87557602 0.65098039 0.74117647 0.85882353
v 0.10798521 -0.07593341 -49.84077835 0.65098039 0.74117647 0.85882353
v 0.09991702 -0.09152125 -49.82579041 0.65098039 0.74117647 0.85882353
v 0.07465108 -0.10109319 -49.84803772 0.65098039 0.74117647 0.85882353
v 0.07999958 -0.08497401 -49.86242676 0.65098039 0.74117647 0.85882353
v 0.12029317 0.05306159 -49.86158371 0.65098039 0.74117647 0.85882353
v 0.09537680 0.05404040 -49.87870407 0.65098039 0.74117647 0.85882353
v 0.09138805 0.07650338 -49.87147903 0.65098039 0.74117647 0.85882353
v 0.11606225 0.07575893 -49.85555649 0.65098039 0.74117647 0.85882353
v 0.00418414 0.16258447 -49.86120987 0.65098039 0.74117647 0.85882353
v -0.01853475 0.16051544 -49.85800552 0.65098039 0.74117647 0.85882353
v -0.07325730 0.14216475 -49.81171799 0.65098039 0.74117647 0.85882353
v -0.11641683 -0.11445601 -49.80752945 0.65098039 0.74117647 0.85882353
v -0.09530440 -0.11298840 -49.84074402 0.65098039 0.74117647 0.85882353
v -0.09251025 -0.14618568 -49.83703232 0.65098039 0.74117647 0.85882353
v -0.11496250 -0.14796625 -49.80629730 0.65098039 0.74117647 0.85882353
v -0.02797595 -0.15014906 -49.86364365 0.65098039 0.74117647 0.85882353
v -0.02628583 -0.12231480 -49.87116623 0.65098039 0.74117647 0.85882353
v 0.00915717 -0.12899308 -49.86623764 0.65098039 0.74117647 0.85882353
v 0.00662992 -0.15240045 -49.85801315 0.65098039 0.74117647 0.85882353
v -0.07396971 0.11501966 -49.69234467 0.65098039 0.74117647 0.85882353
v -0.07828453 0.10473268 -49.71662903 0.65098039 0.74117647 0.85882353
v -0.07219779 0.09690623 -49.69279861 0.65098039 0.74117647 0.85882353
v -0.04177669 0.10145460 -49.63537979 0.65098039 0.74117647 0.85882353
v -0.05658618 0.10474651 -49.65246201 0.65098039 0.74117647 0.85882353
v -0.05232577 0.08660744 -49.65193939 0.65098039 0.74117647 0.85882353
v -0.03810657 0.08337389 -49.63561630 0.65098039 0.74117647 0.85882353
v -0.02708998 -0.01546092 -49.65504456 0.65098039 0.74117647 0.85882353
v -0.01623186 -0.01530708 -49.64492416 0.65098039 0.74117647 0.85882353
v -0.01967395 0.00516386 -49.64350510 0.65098039 0.74117647 0.85882353
v -0.03190971 0.00551598 -49.65590286 0.65098039 0.74117647 0.85882353
v -0.10081904 0.03246108 -49.79640961 0.65098039 0.74117647 0.85882353
v -0.10037531 0.02311312 -49.76822662 0.65098039 0.74117647 0.85882353
v -0.09565502 0.04580799 -49.76923370 0.65098039 0.74117647 0.85882353
v -0.09596322 0.05656832 -49.79617310 0.65098039 0.74117647 0.85882353
v 0.09168569 -0.10149072 -49.80800247 0.65098039 0.74117647 0.85882353
v 0.07121871 -0.11549889 -49.83095551 0.65098039 0.74117647 0.85882353
v -0.12693474 -0.14939149 -49.76941681 0.65098039 0.74117647 0.85882353
v -0.12479806 -0.11450212 -49.77038956 0.65098039 0.74117647 0.85882353
v -0.12242995 -0.14857434 -49.73138809 0.65098039 0.74117647 0.85882353
v -0.10016726 -0.14608140 -49.70286179 0.65098039 0.74117647 0.85882353
v -0.09915106 -0.11467923 -49.70560455 0.65098039 0.74117647 0.85882353
v -0.11971729 -0.11573707 -49.73404312 0.65098039 0.74117647 0.85882353
v 0.00762577 -0.09337430 -49.67974091 0.65098039 0.74117647 0.85882353
v -0.01438037 -0.07290019 -49.66859436 0.65098039 0.74117647 0.85882353
v -0.01713587 -0.08052276 -49.67765427 0.65098039 0.74117647 0.85882353
v 0.00886725 -0.09519641 -49.68647766 0.65098039 0.74117647 0.85882353
v 0.12031381 -0.03784482 -49.85919571 0.65098039 0.74117647 0.85882353
v 0.11555898 -0.05676003 -49.85177612 0.65098039 0.74117647 0.85882353
v 0.08895607 -0.06506471 -49.87277603 0.65098039 0.74117647 0.85882353
v 0.09514300 -0.04214866 -49.87930298 0.65098039 0.74117647 0.85882353
v 0.02872299 0.18224810 -49.85440063 0.65098039 0.74117647 0.85882353
v 0.02679598 0.16199784 -49.85927582 0.65098039 0.74117647 0.85882353
v 0.04887200 0.18210410 -49.84823227 0.65098039 0.74117647 0.85882353
v 0.03153449 0.20355175 -49.85289764 0.65098039 0.74117647 0.85882353
v 0.05135138 0.20465170 -49.84574127 0.65098039 0.74117647 0.85882353
v 0.05555956 0.33987963 -49.84515762 0.65098039 0.74117647 0.85882353
v 0.03466866 0.32922256 -49.85261154 0.65098039 0.74117647 0.85882353
v 0.02985218 0.34755802 -49.85663223 0.65098039 0.74117647 0.85882353
v 0.05095228 0.36009204 -49.84994507 0.65098039 0.74117647 0.85882353
v 0.08785929 0.47748107 -49.80821991 0.65098039 0.74117647 0.85882353
v 0.08565527 0.49381495 -49.80371857 0.65098039 0.74117647 0.85882353
v 0.04114852 -0.14776187 -49.84209442 0.65098039 0.74117647 0.85882353
v 0.06890373 -0.13367386 -49.81069183 0.65098039 0.74117647 0.85882353
v 0.05464098 -0.17043947 -49.81279755 0.65098039 0.74117647 0.85882353
v 0.03020487 -0.17569618 -49.83778381 0.65098039 0.74117647 0.85882353
v -0.02892426 -0.17881258 -49.85705566 0.65098039 0.74117647 0.85882353
v -0.06002522 -0.17846094 -49.85094452 0.65098039 0.74117647 0.85882353
v -0.06198878 -0.14653431 -49.85770035 0.65098039 0.74117647 0.85882353
v -0.09088911 -0.17977218 -49.83164597 0.65098039 0.74117647 0.85882353
v -0.11565681 -0.18184642 -49.80141068 0.65098039 0.74117647 0.85882353
v -0.12329724 -0.18150596 -49.72758102 0.65098039 0.74117647 0.85882353
v -0.09964029 -0.17921685 -49.70019531 0.65098039 0.74117647 0.85882353
v -0.00494792 -0.14632912 -49.68772507 0.65098039 0.74117647 0.85882353
v -0.03528302 -0.14702959 -49.68412781 0.65098039 0.74117647 0.85882353
v -0.03399125 -0.17364387 -49.68582916 0.65098039 0.74117647 0.85882353
v -0.00285077 -0.17214720 -49.69173813 0.65098039 0.74117647 0.85882353
v -0.05625658 -0.02108948 -49.68551636 0.65098039 0.74117647 0.85882353
v -0.07728624 -0.00177886 -49.71440125 0.65098039 0.74117647 0.85882353
v -0.08091174 -0.02148698 -49.71598053 0.65098039 0.74117647 0.85882353
v -0.06077415 -0.03822322 -49.69492722 0.65098039 0.74117647 0.85882353
v -0.04715234 0.12044196 -49.63790131 0.65098039 0.74117647 0.85882353
v -0.05921677 0.12411945 -49.65223312 0.65098039 0.74117647 0.85882353
v -0.06630316 0.10919712 -49.67018890 0.65098039 0.74117647 0.85882353
v -0.06826714 0.12855588 -49.66993713 0.65098039 0.74117647 0.85882353
v -0.07459648 0.13421051 -49.69216919 0.65098039 0.74117647 0.85882353
v -0.06345691 0.21075584 -49.64937973 0.65098039 0.74117647 0.85882353
v -0.07269694 0.21362625 -49.67133331 0.65098039 0.74117647 0.85882353
v -0.07075289 0.19179983 -49.66956711 0.65098039 0.74117647 0.85882353
v -0.06109171 0.18860875 -49.64805984 0.65098039 0.74117647 0.85882353
v -0.06399846 0.23436056 -49.65230942 0.65098039 0.74117647 0.85882353
v -0.07339966 0.23741965 -49.67353058 0.65098039 0.74117647 0.85882353
v -0.06263573 0.28253567 -49.65695572 0.65098039 0.74117647 0.85882353
v -0.07791854 0.29863954 -49.67378235 0.65098039 0.74117647 0.85882353
v -0.07347934 0.28030717 -49.67595673 0.65098039 0.74117647 0.85882353
v -0.03901825 0.44599760 -49.65091324 0.65098039 0.74117647 0.85882353
v -0.04494989 0.43010998 -49.64676666 0.65098039 0.74117647 0.85882353
v -0.10725711 0.00612159 -49.79700470 0.65098039 0.74117647 0.85882353
v 0.07145432 -0.13685258 -49.77294159 0.65098039 0.74117647 0.85882353
v 0.06033745 -0.14119975 -49.74408722 0.65098039 0.74117647 0.85882353
v 0.05889620 -0.16933720 -49.75076675 0.65098039 0.74117647 0.85882353
v 0.06454561 -0.16896559 -49.78100967 0.65098039 0.74117647 0.85882353
v -0.08835657 0.06835191 -49.82012558 0.65098039 0.74117647 0.85882353
v -0.08025175 0.14935176 -49.78849792 0.65098039 0.74117647 0.85882353
v -0.08099793 0.13224988 -49.78886414 0.65098039 0.74117647 0.85882353
v -0.08382961 0.30761266 -49.77711868 0.65098039 0.74117647 0.85882353
v -0.07872261 0.28430760 -49.78177643 0.65098039 0.74117647 0.85882353
v -0.10059185 0.35959762 -49.66644669 0.65098039 0.74117647 0.85882353
v -0.10160838 0.34644908 -49.66817856 0.65098039 0.74117647 0.85882353
v -0.06295322 -0.11518960 -49.86407471 0.65098039 0.74117647 0.85882353
v -0.12181306 -0.21403895 -49.72447205 0.65098039 0.74117647 0.85882353
v -0.11869296 -0.24607645 -49.72090149 0.65098039 0.74117647 0.85882353
v -0.09572390 -0.24390270 -49.69623947 0.65098039 0.74117647 0.85882353
v -0.09803434 -0.21143465 -49.69783783 0.65098039 0.74117647 0.85882353
v 0.02043024 -0.20134731 -49.71172333 0.65098039 0.74117647 0.85882353
v -0.00337778 -0.20133515 -49.69660950 0.65098039 0.74117647 0.85882353
v -0.00489710 -0.23215424 -49.70173645 0.65098039 0.74117647 0.85882353
v 0.01690736 -0.23231001 -49.71781540 0.65098039 0.74117647 0.85882353
v 0.01155384 -0.26337564 -49.72162247 0.65098039 0.74117647 0.85882353
v -0.00869967 -0.26449895 -49.70448685 0.65098039 0.74117647 0.85882353
v -0.00857065 -0.29589444 -49.70630646 0.65098039 0.74117647 0.85882353
v 0.00889003 -0.29360104 -49.72423935 0.65098039 0.74117647 0.85882353
v -0.12849759 -0.18357120 -49.76431656 0.65098039 0.74117647 0.85882353
v -0.11600390 -0.24562745 -49.78748703 0.65098039 0.74117647 0.85882353
v -0.12698454 -0.24716733 -49.75474930 0.65098039 0.74117647 0.85882353
v -0.12785347 -0.21614431 -49.75920105 0.65098039 0.74117647 0.85882353
v -0.11590572 -0.21431299 -49.79408264 0.65098039 0.74117647 0.85882353
v 0.00087510 -0.17969970 -49.85280609 0.65098039 0.74117647 0.85882353
v 0.02241099 -0.17181443 -49.70486450 0.65098039 0.74117647 0.85882353
v 0.02086000 -0.14683659 -49.69897842 0.65098039 0.74117647 0.85882353
v 0.04138229 -0.23406921 -49.76083755 0.65098039 0.74117647 0.85882353
v 0.04286334 -0.23525210 -49.78714371 0.65098039 0.74117647 0.85882353
v 0.05381380 -0.20256065 -49.78543472 0.65098039 0.74117647 0.85882353
v 0.05105773 -0.20177995 -49.75659180 0.65098039 0.74117647 0.85882353
v -0.03999913 -0.23798876 -49.84476089 0.65098039 0.74117647 0.85882353
v -0.06751993 -0.23866729 -49.83478165 0.65098039 0.74117647 0.85882353
v -0.06418739 -0.20914422 -49.84267807 0.65098039 0.74117647 0.85882353
v -0.03452455 -0.20915894 -49.85094070 0.65098039 0.74117647 0.85882353
v -0.09253748 -0.21106769 -49.82264709 0.65098039 0.74117647 0.85882353
v -0.09374310 -0.24175839 -49.81466675 0.65098039 0.74117647 0.85882353
v -0.11639649 -0.30593705 -49.77404404 0.65098039 0.74117647 0.85882353
v -0.12190820 -0.30836093 -49.74272156 0.65098039 0.74117647 0.85882353
v -0.12511228 -0.27757478 -49.74924850 0.65098039 0.74117647 0.85882353
v -0.11617568 -0.27596909 -49.78073883 0.65098039 0.74117647 0.85882353
v -0.09783700 -0.30084485 -49.80064392 0.65098039 0.74117647 0.85882353
v -0.09576307 -0.27134907 -49.80718613 0.65098039 0.74117647 0.85882353
v -0.07120071 -0.26770878 -49.82742310 0.65098039 0.74117647 0.85882353
v -0.07554679 -0.29595184 -49.82042694 0.65098039 0.74117647 0.85882353
v -0.05107755 -0.29251999 -49.82948685 0.65098039 0.74117647 0.85882353
v -0.04561458 -0.26520926 -49.83754730 0.65098039 0.74117647 0.85882353
v -0.01925138 -0.26467848 -49.83725357 0.65098039 0.74117647 0.85882353
v -0.02689857 -0.29077524 -49.83026886 0.65098039 0.74117647 0.85882353
v 0.00437308 -0.26435661 -49.82725906 0.65098039 0.74117647 0.85882353
v 0.02201372 -0.26376450 -49.80942154 0.65098039 0.74117647 0.85882353
v 0.01087655 -0.29021233 -49.80665970 0.65098039 0.74117647 0.85882353
v -0.00543757 -0.29059410 -49.82213974 0.65098039 0.74117647 0.85882353
v 0.02543365 -0.29152489 -49.76561356 0.65098039 0.74117647 0.85882353
v 0.02243918 -0.29075193 -49.78734589 0.65098039 0.74117647 0.85882353
v 0.03267710 -0.26410013 -49.78719711 0.65098039 0.74117647 0.85882353
v 0.03271462 -0.26416916 -49.76371002 0.65098039 0.74117647 0.85882353
v 0.00401262 -0.38918072 -49.77668381 0.65098039 0.74117647 0.85882353
v -0.00698695 -0.38621897 -49.79051590 0.65098039 0.74117647 0.85882353
v -0.00122720 -0.36356950 -49.78827667 0.65098039 0.74117647 0.85882353
v 0.01002640 -0.36616737 -49.77296829 0.65098039 0.74117647 0.85882353
v -0.01777725 -0.38362706 -49.80452728 0.65098039 0.74117647 0.85882353
v -0.03290972 -0.38253570 -49.81481552 0.65098039 0.74117647 0.85882353
v -0.02900138 -0.36125308 -49.81142426 0.65098039 0.74117647 0.85882353
v -0.01370067 -0.36152792 -49.80133820 0.65098039 0.74117647 0.85882353
v -0.06676339 -0.36677772 -49.81441116 0.65098039 0.74117647 0.85882353
v -0.04684445 -0.36295009 -49.81636429 0.65098039 0.74117647 0.85882353
v -0.05035219 -0.38457996 -49.81901550 0.65098039 0.74117647 0.85882353
v -0.06931256 -0.38936883 -49.81673050 0.65098039 0.74117647 0.85882353
v -0.08899353 -0.39600086 -49.80918121 0.65098039 0.74117647 0.85882353
v -0.08860959 -0.37230605 -49.80811691 0.65098039 0.74117647 0.85882353
v -0.10210355 -0.40551972 -49.79024506 0.65098039 0.74117647 0.85882353
v -0.10507627 -0.38068336 -49.79021454 0.65098039 0.74117647 0.85882353
v -0.11227597 -0.38942641 -49.76262665 0.65098039 0.74117647 0.85882353
v -0.10860755 -0.41547710 -49.76316452 0.65098039 0.74117647 0.85882353
v -0.00396051 -0.37917536 -49.72177505 0.65098039 0.74117647 0.85882353
v -0.00305901 -0.40354621 -49.72923279 0.65098039 0.74117647 0.85882353
v 0.00780769 -0.39713460 -49.74457932 0.65098039 0.74117647 0.85882353
v 0.00871340 -0.37367380 -49.73670578 0.65098039 0.74117647 0.85882353
v -0.04767330 -0.38973808 -49.70286942 0.65098039 0.74117647 0.85882353
v -0.07529032 -0.39450902 -49.69501877 0.65098039 0.74117647 0.85882353
v -0.06752650 -0.41985768 -49.70461655 0.65098039 0.74117647 0.85882353
v -0.04228117 -0.41538709 -49.71258545 0.65098039 0.74117647 0.85882353
v -0.10009843 -0.32830894 -49.79524231 0.65098039 0.74117647 0.85882353
v -0.11547261 -0.33512127 -49.76850510 0.65098039 0.74117647 0.85882353
v -0.05655099 -0.31825006 -49.82212448 0.65098039 0.74117647 0.85882353
v -0.08005367 -0.32254970 -49.81411743 0.65098039 0.74117647 0.85882353
v 0.01965070 -0.31711310 -49.76751709 0.65098039 0.74117647 0.85882353
v 0.01363657 -0.31579524 -49.78724289 0.65098039 0.74117647 0.85882353
v -0.00830303 -0.32530081 -49.70935059 0.65098039 0.74117647 0.85882353
v 0.00784874 -0.32184654 -49.72633362 0.65098039 0.74117647 0.85882353
v -0.10775357 -0.36969715 -49.70515442 0.65098039 0.74117647 0.85882353
v -0.10861473 -0.33918047 -49.70850372 0.65098039 0.74117647 0.85882353
v -0.11987989 -0.33828998 -49.73667145 0.65098039 0.74117647 0.85882353
v -0.11948998 -0.36774451 -49.73216629 0.65098039 0.74117647 0.85882353
v -0.10397802 -0.35500091 -49.79197311 0.65098039 0.74117647 0.85882353
v -0.08443998 -0.34756511 -49.80992889 0.65098039 0.74117647 0.85882353
v -0.06231499 -0.34299868 -49.81663895 0.65098039 0.74117647 0.85882353
v -0.04117254 -0.33980429 -49.81856918 0.65098039 0.74117647 0.85882353
v -0.02277415 -0.33884019 -49.81298828 0.65098039 0.74117647 0.85882353
v -0.00772890 -0.33891702 -49.80144882 0.65098039 0.74117647 0.85882353
v 0.00535904 -0.33997577 -49.78751755 0.65098039 0.74117647 0.85882353
v 0.01442378 -0.34219199 -49.76990128 0.65098039 0.74117647 0.85882353
v 0.00815435 -0.34855402 -49.73100662 0.65098039 0.74117647 0.85882353
v -0.00662497 -0.35361117 -49.71533203 0.65098039 0.74117647 0.85882353
v -0.09399839 -0.42294496 -49.71243668 0.65098039 0.74117647 0.85882353
v -0.10339293 -0.39885885 -49.70526505 0.65098039 0.74117647 0.85882353
v -0.11653951 -0.39684588 -49.73263931 0.65098039 0.74117647 0.85882353
v -0.10959059 -0.42287368 -49.73621368 0.65098039 0.74117647 0.85882353
v -0.08301729 -0.44386327 -49.72425461 0.65098039 0.74117647 0.85882353
v -0.06128140 -0.44041210 -49.71832275 0.65098039 0.74117647 0.85882353
v -0.01796225 -0.40177977 -49.81119156 0.65098039 0.74117647 0.85882353
v -0.03292370 -0.40169698 -49.82098007 0.65098039 0.74117647 0.85882353
v -0.05012349 -0.40436929 -49.82559204 0.65098039 0.74117647 0.85882353
v -0.08725999 -0.41922200 -49.81425095 0.65098039 0.74117647 0.85882353
v -0.09801452 -0.43128002 -49.79241180 0.65098039 0.74117647 0.85882353
v -0.10219787 -0.44174796 -49.76521683 0.65098039 0.74117647 0.85882353
v -0.09918196 -0.44365466 -49.74122238 0.65098039 0.74117647 0.85882353
v 0.00772996 -0.43940580 -49.76262665 0.65098039 0.74117647 0.85882353
v 0.00496398 -0.41772628 -49.75233459 0.65098039 0.74117647 0.85882353
v -0.00448195 -0.42463404 -49.73876572 0.65098039 0.74117647 0.85882353
v -0.00202575 -0.44717336 -49.74930191 0.65098039 0.74117647 0.85882353
v 0.00861266 -0.42741221 -49.79419708 0.65098039 0.74117647 0.85882353
v 0.00179060 -0.42245513 -49.81092072 0.65098039 0.74117647 0.85882353
v -0.00732000 -0.40473336 -49.79677200 0.65098039 0.74117647 0.85882353
v 0.00028984 -0.40843689 -49.78171921 0.65098039 0.74117647 0.85882353
v -0.01175925 -0.42020202 -49.82571793 0.65098039 0.74117647 0.85882353
v -0.02836598 -0.42119414 -49.83489990 0.65098039 0.74117647 0.85882353
v -0.04658820 -0.42438805 -49.83897400 0.65098039 0.74117647 0.85882353
v -0.08298038 -0.44483471 -49.82215500 0.65098039 0.74117647 0.85882353
v -0.06991147 -0.40944558 -49.82433701 0.65098039 0.74117647 0.85882353
v -0.06651124 -0.43269032 -49.83570099 0.65098039 0.74117647 0.85882353
v -0.09357446 -0.45987236 -49.79637146 0.65098039 0.74117647 0.85882353
v -0.07815848 -0.49904239 -49.77644348 0.65098039 0.74117647 0.85882353
v -0.08852623 -0.47078353 -49.76559830 0.65098039 0.74117647 0.85882353
v -0.08691023 -0.48912412 -49.80549622 0.65098039 0.74117647 0.85882353
v -0.01852499 -0.58447790 -49.79696274 0.65098039 0.74117647 0.85882353
v -0.03960289 -0.58520997 -49.81303406 0.65098039 0.74117647 0.85882353
v -0.02162179 -0.61423200 -49.82476044 0.65098039 0.74117647 0.85882353
v -0.00316159 -0.61390531 -49.81122971 0.65098039 0.74117647 0.85882353
v 0.00664815 -0.47100627 -49.76049805 0.65098039 0.74117647 0.85882353
v 0.01918483 -0.46229786 -49.77429199 0.65098039 0.74117647 0.85882353
v 0.02182867 -0.44829261 -49.80849838 0.65098039 0.74117647 0.85882353
v 0.01295829 -0.44315314 -49.82674026 0.65098039 0.74117647 0.85882353
v -0.06785066 -0.50023127 -49.84611893 0.65098039 0.74117647 0.85882353
v -0.07800479 -0.47273999 -49.83244705 0.65098039 0.74117647 0.85882353
v -0.06104924 -0.45895928 -49.84846878 0.65098039 0.74117647 0.85882353
v -0.05109251 -0.48585951 -49.86230087 0.65098039 0.74117647 0.85882353
v 0.04674062 -0.55463439 -49.79462051 0.65098039 0.74117647 0.85882353
v 0.05848348 -0.54626399 -49.80863571 0.65098039 0.74117647 0.85882353
v 0.04751272 -0.51571578 -49.79644394 0.65098039 0.74117647 0.85882353
v 0.03488472 -0.52512813 -49.78165436 0.65098039 0.74117647 0.85882353
v 0.02754511 -0.46813053 -49.83893204 0.65098039 0.74117647 0.85882353
v 0.03621788 -0.47351176 -49.82026291 0.65098039 0.74117647 0.85882353
v 0.04898463 -0.50164413 -49.83211899 0.65098039 0.74117647 0.85882353
v 0.04008365 -0.49716121 -49.85049438 0.65098039 0.74117647 0.85882353
v -0.03864992 -0.56177819 -49.86503983 0.65098039 0.74117647 0.85882353
v -0.05456038 -0.52987731 -49.85712051 0.65098039 0.74117647 0.85882353
v -0.03887886 -0.51600367 -49.87380600 0.65098039 0.74117647 0.85882353
v -0.02420811 -0.54919517 -49.88152695 0.65098039 0.74117647 0.85882353
v -0.06817639 -0.52715153 -49.78883362 0.65098039 0.74117647 0.85882353
v -0.07655327 -0.51658893 -49.81871033 0.65098039 0.74117647 0.85882353
v -0.06291701 -0.54492712 -49.83005905 0.65098039 0.74117647 0.85882353
v -0.05562483 -0.55591005 -49.80200958 0.65098039 0.74117647 0.85882353
v -0.04523124 -0.52585810 -49.77105713 0.65098039 0.74117647 0.85882353
v -0.03294280 -0.55431926 -49.78389740 0.65098039 0.74117647 0.85882353
v 0.07173446 -0.61442602 -49.83591461 0.65098039 0.74117647 0.85882353
v 0.06543566 -0.57948351 -49.82200623 0.65098039 0.74117647 0.85882353
v 0.05522762 -0.58822477 -49.81024170 0.65098039 0.74117647 0.85882353
v 0.06366472 -0.62328202 -49.82575226 0.65098039 0.74117647 0.85882353
v 0.04938568 -0.53010160 -49.86042023 0.65098039 0.74117647 0.85882353
v 0.05879937 -0.53356451 -49.84274292 0.65098039 0.74117647 0.85882353
v 0.06589375 -0.56898862 -49.85230255 0.65098039 0.74117647 0.85882353
v 0.05725810 -0.56604499 -49.86801147 0.65098039 0.74117647 0.85882353
v -0.00261156 -0.62994051 -49.87933731 0.65098039 0.74117647 0.85882353
v -0.02118661 -0.59524643 -49.87265778 0.65098039 0.74117647 0.85882353
v -0.00721584 -0.58434546 -49.88755798 0.65098039 0.74117647 0.85882353
v 0.01101892 -0.61944634 -49.89269257 0.65098039 0.74117647 0.85882353
v -0.00274651 -0.64592087 -49.83801270 0.65098039 0.74117647 0.85882353
v -0.02912456 -0.60711437 -49.84890366 0.65098039 0.74117647 0.85882353
v -0.00967492 -0.64020944 -49.85969543 0.65098039 0.74117647 0.85882353
v 0.01485696 -0.67822546 -49.84789276 0.65098039 0.74117647 0.85882353
v 0.02809519 -0.67824632 -49.83740234 0.65098039 0.74117647 0.85882353
v 0.01334743 -0.64558256 -49.82557678 0.65098039 0.74117647 0.85882353
v 0.07126631 -0.65634948 -49.84019089 0.65098039 0.74117647 0.85882353
v 0.07981896 -0.64871782 -49.84823227 0.65098039 0.74117647 0.85882353
v 0.08239214 -0.63966125 -49.86882782 0.65098039 0.74117647 0.85882353
v 0.07620861 -0.63590688 -49.88165283 0.65098039 0.74117647 0.85882353
v 0.06583820 -0.60152513 -49.87501144 0.65098039 0.74117647 0.85882353
v 0.07306144 -0.60484058 -49.86119843 0.65098039 0.74117647 0.85882353
v 0.04036751 -0.60669225 -49.89620972 0.65098039 0.74117647 0.85882353
v 0.05426829 -0.60230130 -49.88746643 0.65098039 0.74117647 0.85882353
v 0.06576091 -0.63649076 -49.89306641 0.65098039 0.74117647 0.85882353
v 0.05311438 -0.64085954 -49.90038681 0.65098039 0.74117647 0.85882353
v 0.02795705 -0.65213192 -49.89580536 0.65098039 0.74117647 0.85882353
v 0.02548833 -0.61187267 -49.89825821 0.65098039 0.74117647 0.85882353
v 0.04058728 -0.64536262 -49.90111160 0.65098039 0.74117647 0.85882353
v 0.01470856 -0.66135949 -49.88463211 0.65098039 0.74117647 0.85882353
v 0.00800800 -0.67244357 -49.86686707 0.65098039 0.74117647 0.85882353
v 0.06941521 -0.10764198 -49.75062943 0.65098039 0.74117647 0.85882353
v 0.05188933 -0.11230828 -49.72726059 0.65098039 0.74117647 0.85882353
v 0.05623121 -0.12186749 -49.73679733 0.65098039 0.74117647 0.85882353
v 0.07161908 -0.11340229 -49.76327515 0.65098039 0.74117647 0.85882353
v -0.03428763 -0.23623334 -49.68950272 0.65098039 0.74117647 0.85882353
v -0.03396341 -0.20357718 -49.68779373 0.65098039 0.74117647 0.85882353
v -0.03320593 -0.29954445 -49.69237900 0.65098039 0.74117647 0.85882353
v -0.03547262 -0.26899385 -49.69053650 0.65098039 0.74117647 0.85882353
v -0.03110895 -0.32983071 -49.69648743 0.65098039 0.74117647 0.85882353
v -0.02787459 -0.35858756 -49.70302963 0.65098039 0.74117647 0.85882353
v -0.02299095 -0.38532490 -49.71087265 0.65098039 0.74117647 0.85882353
v -0.02053632 -0.41055381 -49.71920395 0.65098039 0.74117647 0.85882353
v -0.02043632 -0.43267614 -49.72915649 0.65098039 0.74117647 0.85882353
v -0.01791300 -0.45640761 -49.73973465 0.65098039 0.74117647 0.85882353
v 0.00045587 -0.50707942 -49.76187897 0.65098039 0.74117647 0.85882353
v 0.02054957 -0.49709374 -49.77114868 0.65098039 0.74117647 0.85882353
v -0.01118313 -0.48114729 -49.75152969 0.65098039 0.74117647 0.85882353
v 0.02675915 -0.56625682 -49.78564453 0.65098039 0.74117647 0.85882353
v 0.01374310 -0.53540897 -49.77242279 0.65098039 0.74117647 0.85882353
v 0.03893241 -0.59928656 -49.80231476 0.65098039 0.74117647 0.85882353
v 0.04945736 -0.63332283 -49.81932449 0.65098039 0.74117647 0.85882353
v 0.05797511 -0.66545159 -49.83433151 0.65098039 0.74117647 0.85882353
v -0.06914113 -0.09146492 -49.69146347 0.65098039 0.74117647 0.85882353
v -0.03957197 -0.10013451 -49.68393707 0.65098039 0.74117647 0.85882353
v -0.04142335 -0.08399864 -49.68392181 0.65098039 0.74117647 0.85882353
v -0.06788294 -0.07064290 -49.69311905 0.65098039 0.74117647 0.85882353
v 0.03306198 -0.10272454 -49.70108032 0.65098039 0.74117647 0.85882353
v 0.02237798 -0.10077493 -49.69100189 0.65098039 0.74117647 0.85882353
v 0.02427376 -0.10068862 -49.69637680 0.65098039 0.74117647 0.85882353
v 0.03620896 -0.10194866 -49.70656586 0.65098039 0.74117647 0.85882353
v -0.11550526 -0.36212224 -49.76401138 0.65098039 0.74117647 0.85882353
v -0.03477781 -0.31578922 -49.82339859 0.65098039 0.74117647 0.85882353
v -0.01510067 -0.31526268 -49.81629944 0.65098039 0.74117647 0.85882353
v 0.00069618 -0.31520957 -49.80339432 0.65098039 0.74117647 0.85882353
v -0.05330215 -0.36291617 -49.69264984 0.65098039 0.74117647 0.85882353
v -0.05740552 -0.33487839 -49.68867874 0.65098039 0.74117647 0.85882353
v -0.08480197 -0.33746839 -49.69065857 0.65098039 0.74117647 0.85882353
v -0.08100246 -0.36739486 -49.69148636 0.65098039 0.74117647 0.85882353
v -0.05473717 -0.50136429 -49.75907516 0.65098039 0.74117647 0.85882353
v -0.02195679 -0.51755255 -49.76374435 0.65098039 0.74117647 0.85882353
v -0.03235091 -0.49242634 -49.75117111 0.65098039 0.74117647 0.85882353
v -0.06511532 -0.47939181 -49.74752426 0.65098039 0.74117647 0.85882353
v -0.02045205 -0.44324380 -49.85095596 0.65098039 0.74117647 0.85882353
v -0.04070608 -0.44837934 -49.85448456 0.65098039 0.74117647 0.85882353
v 0.01104446 -0.46626616 -49.85505676 0.65098039 0.74117647 0.85882353
v -0.00883393 -0.46823061 -49.86632156 0.65098039 0.74117647 0.85882353
v -0.00239003 -0.44158888 -49.84061432 0.65098039 0.74117647 0.85882353
v -0.06453727 -0.27383173 -49.68606186 0.65098039 0.74117647 0.85882353
v -0.09245569 -0.27569956 -49.69471359 0.65098039 0.74117647 0.85882353
v -0.08830567 -0.30699915 -49.69290924 0.65098039 0.74117647 0.85882353
v -0.06104624 -0.30421495 -49.68644333 0.65098039 0.74117647 0.85882353
v -0.00374545 0.23383056 -49.84515381 0.65098039 0.74117647 0.85882353
v 0.01760647 0.24068533 -49.84799194 0.65098039 0.74117647 0.85882353
v -0.10377602 0.32916576 -49.74301910 0.65098039 0.74117647 0.85882353
v -0.09491444 0.31913626 -49.75712967 0.65098039 0.74117647 0.85882353
v -0.09410171 0.30855352 -49.74131393 0.65098039 0.74117647 0.85882353
v -0.10245200 0.31948781 -49.73129654 0.65098039 0.74117647 0.85882353
v -0.09562179 0.33306867 -49.76800919 0.65098039 0.74117647 0.85882353
v -0.10432516 0.34184241 -49.75242996 0.65098039 0.74117647 0.85882353
v -0.10288028 0.35732657 -49.76035309 0.65098039 0.74117647 0.85882353
v -0.09444802 0.34902608 -49.77555466 0.65098039 0.74117647 0.85882353
v -0.07828061 0.41016388 -49.80484009 0.65098039 0.74117647 0.85882353
v -0.07376763 0.41784829 -49.81120300 0.65098039 0.74117647 0.85882353
v -0.06431539 0.25875044 -49.65420151 0.65098039 0.74117647 0.85882353
v -0.04965540 0.25539249 -49.63524246 0.65098039 0.74117647 0.85882353
v -0.04862243 0.27812946 -49.63853836 0.65098039 0.74117647 0.85882353
v -0.06359146 0.09056620 -49.67084885 0.65098039 0.74117647 0.85882353
v -0.05956522 0.01000749 -49.69133377 0.65098039 0.74117647 0.85882353
v -0.03842260 -0.01841192 -49.66768646 0.65098039 0.74117647 0.85882353
v -0.04509874 0.00611173 -49.67173767 0.65098039 0.74117647 0.85882353
v 0.00082237 -0.07587172 -49.66113281 0.65098039 0.74117647 0.85882353
v 0.07614335 0.30048376 -49.82984161 0.65098039 0.74117647 0.85882353
v 0.07596201 0.32468128 -49.83070374 0.65098039 0.74117647 0.85882353
v 0.09367104 0.49923110 -49.78573227 0.65098039 0.74117647 0.85882353
v 0.10387491 0.49184632 -49.77172852 0.65098039 0.74117647 0.85882353
v 0.08798771 0.52466464 -49.77619934 0.65098039 0.74117647 0.85882353
v 0.08505948 0.53629851 -49.77090836 0.65098039 0.74117647 0.85882353
v 0.09609012 0.52802849 -49.75859070 0.65098039 0.74117647 0.85882353
v 0.09924152 0.51665181 -49.76342392 0.65098039 0.74117647 0.85882353
v 0.06523819 0.57761848 -49.73280334 0.65098039 0.74117647 0.85882353
v 0.07259907 0.56915832 -49.74055481 0.65098039 0.74117647 0.85882353
v 0.04794173 -0.10197799 -49.71802902 0.65098039 0.74117647 0.85882353
v 0.04031361 -0.10373168 -49.71144485 0.65098039 0.74117647 0.85882353
v 0.05443350 -0.10276331 -49.72634506 0.65098039 0.74117647 0.85882353
v -0.00825728 -0.12433954 -49.68537140 0.65098039 0.74117647 0.85882353
v 0.01703637 -0.12683903 -49.69511032 0.65098039 0.74117647 0.85882353
v 0.01371961 -0.11268280 -49.69314957 0.65098039 0.74117647 0.85882353
v -0.01122741 -0.10795645 -49.68424606 0.65098039 0.74117647 0.85882353
v -0.11659589 -0.08190079 -49.80562592 0.65098039 0.74117647 0.85882353
v -0.09769046 -0.07845725 -49.84090424 0.65098039 0.74117647 0.85882353
v 0.04274705 -0.12630089 -49.85256195 0.65098039 0.74117647 0.85882353
v -0.05751991 0.34644282 -49.94657516 0.65098039 0.74117647 0.85882353
v -0.05534139 0.35248131 -49.95879364 0.65098039 0.74117647 0.85882353
v -0.04379037 0.36664903 -49.94075775 0.65098039 0.74117647 0.85882353
v -0.04701015 0.36070162 -49.92787552 0.65098039 0.74117647 0.85882353
v 0.08224942 0.40291679 -49.82903671 0.65098039 0.74117647 0.85882353
v 0.07322938 0.37671417 -49.83631134 0.65098039 0.74117647 0.85882353
v -0.01845323 0.55583680 -49.72480774 0.65098039 0.74117647 0.85882353
v -0.06287015 0.57235789 -49.79185867 0.65098039 0.74117647 0.85882353
v -0.08136690 0.55575746 -49.77712631 0.65098039 0.74117647 0.85882353
v -0.07133742 0.55639172 -49.76879501 0.65098039 0.74117647 0.85882353
v -0.05298012 0.57349253 -49.78258514 0.65098039 0.74117647 0.85882353
v 0.00763327 0.53920257 -49.84109116 0.65098039 0.74117647 0.85882353
v -0.00393312 0.55360460 -49.83288956 0.65098039 0.74117647 0.85882353
v 0.00870932 0.55429083 -49.82647324 0.65098039 0.74117647 0.85882353
v 0.02048237 0.53822064 -49.83452606 0.65098039 0.74117647 0.85882353
v 0.12386680 0.03068386 -49.86476517 0.65098039 0.74117647 0.85882353
v 0.09931026 0.03087188 -49.88342285 0.65098039 0.74117647 0.85882353
v 0.08834115 0.23104014 -49.81870651 0.65098039 0.74117647 0.85882353
v 0.07269108 0.22926520 -49.83195496 0.65098039 0.74117647 0.85882353
v 0.07539776 0.25263685 -49.83010483 0.65098039 0.74117647 0.85882353
v 0.09021131 0.25508004 -49.81654739 0.65098039 0.74117647 0.85882353
v 0.05734591 0.39326692 -49.84934235 0.65098039 0.74117647 0.85882353
v 0.04050051 0.37719297 -49.85651779 0.65098039 0.74117647 0.85882353
v -0.06493865 0.35672104 -49.63396454 0.65098039 0.74117647 0.85882353
v -0.06104224 0.37813461 -49.63508987 0.65098039 0.74117647 0.85882353
v -0.07359797 0.38375264 -49.64639282 0.65098039 0.74117647 0.85882353
v -0.07800116 0.36443835 -49.64420700 0.65098039 0.74117647 0.85882353
v -0.03748098 0.40856767 -49.93798447 0.65098039 0.74117647 0.85882353
v -0.02575052 0.41435051 -49.91804123 0.65098039 0.74117647 0.85882353
v -0.02573521 0.40265286 -49.91386032 0.65098039 0.74117647 0.85882353
v -0.03437483 0.39172113 -49.93343353 0.65098039 0.74117647 0.85882353
v -0.06133315 -0.07700004 -49.86917877 0.65098039 0.74117647 0.85882353
v -0.02244370 -0.09456857 -49.87870789 0.65098039 0.74117647 0.85882353
v -0.02656559 0.26473892 -49.84097672 0.65098039 0.74117647 0.85882353
v -0.00312436 0.27280658 -49.84884644 0.65098039 0.74117647 0.85882353
v -0.00193332 0.25304765 -49.84627151 0.65098039 0.74117647 0.85882353
v -0.02494836 0.24515675 -49.83894730 0.65098039 0.74117647 0.85882353
v -0.03455991 0.31798148 -49.84128189 0.65098039 0.74117647 0.85882353
v -0.03131314 0.30126995 -49.84085083 0.65098039 0.74117647 0.85882353
v -0.03807106 0.33401096 -49.84387207 0.65098039 0.74117647 0.85882353
v -0.02516569 0.42989182 -49.86347198 0.65098039 0.74117647 0.85882353
v -0.03250702 0.42369705 -49.85831451 0.65098039 0.74117647 0.85882353
v -0.03162758 0.42885369 -49.86299515 0.65098039 0.74117647 0.85882353
v -0.03748359 -0.12084167 -49.68360901 0.65098039 0.74117647 0.85882353
v -0.04130931 -0.05888109 -49.68165970 0.65098039 0.74117647 0.85882353
v -0.03716514 -0.04929735 -49.67240143 0.65098039 0.74117647 0.85882353
v 0.04287309 -0.10238893 -49.71075058 0.65098039 0.74117647 0.85882353
v -0.00614027 0.57141167 -49.68939209 0.65098039 0.74117647 0.85882353
v -0.00848334 0.56429172 -49.67248535 0.65098039 0.74117647 0.85882353
v -0.04730980 0.41390824 -49.86289597 0.65098039 0.74117647 0.85882353
v -0.04436760 0.40099490 -49.87267303 0.65098039 0.74117647 0.85882353
v -0.04665336 0.40148473 -49.84665680 0.65098039 0.74117647 0.85882353
v -0.05702026 0.40196043 -49.83367157 0.65098039 0.74117647 0.85882353
v -0.05425872 0.40807366 -49.83740616 0.65098039 0.74117647 0.85882353
v -0.04394259 0.40832496 -49.84947586 0.65098039 0.74117647 0.85882353
v -0.03364392 0.41148710 -49.85831070 0.65098039 0.74117647 0.85882353
v -0.03556259 0.40405148 -49.85645676 0.65098039 0.74117647 0.85882353
v -0.09959798 0.45736629 -49.75075531 0.65098039 0.74117647 0.85882353
v -0.09513004 0.46002609 -49.73924637 0.65098039 0.74117647 0.85882353
v -0.09101711 0.47968751 -49.74558258 0.65098039 0.74117647 0.85882353
v -0.09651518 0.47699368 -49.75664520 0.65098039 0.74117647 0.85882353
v -0.08866137 0.46005183 -49.72510529 0.65098039 0.74117647 0.85882353
v -0.08168939 0.45981336 -49.70979691 0.65098039 0.74117647 0.85882353
v -0.07671291 0.47941124 -49.71711731 0.65098039 0.74117647 0.85882353
v -0.08417092 0.47991222 -49.73274994 0.65098039 0.74117647 0.85882353
v -0.03200476 0.53493726 -49.71168518 0.65098039 0.74117647 0.85882353
v -0.02816725 0.52242219 -49.68846893 0.65098039 0.74117647 0.85882353
v -0.01924464 0.51330876 -49.66808701 0.65098039 0.74117647 0.85882353
v -0.01065849 0.50725514 -49.65307236 0.65098039 0.74117647 0.85882353
v 0.08052476 0.55976897 -49.74663925 0.65098039 0.74117647 0.85882353
v 0.08721705 0.54858685 -49.75088120 0.65098039 0.74117647 0.85882353
v 0.07487419 0.55592483 -49.76302338 0.65098039 0.74117647 0.85882353
v 0.06512117 0.56756026 -49.75904465 0.65098039 0.74117647 0.85882353
v -0.00829198 0.54839730 -49.66688919 0.65098039 0.74117647 0.85882353
v -0.00383152 0.54209208 -49.65110779 0.65098039 0.74117647 0.85882353
v -0.00116447 0.52713847 -49.64568329 0.65098039 0.74117647 0.85882353
v -0.12891491 0.40543616 -49.93956375 0.65098039 0.74117647 0.85882353
v -0.12291297 0.42082614 -49.92272949 0.65098039 0.74117647 0.85882353
v 0.00806850 0.58900750 -49.71862030 0.65098039 0.74117647 0.85882353
v -0.00085019 0.58035111 -49.70470428 0.65098039 0.74117647 0.85882353
v -0.11300461 0.42653322 -49.93825150 0.65098039 0.74117647 0.85882353
v -0.11871321 0.41039813 -49.95480347 0.65098039 0.74117647 0.85882353
v -0.07214913 0.52887750 -49.74986267 0.65098039 0.74117647 0.85882353
v -0.06152517 0.55473971 -49.76035309 0.65098039 0.74117647 0.85882353
v -0.08133002 0.53147441 -49.75931931 0.65098039 0.74117647 0.85882353
v -0.00688032 0.55735779 -49.65588379 0.65098039 0.74117647 0.85882353
v -0.00200719 0.55127078 -49.64163971 0.65098039 0.74117647 0.85882353
v -0.09879938 -0.04675452 -49.83515549 0.65098039 0.74117647 0.85882353
v -0.11400822 -0.05211146 -49.80213547 0.65098039 0.74117647 0.85882353
v -0.07468159 0.20342420 -49.78744125 0.65098039 0.74117647 0.85882353
v -0.06326997 0.21142657 -49.80801392 0.65098039 0.74117647 0.85882353
v -0.04943174 0.20827632 -49.63022232 0.65098039 0.74117647 0.85882353
v -0.04707305 0.18630360 -49.62910461 0.65098039 0.74117647 0.85882353
v 0.01968721 0.55377138 -49.61923981 0.65098039 0.74117647 0.85882353
v -0.05904718 0.14543574 -49.64981079 0.65098039 0.74117647 0.85882353
v -0.04396029 0.14062734 -49.63280106 0.65098039 0.74117647 0.85882353
v -0.04504471 0.16409667 -49.63027573 0.65098039 0.74117647 0.85882353
v -0.05929191 0.16720904 -49.64841080 0.65098039 0.74117647 0.85882353
v -0.03599501 0.11717217 -49.62911606 0.65098039 0.74117647 0.85882353
v -0.03401886 0.10774051 -49.62826920 0.65098039 0.74117647 0.85882353
v -0.02075843 -0.03448854 -49.65551758 0.65098039 0.74117647 0.85882353
v -0.01268979 -0.03336017 -49.64699936 0.65098039 0.74117647 0.85882353
v -0.11167768 0.44284451 -49.85266495 0.65098039 0.74117647 0.85882353
v -0.10866311 0.45718890 -49.84194946 0.65098039 0.74117647 0.85882353
v -0.11058484 0.47386026 -49.85120773 0.65098039 0.74117647 0.85882353
v -0.11290066 0.45892161 -49.86394882 0.65098039 0.74117647 0.85882353
v -0.06830175 0.14991273 -49.66949844 0.65098039 0.74117647 0.85882353
v -0.07442057 0.15491395 -49.69269943 0.65098039 0.74117647 0.85882353
v -0.09178400 0.40758497 -49.78540802 0.65098039 0.74117647 0.85882353
v -0.08076873 0.40147400 -49.79905701 0.65098039 0.74117647 0.85882353
v -0.05000101 0.30143839 -49.63684464 0.65098039 0.74117647 0.85882353
v -0.08893740 0.37115926 -49.65534973 0.65098039 0.74117647 0.85882353
v -0.08457060 0.38818419 -49.65839386 0.65098039 0.74117647 0.85882353
v -0.09364887 0.39136434 -49.67107010 0.65098039 0.74117647 0.85882353
v -0.09794855 0.37546128 -49.66746902 0.65098039 0.74117647 0.85882353
v 0.05024683 -0.10048021 -49.71861267 0.65098039 0.74117647 0.85882353
v -0.04221706 0.48082286 -49.91123962 0.65098039 0.74117647 0.85882353
v -0.03561847 0.48927188 -49.90443802 0.65098039 0.74117647 0.85882353
v -0.02983513 0.47993362 -49.90524673 0.65098039 0.74117647 0.85882353
v -0.03670566 0.47225499 -49.91268921 0.65098039 0.74117647 0.85882353
v 0.03860790 -0.12671088 -49.71290970 0.65098039 0.74117647 0.85882353
v 0.04222899 -0.14487900 -49.71885681 0.65098039 0.74117647 0.85882353
v 0.08303852 -0.10649578 -49.78759384 0.65098039 0.74117647 0.85882353
v 0.08247491 -0.10387744 -49.76737976 0.65098039 0.74117647 0.85882353
v -0.06765190 -0.17702009 -49.68737030 0.65098039 0.74117647 0.85882353
v -0.06911087 -0.14574935 -49.68789673 0.65098039 0.74117647 0.85882353
v -0.06673995 -0.20932309 -49.68649292 0.65098039 0.74117647 0.85882353
v -0.06583723 -0.24235593 -49.68628311 0.65098039 0.74117647 0.85882353
v -0.04029214 -0.43834728 -49.72410583 0.65098039 0.74117647 0.85882353
v -0.04235843 -0.46597379 -49.73627472 0.65098039 0.74117647 0.85882353
v -0.00961022 -0.54578936 -49.77662659 0.65098039 0.74117647 0.85882353
v 0.00437634 -0.57558870 -49.79061508 0.65098039 0.74117647 0.85882353
v 0.01818965 -0.60800755 -49.80565643 0.65098039 0.74117647 0.85882353
v 0.03225911 -0.64090610 -49.82128906 0.65098039 0.74117647 0.85882353
v 0.04323067 -0.67365706 -49.83335114 0.65098039 0.74117647 0.85882353
v -0.10580316 0.40944463 -49.96809387 0.65098039 0.74117647 0.85882353
v -0.09865417 0.42714059 -49.95175552 0.65098039 0.74117647 0.85882353
v -0.08458772 0.42040616 -49.96162796 0.65098039 0.74117647 0.85882353
v -0.09327447 0.40357065 -49.97859192 0.65098039 0.74117647 0.85882353
v -0.05855274 0.37318552 -49.88943481 0.65098039 0.74117647 0.85882353
v -0.07189269 0.37674946 -49.87992096 0.65098039 0.74117647 0.85882353
v -0.07703003 0.36178285 -49.89600372 0.65098039 0.74117647 0.85882353
v -0.06440166 0.35902208 -49.90540695 0.65098039 0.74117647 0.85882353
v -0.07148524 0.34420091 -49.92268372 0.65098039 0.74117647 0.85882353
v -0.06290160 0.34379452 -49.93422699 0.65098039 0.74117647 0.85882353
v -0.05417995 0.35831368 -49.91564560 0.65098039 0.74117647 0.85882353
v -0.05759218 0.36265123 -49.96940231 0.65098039 0.74117647 0.85882353
v -0.06332878 0.37426019 -49.97769547 0.65098039 0.74117647 0.85882353
v -0.05094299 0.39067447 -49.95959854 0.65098039 0.74117647 0.85882353
v -0.04567171 0.37681782 -49.95223999 0.65098039 0.74117647 0.85882353
v -0.08130890 0.39519006 -49.98424530 0.65098039 0.74117647 0.85882353
v -0.07225521 0.41152656 -49.96697617 0.65098039 0.74117647 0.85882353
v -0.06101429 0.40183324 -49.96658707 0.65098039 0.74117647 0.85882353
v -0.07098845 0.38493896 -49.98373032 0.65098039 0.74117647 0.85882353
v -0.10828389 0.35903901 -49.90206909 0.65098039 0.74117647 0.85882353
v -0.09503855 0.35136682 -49.90537643 0.65098039 0.74117647 0.85882353
v -0.09047501 0.36658120 -49.88828659 0.65098039 0.74117647 0.85882353
v -0.10408880 0.37439692 -49.88505936 0.65098039 0.74117647 0.85882353
v -0.10738841 0.48916024 -49.86555862 0.65098039 0.74117647 0.85882353
v -0.10871229 0.47210044 -49.87826538 0.65098039 0.74117647 0.85882353
v -0.08244710 0.43608636 -49.80879211 0.65098039 0.74117647 0.85882353
v -0.09334935 0.44780326 -49.80485916 0.65098039 0.74117647 0.85882353
v -0.09238648 0.44498616 -49.81420135 0.65098039 0.74117647 0.85882353
v -0.08105926 0.43718135 -49.81732941 0.65098039 0.74117647 0.85882353
v -0.12134379 0.42647213 -49.89006042 0.65098039 0.74117647 0.85882353
v -0.11654927 0.44277483 -49.87627411 0.65098039 0.74117647 0.85882353
v -0.11211644 0.45429647 -49.89177322 0.65098039 0.74117647 0.85882353
v -0.11663900 0.43689579 -49.90668488 0.65098039 0.74117647 0.85882353
v -0.09939413 0.38956457 -49.86792374 0.65098039 0.74117647 0.85882353
v -0.08594103 0.38183367 -49.87170410 0.65098039 0.74117647 0.85882353
v -0.08230388 0.39726800 -49.85631943 0.65098039 0.74117647 0.85882353
v -0.09605302 0.40430075 -49.85200500 0.65098039 0.74117647 0.85882353
v -0.03449953 0.38072276 -49.92198563 0.65098039 0.74117647 0.85882353
v -0.02818390 0.39305186 -49.90346527 0.65098039 0.74117647 0.85882353
v -0.10231780 0.44051176 -49.83480072 0.65098039 0.74117647 0.85882353
v -0.10418512 0.42746639 -49.84496307 0.65098039 0.74117647 0.85882353
v -0.09321271 0.39730239 -49.78008270 0.65098039 0.74117647 0.85882353
v -0.06184328 0.38508713 -49.82754898 0.65098039 0.74117647 0.85882353
v -0.05940987 0.39450204 -49.83087921 0.65098039 0.74117647 0.85882353
v -0.11016145 0.33309650 -49.72383118 0.65098039 0.74117647 0.85882353
v -0.11461732 0.34793818 -49.72052765 0.65098039 0.74117647 0.85882353
v -0.08345817 0.34416056 -49.79429245 0.65098039 0.74117647 0.85882353
v -0.07992998 0.36112851 -49.80121613 0.65098039 0.74117647 0.85882353
v -0.11068331 0.34099430 -49.73331451 0.65098039 0.74117647 0.85882353
v -0.11361854 0.35058552 -49.72814560 0.65098039 0.74117647 0.85882353
v -0.07989012 0.26142299 -49.69511032 0.65098039 0.74117647 0.85882353
v -0.00376236 0.51676852 -49.65086746 0.65098039 0.74117647 0.85882353
v -0.11504550 0.42803341 -49.86439896 0.65098039 0.74117647 0.85882353
v -0.10701166 0.41489094 -49.85545731 0.65098039 0.74117647 0.85882353
v -0.02030784 0.42069167 -49.90285492 0.65098039 0.74117647 0.85882353
v -0.01796649 0.42673767 -49.89041519 0.65098039 0.74117647 0.85882353
v -0.02134386 0.42001384 -49.88439178 0.65098039 0.74117647 0.85882353
v -0.02163553 0.41176754 -49.89691925 0.65098039 0.74117647 0.85882353
v 0.03153399 0.41861176 -49.86303711 0.65098039 0.74117647 0.85882353
v 0.04372475 0.40657735 -49.85750198 0.65098039 0.74117647 0.85882353
v 0.02918477 0.39246833 -49.86151886 0.65098039 0.74117647 0.85882353
v 0.01874769 0.40560097 -49.86575699 0.65098039 0.74117647 0.85882353
v -0.05757499 0.48974138 -49.90892029 0.65098039 0.74117647 0.85882353
v -0.06928718 0.48982948 -49.90718460 0.65098039 0.74117647 0.85882353
v -0.06462643 0.50488907 -49.89704132 0.65098039 0.74117647 0.85882353
v -0.05217196 0.50150156 -49.90063095 0.65098039 0.74117647 0.85882353
v -0.07953833 0.50545949 -49.89082336 0.65098039 0.74117647 0.85882353
v -0.08366759 0.48781919 -49.90285873 0.65098039 0.74117647 0.85882353
v -0.09815425 0.48170102 -49.89358139 0.65098039 0.74117647 0.85882353
v -0.09533338 0.50040078 -49.88064957 0.65098039 0.74117647 0.85882353
v -0.05265887 -0.00305046 -49.87153625 0.65098039 0.74117647 0.85882353
v -0.07864495 -0.00819848 -49.85262680 0.65098039 0.74117647 0.85882353
v -0.08380018 0.12203829 -49.76594925 0.65098039 0.74117647 0.85882353
v -0.08247226 0.11273895 -49.74191284 0.65098039 0.74117647 0.85882353
v -0.07667515 0.02121671 -49.71574402 0.65098039 0.74117647 0.85882353
v -0.01574536 -0.08781229 -49.68089676 0.65098039 0.74117647 0.85882353
v 0.01073710 -0.09945627 -49.68972015 0.65098039 0.74117647 0.85882353
v 0.04278307 -0.17080544 -49.72529602 0.65098039 0.74117647 0.85882353
v -0.09879050 -0.01547001 -49.82917404 0.65098039 0.74117647 0.85882353
v 0.03808737 -0.20158471 -49.73183823 0.65098039 0.74117647 0.85882353
v 0.03168784 -0.23278125 -49.73756790 0.65098039 0.74117647 0.85882353
v 0.03247605 -0.23651095 -49.81217575 0.65098039 0.74117647 0.85882353
v 0.01306665 -0.23731272 -49.83183289 0.65098039 0.74117647 0.85882353
v 0.02147786 -0.20738222 -49.83539200 0.65098039 0.74117647 0.85882353
v 0.04295650 -0.20489703 -49.81393814 0.65098039 0.74117647 0.85882353
v -0.01200571 -0.23792927 -49.84315491 0.65098039 0.74117647 0.85882353
v -0.00545037 -0.20903318 -49.84830475 0.65098039 0.74117647 0.85882353
v -0.11098635 -0.30811083 -49.71332932 0.65098039 0.74117647 0.85882353
v 0.02422146 -0.49599540 -49.86675262 0.65098039 0.74117647 0.85882353
v 0.01612592 -0.53305149 -49.88554382 0.65098039 0.74117647 0.85882353
v 0.00378956 -0.49792117 -49.87830353 0.65098039 0.74117647 0.85882353
v 0.03468385 -0.53011674 -49.87529755 0.65098039 0.74117647 0.85882353
v -0.01791674 -0.50497371 -49.88076782 0.65098039 0.74117647 0.85882353
v -0.03065290 -0.47460395 -49.86912537 0.65098039 0.74117647 0.85882353
v -0.04733385 -0.57517987 -49.83938980 0.65098039 0.74117647 0.85882353
v 0.04377387 -0.56608093 -49.88177109 0.65098039 0.74117647 0.85882353
v 0.02728426 -0.56948668 -49.89106369 0.65098039 0.74117647 0.85882353
v -0.00492568 -0.53887004 -49.88818359 0.65098039 0.74117647 0.85882353
v 0.00945726 -0.57538909 -49.89338684 0.65098039 0.74117647 0.85882353
v 0.03400837 -0.11455058 -49.70781708 0.65098039 0.74117647 0.85882353
v -0.12281053 -0.08251469 -49.76915359 0.65098039 0.74117647 0.85882353
v -0.11896518 -0.05352740 -49.76778793 0.65098039 0.74117647 0.85882353
v -0.08730634 -0.04034559 -49.71342850 0.65098039 0.74117647 0.85882353
v -0.06571779 -0.05334385 -49.69490051 0.65098039 0.74117647 0.85882353
v -0.07741350 0.18017106 -49.71797943 0.65098039 0.74117647 0.85882353
v -0.08101128 0.18672477 -49.74177551 0.65098039 0.74117647 0.85882353
v -0.08015396 0.22754394 -49.73984909 0.65098039 0.74117647 0.85882353
v -0.07970549 0.23412062 -49.76264572 0.65098039 0.74117647 0.85882353
v -0.07920094 0.21409230 -49.76401138 0.65098039 0.74117647 0.85882353
v -0.07999790 0.20687835 -49.74105072 0.65098039 0.74117647 0.85882353
v -0.06376704 0.24893607 -49.80799484 0.65098039 0.74117647 0.85882353
v -0.04717467 0.25674403 -49.82734299 0.65098039 0.74117647 0.85882353
v -0.04575321 0.23720805 -49.82591629 0.65098039 0.74117647 0.85882353
v -0.06208505 0.22927345 -49.80758286 0.65098039 0.74117647 0.85882353
v -0.04712164 0.21928455 -49.82585907 0.65098039 0.74117647 0.85882353
v -0.02630685 0.22686510 -49.83806992 0.65098039 0.74117647 0.85882353
v 0.05873778 0.27186465 -49.83987808 0.65098039 0.74117647 0.85882353
v 0.03958248 0.26661849 -49.84609222 0.65098039 0.74117647 0.85882353
v 0.03980707 0.28874058 -49.84760284 0.65098039 0.74117647 0.85882353
v 0.05862273 0.29540622 -49.84029007 0.65098039 0.74117647 0.85882353
v -0.02883021 -0.03929295 -49.66371918 0.65098039 0.74117647 0.85882353
v 0.02755555 -0.10333289 -49.70020294 0.65098039 0.74117647 0.85882353
v -0.06978376 -0.11643101 -49.68966675 0.65098039 0.74117647 0.85882353
v -0.09621483 -0.08636673 -49.70832825 0.65098039 0.74117647 0.85882353
v -0.11554149 -0.08470501 -49.73546600 0.65098039 0.74117647 0.85882353
v -0.05768874 0.41699034 -49.85390854 0.65098039 0.74117647 0.85882353
v 0.00765690 0.44199550 -49.86970520 0.65098039 0.74117647 0.85882353
v 0.00107068 0.42943513 -49.86971283 0.65098039 0.74117647 0.85882353
v -0.08644748 0.46861953 -49.91625977 0.65098039 0.74117647 0.85882353
v -0.10139030 0.46303761 -49.90671158 0.65098039 0.74117647 0.85882353
v -0.09389342 0.41710180 -49.83936310 0.65098039 0.74117647 0.85882353
v -0.10911687 0.48695415 -49.84070587 0.65098039 0.74117647 0.85882353
v -0.10593028 0.46870929 -49.83187485 0.65098039 0.74117647 0.85882353
v -0.10584395 0.47985160 -49.82168579 0.65098039 0.74117647 0.85882353
v -0.09207976 0.01039828 -49.74177551 0.65098039 0.74117647 0.85882353
v -0.10851805 -0.00299864 -49.76679993 0.65098039 0.74117647 0.85882353
v -0.09817182 -0.01080327 -49.74006653 0.65098039 0.74117647 0.85882353
v 0.07421564 -0.10279472 -49.75120926 0.65098039 0.74117647 0.85882353
v -0.04233070 -0.07110535 -49.68317413 0.65098039 0.74117647 0.85882353
v 0.02527153 -0.26344937 -49.74134064 0.65098039 0.74117647 0.85882353
v 0.02063971 -0.29234558 -49.74372101 0.65098039 0.74117647 0.85882353
v 0.01745793 -0.31923300 -49.74682617 0.65098039 0.74117647 0.85882353
v 0.01518714 -0.34466463 -49.75047684 0.65098039 0.74117647 0.85882353
v 0.01355141 -0.36962777 -49.75540924 0.65098039 0.74117647 0.85882353
v 0.00996775 -0.39284998 -49.76171112 0.65098039 0.74117647 0.85882353
v 0.00610893 -0.41272718 -49.76800537 0.65098039 0.74117647 0.85882353
v 0.01080112 -0.43286353 -49.77842712 0.65098039 0.74117647 0.85882353
v 0.03338832 -0.48784274 -49.78532028 0.65098039 0.74117647 0.85882353
v 0.03819963 -0.47987807 -49.80239487 0.65098039 0.74117647 0.85882353
v 0.02384086 -0.45467335 -49.79046249 0.65098039 0.74117647 0.85882353
v 0.05158156 -0.50794816 -49.81416321 0.65098039 0.74117647 0.85882353
v 0.06256440 -0.53933048 -49.82498550 0.65098039 0.74117647 0.85882353
v 0.06851624 -0.57317054 -49.83686447 0.65098039 0.74117647 0.85882353
v 0.07444601 -0.60838568 -49.84799957 0.65098039 0.74117647 0.85882353
v 0.08300681 -0.64317513 -49.85752106 0.65098039 0.74117647 0.85882353
v 0.05645658 -0.10121869 -49.72678375 0.65098039 0.74117647 0.85882353
v 0.06490715 -0.10129075 -49.73830414 0.65098039 0.74117647 0.85882353
v -0.06169285 0.52494955 -49.73836517 0.65098039 0.74117647 0.85882353
v -0.06677602 0.40563434 -49.81896973 0.65098039 0.74117647 0.85882353
v -0.06412849 0.41200137 -49.82376099 0.65098039 0.74117647 0.85882353
v -0.09229244 0.42845535 -49.83003998 0.65098039 0.74117647 0.85882353
v -0.06293378 0.42581594 -49.95148468 0.65098039 0.74117647 0.85882353
v -0.07409893 0.43621653 -49.94738388 0.65098039 0.74117647 0.85882353
v -0.08042608 0.41183531 -49.84321213 0.65098039 0.74117647 0.85882353
v -0.07112202 0.42794937 -49.81741714 0.65098039 0.74117647 0.85882353
v -0.07035625 0.43475151 -49.82426071 0.65098039 0.74117647 0.85882353
v -0.19472931 0.40589535 -49.94384384 0.65098039 0.74117647 0.85882353
v -0.20182721 0.40225840 -49.95587921 0.65098039 0.74117647 0.85882353
v -0.21545653 0.40657270 -49.94178772 0.65098039 0.74117647 0.85882353
v -0.20817609 0.40881050 -49.93050003 0.65098039 0.74117647 0.85882353
v -0.18824571 0.40259928 -49.93112946 0.65098039 0.74117647 0.85882353
v -0.20211427 0.40476322 -49.91932297 0.65098039 0.74117647 0.85882353
v -0.19437297 0.34079087 -49.91305161 0.65098039 0.74117647 0.85882353
v -0.18691933 0.35327613 -49.91008377 0.65098039 0.74117647 0.85882353
v -0.20383234 0.35855627 -49.90177917 0.65098039 0.74117647 0.85882353
v -0.21161620 0.34723175 -49.90508270 0.65098039 0.74117647 0.85882353
v -0.21211152 0.39861804 -49.89897537 0.65098039 0.74117647 0.85882353
v -0.21171485 0.38774091 -49.89451599 0.65098039 0.74117647 0.85882353
v -0.19667314 0.38399822 -49.90401077 0.65098039 0.74117647 0.85882353
v -0.19821100 0.39584565 -49.90995789 0.65098039 0.74117647 0.85882353
v -0.21292637 0.32991821 -49.93451691 0.65098039 0.74117647 0.85882353
v -0.21909265 0.33315784 -49.94744110 0.65098039 0.74117647 0.85882353
v -0.20245163 0.32357854 -49.95637131 0.65098039 0.74117647 0.85882353
v -0.19600908 0.32129657 -49.94237137 0.65098039 0.74117647 0.85882353
v -0.12609112 0.32350349 -49.94520950 0.65098039 0.74117647 0.85882353
v -0.13034035 0.31168413 -49.95069504 0.65098039 0.74117647 0.85882353
v -0.11840393 0.30978030 -49.95454025 0.65098039 0.74117647 0.85882353
v -0.11687335 0.32218701 -49.94940567 0.65098039 0.74117647 0.85882353
v -0.16687806 0.39945889 -49.96837997 0.65098039 0.74117647 0.85882353
v -0.17268923 0.39328110 -49.98171997 0.65098039 0.74117647 0.85882353
v -0.18754886 0.39811695 -49.96916580 0.65098039 0.74117647 0.85882353
v -0.18091799 0.40298855 -49.95634079 0.65098039 0.74117647 0.85882353
v -0.14971793 0.37615973 -49.93191910 0.65098039 0.74117647 0.85882353
v -0.14972781 0.35987294 -49.92737961 0.65098039 0.74117647 0.85882353
v -0.13435028 0.35658455 -49.93662262 0.65098039 0.74117647 0.85882353
v -0.13525261 0.37285388 -49.94139481 0.65098039 0.74117647 0.85882353
v -0.15267704 0.39557111 -49.98118210 0.65098039 0.74117647 0.85882353
v -0.15742028 0.38748175 -49.99368668 0.65098039 0.74117647 0.85882353
v -0.18108489 0.38133061 -49.91324997 0.65098039 0.74117647 0.85882353
v -0.18227728 0.36687303 -49.91039276 0.65098039 0.74117647 0.85882353
v -0.16573745 0.36336970 -49.91860199 0.65098039 0.74117647 0.85882353
v -0.16547219 0.37870592 -49.92229843 0.65098039 0.74117647 0.85882353
v -0.24350588 0.34823090 -49.91617203 0.65098039 0.74117647 0.85882353
v -0.24856691 0.35220176 -49.92706299 0.65098039 0.74117647 0.85882353
v -0.23417194 0.34281909 -49.93760300 0.65098039 0.74117647 0.85882353
v -0.22884999 0.33903241 -49.92568970 0.65098039 0.74117647 0.85882353
v -0.21468644 0.37612069 -49.89285660 0.65098039 0.74117647 0.85882353
v -0.22017886 0.36454904 -49.89321899 0.65098039 0.74117647 0.85882353
v -0.19881271 0.37107044 -49.90184021 0.65098039 0.74117647 0.85882353
v -0.24246757 0.39505434 -49.94263077 0.65098039 0.74117647 0.85882353
v -0.23600553 0.40455467 -49.93664551 0.65098039 0.74117647 0.85882353
v -0.22233175 0.39934462 -49.95138168 0.65098039 0.74117647 0.85882353
v -0.22891311 0.38823789 -49.95727921 0.65098039 0.74117647 0.85882353
v -0.15827371 0.33010697 -49.92911148 0.65098039 0.74117647 0.85882353
v -0.15283217 0.34369457 -49.92674255 0.65098039 0.74117647 0.85882353
v -0.16959059 0.34839171 -49.91831970 0.65098039 0.74117647 0.85882353
v -0.17646095 0.33517557 -49.92111206 0.65098039 0.74117647 0.85882353
v -0.15911892 0.39915442 -49.95384598 0.65098039 0.74117647 0.85882353
v -0.17366928 0.40090394 -49.94266510 0.65098039 0.74117647 0.85882353
v -0.21531044 0.38052237 -49.97101212 0.65098039 0.74117647 0.85882353
v -0.20836799 0.39364100 -49.96542740 0.65098039 0.74117647 0.85882353
v -0.19375561 0.38757432 -49.97851181 0.65098039 0.74117647 0.85882353
v -0.19994400 0.37428105 -49.98464584 0.65098039 0.74117647 0.85882353
v -0.18901017 0.34897107 -49.99647522 0.65098039 0.74117647 0.85882353
v -0.19037955 0.33351094 -49.98929596 0.65098039 0.74117647 0.85882353
v -0.20628633 0.34411705 -49.97916794 0.65098039 0.74117647 0.85882353
v -0.20476542 0.35858274 -49.98489761 0.65098039 0.74117647 0.85882353
v -0.14075673 0.32631654 -49.93807602 0.65098039 0.74117647 0.85882353
v -0.14749753 0.31451184 -49.94395065 0.65098039 0.74117647 0.85882353
v -0.17741446 0.31390446 -49.94958115 0.65098039 0.74117647 0.85882353
v -0.18429953 0.31464392 -49.96442795 0.65098039 0.74117647 0.85882353
v -0.16421810 0.30672097 -49.97158432 0.65098039 0.74117647 0.85882353
v -0.15657753 0.30693972 -49.95564651 0.65098039 0.74117647 0.85882353
v -0.12444828 0.38266319 -49.97111130 0.65098039 0.74117647 0.85882353
v -0.12918064 0.38734031 -49.98692703 0.65098039 0.74117647 0.85882353
v -0.13606586 0.39075166 -49.97681046 0.65098039 0.74117647 0.85882353
v -0.13052699 0.38310176 -49.96123123 0.65098039 0.74117647 0.85882353
v -0.13984708 0.39016962 -49.99258423 0.65098039 0.74117647 0.85882353
v -0.13023706 0.38528866 -50.00201797 0.65098039 0.74117647 0.85882353
v -0.11893953 0.37031382 -50.01752853 0.65098039 0.74117647 0.85882353
v -0.11390494 0.35898280 -50.02131653 0.65098039 0.74117647 0.85882353
v -0.12145767 0.35824788 -50.02250671 0.65098039 0.74117647 0.85882353
v -0.12440564 0.37018573 -50.01657486 0.65098039 0.74117647 0.85882353
v -0.15461054 0.32845908 -50.01723862 0.65098039 0.74117647 0.85882353
v -0.15176371 0.31250376 -50.00888824 0.65098039 0.74117647 0.85882353
v -0.17192884 0.32278037 -49.99905777 0.65098039 0.74117647 0.85882353
v -0.17280041 0.33811915 -50.00723267 0.65098039 0.74117647 0.85882353
v -0.12816456 0.29619551 -49.99712753 0.65098039 0.74117647 0.85882353
v -0.12564269 0.29520726 -49.97950363 0.65098039 0.74117647 0.85882353
v -0.14381480 0.29950798 -49.97726822 0.65098039 0.74117647 0.85882353
v -0.14809164 0.30291289 -49.99416733 0.65098039 0.74117647 0.85882353
v -0.08048387 0.31813860 -49.96661377 0.65098039 0.74117647 0.85882353
v -0.08529206 0.31705421 -49.95464706 0.65098039 0.74117647 0.85882353
v -0.09356323 0.30731750 -49.96545792 0.65098039 0.74117647 0.85882353
v -0.09064864 0.30773598 -49.97828293 0.65098039 0.74117647 0.85882353
v -0.10653640 0.31758791 -49.94551468 0.65098039 0.74117647 0.85882353
v -0.10340881 0.32527471 -49.93528748 0.65098039 0.74117647 0.85882353
v -0.11443736 0.33344829 -49.93226624 0.65098039 0.74117647 0.85882353
v -0.11592118 0.32694346 -49.94224930 0.65098039 0.74117647 0.85882353
v -0.13458516 0.38317955 -49.97242737 0.65098039 0.74117647 0.85882353
v -0.12614015 0.38881612 -49.98839569 0.65098039 0.74117647 0.85882353
v -0.12801775 0.38593400 -49.99502563 0.65098039 0.74117647 0.85882353
v -0.13190834 0.38028729 -49.97931290 0.65098039 0.74117647 0.85882353
v -0.13668044 0.32175416 -50.02490234 0.65098039 0.74117647 0.85882353
v -0.13074419 0.30278009 -50.01617050 0.65098039 0.74117647 0.85882353
v -0.10847528 0.31229973 -49.95196152 0.65098039 0.74117647 0.85882353
v -0.11468594 0.32328576 -49.94845200 0.65098039 0.74117647 0.85882353
v -0.11344334 0.32171327 -49.95081329 0.65098039 0.74117647 0.85882353
v -0.11096512 0.31040263 -49.95529556 0.65098039 0.74117647 0.85882353
v -0.12624300 0.35109031 -49.95748901 0.65098039 0.74117647 0.85882353
v -0.12640299 0.36630160 -49.96771622 0.65098039 0.74117647 0.85882353
v -0.12223805 0.36679709 -49.96535873 0.65098039 0.74117647 0.85882353
v -0.12070294 0.35013676 -49.95699692 0.65098039 0.74117647 0.85882353
v -0.12847342 0.37973362 -49.98170090 0.65098039 0.74117647 0.85882353
v -0.12742713 0.38423777 -49.99774170 0.65098039 0.74117647 0.85882353
v -0.12522611 0.38664913 -49.99455643 0.65098039 0.74117647 0.85882353
v -0.12367602 0.38084865 -49.97798538 0.65098039 0.74117647 0.85882353
v -0.12307337 0.32026523 -50.02725220 0.65098039 0.74117647 0.85882353
v -0.12527540 0.33536607 -50.02915192 0.65098039 0.74117647 0.85882353
v -0.11408819 0.33373171 -50.02729416 0.65098039 0.74117647 0.85882353
v -0.11094359 0.32019556 -50.02384186 0.65098039 0.74117647 0.85882353
v -0.11173831 0.29589492 -49.99357224 0.65098039 0.74117647 0.85882353
v -0.11105283 0.29550457 -49.97824478 0.65098039 0.74117647 0.85882353
v -0.12071308 0.35043740 -49.95218658 0.65098039 0.74117647 0.85882353
v -0.11764206 0.33578134 -49.94820023 0.65098039 0.74117647 0.85882353
v -0.11719398 0.33525777 -49.95094299 0.65098039 0.74117647 0.85882353
v -0.12503612 0.38242823 -50.00838089 0.65098039 0.74117647 0.85882353
v -0.07827558 0.32125407 -49.97834778 0.65098039 0.74117647 0.85882353
v -0.07734980 0.32698148 -49.98930740 0.65098039 0.74117647 0.85882353
v -0.06716298 0.33822775 -49.97589111 0.65098039 0.74117647 0.85882353
v -0.06826712 0.33214116 -49.96469116 0.65098039 0.74117647 0.85882353
v -0.07182100 0.32906026 -49.95287704 0.65098039 0.74117647 0.85882353
v -0.07852885 0.32877940 -49.94081116 0.65098039 0.74117647 0.85882353
v -0.09961568 0.33659291 -49.92167664 0.65098039 0.74117647 0.85882353
v -0.11178337 0.34476078 -49.91842651 0.65098039 0.74117647 0.85882353
v -0.12334405 0.35575098 -49.92073822 0.65098039 0.74117647 0.85882353
v -0.13270904 0.36794329 -49.92792511 0.65098039 0.74117647 0.85882353
v -0.13378815 0.35767543 -49.94184113 0.65098039 0.74117647 0.85882353
v -0.12528040 0.34479809 -49.93480682 0.65098039 0.74117647 0.85882353
v -0.13304327 0.39174342 -49.95657730 0.65098039 0.74117647 0.85882353
v -0.12314393 0.39692032 -49.97246552 0.65098039 0.74117647 0.85882353
v -0.11657430 0.38544786 -49.99961472 0.65098039 0.74117647 0.85882353
v -0.11178321 0.39473891 -49.98580170 0.65098039 0.74117647 0.85882353
v -0.10388629 0.30428356 -49.96054077 0.65098039 0.74117647 0.85882353
v -0.09876086 0.31054443 -49.95372391 0.65098039 0.74117647 0.85882353
v -0.21979450 0.36729789 -49.97282028 0.65098039 0.74117647 0.85882353
v -0.22177549 0.35343397 -49.96788406 0.65098039 0.74117647 0.85882353
v -0.23631106 0.36248928 -49.95558548 0.65098039 0.74117647 0.85882353
v -0.23359083 0.37602538 -49.95923615 0.65098039 0.74117647 0.85882353
v -0.25073826 0.36025870 -49.93625259 0.65098039 0.74117647 0.85882353
v -0.23668163 0.35111213 -49.94789886 0.65098039 0.74117647 0.85882353
v -0.18316510 0.39399326 -49.92053986 0.65098039 0.74117647 0.85882353
v -0.16832507 0.39185834 -49.93083191 0.65098039 0.74117647 0.85882353
v -0.21557675 0.40742558 -49.90685272 0.65098039 0.74117647 0.85882353
v -0.12233487 0.36691850 -49.95893097 0.65098039 0.74117647 0.85882353
v -0.12631303 0.36905074 -49.95102310 0.65098039 0.74117647 0.85882353
v -0.10866658 0.34693551 -50.02342606 0.65098039 0.74117647 0.85882353
v -0.10643083 0.36214828 -50.01748657 0.65098039 0.74117647 0.85882353
v -0.09999919 0.35042179 -50.01817703 0.65098039 0.74117647 0.85882353
v -0.13743782 0.34044003 -50.02642059 0.65098039 0.74117647 0.85882353
v -0.15190105 0.34872925 -50.01922226 0.65098039 0.74117647 0.85882353
v -0.14646085 0.36644113 -50.01291275 0.65098039 0.74117647 0.85882353
v -0.13231009 0.35721612 -50.02235031 0.65098039 0.74117647 0.85882353
v -0.10083802 0.32157850 -50.01747513 0.65098039 0.74117647 0.85882353
v -0.10428016 0.33429641 -50.02255630 0.65098039 0.74117647 0.85882353
v -0.09471144 0.33889759 -50.01548386 0.65098039 0.74117647 0.85882353
v -0.09056599 0.32721943 -50.00963211 0.65098039 0.74117647 0.85882353
v -0.13754176 0.37025118 -49.95534515 0.65098039 0.74117647 0.85882353
v -0.13298096 0.36653954 -49.96381378 0.65098039 0.74117647 0.85882353
v -0.09014119 0.37979758 -50.00030899 0.65098039 0.74117647 0.85882353
v -0.09831184 0.36941212 -50.01029968 0.65098039 0.74117647 0.85882353
v -0.10737470 0.37825620 -50.00708771 0.65098039 0.74117647 0.85882353
v -0.10085614 0.38780701 -49.99579239 0.65098039 0.74117647 0.85882353
v -0.11347575 0.37273812 -50.01380157 0.65098039 0.74117647 0.85882353
v -0.08069952 0.37004453 -49.99912643 0.65098039 0.74117647 0.85882353
v -0.09050114 0.35896063 -50.01020050 0.65098039 0.74117647 0.85882353
v -0.13687353 0.38082910 -49.94016647 0.65098039 0.74117647 0.85882353
v -0.07947512 0.33694673 -49.99889755 0.65098039 0.74117647 0.85882353
v -0.08455662 0.34792590 -50.00577927 0.65098039 0.74117647 0.85882353
v -0.07433929 0.35932899 -49.99370956 0.65098039 0.74117647 0.85882353
v -0.06911550 0.34816360 -49.98554611 0.65098039 0.74117647 0.85882353
v -0.22139736 0.34179729 -49.95893478 0.65098039 0.74117647 0.85882353
v -0.20554142 0.33204538 -49.96894836 0.65098039 0.74117647 0.85882353
v -0.12206881 0.29963809 -49.96446991 0.65098039 0.74117647 0.85882353
v -0.13720274 0.30162430 -49.96113205 0.65098039 0.74117647 0.85882353
v -0.11090474 0.30024564 -49.96441650 0.65098039 0.74117647 0.85882353
v -0.20428680 0.33208930 -49.92166519 0.65098039 0.74117647 0.85882353
v -0.22105597 0.34015679 -49.91377640 0.65098039 0.74117647 0.85882353
v -0.16703965 0.31905174 -49.93638611 0.65098039 0.74117647 0.85882353
v -0.18605275 0.32513243 -49.92921066 0.65098039 0.74117647 0.85882353
v -0.18501772 0.36561215 -49.99655914 0.65098039 0.74117647 0.85882353
v -0.09982179 0.30373418 -49.99934387 0.65098039 0.74117647 0.85882353
v -0.10031550 0.30027664 -49.98671722 0.65098039 0.74117647 0.85882353
v -0.11244445 0.30006737 -50.00815201 0.65098039 0.74117647 0.85882353
v -0.08851831 0.33133483 -49.92945862 0.65098039 0.74117647 0.85882353
v -0.09319772 0.31944180 -49.94321060 0.65098039 0.74117647 0.85882353
v -0.12063822 0.30885804 -50.02267075 0.65098039 0.74117647 0.85882353
v -0.08216013 0.34663266 -49.91227341 0.65098039 0.74117647 0.85882353
v -0.13125759 0.37410539 -50.01248550 0.65098039 0.74117647 0.85882353
v -0.12391627 0.38018823 -50.01025391 0.65098039 0.74117647 0.85882353
v -0.12101965 0.38180739 -50.00697708 0.65098039 0.74117647 0.85882353
v -0.22895493 0.41114706 -49.92731476 0.65098039 0.74117647 0.85882353
v -0.15327056 0.38959509 -49.94063568 0.65098039 0.74117647 0.85882353
v -0.12369877 0.35318089 -49.94544220 0.65098039 0.74117647 0.85882353
v -0.12385021 0.33778733 -49.94359970 0.65098039 0.74117647 0.85882353
v -0.09989996 0.31076247 -50.00980759 0.65098039 0.74117647 0.85882353
v -0.08868302 0.31694585 -50.00088501 0.65098039 0.74117647 0.85882353
v -0.08927189 0.31090015 -49.99007416 0.65098039 0.74117647 0.85882353
v -0.13201575 0.35247320 -49.95130920 0.65098039 0.74117647 0.85882353
v -0.12507954 0.33864832 -49.94433594 0.65098039 0.74117647 0.85882353
v -0.23629014 0.34879655 -49.90541077 0.65098039 0.74117647 0.85882353
v -0.12174912 0.33547944 -49.94999695 0.65098039 0.74117647 0.85882353
v -0.14411055 0.37855673 -50.00393677 0.65098039 0.74117647 0.85882353
v 0.10194519 0.50468212 -49.76774216 0.65098039 0.74117647 0.85882353
v -0.08478643 0.32672846 -49.78770828 0.65098039 0.74117647 0.85882353
v -0.08606733 0.28823215 -49.73191833 0.65098039 0.74117647 0.85882353
v -0.08611318 0.29579359 -49.75242615 0.65098039 0.74117647 0.85882353
v -0.07293521 0.38698947 -49.81027603 0.65098039 0.74117647 0.85882353
v -0.07016644 0.39748532 -49.81463623 0.65098039 0.74117647 0.85882353
v -0.06333454 0.42148763 -49.82764435 0.65098039 0.74117647 0.85882353
v -0.06049622 0.43156272 -49.83374786 0.65098039 0.74117647 0.85882353
v -0.09095842 0.36414272 -49.78301620 0.65098039 0.74117647 0.85882353
v -0.02250631 0.72449672 -49.62643051 0.65098039 0.74117647 0.85882353
v -0.02243607 0.71844214 -49.63086700 0.65098039 0.74117647 0.85882353
v -0.02228441 0.73768437 -49.62268448 0.65098039 0.74117647 0.85882353
v -0.03487524 0.12877803 -49.62790680 0.65098039 0.74117647 0.85882353
v -0.02300607 0.70840836 -49.62022018 0.65098039 0.74117647 0.85882353
v -0.02269091 0.70021844 -49.62446976 0.65098039 0.74117647 0.85882353
v -0.02661981 0.70420629 -49.62097931 0.65098039 0.74117647 0.85882353
v -0.02201453 0.70911831 -49.61844254 0.65098039 0.74117647 0.85882353
v -0.02180929 0.71006513 -49.61759567 0.65098039 0.74117647 0.85882353
v -0.02096189 0.73699653 -49.61199951 0.65098039 0.74117647 0.85882353
v -0.02261798 0.70981145 -49.63401413 0.65098039 0.74117647 0.85882353
v -0.02271955 0.70020330 -49.63498688 0.65098039 0.74117647 0.85882353
v -0.02084272 0.72245431 -49.61017227 0.65098039 0.74117647 0.85882353
v 0.08447008 0.15600581 -49.83385086 0.65098039 0.74117647 0.85882353
v 0.10341704 0.15487041 -49.82014847 0.65098039 0.74117647 0.85882353
v 0.10640464 0.13549508 -49.82848740 0.65098039 0.74117647 0.85882353
v 0.08481400 0.13625108 -49.84174347 0.65098039 0.74117647 0.85882353
v 0.10957950 0.11567579 -49.83745956 0.65098039 0.74117647 0.85882353
v -0.00327771 0.08359785 -49.88637543 0.65098039 0.74117647 0.85882353
v -0.03054145 0.08571951 -49.87738419 0.65098039 0.74117647 0.85882353
v -0.02732711 0.10778551 -49.87068558 0.65098039 0.74117647 0.85882353
v -0.00221770 0.10641013 -49.87950516 0.65098039 0.74117647 0.85882353
v -0.04632802 0.12297158 -49.85333252 0.65098039 0.74117647 0.85882353
v -0.02339634 0.12594871 -49.86473846 0.65098039 0.74117647 0.85882353
v -0.05083561 0.10647915 -49.85678482 0.65098039 0.74117647 0.85882353
v -0.07018071 0.10029672 -49.83803558 0.65098039 0.74117647 0.85882353
v -0.06587045 0.11739244 -49.83565903 0.65098039 0.74117647 0.85882353
v -0.08361302 0.09021740 -49.81708145 0.65098039 0.74117647 0.85882353
v -0.07916255 0.10848437 -49.81444550 0.65098039 0.74117647 0.85882353
v -0.09052770 0.07843842 -49.79450607 0.65098039 0.74117647 0.85882353
v -0.09135900 0.06697327 -49.76954651 0.65098039 0.74117647 0.85882353
v -0.08824272 0.03467460 -49.74183655 0.65098039 0.74117647 0.85882353
v -0.07587045 0.04604928 -49.71641922 0.65098039 0.74117647 0.85882353
v -0.08590655 0.05635801 -49.74264526 0.65098039 0.74117647 0.85882353
v -0.05030210 0.03163886 -49.67249298 0.65098039 0.74117647 0.85882353
v -0.06344943 0.03710389 -49.69247437 0.65098039 0.74117647 0.85882353
v -0.02421251 0.02735405 -49.64125443 0.65098039 0.74117647 0.85882353
v -0.03716116 0.02842952 -49.65532303 0.65098039 0.74117647 0.85882353
v -0.06883837 0.50113320 -49.72744370 0.65098039 0.74117647 0.85882353
v 0.01675047 0.58060551 -49.77494431 0.65098039 0.74117647 0.85882353
v 0.01150391 0.57799524 -49.78314209 0.65098039 0.74117647 0.85882353
v -0.01090132 0.57922077 -49.77421951 0.65098039 0.74117647 0.85882353
v 0.03559443 0.53504491 -49.82695389 0.65098039 0.74117647 0.85882353
v 0.02341683 0.55155993 -49.81904221 0.65098039 0.74117647 0.85882353
v 0.04332710 0.54467988 -49.81247330 0.65098039 0.74117647 0.85882353
v 0.05228237 0.52847707 -49.81859970 0.65098039 0.74117647 0.85882353
v 0.03471699 0.57465404 -49.77891922 0.65098039 0.74117647 0.85882353
v 0.03677298 0.57616293 -49.77318573 0.65098039 0.74117647 0.85882353
v 0.03314956 0.57193279 -49.78642273 0.65098039 0.74117647 0.85882353
v 0.06748201 0.55454946 -49.77748489 0.65098039 0.74117647 0.85882353
v 0.05221277 0.56367797 -49.78447342 0.65098039 0.74117647 0.85882353
v -0.03974903 0.57456875 -49.80730057 0.65098039 0.74117647 0.85882353
v -0.01920921 0.56684017 -49.82149887 0.65098039 0.74117647 0.85882353
v -0.02989570 0.56404442 -49.82847214 0.65098039 0.74117647 0.85882353
v -0.05099928 0.57152641 -49.81635284 0.65098039 0.74117647 0.85882353
v 0.01689830 0.52399480 -49.84718323 0.65098039 0.74117647 0.85882353
v 0.02339829 0.50823963 -49.85177612 0.65098039 0.74117647 0.85882353
v 0.01368140 0.51051039 -49.85833359 0.65098039 0.74117647 0.85882353
v 0.00691744 0.52519608 -49.85354614 0.65098039 0.74117647 0.85882353
v -0.08037141 0.54595983 -49.84719849 0.65098039 0.74117647 0.85882353
v -0.06010318 0.54646939 -49.85710144 0.65098039 0.74117647 0.85882353
v -0.06852283 0.53468835 -49.86889648 0.65098039 0.74117647 0.85882353
v -0.08698738 0.53179502 -49.85873032 0.65098039 0.74117647 0.85882353
v -0.00264156 0.53906643 -49.84713745 0.65098039 0.74117647 0.85882353
v 0.06906657 0.41186863 -49.84183121 0.65098039 0.74117647 0.85882353
v 0.05525042 0.42251968 -49.85279083 0.65098039 0.74117647 0.85882353
v 0.04202121 0.43203735 -49.85946655 0.65098039 0.74117647 0.85882353
v 0.01312917 0.45487785 -49.86860275 0.65098039 0.74117647 0.85882353
v 0.02001708 0.44868553 -49.86661148 0.65098039 0.74117647 0.85882353
v 0.01373656 0.43439186 -49.86838150 0.65098039 0.74117647 0.85882353
v 0.00678041 0.46033847 -49.87113190 0.65098039 0.74117647 0.85882353
v -0.00053634 0.46244967 -49.87437439 0.65098039 0.74117647 0.85882353
v -0.09993432 0.46072161 -49.81647491 0.65098039 0.74117647 0.85882353
v -0.10115340 0.46653247 -49.80540085 0.65098039 0.74117647 0.85882353
v -0.10553069 0.49074423 -49.81070709 0.65098039 0.74117647 0.85882353
v -0.01382951 0.45564795 -49.88206482 0.65098039 0.74117647 0.85882353
v -0.00921798 0.45884001 -49.87570190 0.65098039 0.74117647 0.85882353
v -0.01137373 0.45173025 -49.87403107 0.65098039 0.74117647 0.85882353
v -0.01518591 0.44997215 -49.88002777 0.65098039 0.74117647 0.85882353
v -0.02940655 0.57624239 -49.79890060 0.65098039 0.74117647 0.85882353
v -0.05239257 0.53019094 -49.87645721 0.65098039 0.74117647 0.85882353
v -0.04401329 0.53966343 -49.86475754 0.65098039 0.74117647 0.85882353
v -0.03192094 0.52919418 -49.87204742 0.65098039 0.74117647 0.85882353
v -0.04028489 0.52155077 -49.88257980 0.65098039 0.74117647 0.85882353
v -0.02995403 0.51345062 -49.88653564 0.65098039 0.74117647 0.85882353
v -0.02144043 0.51932645 -49.87704849 0.65098039 0.74117647 0.85882353
v -0.01375519 0.50881469 -49.87970352 0.65098039 0.74117647 0.85882353
v -0.02202136 0.50431734 -49.88813400 0.65098039 0.74117647 0.85882353
v -0.01251592 0.46290827 -49.88431168 0.65098039 0.74117647 0.85882353
v -0.00733171 0.46635032 -49.87754822 0.65098039 0.74117647 0.85882353
v -0.10558622 0.50425500 -49.85497665 0.65098039 0.74117647 0.85882353
v -0.08323979 0.56050467 -49.81053925 0.65098039 0.74117647 0.85882353
v -0.09788916 0.54097342 -49.79587173 0.65098039 0.74117647 0.85882353
v -0.09066840 0.55002552 -49.78567886 0.65098039 0.74117647 0.85882353
v -0.07380088 0.56819224 -49.80056763 0.65098039 0.74117647 0.85882353
v -0.04988508 0.42449164 -49.85389328 0.65098039 0.74117647 0.85882353
v -0.06038706 0.42749584 -49.84358597 0.65098039 0.74117647 0.85882353
v -0.03959802 0.42165095 -49.86250687 0.65098039 0.74117647 0.85882353
v -0.01925892 0.43728060 -49.86821747 0.65098039 0.74117647 0.85882353
v -0.03023691 0.42267376 -49.87004089 0.65098039 0.74117647 0.85882353
v -0.09113620 0.43790859 -49.82247162 0.65098039 0.74117647 0.85882353
v -0.10060140 0.45236617 -49.82571793 0.65098039 0.74117647 0.85882353
v -0.10196038 0.51330447 -49.78708267 0.65098039 0.74117647 0.85882353
v -0.09699699 0.52275705 -49.77669907 0.65098039 0.74117647 0.85882353
v -0.09230056 0.51636559 -49.86959457 0.65098039 0.74117647 0.85882353
v -0.07495564 0.52040672 -49.88032913 0.65098039 0.74117647 0.85882353
v -0.01573699 0.44962794 -49.89040375 0.65098039 0.74117647 0.85882353
v -0.01605648 0.44364399 -49.88786316 0.65098039 0.74117647 0.85882353
v -0.01715641 0.43955863 -49.89612579 0.65098039 0.74117647 0.85882353
v -0.01157110 0.43364412 -49.87022781 0.65098039 0.74117647 0.85882353
v -0.01414281 0.44491333 -49.87218475 0.65098039 0.74117647 0.85882353
v -0.06146156 0.56638151 -49.82585526 0.65098039 0.74117647 0.85882353
v -0.05855170 0.51801378 -49.88726425 0.65098039 0.74117647 0.85882353
v -0.04576553 0.51170558 -49.89187622 0.65098039 0.74117647 0.85882353
v -0.01249010 0.52338725 -49.86830902 0.65098039 0.74117647 0.85882353
v -0.02246006 0.53465891 -49.86249924 0.65098039 0.74117647 0.85882353
v -0.01268635 0.53787559 -49.85440063 0.65098039 0.74117647 0.85882353
v -0.00282719 0.52516854 -49.86080551 0.65098039 0.74117647 0.85882353
v -0.02787140 0.49722522 -49.89736176 0.65098039 0.74117647 0.85882353
v -0.02309169 0.48683631 -49.89765930 0.65098039 0.74117647 0.85882353
v 0.00398005 0.51160145 -49.86500549 0.65098039 0.74117647 0.85882353
v -0.00532537 0.51115143 -49.87183380 0.65098039 0.74117647 0.85882353
v -0.01549445 0.45707828 -49.89257431 0.65098039 0.74117647 0.85882353
v -0.08990806 0.52936053 -49.76785660 0.65098039 0.74117647 0.85882353
v -0.09330602 0.50195903 -49.76237869 0.65098039 0.74117647 0.85882353
v -0.08598994 0.50438249 -49.75216293 0.65098039 0.74117647 0.85882353
v -0.10104531 0.48581058 -49.78304291 0.65098039 0.74117647 0.85882353
v -0.09722856 0.49530101 -49.77247238 0.65098039 0.74117647 0.85882353
v -0.10236704 0.47434199 -49.79418182 0.65098039 0.74117647 0.85882353
v -0.07878897 0.50256258 -49.74069977 0.65098039 0.74117647 0.85882353
v -0.10974677 0.30830169 -50.01705933 0.65098039 0.74117647 0.85882353
v -0.01728252 0.43336707 -49.89435959 0.65098039 0.74117647 0.85882353
v -0.02055483 0.42885554 -49.90506363 0.65098039 0.74117647 0.85882353
v -0.02045518 0.43592191 -49.90521622 0.65098039 0.74117647 0.85882353
v -0.05087299 0.41709989 -49.94847107 0.65098039 0.74117647 0.85882353
v 0.05673036 0.60937142 -49.53522110 0.65098039 0.74117647 0.85882353
v 0.05893570 0.61418569 -49.53152466 0.65098039 0.74117647 0.85882353
v 0.06395599 0.63323826 -49.52542114 0.65098039 0.74117647 0.85882353
v 0.06464800 0.63694596 -49.52521133 0.65098039 0.74117647 0.85882353
v -0.11739419 0.34632134 -50.02643967 0.65098039 0.74117647 0.85882353
v -0.12506147 0.34624904 -50.02713394 0.65098039 0.74117647 0.85882353
v -0.16807722 0.35735428 -50.00823212 0.65098039 0.74117647 0.85882353
v -0.17798375 0.38106114 -49.99076843 0.65098039 0.74117647 0.85882353
v -0.16204664 0.37377381 -50.00209427 0.65098039 0.74117647 0.85882353
v -0.14551285 0.39632052 -49.96531677 0.65098039 0.74117647 0.85882353
v -0.13969588 0.38717699 -49.95148849 0.65098039 0.74117647 0.85882353
v -0.13681959 0.33993256 -49.93564606 0.65098039 0.74117647 0.85882353
v -0.16882607 0.31208575 -49.98661804 0.65098039 0.74117647 0.85882353
v -0.24565177 0.42189157 -49.88899612 0.65098039 0.74117647 0.85882353
v -0.25379252 0.42193615 -49.89814758 0.65098039 0.74117647 0.85882353
v -0.26582575 0.42854571 -49.88423157 0.65098039 0.74117647 0.85882353
v -0.25808030 0.42681098 -49.87518311 0.65098039 0.74117647 0.85882353
v -0.27039933 0.43232608 -49.86218643 0.65098039 0.74117647 0.85882353
v -0.26696700 0.42484051 -49.85516739 0.65098039 0.74117647 0.85882353
v -0.25404841 0.42013359 -49.86769485 0.65098039 0.74117647 0.85882353
v -0.26757914 0.41525716 -49.85181808 0.65098039 0.74117647 0.85882353
v -0.25405401 0.41069400 -49.86367035 0.65098039 0.74117647 0.85882353
v -0.27009416 0.40504551 -49.85100937 0.65098039 0.74117647 0.85882353
v -0.27455485 0.39710367 -49.85184097 0.65098039 0.74117647 0.85882353
v -0.26039803 0.39172399 -49.86234283 0.65098039 0.74117647 0.85882353
v -0.25625229 0.40062344 -49.86211395 0.65098039 0.74117647 0.85882353
v -0.25116336 0.37750012 -49.87443161 0.65098039 0.74117647 0.85882353
v -0.26637608 0.38421130 -49.86477661 0.65098039 0.74117647 0.85882353
v -0.27345622 0.37791634 -49.86954498 0.65098039 0.74117647 0.85882353
v -0.25826937 0.36974281 -49.87882996 0.65098039 0.74117647 0.85882353
v -0.30021966 0.38330185 -49.87273788 0.65098039 0.74117647 0.85882353
v -0.30331826 0.38765728 -49.87933731 0.65098039 0.74117647 0.85882353
v -0.29038686 0.37937820 -49.89188766 0.65098039 0.74117647 0.85882353
v -0.28671855 0.37445247 -49.88448334 0.65098039 0.74117647 0.85882353
v -0.27768922 0.38806868 -49.91491699 0.65098039 0.74117647 0.85882353
v -0.27819854 0.37831467 -49.91086960 0.65098039 0.74117647 0.85882353
v -0.29165852 0.38722181 -49.89783096 0.65098039 0.74117647 0.85882353
v -0.29125315 0.39671719 -49.90203476 0.65098039 0.74117647 0.85882353
v -0.30434543 0.40445262 -49.89093018 0.65098039 0.74117647 0.85882353
v -0.30022043 0.41453958 -49.88985062 0.65098039 0.74117647 0.85882353
v -0.28784895 0.40634859 -49.90205383 0.65098039 0.74117647 0.85882353
v -0.22175448 0.41207039 -49.91692352 0.65098039 0.74117647 0.85882353
v -0.23367412 0.41662639 -49.90310287 0.65098039 0.74117647 0.85882353
v -0.22839259 0.41129375 -49.89377213 0.65098039 0.74117647 0.85882353
v -0.24162377 0.39636934 -49.87298965 0.65098039 0.74117647 0.85882353
v -0.22680698 0.39215910 -49.88386536 0.65098039 0.74117647 0.85882353
v -0.22606377 0.40267581 -49.88719559 0.65098039 0.74117647 0.85882353
v -0.23998480 0.40642893 -49.87543869 0.65098039 0.74117647 0.85882353
v -0.22793268 0.35438913 -49.89684296 0.65098039 0.74117647 0.85882353
v -0.23609845 0.37112349 -49.88414764 0.65098039 0.74117647 0.85882353
v -0.24332707 0.36219877 -49.88819504 0.65098039 0.74117647 0.85882353
v -0.24568357 0.38667798 -49.87288666 0.65098039 0.74117647 0.85882353
v -0.23046397 0.38153261 -49.88315201 0.65098039 0.74117647 0.85882353
v -0.26605660 0.36531889 -49.88689804 0.65098039 0.74117647 0.85882353
v -0.28058231 0.37448335 -49.87672806 0.65098039 0.74117647 0.85882353
v -0.26120764 0.41695893 -49.90655518 0.65098039 0.74117647 0.85882353
v -0.26831955 0.40885943 -49.91250610 0.65098039 0.74117647 0.85882353
v -0.28180784 0.41556859 -49.89783859 0.65098039 0.74117647 0.85882353
v -0.27421474 0.42363107 -49.89210129 0.65098039 0.74117647 0.85882353
v -0.25098956 0.35735309 -49.89613724 0.65098039 0.74117647 0.85882353
v -0.25560081 0.40190458 -49.92752457 0.65098039 0.74117647 0.85882353
v -0.24870841 0.41055733 -49.92159653 0.65098039 0.74117647 0.85882353
v -0.27398843 0.39917028 -49.91590118 0.65098039 0.74117647 0.85882353
v -0.26093656 0.39133847 -49.92997742 0.65098039 0.74117647 0.85882353
v -0.28609979 0.43021512 -49.87916946 0.65098039 0.74117647 0.85882353
v -0.27767992 0.43456548 -49.87102127 0.65098039 0.74117647 0.85882353
v -0.24068479 0.41650331 -49.91309738 0.65098039 0.74117647 0.85882353
v -0.27233827 0.36545789 -49.89572906 0.65098039 0.74117647 0.85882353
v -0.27654719 0.37012744 -49.90419388 0.65098039 0.74117647 0.85882353
v -0.26260662 0.36112028 -49.91588211 0.65098039 0.74117647 0.85882353
v -0.25795269 0.35680461 -49.90614700 0.65098039 0.74117647 0.85882353
v -0.25016701 0.37128448 -49.94220352 0.65098039 0.74117647 0.85882353
v -0.26414132 0.36967307 -49.92381668 0.65098039 0.74117647 0.85882353
v -0.26372015 0.37992835 -49.92862701 0.65098039 0.74117647 0.85882353
v -0.30494559 0.39490920 -49.88585663 0.65098039 0.74117647 0.85882353
v -0.24805351 0.38312662 -49.94423676 0.65098039 0.74117647 0.85882353
v -0.33393061 0.43999410 -49.80445099 0.65098039 0.74117647 0.85882353
v -0.32603836 0.43429714 -49.80598831 0.65098039 0.74117647 0.85882353
v -0.32264131 0.44108844 -49.79741669 0.65098039 0.74117647 0.85882353
v -0.33051896 0.44688910 -49.79701233 0.65098039 0.74117647 0.85882353
v -0.30254388 0.42955071 -49.79758453 0.65098039 0.74117647 0.85882353
v -0.29141563 0.43292236 -49.80147552 0.65098039 0.74117647 0.85882353
v -0.29283118 0.44294822 -49.79285431 0.65098039 0.74117647 0.85882353
v -0.30220044 0.44000846 -49.78942871 0.65098039 0.74117647 0.85882353
v -0.32708967 0.45440710 -49.79233170 0.65098039 0.74117647 0.85882353
v -0.31987643 0.44816136 -49.79159546 0.65098039 0.74117647 0.85882353
v -0.32269454 0.46017349 -49.79235458 0.65098039 0.74117647 0.85882353
v -0.33082509 0.46702170 -49.79446030 0.65098039 0.74117647 0.85882353
v -0.33322179 0.46038711 -49.79175949 0.65098039 0.74117647 0.85882353
v -0.33733869 0.47163212 -49.79364777 0.65098039 0.74117647 0.85882353
v -0.32925141 0.47079951 -49.80580139 0.65098039 0.74117647 0.85882353
v -0.33996207 0.47500694 -49.80226898 0.65098039 0.74117647 0.85882353
v -0.34417117 0.46354783 -49.82798386 0.65098039 0.74117647 0.85882353
v -0.35029495 0.45704371 -49.83472061 0.65098039 0.74117647 0.85882353
v -0.36052477 0.46267956 -49.82619858 0.65098039 0.74117647 0.85882353
v -0.35382134 0.46841371 -49.81876373 0.65098039 0.74117647 0.85882353
v -0.36842430 0.44497126 -49.83634186 0.65098039 0.74117647 0.85882353
v -0.36534017 0.45446330 -49.83080673 0.65098039 0.74117647 0.85882353
v -0.35419500 0.44978338 -49.83931732 0.65098039 0.74117647 0.85882353
v -0.35726076 0.44134402 -49.84378052 0.65098039 0.74117647 0.85882353
v -0.34005839 0.43068922 -49.81630707 0.65098039 0.74117647 0.85882353
v -0.33309460 0.42419541 -49.81991577 0.65098039 0.74117647 0.85882353
v -0.32986891 0.42857093 -49.81491089 0.65098039 0.74117647 0.85882353
v -0.33713031 0.43452495 -49.81203079 0.65098039 0.74117647 0.85882353
v -0.31373411 0.46653986 -49.79091644 0.65098039 0.74117647 0.85882353
v -0.31617963 0.46605045 -49.80158234 0.65098039 0.74117647 0.85882353
v -0.32127488 0.46565461 -49.79702377 0.65098039 0.74117647 0.85882353
v -0.31600207 0.46408868 -49.78843689 0.65098039 0.74117647 0.85882353
v -0.32363719 0.39952946 -49.83246994 0.65098039 0.74117647 0.85882353
v -0.31399661 0.39612210 -49.83941269 0.65098039 0.74117647 0.85882353
v -0.30798918 0.40157723 -49.83526230 0.65098039 0.74117647 0.85882353
v -0.31778049 0.40403527 -49.82991791 0.65098039 0.74117647 0.85882353
v -0.29116803 0.41738641 -49.81793213 0.65098039 0.74117647 0.85882353
v -0.29299140 0.41262293 -49.82635498 0.65098039 0.74117647 0.85882353
v -0.28240222 0.42271334 -49.83126831 0.65098039 0.74117647 0.85882353
v -0.28353053 0.42829180 -49.82401276 0.65098039 0.74117647 0.85882353
v -0.29059470 0.42406332 -49.80973053 0.65098039 0.74117647 0.85882353
v -0.28437972 0.43417060 -49.81687164 0.65098039 0.74117647 0.85882353
v -0.28671241 0.44144547 -49.80823135 0.65098039 0.74117647 0.85882353
v -0.28923762 0.45001614 -49.79827118 0.65098039 0.74117647 0.85882353
v -0.32080239 0.39223784 -49.84661102 0.65098039 0.74117647 0.85882353
v -0.32919258 0.39325452 -49.84247589 0.65098039 0.74117647 0.85882353
v -0.37024093 0.48011148 -49.76045227 0.65098039 0.74117647 0.85882353
v -0.37446499 0.47623038 -49.76119614 0.65098039 0.74117647 0.85882353
v -0.37063396 0.47494763 -49.76499939 0.65098039 0.74117647 0.85882353
v -0.36630166 0.47884142 -49.76429367 0.65098039 0.74117647 0.85882353
v -0.33582044 0.40255833 -49.85988235 0.65098039 0.74117647 0.85882353
v -0.33581024 0.41188717 -49.86404419 0.65098039 0.74117647 0.85882353
v -0.32973713 0.40783125 -49.86696625 0.65098039 0.74117647 0.85882353
v -0.32886535 0.39935464 -49.86124802 0.65098039 0.74117647 0.85882353
v -0.34459180 0.40602881 -49.85759354 0.65098039 0.74117647 0.85882353
v -0.34319711 0.41687030 -49.86053085 0.65098039 0.74117647 0.85882353
v -0.37361962 0.49139893 -49.76604080 0.65098039 0.74117647 0.85882353
v -0.36980641 0.48897064 -49.76321411 0.65098039 0.74117647 0.85882353
v -0.36651856 0.48790777 -49.76798630 0.65098039 0.74117647 0.85882353
v -0.37053317 0.49012625 -49.77115250 0.65098039 0.74117647 0.85882353
v -0.33682936 0.45237279 -49.79451370 0.65098039 0.74117647 0.85882353
v -0.34030503 0.44573772 -49.80096054 0.65098039 0.74117647 0.85882353
v -0.35087943 0.45881307 -49.78733826 0.65098039 0.74117647 0.85882353
v -0.34702337 0.45135242 -49.79544067 0.65098039 0.74117647 0.85882353
v -0.34149724 0.45786303 -49.79043579 0.65098039 0.74117647 0.85882353
v -0.34567976 0.46311736 -49.78630829 0.65098039 0.74117647 0.85882353
v -0.35643017 0.43800747 -49.80923462 0.65098039 0.74117647 0.85882353
v -0.34914869 0.43327010 -49.81464005 0.65098039 0.74117647 0.85882353
v -0.34654605 0.43929511 -49.80925369 0.65098039 0.74117647 0.85882353
v -0.35397053 0.44373643 -49.80357361 0.65098039 0.74117647 0.85882353
v -0.35559386 0.42289990 -49.81975174 0.65098039 0.74117647 0.85882353
v -0.36293989 0.42780024 -49.81517792 0.65098039 0.74117647 0.85882353
v -0.36651617 0.42211568 -49.81761169 0.65098039 0.74117647 0.85882353
v -0.35958421 0.41812831 -49.82140732 0.65098039 0.74117647 0.85882353
v -0.37319326 0.44120777 -49.80290604 0.65098039 0.74117647 0.85882353
v -0.38002694 0.44672364 -49.79952240 0.65098039 0.74117647 0.85882353
v -0.38297409 0.44354570 -49.80287933 0.65098039 0.74117647 0.85882353
v -0.37631637 0.43737853 -49.80578232 0.65098039 0.74117647 0.85882353
v -0.32419062 0.40400738 -49.87050629 0.65098039 0.74117647 0.85882353
v -0.32213920 0.39624417 -49.86439133 0.65098039 0.74117647 0.85882353
v -0.37377757 0.42559785 -49.84377289 0.65098039 0.74117647 0.85882353
v -0.37363219 0.41484445 -49.84341431 0.65098039 0.74117647 0.85882353
v -0.38329262 0.41600013 -49.83866882 0.65098039 0.74117647 0.85882353
v -0.38275141 0.42713445 -49.83871841 0.65098039 0.74117647 0.85882353
v -0.33341968 0.42234540 -49.86423492 0.65098039 0.74117647 0.85882353
v -0.32776052 0.41825759 -49.86838150 0.65098039 0.74117647 0.85882353
v -0.37894070 0.49092352 -49.76874542 0.65098039 0.74117647 0.85882353
v -0.37583333 0.48972481 -49.77397919 0.65098039 0.74117647 0.85882353
v -0.29034090 0.44876599 -49.81617355 0.65098039 0.74117647 0.85882353
v -0.29244411 0.45662773 -49.80463791 0.65098039 0.74117647 0.85882353
v -0.28812599 0.44214535 -49.82530594 0.65098039 0.74117647 0.85882353
v -0.28601700 0.43739307 -49.83185959 0.65098039 0.74117647 0.85882353
v -0.28197378 0.43386865 -49.83799362 0.65098039 0.74117647 0.85882353
v -0.35393500 0.45085788 -49.79514694 0.65098039 0.74117647 0.85882353
v -0.34158438 0.43963689 -49.80794907 0.65098039 0.74117647 0.85882353
v -0.34203494 0.42701387 -49.81899643 0.65098039 0.74117647 0.85882353
v -0.35928899 0.40406954 -49.82956314 0.65098039 0.74117647 0.85882353
v -0.35342187 0.40052253 -49.83296585 0.65098039 0.74117647 0.85882353
v -0.34896886 0.40693486 -49.82657242 0.65098039 0.74117647 0.85882353
v -0.35578054 0.40952820 -49.82546616 0.65098039 0.74117647 0.85882353
v -0.37227499 0.40675187 -49.83816910 0.65098039 0.74117647 0.85882353
v -0.36974698 0.40577805 -49.83119202 0.65098039 0.74117647 0.85882353
v -0.37721360 0.40881145 -49.82740784 0.65098039 0.74117647 0.85882353
v -0.38091648 0.40884829 -49.83378983 0.65098039 0.74117647 0.85882353
v -0.30945730 0.46951115 -49.79198456 0.65098039 0.74117647 0.85882353
v -0.30898422 0.46577984 -49.80333710 0.65098039 0.74117647 0.85882353
v -0.33386493 0.39534545 -49.85240555 0.65098039 0.74117647 0.85882353
v -0.32587004 0.39357096 -49.85449600 0.65098039 0.74117647 0.85882353
v -0.31854337 0.39188159 -49.85787964 0.65098039 0.74117647 0.85882353
v -0.32579631 0.41317570 -49.82471848 0.65098039 0.74117647 0.85882353
v -0.31397736 0.40694404 -49.82765579 0.65098039 0.74117647 0.85882353
v -0.30995578 0.41007042 -49.82288742 0.65098039 0.74117647 0.85882353
v -0.32341105 0.41648537 -49.82164383 0.65098039 0.74117647 0.85882353
v -0.31663209 0.42619258 -49.80584335 0.65098039 0.74117647 0.85882353
v -0.30409628 0.42050761 -49.80686569 0.65098039 0.74117647 0.85882353
v -0.31396759 0.43414652 -49.79665756 0.65098039 0.74117647 0.85882353
v -0.30176216 0.40589434 -49.83156586 0.65098039 0.74117647 0.85882353
v -0.30024171 0.39980811 -49.84101486 0.65098039 0.74117647 0.85882353
v -0.29349071 0.40503109 -49.83693314 0.65098039 0.74117647 0.85882353
v -0.30735481 0.39457619 -49.84572601 0.65098039 0.74117647 0.85882353
v -0.31371319 0.39134008 -49.85153198 0.65098039 0.74117647 0.85882353
v -0.29217231 0.39660019 -49.84700775 0.65098039 0.74117647 0.85882353
v -0.28553587 0.40200508 -49.84329224 0.65098039 0.74117647 0.85882353
v -0.29958546 0.39203656 -49.85229874 0.65098039 0.74117647 0.85882353
v -0.30617338 0.38925076 -49.85789108 0.65098039 0.74117647 0.85882353
v -0.31433648 0.41094857 -49.88187408 0.65098039 0.74117647 0.85882353
v -0.31535047 0.40037477 -49.87720490 0.65098039 0.74117647 0.85882353
v -0.32197762 0.41456389 -49.87412262 0.65098039 0.74117647 0.85882353
v -0.27667344 0.42015469 -49.84050751 0.65098039 0.74117647 0.85882353
v -0.28692591 0.41263849 -49.83374405 0.65098039 0.74117647 0.85882353
v -0.28060162 0.40981054 -49.84076691 0.65098039 0.74117647 0.85882353
v -0.27611029 0.43037629 -49.84496307 0.65098039 0.74117647 0.85882353
v -0.30210328 0.44753420 -49.78418350 0.65098039 0.74117647 0.85882353
v -0.30270803 0.45363444 -49.77871323 0.65098039 0.74117647 0.85882353
v -0.31015933 0.45459849 -49.78005981 0.65098039 0.74117647 0.85882353
v -0.31039643 0.44965935 -49.78542709 0.65098039 0.74117647 0.85882353
v -0.34380436 0.47507155 -49.79134369 0.65098039 0.74117647 0.85882353
v -0.34295380 0.46939993 -49.78717041 0.65098039 0.74117647 0.85882353
v -0.33799678 0.46533698 -49.78981018 0.65098039 0.74117647 0.85882353
v -0.33391225 0.40067476 -49.83051682 0.65098039 0.74117647 0.85882353
v -0.33867055 0.39491808 -49.83936691 0.65098039 0.74117647 0.85882353
v -0.35640007 0.45712990 -49.78878403 0.65098039 0.74117647 0.85882353
v -0.36636287 0.48816687 -49.77676773 0.65098039 0.74117647 0.85882353
v -0.36235029 0.48577070 -49.77317429 0.65098039 0.74117647 0.85882353
v -0.35462773 0.48127556 -49.78164673 0.65098039 0.74117647 0.85882353
v -0.35899627 0.48441112 -49.78559113 0.65098039 0.74117647 0.85882353
v -0.36516762 0.46198219 -49.78741837 0.65098039 0.74117647 0.85882353
v -0.35935223 0.46172434 -49.78502655 0.65098039 0.74117647 0.85882353
v -0.36384118 0.46507204 -49.77965546 0.65098039 0.74117647 0.85882353
v -0.36935878 0.46669209 -49.78245163 0.65098039 0.74117647 0.85882353
v -0.38482493 0.43701410 -49.80651855 0.65098039 0.74117647 0.85882353
v -0.37954336 0.43201768 -49.80902863 0.65098039 0.74117647 0.85882353
v -0.36264551 0.46931422 -49.80665588 0.65098039 0.74117647 0.85882353
v -0.35396075 0.47719830 -49.80424881 0.65098039 0.74117647 0.85882353
v -0.34570485 0.47464257 -49.81220245 0.65098039 0.74117647 0.85882353
v -0.35972190 0.43276966 -49.81275558 0.65098039 0.74117647 0.85882353
v -0.36658657 0.43673635 -49.80746078 0.65098039 0.74117647 0.85882353
v -0.36990738 0.43245292 -49.81012344 0.65098039 0.74117647 0.85882353
v -0.35791713 0.45128322 -49.79502869 0.65098039 0.74117647 0.85882353
v -0.36060578 0.45575243 -49.79110718 0.65098039 0.74117647 0.85882353
v -0.36342502 0.45153654 -49.79514313 0.65098039 0.74117647 0.85882353
v -0.35922784 0.44687146 -49.79931641 0.65098039 0.74117647 0.85882353
v -0.36336863 0.41282904 -49.84903717 0.65098039 0.74117647 0.85882353
v -0.36205345 0.40232563 -49.84196854 0.65098039 0.74117647 0.85882353
v -0.36863917 0.48482758 -49.76132202 0.65098039 0.74117647 0.85882353
v -0.36502528 0.48376727 -49.76550293 0.65098039 0.74117647 0.85882353
v -0.31388527 0.39309716 -49.87013245 0.65098039 0.74117647 0.85882353
v -0.31082517 0.38942671 -49.86350632 0.65098039 0.74117647 0.85882353
v -0.35193324 0.42821252 -49.81770706 0.65098039 0.74117647 0.85882353
v -0.33662474 0.46875799 -49.81931686 0.65098039 0.74117647 0.85882353
v -0.34420139 0.42262059 -49.82115173 0.65098039 0.74117647 0.85882353
v -0.38657200 0.44087386 -49.82403183 0.65098039 0.74117647 0.85882353
v -0.38853216 0.43365836 -49.82166290 0.65098039 0.74117647 0.85882353
v -0.39171141 0.43794864 -49.81645203 0.65098039 0.74117647 0.85882353
v -0.39216238 0.44389051 -49.81964874 0.65098039 0.74117647 0.85882353
v -0.37634677 0.47237021 -49.77553177 0.65098039 0.74117647 0.85882353
v -0.37119091 0.47074866 -49.77191925 0.65098039 0.74117647 0.85882353
v -0.37603676 0.47370440 -49.76749802 0.65098039 0.74117647 0.85882353
v -0.38073558 0.47549558 -49.77091217 0.65098039 0.74117647 0.85882353
v -0.35408127 0.46318746 -49.78372574 0.65098039 0.74117647 0.85882353
v -0.34960979 0.46698308 -49.78296661 0.65098039 0.74117647 0.85882353
v -0.35462105 0.47076380 -49.77751160 0.65098039 0.74117647 0.85882353
v -0.35872608 0.46665835 -49.77792358 0.65098039 0.74117647 0.85882353
v -0.34786963 0.47262490 -49.78433990 0.65098039 0.74117647 0.85882353
v -0.35312629 0.47634447 -49.77886963 0.65098039 0.74117647 0.85882353
v -0.37939143 0.47728318 -49.77917480 0.65098039 0.74117647 0.85882353
v -0.37738216 0.48353684 -49.78116608 0.65098039 0.74117647 0.85882353
v -0.37069005 0.47890353 -49.78982162 0.65098039 0.74117647 0.85882353
v -0.37256676 0.47234637 -49.78637695 0.65098039 0.74117647 0.85882353
v -0.34651005 0.43752897 -49.85064697 0.65098039 0.74117647 0.85882353
v -0.34974390 0.42947930 -49.85385513 0.65098039 0.74117647 0.85882353
v -0.36068791 0.43231726 -49.84719467 0.65098039 0.74117647 0.85882353
v -0.37167346 0.43499571 -49.84034729 0.65098039 0.74117647 0.85882353
v -0.38063490 0.43611109 -49.83097839 0.65098039 0.74117647 0.85882353
v -0.37799627 0.44817549 -49.82827377 0.65098039 0.74117647 0.85882353
v -0.36283797 0.42389679 -49.84965897 0.65098039 0.74117647 0.85882353
v -0.36960155 0.46569264 -49.79620743 0.65098039 0.74117647 0.85882353
v -0.36589640 0.47289920 -49.79677582 0.65098039 0.74117647 0.85882353
v -0.37089324 0.46886992 -49.80118561 0.65098039 0.74117647 0.85882353
v -0.34812999 0.41617179 -49.82345581 0.65098039 0.74117647 0.85882353
v -0.36075211 0.48150659 -49.77039719 0.65098039 0.74117647 0.85882353
v -0.30078387 0.44547635 -49.84774017 0.65098039 0.74117647 0.85882353
v -0.30973405 0.44323111 -49.85611343 0.65098039 0.74117647 0.85882353
v -0.31776464 0.44687772 -49.85062408 0.65098039 0.74117647 0.85882353
v -0.30604452 0.44933271 -49.84161377 0.65098039 0.74117647 0.85882353
v -0.36613011 0.47218752 -49.76964569 0.65098039 0.74117647 0.85882353
v -0.36206758 0.47609967 -49.76878738 0.65098039 0.74117647 0.85882353
v -0.38401181 0.42848235 -49.81264496 0.65098039 0.74117647 0.85882353
v -0.38793504 0.43377054 -49.80984116 0.65098039 0.74117647 0.85882353
v -0.39131755 0.43343985 -49.81270599 0.65098039 0.74117647 0.85882353
v -0.38923043 0.42844570 -49.81550598 0.65098039 0.74117647 0.85882353
v -0.35231489 0.42125738 -49.85572052 0.65098039 0.74117647 0.85882353
v -0.39013541 0.41712642 -49.83424759 0.65098039 0.74117647 0.85882353
v -0.38957763 0.42775774 -49.83539581 0.65098039 0.74117647 0.85882353
v -0.34043574 0.42606503 -49.85974884 0.65098039 0.74117647 0.85882353
v -0.33682013 0.43443680 -49.85691833 0.65098039 0.74117647 0.85882353
v -0.32903558 0.43180996 -49.86172867 0.65098039 0.74117647 0.85882353
v -0.37556303 0.45709038 -49.81843948 0.65098039 0.74117647 0.85882353
v -0.34353107 0.44493133 -49.84678268 0.65098039 0.74117647 0.85882353
v -0.33363551 0.44120210 -49.85330582 0.65098039 0.74117647 0.85882353
v -0.32426494 0.43901277 -49.85813141 0.65098039 0.74117647 0.85882353
v -0.31717062 0.43639767 -49.86256027 0.65098039 0.74117647 0.85882353
v -0.32264739 0.42860961 -49.86623001 0.65098039 0.74117647 0.85882353
v -0.37201136 0.48772871 -49.77987289 0.65098039 0.74117647 0.85882353
v -0.38104993 0.48586428 -49.77533340 0.65098039 0.74117647 0.85882353
v -0.31573117 0.42514706 -49.87264252 0.65098039 0.74117647 0.85882353
v -0.30870479 0.42101544 -49.88076401 0.65098039 0.74117647 0.85882353
v -0.30277514 0.42844725 -49.87570572 0.65098039 0.74117647 0.85882353
v -0.31026345 0.43301082 -49.86816406 0.65098039 0.74117647 0.85882353
v -0.32928002 0.44758916 -49.84825897 0.65098039 0.74117647 0.85882353
v -0.32400143 0.45293015 -49.84254074 0.65098039 0.74117647 0.85882353
v -0.33971322 0.45162952 -49.84210968 0.65098039 0.74117647 0.85882353
v -0.33443010 0.45805991 -49.83575439 0.65098039 0.74117647 0.85882353
v -0.36928689 0.46597177 -49.81624603 0.65098039 0.74117647 0.85882353
v -0.39064479 0.48493862 -49.76236343 0.65098039 0.74117647 0.85882353
v -0.38598508 0.48217773 -49.76891708 0.65098039 0.74117647 0.85882353
v -0.38470721 0.47760499 -49.76659012 0.65098039 0.74117647 0.85882353
v -0.39000428 0.48075867 -49.76058197 0.65098039 0.74117647 0.85882353
v -0.38287264 0.48003894 -49.77395630 0.65098039 0.74117647 0.85882353
v -0.38403273 0.48744464 -49.77009583 0.65098039 0.74117647 0.85882353
v -0.32667589 0.46282548 -49.82633972 0.65098039 0.74117647 0.85882353
v -0.36812252 0.45706421 -49.79190063 0.65098039 0.74117647 0.85882353
v -0.31284684 0.45633721 -49.83171463 0.65098039 0.74117647 0.85882353
v -0.32023185 0.46745682 -49.81428528 0.65098039 0.74117647 0.85882353
v -0.30983347 0.46317965 -49.81682968 0.65098039 0.74117647 0.85882353
v -0.29511815 0.44832265 -49.83348083 0.65098039 0.74117647 0.85882353
v -0.29779291 0.45377630 -49.82442474 0.65098039 0.74117647 0.85882353
v -0.28736347 0.44021177 -49.84601212 0.65098039 0.74117647 0.85882353
v -0.29176831 0.44386667 -49.83988571 0.65098039 0.74117647 0.85882353
v -0.28032929 0.43712956 -49.85282516 0.65098039 0.74117647 0.85882353
v -0.29938686 0.46054333 -49.81204605 0.65098039 0.74117647 0.85882353
v -0.37566960 0.48136991 -49.75479889 0.65098039 0.74117647 0.85882353
v -0.38019484 0.47785622 -49.75595093 0.65098039 0.74117647 0.85882353
v -0.29504162 0.44232976 -49.85382080 0.65098039 0.74117647 0.85882353
v -0.28762954 0.43897235 -49.86104965 0.65098039 0.74117647 0.85882353
v -0.31203717 0.44266474 -49.78989029 0.65098039 0.74117647 0.85882353
v -0.33916813 0.41156149 -49.82530594 0.65098039 0.74117647 0.85882353
v -0.33666676 0.41681910 -49.82393646 0.65098039 0.74117647 0.85882353
v -0.34701997 0.39769602 -49.83615494 0.65098039 0.74117647 0.85882353
v -0.34224427 0.40408522 -49.82801437 0.65098039 0.74117647 0.85882353
v -0.29569411 0.43579322 -49.86932755 0.65098039 0.74117647 0.85882353
v -0.28098083 0.39099830 -49.85478210 0.65098039 0.74117647 0.85882353
v -0.28793043 0.38617051 -49.86026001 0.65098039 0.74117647 0.85882353
v -0.29400885 0.42255247 -49.88513184 0.65098039 0.74117647 0.85882353
v -0.37398326 0.48615158 -49.75505066 0.65098039 0.74117647 0.85882353
v -0.38463223 0.45166802 -49.80204773 0.65098039 0.74117647 0.85882353
v -0.38547021 0.45076096 -49.80429459 0.65098039 0.74117647 0.85882353
v -0.29411107 0.45029056 -49.78607941 0.65098039 0.74117647 0.85882353
v -0.29695278 0.45683163 -49.78001785 0.65098039 0.74117647 0.85882353
v -0.29736781 0.46737468 -49.78643036 0.65098039 0.74117647 0.85882353
v -0.29549098 0.46210492 -49.78271103 0.65098039 0.74117647 0.85882353
v -0.29148775 0.45668948 -49.78997040 0.65098039 0.74117647 0.85882353
v -0.29421121 0.46265453 -49.79515839 0.65098039 0.74117647 0.85882353
v -0.32799834 0.41012359 -49.82621765 0.65098039 0.74117647 0.85882353
v -0.33100164 0.40635765 -49.82765579 0.65098039 0.74117647 0.85882353
v -0.35366940 0.40972531 -49.85397720 0.65098039 0.74117647 0.85882353
v -0.35250813 0.39998627 -49.84704971 0.65098039 0.74117647 0.85882353
v -0.34909123 0.47792757 -49.78771973 0.65098039 0.74117647 0.85882353
v -0.34768790 0.47781128 -49.79761124 0.65098039 0.74117647 0.85882353
v -0.35340285 0.48064572 -49.79254532 0.65098039 0.74117647 0.85882353
v -0.36496401 0.48364431 -49.78941727 0.65098039 0.74117647 0.85882353
v -0.36945343 0.46315867 -49.79244995 0.65098039 0.74117647 0.85882353
v -0.36837453 0.46757805 -49.79077911 0.65098039 0.74117647 0.85882353
v -0.30681562 0.41420323 -49.81561279 0.65098039 0.74117647 0.85882353
v -0.32016343 0.42076445 -49.81529999 0.65098039 0.74117647 0.85882353
v -0.31686080 0.45379770 -49.78844070 0.65098039 0.74117647 0.85882353
v -0.31545323 0.45897722 -49.78502655 0.65098039 0.74117647 0.85882353
v -0.36236656 0.44159675 -49.80390549 0.65098039 0.74117647 0.85882353
v -0.38185239 0.46255326 -49.80953217 0.65098039 0.74117647 0.85882353
v -0.37605941 0.46872932 -49.80833817 0.65098039 0.74117647 0.85882353
v -0.36783725 0.44581491 -49.79947662 0.65098039 0.74117647 0.85882353
v -0.37875938 0.49277437 -49.75913239 0.65098039 0.74117647 0.85882353
v -0.37506020 0.49024171 -49.75635910 0.65098039 0.74117647 0.85882353
v -0.35965967 0.47982037 -49.79684830 0.65098039 0.74117647 0.85882353
v -0.37351972 0.42679799 -49.81308746 0.65098039 0.74117647 0.85882353
v -0.38333261 0.45499223 -49.81322479 0.65098039 0.74117647 0.85882353
v -0.38477421 0.45727658 -49.80639648 0.65098039 0.74117647 0.85882353
v -0.38633466 0.41104639 -49.83041763 0.65098039 0.74117647 0.85882353
v -0.30329198 0.43969399 -49.86201096 0.65098039 0.74117647 0.85882353
v -0.38024038 0.47496450 -49.76360703 0.65098039 0.74117647 0.85882353
v -0.38593054 0.47706199 -49.75823975 0.65098039 0.74117647 0.85882353
v -0.38847190 0.48906142 -49.76323318 0.65098039 0.74117647 0.85882353
v -0.38375914 0.49234295 -49.76210403 0.65098039 0.74117647 0.85882353
v -0.34322292 0.39752614 -49.85033798 0.65098039 0.74117647 0.85882353
v -0.33488446 0.42075765 -49.82233810 0.65098039 0.74117647 0.85882353
v -0.29484576 0.38351023 -49.86647415 0.65098039 0.74117647 0.85882353
v -0.30059707 0.46582389 -49.80068207 0.65098039 0.74117647 0.85882353
v -0.30283475 0.47053820 -49.79031754 0.65098039 0.74117647 0.85882353
v -0.37307531 0.45011419 -49.79580688 0.65098039 0.74117647 0.85882353
v -0.38807559 0.43264467 -49.82871628 0.65098039 0.74117647 0.85882353
v -0.38506019 0.45030570 -49.82285690 0.65098039 0.74117647 0.85882353
v -0.39072794 0.45210183 -49.81901169 0.65098039 0.74117647 0.85882353
v -0.38812691 0.45612669 -49.81271362 0.65098039 0.74117647 0.85882353
v -0.38786358 0.45452344 -49.80704498 0.65098039 0.74117647 0.85882353
v -0.39238745 0.49060184 -49.75821304 0.65098039 0.74117647 0.85882353
v -0.38791150 0.49385208 -49.75685501 0.65098039 0.74117647 0.85882353
v -0.38322163 0.49442363 -49.75374222 0.65098039 0.74117647 0.85882353
v -0.37950617 0.49160928 -49.75144577 0.65098039 0.74117647 0.85882353
v -0.37824041 0.48734868 -49.75080872 0.65098039 0.74117647 0.85882353
v -0.39434314 0.48679006 -49.75753021 0.65098039 0.74117647 0.85882353
v -0.39348632 0.48262644 -49.75606537 0.65098039 0.74117647 0.85882353
v -0.38946998 0.47905898 -49.75412369 0.65098039 0.74117647 0.85882353
v -0.39768785 0.48783946 -49.75334167 0.65098039 0.74117647 0.85882353
v -0.39641279 0.49203396 -49.75303268 0.65098039 0.74117647 0.85882353
v -0.39032501 0.49655521 -49.74305725 0.65098039 0.74117647 0.85882353
v -0.38791865 0.49616206 -49.74835968 0.65098039 0.74117647 0.85882353
v -0.39174843 0.49646699 -49.74726868 0.65098039 0.74117647 0.85882353
v -0.39354521 0.49725294 -49.74421310 0.65098039 0.74117647 0.85882353
v -0.39638525 0.49772441 -49.74106979 0.65098039 0.74117647 0.85882353
v -0.39367169 0.49645382 -49.73949814 0.65098039 0.74117647 0.85882353
v -0.39392668 0.49557221 -49.74972153 0.65098039 0.74117647 0.85882353
v -0.39682806 0.49637777 -49.74665070 0.65098039 0.74117647 0.85882353
v -0.39957857 0.49384838 -49.74797440 0.65098039 0.74117647 0.85882353
v -0.40250665 0.49471951 -49.74483109 0.65098039 0.74117647 0.85882353
v -0.39993101 0.49722886 -49.74339676 0.65098039 0.74117647 0.85882353
v -0.39670730 0.49376869 -49.75042725 0.65098039 0.74117647 0.85882353
v -0.39153659 0.49501848 -49.75260544 0.65098039 0.74117647 0.85882353
v -0.39773113 0.49637818 -49.73737717 0.65098039 0.74117647 0.85882353
v -0.39879256 0.49795741 -49.73907089 0.65098039 0.74117647 0.85882353
v -0.40227246 0.49764401 -49.74017715 0.65098039 0.74117647 0.85882353
v -0.40254742 0.49562484 -49.73791885 0.65098039 0.74117647 0.85882353
v -0.38350195 0.49276567 -49.74741745 0.65098039 0.74117647 0.85882353
v -0.38803464 0.49356759 -49.74245834 0.65098039 0.74117647 0.85882353
v -0.39248872 0.49365103 -49.73859787 0.65098039 0.74117647 0.85882353
v -0.39706463 0.49354714 -49.73651505 0.65098039 0.74117647 0.85882353
v -0.38789815 0.48992556 -49.74176788 0.65098039 0.74117647 0.85882353
v -0.39295173 0.49054265 -49.73848724 0.65098039 0.74117647 0.85882353
v -0.39696670 0.49059367 -49.73695374 0.65098039 0.74117647 0.85882353
v -0.38986200 0.48634470 -49.74158478 0.65098039 0.74117647 0.85882353
v -0.39452797 0.48791146 -49.73865128 0.65098039 0.74117647 0.85882353
v -0.38366866 0.48428619 -49.74700165 0.65098039 0.74117647 0.85882353
v -0.38214874 0.48854351 -49.74700546 0.65098039 0.74117647 0.85882353
v -0.39713377 0.48886895 -49.73762131 0.65098039 0.74117647 0.85882353
v -0.40182543 0.49264950 -49.73726654 0.65098039 0.74117647 0.85882353
v -0.40077621 0.49135691 -49.74907303 0.65098039 0.74117647 0.85882353
v -0.40379691 0.49214858 -49.74508667 0.65098039 0.74117647 0.85882353
v -0.40129989 0.48850727 -49.74883270 0.65098039 0.74117647 0.85882353
v -0.40405834 0.48948038 -49.74450302 0.65098039 0.74117647 0.85882353
v -0.40525877 0.49368405 -49.74110413 0.65098039 0.74117647 0.85882353
v -0.40436888 0.49578536 -49.74202347 0.65098039 0.74117647 0.85882353
v -0.37967622 0.48257768 -49.75098038 0.65098039 0.74117647 0.85882353
v -0.38431913 0.47951454 -49.75233841 0.65098039 0.74117647 0.85882353
v -0.38805497 0.48101062 -49.74823380 0.65098039 0.74117647 0.85882353
v -0.39362800 0.48310089 -49.74284744 0.65098039 0.74117647 0.85882353
v -0.39281416 0.48071182 -49.75040054 0.65098039 0.74117647 0.85882353
v -0.39667088 0.48395205 -49.75208282 0.65098039 0.74117647 0.85882353
v -0.40032214 0.48558044 -49.74766541 0.65098039 0.74117647 0.85882353
v -0.39771771 0.48307532 -49.74567032 0.65098039 0.74117647 0.85882353
v -0.40282196 0.48707128 -49.74349213 0.65098039 0.74117647 0.85882353
v -0.40065646 0.48564595 -49.74188995 0.65098039 0.74117647 0.85882353
v -0.39755857 0.48609304 -49.73984146 0.65098039 0.74117647 0.85882353
v -0.40325075 0.48863000 -49.73999786 0.65098039 0.74117647 0.85882353
v -0.40477550 0.49101794 -49.74039078 0.65098039 0.74117647 0.85882353
v -0.40079540 0.49010420 -49.73765564 0.65098039 0.74117647 0.85882353
v -0.40149224 0.48741597 -49.73990631 0.65098039 0.74117647 0.85882353
v -0.39945430 0.48818171 -49.73852921 0.65098039 0.74117647 0.85882353
v -0.39863515 0.46835810 -49.77042389 0.65098039 0.74117647 0.85882353
v -0.40225607 0.46457499 -49.77204514 0.65098039 0.74117647 0.85882353
v -0.39687651 0.46338040 -49.77694321 0.65098039 0.74117647 0.85882353
v -0.39337677 0.46707684 -49.77528763 0.65098039 0.74117647 0.85882353
v -0.39911366 0.48021841 -49.77625656 0.65098039 0.74117647 0.85882353
v -0.39649475 0.47679347 -49.77211380 0.65098039 0.74117647 0.85882353
v -0.39172733 0.47613263 -49.77718353 0.65098039 0.74117647 0.85882353
v -0.39460951 0.47937876 -49.78153610 0.65098039 0.74117647 0.85882353
v -0.40379226 0.47904122 -49.78071213 0.65098039 0.74117647 0.85882353
v -0.39957374 0.47790277 -49.78612518 0.65098039 0.74117647 0.85882353
v -0.38889831 0.47770727 -49.78712463 0.65098039 0.74117647 0.85882353
v -0.38613153 0.47424394 -49.78259277 0.65098039 0.74117647 0.85882353
v -0.37671888 0.46879959 -49.79113007 0.65098039 0.74117647 0.85882353
v -0.37867326 0.47285855 -49.79544067 0.65098039 0.74117647 0.85882353
v -0.38517189 0.45261633 -49.79350281 0.65098039 0.74117647 0.85882353
v -0.38921744 0.45501530 -49.79679489 0.65098039 0.74117647 0.85882353
v -0.39669478 0.47248191 -49.77018356 0.65098039 0.74117647 0.85882353
v -0.39166909 0.47139728 -49.77516174 0.65098039 0.74117647 0.85882353
v -0.39840090 0.46051502 -49.78830719 0.65098039 0.74117647 0.85882353
v -0.39485532 0.45892644 -49.78468704 0.65098039 0.74117647 0.85882353
v -0.40083843 0.46191400 -49.77964020 0.65098039 0.74117647 0.85882353
v -0.40438169 0.46304405 -49.78297424 0.65098039 0.74117647 0.85882353
v -0.37644380 0.45942950 -49.78852081 0.65098039 0.74117647 0.85882353
v -0.38019180 0.45472103 -49.79054260 0.65098039 0.74117647 0.85882353
v -0.37608171 0.46434987 -49.78897476 0.65098039 0.74117647 0.85882353
v -0.40069121 0.46447921 -49.79196167 0.65098039 0.74117647 0.85882353
v -0.39950693 0.47042000 -49.79372025 0.65098039 0.74117647 0.85882353
v -0.38945776 0.46676528 -49.80275726 0.65098039 0.74117647 0.85882353
v -0.39134270 0.46041262 -49.80062485 0.65098039 0.74117647 0.85882353
v -0.38585144 0.46928984 -49.78048325 0.65098039 0.74117647 0.85882353
v -0.39054573 0.46044254 -49.78184891 0.65098039 0.74117647 0.85882353
v -0.38716644 0.46443689 -49.78015518 0.65098039 0.74117647 0.85882353
v -0.39417416 0.47608805 -49.79192734 0.65098039 0.74117647 0.85882353
v -0.40466505 0.47202802 -49.78767395 0.65098039 0.74117647 0.85882353
v -0.41633397 0.47128755 -49.77417374 0.65098039 0.74117647 0.85882353
v -0.41042119 0.46862328 -49.78092957 0.65098039 0.74117647 0.85882353
v -0.40958214 0.46461487 -49.77823257 0.65098039 0.74117647 0.85882353
v -0.41631186 0.46735156 -49.77174377 0.65098039 0.74117647 0.85882353
v -0.40612698 0.46658516 -49.78599167 0.65098039 0.74117647 0.85882353
v -0.40868539 0.47377735 -49.78232956 0.65098039 0.74117647 0.85882353
v -0.40613627 0.47024107 -49.76325989 0.65098039 0.74117647 0.85882353
v -0.40992320 0.46669608 -49.76515961 0.65098039 0.74117647 0.85882353
v -0.40393311 0.47422498 -49.76305389 0.65098039 0.74117647 0.85882353
v -0.38415283 0.47263640 -49.80115128 0.65098039 0.74117647 0.85882353
v -0.40565062 0.48153925 -49.76897049 0.65098039 0.74117647 0.85882353
v -0.40364766 0.47806013 -49.76497650 0.65098039 0.74117647 0.85882353
v -0.40630490 0.46306264 -49.77475739 0.65098039 0.74117647 0.85882353
v -0.41357470 0.46522951 -49.76826096 0.65098039 0.74117647 0.85882353
v -0.41438413 0.47612584 -49.77520752 0.65098039 0.74117647 0.85882353
v -0.40977085 0.48065382 -49.77354813 0.65098039 0.74117647 0.85882353
v -0.41933066 0.47751391 -49.76937866 0.65098039 0.74117647 0.85882353
v -0.41522843 0.48168594 -49.76756668 0.65098039 0.74117647 0.85882353
v -0.41131973 0.48284936 -49.76337433 0.65098039 0.74117647 0.85882353
v -0.40890265 0.47928566 -49.76005936 0.65098039 0.74117647 0.85882353
v -0.40890300 0.47543502 -49.75895309 0.65098039 0.74117647 0.85882353
v -0.42105663 0.47312683 -49.76884460 0.65098039 0.74117647 0.85882353
v -0.42064220 0.46938276 -49.76714706 0.65098039 0.74117647 0.85882353
v -0.41790539 0.46693218 -49.76441193 0.65098039 0.74117647 0.85882353
v -0.42603225 0.47447604 -49.76402664 0.65098039 0.74117647 0.85882353
v -0.42506522 0.47895801 -49.76383972 0.65098039 0.74117647 0.85882353
v -0.42499620 0.48488766 -49.74921799 0.65098039 0.74117647 0.85882353
v -0.42062855 0.48470426 -49.75300980 0.65098039 0.74117647 0.85882353
v -0.42357767 0.48510861 -49.75471115 0.65098039 0.74117647 0.85882353
v -0.42708153 0.48627627 -49.75126266 0.65098039 0.74117647 0.85882353
v -0.41728765 0.48432052 -49.75820160 0.65098039 0.74117647 0.85882353
v -0.42150080 0.48448491 -49.75768280 0.65098039 0.74117647 0.85882353
v -0.42366683 0.48329103 -49.75984955 0.65098039 0.74117647 0.85882353
v -0.42691463 0.48432314 -49.75720215 0.65098039 0.74117647 0.85882353
v -0.42926079 0.48115569 -49.75852966 0.65098039 0.74117647 0.85882353
v -0.43296039 0.48235095 -49.75561905 0.65098039 0.74117647 0.85882353
v -0.43074787 0.48584062 -49.75398636 0.65098039 0.74117647 0.85882353
v -0.42609489 0.48102051 -49.76094437 0.65098039 0.74117647 0.85882353
v -0.43031305 0.48680729 -49.74909210 0.65098039 0.74117647 0.85882353
v -0.42998910 0.48480427 -49.74750137 0.65098039 0.74117647 0.85882353
v -0.42043573 0.48283744 -49.76287842 0.65098039 0.74117647 0.85882353
v -0.41357595 0.48078579 -49.75609207 0.65098039 0.74117647 0.85882353
v -0.41862184 0.48169678 -49.75152588 0.65098039 0.74117647 0.85882353
v -0.42418361 0.48180002 -49.74811554 0.65098039 0.74117647 0.85882353
v -0.42963487 0.48149377 -49.74670410 0.65098039 0.74117647 0.85882353
v -0.41887772 0.47771078 -49.75071716 0.65098039 0.74117647 0.85882353
v -0.42461246 0.47843653 -49.74763107 0.65098039 0.74117647 0.85882353
v -0.42936265 0.47873914 -49.74682617 0.65098039 0.74117647 0.85882353
v -0.42071909 0.47362310 -49.75096893 0.65098039 0.74117647 0.85882353
v -0.42617339 0.47550452 -49.74802399 0.65098039 0.74117647 0.85882353
v -0.41451931 0.47230750 -49.75618744 0.65098039 0.74117647 0.85882353
v -0.41294223 0.47652829 -49.75552750 0.65098039 0.74117647 0.85882353
v -0.42919368 0.47679764 -49.74745941 0.65098039 0.74117647 0.85882353
v -0.43484366 0.48433280 -49.74863434 0.65098039 0.74117647 0.85882353
v -0.43414670 0.48106050 -49.74781036 0.65098039 0.74117647 0.85882353
v -0.43423373 0.48706639 -49.75058746 0.65098039 0.74117647 0.85882353
v -0.42990458 0.47848505 -49.75909042 0.65098039 0.74117647 0.85882353
v -0.43368983 0.47959590 -49.75563812 0.65098039 0.74117647 0.85882353
v -0.43069816 0.47579497 -49.75949478 0.65098039 0.74117647 0.85882353
v -0.43448967 0.47724479 -49.75542831 0.65098039 0.74117647 0.85882353
v -0.43637711 0.48180187 -49.75220871 0.65098039 0.74117647 0.85882353
v -0.43559450 0.48386967 -49.75303268 0.65098039 0.74117647 0.85882353
v -0.41067791 0.47152734 -49.75951004 0.65098039 0.74117647 0.85882353
v -0.41409844 0.46817064 -49.76153946 0.65098039 0.74117647 0.85882353
v -0.41792375 0.46873832 -49.75801468 0.65098039 0.74117647 0.85882353
v -0.42418331 0.47031873 -49.75286865 0.65098039 0.74117647 0.85882353
v -0.42158180 0.46790826 -49.76103973 0.65098039 0.74117647 0.85882353
v -0.42497039 0.47076738 -49.76306915 0.65098039 0.74117647 0.85882353
v -0.42992979 0.47259998 -49.75842667 0.65098039 0.74117647 0.85882353
v -0.42760193 0.47007418 -49.75602722 0.65098039 0.74117647 0.85882353
v -0.43357342 0.47465283 -49.75433731 0.65098039 0.74117647 0.85882353
v -0.43155408 0.47258961 -49.75241089 0.65098039 0.74117647 0.85882353
v -0.42877203 0.47299868 -49.74985886 0.65098039 0.74117647 0.85882353
v -0.43485492 0.47653264 -49.75072098 0.65098039 0.74117647 0.85882353
v -0.43634093 0.47914571 -49.75137711 0.65098039 0.74117647 0.85882353
v -0.43280619 0.47798860 -49.74787521 0.65098039 0.74117647 0.85882353
v -0.43307525 0.47472024 -49.75024796 0.65098039 0.74117647 0.85882353
v -0.43131167 0.47561342 -49.74851227 0.65098039 0.74117647 0.85882353
v -0.41019148 0.45179874 -49.78730392 0.65098039 0.74117647 0.85882353
v -0.41198802 0.44672185 -49.78850937 0.65098039 0.74117647 0.85882353
v -0.40729457 0.44613469 -49.79259491 0.65098039 0.74117647 0.85882353
v -0.40558821 0.45110917 -49.79104614 0.65098039 0.74117647 0.85882353
v -0.41315919 0.46106696 -49.79383850 0.65098039 0.74117647 0.85882353
v -0.41146541 0.45986146 -49.79072189 0.65098039 0.74117647 0.85882353
v -0.40631223 0.45939016 -49.79446411 0.65098039 0.74117647 0.85882353
v -0.40769362 0.46094066 -49.79844284 0.65098039 0.74117647 0.85882353
v -0.41632009 0.45916760 -49.79761505 0.65098039 0.74117647 0.85882353
v -0.41090864 0.45843208 -49.80283356 0.65098039 0.74117647 0.85882353
v -0.40230227 0.46025360 -49.80274582 0.65098039 0.74117647 0.85882353
v -0.40090448 0.45824903 -49.79795837 0.65098039 0.74117647 0.85882353
v -0.39276445 0.45527327 -49.80366898 0.65098039 0.74117647 0.85882353
v -0.39417583 0.45800054 -49.80884552 0.65098039 0.74117647 0.85882353
v -0.41051495 0.45653403 -49.78831100 0.65098039 0.74117647 0.85882353
v -0.40557265 0.45582592 -49.79190826 0.65098039 0.74117647 0.85882353
v -0.40630847 0.44120741 -49.80200195 0.65098039 0.74117647 0.85882353
v -0.40397698 0.44121557 -49.79895020 0.65098039 0.74117647 0.85882353
v -0.40983653 0.44330722 -49.79523849 0.65098039 0.74117647 0.85882353
v -0.41203690 0.44340211 -49.79811096 0.65098039 0.74117647 0.85882353
v -0.39035761 0.44544679 -49.80090332 0.65098039 0.74117647 0.85882353
v -0.39160746 0.44039977 -49.80288315 0.65098039 0.74117647 0.85882353
v -0.39128828 0.45064956 -49.80120087 0.65098039 0.74117647 0.85882353
v -0.40859419 0.44456601 -49.80593491 0.65098039 0.74117647 0.85882353
v -0.40866560 0.45074600 -49.80908966 0.65098039 0.74117647 0.85882353
v -0.39962411 0.44712949 -49.81512070 0.65098039 0.74117647 0.85882353
v -0.39871341 0.44112951 -49.81187439 0.65098039 0.74117647 0.85882353
v -0.40020138 0.45428044 -49.79510880 0.65098039 0.74117647 0.85882353
v -0.40144467 0.44393945 -49.79592896 0.65098039 0.74117647 0.85882353
v -0.39988917 0.44920725 -49.79428101 0.65098039 0.74117647 0.85882353
v -0.40550810 0.45719349 -49.80774307 0.65098039 0.74117647 0.85882353
v -0.41375911 0.45228767 -49.80426407 0.65098039 0.74117647 0.85882353
v -0.42667377 0.45029676 -49.79079437 0.65098039 0.74117647 0.85882353
v -0.41895890 0.44779682 -49.79751205 0.65098039 0.74117647 0.85882353
v -0.41737539 0.44401491 -49.79428482 0.65098039 0.74117647 0.85882353
v -0.42554557 0.44654787 -49.78820801 0.65098039 0.74117647 0.85882353
v -0.41403151 0.44633198 -49.80178070 0.65098039 0.74117647 0.85882353
v -0.41895121 0.45367914 -49.79919815 0.65098039 0.74117647 0.85882353
v -0.41775894 0.45278692 -49.78137970 0.65098039 0.74117647 0.85882353
v -0.41967261 0.44805717 -49.78261948 0.65098039 0.74117647 0.85882353
v -0.41789949 0.45717299 -49.78224564 0.65098039 0.74117647 0.85882353
v -0.39741367 0.45461881 -49.81417084 0.65098039 0.74117647 0.85882353
v -0.39664572 0.43698043 -49.80823898 0.65098039 0.74117647 0.85882353
v -0.42066747 0.46185672 -49.78683853 0.65098039 0.74117647 0.85882353
v -0.41895086 0.46056461 -49.78419113 0.65098039 0.74117647 0.85882353
v -0.41476321 0.44354945 -49.79127121 0.65098039 0.74117647 0.85882353
v -0.42269397 0.44532973 -49.78530884 0.65098039 0.74117647 0.85882353
v -0.42623150 0.45553744 -49.79203033 0.65098039 0.74117647 0.85882353
v -0.42355204 0.46053183 -49.79060364 0.65098039 0.74117647 0.85882353
v -0.43138093 0.45663846 -49.78738403 0.65098039 0.74117647 0.85882353
v -0.42865586 0.46126312 -49.78566742 0.65098039 0.74117647 0.85882353
v -0.42601818 0.46297681 -49.78205109 0.65098039 0.74117647 0.85882353
v -0.42401874 0.46114624 -49.77955246 0.65098039 0.74117647 0.85882353
v -0.42283082 0.45758611 -49.77820969 0.65098039 0.74117647 0.85882353
v -0.43195182 0.45176512 -49.78615952 0.65098039 0.74117647 0.85882353
v -0.43055212 0.44858414 -49.78409576 0.65098039 0.74117647 0.85882353
v -0.42723942 0.44698548 -49.78176117 0.65098039 0.74117647 0.85882353
v -0.43585116 0.45258063 -49.78285599 0.65098039 0.74117647 0.85882353
v -0.43587244 0.45754814 -49.78309631 0.65098039 0.74117647 0.85882353
v -0.43846327 0.46494424 -49.76943588 0.65098039 0.74117647 0.85882353
v -0.43459773 0.46443331 -49.77255249 0.65098039 0.74117647 0.85882353
v -0.43639028 0.46398288 -49.77405167 0.65098039 0.74117647 0.85882353
v -0.43985325 0.46519965 -49.77133179 0.65098039 0.74117647 0.85882353
v -0.43108010 0.46385294 -49.77762604 0.65098039 0.74117647 0.85882353
v -0.43414676 0.46361971 -49.77694321 0.65098039 0.74117647 0.85882353
v -0.43558818 0.46228200 -49.77950287 0.65098039 0.74117647 0.85882353
v -0.43882018 0.46311820 -49.77687836 0.65098039 0.74117647 0.85882353
v -0.43982929 0.45918995 -49.77846527 0.65098039 0.74117647 0.85882353
v -0.44322056 0.46006954 -49.77576828 0.65098039 0.74117647 0.85882353
v -0.44223189 0.46395570 -49.77399826 0.65098039 0.74117647 0.85882353
v -0.43723738 0.45969307 -49.78076172 0.65098039 0.74117647 0.85882353
v -0.44253635 0.46551865 -49.76980209 0.65098039 0.74117647 0.85882353
v -0.44223541 0.46480298 -49.76796341 0.65098039 0.74117647 0.85882353
v -0.43283695 0.46188879 -49.78193665 0.65098039 0.74117647 0.85882353
v -0.42802721 0.46179348 -49.77549362 0.65098039 0.74117647 0.85882353
v -0.43239635 0.46242529 -49.77109528 0.65098039 0.74117647 0.85882353
v -0.43711412 0.46280974 -49.76777267 0.65098039 0.74117647 0.85882353
v -0.44106919 0.46215510 -49.76668167 0.65098039 0.74117647 0.85882353
v -0.43135571 0.45883787 -49.77044678 0.65098039 0.74117647 0.85882353
v -0.43607521 0.45939797 -49.76728058 0.65098039 0.74117647 0.85882353
v -0.43968260 0.45904070 -49.76647568 0.65098039 0.74117647 0.85882353
v -0.43138611 0.45494914 -49.77083969 0.65098039 0.74117647 0.85882353
v -0.43612015 0.45613444 -49.76780701 0.65098039 0.74117647 0.85882353
v -0.42646217 0.45404953 -49.77504730 0.65098039 0.74117647 0.85882353
v -0.42663789 0.45805371 -49.77474213 0.65098039 0.74117647 0.85882353
v -0.43884552 0.45693678 -49.76710129 0.65098039 0.74117647 0.85882353
v -0.44539392 0.46272874 -49.76954651 0.65098039 0.74117647 0.85882353
v -0.44443434 0.45973098 -49.76826477 0.65098039 0.74117647 0.85882353
v -0.44498432 0.46444720 -49.77153397 0.65098039 0.74117647 0.85882353
v -0.44001800 0.45650816 -49.77930832 0.65098039 0.74117647 0.85882353
v -0.44338340 0.45737606 -49.77597809 0.65098039 0.74117647 0.85882353
v -0.43952513 0.45341390 -49.77877426 0.65098039 0.74117647 0.85882353
v -0.44307125 0.45486003 -49.77512741 0.65098039 0.74117647 0.85882353
v -0.44567710 0.45938486 -49.77292252 0.65098039 0.74117647 0.85882353
v -0.44537401 0.46126914 -49.77359772 0.65098039 0.74117647 0.85882353
v -0.42262816 0.45346171 -49.77806091 0.65098039 0.74117647 0.85882353
v -0.42410380 0.44932556 -49.77952576 0.65098039 0.74117647 0.85882353
v -0.42781419 0.45024645 -49.77651215 0.65098039 0.74117647 0.85882353
v -0.43308234 0.45130652 -49.77217102 0.65098039 0.74117647 0.85882353
v -0.43061572 0.44807208 -49.77875900 0.65098039 0.74117647 0.85882353
v -0.43392730 0.44966882 -49.78086853 0.65098039 0.74117647 0.85882353
v -0.43810779 0.45094377 -49.77715302 0.65098039 0.74117647 0.85882353
v -0.43566632 0.44957125 -49.77479935 0.65098039 0.74117647 0.85882353
v -0.44177216 0.45273292 -49.77371979 0.65098039 0.74117647 0.85882353
v -0.43988866 0.45157576 -49.77162552 0.65098039 0.74117647 0.85882353
v -0.43769008 0.45314515 -49.76919937 0.65098039 0.74117647 0.85882353
v -0.44353604 0.45482910 -49.77074814 0.65098039 0.74117647 0.85882353
v -0.44505244 0.45688409 -49.77185059 0.65098039 0.74117647 0.85882353
v -0.44253176 0.45713449 -49.76788712 0.65098039 0.74117647 0.85882353
v -0.44172293 0.45353687 -49.77003098 0.65098039 0.74117647 0.85882353
v -0.44046706 0.45519799 -49.76811218 0.65098039 0.74117647 0.85882353
v -0.39397520 0.43748516 -49.80575943 0.65098039 0.74117647 0.85882353
v -0.41257918 0.42534351 -49.80990982 0.65098039 0.74117647 0.85882353
v -0.41259956 0.42134058 -49.81092072 0.65098039 0.74117647 0.85882353
v -0.40839869 0.42146450 -49.81320572 0.65098039 0.74117647 0.85882353
v -0.40829527 0.42528445 -49.81235886 0.65098039 0.74117647 0.85882353
v -0.41684419 0.43309033 -49.81630707 0.65098039 0.74117647 0.85882353
v -0.41501397 0.43267745 -49.81271744 0.65098039 0.74117647 0.85882353
v -0.41020262 0.43300545 -49.81526184 0.65098039 0.74117647 0.85882353
v -0.41203463 0.43367624 -49.81939316 0.65098039 0.74117647 0.85882353
v -0.41837543 0.42921585 -49.81987762 0.65098039 0.74117647 0.85882353
v -0.41369021 0.42956775 -49.82324600 0.65098039 0.74117647 0.85882353
v -0.40592688 0.43360752 -49.82200623 0.65098039 0.74117647 0.85882353
v -0.40433925 0.43290246 -49.81749725 0.65098039 0.74117647 0.85882353
v -0.39518291 0.43200493 -49.82111740 0.65098039 0.74117647 0.85882353
v -0.39590770 0.43307114 -49.82619858 0.65098039 0.74117647 0.85882353
v -0.39046377 0.41306150 -49.82746506 0.65098039 0.74117647 0.85882353
v -0.38811022 0.41392505 -49.82332230 0.65098039 0.74117647 0.85882353
v -0.39511430 0.41547865 -49.82065964 0.65098039 0.74117647 0.85882353
v -0.39658380 0.41392624 -49.82446289 0.65098039 0.74117647 0.85882353
v -0.41366732 0.42944741 -49.81057739 0.65098039 0.74117647 0.85882353
v -0.40895230 0.42957366 -49.81290817 0.65098039 0.74117647 0.85882353
v -0.40571946 0.41568780 -49.82028961 0.65098039 0.74117647 0.85882353
v -0.40431541 0.41723007 -49.81683731 0.65098039 0.74117647 0.85882353
v -0.40933073 0.41829967 -49.81520081 0.65098039 0.74117647 0.85882353
v -0.41084462 0.41675478 -49.81816101 0.65098039 0.74117647 0.85882353
v -0.38707215 0.41708148 -49.81964493 0.65098039 0.74117647 0.85882353
v -0.38701433 0.42202801 -49.81683731 0.65098039 0.74117647 0.85882353
v -0.39367884 0.42357576 -49.81718445 0.65098039 0.74117647 0.85882353
v -0.39434779 0.41883993 -49.81803131 0.65098039 0.74117647 0.85882353
v -0.39443332 0.42773020 -49.81797028 0.65098039 0.74117647 0.85882353
v -0.40718192 0.41732866 -49.82404709 0.65098039 0.74117647 0.85882353
v -0.40825158 0.42257142 -49.82658768 0.65098039 0.74117647 0.85882353
v -0.39821976 0.42058843 -49.83160782 0.65098039 0.74117647 0.85882353
v -0.39785516 0.41574281 -49.82831192 0.65098039 0.74117647 0.85882353
v -0.40360326 0.42911291 -49.81494522 0.65098039 0.74117647 0.85882353
v -0.40337950 0.42060512 -49.81479645 0.65098039 0.74117647 0.85882353
v -0.40307522 0.42503560 -49.81402588 0.65098039 0.74117647 0.85882353
v -0.40765345 0.42947328 -49.82629776 0.65098039 0.74117647 0.85882353
v -0.41390777 0.42328352 -49.82360458 0.65098039 0.74117647 0.85882353
v -0.42313480 0.41867763 -49.81531525 0.65098039 0.74117647 0.85882353
v -0.41707987 0.41846704 -49.81915283 0.65098039 0.74117647 0.85882353
v -0.41523683 0.41645050 -49.81620407 0.65098039 0.74117647 0.85882353
v -0.42132789 0.41658092 -49.81293488 0.65098039 0.74117647 0.85882353
v -0.41260314 0.41835517 -49.82145691 0.65098039 0.74117647 0.85882353
v -0.41842145 0.42325956 -49.82065582 0.65098039 0.74117647 0.85882353
v -0.41852432 0.42552859 -49.80634308 0.65098039 0.74117647 0.85882353
v -0.41828120 0.42123175 -49.80755615 0.65098039 0.74117647 0.85882353
v -0.41950536 0.42935705 -49.80702591 0.65098039 0.74117647 0.85882353
v -0.39749128 0.42900246 -49.83143997 0.65098039 0.74117647 0.85882353
v -0.42280418 0.43280697 -49.81212616 0.65098039 0.74117647 0.85882353
v -0.42104524 0.43223083 -49.80881882 0.65098039 0.74117647 0.85882353
v -0.41358685 0.41811907 -49.81312943 0.65098039 0.74117647 0.85882353
v -0.41950482 0.41791874 -49.81005096 0.65098039 0.74117647 0.85882353
v -0.42440993 0.42334580 -49.81657791 0.65098039 0.74117647 0.85882353
v -0.42416686 0.42919040 -49.81560516 0.65098039 0.74117647 0.85882353
v -0.42941660 0.42360634 -49.81339264 0.65098039 0.74117647 0.85882353
v -0.42912394 0.42948121 -49.81252289 0.65098039 0.74117647 0.85882353
v -0.42739815 0.43284297 -49.80887222 0.65098039 0.74117647 0.85882353
v -0.42525148 0.43230331 -49.80591583 0.65098039 0.74117647 0.85882353
v -0.42349589 0.42935365 -49.80468369 0.65098039 0.74117647 0.85882353
v -0.42811012 0.41904050 -49.81215668 0.65098039 0.74117647 0.85882353
v -0.42598099 0.41744840 -49.81007004 0.65098039 0.74117647 0.85882353
v -0.42376310 0.41867000 -49.80780792 0.65098039 0.74117647 0.85882353
v -0.43192899 0.41998863 -49.80928802 0.65098039 0.74117647 0.85882353
v -0.43385869 0.42454129 -49.81000137 0.65098039 0.74117647 0.85882353
v -0.43827164 0.43245780 -49.79866028 0.65098039 0.74117647 0.85882353
v -0.43493259 0.43281901 -49.80120850 0.65098039 0.74117647 0.85882353
v -0.43632525 0.43205070 -49.80277252 0.65098039 0.74117647 0.85882353
v -0.43916082 0.43239063 -49.80050278 0.65098039 0.74117647 0.85882353
v -0.43174362 0.43266928 -49.80562210 0.65098039 0.74117647 0.85882353
v -0.43416911 0.43199825 -49.80563354 0.65098039 0.74117647 0.85882353
v -0.43478268 0.42999083 -49.80800247 0.65098039 0.74117647 0.85882353
v -0.43751317 0.43031555 -49.80545425 0.65098039 0.74117647 0.85882353
v -0.43812788 0.42670715 -49.80716705 0.65098039 0.74117647 0.85882353
v -0.44116151 0.42655689 -49.80417633 0.65098039 0.74117647 0.85882353
v -0.44076252 0.43076420 -49.80329514 0.65098039 0.74117647 0.85882353
v -0.43568277 0.42696780 -49.80844498 0.65098039 0.74117647 0.85882353
v -0.44164312 0.43256819 -49.79941177 0.65098039 0.74117647 0.85882353
v -0.44155204 0.43184948 -49.79759216 0.65098039 0.74117647 0.85882353
v -0.43260407 0.42972213 -49.80964279 0.65098039 0.74117647 0.85882353
v -0.42913312 0.43212706 -49.80335999 0.65098039 0.74117647 0.85882353
v -0.43338460 0.43207121 -49.79981232 0.65098039 0.74117647 0.85882353
v -0.43754584 0.43136257 -49.79705048 0.65098039 0.74117647 0.85882353
v -0.44078344 0.42977852 -49.79615402 0.65098039 0.74117647 0.85882353
v -0.43170351 0.42967564 -49.79938889 0.65098039 0.74117647 0.85882353
v -0.43627453 0.42919183 -49.79655457 0.65098039 0.74117647 0.85882353
v -0.43938637 0.42777818 -49.79592896 0.65098039 0.74117647 0.85882353
v -0.43047571 0.42636973 -49.79961395 0.65098039 0.74117647 0.85882353
v -0.43521357 0.42647475 -49.79696655 0.65098039 0.74117647 0.85882353
v -0.42594451 0.42583704 -49.80265808 0.65098039 0.74117647 0.85882353
v -0.42728204 0.42958236 -49.80257416 0.65098039 0.74117647 0.85882353
v -0.43809831 0.42641854 -49.79621887 0.65098039 0.74117647 0.85882353
v -0.44374377 0.42902511 -49.79899979 0.65098039 0.74117647 0.85882353
v -0.44253463 0.42712975 -49.79738617 0.65098039 0.74117647 0.85882353
v -0.44353604 0.43068784 -49.80133820 0.65098039 0.74117647 0.85882353
v -0.43750495 0.42353743 -49.80683136 0.65098039 0.74117647 0.85882353
v -0.44111937 0.42390436 -49.80362701 0.65098039 0.74117647 0.85882353
v -0.43588549 0.42072231 -49.80612946 0.65098039 0.74117647 0.85882353
v -0.43993223 0.42187840 -49.80239105 0.65098039 0.74117647 0.85882353
v -0.44338310 0.42571962 -49.80111694 0.65098039 0.74117647 0.85882353
v -0.44336540 0.42735702 -49.80252838 0.65098039 0.74117647 0.85882353
v -0.42239058 0.42566264 -49.80441284 0.65098039 0.74117647 0.85882353
v -0.42237353 0.42163813 -49.80565262 0.65098039 0.74117647 0.85882353
v -0.42577332 0.42194951 -49.80364990 0.65098039 0.74117647 0.85882353
v -0.43030614 0.42266095 -49.80061722 0.65098039 0.74117647 0.85882353
v -0.42727470 0.41915965 -49.80552673 0.65098039 0.74117647 0.85882353
v -0.42957354 0.41818243 -49.80749893 0.65098039 0.74117647 0.85882353
v -0.43411613 0.41940629 -49.80429077 0.65098039 0.74117647 0.85882353
v -0.43190008 0.41991389 -49.80221176 0.65098039 0.74117647 0.85882353
v -0.43824166 0.42107439 -49.80078888 0.65098039 0.74117647 0.85882353
v -0.43653113 0.42157561 -49.79915237 0.65098039 0.74117647 0.85882353
v -0.43525070 0.42370635 -49.79780579 0.65098039 0.74117647 0.85882353
v -0.44048113 0.42353332 -49.79827118 0.65098039 0.74117647 0.85882353
v -0.44224185 0.42424804 -49.79943848 0.65098039 0.74117647 0.85882353
v -0.44066525 0.42582434 -49.79670334 0.65098039 0.74117647 0.85882353
v -0.43888557 0.42327946 -49.79767227 0.65098039 0.74117647 0.85882353
v -0.43863428 0.42482579 -49.79666519 0.65098039 0.74117647 0.85882353
v -0.39236754 0.41476506 -49.83038330 0.65098039 0.74117647 0.85882353
v -0.31196576 0.47559178 -49.78248215 0.65098039 0.74117647 0.85882353
v -0.31627315 0.47269315 -49.78185272 0.65098039 0.74117647 0.85882353
v -0.31098813 0.46002597 -49.77261353 0.65098039 0.74117647 0.85882353
v -0.31614852 0.46344393 -49.77570343 0.65098039 0.74117647 0.85882353
v -0.30452543 0.46021241 -49.77131271 0.65098039 0.74117647 0.85882353
v -0.29878908 0.46795219 -49.77405548 0.65098039 0.74117647 0.85882353
v -0.30043513 0.46363276 -49.77181625 0.65098039 0.74117647 0.85882353
v -0.31804514 0.46863383 -49.77935791 0.65098039 0.74117647 0.85882353
v -0.30581594 0.47640735 -49.78107452 0.65098039 0.74117647 0.85882353
v -0.30004501 0.47321123 -49.77759552 0.65098039 0.74117647 0.85882353
v -0.30840802 0.48226452 -49.77276611 0.65098039 0.74117647 0.85882353
v -0.30246818 0.47927308 -49.76883316 0.65098039 0.74117647 0.85882353
v -0.30063844 0.47348803 -49.76514816 0.65098039 0.74117647 0.85882353
v -0.30243725 0.46812594 -49.76417542 0.65098039 0.74117647 0.85882353
v -0.30635345 0.46425855 -49.76483154 0.65098039 0.74117647 0.85882353
v -0.31437504 0.48149979 -49.77544022 0.65098039 0.74117647 0.85882353
v -0.31837702 0.47777784 -49.77554703 0.65098039 0.74117647 0.85882353
v -0.31935567 0.47211242 -49.77318573 0.65098039 0.74117647 0.85882353
v -0.31651402 0.48664778 -49.76810837 0.65098039 0.74117647 0.85882353
v -0.31196344 0.48911238 -49.76304245 0.65098039 0.74117647 0.85882353
v -0.30719465 0.48536932 -49.74680710 0.65098039 0.74117647 0.85882353
v -0.30555677 0.48214060 -49.75066757 0.65098039 0.74117647 0.85882353
v -0.30562633 0.48621655 -49.75169373 0.65098039 0.74117647 0.85882353
v -0.30616152 0.48878741 -49.74849319 0.65098039 0.74117647 0.85882353
v -0.30382770 0.48004234 -49.75618362 0.65098039 0.74117647 0.85882353
v -0.30513680 0.48508024 -49.75450897 0.65098039 0.74117647 0.85882353
v -0.30718476 0.48852360 -49.75677872 0.65098039 0.74117647 0.85882353
v -0.30732000 0.49084371 -49.75435257 0.65098039 0.74117647 0.85882353
v -0.31028038 0.49095440 -49.75865555 0.65098039 0.74117647 0.85882353
v -0.31145257 0.49358106 -49.75691986 0.65098039 0.74117647 0.85882353
v -0.30756372 0.49350035 -49.75112152 0.65098039 0.74117647 0.85882353
v -0.30733621 0.49153543 -49.74612808 0.65098039 0.74117647 0.85882353
v -0.30893469 0.49520767 -49.74781036 0.65098039 0.74117647 0.85882353
v -0.30908698 0.48959190 -49.74430847 0.65098039 0.74117647 0.85882353
v -0.30653346 0.48525423 -49.76044464 0.65098039 0.74117647 0.85882353
v -0.30472374 0.47306287 -49.75708008 0.65098039 0.74117647 0.85882353
v -0.30709195 0.47777319 -49.75068665 0.65098039 0.74117647 0.85882353
v -0.30977082 0.48244601 -49.74601364 0.65098039 0.74117647 0.85882353
v -0.31259733 0.48723346 -49.74407578 0.65098039 0.74117647 0.85882353
v -0.31125873 0.47442055 -49.75176620 0.65098039 0.74117647 0.85882353
v -0.31401169 0.48043519 -49.74731827 0.65098039 0.74117647 0.85882353
v -0.31583750 0.48517871 -49.74597931 0.65098039 0.74117647 0.85882353
v -0.31620806 0.47423649 -49.75423431 0.65098039 0.74117647 0.85882353
v -0.31767827 0.48049122 -49.74971008 0.65098039 0.74117647 0.85882353
v -0.31343895 0.46742207 -49.76143646 0.65098039 0.74117647 0.85882353
v -0.30819058 0.46841228 -49.75836945 0.65098039 0.74117647 0.85882353
v -0.31796765 0.48404974 -49.74790955 0.65098039 0.74117647 0.85882353
v -0.31215173 0.49447262 -49.74525070 0.65098039 0.74117647 0.85882353
v -0.31582701 0.49165463 -49.74561691 0.65098039 0.74117647 0.85882353
v -0.31520396 0.49310231 -49.75904083 0.65098039 0.74117647 0.85882353
v -0.31188905 0.49592882 -49.75379562 0.65098039 0.74117647 0.85882353
v -0.31616151 0.49557936 -49.75467682 0.65098039 0.74117647 0.85882353
v -0.31899637 0.49065185 -49.76106644 0.65098039 0.74117647 0.85882353
v -0.31972563 0.49324143 -49.75511932 0.65098039 0.74117647 0.85882353
v -0.31523788 0.49664956 -49.75010300 0.65098039 0.74117647 0.85882353
v -0.31178772 0.49731266 -49.75062943 0.65098039 0.74117647 0.85882353
v -0.31185806 0.46328545 -49.76688766 0.65098039 0.74117647 0.85882353
v -0.31650180 0.46676850 -49.76988983 0.65098039 0.74117647 0.85882353
v -0.31830680 0.47103775 -49.76510239 0.65098039 0.74117647 0.85882353
v -0.32044005 0.47694004 -49.75782394 0.65098039 0.74117647 0.85882353
v -0.32101184 0.47653604 -49.76827240 0.65098039 0.74117647 0.85882353
v -0.32042450 0.48253572 -49.76964188 0.65098039 0.74117647 0.85882353
v -0.32233018 0.48704600 -49.76171494 0.65098039 0.74117647 0.85882353
v -0.32303554 0.48189867 -49.76041794 0.65098039 0.74117647 0.85882353
v -0.32220668 0.48997265 -49.75501251 0.65098039 0.74117647 0.85882353
v -0.32238525 0.48594111 -49.75417328 0.65098039 0.74117647 0.85882353
v -0.32051092 0.48262221 -49.75212479 0.65098039 0.74117647 0.85882353
v -0.32045138 0.49044615 -49.75041962 0.65098039 0.74117647 0.85882353
v -0.31852549 0.49393725 -49.74994659 0.65098039 0.74117647 0.85882353
v -0.31813622 0.48864043 -49.74724197 0.65098039 0.74117647 0.85882353
v -0.32111400 0.48771328 -49.75096130 0.65098039 0.74117647 0.85882353
v -0.31957388 0.48598248 -49.74918747 0.65098039 0.74117647 0.85882353
v -0.38286954 0.41131991 -49.82474136 0.65098039 0.74117647 0.85882353
v -0.38078249 0.41519547 -49.82021332 0.65098039 0.74117647 0.85882353
v -0.37432629 0.41216576 -49.82302856 0.65098039 0.74117647 0.85882353
v -0.36678159 0.40811861 -49.82637787 0.65098039 0.74117647 0.85882353
v -0.36349404 0.40283358 -49.83386612 0.65098039 0.74117647 0.85882353
v -0.36330146 0.41303653 -49.82330704 0.65098039 0.74117647 0.85882353
v -0.37105745 0.41706407 -49.82006454 0.65098039 0.74117647 0.85882353
v -0.37928832 0.42159986 -49.81620789 0.65098039 0.74117647 0.85882353
v -0.35432971 0.41455173 -49.82346344 0.65098039 0.74117647 0.85882353
v 0.03059097 0.70070267 -49.53063202 0.65098039 0.74117647 0.85882353
v 0.03426622 0.70093292 -49.52924728 0.65098039 0.74117647 0.85882353
v 0.03049677 0.69486475 -49.53289032 0.65098039 0.74117647 0.85882353
v 0.02750385 0.69583344 -49.53386688 0.65098039 0.74117647 0.85882353
v 0.03778030 0.69334102 -49.53176880 0.65098039 0.74117647 0.85882353
v 0.03359128 0.69375789 -49.53189468 0.65098039 0.74117647 0.85882353
v 0.03915506 0.70057899 -49.52856827 0.65098039 0.74117647 0.85882353
v 0.04442214 0.69966680 -49.52986908 0.65098039 0.74117647 0.85882353
v 0.05108880 0.69544959 -49.53495789 0.65098039 0.74117647 0.85882353
v 0.05235263 0.69385290 -49.53548431 0.65098039 0.74117647 0.85882353
v 0.05147974 0.69297016 -49.53515244 0.65098039 0.74117647 0.85882353
v 0.04922576 0.69321609 -49.53454208 0.65098039 0.74117647 0.85882353
v 0.04557894 0.69307268 -49.53306961 0.65098039 0.74117647 0.85882353
v 0.02462782 0.69912624 -49.53540421 0.65098039 0.74117647 0.85882353
v 0.02596950 0.69988954 -49.53420639 0.65098039 0.74117647 0.85882353
v 0.02787020 0.70046568 -49.53236008 0.65098039 0.74117647 0.85882353
v 0.04177506 0.69306719 -49.53201294 0.65098039 0.74117647 0.85882353
v 0.02556065 0.69699419 -49.53506088 0.65098039 0.74117647 0.85882353
v 0.02458435 0.69810176 -49.53575134 0.65098039 0.74117647 0.85882353
v 0.04839163 0.69818866 -49.53240204 0.65098039 0.74117647 0.85882353
v 0.03804673 0.69553268 -49.53086472 0.65098039 0.74117647 0.85882353
v 0.03384893 0.69618773 -49.53124619 0.65098039 0.74117647 0.85882353
v 0.03825646 0.69820940 -49.52972412 0.65098039 0.74117647 0.85882353
v 0.04289093 0.69750893 -49.53037643 0.65098039 0.74117647 0.85882353
v 0.04794900 0.69439864 -49.53358841 0.65098039 0.74117647 0.85882353
v 0.04544030 0.69475323 -49.53244400 0.65098039 0.74117647 0.85882353
v 0.03050792 0.69677567 -49.53226089 0.65098039 0.74117647 0.85882353
v 0.04196786 0.69512236 -49.53113937 0.65098039 0.74117647 0.85882353
v 0.03390745 0.69870955 -49.53047943 0.65098039 0.74117647 0.85882353
v 0.04653651 0.69653630 -49.53199768 0.65098039 0.74117647 0.85882353
v 0.04847206 0.69543231 -49.53359604 0.65098039 0.74117647 0.85882353
v 0.02539657 0.69873405 -49.53499985 0.65098039 0.74117647 0.85882353
v 0.02536388 0.69828135 -49.53507614 0.65098039 0.74117647 0.85882353
v -0.01476726 0.47457415 -49.64330673 0.65098039 0.74117647 0.85882353
v -0.02171502 0.45719230 -49.64163589 0.65098039 0.74117647 0.85882353
v 0.03050097 0.69876254 -49.53162384 0.65098039 0.74117647 0.85882353
v 0.02632881 0.69788706 -49.53435516 0.65098039 0.74117647 0.85882353
v 0.02801520 0.69735765 -49.53337860 0.65098039 0.74117647 0.85882353
v 0.02807875 0.69891691 -49.53301239 0.65098039 0.74117647 0.85882353
v 0.02638209 0.69888520 -49.53418732 0.65098039 0.74117647 0.85882353
v -0.11085893 0.40042692 -49.87008667 0.65098039 0.74117647 0.85882353
v -0.11931287 0.41311640 -49.87775040 0.65098039 0.74117647 0.85882353
v -0.10602993 0.44457030 -49.92224503 0.65098039 0.74117647 0.85882353
v -0.08759667 0.44864523 -49.93472672 0.65098039 0.74117647 0.85882353
v -0.06892407 0.17102288 -49.66928864 0.65098039 0.74117647 0.85882353
v 0.01990371 0.26005590 -49.84820557 0.65098039 0.74117647 0.85882353
v 0.01959845 0.28081280 -49.85104370 0.65098039 0.74117647 0.85882353
v 0.09132130 0.27972889 -49.81660461 0.65098039 0.74117647 0.85882353
v 0.07626504 0.27652270 -49.82978058 0.65098039 0.74117647 0.85882353
v -0.07348889 0.22172721 -49.78670502 0.65098039 0.74117647 0.85882353
v -0.07454649 0.24105500 -49.78586960 0.65098039 0.74117647 0.85882353
v -0.07770990 0.20026909 -49.71814346 0.65098039 0.74117647 0.85882353
v -0.07853526 0.22175379 -49.71785736 0.65098039 0.74117647 0.85882353
v -0.08063145 0.19500290 -49.76529312 0.65098039 0.74117647 0.85882353
v 0.05465206 0.22741286 -49.84269714 0.65098039 0.74117647 0.85882353
v 0.03496056 0.22461419 -49.84900284 0.65098039 0.74117647 0.85882353
v 0.03794372 0.24573420 -49.84568787 0.65098039 0.74117647 0.85882353
v 0.05726147 0.24954225 -49.84009552 0.65098039 0.74117647 0.85882353
v 0.10224378 0.28086728 -49.80018234 0.65098039 0.74117647 0.85882353
v 0.10110752 0.25715065 -49.80013657 0.65098039 0.74117647 0.85882353
v -0.06660204 0.26936907 -49.80800247 0.65098039 0.74117647 0.85882353
v -0.04971524 0.27631891 -49.82799530 0.65098039 0.74117647 0.85882353
v -0.00586557 0.29191411 -49.85024261 0.65098039 0.74117647 0.85882353
v 0.01702280 0.30052310 -49.85308838 0.65098039 0.74117647 0.85882353
v 0.03791881 0.30980974 -49.84960938 0.65098039 0.74117647 0.85882353
v 0.05751881 0.31802851 -49.84147644 0.65098039 0.74117647 0.85882353
v -0.07868165 0.24006675 -49.69519043 0.65098039 0.74117647 0.85882353
v -0.07408011 0.26013398 -49.67455673 0.65098039 0.74117647 0.85882353
v -0.07741010 0.26223677 -49.78429413 0.65098039 0.74117647 0.85882353
v -0.05000678 0.23161201 -49.63285065 0.65098039 0.74117647 0.85882353
v 0.07574689 0.34926522 -49.83311081 0.65098039 0.74117647 0.85882353
v 0.09378047 0.35191351 -49.81789398 0.65098039 0.74117647 0.85882353
v -0.02892432 0.28387010 -49.84179688 0.65098039 0.74117647 0.85882353
v -0.05011795 0.41414261 -49.64207840 0.65098039 0.74117647 0.85882353
v -0.06192253 0.41848654 -49.65458298 0.65098039 0.74117647 0.85882353
v -0.06796829 0.40143144 -49.65028000 0.65098039 0.74117647 0.85882353
v -0.05527580 0.39650822 -49.63816452 0.65098039 0.74117647 0.85882353
v -0.07902691 0.40486330 -49.66265488 0.65098039 0.74117647 0.85882353
v -0.08846423 0.40724599 -49.67607117 0.65098039 0.74117647 0.85882353
v -0.09580629 0.40887088 -49.68949509 0.65098039 0.74117647 0.85882353
v -0.10666959 0.40855956 -49.72719955 0.65098039 0.74117647 0.85882353
v -0.10468639 0.40927315 -49.71530533 0.65098039 0.74117647 0.85882353
v -0.10648456 0.40259683 -49.75021744 0.65098039 0.74117647 0.85882353
v -0.10726416 0.40664250 -49.73876190 0.65098039 0.74117647 0.85882353
v -0.10291949 0.39486897 -49.76197052 0.65098039 0.74117647 0.85882353
v -0.09579544 0.38608593 -49.77445984 0.65098039 0.74117647 0.85882353
v -0.08286752 0.39058506 -49.79386902 0.65098039 0.74117647 0.85882353
v -0.08671542 0.37736619 -49.78841782 0.65098039 0.74117647 0.85882353
v -0.09931302 0.37260163 -49.76783371 0.65098039 0.74117647 0.85882353
v -0.10554712 0.38235456 -49.75492096 0.65098039 0.74117647 0.85882353
v -0.10871379 0.38973230 -49.74332809 0.65098039 0.74117647 0.85882353
v -0.05020728 0.32480943 -49.62974167 0.65098039 0.74117647 0.85882353
v -0.04983795 0.34963554 -49.62551117 0.65098039 0.74117647 0.85882353
v -0.00788251 0.49107313 -49.64375305 0.65098039 0.74117647 0.85882353
v -0.18797904 0.32193190 -49.97819901 0.65098039 0.74117647 0.85882353
v -0.24093272 0.41564775 -49.88065338 0.65098039 0.74117647 0.85882353
v 0.09196173 0.53835487 -49.75433350 0.65098039 0.74117647 0.85882353
v 0.08039483 0.54606044 -49.76655960 0.65098039 0.74117647 0.85882353
v 0.03264861 0.56738335 -49.79492950 0.65098039 0.74117647 0.85882353
v 0.00839530 0.57443470 -49.79224014 0.65098039 0.74117647 0.85882353
v 0.05426473 0.55740130 -49.79043579 0.65098039 0.74117647 0.85882353
v 0.07108613 0.54615396 -49.78173828 0.65098039 0.74117647 0.85882353
v -0.08340414 0.27603567 -49.75794983 0.65098039 0.74117647 0.85882353
v 0.09042858 0.51286054 -49.78089523 0.65098039 0.74117647 0.85882353
v 0.07506441 0.53575647 -49.78759766 0.65098039 0.74117647 0.85882353
v 0.05800144 0.54797983 -49.79705048 0.65098039 0.74117647 0.85882353
v 0.03532019 0.55844676 -49.80414200 0.65098039 0.74117647 0.85882353
v 0.00733855 0.56834728 -49.80603027 0.65098039 0.74117647 0.85882353
v -0.00756259 0.56838763 -49.81410217 0.65098039 0.74117647 0.85882353
v -0.01433728 0.55235422 -49.83903503 0.65098039 0.74117647 0.85882353
v -0.02460275 0.54969919 -49.84619904 0.65098039 0.74117647 0.85882353
v -0.03456232 0.54527593 -49.85463715 0.65098039 0.74117647 0.85882353
v -0.05055547 0.55517334 -49.84642792 0.65098039 0.74117647 0.85882353
v -0.04027283 0.56043446 -49.83691406 0.65098039 0.74117647 0.85882353
v -0.07182844 0.47416574 -49.91799164 0.65098039 0.74117647 0.85882353
v -0.07018238 0.45951080 -49.92820740 0.65098039 0.74117647 0.85882353
v -0.06285562 0.44778526 -49.93561172 0.65098039 0.74117647 0.85882353
v -0.05368121 0.43760574 -49.93848419 0.65098039 0.74117647 0.85882353
v -0.04336667 0.43001646 -49.93568802 0.65098039 0.74117647 0.85882353
v -0.03349812 0.42492396 -49.92799759 0.65098039 0.74117647 0.85882353
v -0.02590980 0.42573190 -49.91625595 0.65098039 0.74117647 0.85882353
v -0.01670620 0.43815273 -49.88527679 0.65098039 0.74117647 0.85882353
v -0.01683174 0.44471914 -49.87776184 0.65098039 0.74117647 0.85882353
v -0.00931223 0.42648602 -49.86900711 0.65098039 0.74117647 0.85882353
v -0.00666413 0.41859066 -49.86863708 0.65098039 0.74117647 0.85882353
v 0.00469696 0.39410144 -49.86613083 0.65098039 0.74117647 0.85882353
v 0.01201662 0.38028270 -49.86324692 0.65098039 0.74117647 0.85882353
v 0.02119025 0.36509377 -49.86084747 0.65098039 0.74117647 0.85882353
v 0.04530653 0.12281109 -49.86803055 0.65098039 0.74117647 0.85882353
v 0.02415202 0.12471841 -49.87137604 0.65098039 0.74117647 0.85882353
v 0.02510554 0.14273380 -49.86471176 0.65098039 0.74117647 0.85882353
v 0.04648857 0.14085706 -49.85985947 0.65098039 0.74117647 0.85882353
v 0.08449680 0.17988862 -49.82622147 0.65098039 0.74117647 0.85882353
v 0.10048963 0.17877258 -49.81163406 0.65098039 0.74117647 0.85882353
v -0.04301719 0.13925408 -49.84996033 0.65098039 0.74117647 0.85882353
v -0.06186779 0.13329940 -49.83361435 0.65098039 0.74117647 0.85882353
v 0.00235351 0.14399399 -49.86510849 0.65098039 0.74117647 0.85882353
v -0.02061296 0.14272915 -49.85992050 0.65098039 0.74117647 0.85882353
v -0.07554610 0.12520610 -49.81258774 0.65098039 0.74117647 0.85882353
v -0.07755244 0.08639501 -49.71650696 0.65098039 0.74117647 0.85882353
v -0.07016169 0.07845832 -49.69275665 0.65098039 0.74117647 0.85882353
v -0.04817521 0.06842823 -49.65196991 0.65098039 0.74117647 0.85882353
v -0.03394417 0.06612360 -49.63618088 0.65098039 0.74117647 0.85882353
v -0.08275101 0.11531176 -49.78990173 0.65098039 0.74117647 0.85882353
v -0.06029846 0.07252306 -49.67082596 0.65098039 0.74117647 0.85882353
v -0.08527739 0.10484220 -49.76688766 0.65098039 0.74117647 0.85882353
v -0.08318795 0.09487183 -49.74224472 0.65098039 0.74117647 0.85882353
v 0.06722278 0.18096279 -49.83874130 0.65098039 0.74117647 0.85882353
v 0.06642082 0.15870972 -49.84457397 0.65098039 0.74117647 0.85882353
v 0.04785920 0.16078396 -49.85331345 0.65098039 0.74117647 0.85882353
v 0.10043551 0.41837001 -49.80858994 0.65098039 0.74117647 0.85882353
v 0.08793069 0.42345482 -49.82260513 0.65098039 0.74117647 0.85882353
v 0.07550809 0.43043119 -49.83553696 0.65098039 0.74117647 0.85882353
v 0.06723287 0.45695770 -49.84166718 0.65098039 0.74117647 0.85882353
v 0.06322496 0.43889916 -49.84682465 0.65098039 0.74117647 0.85882353
v 0.04978886 0.44790572 -49.85535431 0.65098039 0.74117647 0.85882353
v 0.05433866 0.46506244 -49.84981537 0.65098039 0.74117647 0.85882353
v 0.02788462 0.47738779 -49.85978699 0.65098039 0.74117647 0.85882353
v 0.02552543 0.46304011 -49.86286163 0.65098039 0.74117647 0.85882353
v 0.01700534 0.46809530 -49.86668777 0.65098039 0.74117647 0.85882353
v 0.01902081 0.48156309 -49.86463165 0.65098039 0.74117647 0.85882353
v 0.00972253 0.47213078 -49.87050247 0.65098039 0.74117647 0.85882353
v 0.00170445 0.47456777 -49.87494278 0.65098039 0.74117647 0.85882353
v -0.00635313 0.47482473 -49.87853241 0.65098039 0.74117647 0.85882353
v -0.01191850 0.47141618 -49.88674927 0.65098039 0.74117647 0.85882353
v -0.01625205 0.49387884 -49.88897324 0.65098039 0.74117647 0.85882353
v -0.00861519 0.49737781 -49.88015366 0.65098039 0.74117647 0.85882353
v 0.02739632 0.49276263 -49.85591125 0.65098039 0.74117647 0.85882353
v 0.04002184 0.48787463 -49.85033035 0.65098039 0.74117647 0.85882353
v 0.10051249 0.45255232 -49.79788971 0.65098039 0.74117647 0.85882353
v 0.10982975 0.44697654 -49.78423691 0.65098039 0.74117647 0.85882353
v -0.07664803 0.37429500 -49.80603790 0.65098039 0.74117647 0.85882353
v -0.06452707 0.37328786 -49.82406998 0.65098039 0.74117647 0.85882353
v -0.05237959 0.37468153 -49.83968353 0.65098039 0.74117647 0.85882353
v -0.03953511 0.37872905 -49.85109711 0.65098039 0.74117647 0.85882353
v -0.02620145 0.38510948 -49.86025620 0.65098039 0.74117647 0.85882353
v -0.01251619 0.39307749 -49.86568832 0.65098039 0.74117647 0.85882353
v -0.00342458 0.41092771 -49.86843872 0.65098039 0.74117647 0.85882353
v 0.00003881 0.40296078 -49.86787033 0.65098039 0.74117647 0.85882353
v 0.00591566 0.42220128 -49.86901474 0.65098039 0.74117647 0.85882353
v 0.01145653 0.41407108 -49.86812973 0.65098039 0.74117647 0.85882353
v 0.02121252 0.42672950 -49.86696243 0.65098039 0.74117647 0.85882353
v 0.02988522 0.43985367 -49.86402512 0.65098039 0.74117647 0.85882353
v 0.03655424 0.45587599 -49.85961151 0.65098039 0.74117647 0.85882353
v 0.04043949 0.47168303 -49.85499954 0.65098039 0.74117647 0.85882353
v 0.05418731 0.48306632 -49.84354401 0.65098039 0.74117647 0.85882353
v 0.06696157 0.47588623 -49.83655548 0.65098039 0.74117647 0.85882353
v 0.07708359 0.48612702 -49.82056808 0.65098039 0.74117647 0.85882353
v 0.07393932 0.50380123 -49.81558990 0.65098039 0.74117647 0.85882353
v 0.07895634 0.46723658 -49.82498550 0.65098039 0.74117647 0.85882353
v 0.07926516 0.44812542 -49.83021545 0.65098039 0.74117647 0.85882353
v 0.02628402 0.58281493 -49.76629257 0.65098039 0.74117647 0.85882353
v 0.04602370 0.57657087 -49.76335144 0.65098039 0.74117647 0.85882353
v -0.02700327 0.44213587 -49.91486740 0.65098039 0.74117647 0.85882353
v -0.02402858 0.43869990 -49.91133499 0.65098039 0.74117647 0.85882353
v -0.02470605 0.43347877 -49.91360474 0.65098039 0.74117647 0.85882353
v -0.03049619 0.43516636 -49.92075729 0.65098039 0.74117647 0.85882353
v -0.03710913 0.44024378 -49.92645645 0.65098039 0.74117647 0.85882353
v -0.03753541 0.45578623 -49.92038345 0.65098039 0.74117647 0.85882353
v -0.03218681 0.44754970 -49.91852951 0.65098039 0.74117647 0.85882353
v -0.04490399 0.44783628 -49.92869186 0.65098039 0.74117647 0.85882353
v -0.05213762 0.45719725 -49.92721558 0.65098039 0.74117647 0.85882353
v -0.04339461 0.46496749 -49.91968918 0.65098039 0.74117647 0.85882353
v -0.05774913 0.46735942 -49.92296600 0.65098039 0.74117647 0.85882353
v -0.04873407 0.47343510 -49.91721725 0.65098039 0.74117647 0.85882353
v -0.06002034 0.47799057 -49.91644287 0.65098039 0.74117647 0.85882353
v -0.05232394 0.47983521 -49.91445160 0.65098039 0.74117647 0.85882353
v -0.03579696 0.50551289 -49.89507294 0.65098039 0.74117647 0.85882353
v -0.04214019 0.49691057 -49.90261841 0.65098039 0.74117647 0.85882353
v -0.04801515 0.48754823 -49.90954208 0.65098039 0.74117647 0.85882353
v -0.01612656 0.46550381 -49.89533234 0.65098039 0.74117647 0.85882353
v -0.02120247 0.46041161 -49.90335464 0.65098039 0.74117647 0.85882353
v -0.02650177 0.45446295 -49.91106033 0.65098039 0.74117647 0.85882353
v -0.03073398 0.46331745 -49.91257095 0.65098039 0.74117647 0.85882353
v -0.02486803 0.46977997 -49.90497589 0.65098039 0.74117647 0.85882353
v -0.01867102 0.47588241 -49.89739990 0.65098039 0.74117647 0.85882353
v 0.10155744 0.43575960 -49.80340195 0.65098039 0.74117647 0.85882353
v 0.09081334 0.44153666 -49.81681061 0.65098039 0.74117647 0.85882353
v 0.01037219 0.48493439 -49.86972427 0.65098039 0.74117647 0.85882353
v 0.00243843 0.48664534 -49.87422180 0.65098039 0.74117647 0.85882353
v -0.00615303 0.48570925 -49.87948608 0.65098039 0.74117647 0.85882353
v -0.01334733 0.48232567 -49.88853073 0.65098039 0.74117647 0.85882353
v -0.00020593 0.49890542 -49.87406921 0.65098039 0.74117647 0.85882353
v 0.00869837 0.49828851 -49.86811066 0.65098039 0.74117647 0.85882353
v 0.01772957 0.49596620 -49.86173248 0.65098039 0.74117647 0.85882353
v 0.09004406 0.45949805 -49.81272125 0.65098039 0.74117647 0.85882353
v 0.11210907 0.43118173 -49.78996658 0.65098039 0.74117647 0.85882353
v -0.10376664 0.50233489 -49.79920959 0.65098039 0.74117647 0.85882353
v -0.10304965 0.52809829 -49.80781937 0.65098039 0.74117647 0.85882353
v -0.09162910 0.54831523 -49.82180786 0.65098039 0.74117647 0.85882353
v -0.07182561 0.55780131 -49.83582687 0.65098039 0.74117647 0.85882353
v -0.10125625 0.29987347 -49.97299957 0.65098039 0.74117647 0.85882353
v 0.10024330 0.23262642 -49.80234146 0.65098039 0.74117647 0.85882353
v 0.09953856 0.20712052 -49.80542755 0.65098039 0.74117647 0.85882353
v 0.08583725 0.20635734 -49.82132339 0.65098039 0.74117647 0.85882353
v 0.10753123 0.35186189 -49.80283356 0.65098039 0.74117647 0.85882353
v 0.11224093 0.41507053 -49.79624176 0.65098039 0.74117647 0.85882353
v -0.10989884 0.37767798 -49.69169998 0.65098039 0.74117647 0.85882353
v -0.10499169 0.37700182 -49.67982483 0.65098039 0.74117647 0.85882353
v -0.10088313 0.39299989 -49.68389893 0.65098039 0.74117647 0.85882353
v -0.10584912 0.39393526 -49.69648743 0.65098039 0.74117647 0.85882353
v -0.11372642 0.37907088 -49.71506500 0.65098039 0.74117647 0.85882353
v -0.11268854 0.37855238 -49.70370483 0.65098039 0.74117647 0.85882353
v -0.10872142 0.39428055 -49.70886612 0.65098039 0.74117647 0.85882353
v -0.11020359 0.39425725 -49.72046661 0.65098039 0.74117647 0.85882353
v -0.11323482 0.37847346 -49.72611237 0.65098039 0.74117647 0.85882353
v -0.11030173 0.39320189 -49.73175430 0.65098039 0.74117647 0.85882353
v -0.11538669 0.36133230 -49.70029449 0.65098039 0.74117647 0.85882353
v -0.11270267 0.36060715 -49.68859482 0.65098039 0.74117647 0.85882353
v -0.10766606 0.36044812 -49.67721939 0.65098039 0.74117647 0.85882353
v -0.11535250 0.36296469 -49.72195816 0.65098039 0.74117647 0.85882353
v -0.11552045 0.36249489 -49.71191025 0.65098039 0.74117647 0.85882353
v 0.04101747 0.58031684 -49.57031631 0.65098039 0.74117647 0.85882353
v 0.04443187 0.58160669 -49.55381393 0.65098039 0.74117647 0.85882353
v 0.06049647 0.61863393 -49.52991486 0.65098039 0.74117647 0.85882353
v 0.06132465 0.62325573 -49.53068542 0.65098039 0.74117647 0.85882353
v 0.00461635 0.51467878 -49.64340210 0.65098039 0.74117647 0.85882353
v 0.00811988 0.52541476 -49.64007568 0.65098039 0.74117647 0.85882353
v -0.04754623 0.37135786 -49.62565613 0.65098039 0.74117647 0.85882353
v -0.03801639 0.40814042 -49.63080215 0.65098039 0.74117647 0.85882353
v -0.03273055 0.42285371 -49.63650894 0.65098039 0.74117647 0.85882353
v -0.02774710 0.43965626 -49.63941956 0.65098039 0.74117647 0.85882353
v -0.00148982 0.50431019 -49.64408112 0.65098039 0.74117647 0.85882353
v -0.04339054 0.39004213 -49.62798309 0.65098039 0.74117647 0.85882353
v -0.03127338 -0.05723985 -49.88300705 0.65098039 0.74117647 0.85882353
v -0.00522295 -0.07520826 -49.88693619 0.65098039 0.74117647 0.85882353
v -0.00938875 -0.04404949 -49.89088440 0.65098039 0.74117647 0.85882353
v 0.00942260 -0.05717205 -49.89314270 0.65098039 0.74117647 0.85882353
v -0.03039258 0.02857028 -49.88270187 0.65098039 0.74117647 0.85882353
v -0.02630094 0.00063048 -49.88563538 0.65098039 0.74117647 0.85882353
v -0.03158610 0.05791484 -49.88087845 0.65098039 0.74117647 0.85882353
v 0.03348058 -0.06446679 -49.89259338 0.65098039 0.74117647 0.85882353
v 0.05990206 -0.06742717 -49.88579178 0.65098039 0.74117647 0.85882353
v 0.06738328 -0.04487570 -49.89237976 0.65098039 0.74117647 0.85882353
v -0.00458217 0.05672461 -49.89007187 0.65098039 0.74117647 0.85882353
v -0.00374072 0.02923387 -49.89280701 0.65098039 0.74117647 0.85882353
v 0.00393329 -0.03560276 -49.89505386 0.65098039 0.74117647 0.85882353
v -0.02001063 -0.02420177 -49.88835526 0.65098039 0.74117647 0.85882353
v 0.00115790 -0.02037604 -49.89549637 0.65098039 0.74117647 0.85882353
v 0.04123803 -0.04377823 -49.89730072 0.65098039 0.74117647 0.85882353
v 0.01895742 -0.04051383 -49.89739227 0.65098039 0.74117647 0.85882353
v 0.08609192 0.11696644 -49.85112000 0.65098039 0.74117647 0.85882353
v 0.11140498 0.09648804 -49.84726334 0.65098039 0.74117647 0.85882353
v 0.08767077 0.09734027 -49.86209488 0.65098039 0.74117647 0.85882353
v 0.00052959 0.12627570 -49.87051010 0.65098039 0.74117647 0.85882353
v 0.02235598 0.10568391 -49.88201523 0.65098039 0.74117647 0.85882353
v 0.02187544 -0.02125935 -49.89968491 0.65098039 0.74117647 0.85882353
v 0.04584277 -0.02167208 -49.90082550 0.65098039 0.74117647 0.85882353
v 0.07238376 -0.02098952 -49.89578629 0.65098039 0.74117647 0.85882353
v 0.07043594 0.05506958 -49.88987350 0.65098039 0.74117647 0.85882353
v 0.07348946 0.03134049 -49.89494705 0.65098039 0.74117647 0.85882353
v 0.04780407 0.02973893 -49.89995193 0.65098039 0.74117647 0.85882353
v 0.04576358 0.05558543 -49.89504623 0.65098039 0.74117647 0.85882353
v 0.02147000 0.08234362 -49.89042282 0.65098039 0.74117647 0.85882353
v 0.02121827 0.05600984 -49.89546204 0.65098039 0.74117647 0.85882353
v 0.06815724 0.07862882 -49.88225174 0.65098039 0.74117647 0.85882353
v 0.04509269 0.08037816 -49.88856888 0.65098039 0.74117647 0.85882353
v 0.04514231 0.10307373 -49.87915039 0.65098039 0.74117647 0.85882353
v 0.02179455 0.02850747 -49.89876175 0.65098039 0.74117647 0.85882353
v 0.10153447 0.00646953 -49.88446426 0.65098039 0.74117647 0.85882353
v 0.07468428 0.00557603 -49.89612579 0.65098039 0.74117647 0.85882353
v 0.12556103 0.00716303 -49.86475754 0.65098039 0.74117647 0.85882353
v 0.06655902 0.10009505 -49.87192917 0.65098039 0.74117647 0.85882353
v 0.06560740 0.12020110 -49.86110687 0.65098039 0.74117647 0.85882353
v 0.06588301 0.13918994 -49.85202026 0.65098039 0.74117647 0.85882353
v 0.06928042 0.20546155 -49.83417892 0.65098039 0.74117647 0.85882353
v -0.11476207 -0.27726310 -49.71718216 0.65098039 0.74117647 0.85882353
v 0.04587958 -0.10676862 -49.71773529 0.65098039 0.74117647 0.85882353
v 0.06214985 -0.10468324 -49.73693848 0.65098039 0.74117647 0.85882353
v -0.11154433 -0.02077447 -49.79912186 0.65098039 0.74117647 0.85882353
v -0.07452272 -0.03963210 -49.86030579 0.65098039 0.74117647 0.85882353
v -0.04546902 -0.03070004 -49.87676620 0.65098039 0.74117647 0.85882353
v -0.01373799 -0.09587969 -49.68334579 0.65098039 0.74117647 0.85882353
v 0.01185812 -0.10419174 -49.69138336 0.65098039 0.74117647 0.85882353
v -0.11490497 -0.02709602 -49.76713562 0.65098039 0.74117647 0.85882353
v -0.09200104 -0.06067680 -49.71012878 0.65098039 0.74117647 0.85882353
v 0.03061857 -0.10689293 -49.70320511 0.65098039 0.74117647 0.85882353
v -0.00166503 0.00282647 -49.89479446 0.65098039 0.74117647 0.85882353
v 0.02226334 0.00260918 -49.90034103 0.65098039 0.74117647 0.85882353
v 0.04788439 0.00321512 -49.90095520 0.65098039 0.74117647 0.85882353
v 0.09995926 -0.01921339 -49.88314819 0.65098039 0.74117647 0.85882353
v 0.12434987 -0.01664673 -49.86371231 0.65098039 0.74117647 0.85882353
v -0.01698055 -0.05465753 -49.65953064 0.65098039 0.74117647 0.85882353
v -0.01620776 -0.04537328 -49.65410233 0.65098039 0.74117647 0.85882353
v -0.00936992 -0.04734741 -49.64867020 0.65098039 0.74117647 0.85882353
v -0.00563581 -0.06100322 -49.65409088 0.65098039 0.74117647 0.85882353
v -0.07609352 0.06691739 -49.71668243 0.65098039 0.74117647 0.85882353
v -0.06620888 0.05920684 -49.69308472 0.65098039 0.74117647 0.85882353
v -0.04225898 0.04994835 -49.65335464 0.65098039 0.74117647 0.85882353
v -0.02887575 0.04804100 -49.63835907 0.65098039 0.74117647 0.85882353
v -0.08611144 0.09778433 -49.79188919 0.65098039 0.74117647 0.85882353
v -0.05488374 0.05358726 -49.67161942 0.65098039 0.74117647 0.85882353
v -0.08765297 0.08671878 -49.76846313 0.65098039 0.74117647 0.85882353
v -0.08368163 0.07595439 -49.74306488 0.65098039 0.74117647 0.85882353
v 0.07609127 -0.68674976 -49.84988403 0.65098039 0.74117647 0.85882353
v 0.08180232 -0.71393239 -49.85478973 0.65098039 0.74117647 0.85882353
v 0.08911407 -0.70705736 -49.86565781 0.65098039 0.74117647 0.85882353
v 0.08542317 -0.67966735 -49.85840225 0.65098039 0.74117647 0.85882353
v 0.08728062 -0.66681242 -49.88722992 0.65098039 0.74117647 0.85882353
v 0.09223385 -0.67062408 -49.87514877 0.65098039 0.74117647 0.85882353
v 0.07775675 -0.66664648 -49.89794922 0.65098039 0.74117647 0.85882353
v 0.08951621 -0.69473732 -49.90349197 0.65098039 0.74117647 0.85882353
v 0.07749726 -0.69859082 -49.90721512 0.65098039 0.74117647 0.85882353
v 0.06584021 -0.67026132 -49.90400696 0.65098039 0.74117647 0.85882353
v 0.05377443 -0.67524755 -49.90341568 0.65098039 0.74117647 0.85882353
v 0.05435799 -0.70824051 -49.90343475 0.65098039 0.74117647 0.85882353
v 0.04203111 -0.71488059 -49.89123154 0.65098039 0.74117647 0.85882353
v 0.02969217 -0.68961549 -49.88746643 0.65098039 0.74117647 0.85882353
v 0.04215260 -0.68110353 -49.89867020 0.65098039 0.74117647 0.85882353
v 0.02322200 -0.70083189 -49.87089157 0.65098039 0.74117647 0.85882353
v 0.03436385 -0.72435033 -49.87575150 0.65098039 0.74117647 0.85882353
v 0.02851103 -0.70565665 -49.85487366 0.65098039 0.74117647 0.85882353
v 0.06279106 -0.69475305 -49.84327698 0.65098039 0.74117647 0.85882353
v 0.06907599 -0.72157943 -49.84532928 0.65098039 0.74117647 0.85882353
v 0.09838091 -0.69468522 -49.89296722 0.65098039 0.74117647 0.85882353
v 0.09977476 -0.69912493 -49.88031006 0.65098039 0.74117647 0.85882353
v 0.09124304 -0.67535317 -49.86489868 0.65098039 0.74117647 0.85882353
v 0.09434326 -0.70294249 -49.87282562 0.65098039 0.74117647 0.85882353
v 0.09620340 -0.73511231 -49.86697388 0.65098039 0.74117647 0.85882353
v 0.08898382 -0.73987508 -49.85348129 0.65098039 0.74117647 0.85882353
v 0.10927762 -0.72133082 -49.89804459 0.65098039 0.74117647 0.85882353
v 0.10518400 -0.72663963 -49.88614655 0.65098039 0.74117647 0.85882353
v 0.08850984 -0.72495866 -49.90998840 0.65098039 0.74117647 0.85882353
v 0.10162239 -0.72041273 -49.90942764 0.65098039 0.74117647 0.85882353
v 0.06305207 -0.73361802 -49.91114807 0.65098039 0.74117647 0.85882353
v 0.06606694 -0.70311892 -49.90651703 0.65098039 0.74117647 0.85882353
v 0.07579304 -0.72932887 -49.91159439 0.65098039 0.74117647 0.85882353
v 0.04991406 -0.73907042 -49.89900589 0.65098039 0.74117647 0.85882353
v 0.03970850 -0.74707335 -49.88063049 0.65098039 0.74117647 0.85882353
v 0.07385777 -0.74641418 -49.84445953 0.65098039 0.74117647 0.85882353
v 0.09961765 -0.73045528 -49.87752533 0.65098039 0.74117647 0.85882353
v -0.05804963 -0.87696123 -49.80911636 0.65098039 0.74117647 0.85882353
v -0.05396612 -0.87868595 -49.80268860 0.65098039 0.74117647 0.85882353
v -0.05463593 -0.87326062 -49.80352783 0.65098039 0.74117647 0.85882353
v -0.05706581 -0.87298858 -49.80759430 0.65098039 0.74117647 0.85882353
v -0.03880523 -0.88019150 -49.77367401 0.65098039 0.74117647 0.85882353
v -0.02910535 -0.88373131 -49.76640320 0.65098039 0.74117647 0.85882353
v -0.03300924 -0.87216222 -49.76386261 0.65098039 0.74117647 0.85882353
v -0.04005536 -0.87055480 -49.76895523 0.65098039 0.74117647 0.85882353
v -0.05046184 -0.88091815 -49.78706360 0.65098039 0.74117647 0.85882353
v -0.05538568 -0.88044131 -49.79352951 0.65098039 0.74117647 0.85882353
v -0.05100255 -0.88355923 -49.79460907 0.65098039 0.74117647 0.85882353
v -0.04793303 -0.88352585 -49.79040146 0.65098039 0.74117647 0.85882353
v -0.05108645 -0.86747968 -49.84403610 0.65098039 0.74117647 0.85882353
v -0.05220897 -0.86776078 -49.85014343 0.65098039 0.74117647 0.85882353
v -0.05032426 -0.87041295 -49.85075378 0.65098039 0.74117647 0.85882353
v -0.04844967 -0.87155831 -49.84670258 0.65098039 0.74117647 0.85882353
v -0.05541241 -0.87476629 -49.82292557 0.65098039 0.74117647 0.85882353
v -0.05729577 -0.87432468 -49.82912064 0.65098039 0.74117647 0.85882353
v -0.05444399 -0.87735760 -49.82994843 0.65098039 0.74117647 0.85882353
v -0.05305640 -0.87825918 -49.82622910 0.65098039 0.74117647 0.85882353
v -0.02713119 -0.86054420 -49.78484344 0.65098039 0.74117647 0.85882353
v -0.03663705 -0.86503416 -49.77566147 0.65098039 0.74117647 0.85882353
v -0.02564140 -0.86721420 -49.76752472 0.65098039 0.74117647 0.85882353
v -0.01582729 -0.85924947 -49.77456665 0.65098039 0.74117647 0.85882353
v -0.01740570 -0.87590170 -49.76685715 0.65098039 0.74117647 0.85882353
v -0.02000701 -0.88054013 -49.77588272 0.65098039 0.74117647 0.85882353
v -0.00888935 -0.87737167 -49.78371429 0.65098039 0.74117647 0.85882353
v -0.00608855 -0.86986768 -49.77505493 0.65098039 0.74117647 0.85882353
v -0.02994775 -0.88106340 -49.78440475 0.65098039 0.74117647 0.85882353
v -0.02030099 -0.87799466 -49.79254913 0.65098039 0.74117647 0.85882353
v -0.02927401 -0.87091100 -49.79460907 0.65098039 0.74117647 0.85882353
v -0.04117204 -0.87382501 -49.78575516 0.65098039 0.74117647 0.85882353
v -0.04329893 -0.87051642 -49.80693817 0.65098039 0.74117647 0.85882353
v -0.05324923 -0.87617719 -49.80182266 0.65098039 0.74117647 0.85882353
v -0.05111451 -0.87023377 -49.79536057 0.65098039 0.74117647 0.85882353
v -0.04175748 -0.86323225 -49.80097580 0.65098039 0.74117647 0.85882353
v -0.04636614 -0.87100077 -49.78830719 0.65098039 0.74117647 0.85882353
v -0.03504229 -0.86408168 -49.79127884 0.65098039 0.74117647 0.85882353
v -0.02993038 -0.87394381 -49.79232407 0.65098039 0.74117647 0.85882353
v -0.04139068 -0.87786120 -49.78498459 0.65098039 0.74117647 0.85882353
v -0.04094169 -0.88182616 -49.79221725 0.65098039 0.74117647 0.85882353
v -0.02998877 -0.87843764 -49.79900742 0.65098039 0.74117647 0.85882353
v -0.03627387 -0.87774205 -49.80590439 0.65098039 0.74117647 0.85882353
v -0.04658744 -0.88167381 -49.79998016 0.65098039 0.74117647 0.85882353
v -0.04767537 -0.86235893 -49.81866837 0.65098039 0.74117647 0.85882353
v -0.05401906 -0.86967814 -49.81183624 0.65098039 0.74117647 0.85882353
v -0.04957207 -0.87022865 -49.80566788 0.65098039 0.74117647 0.85882353
v -0.04215376 -0.86339569 -49.80948257 0.65098039 0.74117647 0.85882353
v -0.04569765 -0.87785190 -49.80345917 0.65098039 0.74117647 0.85882353
v -0.04736845 -0.88048494 -49.80931854 0.65098039 0.74117647 0.85882353
v -0.03899815 -0.87687552 -49.81441498 0.65098039 0.74117647 0.85882353
v -0.03810319 -0.87352961 -49.80840683 0.65098039 0.74117647 0.85882353
v -0.04495130 -0.87551558 -49.82236099 0.65098039 0.74117647 0.85882353
v -0.05177852 -0.88046014 -49.81563950 0.65098039 0.74117647 0.85882353
v -0.05066408 -0.86823654 -49.82307816 0.65098039 0.74117647 0.85882353
v -0.05629644 -0.87478441 -49.81698990 0.65098039 0.74117647 0.85882353
v -0.05054045 -0.86515379 -49.84333038 0.65098039 0.74117647 0.85882353
v -0.05488987 -0.87188512 -49.83636856 0.65098039 0.74117647 0.85882353
v -0.05474281 -0.86685777 -49.83212662 0.65098039 0.74117647 0.85882353
v -0.04928946 -0.85952806 -49.83909988 0.65098039 0.74117647 0.85882353
v -0.05223334 -0.86665481 -49.82637787 0.65098039 0.74117647 0.85882353
v -0.04685967 -0.86092973 -49.83049393 0.65098039 0.74117647 0.85882353
v -0.04953320 -0.87117350 -49.82352829 0.65098039 0.74117647 0.85882353
v -0.04820535 -0.87719512 -49.82830429 0.65098039 0.74117647 0.85882353
v -0.04301573 -0.87345719 -49.83361435 0.65098039 0.74117647 0.85882353
v -0.04565826 -0.86709630 -49.82780838 0.65098039 0.74117647 0.85882353
v -0.05145968 -0.87662852 -49.83481598 0.65098039 0.74117647 0.85882353
v -0.04578662 -0.87222302 -49.84199142 0.65098039 0.74117647 0.85882353
v -0.04493812 -0.85558116 -49.85982132 0.65098039 0.74117647 0.85882353
v -0.04259489 -0.86155903 -49.86419296 0.65098039 0.74117647 0.85882353
v -0.05003414 -0.86430395 -49.85704803 0.65098039 0.74117647 0.85882353
v -0.05053921 -0.85943085 -49.85379791 0.65098039 0.74117647 0.85882353
v -0.04858898 -0.86032289 -49.84778976 0.65098039 0.74117647 0.85882353
v -0.04495586 -0.85593200 -49.85172653 0.65098039 0.74117647 0.85882353
v -0.04591162 -0.86450410 -49.84539413 0.65098039 0.74117647 0.85882353
v -0.04371458 -0.87069809 -49.84896851 0.65098039 0.74117647 0.85882353
v -0.03980905 -0.86852145 -49.85331726 0.65098039 0.74117647 0.85882353
v -0.04388690 -0.86172533 -49.84971237 0.65098039 0.74117647 0.85882353
v -0.04679731 -0.86978030 -49.85527802 0.65098039 0.74117647 0.85882353
v -0.04066409 -0.86675566 -49.86075592 0.65098039 0.74117647 0.85882353
v -0.00613281 -0.85281658 -49.78256607 0.65098039 0.74117647 0.85882353
v -0.02005043 -0.85686958 -49.79592514 0.65098039 0.74117647 0.85882353
v -0.02796895 -0.88264269 -49.77144623 0.65098039 0.74117647 0.85882353
v 0.00387917 -0.86511219 -49.78408432 0.65098039 0.74117647 0.85882353
v -0.03328375 -0.88287205 -49.77643967 0.65098039 0.74117647 0.85882353
v -0.01416597 -0.87498558 -49.80281830 0.65098039 0.74117647 0.85882353
v 0.00082906 -0.87334430 -49.79335785 0.65098039 0.74117647 0.85882353
v -0.02354103 -0.86982882 -49.79714203 0.65098039 0.74117647 0.85882353
v -0.05457327 -0.87504351 -49.79169083 0.65098039 0.74117647 0.85882353
v -0.03433255 -0.86975789 -49.81113052 0.65098039 0.74117647 0.85882353
v -0.02638233 -0.87421036 -49.81791687 0.65098039 0.74117647 0.85882353
v -0.05178981 -0.87536013 -49.78769302 0.65098039 0.74117647 0.85882353
v -0.03119854 -0.85666066 -49.81124496 0.65098039 0.74117647 0.85882353
v -0.03707869 -0.85524416 -49.83095551 0.65098039 0.74117647 0.85882353
v -0.05297417 -0.88157272 -49.80663300 0.65098039 0.74117647 0.85882353
v -0.05526713 -0.88137519 -49.81013489 0.65098039 0.74117647 0.85882353
v -0.03456278 -0.87198007 -49.83608627 0.65098039 0.74117647 0.85882353
v -0.04437456 -0.86586338 -49.82928848 0.65098039 0.74117647 0.85882353
v -0.05711754 -0.87048018 -49.82796097 0.65098039 0.74117647 0.85882353
v -0.04425047 -0.86185098 -49.85010147 0.65098039 0.74117647 0.85882353
v -0.03587534 -0.86874819 -49.85406494 0.65098039 0.74117647 0.85882353
v -0.05592618 -0.86995161 -49.82458496 0.65098039 0.74117647 0.85882353
v -0.03964911 -0.85161412 -49.85047531 0.65098039 0.74117647 0.85882353
v -0.05128676 -0.86407232 -49.84937668 0.65098039 0.74117647 0.85882353
v -0.03393300 -0.85731268 -49.87292099 0.65098039 0.74117647 0.85882353
v -0.03241493 -0.86540079 -49.86856842 0.65098039 0.74117647 0.85882353
v -0.05088067 -0.86377764 -49.84593964 0.65098039 0.74117647 0.85882353
v -0.03772672 -0.84988642 -49.86669922 0.65098039 0.74117647 0.85882353
v 0.05071460 -0.70271909 -49.84025955 0.65098039 0.74117647 0.85882353
v 0.05554242 -0.72770816 -49.84292984 0.65098039 0.74117647 0.85882353
v 0.03904088 -0.70692146 -49.84459305 0.65098039 0.74117647 0.85882353
v 0.03711809 -0.72961569 -49.86000443 0.65098039 0.74117647 0.85882353
v 0.04467584 -0.73129833 -49.84906387 0.65098039 0.74117647 0.85882353
v 0.05703510 -0.75165743 -49.84245300 0.65098039 0.74117647 0.85882353
v 0.04097770 -0.75253564 -49.86316299 0.65098039 0.74117647 0.85882353
v 0.04561216 -0.75373125 -49.85075378 0.65098039 0.74117647 0.85882353
v 0.07159056 -0.75216913 -49.91908646 0.65098039 0.74117647 0.85882353
v 0.05602229 -0.75823998 -49.90806198 0.65098039 0.74117647 0.85882353
v 0.08545305 -0.74816024 -49.91669464 0.65098039 0.74117647 0.85882353
v 0.11212467 -0.73993635 -49.91552353 0.65098039 0.74117647 0.85882353
v 0.09851737 -0.74359375 -49.91689301 0.65098039 0.74117647 0.85882353
v 0.05441408 -0.77339852 -49.84009933 0.65098039 0.74117647 0.85882353
v 0.07485652 -0.76908720 -49.84504318 0.65098039 0.74117647 0.85882353
v 0.04038426 -0.77476728 -49.84823990 0.65098039 0.74117647 0.85882353
v 0.03499539 -0.77252895 -49.86423492 0.65098039 0.74117647 0.85882353
v 0.00730586 -0.84414363 -49.78899765 0.65098039 0.74117647 0.85882353
v 0.02227885 -0.83771443 -49.80237961 0.65098039 0.74117647 0.85882353
v 0.00773040 -0.82835484 -49.80947876 0.65098039 0.74117647 0.85882353
v -0.00622305 -0.84238946 -49.80244064 0.65098039 0.74117647 0.85882353
v -0.00153327 -0.82822484 -49.82752228 0.65098039 0.74117647 0.85882353
v -0.01539542 -0.84360373 -49.81972122 0.65098039 0.74117647 0.85882353
v -0.00651219 -0.82905388 -49.84642792 0.65098039 0.74117647 0.85882353
v -0.02145218 -0.84299862 -49.83866501 0.65098039 0.74117647 0.85882353
v -0.00851048 -0.83017945 -49.86466217 0.65098039 0.74117647 0.85882353
v -0.02436002 -0.84236217 -49.85768127 0.65098039 0.74117647 0.85882353
v -0.00796059 -0.83416498 -49.88173294 0.65098039 0.74117647 0.85882353
v -0.02528866 -0.84305739 -49.87429810 0.65098039 0.74117647 0.85882353
v -0.00630081 -0.84269589 -49.89326096 0.65098039 0.74117647 0.85882353
v -0.02294883 -0.85119206 -49.88395691 0.65098039 0.74117647 0.85882353
v 0.01792447 -0.85959816 -49.79201508 0.65098039 0.74117647 0.85882353
v 0.03183251 -0.85201532 -49.80539322 0.65098039 0.74117647 0.85882353
v 0.01512064 -0.86990488 -49.80412674 0.65098039 0.74117647 0.85882353
v 0.03053198 -0.86468369 -49.81774902 0.65098039 0.74117647 0.85882353
v 0.00450870 -0.87025559 -49.81797409 0.65098039 0.74117647 0.85882353
v 0.02111038 -0.86466694 -49.83177948 0.65098039 0.74117647 0.85882353
v -0.00216149 -0.85571659 -49.89102173 0.65098039 0.74117647 0.85882353
v -0.01923827 -0.86285222 -49.87974548 0.65098039 0.74117647 0.85882353
v -0.00507890 -0.86896700 -49.83470154 0.65098039 0.74117647 0.85882353
v 0.01215872 -0.86237836 -49.84804535 0.65098039 0.74117647 0.85882353
v -0.01185501 -0.86824334 -49.85182571 0.65098039 0.74117647 0.85882353
v 0.00599629 -0.86134923 -49.86471939 0.65098039 0.74117647 0.85882353
v -0.01607811 -0.86657703 -49.86724091 0.65098039 0.74117647 0.85882353
v 0.00185061 -0.85998428 -49.87953568 0.65098039 0.74117647 0.85882353
v 0.02613591 -0.81494331 -49.81936264 0.65098039 0.74117647 0.85882353
v 0.01307334 -0.80996656 -49.83436584 0.65098039 0.74117647 0.85882353
v 0.00950660 -0.81102508 -49.85371780 0.65098039 0.74117647 0.85882353
v 0.00984168 -0.81451863 -49.87250137 0.65098039 0.74117647 0.85882353
v 0.01244201 -0.82221901 -49.88966370 0.65098039 0.74117647 0.85882353
v 0.01314053 -0.83114982 -49.90180588 0.65098039 0.74117647 0.85882353
v 0.02809969 -0.79376960 -49.88505173 0.65098039 0.74117647 0.85882353
v 0.03422335 -0.81068707 -49.90003204 0.65098039 0.74117647 0.85882353
v 0.03495358 -0.82193667 -49.91006088 0.65098039 0.74117647 0.85882353
v 0.05505778 -0.80019045 -49.91244888 0.65098039 0.74117647 0.85882353
v 0.05634852 -0.81323189 -49.91900635 0.65098039 0.74117647 0.85882353
v 0.09102629 -0.78602695 -49.93189240 0.65098039 0.74117647 0.85882353
v 0.09346785 -0.80025738 -49.93977737 0.65098039 0.74117647 0.85882353
v 0.07624818 -0.80476725 -49.92996979 0.65098039 0.74117647 0.85882353
v 0.07492308 -0.79142165 -49.92333984 0.65098039 0.74117647 0.85882353
v 0.04913339 -0.78408790 -49.90169525 0.65098039 0.74117647 0.85882353
v 0.06797408 -0.77443516 -49.91490555 0.65098039 0.74117647 0.85882353
v 0.08346473 -0.76842791 -49.92248154 0.65098039 0.74117647 0.85882353
v 0.12087850 -0.79336429 -49.94201660 0.65098039 0.74117647 0.85882353
v 0.10739519 -0.79683346 -49.94360733 0.65098039 0.74117647 0.85882353
v 0.10364620 -0.78197038 -49.93649673 0.65098039 0.74117647 0.85882353
v 0.11679591 -0.77742195 -49.93754196 0.65098039 0.74117647 0.85882353
v 0.13284923 -0.77544355 -49.93021393 0.65098039 0.74117647 0.85882353
v 0.13485737 -0.79312849 -49.93201828 0.65098039 0.74117647 0.85882353
v 0.13649197 -0.78064871 -49.91145706 0.65098039 0.74117647 0.85882353
v 0.13979094 -0.79714054 -49.91432953 0.65098039 0.74117647 0.85882353
v 0.10781120 -0.75993848 -49.92669296 0.65098039 0.74117647 0.85882353
v 0.09611203 -0.76448882 -49.92494583 0.65098039 0.74117647 0.85882353
v 0.12235217 -0.75681859 -49.92287445 0.65098039 0.74117647 0.85882353
v 0.12618725 -0.76095855 -49.90650940 0.65098039 0.74117647 0.85882353
v 0.11661829 -0.76776946 -49.89424133 0.65098039 0.74117647 0.85882353
v 0.12564705 -0.78789139 -49.89718246 0.65098039 0.74117647 0.85882353
v 0.13207172 -0.80337626 -49.89799500 0.65098039 0.74117647 0.85882353
v 0.03950869 -0.82897484 -49.81842041 0.65098039 0.74117647 0.85882353
v 0.04570706 -0.84062433 -49.82339478 0.65098039 0.74117647 0.85882353
v 0.02287589 -0.79093826 -49.86052322 0.65098039 0.74117647 0.85882353
v 0.02813059 -0.79160452 -49.84111404 0.65098039 0.74117647 0.85882353
v 0.04818651 -0.79631042 -49.83236313 0.65098039 0.74117647 0.85882353
v 0.05947456 -0.81704819 -49.83342743 0.65098039 0.74117647 0.85882353
v 0.06238604 -0.82998753 -49.84231567 0.65098039 0.74117647 0.85882353
v 0.07928547 -0.82152116 -49.85810852 0.65098039 0.74117647 0.85882353
v 0.07914265 -0.80940068 -49.84921265 0.65098039 0.74117647 0.85882353
v 0.04562704 -0.85059702 -49.83396530 0.65098039 0.74117647 0.85882353
v 0.06048048 -0.83654445 -49.85194778 0.65098039 0.74117647 0.85882353
v 0.07776563 -0.82756573 -49.86628723 0.65098039 0.74117647 0.85882353
v 0.09661298 -0.81552267 -49.86968231 0.65098039 0.74117647 0.85882353
v 0.09540108 -0.80309331 -49.86316299 0.65098039 0.74117647 0.85882353
v 0.10971133 -0.81064606 -49.87974167 0.65098039 0.74117647 0.85882353
v 0.10641859 -0.79676914 -49.87585449 0.65098039 0.74117647 0.85882353
v 0.11518513 -0.79214311 -49.88618088 0.65098039 0.74117647 0.85882353
v 0.12074395 -0.80705607 -49.88795853 0.65098039 0.74117647 0.85882353
v 0.10226570 -0.77701557 -49.87247467 0.65098039 0.74117647 0.85882353
v 0.10904016 -0.77217257 -49.88280869 0.65098039 0.74117647 0.85882353
v 0.09202652 -0.78395152 -49.85884857 0.65098039 0.74117647 0.85882353
v 0.07529649 -0.79029799 -49.84440231 0.65098039 0.74117647 0.85882353
v 0.01748483 -0.84440804 -49.90141296 0.65098039 0.74117647 0.85882353
v 0.03830045 -0.83341354 -49.91028214 0.65098039 0.74117647 0.85882353
v 0.05924536 -0.82318771 -49.91904449 0.65098039 0.74117647 0.85882353
v 0.07981856 -0.81643093 -49.92938614 0.65098039 0.74117647 0.85882353
v 0.09752215 -0.81236261 -49.93618393 0.65098039 0.74117647 0.85882353
v 0.10987233 -0.80931532 -49.93853760 0.65098039 0.74117647 0.85882353
v 0.13193215 -0.80500305 -49.92836761 0.65098039 0.74117647 0.85882353
v 0.12155391 -0.80612051 -49.93719864 0.65098039 0.74117647 0.85882353
v 0.13566355 -0.80774987 -49.91592407 0.65098039 0.74117647 0.85882353
v 0.12902342 -0.81365728 -49.90332794 0.65098039 0.74117647 0.85882353
v 0.11987291 -0.81791472 -49.89478683 0.65098039 0.74117647 0.85882353
v 0.09562932 -0.82321638 -49.87744904 0.65098039 0.74117647 0.85882353
v 0.10929106 -0.82105178 -49.88656616 0.65098039 0.74117647 0.85882353
v 0.09245692 -0.76323587 -49.85483170 0.65098039 0.74117647 0.85882353
v 0.10192145 -0.75696683 -49.86881638 0.65098039 0.74117647 0.85882353
v 0.10581572 -0.75181109 -49.87983322 0.65098039 0.74117647 0.85882353
v 0.11646269 -0.74163890 -49.90241241 0.65098039 0.74117647 0.85882353
v 0.11047216 -0.74745965 -49.88985062 0.65098039 0.74117647 0.85882353
v 0.03908786 -0.85327947 -49.84729385 0.65098039 0.74117647 0.85882353
v 0.03131597 -0.85149384 -49.86285782 0.65098039 0.74117647 0.85882353
v 0.02588402 -0.85072130 -49.87855911 0.65098039 0.74117647 0.85882353
v 0.02182589 -0.84925681 -49.89168930 0.65098039 0.74117647 0.85882353
v 0.04221761 -0.83869922 -49.90297318 0.65098039 0.74117647 0.85882353
v 0.04658403 -0.83988667 -49.89166260 0.65098039 0.74117647 0.85882353
v 0.05195929 -0.84081960 -49.87744904 0.65098039 0.74117647 0.85882353
v 0.05694526 -0.83989388 -49.86301041 0.65098039 0.74117647 0.85882353
v 0.06321974 -0.82949913 -49.91199493 0.65098039 0.74117647 0.85882353
v 0.06706816 -0.83157837 -49.90194321 0.65098039 0.74117647 0.85882353
v 0.07241888 -0.83250725 -49.88950348 0.65098039 0.74117647 0.85882353
v 0.07560287 -0.83174908 -49.87659454 0.65098039 0.74117647 0.85882353
v 0.09407212 -0.82755482 -49.88729477 0.65098039 0.74117647 0.85882353
v 0.09168671 -0.82706916 -49.89918518 0.65098039 0.74117647 0.85882353
v 0.08695565 -0.82569689 -49.91032791 0.65098039 0.74117647 0.85882353
v 0.08370037 -0.82275325 -49.92050934 0.65098039 0.74117647 0.85882353
v 0.09987842 -0.81783485 -49.92648315 0.65098039 0.74117647 0.85882353
v 0.10205208 -0.82060277 -49.91637802 0.65098039 0.74117647 0.85882353
v 0.10570629 -0.82242388 -49.90589905 0.65098039 0.74117647 0.85882353
v 0.10755514 -0.82341230 -49.89626312 0.65098039 0.74117647 0.85882353
v 0.11022912 -0.81457698 -49.92884064 0.65098039 0.74117647 0.85882353
v 0.12651010 -0.81098104 -49.92457962 0.65098039 0.74117647 0.85882353
v 0.11882304 -0.81207967 -49.92879486 0.65098039 0.74117647 0.85882353
v 0.12930830 -0.81275588 -49.91711044 0.65098039 0.74117647 0.85882353
v 0.12397163 -0.81658965 -49.90892792 0.65098039 0.74117647 0.85882353
v 0.11648388 -0.82016706 -49.90252686 0.65098039 0.74117647 0.85882353
v 0.11375944 -0.81910163 -49.91045761 0.65098039 0.74117647 0.85882353
v 0.11984383 -0.81634974 -49.91429138 0.65098039 0.74117647 0.85882353
v 0.11061318 -0.81731921 -49.91972351 0.65098039 0.74117647 0.85882353
v 0.11743657 -0.81470245 -49.92144394 0.65098039 0.74117647 0.85882353
v 0.12394412 -0.81399024 -49.91788101 0.65098039 0.74117647 0.85882353
v 0.12261705 -0.81324804 -49.92144775 0.65098039 0.74117647 0.85882353
v 0.04194504 -0.76920247 -49.88541412 0.65098039 0.74117647 0.85882353
v -0.07397263 -0.46066064 -49.73644257 0.65098039 0.74117647 0.85882353
v -0.05967241 -0.45547980 -49.73020554 0.65098039 0.74117647 0.85882353
v -0.08779225 -0.45935047 -49.74648666 0.65098039 0.74117647 0.85882353
v -0.10510674 -0.03311862 -49.73748398 0.65098039 0.74117647 0.85882353
v -0.07417952 0.17542340 -49.69351959 0.65098039 0.74117647 0.85882353
v -0.07682987 0.21735565 -49.69514084 0.65098039 0.74117647 0.85882353
v -0.07542121 0.19572376 -49.69421005 0.65098039 0.74117647 0.85882353
v -0.11070137 -0.05717508 -49.73560715 0.65098039 0.74117647 0.85882353
v -0.08184110 0.25493920 -49.76064301 0.65098039 0.74117647 0.85882353
v -0.10114656 0.40952516 -49.70277023 0.65098039 0.74117647 0.85882353
v -0.02438479 0.70714182 -49.60917664 0.65098039 0.74117647 0.85882353
v -0.02348138 0.70369774 -49.61123276 0.65098039 0.74117647 0.85882353
v -0.02343526 0.70129693 -49.61409760 0.65098039 0.74117647 0.85882353
v -0.02387914 0.69915605 -49.61683655 0.65098039 0.74117647 0.85882353
v -0.02375519 0.69793200 -49.62022400 0.65098039 0.74117647 0.85882353
v -0.02229051 0.69847620 -49.62405396 0.65098039 0.74117647 0.85882353
v -0.02550850 0.70324320 -49.61589432 0.65098039 0.74117647 0.85882353
v -0.02262764 0.70598799 -49.61861801 0.65098039 0.74117647 0.85882353
v -0.02242071 0.70762730 -49.61681366 0.65098039 0.74117647 0.85882353
v -0.02520275 0.70512742 -49.61388016 0.65098039 0.74117647 0.85882353
f 2 3 1
f 1 3 4
f 3 2 5
f 5 2 6
f 3 7 4
f 4 7 8
f 10 11 9
f 9 11 12
f 14 15 13
f 13 15 16
f 18 19 17
f 17 19 20
f 22 23 21
f 21 23 24
f 26 18 25
f 25 18 17
f 27 28 17
f 17 28 25
f 30 31 29
f 29 31 32
f 34 35 33
f 33 35 36
f 21 24 37
f 37 24 38
f 40 31 39
f 39 31 38
f 34 33 28
f 28 33 25
f 41 42 44
f 44 42 43
f 36 45 33
f 33 45 25
f 46 47 49
f 49 47 48
f 51 52 50
f 50 52 53
f 55 53 54
f 54 53 52
f 57 58 56
f 56 58 59
f 61 62 60
f 60 62 63
f 65 66 64
f 64 66 67
f 69 70 68
f 68 70 71
f 65 73 72
f 72 73 74
f 64 75 65
f 65 75 73
f 77 78 76
f 76 78 79
f 80 81 83
f 83 81 82
f 81 85 84
f 84 85 86
f 88 89 87
f 87 89 69
f 88 87 90
f 90 87 91
f 93 94 92
f 92 94 95
f 96 84 43
f 43 84 44
f 51 98 97
f 97 98 86
f 97 99 51
f 51 99 52
f 54 52 100
f 100 52 99
f 58 101 59
f 59 101 102
f 62 103 63
f 63 103 104
f 105 106 6
f 6 106 5
f 108 109 107
f 107 109 110
f 112 113 111
f 111 113 114
f 116 117 115
f 115 117 118
f 120 121 119
f 119 121 122
f 124 125 123
f 123 125 126
f 128 129 127
f 127 129 130
f 130 131 127
f 127 131 132
f 134 1 133
f 133 1 135
f 1 4 135
f 135 4 136
f 4 8 136
f 136 8 137
f 138 139 15
f 15 139 140
f 140 139 141
f 141 139 142
f 144 57 143
f 143 57 56
f 145 146 141
f 141 146 147
f 146 149 148
f 148 149 150
f 152 153 151
f 151 153 154
f 141 147 140
f 140 147 155
f 157 11 156
f 156 11 158
f 160 161 159
f 159 161 162
f 164 165 163
f 163 165 166
f 165 160 166
f 166 160 159
f 168 169 167
f 167 169 170
f 169 171 170
f 170 171 172
f 149 173 150
f 150 173 174
f 175 176 149
f 149 176 173
f 178 172 177
f 177 172 171
f 180 181 179
f 179 181 182
f 184 180 183
f 183 180 179
f 186 187 185
f 185 187 188
f 190 191 189
f 189 191 192
f 7 193 8
f 8 193 194
f 196 162 195
f 195 162 161
f 197 168 198
f 198 168 167
f 181 199 182
f 182 199 200
f 202 203 201
f 201 203 204
f 187 186 205
f 205 186 206
f 208 209 207
f 207 209 210
f 212 213 211
f 211 213 214
f 215 216 218
f 218 216 217
f 220 209 219
f 219 209 208
f 204 186 221
f 221 186 185
f 201 204 222
f 222 204 221
f 223 211 220
f 220 211 209
f 224 225 214
f 214 225 210
f 203 206 204
f 204 206 186
f 227 187 226
f 226 187 205
f 27 228 21
f 21 228 22
f 230 231 229
f 229 231 232
f 234 235 233
f 233 235 236
f 238 239 237
f 237 239 240
f 119 122 118
f 118 122 115
f 112 242 241
f 241 242 243
f 98 51 244
f 244 51 50
f 245 138 14
f 14 138 15
f 11 10 158
f 158 10 246
f 89 85 69
f 69 85 70
f 11 157 12
f 12 157 247
f 249 164 248
f 248 164 163
f 177 250 178
f 178 250 251
f 253 254 252
f 252 254 255
f 187 227 188
f 188 227 256
f 212 257 213
f 213 257 258
f 260 134 259
f 259 134 133
f 165 164 135
f 135 164 133
f 160 165 136
f 136 165 135
f 136 137 160
f 160 137 161
f 137 261 161
f 161 261 195
f 263 264 262
f 262 264 265
f 13 16 266
f 266 16 267
f 268 267 155
f 155 267 16
f 147 269 155
f 155 269 268
f 162 196 167
f 167 196 198
f 167 170 162
f 162 170 159
f 170 172 159
f 159 172 166
f 172 178 166
f 166 178 163
f 178 251 163
f 163 251 248
f 168 270 169
f 169 270 271
f 272 273 171
f 171 273 177
f 271 272 169
f 169 272 171
f 168 197 270
f 270 197 274
f 250 177 275
f 275 177 273
f 277 45 276
f 276 45 278
f 280 281 279
f 279 281 282
f 284 104 283
f 283 104 103
f 285 215 286
f 286 215 218
f 288 289 287
f 287 289 290
f 291 80 66
f 66 80 83
f 293 294 292
f 292 294 295
f 73 91 74
f 74 91 87
f 91 73 92
f 92 73 75
f 279 77 280
f 280 77 76
f 80 291 70
f 70 291 71
f 277 47 96
f 96 47 82
f 297 175 296
f 296 175 149
f 299 154 298
f 298 154 153
f 225 300 210
f 210 300 207
f 224 301 206
f 206 301 205
f 210 209 214
f 214 209 211
f 226 205 302
f 302 205 301
f 304 305 303
f 303 305 306
f 308 309 307
f 307 309 310
f 72 291 65
f 65 291 66
f 66 83 67
f 67 83 46
f 312 313 311
f 311 313 314
f 316 317 315
f 315 317 36
f 29 318 35
f 35 318 319
f 321 32 320
f 320 32 322
f 311 314 323
f 323 314 324
f 315 325 316
f 316 325 326
f 318 287 319
f 319 287 290
f 328 321 327
f 327 321 320
f 329 330 39
f 39 330 331
f 332 333 40
f 40 333 322
f 309 334 285
f 285 334 335
f 236 2 134
f 134 2 1
f 260 336 233
f 233 336 337
f 237 14 265
f 265 14 13
f 84 86 44
f 44 86 98
f 189 192 7
f 7 192 193
f 44 98 41
f 41 98 244
f 237 240 14
f 14 240 245
f 7 3 189
f 189 3 5
f 338 71 72
f 72 71 291
f 262 265 266
f 266 265 13
f 124 123 339
f 339 123 105
f 123 109 105
f 105 109 106
f 189 5 190
f 190 5 106
f 111 114 12
f 12 114 9
f 264 340 265
f 265 340 237
f 342 343 341
f 341 343 344
f 6 235 105
f 105 235 339
f 234 346 345
f 345 346 347
f 349 350 348
f 348 350 351
f 107 352 108
f 108 352 353
f 355 356 354
f 354 356 357
f 237 340 238
f 238 340 358
f 12 247 111
f 111 247 359
f 264 263 116
f 116 263 360
f 361 362 222
f 222 362 201
f 364 365 363
f 363 365 366
f 368 369 367
f 367 369 370
f 372 373 371
f 371 373 374
f 375 376 372
f 372 376 377
f 378 379 381
f 381 379 380
f 382 383 269
f 269 383 268
f 150 174 365
f 365 174 384
f 380 377 381
f 381 377 376
f 271 270 180
f 180 270 181
f 273 272 252
f 252 272 184
f 272 271 184
f 184 271 180
f 181 270 274
f 252 255 273
f 273 255 275
f 254 385 255
f 255 385 386
f 387 388 179
f 179 388 183
f 389 387 182
f 182 387 179
f 182 200 389
f 389 200 390
f 388 391 183
f 183 391 253
f 391 392 253
f 253 392 254
f 394 379 393
f 393 379 378
f 185 188 395
f 395 188 396
f 221 185 397
f 397 185 395
f 222 221 398
f 398 221 397
f 188 256 396
f 396 256 399
f 400 401 256
f 256 401 399
f 402 403 405
f 405 403 404
f 148 150 364
f 364 150 365
f 393 406 394
f 394 406 407
f 158 246 393
f 393 246 406
f 342 19 238
f 238 19 239
f 23 22 350
f 350 22 354
f 244 50 245
f 245 50 138
f 55 142 53
f 53 142 139
f 145 144 296
f 296 144 143
f 355 228 341
f 341 228 20
f 41 240 42
f 42 240 239
f 283 308 284
f 284 308 307
f 349 409 408
f 408 409 410
f 244 245 41
f 41 245 240
f 268 383 406
f 406 383 407
f 346 411 349
f 349 411 409
f 251 412 248
f 248 412 413
f 275 414 250
f 250 414 415
f 25 45 26
f 26 45 277
f 43 26 96
f 96 26 277
f 416 417 61
f 61 417 62
f 329 24 408
f 408 24 23
f 31 40 32
f 32 40 322
f 39 38 329
f 329 38 24
f 37 38 30
f 30 38 31
f 418 419 421
f 421 419 420
f 78 295 79
f 79 295 294
f 124 339 422
f 422 339 345
f 232 131 357
f 357 131 351
f 2 236 6
f 6 236 235
f 252 184 253
f 253 184 183
f 227 423 256
f 256 423 400
f 423 227 305
f 305 227 226
f 424 258 425
f 425 258 257
f 426 427 212
f 212 427 257
f 259 133 249
f 249 133 164
f 419 418 428
f 428 418 429
f 327 430 328
f 328 430 288
f 49 431 46
f 46 431 67
f 306 302 424
f 424 302 258
f 313 432 314
f 314 432 433
f 32 321 29
f 29 321 318
f 324 314 433
f 287 318 328
f 328 318 321
f 134 260 236
f 236 260 233
f 345 339 234
f 234 339 235
f 357 351 354
f 354 351 350
f 408 23 349
f 349 23 350
f 317 278 36
f 36 278 45
f 432 313 429
f 429 313 428
f 435 428 434
f 434 428 313
f 42 239 18
f 18 239 19
f 43 42 26
f 26 42 18
f 121 120 436
f 436 120 437
f 302 301 258
f 258 301 213
f 110 109 126
f 126 109 123
f 238 358 342
f 342 358 343
f 341 20 342
f 342 20 19
f 322 438 320
f 320 438 439
f 320 439 327
f 327 439 430
f 333 440 322
f 322 440 438
f 289 288 323
f 323 288 430
f 115 340 116
f 116 340 264
f 146 145 149
f 149 145 296
f 15 140 16
f 16 140 155
f 441 442 152
f 152 442 153
f 225 224 203
f 203 224 206
f 175 297 154
f 154 297 151
f 293 443 294
f 294 443 444
f 248 413 249
f 249 413 445
f 446 447 400
f 400 447 401
f 388 387 396
f 396 387 395
f 387 389 395
f 395 389 397
f 391 388 399
f 399 388 396
f 401 392 399
f 399 392 391
f 255 386 275
f 275 386 414
f 449 450 448
f 448 450 451
f 335 452 285
f 285 452 215
f 453 298 442
f 442 298 153
f 211 223 212
f 212 223 426
f 425 257 454
f 454 257 427
f 266 10 262
f 262 10 9
f 360 113 456
f 456 113 455
f 8 194 137
f 137 194 261
f 10 266 246
f 246 266 267
f 203 202 225
f 225 202 300
f 262 9 263
f 263 9 114
f 108 353 190
f 190 353 191
f 389 390 397
f 397 390 398
f 457 422 128
f 128 422 129
f 156 158 378
f 378 158 393
f 347 346 348
f 348 346 349
f 447 458 401
f 401 458 392
f 364 382 148
f 148 382 269
f 55 54 57
f 57 54 58
f 75 64 459
f 459 64 460
f 100 90 101
f 101 90 95
f 101 58 100
f 100 58 54
f 142 55 144
f 144 55 57
f 147 146 269
f 269 146 148
f 459 93 75
f 75 93 92
f 144 145 142
f 142 145 141
f 228 27 20
f 20 27 17
f 154 299 175
f 175 299 176
f 214 213 224
f 224 213 301
f 424 461 306
f 306 461 303
f 285 286 309
f 309 286 310
f 462 334 308
f 308 334 309
f 302 306 226
f 226 306 305
f 37 28 21
f 21 28 27
f 29 35 30
f 30 35 34
f 30 34 37
f 37 34 28
f 344 436 356
f 356 436 229
f 325 290 326
f 326 290 289
f 311 439 312
f 312 439 438
f 35 319 36
f 36 319 315
f 439 311 430
f 430 311 323
f 315 319 325
f 325 319 290
f 440 463 438
f 438 463 312
f 341 344 355
f 355 344 356
f 360 456 116
f 116 456 117
f 354 22 355
f 355 22 228
f 326 289 324
f 324 289 323
f 74 87 68
f 68 87 69
f 50 53 138
f 138 53 139
f 268 406 267
f 267 406 246
f 190 106 108
f 108 106 109
f 241 455 112
f 112 455 113
f 358 122 343
f 343 122 121
f 129 347 130
f 130 347 348
f 348 351 130
f 130 351 131
f 229 232 356
f 356 232 357
f 340 115 358
f 358 115 122
f 111 359 112
f 112 359 242
f 125 124 457
f 457 124 422
f 231 132 232
f 232 132 131
f 343 121 344
f 344 121 436
f 263 114 360
f 360 114 113
f 347 129 345
f 345 129 422
f 230 229 437
f 437 229 436
f 464 446 423
f 423 446 400
f 465 466 468
f 468 466 467
f 470 471 469
f 469 471 472
f 469 472 373
f 373 472 374
f 474 469 473
f 473 469 373
f 471 475 472
f 472 475 476
f 472 477 374
f 374 477 478
f 477 472 476
f 479 480 476
f 476 480 477
f 473 373 377
f 377 373 372
f 481 482 479
f 479 482 480
f 483 484 481
f 481 484 482
f 403 402 485
f 485 402 486
f 487 488 483
f 483 488 484
f 487 489 488
f 488 489 490
f 489 491 490
f 490 491 492
f 491 493 492
f 492 493 494
f 493 495 494
f 494 495 496
f 497 498 481
f 481 498 483
f 484 499 482
f 482 499 367
f 370 480 367
f 367 480 482
f 480 370 477
f 477 370 478
f 500 497 479
f 479 497 481
f 451 473 380
f 380 473 377
f 448 451 379
f 379 451 380
f 501 502 504
f 504 502 503
f 449 505 507
f 507 505 506
f 486 508 505
f 505 508 506
f 508 509 506
f 506 509 510
f 511 507 510
f 510 507 506
f 509 508 512
f 512 508 513
f 515 509 514
f 514 509 512
f 509 515 510
f 510 515 516
f 510 516 511
f 511 516 517
f 486 505 485
f 485 505 518
f 505 449 518
f 518 449 448
f 383 382 403
f 403 382 404
f 363 404 364
f 364 404 382
f 403 485 383
f 383 485 407
f 519 520 361
f 361 520 362
f 522 496 521
f 521 496 495
f 450 474 451
f 451 474 473
f 363 366 523
f 523 366 524
f 525 499 488
f 488 499 484
f 488 490 525
f 525 490 526
f 496 522 520
f 520 522 527
f 494 496 519
f 519 496 520
f 492 494 528
f 528 494 519
f 529 530 495
f 495 530 521
f 490 492 526
f 526 492 528
f 529 495 531
f 531 495 493
f 533 534 532
f 532 534 535
f 523 524 533
f 533 524 534
f 486 402 532
f 532 402 533
f 529 536 530
f 530 536 537
f 536 538 537
f 537 538 539
f 540 541 539
f 539 541 537
f 530 537 535
f 535 537 541
f 542 539 543
f 543 539 538
f 539 542 540
f 540 542 544
f 541 540 513
f 513 540 512
f 540 544 512
f 512 544 514
f 546 547 545
f 545 547 548
f 549 550 531
f 531 550 551
f 550 549 552
f 552 549 553
f 546 550 554
f 554 550 552
f 547 546 555
f 555 546 554
f 498 556 558
f 558 556 557
f 559 557 560
f 560 557 556
f 561 562 560
f 560 562 559
f 557 559 552
f 552 559 554
f 559 562 554
f 554 562 555
f 558 557 553
f 553 557 552
f 475 471 563
f 563 471 564
f 565 563 567
f 567 563 566
f 471 470 564
f 564 470 466
f 564 466 568
f 568 466 465
f 568 465 569
f 569 465 570
f 572 573 571
f 571 573 574
f 569 575 567
f 567 575 576
f 577 565 576
f 576 565 567
f 578 579 581
f 581 579 580
f 575 561 576
f 576 561 560
f 556 577 560
f 560 577 576
f 577 556 497
f 497 556 498
f 565 577 500
f 500 577 497
f 563 565 475
f 475 565 500
f 553 489 558
f 558 489 487
f 531 493 549
f 549 493 491
f 489 553 491
f 491 553 549
f 394 407 518
f 518 407 485
f 518 448 394
f 394 448 379
f 545 548 538
f 538 548 543
f 551 545 536
f 536 545 538
f 536 529 551
f 551 529 531
f 507 582 449
f 449 582 450
f 511 583 507
f 507 583 582
f 511 517 583
f 583 517 584
f 585 586 588
f 588 586 587
f 590 591 589
f 589 591 592
f 591 590 593
f 593 590 594
f 596 597 595
f 595 597 598
f 599 600 602
f 602 600 601
f 604 605 603
f 603 605 606
f 608 609 607
f 607 609 610
f 612 613 611
f 611 613 614
f 615 616 618
f 618 616 617
f 620 621 619
f 619 621 622
f 624 625 623
f 623 625 626
f 628 629 627
f 627 629 630
f 632 633 631
f 631 633 634
f 635 636 638
f 638 636 637
f 639 640 642
f 642 640 641
f 644 645 643
f 643 645 646
f 619 622 647
f 647 622 648
f 650 651 649
f 649 651 652
f 601 653 602
f 602 653 654
f 656 657 655
f 655 657 658
f 660 661 659
f 659 661 662
f 664 665 663
f 663 665 666
f 593 594 667
f 667 594 668
f 669 670 672
f 672 670 671
f 673 674 676
f 676 674 675
f 633 632 677
f 677 632 678
f 663 666 679
f 679 666 680
f 681 682 684
f 684 682 683
f 686 687 685
f 685 687 688
f 690 661 689
f 689 661 691
f 693 686 692
f 692 686 685
f 695 597 694
f 694 597 668
f 594 696 668
f 668 696 694
f 697 698 696
f 696 698 699
f 700 701 697
f 697 701 698
f 702 585 703
f 703 585 588
f 671 690 672
f 672 690 689
f 640 639 704
f 704 639 705
f 679 706 663
f 663 706 658
f 708 709 707
f 707 709 710
f 711 712 610
f 610 712 607
f 713 714 716
f 716 714 715
f 717 718 720
f 720 718 719
f 722 634 721
f 721 634 633
f 724 725 723
f 723 725 726
f 728 729 727
f 727 729 730
f 732 733 731
f 731 733 734
f 707 710 735
f 735 710 736
f 643 737 644
f 644 737 738
f 740 741 739
f 739 741 742
f 608 744 743
f 743 744 745
f 747 748 746
f 746 748 749
f 751 752 750
f 750 752 753
f 754 755 757
f 757 755 756
f 758 759 761
f 761 759 760
f 763 764 762
f 762 764 765
f 767 768 766
f 766 768 769
f 771 772 770
f 770 772 773
f 775 776 774
f 774 776 777
f 779 780 778
f 778 780 781
f 783 712 782
f 782 712 784
f 785 786 788
f 788 786 787
f 790 628 789
f 789 628 627
f 792 793 791
f 791 793 794
f 795 796 726
f 726 796 723
f 798 799 797
f 797 799 800
f 721 633 801
f 801 633 677
f 797 800 802
f 802 800 803
f 805 806 804
f 804 806 807
f 809 810 808
f 808 810 811
f 813 814 812
f 812 814 815
f 809 808 817
f 817 808 816
f 818 819 804
f 804 819 805
f 820 821 818
f 818 821 819
f 821 820 587
f 587 820 822
f 809 823 810
f 810 823 824
f 814 807 815
f 815 807 806
f 826 426 825
f 825 426 223
f 426 826 427
f 427 826 827
f 828 829 454
f 454 829 830
f 831 832 677
f 677 832 801
f 834 835 833
f 833 835 836
f 838 839 837
f 837 839 840
f 841 842 844
f 844 842 843
f 845 846 803
f 803 846 802
f 847 831 678
f 678 831 677
f 848 849 851
f 851 849 850
f 853 854 852
f 852 854 855
f 857 858 856
f 856 858 680
f 860 861 859
f 859 861 862
f 864 865 863
f 863 865 866
f 868 869 867
f 867 869 870
f 839 871 840
f 840 871 872
f 849 848 874
f 874 848 873
f 876 877 875
f 875 877 878
f 880 881 879
f 879 881 882
f 883 884 886
f 886 884 885
f 846 887 802
f 802 887 888
f 890 891 889
f 889 891 888
f 893 894 892
f 892 894 895
f 896 897 728
f 728 897 729
f 899 900 898
f 898 900 901
f 902 852 904
f 904 852 903
f 849 905 850
f 850 905 906
f 875 878 907
f 907 878 908
f 910 911 909
f 909 911 912
f 914 915 913
f 913 915 916
f 917 918 862
f 862 918 859
f 919 920 856
f 856 920 921
f 923 924 922
f 922 924 925
f 926 927 925
f 925 927 922
f 929 930 928
f 928 930 693
f 932 695 931
f 931 695 694
f 823 867 824
f 824 867 933
f 935 936 934
f 934 936 937
f 938 868 823
f 823 868 867
f 940 847 939
f 939 847 678
f 632 655 678
f 678 655 939
f 941 942 619
f 619 942 620
f 687 943 688
f 688 943 944
f 851 850 945
f 945 850 903
f 850 906 903
f 903 906 904
f 946 947 949
f 949 947 948
f 951 952 950
f 950 952 953
f 955 956 954
f 954 956 957
f 907 958 875
f 875 958 874
f 960 961 959
f 959 961 962
f 963 853 902
f 902 853 852
f 909 964 910
f 910 964 965
f 967 968 966
f 966 968 969
f 971 972 970
f 970 972 973
f 974 960 975
f 975 960 959
f 977 978 976
f 976 978 979
f 981 977 980
f 980 977 976
f 980 982 981
f 981 982 983
f 985 983 984
f 984 983 982
f 984 986 985
f 985 986 987
f 989 990 988
f 988 990 991
f 993 994 992
f 992 994 995
f 997 998 996
f 996 998 999
f 1001 1002 1000
f 1000 1002 1003
f 1005 1006 1004
f 1004 1006 1007
f 1004 1008 1005
f 1005 1008 1009
f 1008 1010 1009
f 1009 1010 1011
f 1013 1011 1012
f 1012 1011 1010
f 1014 1015 1017
f 1017 1015 1016
f 1019 1020 1018
f 1018 1020 1021
f 1022 1023 976
f 976 1023 980
f 1024 1025 982
f 982 1025 984
f 992 995 1026
f 1026 995 1027
f 956 955 1028
f 1028 955 1029
f 1030 1031 1033
f 1033 1031 1032
f 1010 1008 1034
f 1034 1008 1035
f 1008 1004 1035
f 1035 1004 1036
f 1037 1038 1002
f 1002 1038 1007
f 1002 1001 1037
f 1037 1001 1039
f 1040 1041 997
f 997 1041 998
f 1015 1014 1043
f 1043 1014 1042
f 1044 1045 1047
f 1047 1045 1046
f 1044 1020 1048
f 1048 1020 1049
f 1050 1051 1003
f 1003 1051 1000
f 1052 1050 1006
f 1006 1050 1003
f 1053 1054 1011
f 1011 1054 1009
f 1013 1045 1055
f 1055 1045 1056
f 1058 1059 1057
f 1057 1059 1060
f 1062 1063 1061
f 1061 1063 1064
f 1065 1066 1050
f 1050 1066 1051
f 1067 1065 1052
f 1052 1065 1050
f 1068 1069 1054
f 1054 1069 1070
f 1071 1068 1053
f 1053 1068 1054
f 1073 1071 1072
f 1072 1071 1074
f 1074 1071 1055
f 1055 1071 1053
f 1076 1077 1075
f 1075 1077 1078
f 1079 1080 1057
f 1057 1080 1058
f 1081 1082 1064
f 1064 1082 1061
f 1084 1085 1083
f 1083 1085 1086
f 1088 1089 1087
f 1087 1089 1090
f 1092 1093 1091
f 1091 1093 1094
f 1096 1097 1095
f 1095 1097 1098
f 1099 1100 1102
f 1102 1100 1101
f 1103 1104 1099
f 1099 1104 1100
f 1106 1107 1105
f 1105 1107 1108
f 1110 1111 1109
f 1109 1111 1112
f 1114 1115 1113
f 1113 1115 1116
f 1118 1119 1117
f 1117 1119 1077
f 1117 1120 1122
f 1122 1120 1121
f 1105 1123 1106
f 1106 1123 1124
f 1125 1126 1128
f 1128 1126 1127
f 1130 1131 1129
f 1129 1131 1132
f 1134 1135 1133
f 1133 1135 1114
f 1113 1136 1114
f 1114 1136 1133
f 1118 1137 1113
f 1113 1137 1136
f 1118 1117 1137
f 1137 1117 1122
f 1139 1140 1138
f 1138 1140 1141
f 1143 953 1142
f 1142 953 952
f 1145 957 1144
f 1144 957 956
f 1028 1146 956
f 956 1146 1144
f 1014 1147 1042
f 1042 1147 1148
f 1014 1017 1147
f 1147 1017 1149
f 1059 1058 1150
f 1150 1058 1151
f 1153 1080 1152
f 1152 1080 1154
f 1156 1088 1155
f 1155 1088 1087
f 1157 1158 1106
f 1106 1158 1107
f 1106 1124 1157
f 1157 1124 1159
f 1161 1162 1160
f 1160 1162 1163
f 1165 1166 1164
f 1164 1166 1167
f 1168 1031 1012
f 1012 1031 1046
f 1024 1023 1035
f 1035 1023 1034
f 1036 1038 1025
f 1025 1038 1169
f 1170 1171 1039
f 1039 1171 1037
f 1028 1029 1042
f 1042 1029 1043
f 1172 1173 1175
f 1175 1173 1174
f 1055 1053 1013
f 1013 1053 1011
f 1005 1009 1070
f 1070 1009 1054
f 996 999 1062
f 1062 999 1063
f 1016 1060 1017
f 1017 1060 1059
f 1017 1059 1149
f 1149 1059 1150
f 1177 1178 1176
f 1176 1178 1103
f 1176 1072 1179
f 1179 1072 1074
f 1073 1102 1086
f 1086 1102 1083
f 1180 1181 1067
f 1067 1181 1065
f 1182 1183 1184
f 1184 1183 1181
f 1186 1187 1185
f 1185 1187 1188
f 1189 1190 798
f 798 1190 799
f 1192 1193 1191
f 1191 1193 1194
f 1195 1196 1194
f 1194 1196 1191
f 1196 1195 1198
f 1198 1195 1197
f 1200 674 1199
f 1199 674 673
f 928 1201 1203
f 1203 1201 1202
f 861 1204 862
f 862 1204 921
f 1205 1206 913
f 913 1206 1207
f 882 1208 879
f 879 1208 1209
f 1210 1211 1167
f 1167 1211 1164
f 1212 769 1213
f 1213 769 768
f 727 1214 728
f 728 1214 1215
f 1217 1218 1216
f 1216 1218 1219
f 1220 813 1221
f 1221 813 812
f 827 828 427
f 427 828 454
f 1223 1224 1222
f 1222 1224 1165
f 1226 1227 1225
f 1225 1227 1228
f 851 1229 848
f 848 1229 1230
f 834 854 835
f 835 854 1231
f 1233 1234 1232
f 1232 1234 1235
f 1237 751 1236
f 1236 751 750
f 743 819 1238
f 1238 819 821
f 1240 1241 1239
f 1239 1241 1242
f 1244 1245 1243
f 1243 1245 1246
f 844 1247 841
f 841 1247 1248
f 1250 1251 1249
f 1249 1251 1252
f 1254 893 1253
f 1253 893 1237
f 1255 1256 1258
f 1258 1256 1257
f 1260 1261 1259
f 1259 1261 1262
f 945 903 855
f 855 903 852
f 855 1263 945
f 945 1263 1264
f 832 845 801
f 801 845 803
f 800 721 803
f 803 721 801
f 721 800 722
f 722 800 799
f 1266 1267 1265
f 1265 1267 1268
f 1270 795 1269
f 1269 795 726
f 725 1271 726
f 726 1271 1269
f 737 765 738
f 738 765 764
f 759 740 760
f 760 740 739
f 717 1272 1274
f 1274 1272 1273
f 1163 1226 1275
f 1275 1226 1225
f 1277 882 1276
f 1276 882 881
f 1041 1040 1027
f 1027 1040 1026
f 900 935 901
f 901 935 934
f 1164 1278 1165
f 1165 1278 1222
f 1211 1279 1164
f 1164 1279 1278
f 442 1280 453
f 453 1280 1281
f 788 1282 785
f 785 1282 1283
f 1285 1286 1284
f 1284 1286 1287
f 1284 1288 1285
f 1285 1288 1289
f 757 1289 754
f 754 1289 1288
f 605 604 675
f 675 604 676
f 1290 1291 1293
f 1293 1291 1292
f 1295 1296 1294
f 1294 1296 1297
f 696 699 694
f 694 699 931
f 1298 1299 592
f 592 1299 589
f 1299 1300 589
f 589 1300 700
f 1300 1301 700
f 700 1301 701
f 743 745 819
f 819 745 805
f 1303 1304 1302
f 1302 1304 1305
f 1306 1307 1305
f 1305 1307 1302
f 609 1298 610
f 610 1298 592
f 587 822 588
f 588 822 1308
f 703 588 1309
f 1309 588 1308
f 1310 703 571
f 571 703 1309
f 1311 1312 789
f 789 1312 790
f 825 223 1313
f 1313 223 220
f 219 1314 220
f 220 1314 1313
f 1315 1316 1311
f 1311 1316 1312
f 1317 1318 1319
f 1319 1318 1241
f 441 1320 442
f 442 1320 1280
f 1321 217 572
f 572 217 216
f 1323 1230 1322
f 1322 1230 1229
f 1324 1325 631
f 631 1325 656
f 1034 1168 1010
f 1010 1168 1012
f 1327 1328 1326
f 1326 1328 1329
f 1331 1202 1330
f 1330 1202 1201
f 571 1309 572
f 572 1309 1321
f 573 572 1332
f 1332 572 216
f 1334 1335 1333
f 1333 1335 1336
f 1337 1338 918
f 918 1338 859
f 1339 863 1340
f 1340 863 866
f 1341 1342 1344
f 1344 1342 1343
f 1345 1346 919
f 919 1346 920
f 1347 1348 673
f 673 1348 1199
f 693 1349 928
f 928 1349 1201
f 1351 1257 1350
f 1350 1257 1256
f 1350 1352 1351
f 1351 1352 1353
f 653 930 654
f 654 930 662
f 1279 1354 1278
f 1278 1354 1355
f 1357 1358 1356
f 1356 1358 1359
f 937 1360 1140
f 1140 1360 1361
f 1225 1228 909
f 909 1228 964
f 901 934 1362
f 1362 934 1139
f 1364 1365 1363
f 1363 1365 1362
f 1367 912 1366
f 1366 912 911
f 1143 1142 1368
f 1368 1142 1369
f 1144 1186 1145
f 1145 1186 1185
f 1146 1175 1144
f 1144 1175 1186
f 1175 1146 1172
f 1172 1146 1148
f 1147 1018 1148
f 1148 1018 1172
f 1018 1147 1019
f 1019 1147 1149
f 1149 1150 1019
f 1019 1150 1370
f 1150 1151 1370
f 1370 1151 1371
f 1151 1153 1371
f 1371 1153 1177
f 1152 1156 1178
f 1178 1156 1372
f 1155 1158 1373
f 1373 1158 1374
f 1157 1159 1376
f 1376 1159 1375
f 1378 1379 1377
f 1377 1379 1380
f 1382 1383 1381
f 1381 1383 1384
f 1382 1386 1385
f 1385 1386 1387
f 1386 1233 1387
f 1387 1233 1232
f 1389 1390 1388
f 1388 1390 1391
f 1393 1394 1392
f 1392 1394 1395
f 1397 1398 1396
f 1396 1398 1399
f 629 1397 630
f 630 1397 1396
f 1342 1400 1343
f 1343 1400 1401
f 1403 1404 1402
f 1402 1404 1405
f 1407 1408 1406
f 1406 1408 1409
f 1411 1412 1410
f 1410 1412 1413
f 793 1414 794
f 794 1414 1415
f 1417 1341 1416
f 1416 1341 1344
f 704 705 1347
f 1347 705 1418
f 741 1419 742
f 742 1419 1420
f 1422 669 1421
f 1421 669 672
f 645 1423 646
f 646 1423 1424
f 1196 1198 614
f 614 1198 611
f 613 1425 614
f 614 1425 1426
f 1427 616 659
f 659 616 660
f 614 1426 1196
f 1196 1426 1191
f 696 594 697
f 697 594 590
f 697 590 700
f 700 590 589
f 703 1310 702
f 702 1310 1428
f 1421 672 1192
f 1192 672 689
f 1271 648 1269
f 1269 648 622
f 621 1270 622
f 622 1270 1269
f 1429 1430 1417
f 1417 1430 1341
f 1431 1432 1434
f 1434 1432 1433
f 1436 1437 1435
f 1435 1437 1438
f 1440 1441 1439
f 1439 1441 1442
f 1443 1444 1446
f 1446 1444 1445
f 823 809 938
f 938 809 817
f 810 1447 811
f 811 1447 1448
f 1449 1450 679
f 679 1450 706
f 913 916 1205
f 1205 916 1451
f 1275 1225 912
f 912 1225 909
f 1452 1453 880
f 880 1453 881
f 1444 1401 1445
f 1445 1401 1400
f 936 1454 937
f 937 1454 1360
f 824 1455 810
f 810 1455 1447
f 631 656 632
f 632 656 655
f 966 1456 967
f 967 1456 1457
f 1459 1460 1458
f 1458 1460 1461
f 1460 1462 1461
f 1461 1462 1463
f 972 974 973
f 973 974 975
f 990 995 991
f 991 995 994
f 1464 1187 1033
f 1033 1187 1174
f 1018 1021 1172
f 1172 1021 1173
f 1000 999 1001
f 1001 999 998
f 976 979 1022
f 1022 979 1032
f 1023 1024 980
f 980 1024 982
f 989 986 1171
f 1171 986 1169
f 1171 1170 989
f 989 1170 990
f 1170 1027 990
f 990 1027 995
f 1041 1039 998
f 998 1039 1001
f 1051 1063 1000
f 1000 1063 999
f 1066 1064 1051
f 1051 1064 1063
f 1183 1081 1066
f 1066 1081 1064
f 1178 1372 1103
f 1103 1372 1104
f 1092 1091 1465
f 1465 1091 1182
f 1467 1465 1466
f 1466 1465 1468
f 1469 1470 1184
f 1184 1470 1468
f 1095 1098 1471
f 1471 1098 1101
f 1076 1374 1120
f 1120 1374 1376
f 1110 1472 1127
f 1127 1472 1132
f 1472 1473 1132
f 1132 1473 1129
f 1474 1475 1466
f 1466 1475 1473
f 1119 1118 1116
f 1116 1118 1113
f 1375 1121 1376
f 1376 1121 1120
f 1127 1132 1128
f 1128 1132 1131
f 1227 1476 1228
f 1228 1476 1361
f 1365 1477 1362
f 1362 1477 872
f 1478 1479 1323
f 1323 1479 1230
f 1480 1481 914
f 914 1481 915
f 913 1277 914
f 914 1277 1276
f 1168 1034 1022
f 1022 1034 1023
f 1035 1036 1024
f 1024 1036 1025
f 1039 1041 1170
f 1170 1041 1027
f 1042 1148 1028
f 1028 1148 1146
f 968 1459 969
f 969 1459 1458
f 1482 1483 664
f 664 1483 665
f 1485 1486 1484
f 1484 1486 1487
f 1489 1490 1488
f 1488 1490 1491
f 1492 1493 722
f 722 1493 634
f 1495 1496 1494
f 1494 1496 1497
f 1498 1207 1339
f 1339 1207 863
f 1224 1499 1165
f 1165 1499 1166
f 1160 1163 1500
f 1500 1163 1275
f 1500 877 1160
f 1160 877 1501
f 876 873 1502
f 1502 873 1479
f 945 1264 851
f 851 1264 1229
f 835 1231 839
f 839 1231 871
f 1503 1283 778
f 778 1283 1282
f 716 715 1505
f 1505 715 1504
f 1446 1445 1507
f 1507 1445 1506
f 779 792 1381
f 1381 792 791
f 1430 1409 1341
f 1341 1409 1342
f 1411 1429 1508
f 1508 1429 1417
f 635 1510 1509
f 1509 1510 1511
f 1377 1380 1315
f 1315 1380 1316
f 1445 1400 1506
f 1506 1400 1408
f 918 917 1336
f 1336 917 1333
f 1513 1514 1512
f 1512 1514 870
f 1515 1516 1363
f 1363 1516 1364
f 1453 1517 881
f 881 1517 1276
f 992 1518 993
f 993 1518 1519
f 1520 1029 1518
f 1518 1029 955
f 1520 1026 1521
f 1521 1026 1040
f 1522 1015 1521
f 1521 1015 1043
f 996 1523 997
f 997 1523 1522
f 1060 1016 1524
f 1524 1016 1523
f 1061 1525 1062
f 1062 1525 1524
f 1079 1527 1526
f 1526 1527 1528
f 1093 1529 1094
f 1094 1529 1528
f 1111 1530 1112
f 1112 1530 1531
f 1532 1533 1105
f 1105 1533 1123
f 934 937 1139
f 1139 937 1140
f 1138 1363 1139
f 1139 1363 1362
f 1534 1222 1355
f 1355 1222 1278
f 1535 1223 1534
f 1534 1223 1222
f 821 587 1238
f 1238 587 586
f 1319 711 1317
f 1317 711 1536
f 1538 1200 1537
f 1537 1200 1199
f 1508 1417 1539
f 1539 1417 1416
f 1540 1541 840
f 840 1541 837
f 1231 898 871
f 871 898 901
f 1500 1275 1367
f 1367 1275 912
f 1543 1379 1542
f 1542 1379 1395
f 1539 772 1508
f 1508 772 1544
f 1546 1403 1545
f 1545 1403 1402
f 1548 1549 1547
f 1547 1549 1550
f 1552 1548 1551
f 1551 1548 1547
f 1554 1555 1553
f 1553 1555 1556
f 1558 1559 1557
f 1557 1559 1560
f 1562 1563 1561
f 1561 1563 1564
f 1566 1567 1565
f 1565 1567 1568
f 1570 1571 1569
f 1569 1571 1572
f 1574 1575 1573
f 1573 1575 1576
f 1577 1578 1572
f 1572 1578 1569
f 1580 1581 1579
f 1579 1581 1582
f 1584 1585 1583
f 1583 1585 1586
f 1588 1555 1587
f 1587 1555 1589
f 1591 1592 1590
f 1590 1592 1593
f 1595 1596 1594
f 1594 1596 1597
f 1596 1581 1597
f 1597 1581 1576
f 1599 1570 1598
f 1598 1570 1569
f 1601 1602 1600
f 1600 1602 1603
f 1605 1606 1604
f 1604 1606 1607
f 1608 1609 1568
f 1568 1609 1565
f 1611 1612 1610
f 1610 1612 1613
f 1615 1616 1614
f 1614 1616 1617
f 1619 1617 1618
f 1618 1617 1616
f 1621 1622 1620
f 1620 1622 1623
f 1625 1626 1624
f 1624 1626 1627
f 1629 1630 1628
f 1628 1630 1631
f 1633 1634 1632
f 1632 1634 1635
f 1636 1637 1639
f 1639 1637 1638
f 1641 1642 1640
f 1640 1642 1643
f 1624 1627 1644
f 1644 1627 1645
f 1647 1648 1646
f 1646 1648 1649
f 1651 1652 1650
f 1650 1652 1653
f 1655 1656 1654
f 1654 1656 1657
f 1659 1660 1658
f 1658 1660 1661
f 1662 1663 1631
f 1631 1663 1628
f 1651 1665 1664
f 1664 1665 1666
f 1667 1656 1619
f 1619 1656 1617
f 1669 1670 1668
f 1668 1670 1671
f 1632 1635 1672
f 1672 1635 1673
f 1674 1675 1638
f 1638 1675 1639
f 1677 1678 1676
f 1676 1678 1679
f 1680 1640 1681
f 1681 1640 1643
f 1682 1683 1643
f 1643 1683 1681
f 1670 1669 1235
f 1235 1669 1232
f 1396 1399 1674
f 1674 1399 1675
f 627 630 1679
f 1679 630 1676
f 1681 1315 1680
f 1680 1315 1311
f 1683 1377 1681
f 1681 1377 1315
f 1672 1673 1387
f 1387 1673 1385
f 1636 1684 1646
f 1646 1684 1685
f 1687 1688 1686
f 1686 1688 1689
f 1585 1690 1586
f 1586 1690 1691
f 1599 1692 1551
f 1551 1692 1693
f 1552 1558 1694
f 1694 1558 1557
f 1696 1615 1695
f 1695 1615 1614
f 1698 1699 1697
f 1697 1699 1623
f 1700 1701 1703
f 1703 1701 1702
f 1705 1706 1704
f 1704 1706 1707
f 1708 1709 1640
f 1640 1709 1641
f 1710 1711 1713
f 1713 1711 1712
f 1652 1655 1653
f 1653 1655 1654
f 1714 1699 1712
f 1712 1699 1713
f 1715 1710 1716
f 1716 1710 1713
f 1717 1708 1680
f 1680 1708 1640
f 1393 1392 1715
f 1715 1392 1710
f 1719 1720 1718
f 1718 1720 1721
f 1680 1311 1717
f 1717 1311 789
f 1378 1711 1392
f 1392 1711 1710
f 1388 1391 1719
f 1719 1391 1720
f 1723 1606 1722
f 1722 1606 1689
f 1725 1568 1724
f 1724 1568 1567
f 1726 1647 1685
f 1685 1647 1646
f 1728 1554 1727
f 1727 1554 1553
f 1591 1687 1600
f 1600 1687 1686
f 1730 1595 1729
f 1729 1595 1594
f 1601 1605 1731
f 1731 1605 1604
f 1733 1663 1732
f 1732 1663 1734
f 1736 1639 1735
f 1735 1639 1675
f 1658 1644 1737
f 1737 1644 1645
f 1726 1662 1724
f 1724 1662 1631
f 1399 1738 1675
f 1675 1738 1735
f 1621 1667 1739
f 1739 1667 1619
f 1714 1740 1620
f 1620 1740 1741
f 1592 1549 1593
f 1593 1549 1742
f 1602 1571 1603
f 1603 1571 1550
f 1688 1690 1689
f 1689 1690 1722
f 1588 1559 1582
f 1582 1559 1579
f 1673 1735 1385
f 1385 1735 1738
f 1387 1232 1672
f 1672 1232 1669
f 1580 1692 1573
f 1573 1692 1743
f 1377 1683 1378
f 1378 1683 1711
f 1664 1666 1744
f 1744 1666 1745
f 1744 1696 1664
f 1664 1696 1695
f 1746 1747 1732
f 1732 1747 1748
f 1749 1750 1677
f 1677 1750 1678
f 1709 1708 1750
f 1750 1708 1678
f 1668 1632 1669
f 1669 1632 1672
f 1633 1746 1734
f 1734 1746 1732
f 1679 1678 1717
f 1717 1678 1708
f 789 627 1717
f 1717 627 1679
f 1563 1723 1564
f 1564 1723 1722
f 1728 1584 1751
f 1751 1584 1583
f 1674 1676 1396
f 1396 1676 630
f 1666 1566 1745
f 1745 1566 1565
f 1627 1629 1645
f 1645 1629 1628
f 1637 1749 1638
f 1638 1749 1677
f 1648 1665 1649
f 1649 1665 1752
f 1740 1642 1741
f 1741 1642 1657
f 1676 1674 1677
f 1677 1674 1638
f 1683 1682 1711
f 1711 1682 1712
f 1618 1753 1619
f 1619 1753 1739
f 1701 1739 1702
f 1702 1739 1753
f 1754 1214 1756
f 1756 1214 1755
f 647 1757 619
f 619 1757 941
f 1759 1193 1758
f 1758 1193 691
f 1419 1760 1420
f 1420 1760 1761
f 682 1762 683
f 683 1762 1763
f 1412 780 1413
f 1413 780 1384
f 1383 1398 1384
f 1384 1398 1413
f 1197 1424 1764
f 1764 1424 1423
f 1537 1287 1538
f 1538 1287 1286
f 1634 1684 1635
f 1635 1684 1736
f 1724 1631 1725
f 1725 1631 1630
f 1562 1730 1610
f 1610 1730 1729
f 1735 1673 1736
f 1736 1673 1635
f 1757 1195 941
f 941 1195 1194
f 1766 200 1765
f 1765 200 199
f 475 500 476
f 476 500 479
f 498 558 483
f 483 558 487
f 545 551 546
f 546 551 550
f 453 1281 219
f 219 1281 1314
f 298 453 208
f 208 453 219
f 368 1765 1767
f 1767 1765 199
f 523 405 363
f 363 405 404
f 523 533 405
f 405 533 402
f 298 208 299
f 299 208 207
f 299 207 176
f 176 207 300
f 176 300 173
f 173 300 202
f 173 202 174
f 174 202 201
f 1337 918 1768
f 1768 918 1336
f 1769 1770 1338
f 1338 1770 859
f 581 570 578
f 578 570 1771
f 555 562 580
f 580 562 561
f 504 1772 501
f 501 1772 548
f 517 542 584
f 584 542 543
f 515 514 516
f 516 514 544
f 542 517 544
f 544 517 516
f 561 575 580
f 580 575 581
f 575 569 581
f 581 569 570
f 501 548 1773
f 1773 548 547
f 1774 1775 570
f 570 1775 1771
f 369 368 1776
f 1776 368 1767
f 372 369 375
f 375 369 1776
f 822 1280 1308
f 1308 1280 1320
f 820 1281 822
f 822 1281 1280
f 818 1314 820
f 820 1314 1281
f 1314 818 1313
f 1313 818 804
f 807 814 825
f 825 814 826
f 814 813 826
f 826 813 827
f 813 1220 827
f 827 1220 828
f 580 579 555
f 555 579 547
f 1477 1540 872
f 872 1540 840
f 367 499 368
f 368 499 1765
f 1766 1765 525
f 525 1765 499
f 1777 1766 526
f 526 1766 525
f 520 527 362
f 362 527 384
f 361 1778 519
f 519 1778 528
f 371 1779 372
f 372 1779 369
f 369 1779 370
f 370 1779 478
f 1779 371 478
f 478 371 374
f 1778 1777 528
f 528 1777 526
f 1781 1782 1780
f 1780 1782 1783
f 431 460 67
f 67 460 64
f 68 338 74
f 74 338 72
f 1785 1782 1784
f 1784 1782 1786
f 1787 1788 1790
f 1790 1788 1789
f 1792 1789 1791
f 1791 1789 1793
f 1791 1794 1792
f 1792 1794 1795
f 1794 1796 1795
f 1795 1796 1797
f 1797 1798 938
f 938 1798 868
f 1798 1799 868
f 868 1799 869
f 1801 1802 1800
f 1800 1802 1451
f 1803 1804 1205
f 1205 1804 1206
f 1805 1806 864
f 864 1806 865
f 1806 1807 865
f 865 1807 1808
f 68 71 338
f 287 328 288
f 1320 1321 1308
f 1308 1321 1309
f 1320 441 1321
f 1321 441 217
f 441 152 217
f 217 152 218
f 151 286 152
f 152 286 218
f 297 310 151
f 151 310 286
f 296 307 297
f 297 307 310
f 296 143 307
f 307 143 284
f 143 56 284
f 284 56 104
f 56 59 104
f 104 59 63
f 59 102 63
f 63 102 60
f 102 94 60
f 60 94 282
f 93 459 279
f 279 459 77
f 459 460 77
f 77 460 78
f 460 431 78
f 78 431 295
f 431 49 295
f 295 49 292
f 48 421 49
f 49 421 292
f 276 278 418
f 418 278 429
f 317 432 278
f 278 432 429
f 432 317 433
f 433 317 316
f 326 324 316
f 316 324 433
f 1536 592 1809
f 1809 592 591
f 1810 744 1812
f 1812 744 1811
f 1814 1815 1813
f 1813 1815 1816
f 1817 748 1818
f 1818 748 747
f 1812 1819 1810
f 1810 1819 1817
f 1820 1821 748
f 748 1821 749
f 1823 1824 1822
f 1822 1824 1825
f 1827 1828 1826
f 1826 1828 1829
f 1831 1832 1830
f 1830 1832 1833
f 1834 1827 1243
f 1243 1827 1826
f 1313 804 825
f 825 804 807
f 1835 1253 1236
f 1236 1253 1237
f 1836 1837 1438
f 1438 1837 1435
f 1838 1505 1840
f 1840 1505 1839
f 1841 1842 716
f 716 1842 713
f 1843 1844 1510
f 1510 1844 1845
f 1847 1848 1846
f 1846 1848 1849
f 1850 1240 1822
f 1822 1240 1239
f 636 1831 637
f 637 1831 1830
f 1852 1853 1851
f 1851 1853 1854
f 1855 1856 1858
f 1858 1856 1857
f 1846 1849 1859
f 1859 1849 1860
f 1343 1401 1509
f 1509 1401 1861
f 1509 1861 635
f 635 1861 636
f 1863 1864 1862
f 1862 1864 1865
f 1283 1503 1867
f 1867 1503 1866
f 1868 1867 681
f 681 1867 682
f 1286 1285 683
f 683 1285 684
f 757 756 1274
f 1274 756 1869
f 1274 1869 717
f 717 1869 718
f 1434 1433 719
f 719 1433 720
f 1200 1538 1545
f 1545 1538 1763
f 1285 1289 684
f 684 1289 1273
f 684 1273 681
f 681 1273 1272
f 785 1283 1868
f 1868 1283 1867
f 786 785 1870
f 1870 785 1868
f 1289 757 1273
f 1273 757 1274
f 1539 1416 1871
f 1871 1416 1872
f 773 1871 1403
f 1403 1871 1404
f 675 674 1405
f 1405 674 1402
f 1864 1873 1865
f 1865 1873 1874
f 638 1843 635
f 635 1843 1510
f 1344 1343 1511
f 1511 1343 1509
f 772 1539 773
f 773 1539 1871
f 674 1200 1402
f 1402 1200 1545
f 1538 1286 1763
f 1763 1286 683
f 1444 1443 1875
f 1875 1443 1876
f 1875 1876 1831
f 1831 1876 1832
f 1416 1344 1872
f 1872 1344 1511
f 1877 1878 774
f 774 1878 1879
f 1878 1847 1879
f 1879 1847 1846
f 1880 714 1881
f 1881 714 1848
f 1401 1444 1861
f 1861 1444 1875
f 1861 1875 636
f 636 1875 1831
f 1823 1863 1882
f 1882 1863 1862
f 1441 1440 1884
f 1884 1440 1883
f 1883 1852 1884
f 1884 1852 1851
f 1886 1887 1885
f 1885 1887 1888
f 1358 1889 1359
f 1359 1889 1890
f 1891 1886 1892
f 1892 1886 1885
f 774 1879 775
f 775 1879 1893
f 1859 1893 1846
f 1846 1893 1879
f 713 1842 1849
f 1849 1842 1860
f 1318 1895 1894
f 1894 1895 1896
f 1873 1897 1874
f 1874 1897 1898
f 1898 605 1899
f 1899 605 675
f 1405 1844 675
f 675 1844 1899
f 1404 1845 1405
f 1405 1845 1844
f 593 1296 591
f 591 1296 1809
f 1295 1292 1900
f 1900 1292 1895
f 606 1897 1291
f 1291 1897 1896
f 1510 1845 1511
f 1511 1845 1872
f 1871 1872 1404
f 1404 1872 1845
f 1866 770 1762
f 1762 770 1546
f 1762 682 1866
f 1866 682 1867
f 1870 1868 1272
f 1272 1868 681
f 1272 717 1870
f 1870 717 720
f 1870 720 786
f 786 720 1433
f 786 1433 787
f 787 1433 1432
f 1261 1414 1432
f 1432 1414 787
f 1389 1234 1260
f 1260 1234 1415
f 1719 1670 1388
f 1388 1670 1235
f 1718 1671 1719
f 1719 1671 1670
f 1705 1747 1718
f 1718 1747 1671
f 1659 1901 1704
f 1704 1901 1748
f 1877 1903 1902
f 1902 1903 1904
f 1259 1905 1390
f 1390 1905 1394
f 1715 1720 1393
f 1393 1720 1391
f 1716 1721 1715
f 1715 1721 1720
f 1698 1706 1716
f 1716 1706 1721
f 277 276 47
f 47 276 48
f 84 96 81
f 81 96 82
f 80 70 81
f 81 70 85
f 99 97 88
f 88 97 89
f 90 100 88
f 88 100 99
f 101 95 102
f 102 95 94
f 1906 1907 280
f 280 1907 281
f 97 86 89
f 89 86 85
f 60 282 61
f 61 282 281
f 83 82 46
f 46 82 47
f 293 292 420
f 420 292 421
f 419 1908 420
f 420 1908 1909
f 92 95 91
f 91 95 90
f 279 282 93
f 93 282 94
f 276 418 48
f 48 418 421
f 1910 1660 1697
f 1697 1660 1707
f 1703 1624 1700
f 1700 1624 1644
f 1622 1910 1623
f 1623 1910 1697
f 1701 1700 1911
f 1911 1700 1661
f 1700 1644 1661
f 1661 1644 1658
f 1901 1737 1733
f 1733 1737 1645
f 1625 1912 1604
f 1604 1912 1731
f 1912 1913 1731
f 1731 1913 1914
f 1913 1577 1914
f 1914 1577 1572
f 1915 1578 1616
f 1616 1578 1618
f 1915 1916 1598
f 1598 1916 1743
f 1916 1574 1743
f 1743 1574 1573
f 1575 1917 1576
f 1576 1917 1597
f 1917 1609 1597
f 1597 1609 1594
f 1608 1611 1729
f 1729 1611 1610
f 1918 1612 1629
f 1629 1612 1630
f 1626 1918 1627
f 1627 1918 1629
f 1920 1921 1919
f 1919 1921 1922
f 1920 1924 1923
f 1923 1924 1925
f 1926 1927 1924
f 1924 1927 1925
f 1929 1930 1928
f 1928 1930 1931
f 1932 1933 1935
f 1935 1933 1934
f 1937 1938 1936
f 1936 1938 1939
f 1941 1942 1940
f 1940 1942 1943
f 1941 1945 1944
f 1944 1945 1946
f 1947 1948 1694
f 1694 1948 1949
f 1950 1951 1953
f 1953 1951 1952
f 1955 1956 1954
f 1954 1956 1589
f 1958 1956 1957
f 1957 1956 1932
f 1960 1934 1959
f 1959 1934 1933
f 1962 1963 1961
f 1961 1963 1964
f 1965 1955 1751
f 1751 1955 1954
f 1935 1930 1932
f 1932 1930 1957
f 1951 1950 1926
f 1926 1950 1929
f 1966 1967 1593
f 1593 1967 1590
f 1969 1967 1968
f 1968 1967 1964
f 1962 1921 1970
f 1970 1921 1971
f 1963 1945 1964
f 1964 1945 1968
f 1972 1948 1922
f 1922 1948 1919
f 1966 1972 1961
f 1961 1972 1922
f 1958 1953 1587
f 1587 1953 1560
f 1974 1975 1973
f 1973 1975 1976
f 1978 1979 1977
f 1977 1979 1691
f 1979 1975 1691
f 1691 1975 1586
f 1938 1942 1939
f 1939 1942 1980
f 1952 1947 1557
f 1557 1947 1694
f 1969 1978 1981
f 1981 1978 1977
f 1983 1984 1982
f 1982 1984 1985
f 1986 1987 1989
f 1989 1987 1988
f 1990 1991 1983
f 1983 1991 1984
f 1990 1993 1992
f 1992 1993 1994
f 1995 1996 1994
f 1994 1996 1997
f 1999 2000 1998
f 1998 2000 2001
f 2003 2004 2002
f 2002 2004 2005
f 2007 2008 2006
f 2006 2008 2009
f 2011 2012 2010
f 2010 2012 2013
f 2014 2015 2017
f 2017 2015 2016
f 2018 2019 2021
f 2021 2019 2020
f 2022 1989 2024
f 2024 1989 2023
f 1989 1988 2023
f 2023 1988 2025
f 2026 2027 2017
f 2017 2027 2014
f 2029 2030 2028
f 2028 2030 2031
f 2033 2034 2032
f 2032 2034 2035
f 2032 2035 2036
f 2036 2035 2037
f 2039 2040 2038
f 2038 2040 2041
f 1982 2042 1983
f 1983 2042 2043
f 2045 2046 2044
f 2044 2046 2047
f 2049 2050 2048
f 2048 2050 2051
f 2053 2054 2052
f 2052 2054 2055
f 2057 2058 2056
f 2056 2058 2059
f 2060 2061 2033
f 2033 2061 2034
f 2063 2064 2062
f 2062 2064 2065
f 2066 2035 2067
f 2067 2035 2034
f 2069 2039 2068
f 2068 2039 2038
f 2025 2070 2023
f 2023 2070 2071
f 2072 2024 2071
f 2071 2024 2023
f 2074 2020 2073
f 2073 2020 2019
f 2050 2049 2047
f 2047 2049 2075
f 1983 2043 1990
f 1990 2043 1993
f 2006 2050 2007
f 2007 2050 2076
f 2050 2006 2051
f 2051 2006 2077
f 2079 2080 2078
f 2078 2080 2081
f 2082 2083 2085
f 2085 2083 2084
f 2010 2013 2086
f 2086 2013 2087
f 2089 2033 2088
f 2088 2033 2032
f 2090 2060 2089
f 2089 2060 2033
f 2092 2093 2091
f 2091 2093 2094
f 2096 1986 2095
f 2095 1986 2097
f 2097 1986 2022
f 2022 1986 1989
f 2015 2094 2016
f 2016 2094 2098
f 2016 2098 2100
f 2100 2098 2099
f 2017 2016 2101
f 2101 2016 2100
f 2017 2101 2026
f 2026 2101 2102
f 2100 2099 2104
f 2104 2099 2103
f 2104 2105 2100
f 2100 2105 2101
f 2105 2106 2101
f 2101 2106 2102
f 2108 2061 2107
f 2107 2061 2109
f 2111 2112 2110
f 2110 2112 2020
f 2020 2074 2110
f 2110 2074 2113
f 2115 2116 2114
f 2114 2116 2117
f 2118 2119 1995
f 1995 2119 2120
f 2121 2122 2027
f 2027 2122 2014
f 2047 2075 2044
f 2044 2075 2123
f 2124 2125 2127
f 2127 2125 2126
f 2129 2130 2128
f 2128 2130 2131
f 2132 2133 2057
f 2057 2133 2058
f 2134 1999 2136
f 2136 1999 2135
f 2055 2138 2137
f 2137 2138 2139
f 2141 2142 2140
f 2140 2142 2143
f 2083 2082 2064
f 2064 2082 2065
f 2082 2144 2065
f 2065 2144 2145
f 2040 2146 2041
f 2041 2146 2147
f 2060 2090 2148
f 2148 2090 2149
f 2048 2051 2137
f 2137 2051 2150
f 2151 1997 2135
f 2135 1997 1996
f 2152 2150 2077
f 2077 2150 2051
f 2046 2045 2118
f 2118 2045 2119
f 2154 2155 2153
f 2153 2155 2156
f 2158 2159 2157
f 2157 2159 2160
f 2162 2163 2161
f 2161 2163 2164
f 2164 2163 2165
f 2165 2163 2166
f 2168 2169 2167
f 2167 2169 2170
f 2003 2172 2171
f 2171 2172 2173
f 2174 2175 2002
f 2002 2175 2176
f 2145 2177 2065
f 2065 2177 2062
f 2178 2179 2180
f 2180 2179 2134
f 2181 2052 2152
f 2152 2052 2150
f 2040 2127 2146
f 2146 2127 2182
f 2130 2162 2131
f 2131 2162 2161
f 2052 2055 2150
f 2150 2055 2137
f 2184 2185 2183
f 2183 2185 2186
f 2159 2030 2160
f 2160 2030 2187
f 2146 2182 2029
f 2029 2182 2188
f 2189 2190 2192
f 2192 2190 2191
f 2172 2003 2176
f 2176 2003 2002
f 1998 2151 1999
f 1999 2151 2135
f 2177 2172 2062
f 2062 2172 2176
f 2172 2177 2173
f 2173 2177 2193
f 2063 2194 2064
f 2064 2194 2195
f 2066 2197 2196
f 2196 2197 2198
f 2002 2005 2174
f 2174 2005 2199
f 2004 2003 2200
f 2200 2003 2171
f 2198 2201 2171
f 2171 2201 2200
f 2197 2202 2198
f 2198 2202 2201
f 2202 2197 2203
f 2203 2197 2204
f 2196 2198 2173
f 2173 2198 2171
f 2205 2069 2170
f 2170 2069 2206
f 2197 2066 2204
f 2204 2066 2067
f 2107 2207 2108
f 2108 2207 2208
f 2210 2208 2209
f 2209 2208 2207
f 2185 2211 2212
f 2213 2214 2211
f 2211 2214 2212
f 1998 2001 2213
f 2213 2001 2214
f 2134 2215 1999
f 1999 2215 2000
f 2216 2217 2219
f 2219 2217 2218
f 2206 2220 2170
f 2170 2220 2167
f 2069 2068 2206
f 2206 2068 2221
f 2151 1998 2222
f 2222 1998 2213
f 2124 2039 2205
f 2205 2039 2069
f 2142 2223 2143
f 2143 2223 2128
f 2203 2186 2202
f 2202 2186 2185
f 2185 2184 2211
f 2211 2184 2224
f 2224 2225 2222
f 2222 2225 2226
f 2071 2227 2072
f 2072 2227 2228
f 2229 2074 2230
f 2230 2074 2073
f 2074 2229 2113
f 2113 2229 2231
f 2232 2225 2227
f 2227 2225 2224
f 2233 2234 2031
f 2031 2234 2028
f 2236 2231 2235
f 2235 2231 2229
f 2230 2183 2229
f 2229 2183 2235
f 2237 1987 2096
f 2096 1987 1986
f 2152 2238 2181
f 2181 2238 2239
f 2080 2240 2081
f 2081 2240 2241
f 2236 2242 1971
f 1971 2242 1970
f 1925 2113 1923
f 1923 2113 2231
f 2110 1927 2111
f 2111 1927 1928
f 2103 2111 1931
f 1931 2111 1928
f 1931 2243 2103
f 2103 2243 2104
f 2105 2104 2244
f 2244 2104 2243
f 1939 1980 2148
f 2148 1980 2109
f 1980 1944 2109
f 2109 1944 2107
f 1946 2245 2207
f 2207 2245 2209
f 2245 1970 2209
f 2209 1970 2242
f 2231 2236 1923
f 1923 2236 1971
f 2113 1925 2110
f 2110 1925 1927
f 2234 2246 2028
f 2028 2246 2147
f 2247 2248 2058
f 2058 2248 2059
f 2114 2117 2249
f 2249 2117 2250
f 2252 2253 2251
f 2251 2253 2254
f 2094 2015 2091
f 2091 2015 2255
f 2256 2255 2014
f 2014 2255 2015
f 2257 2145 2258
f 2258 2145 2144
f 2131 2161 2123
f 2123 2161 2044
f 2045 2044 2164
f 2164 2044 2161
f 2045 2164 2119
f 2119 2164 2165
f 2259 2120 2165
f 2165 2120 2119
f 2260 2261 2259
f 2259 2261 2120
f 2205 2262 2124
f 2124 2262 2125
f 2180 2263 2178
f 2178 2263 2264
f 2265 2266 2092
f 2092 2266 2093
f 1992 2267 2268
f 2184 2228 2224
f 2224 2228 2227
f 2048 2269 2049
f 2049 2269 2141
f 2129 2168 2157
f 2157 2168 2167
f 2049 2141 2075
f 2075 2141 2140
f 2199 2215 2270
f 2270 2215 2271
f 2142 2141 2272
f 2272 2141 2269
f 2089 2026 2090
f 2090 2026 2102
f 2146 2029 2147
f 2147 2029 2028
f 2111 2103 2112
f 2112 2103 2099
f 2061 2060 2109
f 2109 2060 2148
f 2273 2274 2041
f 2041 2274 2038
f 2260 2275 2261
f 2261 2275 2136
f 2057 2138 2132
f 2132 2138 2276
f 2272 2269 2056
f 2056 2269 2139
f 2277 2278 2270
f 2270 2278 2199
f 2029 2188 2030
f 2030 2188 2187
f 2040 2039 2127
f 2127 2039 2124
f 2064 2195 2083
f 2083 2195 2279
f 2056 2139 2057
f 2057 2139 2138
f 2278 2277 2247
f 2247 2277 2248
f 2062 2176 2063
f 2063 2176 2175
f 2280 2210 2242
f 2242 2210 2209
f 2282 2233 2281
f 2281 2233 2031
f 2216 2219 2283
f 2283 2219 2221
f 2158 2220 2218
f 2218 2220 2219
f 2217 2282 2218
f 2218 2282 2281
f 2220 2158 2167
f 2167 2158 2157
f 2223 2264 2128
f 2128 2264 2263
f 2261 1996 2120
f 2120 1996 1995
f 2213 2211 2222
f 2222 2211 2224
f 2283 2221 2284
f 2284 2221 2068
f 2135 1996 2136
f 2136 1996 2261
f 2144 2081 2258
f 2258 2081 2241
f 2235 2280 2236
f 2236 2280 2242
f 2246 2273 2147
f 2147 2273 2041
f 2036 2285 2032
f 2032 2285 2088
f 2077 2286 2152
f 2152 2286 2238
f 1937 1960 1973
f 1973 1960 1959
f 2070 2232 2071
f 2071 2232 2227
f 2244 2287 2105
f 2105 2287 2106
f 1936 1939 2149
f 2149 1939 2148
f 1944 1946 2107
f 2107 1946 2207
f 2285 2121 2088
f 2088 2121 2027
f 2253 2249 2254
f 2254 2249 2250
f 2006 2009 2077
f 2077 2009 2286
f 2289 2086 2288
f 2288 2086 2087
f 2223 2142 2290
f 2290 2142 2272
f 2128 2131 2143
f 2143 2131 2123
f 2156 2291 2153
f 2153 2291 2175
f 2292 2293 2278
f 2278 2293 2294
f 2075 2140 2123
f 2123 2140 2143
f 2262 2169 2275
f 2275 2169 2180
f 2275 2180 2136
f 2136 2180 2134
f 2274 2284 2038
f 2038 2284 2068
f 2127 2126 2182
f 2182 2126 2166
f 2094 2093 2098
f 2098 2093 2021
f 2098 2021 2099
f 2099 2021 2112
f 2018 2021 2266
f 2266 2021 2093
f 2251 2289 2252
f 2252 2289 2288
f 1997 2151 2226
f 2226 2151 2222
f 2206 2221 2220
f 2220 2221 2219
f 2269 2048 2139
f 2139 2048 2137
f 2159 2158 2281
f 2281 2158 2218
f 2156 2155 2190
f 2190 2155 2191
f 1974 1965 1583
f 1583 1965 1751
f 2088 2027 2089
f 2089 2027 2026
f 2030 2159 2031
f 2031 2159 2281
f 2106 2149 2102
f 2102 2149 2090
f 2287 1936 2106
f 2106 1936 2149
f 2293 2154 2294
f 2294 2154 2153
f 2021 2020 2112
f 2247 2295 2278
f 2278 2295 2292
f 2284 2296 2283
f 2283 2296 2297
f 2298 2296 2274
f 2274 2296 2284
f 2273 2299 2274
f 2274 2299 2298
f 2246 2300 2273
f 2273 2300 2299
f 2283 2297 2216
f 2216 2297 2301
f 2216 2301 2217
f 2217 2301 2302
f 2302 2303 2217
f 2217 2303 2282
f 2304 2301 2305
f 2305 2301 2297
f 2307 2308 2306
f 2306 2308 2309
f 2306 2310 2307
f 2307 2310 2311
f 2307 2312 2308
f 2308 2312 2313
f 2314 2315 2312
f 2312 2315 2316
f 2316 2317 2312
f 2312 2317 2313
f 2317 2305 2313
f 2313 2305 2318
f 2314 2312 2311
f 2311 2312 2307
f 2319 2320 2322
f 2322 2320 2321
f 2322 2311 2319
f 2319 2311 2310
f 2313 2318 2308
f 2308 2318 2309
f 2296 2298 2318
f 2318 2298 2309
f 2309 2298 2323
f 2323 2298 2299
f 2306 2309 2324
f 2324 2309 2323
f 2310 2306 2325
f 2325 2306 2324
f 2296 2318 2297
f 2297 2318 2305
f 2319 2310 2326
f 2326 2310 2325
f 2328 2325 2327
f 2327 2325 2324
f 2325 2328 2326
f 2326 2328 2329
f 2331 2328 2330
f 2330 2328 2327
f 2332 2333 2327
f 2327 2333 2330
f 2328 2331 2329
f 2329 2331 2334
f 2324 2323 2327
f 2327 2323 2332
f 2300 2332 2299
f 2299 2332 2323
f 2326 2335 2319
f 2319 2335 2320
f 2305 2317 2336
f 2336 2317 2316
f 2336 2316 2337
f 2337 2316 2315
f 2338 2304 2336
f 2336 2304 2305
f 2337 2339 2336
f 2336 2339 2338
f 2337 2315 2341
f 2341 2315 2340
f 2342 2300 2234
f 2234 2300 2246
f 2303 2343 2282
f 2282 2343 2233
f 2234 2233 2342
f 2342 2233 2343
f 2342 2343 2333
f 2333 2343 2344
f 2333 2344 2330
f 2330 2344 2345
f 2346 2344 2303
f 2303 2344 2343
f 2332 2300 2333
f 2333 2300 2342
f 2347 2346 2302
f 2302 2346 2303
f 2301 2304 2302
f 2302 2304 2347
f 2304 2338 2347
f 2347 2338 2348
f 2348 2349 2347
f 2347 2349 2346
f 2350 2351 2348
f 2348 2351 2349
f 2349 2345 2346
f 2346 2345 2344
f 2345 2349 2352
f 2352 2349 2351
f 2338 2339 2348
f 2348 2339 2350
f 2350 2339 2353
f 2353 2339 2354
f 2356 2357 2355
f 2355 2357 2353
f 2351 2350 2357
f 2357 2350 2353
f 2353 2354 2355
f 2355 2354 2335
f 2320 2335 2341
f 2341 2335 2354
f 2339 2337 2354
f 2354 2337 2341
f 2352 2331 2345
f 2345 2331 2330
f 2356 2334 2352
f 2352 2334 2331
f 2356 2352 2357
f 2357 2352 2351
f 2355 2329 2356
f 2356 2329 2334
f 2335 2326 2355
f 2355 2326 2329
f 2321 2314 2322
f 2322 2314 2311
f 2321 2320 2340
f 2340 2320 2341
f 2315 2314 2340
f 2340 2314 2321
f 2125 2260 2126
f 2126 2260 2259
f 2157 2160 2129
f 2129 2160 2130
f 2188 2163 2187
f 2187 2163 2162
f 2182 2166 2188
f 2188 2166 2163
f 2180 2169 2263
f 2263 2169 2168
f 2160 2187 2130
f 2130 2187 2162
f 2275 2260 2262
f 2262 2260 2125
f 2128 2263 2129
f 2129 2263 2168
f 2262 2205 2169
f 2169 2205 2170
f 2165 2166 2259
f 2259 2166 2126
f 2359 2360 2358
f 2358 2360 2361
f 2363 2364 2362
f 2362 2364 2365
f 2367 2363 2366
f 2366 2363 2362
f 2368 2369 2371
f 2371 2369 2370
f 2372 2373 2248
f 2248 2373 2059
f 2364 2374 2365
f 2365 2374 2375
f 2377 2378 2376
f 2376 2378 2379
f 2290 2380 2223
f 2223 2380 2381
f 2223 2381 2264
f 2264 2381 2382
f 2384 2385 2383
f 2383 2385 2386
f 2364 2371 2374
f 2374 2371 2387
f 2059 2373 2290
f 2290 2373 2380
f 2378 2360 2379
f 2379 2360 2388
f 2374 2387 2359
f 2359 2387 2389
f 2390 2367 2386
f 2386 2367 2391
f 2393 2394 2392
f 2392 2394 2395
f 2386 2391 2383
f 2383 2391 2396
f 2367 2366 2391
f 2391 2366 2397
f 2363 2367 2368
f 2368 2367 2390
f 2398 2399 2361
f 2361 2399 2358
f 2399 2400 2358
f 2358 2400 2375
f 2390 2401 2368
f 2368 2401 2369
f 2372 2384 2376
f 2376 2384 2383
f 2374 2359 2375
f 2375 2359 2358
f 2402 2403 2365
f 2365 2403 2362
f 2359 2389 2360
f 2360 2389 2388
f 2364 2363 2371
f 2371 2363 2368
f 2405 2398 2404
f 2404 2398 2361
f 2392 2395 2406
f 2406 2395 2397
f 2377 2396 2394
f 2394 2396 2395
f 2394 2393 2404
f 2404 2393 2405
f 2396 2377 2383
f 2383 2377 2376
f 2406 2397 2407
f 2407 2397 2366
f 2400 2402 2375
f 2375 2402 2365
f 2385 2270 2401
f 2401 2270 2271
f 2403 2407 2362
f 2362 2407 2366
f 2371 2370 2387
f 2387 2370 2382
f 2391 2397 2396
f 2396 2397 2395
f 2378 2377 2404
f 2404 2377 2394
f 2360 2378 2361
f 2361 2378 2404
f 2407 2408 2406
f 2406 2408 2409
f 2410 2408 2403
f 2403 2408 2407
f 2411 2410 2402
f 2402 2410 2403
f 2412 2411 2400
f 2400 2411 2402
f 2406 2409 2392
f 2392 2409 2413
f 2392 2413 2393
f 2393 2413 2414
f 2415 2405 2414
f 2414 2405 2393
f 2416 2413 2417
f 2417 2413 2409
f 2419 2420 2418
f 2418 2420 2421
f 2420 2422 2421
f 2421 2422 2423
f 2420 2424 2422
f 2422 2424 2425
f 2426 2427 2424
f 2424 2427 2428
f 2428 2429 2424
f 2424 2429 2425
f 2426 2424 2419
f 2419 2424 2420
f 2419 2418 2431
f 2431 2418 2430
f 2425 2432 2422
f 2422 2432 2423
f 2408 2410 2432
f 2432 2410 2423
f 2423 2410 2433
f 2433 2410 2411
f 2421 2423 2434
f 2434 2423 2433
f 2435 2418 2434
f 2434 2418 2421
f 2429 2417 2425
f 2425 2417 2432
f 2408 2432 2409
f 2409 2432 2417
f 2418 2435 2430
f 2430 2435 2436
f 2438 2435 2437
f 2437 2435 2434
f 2435 2438 2436
f 2436 2438 2439
f 2441 2438 2440
f 2440 2438 2437
f 2442 2443 2437
f 2437 2443 2440
f 2439 2438 2444
f 2444 2438 2441
f 2433 2442 2434
f 2434 2442 2437
f 2412 2442 2411
f 2411 2442 2433
f 2436 2445 2430
f 2430 2445 2446
f 2430 2446 2431
f 2431 2446 2447
f 2417 2429 2448
f 2448 2429 2428
f 2427 2449 2428
f 2428 2449 2448
f 2450 2416 2448
f 2448 2416 2417
f 2451 2450 2449
f 2449 2450 2448
f 2427 2452 2449
f 2449 2452 2453
f 2447 2446 2452
f 2452 2446 2453
f 2454 2412 2399
f 2399 2412 2400
f 2415 2455 2405
f 2405 2455 2398
f 2399 2398 2454
f 2454 2398 2455
f 2454 2455 2443
f 2443 2455 2456
f 2443 2456 2440
f 2440 2456 2457
f 2458 2456 2415
f 2415 2456 2455
f 2443 2442 2454
f 2454 2442 2412
f 2459 2458 2414
f 2414 2458 2415
f 2413 2416 2414
f 2414 2416 2459
f 2459 2416 2460
f 2460 2416 2450
f 2460 2461 2459
f 2459 2461 2458
f 2462 2463 2460
f 2460 2463 2461
f 2461 2457 2458
f 2458 2457 2456
f 2457 2461 2464
f 2464 2461 2463
f 2451 2462 2450
f 2450 2462 2460
f 2462 2451 2465
f 2465 2451 2466
f 2468 2469 2467
f 2467 2469 2465
f 2463 2462 2469
f 2469 2462 2465
f 2465 2466 2467
f 2467 2466 2445
f 2446 2445 2453
f 2453 2445 2466
f 2451 2449 2466
f 2466 2449 2453
f 2464 2441 2457
f 2457 2441 2440
f 2468 2444 2464
f 2464 2444 2441
f 2468 2464 2469
f 2469 2464 2463
f 2467 2439 2468
f 2468 2439 2444
f 2445 2436 2467
f 2467 2436 2439
f 2447 2426 2431
f 2431 2426 2419
f 2427 2426 2452
f 2452 2426 2447
f 2369 2179 2370
f 2370 2179 2178
f 2376 2379 2372
f 2372 2379 2373
f 2389 2381 2388
f 2388 2381 2380
f 2387 2382 2389
f 2389 2382 2381
f 2270 2385 2277
f 2277 2385 2384
f 2379 2388 2373
f 2373 2388 2380
f 2401 2271 2369
f 2369 2271 2179
f 2248 2277 2372
f 2372 2277 2384
f 2401 2390 2385
f 2385 2390 2386
f 2264 2382 2178
f 2178 2382 2370
f 2215 2134 2271
f 2271 2134 2179
f 2005 2000 2199
f 2199 2000 2215
f 2004 2001 2005
f 2005 2001 2000
f 2200 2214 2004
f 2004 2214 2001
f 2470 2471 2473
f 2473 2471 2472
f 2475 2476 2474
f 2474 2476 2477
f 2479 2475 2478
f 2478 2475 2474
f 2481 2482 2480
f 2480 2482 2483
f 2476 2484 2477
f 2477 2484 2485
f 2487 2488 2486
f 2486 2488 2489
f 2133 2490 2058
f 2058 2490 2491
f 2058 2491 2247
f 2247 2491 2492
f 2494 2495 2493
f 2493 2495 2496
f 2476 2483 2484
f 2484 2483 2497
f 2472 2498 2488
f 2488 2498 2489
f 2484 2497 2471
f 2471 2497 2499
f 2500 2479 2496
f 2496 2479 2501
f 2502 2503 2505
f 2505 2503 2504
f 2496 2501 2493
f 2493 2501 2506
f 2479 2478 2501
f 2501 2478 2507
f 2475 2479 2480
f 2480 2479 2500
f 2508 2509 2473
f 2473 2509 2470
f 2509 2510 2470
f 2470 2510 2485
f 2511 2481 2500
f 2500 2481 2480
f 2512 2494 2486
f 2486 2494 2493
f 2485 2484 2470
f 2470 2484 2471
f 2513 2514 2477
f 2477 2514 2474
f 2471 2499 2472
f 2472 2499 2498
f 2476 2475 2483
f 2483 2475 2480
f 2516 2508 2515
f 2515 2508 2473
f 2502 2505 2517
f 2517 2505 2507
f 2504 2487 2505
f 2505 2487 2506
f 2503 2516 2504
f 2504 2516 2515
f 2506 2487 2493
f 2493 2487 2486
f 2517 2507 2518
f 2518 2507 2478
f 2510 2513 2485
f 2485 2513 2477
f 2511 2495 2293
f 2293 2495 2154
f 2514 2518 2474
f 2474 2518 2478
f 2483 2482 2497
f 2497 2482 2492
f 2501 2507 2506
f 2506 2507 2505
f 2488 2487 2515
f 2515 2487 2504
f 2472 2488 2473
f 2473 2488 2515
f 2518 2519 2517
f 2517 2519 2520
f 2521 2519 2514
f 2514 2519 2518
f 2522 2521 2513
f 2513 2521 2514
f 2523 2522 2510
f 2510 2522 2513
f 2517 2520 2502
f 2502 2520 2524
f 2502 2524 2503
f 2503 2524 2525
f 2525 2526 2503
f 2503 2526 2516
f 2527 2524 2528
f 2528 2524 2520
f 2530 2531 2529
f 2529 2531 2532
f 2531 2533 2532
f 2532 2533 2534
f 2531 2535 2533
f 2533 2535 2536
f 2537 2538 2535
f 2535 2538 2539
f 2539 2540 2535
f 2535 2540 2536
f 2537 2535 2530
f 2530 2535 2531
f 2529 2541 2530
f 2530 2541 2542
f 2543 2534 2536
f 2536 2534 2533
f 2519 2521 2543
f 2543 2521 2534
f 2534 2521 2544
f 2544 2521 2522
f 2532 2534 2545
f 2545 2534 2544
f 2529 2532 2546
f 2546 2532 2545
f 2536 2540 2543
f 2543 2540 2528
f 2519 2543 2520
f 2520 2543 2528
f 2541 2529 2547
f 2547 2529 2546
f 2548 2549 2545
f 2545 2549 2546
f 2549 2550 2546
f 2546 2550 2547
f 2551 2552 2548
f 2548 2552 2549
f 2548 2553 2551
f 2551 2553 2554
f 2550 2549 2555
f 2555 2549 2552
f 2545 2544 2548
f 2548 2544 2553
f 2523 2553 2522
f 2522 2553 2544
f 2547 2556 2541
f 2541 2556 2557
f 2541 2557 2542
f 2542 2557 2558
f 2528 2540 2559
f 2559 2540 2539
f 2538 2560 2539
f 2539 2560 2559
f 2561 2527 2559
f 2559 2527 2528
f 2560 2562 2559
f 2559 2562 2561
f 2560 2538 2564
f 2564 2538 2563
f 2558 2557 2563
f 2563 2557 2564
f 2565 2523 2509
f 2509 2523 2510
f 2526 2566 2516
f 2516 2566 2508
f 2509 2508 2565
f 2565 2508 2566
f 2565 2566 2554
f 2554 2566 2567
f 2554 2567 2551
f 2551 2567 2568
f 2569 2567 2526
f 2526 2567 2566
f 2553 2523 2554
f 2554 2523 2565
f 2570 2569 2525
f 2525 2569 2526
f 2524 2527 2525
f 2525 2527 2570
f 2527 2561 2570
f 2570 2561 2571
f 2571 2572 2570
f 2570 2572 2569
f 2573 2574 2571
f 2571 2574 2572
f 2572 2568 2569
f 2569 2568 2567
f 2568 2572 2575
f 2575 2572 2574
f 2562 2573 2561
f 2561 2573 2571
f 2573 2562 2576
f 2576 2562 2577
f 2579 2580 2578
f 2578 2580 2576
f 2574 2573 2580
f 2580 2573 2576
f 2576 2577 2578
f 2578 2577 2556
f 2557 2556 2564
f 2564 2556 2577
f 2562 2560 2577
f 2577 2560 2564
f 2575 2552 2568
f 2568 2552 2551
f 2579 2555 2575
f 2575 2555 2552
f 2579 2575 2580
f 2580 2575 2574
f 2550 2555 2578
f 2578 2555 2579
f 2556 2547 2578
f 2578 2547 2550
f 2558 2537 2542
f 2542 2537 2530
f 2538 2537 2563
f 2563 2537 2558
f 2292 2295 2481
f 2481 2295 2482
f 2486 2489 2512
f 2512 2489 2581
f 2499 2491 2498
f 2498 2491 2490
f 2497 2492 2499
f 2499 2492 2491
f 2155 2154 2494
f 2494 2154 2495
f 2581 2489 2490
f 2490 2489 2498
f 2293 2292 2511
f 2511 2292 2481
f 2191 2155 2512
f 2512 2155 2494
f 2500 2496 2511
f 2511 2496 2495
f 2247 2492 2295
f 2295 2492 2482
f 2583 2584 2582
f 2582 2584 2585
f 2587 2588 2586
f 2586 2588 2589
f 2591 2587 2590
f 2590 2587 2586
f 2593 2594 2592
f 2592 2594 2595
f 2596 2597 2599
f 2599 2597 2598
f 2588 2600 2589
f 2589 2600 2601
f 2602 2603 2605
f 2605 2603 2604
f 2606 2607 2609
f 2609 2607 2608
f 2609 2608 2190
f 2190 2608 2610
f 2611 2612 2614
f 2614 2612 2613
f 2600 2588 2615
f 2615 2588 2595
f 2599 2598 2606
f 2606 2598 2607
f 2584 2616 2604
f 2604 2616 2605
f 2600 2615 2583
f 2583 2615 2617
f 2591 2619 2618
f 2618 2619 2614
f 2621 2622 2620
f 2620 2622 2623
f 2619 2624 2614
f 2614 2624 2611
f 2591 2590 2619
f 2619 2590 2625
f 2587 2591 2592
f 2592 2591 2618
f 2626 2627 2585
f 2585 2627 2582
f 2627 2628 2582
f 2582 2628 2601
f 2629 2593 2618
f 2618 2593 2592
f 2602 2597 2611
f 2611 2597 2612
f 2600 2583 2601
f 2601 2583 2582
f 2630 2631 2589
f 2589 2631 2586
f 2583 2617 2584
f 2584 2617 2616
f 2588 2587 2595
f 2595 2587 2592
f 2633 2626 2632
f 2632 2626 2585
f 2620 2623 2634
f 2634 2623 2625
f 2622 2603 2623
f 2623 2603 2624
f 2621 2633 2622
f 2622 2633 2632
f 2611 2624 2602
f 2602 2624 2603
f 2634 2625 2635
f 2635 2625 2590
f 2628 2630 2601
f 2601 2630 2589
f 2613 2195 2629
f 2629 2195 2194
f 2631 2635 2586
f 2586 2635 2590
f 2595 2594 2615
f 2615 2594 2610
f 2619 2625 2624
f 2624 2625 2623
f 2632 2604 2622
f 2622 2604 2603
f 2585 2584 2632
f 2632 2584 2604
f 2635 2636 2634
f 2634 2636 2637
f 2638 2636 2631
f 2631 2636 2635
f 2639 2638 2630
f 2630 2638 2631
f 2640 2639 2628
f 2628 2639 2630
f 2634 2637 2620
f 2620 2637 2641
f 2620 2641 2621
f 2621 2641 2642
f 2642 2643 2621
f 2621 2643 2633
f 2641 2637 2644
f 2644 2637 2645
f 2646 2647 2649
f 2649 2647 2648
f 2648 2650 2649
f 2649 2650 2651
f 2648 2652 2650
f 2650 2652 2653
f 2652 2654 2656
f 2656 2654 2655
f 2656 2657 2652
f 2652 2657 2653
f 2654 2652 2647
f 2647 2652 2648
f 2647 2646 2659
f 2659 2646 2658
f 2660 2651 2653
f 2653 2651 2650
f 2636 2638 2660
f 2660 2638 2651
f 2651 2638 2661
f 2661 2638 2639
f 2651 2661 2649
f 2649 2661 2662
f 2663 2646 2662
f 2662 2646 2649
f 2653 2657 2660
f 2660 2657 2645
f 2636 2660 2637
f 2637 2660 2645
f 2646 2663 2658
f 2658 2663 2664
f 2665 2666 2662
f 2662 2666 2663
f 2666 2667 2663
f 2663 2667 2664
f 2668 2669 2665
f 2665 2669 2666
f 2665 2670 2668
f 2668 2670 2671
f 2667 2666 2672
f 2672 2666 2669
f 2662 2661 2665
f 2665 2661 2670
f 2640 2670 2639
f 2639 2670 2661
f 2673 2674 2664
f 2664 2674 2658
f 2658 2674 2659
f 2659 2674 2675
f 2645 2657 2676
f 2676 2657 2656
f 2677 2676 2655
f 2655 2676 2656
f 2676 2678 2645
f 2645 2678 2644
f 2677 2679 2676
f 2676 2679 2678
f 2655 2680 2677
f 2677 2680 2681
f 2675 2674 2680
f 2680 2674 2681
f 2682 2640 2627
f 2627 2640 2628
f 2643 2683 2633
f 2633 2683 2626
f 2682 2627 2683
f 2683 2627 2626
f 2683 2684 2682
f 2682 2684 2671
f 2684 2685 2671
f 2671 2685 2668
f 2686 2684 2643
f 2643 2684 2683
f 2670 2640 2671
f 2671 2640 2682
f 2687 2686 2642
f 2642 2686 2643
f 2642 2641 2687
f 2687 2641 2644
f 2687 2644 2688
f 2688 2644 2678
f 2688 2689 2687
f 2687 2689 2686
f 2690 2691 2688
f 2688 2691 2689
f 2689 2685 2686
f 2686 2685 2684
f 2685 2689 2692
f 2692 2689 2691
f 2679 2690 2678
f 2678 2690 2688
f 2690 2679 2693
f 2693 2679 2694
f 2696 2697 2695
f 2695 2697 2693
f 2691 2690 2697
f 2697 2690 2693
f 2693 2694 2695
f 2695 2694 2673
f 2674 2673 2681
f 2681 2673 2694
f 2679 2677 2694
f 2694 2677 2681
f 2685 2692 2668
f 2668 2692 2669
f 2696 2672 2692
f 2692 2672 2669
f 2696 2692 2697
f 2697 2692 2691
f 2695 2667 2696
f 2696 2667 2672
f 2673 2664 2695
f 2695 2664 2667
f 2675 2654 2659
f 2659 2654 2647
f 2655 2654 2680
f 2680 2654 2675
f 2291 2156 2593
f 2593 2156 2594
f 2597 2602 2598
f 2598 2602 2605
f 2616 2617 2607
f 2607 2617 2608
f 2615 2610 2617
f 2617 2610 2608
f 2597 2596 2612
f 2612 2596 2698
f 2598 2605 2607
f 2607 2605 2616
f 2194 2291 2629
f 2629 2291 2593
f 2629 2618 2613
f 2613 2618 2614
f 2190 2610 2156
f 2156 2610 2594
f 2700 2010 2699
f 2699 2010 2086
f 2267 2701 2116
f 2116 2701 2702
f 2116 2702 2117
f 2117 2702 2703
f 2704 2705 2250
f 2250 2705 2254
f 2011 2706 2267
f 2267 2706 2701
f 2699 2086 2707
f 2707 2086 2289
f 2010 2700 2011
f 2011 2700 2706
f 2708 2707 2251
f 2251 2707 2289
f 2703 2704 2117
f 2117 2704 2250
f 2705 2708 2254
f 2254 2708 2251
f 2709 2710 2708
f 2708 2710 2707
f 2711 2709 2705
f 2705 2709 2708
f 2712 2711 2704
f 2704 2711 2705
f 2713 2712 2703
f 2703 2712 2704
f 2707 2710 2699
f 2699 2710 2714
f 2699 2714 2700
f 2700 2714 2715
f 2716 2706 2715
f 2715 2706 2700
f 2714 2710 2717
f 2717 2710 2718
f 2720 2721 2719
f 2719 2721 2722
f 2721 2723 2722
f 2722 2723 2724
f 2721 2725 2723
f 2723 2725 2726
f 2727 2728 2725
f 2725 2728 2726
f 2729 2725 2720
f 2720 2725 2721
f 2731 2729 2730
f 2730 2729 2720
f 2719 2732 2720
f 2720 2732 2730
f 2726 2733 2723
f 2723 2733 2724
f 2709 2711 2733
f 2733 2711 2724
f 2724 2711 2734
f 2734 2711 2712
f 2722 2724 2735
f 2735 2724 2734
f 2719 2722 2736
f 2736 2722 2735
f 2726 2728 2733
f 2733 2728 2718
f 2709 2733 2710
f 2710 2733 2718
f 2732 2719 2737
f 2737 2719 2736
f 2738 2739 2735
f 2735 2739 2736
f 2739 2740 2736
f 2736 2740 2737
f 2741 2742 2738
f 2738 2742 2739
f 2738 2743 2741
f 2741 2743 2744
f 2740 2739 2745
f 2745 2739 2742
f 2735 2734 2738
f 2738 2734 2743
f 2713 2743 2712
f 2712 2743 2734
f 2737 2746 2732
f 2732 2746 2747
f 2732 2747 2730
f 2730 2747 2731
f 2718 2728 2748
f 2748 2728 2727
f 2749 2750 2727
f 2727 2750 2748
f 2748 2751 2718
f 2718 2751 2717
f 2750 2752 2748
f 2748 2752 2751
f 2750 2749 2754
f 2754 2749 2753
f 2731 2747 2753
f 2753 2747 2754
f 2727 2725 2749
f 2749 2725 2729
f 2749 2729 2753
f 2753 2729 2731
f 2702 2755 2703
f 2703 2755 2713
f 2706 2716 2701
f 2701 2716 2756
f 2755 2702 2756
f 2756 2702 2701
f 2756 2757 2755
f 2755 2757 2744
f 2757 2758 2744
f 2744 2758 2741
f 2759 2757 2716
f 2716 2757 2756
f 2743 2713 2744
f 2744 2713 2755
f 2760 2759 2715
f 2715 2759 2716
f 2715 2714 2760
f 2760 2714 2717
f 2760 2717 2761
f 2761 2717 2751
f 2761 2762 2760
f 2760 2762 2759
f 2763 2764 2761
f 2761 2764 2762
f 2762 2758 2759
f 2759 2758 2757
f 2758 2762 2765
f 2765 2762 2764
f 2752 2763 2751
f 2751 2763 2761
f 2763 2752 2766
f 2766 2752 2767
f 2768 2769 2766
f 2766 2769 2770
f 2764 2763 2770
f 2770 2763 2766
f 2766 2767 2768
f 2768 2767 2746
f 2747 2746 2754
f 2754 2746 2767
f 2752 2750 2767
f 2767 2750 2754
f 2758 2765 2741
f 2741 2765 2742
f 2769 2745 2765
f 2765 2745 2742
f 2769 2765 2770
f 2770 2765 2764
f 2768 2740 2769
f 2769 2740 2745
f 2746 2737 2768
f 2768 2737 2740
f 2201 2212 2200
f 2200 2212 2214
f 2201 2202 2212
f 2212 2202 2185
f 2512 2581 2191
f 2191 2581 2192
f 2059 2290 2056
f 2056 2290 2272
f 2174 2199 2294
f 2294 2199 2278
f 2063 2175 2194
f 2194 2175 2291
f 2192 2581 2133
f 2133 2581 2490
f 2133 2132 2192
f 2192 2132 2189
f 2054 2276 2055
f 2055 2276 2138
f 2083 2279 2084
f 2084 2279 2771
f 2771 2279 2599
f 2599 2279 2596
f 2606 2772 2599
f 2599 2772 2771
f 2772 2773 2771
f 2771 2773 2084
f 2773 2774 2084
f 2084 2774 2085
f 2085 2775 2082
f 2082 2775 2144
f 2774 2078 2085
f 2085 2078 2775
f 2078 2774 2079
f 2079 2774 2776
f 2774 2773 2776
f 2776 2773 2777
f 2773 2772 2777
f 2777 2772 2778
f 2190 2189 2609
f 2609 2189 2778
f 2053 2052 2779
f 2779 2052 2181
f 2144 2775 2081
f 2081 2775 2078
f 2294 2153 2174
f 2174 2153 2175
f 2132 2276 2189
f 2189 2276 2778
f 2606 2609 2772
f 2772 2609 2778
f 2195 2613 2698
f 2698 2613 2612
f 2596 2279 2698
f 2698 2279 2195
f 2054 2777 2276
f 2276 2777 2778
f 2777 2054 2776
f 2776 2054 2053
f 2053 2779 2776
f 2776 2779 2079
f 2779 2181 2079
f 2079 2181 2080
f 2181 2239 2080
f 2080 2239 2240
f 2122 2256 2014
f 2042 1982 2076
f 2076 1982 2007
f 1982 1985 2007
f 2007 1985 2008
f 2095 2097 2265
f 2265 2097 2266
f 2076 2050 2042
f 2042 2050 2047
f 2046 2043 2047
f 2047 2043 2042
f 2118 1993 2046
f 2046 1993 2043
f 1995 1994 2118
f 2118 1994 1993
f 2267 1992 2011
f 2011 1992 2012
f 1997 2012 1994
f 1994 2012 1992
f 2226 2013 1997
f 1997 2013 2012
f 2225 2087 2226
f 2226 2087 2013
f 2225 2232 2087
f 2087 2232 2288
f 2232 2070 2288
f 2288 2070 2252
f 2070 2025 2252
f 2252 2025 2253
f 1988 2249 2025
f 2025 2249 2253
f 2116 2115 2267
f 2267 2115 2268
f 2096 1984 2237
f 2237 1984 1991
f 2095 1985 2096
f 2096 1985 1984
f 2265 2008 2095
f 2095 2008 1985
f 2092 2009 2265
f 2265 2009 2008
f 2091 2286 2092
f 2092 2286 2009
f 2255 2238 2091
f 2091 2238 2286
f 2256 2239 2255
f 2255 2239 2238
f 2122 2240 2256
f 2256 2240 2239
f 2121 2241 2122
f 2122 2241 2240
f 2022 2018 2097
f 2097 2018 2266
f 2022 2024 2018
f 2018 2024 2019
f 2024 2072 2019
f 2019 2072 2073
f 2072 2228 2073
f 2073 2228 2230
f 2228 2184 2230
f 2230 2184 2183
f 2121 2285 2241
f 2241 2285 2258
f 2285 2036 2258
f 2258 2036 2257
f 2177 2145 2193
f 2193 2145 2257
f 2173 2193 2196
f 2196 2193 2037
f 2036 2037 2257
f 2257 2037 2193
f 2196 2037 2066
f 2066 2037 2035
f 2061 2108 2034
f 2034 2108 2067
f 2108 2208 2067
f 2067 2208 2204
f 2208 2210 2204
f 2204 2210 2203
f 2210 2280 2203
f 2203 2280 2186
f 2183 2186 2235
f 2235 2186 2280
f 1987 2114 1988
f 1988 2114 2249
f 2237 2115 1987
f 1987 2115 2114
f 1991 2268 2237
f 2237 2268 2115
f 1991 1990 2268
f 2268 1990 1992
f 107 110 2781
f 2781 110 2780
f 117 2782 118
f 118 2782 2783
f 119 2784 120
f 120 2784 2785
f 125 2786 126
f 126 2786 2787
f 127 2788 128
f 128 2788 2789
f 127 132 2788
f 2788 132 2790
f 231 230 2792
f 2792 230 2791
f 118 2783 119
f 119 2783 2784
f 241 243 2794
f 2794 243 2793
f 2781 2795 107
f 107 2795 352
f 120 2785 437
f 437 2785 2796
f 126 2787 110
f 110 2787 2780
f 455 2797 456
f 456 2797 2798
f 128 2789 457
f 457 2789 2799
f 456 2798 117
f 117 2798 2782
f 2794 2797 241
f 241 2797 455
f 457 2799 125
f 125 2799 2786
f 132 231 2790
f 2790 231 2792
f 230 437 2791
f 2791 437 2796
f 2792 2789 2790
f 2790 2789 2788
f 2785 2784 2801
f 2801 2784 2800
f 2786 2802 2787
f 2787 2802 2803
f 2792 2791 2805
f 2805 2791 2804
f 2784 2783 2800
f 2800 2783 2806
f 2785 2801 2796
f 2796 2801 2807
f 2787 2803 2780
f 2780 2803 2808
f 2789 2809 2799
f 2799 2809 2810
f 2799 2810 2786
f 2786 2810 2802
f 2791 2796 2804
f 2804 2796 2807
f 2789 2792 2809
f 2809 2792 2805
f 2812 2797 2811
f 2811 2797 2794
f 2809 2805 2810
f 2810 2805 2804
f 2810 2804 2802
f 2802 2804 2807
f 2802 2807 2803
f 2803 2807 2801
f 2808 2803 2800
f 2800 2803 2801
f 2814 699 2813
f 2813 699 698
f 2808 2815 2780
f 2780 2815 2781
f 2817 2782 2816
f 2816 2782 2798
f 2815 2818 2781
f 2781 2818 2795
f 2797 2812 2798
f 2798 2812 2816
f 2783 2782 2806
f 2806 2782 2817
f 2800 2806 2808
f 2808 2806 2815
f 2794 2793 2811
f 2811 2793 2819
f 174 201 384
f 384 201 362
f 200 1766 390
f 390 1766 1777
f 1777 1778 390
f 390 1778 398
f 1778 361 398
f 398 361 222
f 2820 2821 628
f 628 2821 629
f 1406 2820 790
f 790 2820 628
f 794 1415 1233
f 1233 1415 1234
f 1406 790 1407
f 1407 790 1312
f 1407 1312 2822
f 2822 1312 1316
f 2823 1380 1543
f 1543 1380 1379
f 1385 1738 1382
f 1382 1738 1383
f 1381 791 1382
f 1382 791 1386
f 791 794 1386
f 1386 794 1233
f 1259 1390 1260
f 1260 1390 1389
f 1905 1542 1394
f 1394 1542 1395
f 1410 1413 1397
f 1397 1413 1398
f 2821 1410 629
f 629 1410 1397
f 2823 2822 1380
f 1380 2822 1316
f 1392 1395 1378
f 1378 1395 1379
f 1738 1399 1383
f 1383 1399 1398
f 1388 1235 1389
f 1389 1235 1234
f 1393 1391 1394
f 1394 1391 1390
f 1381 1384 779
f 779 1384 780
f 1282 788 792
f 792 788 793
f 1431 1262 1432
f 1432 1262 1261
f 1400 1342 1408
f 1408 1342 1409
f 1508 1544 1411
f 1411 1544 1412
f 788 787 793
f 793 787 1414
f 2821 2820 1429
f 1429 2820 1430
f 2822 2823 1506
f 1506 2823 1507
f 778 1282 779
f 779 1282 792
f 2820 1406 1430
f 1430 1406 1409
f 1410 2821 1411
f 1411 2821 1429
f 1407 2822 1408
f 1408 2822 1506
f 1544 781 1412
f 1412 781 780
f 1260 1415 1261
f 1261 1415 1414
f 1334 2824 923
f 923 2824 924
f 2826 1268 2825
f 2825 1268 1267
f 769 1212 2827
f 2827 1212 2828
f 1492 1190 1266
f 1266 1190 1267
f 1488 2829 1489
f 1489 2829 2830
f 922 1329 923
f 923 1329 1328
f 1484 2831 1485
f 1485 2831 2832
f 1482 2833 1485
f 1485 2833 1486
f 1324 1493 1489
f 1489 1493 1490
f 1265 1491 1266
f 1266 1491 1490
f 2835 2836 2834
f 2834 2836 2837
f 1250 2838 2827
f 2827 2838 2839
f 1488 1491 2840
f 2840 1491 2841
f 1268 2826 2842
f 2842 2826 2843
f 2844 2845 1495
f 1495 2845 1496
f 1427 2847 2846
f 2846 2847 926
f 2829 1488 2848
f 2848 1488 2840
f 1329 922 2849
f 2849 922 927
f 2850 2851 768
f 768 2851 1213
f 1265 1268 2852
f 2852 1268 2842
f 1491 1265 2841
f 2841 1265 2852
f 2854 2855 2853
f 2853 2855 2856
f 2855 2857 2856
f 2856 2857 598
f 2857 2858 598
f 598 2858 595
f 2858 2859 595
f 595 2859 626
f 649 652 2860
f 2860 652 2861
f 639 642 2862
f 2862 642 2863
f 2864 705 2862
f 2862 705 639
f 2865 1418 2864
f 2864 1418 705
f 2866 2867 2865
f 2865 2867 1418
f 1760 1348 1761
f 1761 1348 2867
f 1764 2868 1197
f 1197 2868 1198
f 2869 611 2868
f 2868 611 1198
f 2870 612 2869
f 2869 612 611
f 1352 1350 944
f 944 1350 688
f 1350 1256 688
f 688 1256 685
f 1256 1255 685
f 685 1255 692
f 1255 2871 692
f 692 2871 2872
f 701 2873 698
f 698 2873 2813
f 2872 1349 692
f 692 1349 693
f 1696 1744 1574
f 1574 1744 1575
f 1753 1618 1577
f 1577 1618 1578
f 1729 1594 1608
f 1608 1594 1609
f 1725 1630 1611
f 1611 1630 1612
f 1604 1607 1625
f 1625 1607 1626
f 1624 1703 1625
f 1625 1703 1912
f 1703 1702 1912
f 1912 1702 1913
f 1702 1753 1913
f 1913 1753 1577
f 1598 1569 1915
f 1915 1569 1578
f 1616 1615 1915
f 1915 1615 1916
f 1615 1696 1916
f 1916 1696 1574
f 1744 1745 1575
f 1575 1745 1917
f 1745 1565 1917
f 1917 1565 1609
f 1568 1725 1608
f 1608 1725 1611
f 2874 1613 1918
f 1918 1613 1612
f 1607 2874 1626
f 1626 2874 1918
f 1610 1613 1562
f 1562 1613 1563
f 1547 1550 1570
f 1570 1550 1571
f 1573 1576 1580
f 1580 1576 1581
f 1553 1556 1595
f 1595 1556 1596
f 1556 1582 1596
f 1596 1582 1581
f 1551 1547 1599
f 1599 1547 1570
f 1731 1914 1601
f 1601 1914 1602
f 1686 1689 1605
f 1605 1689 1606
f 1598 1743 1599
f 1599 1743 1692
f 2874 1607 1723
f 1723 1607 1606
f 1727 1553 1730
f 1730 1553 1595
f 1600 1686 1601
f 1601 1686 1605
f 1914 1572 1602
f 1602 1572 1571
f 1579 1693 1580
f 1580 1693 1692
f 1613 2874 1563
f 1563 2874 1723
f 1561 1727 1562
f 1562 1727 1730
f 1949 1742 1548
f 1548 1742 1549
f 1694 1949 1552
f 1552 1949 1548
f 1954 1589 1554
f 1554 1589 1555
f 1693 1579 1558
f 1558 1579 1559
f 1561 1564 1584
f 1584 1564 1585
f 1582 1556 1588
f 1588 1556 1555
f 1600 1603 1591
f 1591 1603 1592
f 1981 1977 1687
f 1687 1977 1688
f 1564 1722 1585
f 1585 1722 1690
f 1551 1693 1552
f 1552 1693 1558
f 1751 1954 1728
f 1728 1954 1554
f 1590 1981 1591
f 1591 1981 1687
f 1603 1550 1592
f 1592 1550 1549
f 1977 1691 1688
f 1688 1691 1690
f 1587 1560 1588
f 1588 1560 1559
f 1727 1561 1728
f 1728 1561 1584
f 2875 1919 1947
f 1947 1919 1948
f 1557 1560 1952
f 1952 1560 1953
f 1933 1932 1955
f 1955 1932 1956
f 1587 1589 1958
f 1958 1589 1956
f 1959 1933 1965
f 1965 1933 1955
f 1961 1964 1966
f 1966 1964 1967
f 1981 1590 1969
f 1969 1590 1967
f 1742 1949 1972
f 1972 1949 1948
f 1593 1742 1966
f 1966 1742 1972
f 1957 1950 1958
f 1958 1950 1953
f 1583 1586 1974
f 1974 1586 1975
f 1940 1943 1978
f 1978 1943 1979
f 1943 1976 1979
f 1979 1976 1975
f 1951 2875 1952
f 1952 2875 1947
f 1968 1940 1969
f 1969 1940 1978
f 1973 1959 1974
f 1974 1959 1965
f 1923 1971 1920
f 1920 1971 1921
f 1919 2875 1920
f 1920 2875 1924
f 2875 1951 1924
f 1924 1951 1926
f 1950 1957 1929
f 1929 1957 1930
f 2244 2243 1934
f 1934 2243 1935
f 1973 1976 1937
f 1937 1976 1938
f 1944 1980 1941
f 1941 1980 1942
f 1940 1968 1941
f 1941 1968 1945
f 2287 2244 1960
f 1960 2244 1934
f 1970 2245 1962
f 1962 2245 1963
f 2243 1931 1935
f 1935 1931 1930
f 1927 1926 1928
f 1928 1926 1929
f 1961 1922 1962
f 1962 1922 1921
f 2245 1946 1963
f 1963 1946 1945
f 1976 1943 1938
f 1938 1943 1942
f 1936 2287 1937
f 1937 2287 1960
f 743 1238 608
f 608 1238 609
f 607 1811 608
f 608 1811 744
f 1304 2876 1305
f 1305 2876 2877
f 586 585 1298
f 1298 585 1299
f 585 702 1299
f 1299 702 1300
f 702 1428 1300
f 1300 1428 1301
f 1238 586 609
f 609 586 1298
f 2878 2879 1218
f 1218 2879 2877
f 2880 2881 1812
f 1812 2881 1819
f 2883 1821 2882
f 2882 1821 1820
f 2840 2841 620
f 620 2841 621
f 2842 2843 795
f 795 2843 796
f 892 895 2844
f 2844 895 2845
f 2848 2840 942
f 942 2840 620
f 2849 927 1202
f 1202 927 1203
f 2852 2842 1270
f 1270 2842 795
f 2841 2852 621
f 621 2852 1270
f 941 1759 942
f 942 1759 2884
f 659 929 1427
f 1427 929 2847
f 1237 2851 751
f 751 2851 2850
f 1216 2885 1217
f 1217 2885 1754
f 2887 734 2886
f 2886 734 733
f 2889 1816 2888
f 2888 1816 1815
f 2890 1245 2889
f 2889 1245 1816
f 1824 2891 1825
f 1825 2891 1246
f 2892 2893 2895
f 2895 2893 2894
f 1854 1833 1851
f 1851 1833 1832
f 1851 1832 1884
f 1884 1832 1876
f 1884 1876 1441
f 1441 1876 1443
f 1441 1443 1442
f 1442 1443 1446
f 1442 1446 2896
f 2896 1446 1507
f 2897 2823 2898
f 2898 2823 1543
f 1542 2899 1543
f 1543 2899 2898
f 1542 1905 2899
f 2899 1905 2900
f 1905 1259 2900
f 2900 1259 2901
f 1262 1431 2902
f 2902 1431 1904
f 1431 1434 1904
f 1904 1434 1902
f 1902 1434 2903
f 2903 1434 719
f 2903 719 2904
f 2904 719 718
f 1869 1881 718
f 718 1881 2904
f 1881 1869 1880
f 1880 1869 756
f 1880 756 2905
f 2905 756 755
f 2905 755 2906
f 2906 755 758
f 762 2907 763
f 763 2907 2908
f 724 723 2909
f 2909 723 894
f 796 895 723
f 723 895 894
f 2843 2845 796
f 796 2845 895
f 2826 1496 2843
f 2843 1496 2845
f 2825 1497 2826
f 2826 1497 1496
f 1189 2836 2825
f 2825 2836 1497
f 797 891 798
f 798 891 2837
f 802 888 797
f 797 888 891
f 2910 2911 2913
f 2913 2911 2912
f 1780 1783 2915
f 2915 1783 2914
f 2916 2917 831
f 831 2917 832
f 2918 2919 845
f 845 2919 846
f 2920 2916 847
f 847 2916 831
f 2921 2922 857
f 857 2922 858
f 2923 2924 860
f 860 2924 861
f 2919 2912 846
f 846 2912 887
f 2925 2920 940
f 940 2920 847
f 2924 2926 861
f 861 2926 1204
f 2917 2918 832
f 832 2918 845
f 2927 2928 1449
f 1449 2928 1450
f 2929 2930 889
f 889 2930 2931
f 2896 1507 2897
f 2897 1507 2823
f 2902 2901 1262
f 1262 2901 1259
f 2932 2933 750
f 750 2933 1236
f 2933 2934 1236
f 1236 2934 1835
f 2936 2937 2935
f 2935 2937 2938
f 2940 2941 2939
f 2939 2941 2942
f 2943 2944 1841
f 1841 2944 1842
f 2945 1860 2944
f 2944 1860 1842
f 2945 2946 1860
f 1860 2946 1859
f 1889 2947 1890
f 1890 2947 1856
f 1856 2947 1857
f 1857 2947 2948
f 2950 709 2949
f 2949 709 1829
f 2952 730 2951
f 2951 730 729
f 2866 2953 2867
f 2867 2953 1761
f 2953 2954 1761
f 1761 2954 1420
f 2954 2955 1420
f 1420 2955 742
f 2955 2956 742
f 742 2956 739
f 2956 2957 739
f 739 2957 760
f 2957 2958 760
f 760 2958 761
f 2958 2959 761
f 761 2959 2960
f 2959 2961 2960
f 2960 2961 2962
f 2963 2964 1839
f 1839 2964 1840
f 2964 2965 1840
f 1840 2965 2942
f 2966 2950 2939
f 2939 2950 2949
f 2935 2967 2936
f 2936 2967 2968
f 2969 2970 736
f 736 2970 735
f 734 2887 1815
f 1815 2887 2888
f 2887 2882 2888
f 2888 2882 2881
f 1819 1820 1817
f 1817 1820 748
f 1195 1757 1197
f 1197 1757 1424
f 1757 647 1424
f 1424 647 646
f 647 648 646
f 646 648 643
f 648 1271 643
f 643 1271 737
f 1271 725 737
f 737 725 765
f 725 724 765
f 765 724 762
f 762 724 2907
f 2907 724 2909
f 1254 1437 2909
f 2909 1437 2907
f 1438 1253 1836
f 1836 1253 1835
f 1836 1835 2938
f 2938 1835 2934
f 2971 2972 2935
f 2935 2972 2967
f 897 896 2969
f 2969 896 2970
f 1815 1814 734
f 734 1814 731
f 728 1215 896
f 896 1215 732
f 2885 1216 733
f 733 1216 2886
f 1216 1219 2886
f 2886 1219 2883
f 2876 1304 1821
f 1821 1304 749
f 1304 1303 749
f 749 1303 746
f 1818 2973 1817
f 1817 2973 1810
f 747 2974 1818
f 1818 2974 2973
f 747 746 2974
f 2974 746 1303
f 2976 2977 2975
f 2975 2977 2978
f 2976 2979 2901
f 2901 2979 2900
f 2980 2981 2982
f 2982 2981 2979
f 2981 2980 2983
f 2983 2980 2984
f 2985 2897 2983
f 2983 2897 2898
f 2987 2988 2986
f 2986 2988 2985
f 2896 2988 1442
f 1442 2988 1439
f 1903 2977 1904
f 1904 2977 2902
f 1856 1855 1890
f 1890 1855 2989
f 2989 2990 1890
f 1890 2990 1359
f 2990 2991 1359
f 1359 2991 1356
f 2946 2992 1859
f 1859 2992 1893
f 2992 2993 1893
f 1893 2993 775
f 2993 2994 775
f 775 2994 776
f 2986 1356 2987
f 2987 1356 2991
f 2975 2978 776
f 776 2978 777
f 2982 2994 2980
f 2980 2994 2995
f 1357 2984 2995
f 2995 2984 2980
f 2995 2996 1357
f 1357 2996 1358
f 2996 2997 1358
f 1358 2997 1889
f 2998 2999 2932
f 2932 2999 2933
f 2999 2971 2933
f 2933 2971 2934
f 1837 1836 2937
f 2937 1836 2938
f 2943 1841 2941
f 2941 1841 1838
f 3001 2944 3000
f 3000 2944 2943
f 3001 3002 2944
f 2944 3002 2945
f 3002 3003 2945
f 2945 3003 2946
f 2997 3003 1889
f 1889 3003 2947
f 2947 3003 2948
f 2948 3003 3002
f 3001 3004 3002
f 3002 3004 2948
f 3000 3005 3001
f 3001 3005 3004
f 2940 3006 3000
f 3000 3006 3005
f 2999 3007 2971
f 2971 3007 2972
f 2998 2951 2999
f 2999 2951 3007
f 3008 2952 2998
f 2998 2952 2951
f 2966 2965 2936
f 2936 2965 2937
f 2935 2938 2971
f 2971 2938 2934
f 3003 2997 2946
f 2946 2997 2992
f 2997 2996 2992
f 2992 2996 2993
f 2996 2995 2993
f 2993 2995 2994
f 1356 2986 1357
f 1357 2986 2984
f 2982 2975 2994
f 2994 2975 776
f 1844 1843 1899
f 1899 1843 3009
f 1843 638 3009
f 3009 638 3010
f 638 637 3010
f 3010 637 3011
f 637 1830 3011
f 3011 1830 3012
f 1830 1833 3012
f 3012 1833 2894
f 1833 1854 2894
f 2894 1854 2895
f 1854 1853 2895
f 2895 1853 1888
f 1858 1857 1885
f 1885 1857 1892
f 1899 3009 1898
f 1898 3009 1874
f 3009 3010 1874
f 1874 3010 1865
f 3010 3011 1865
f 1865 3011 1862
f 3011 3012 1862
f 1862 3012 1882
f 3012 2894 1882
f 1882 2894 2893
f 1850 2890 782
f 782 2890 2889
f 783 2880 1811
f 1811 2880 1812
f 744 1810 745
f 745 1810 2973
f 745 2973 805
f 805 2973 806
f 2973 2974 806
f 806 2974 815
f 1303 812 2974
f 2974 812 815
f 1303 1302 812
f 812 1302 1221
f 1307 3013 1302
f 1302 3013 1221
f 1734 3014 1633
f 1633 3014 1634
f 1646 1649 1636
f 1636 1649 1637
f 1654 1657 1641
f 1641 1657 1642
f 1639 1736 1636
f 1636 1736 1684
f 1716 1713 1698
f 1698 1713 1699
f 1718 1721 1705
f 1705 1721 1706
f 1653 1654 1709
f 1709 1654 1641
f 1620 1623 1714
f 1714 1623 1699
f 1712 1682 1714
f 1714 1682 1740
f 1668 1671 1746
f 1746 1671 1747
f 1752 1650 1749
f 1749 1650 1750
f 1750 1650 1709
f 1709 1650 1653
f 1632 1668 1633
f 1633 1668 1746
f 1649 1752 1637
f 1637 1752 1749
f 1682 1643 1740
f 1740 1643 1642
f 3014 1685 1634
f 1634 1685 1684
f 1704 1748 1705
f 1705 1748 1747
f 1697 1707 1698
f 1698 1707 1706
f 1739 1701 1621
f 1621 1701 1622
f 1567 1566 1647
f 1647 1566 1648
f 1664 1695 1651
f 1651 1695 1652
f 1614 1617 1655
f 1655 1617 1656
f 1704 1707 1659
f 1659 1707 1660
f 3014 1734 1662
f 1662 1734 1663
f 1650 1752 1651
f 1651 1752 1665
f 1741 1657 1667
f 1667 1657 1656
f 1695 1614 1652
f 1652 1614 1655
f 1724 1567 1726
f 1726 1567 1647
f 1645 1628 1733
f 1733 1628 1663
f 1685 3014 1726
f 1726 3014 1662
f 1620 1741 1621
f 1621 1741 1667
f 1566 1666 1648
f 1648 1666 1665
f 1658 1737 1659
f 1659 1737 1901
f 1911 1661 1910
f 1910 1661 1660
f 1701 1911 1622
f 1622 1911 1910
f 1732 1748 1733
f 1733 1748 1901
f 1857 2948 1892
f 1892 2948 3004
f 1892 3004 1891
f 1891 3004 3005
f 1828 3006 1829
f 1829 3006 2949
f 2967 736 2968
f 2968 736 710
f 2972 2969 2967
f 2967 2969 736
f 2969 2972 897
f 897 2972 3007
f 897 3007 729
f 729 3007 2951
f 3016 753 3015
f 3015 753 752
f 3018 767 3017
f 3017 767 766
f 3019 3020 1249
f 1249 3020 3021
f 2915 2914 3019
f 3019 2914 3020
f 3023 2914 3022
f 3022 2914 1783
f 2827 2839 769
f 769 2839 766
f 3025 2838 3024
f 3024 2838 3021
f 768 767 2850
f 2850 767 3026
f 2850 3026 751
f 751 3026 752
f 750 753 2932
f 2932 753 3027
f 3008 2998 3027
f 3027 2998 2932
f 3028 3029 3008
f 3008 3029 2952
f 3029 3030 2952
f 2952 3030 730
f 3032 3033 3031
f 3031 3033 3034
f 3036 3037 3035
f 3035 3037 3038
f 2870 3039 612
f 612 3039 3040
f 3041 3042 3031
f 3031 3042 3038
f 3034 1352 3043
f 3043 1352 944
f 612 3040 613
f 613 3040 3044
f 613 3044 1425
f 1425 3044 1422
f 3045 3042 669
f 669 3042 670
f 3041 3043 599
f 599 3043 600
f 772 771 1544
f 1544 771 781
f 1503 771 1866
f 1866 771 770
f 771 1503 781
f 781 1503 778
f 61 281 416
f 416 281 1907
f 283 103 3046
f 3046 103 3047
f 76 79 3048
f 3048 79 3049
f 280 76 1906
f 1906 76 3048
f 3051 335 3050
f 3050 335 334
f 3053 417 3052
f 3052 417 416
f 3055 435 3054
f 3054 435 434
f 428 435 419
f 419 435 1908
f 420 1909 293
f 293 1909 443
f 79 294 3049
f 3049 294 444
f 3057 444 3056
f 3056 444 443
f 3051 3058 335
f 335 3058 452
f 216 215 1332
f 1332 215 452
f 308 283 462
f 462 283 3046
f 3050 334 3059
f 3059 334 462
f 103 62 3047
f 3047 62 417
f 313 312 434
f 434 312 463
f 3061 574 3060
f 3060 574 573
f 1310 3062 1428
f 1428 3062 3063
f 1258 3064 1255
f 1255 3064 2871
f 932 3065 2853
f 2853 3065 3066
f 699 2814 931
f 931 2814 3067
f 3068 1301 3063
f 3063 1301 1428
f 571 574 1310
f 1310 574 3062
f 3060 573 3069
f 3069 573 1332
f 3070 3071 1906
f 1906 3071 1907
f 3072 3073 1908
f 1908 3073 1909
f 3075 2814 3074
f 3074 2814 2813
f 2854 3076 1258
f 1258 3076 3064
f 2871 3077 2872
f 2872 3077 3078
f 3074 2813 3079
f 3079 2813 2873
f 2872 3078 1349
f 1349 3078 3080
f 2873 701 3068
f 3068 701 1301
f 1330 1201 3080
f 3080 1201 1349
f 1264 1263 3081
f 3081 1263 3082
f 3083 3084 3082
f 3082 3084 3081
f 811 1448 3086
f 3086 1448 3085
f 808 811 3087
f 3087 811 3086
f 3088 3083 833
f 833 3083 3082
f 884 3089 885
f 885 3089 3090
f 3087 1790 808
f 808 1790 816
f 1790 3087 1787
f 1787 3087 3091
f 3092 3091 3086
f 3086 3091 3087
f 3093 3094 3084
f 3084 3094 3095
f 3089 3096 3090
f 3090 3096 3088
f 3097 3093 3083
f 3083 3093 3084
f 3099 3100 3098
f 3098 3100 1786
f 3101 1788 2913
f 2913 1788 3102
f 838 837 885
f 885 837 886
f 886 837 3103
f 3103 837 1541
f 3094 3093 3104
f 3104 3093 3097
f 3105 3106 3089
f 3089 3106 3096
f 3108 3109 3107
f 3107 3109 3110
f 3111 3112 3091
f 3091 3112 1787
f 3114 3108 3113
f 3113 3108 3107
f 3114 3115 3112
f 3112 3115 3102
f 3091 3092 3111
f 3111 3092 3116
f 839 838 835
f 835 838 836
f 885 3090 838
f 838 3090 836
f 3110 3117 1247
f 1247 3117 3118
f 1247 3118 1248
f 1248 3118 3119
f 3120 3121 3119
f 3119 3121 1248
f 1247 844 3110
f 3110 844 3107
f 844 843 3107
f 3107 843 3113
f 843 3099 3113
f 3113 3099 3122
f 1781 3123 3098
f 3098 3123 3124
f 2915 2931 1780
f 1780 2931 2930
f 3019 3125 2915
f 2915 3125 2931
f 890 3125 2834
f 2834 3125 1252
f 3125 3019 1252
f 1252 3019 1249
f 907 908 946
f 946 908 947
f 1185 1188 1369
f 1369 1188 948
f 954 957 951
f 951 957 952
f 910 965 953
f 953 965 950
f 905 958 960
f 960 958 961
f 3126 978 949
f 949 978 962
f 936 935 967
f 967 935 968
f 994 993 969
f 969 993 966
f 902 904 971
f 971 904 972
f 983 985 973
f 973 985 970
f 906 905 974
f 974 905 960
f 977 981 959
f 959 981 975
f 911 910 1143
f 1143 910 953
f 952 957 1142
f 1142 957 1145
f 911 1143 1366
f 1366 1143 1368
f 1185 1369 1145
f 1145 1369 1142
f 993 1519 966
f 966 1519 1456
f 965 1454 950
f 950 1454 1457
f 900 899 1459
f 1459 899 1460
f 988 991 1461
f 1461 991 1458
f 899 963 1460
f 1460 963 1462
f 985 987 970
f 970 987 1463
f 904 906 972
f 972 906 974
f 981 983 975
f 975 983 973
f 935 900 968
f 968 900 1459
f 991 994 1458
f 1458 994 969
f 1154 1526 1088
f 1088 1526 1089
f 1109 1112 1092
f 1092 1112 1093
f 1083 1098 1084
f 1084 1098 1097
f 1078 1471 1100
f 1100 1471 1101
f 1075 1078 1104
f 1104 1078 1100
f 1152 1154 1156
f 1156 1154 1088
f 1156 1155 1372
f 1372 1155 1373
f 1372 1373 1104
f 1104 1373 1075
f 1467 1109 1465
f 1465 1109 1092
f 1465 1182 1468
f 1468 1182 1184
f 1474 1470 1096
f 1096 1470 1097
f 1102 1101 1083
f 1083 1101 1098
f 1112 1531 1093
f 1093 1531 1529
f 1102 1073 1099
f 1099 1073 1072
f 1526 1154 1079
f 1079 1154 1080
f 1081 1091 1082
f 1082 1091 1094
f 1069 1068 1085
f 1085 1068 1086
f 1153 1151 1080
f 1080 1151 1058
f 1371 1177 1179
f 1179 1177 1176
f 1099 1072 1103
f 1103 1072 1176
f 1068 1071 1086
f 1086 1071 1073
f 1085 1084 1180
f 1180 1084 1469
f 1066 1065 1183
f 1183 1065 1181
f 1153 1152 1177
f 1177 1152 1178
f 1091 1081 1182
f 1182 1081 1183
f 1057 1525 1079
f 1079 1525 1527
f 1120 1117 1076
f 1076 1117 1077
f 1087 1090 1107
f 1107 1090 1108
f 1127 1126 1110
f 1110 1126 1111
f 1095 1116 1096
f 1096 1116 1115
f 1471 1078 1119
f 1119 1078 1077
f 1087 1107 1155
f 1155 1107 1158
f 1376 1374 1157
f 1157 1374 1158
f 1076 1075 1374
f 1374 1075 1373
f 1109 1467 1110
f 1110 1467 1472
f 1467 1466 1472
f 1472 1466 1473
f 1135 1475 1114
f 1114 1475 1115
f 1471 1119 1095
f 1095 1119 1116
f 1126 1532 1111
f 1111 1532 1530
f 914 1276 1480
f 1480 1276 1517
f 3127 3128 1223
f 1223 3128 1224
f 824 933 1455
f 1455 933 3129
f 3131 1448 3130
f 3130 1448 1447
f 3132 3133 1452
f 1452 3133 1453
f 3130 1447 1322
f 1322 1447 1455
f 933 1514 3129
f 3129 1514 3134
f 1161 3135 1480
f 1480 3135 1481
f 3128 3136 1224
f 1224 3136 1499
f 3133 1162 1453
f 1453 1162 1517
f 1515 3127 1535
f 1535 3127 1223
f 3095 3085 3131
f 3131 3085 1448
f 3137 3092 3085
f 3085 3092 3086
f 3138 3116 3137
f 3137 3116 3092
f 3110 3109 3117
f 3117 3109 3139
f 3105 3140 3117
f 3117 3140 3118
f 3140 3141 3118
f 3118 3141 3119
f 3142 3120 3141
f 3141 3120 3119
f 1498 3143 1277
f 1277 3143 882
f 3144 3145 1340
f 1340 3145 1339
f 1340 3146 3144
f 3144 3146 3147
f 3145 3144 3143
f 3143 3144 3148
f 871 901 872
f 872 901 1362
f 3149 3148 3147
f 3147 3148 3144
f 1208 3150 1209
f 3098 1786 1781
f 1781 1786 1782
f 2930 2929 3123
f 3123 2929 2911
f 1794 1791 2916
f 2916 1791 2917
f 1793 3101 2918
f 2918 3101 2919
f 1796 1794 2920
f 2920 1794 2916
f 3151 3152 2921
f 2921 3152 2922
f 3153 3154 2923
f 2923 3154 2924
f 2919 3101 2912
f 2912 3101 2913
f 3155 1796 2925
f 2925 1796 2920
f 3154 3156 2924
f 2924 3156 2926
f 1791 1793 2917
f 2917 1793 2918
f 3157 3158 2927
f 2927 3158 2928
f 1780 2930 1781
f 1781 2930 3123
f 2825 1267 1189
f 1189 1267 1190
f 2827 2828 1250
f 1250 2828 1251
f 1489 2830 1324
f 1324 2830 1325
f 923 1328 1334
f 1334 1328 1335
f 1485 2832 1482
f 1482 2832 1483
f 1266 1490 1492
f 1492 1490 1493
f 1333 1346 1334
f 1334 1346 2824
f 722 799 1492
f 1492 799 1190
f 664 657 1482
f 1482 657 2833
f 631 634 1324
f 1324 634 1493
f 2828 1494 1251
f 1251 1494 2835
f 1249 3021 1250
f 1250 3021 2838
f 798 2837 1189
f 1189 2837 2836
f 3100 842 3160
f 3160 842 3159
f 1788 3101 1789
f 1789 3101 1793
f 1792 816 1789
f 1789 816 1790
f 817 816 1795
f 1795 816 1792
f 938 817 1797
f 1797 817 1795
f 1796 3155 1797
f 1797 3155 1798
f 3155 3158 1798
f 1798 3158 1799
f 3157 3152 1801
f 1801 3152 1802
f 3151 3156 1803
f 1803 3156 1804
f 3154 3153 1805
f 1805 3153 1806
f 3153 3161 1806
f 1806 3161 1807
f 3099 843 3100
f 3100 843 842
f 1788 1787 3102
f 3102 1787 3112
f 2910 3115 3124
f 3124 3115 3122
f 3099 3098 3122
f 3122 3098 3124
f 416 1907 3052
f 3052 1907 3071
f 3046 3047 3163
f 3163 3047 3162
f 249 445 259
f 259 445 3164
f 425 3165 424
f 424 3165 461
f 408 410 329
f 329 410 330
f 39 331 40
f 40 331 332
f 305 304 423
f 423 304 464
f 385 254 458
f 458 254 392
f 250 415 251
f 251 415 412
f 233 337 234
f 234 337 3166
f 435 3055 1908
f 1908 3055 3072
f 443 1909 3056
f 3056 1909 3073
f 3167 3049 3057
f 3057 3049 444
f 452 3058 1332
f 1332 3058 3069
f 234 3166 346
f 346 3166 411
f 3046 3163 462
f 462 3163 3059
f 259 3164 260
f 260 3164 336
f 3047 417 3162
f 3162 417 3053
f 463 3168 434
f 434 3168 3054
f 454 830 425
f 425 830 3165
f 3062 3169 3063
f 3063 3169 3170
f 1355 1354 1534
f 1534 1354 3171
f 3063 3170 3068
f 3068 3170 3172
f 574 3061 3062
f 3062 3061 3169
f 1534 3171 1535
f 1535 3171 3173
f 3079 2873 3172
f 3172 2873 3068
f 2838 3025 2839
f 2839 3025 3174
f 3176 3177 3175
f 3175 3177 3178
f 3180 1125 3179
f 3179 1125 1128
f 3182 3183 3181
f 3181 3183 3184
f 1134 3185 1130
f 1130 3185 3182
f 3186 3187 3189
f 3189 3187 3188
f 3191 3189 3190
f 3190 3189 3188
f 1137 1122 3190
f 3190 1122 3192
f 3175 3178 3193
f 3193 3178 3194
f 3181 3184 3179
f 3179 3184 3195
f 3197 3198 3196
f 3196 3198 3180
f 3200 3178 3199
f 3199 3178 3177
f 3202 3196 3201
f 3201 3196 3195
f 3204 3184 3203
f 3203 3184 3183
f 3206 3207 3205
f 3205 3207 3186
f 3205 3186 3208
f 3208 3186 3189
f 3209 3208 3191
f 3191 3208 3189
f 3210 3194 3200
f 3200 3194 3178
f 3201 3195 3204
f 3204 3195 3184
f 3197 3211 3177
f 3177 3211 3199
f 3213 3214 3212
f 3212 3214 3215
f 3217 3218 3216
f 3216 3218 3219
f 3221 3222 3220
f 3220 3222 3223
f 3225 3226 3224
f 3224 3226 3227
f 3229 3230 3228
f 3228 3230 3231
f 3233 3234 3232
f 3232 3234 3235
f 3237 3238 3236
f 3236 3238 3239
f 3238 3240 3239
f 3239 3240 3241
f 3232 3235 3242
f 3242 3235 3243
f 3245 3246 3244
f 3244 3246 3247
f 3248 3249 3245
f 3245 3249 3246
f 3251 3252 3250
f 3250 3252 3253
f 3255 3252 3254
f 3254 3252 3251
f 3256 3257 3259
f 3259 3257 3258
f 3261 3262 3260
f 3260 3262 3263
f 3265 3263 3264
f 3264 3263 3262
f 3256 3259 3266
f 3266 3259 3267
f 3269 3270 3268
f 3268 3270 3271
f 3269 3272 3270
f 3270 3272 3273
f 3274 3275 3277
f 3277 3275 3276
f 3278 3279 3276
f 3276 3279 3277
f 3281 3282 3280
f 3280 3282 3283
f 3280 3284 3281
f 3281 3284 3285
f 3287 3288 3286
f 3286 3288 3289
f 3290 3291 3288
f 3288 3291 3289
f 3234 3218 3235
f 3235 3218 3217
f 3232 3292 3233
f 3233 3292 3293
f 3239 3294 3236
f 3236 3294 3219
f 3233 3293 3237
f 3237 3293 3295
f 3296 3294 3241
f 3241 3294 3239
f 3240 3238 3297
f 3297 3238 3298
f 3217 3216 3235
f 3235 3216 3243
f 3297 3299 3240
f 3240 3299 3242
f 3246 3300 3247
f 3247 3300 3223
f 3301 3302 3254
f 3254 3302 3244
f 3249 3303 3246
f 3246 3303 3300
f 3245 3304 3248
f 3248 3304 3292
f 3252 3221 3253
f 3253 3221 3220
f 3250 3248 3299
f 3299 3248 3292
f 3222 3221 3255
f 3255 3221 3252
f 3297 3301 3251
f 3251 3301 3254
f 3258 3214 3259
f 3259 3214 3213
f 3257 3256 3304
f 3304 3256 3305
f 3263 3306 3260
f 3260 3306 3215
f 3261 3257 3302
f 3302 3257 3304
f 3307 3306 3265
f 3265 3306 3263
f 3262 3301 3264
f 3264 3301 3308
f 3259 3213 3267
f 3267 3213 3212
f 3308 3309 3264
f 3264 3309 3266
f 3270 3310 3271
f 3271 3310 3231
f 3311 3312 3278
f 3278 3312 3268
f 3270 3273 3310
f 3310 3273 3313
f 3272 3269 3305
f 3305 3269 3314
f 3277 3229 3274
f 3274 3229 3228
f 3275 3272 3309
f 3309 3272 3305
f 3279 3230 3277
f 3277 3230 3229
f 3276 3308 3278
f 3278 3308 3311
f 3281 3315 3282
f 3282 3315 3227
f 3290 3316 3283
f 3283 3316 3317
f 3281 3285 3315
f 3315 3285 3318
f 3284 3280 3314
f 3314 3280 3319
f 3289 3225 3286
f 3286 3225 3224
f 3287 3284 3312
f 3284 3314 3312
f 3291 3226 3289
f 3289 3226 3225
f 3288 3311 3290
f 3290 3311 3316
f 3212 3215 3307
f 3307 3215 3306
f 3294 3296 3219
f 3219 3296 3216
f 3303 3220 3300
f 3300 3220 3223
f 3224 3227 3318
f 3318 3227 3315
f 3228 3231 3313
f 3313 3231 3310
f 3234 3233 3236
f 3236 3233 3237
f 3243 3241 3242
f 3242 3241 3240
f 3247 3255 3244
f 3244 3255 3254
f 3253 3249 3250
f 3250 3249 3248
f 3260 3258 3261
f 3261 3258 3257
f 3266 3267 3264
f 3264 3267 3265
f 3268 3271 3278
f 3278 3271 3279
f 3274 3273 3275
f 3275 3273 3272
f 3283 3282 3290
f 3290 3282 3291
f 3286 3285 3287
f 3287 3285 3284
f 3218 3234 3219
f 3219 3234 3236
f 3295 3298 3237
f 3237 3298 3238
f 3216 3296 3243
f 3243 3296 3241
f 3242 3299 3232
f 3232 3299 3292
f 3223 3222 3247
f 3247 3222 3255
f 3244 3302 3245
f 3245 3302 3304
f 3303 3249 3220
f 3220 3249 3253
f 3297 3251 3299
f 3299 3251 3250
f 3215 3214 3260
f 3260 3214 3258
f 3301 3262 3302
f 3302 3262 3261
f 3212 3307 3267
f 3267 3307 3265
f 3266 3309 3256
f 3256 3309 3305
f 3271 3231 3279
f 3279 3231 3230
f 3268 3312 3269
f 3269 3312 3314
f 3228 3313 3274
f 3274 3313 3273
f 3308 3276 3309
f 3309 3276 3275
f 3282 3227 3291
f 3291 3227 3226
f 3317 3319 3283
f 3283 3319 3280
f 3224 3318 3286
f 3286 3318 3285
f 3312 3311 3287
f 3311 3288 3287
f 3320 3321 3194
f 3194 3321 3193
f 1375 3321 1121
f 1121 3321 3322
f 3323 3324 3322
f 3322 3324 3192
f 3175 1124 3176
f 3176 1124 1123
f 3179 3195 3180
f 3180 3195 3196
f 3181 1131 3182
f 3182 1131 1130
f 3207 3185 3186
f 3186 3185 3187
f 1136 3188 1133
f 1133 3188 3187
f 3190 3188 1137
f 1137 3188 1136
f 3193 1159 3175
f 3175 1159 1124
f 3179 1128 3181
f 3181 1128 1131
f 1533 3198 1123
f 1123 3198 3176
f 3321 1375 3193
f 3193 1375 1159
f 3321 3320 3322
f 3322 3320 3323
f 1122 1121 3192
f 3192 1121 3322
f 3194 3210 3320
f 3320 3210 3325
f 3324 3323 3327
f 3327 3323 3326
f 3320 3325 3323
f 3323 3325 3326
f 3208 3328 3205
f 3205 3328 3329
f 3330 3206 3329
f 3329 3206 3205
f 3203 3331 3204
f 3204 3331 3332
f 3210 3333 3325
f 3325 3333 3334
f 3325 3334 3326
f 3326 3334 3335
f 3327 3326 3336
f 3336 3326 3335
f 3327 3209 3324
f 3324 3209 3191
f 3190 3192 3191
f 3191 3192 3324
f 3338 3339 3337
f 3337 3339 3340
f 3338 3341 3339
f 3339 3341 3342
f 3341 3343 3342
f 3342 3343 3344
f 3343 3345 3344
f 3344 3345 3346
f 3345 3347 3346
f 3346 3347 3348
f 3347 3349 3348
f 3348 3349 3350
f 3337 3340 3351
f 3351 3340 3352
f 3351 3352 3353
f 3353 3352 3354
f 3353 3354 3355
f 3355 3354 3356
f 3350 3349 3357
f 3357 3349 3358
f 3355 3356 3359
f 3359 3356 3360
f 3359 3360 3361
f 3361 3360 3362
f 3361 3362 3363
f 3363 3362 3364
f 3363 3364 3358
f 3358 3364 3357
f 3339 3342 3365
f 3365 3342 3366
f 3342 3344 3366
f 3366 3344 3367
f 3344 3346 3367
f 3367 3346 3368
f 3346 3348 3368
f 3368 3348 3369
f 3348 3350 3369
f 3369 3350 3370
f 3368 3369 3371
f 3371 3369 3372
f 3369 3370 3372
f 3372 3370 3373
f 3373 3374 3372
f 3372 3374 3375
f 3377 3378 3376
f 3376 3378 3379
f 3377 3375 3378
f 3378 3375 3374
f 3375 3380 3372
f 3372 3380 3371
f 3377 3381 3375
f 3375 3381 3380
f 3376 3382 3377
f 3377 3382 3381
f 3384 3385 3383
f 3383 3385 3386
f 3384 3383 3388
f 3388 3383 3387
f 3388 3387 3389
f 3389 3387 3390
f 3392 3385 3391
f 3391 3385 3384
f 3388 3393 3384
f 3384 3393 3391
f 3389 3394 3388
f 3388 3394 3393
f 3389 3395 3394
f 3394 3395 3396
f 3395 3389 3397
f 3397 3389 3390
f 3339 3365 3340
f 3340 3365 3398
f 3340 3398 3352
f 3352 3398 3399
f 3371 3400 3368
f 3368 3400 3367
f 3400 3401 3367
f 3367 3401 3366
f 3366 3401 3365
f 3365 3401 3402
f 3398 3365 3403
f 3403 3365 3402
f 3398 3403 3399
f 3399 3403 3404
f 3403 3405 3404
f 3404 3405 3406
f 3352 3399 3354
f 3354 3399 3407
f 3399 3404 3407
f 3407 3404 3408
f 3404 3406 3408
f 3408 3406 3409
f 3405 3410 3406
f 3406 3410 3411
f 3410 3412 3411
f 3411 3412 3413
f 3397 3414 3395
f 3395 3414 3415
f 3417 3415 3416
f 3416 3415 3412
f 3410 3418 3412
f 3412 3418 3416
f 3410 3405 3418
f 3418 3405 3419
f 3405 3403 3419
f 3419 3403 3402
f 3370 3350 3420
f 3420 3350 3357
f 3373 3370 3421
f 3421 3370 3420
f 3374 3373 3422
f 3422 3373 3421
f 3378 3374 3423
f 3423 3374 3422
f 3378 3423 3379
f 3379 3423 3424
f 3424 3425 3379
f 3379 3425 3386
f 3383 3426 3387
f 3387 3426 3427
f 3387 3427 3390
f 3390 3427 3428
f 3390 3428 3397
f 3397 3428 3429
f 3429 3430 3397
f 3397 3430 3414
f 3411 3413 3431
f 3431 3413 3432
f 3406 3411 3409
f 3409 3411 3431
f 3401 3400 3335
f 3335 3400 3336
f 3401 3335 3402
f 3402 3335 3334
f 3402 3334 3419
f 3419 3334 3333
f 3419 3333 3418
f 3418 3333 3433
f 3418 3433 3416
f 3416 3433 3434
f 3435 3417 3434
f 3434 3417 3416
f 3394 3396 3436
f 3436 3396 3437
f 3393 3394 3332
f 3332 3394 3436
f 3393 3332 3391
f 3391 3332 3331
f 3330 3392 3331
f 3331 3392 3391
f 3382 3329 3381
f 3381 3329 3328
f 3354 3407 3356
f 3356 3407 3438
f 3356 3438 3360
f 3360 3438 3439
f 3360 3439 3362
f 3362 3439 3440
f 3362 3440 3364
f 3364 3440 3441
f 3364 3441 3357
f 3357 3441 3420
f 3421 3420 3442
f 3442 3420 3441
f 3442 3441 3443
f 3443 3441 3440
f 3443 3440 3444
f 3444 3440 3439
f 3444 3439 3445
f 3445 3439 3438
f 3445 3438 3408
f 3408 3438 3407
f 3422 3421 3446
f 3446 3421 3442
f 3446 3442 3447
f 3447 3442 3443
f 3447 3443 3448
f 3448 3443 3444
f 3448 3444 3449
f 3449 3444 3445
f 3449 3445 3409
f 3409 3445 3408
f 3409 3431 3449
f 3449 3431 3450
f 3449 3450 3448
f 3448 3450 3451
f 3451 3452 3448
f 3448 3452 3447
f 3447 3452 3446
f 3446 3452 3453
f 3446 3453 3422
f 3422 3453 3423
f 3424 3423 3454
f 3454 3423 3453
f 3452 3455 3453
f 3453 3455 3454
f 3452 3451 3455
f 3455 3451 3456
f 3450 3457 3451
f 3451 3457 3456
f 3431 3432 3450
f 3450 3432 3457
f 3454 3458 3424
f 3424 3458 3425
f 3427 3426 3459
f 3459 3426 3460
f 3428 3427 3461
f 3461 3427 3459
f 3428 3461 3429
f 3429 3461 3462
f 3462 3463 3429
f 3429 3463 3430
f 3464 3465 3462
f 3462 3465 3463
f 3455 3466 3454
f 3454 3466 3458
f 3465 3464 3466
f 3466 3464 3467
f 3461 3459 3468
f 3468 3459 3469
f 3468 3469 3464
f 3464 3469 3467
f 3464 3462 3468
f 3468 3462 3461
f 3459 3460 3469
f 3469 3460 3467
f 3295 3351 3298
f 3298 3351 3353
f 3353 3355 3298
f 3298 3355 3297
f 3297 3355 3301
f 3301 3355 3359
f 3301 3359 3308
f 3308 3359 3361
f 3308 3361 3311
f 3311 3361 3363
f 3311 3363 3316
f 3316 3363 3358
f 3316 3358 3317
f 3317 3358 3349
f 3349 3347 3317
f 3317 3347 3319
f 3347 3345 3319
f 3319 3345 3314
f 3345 3343 3314
f 3314 3343 3305
f 3343 3341 3305
f 3305 3341 3304
f 3304 3341 3292
f 3292 3341 3338
f 3292 3338 3293
f 3293 3338 3337
f 3293 3337 3295
f 3295 3337 3351
f 3437 3202 3436
f 3436 3202 3201
f 3436 3201 3332
f 3332 3201 3204
f 3433 3200 3434
f 3434 3200 3199
f 3211 3435 3199
f 3199 3435 3434
f 3333 3210 3433
f 3433 3210 3200
f 3380 3470 3371
f 3400 3371 3336
f 3336 3371 3470
f 3381 3328 3380
f 3380 3328 3470
f 3470 3328 3209
f 3209 3328 3208
f 3336 3470 3327
f 3327 3470 3209
f 1545 1763 1546
f 1546 1763 1762
f 1403 1546 773
f 773 1546 770
f 1221 3013 1220
f 1220 3013 3471
f 1305 2877 1306
f 1306 2877 2879
f 1220 3471 828
f 828 3471 829
f 1217 1754 3472
f 3472 1754 1756
f 1049 3473 1048
f 1048 3473 3474
f 1371 1179 3473
f 3473 1179 3474
f 1074 3475 1179
f 1179 3475 3474
f 3474 3475 1048
f 1048 3475 1056
f 919 666 1345
f 1345 666 665
f 856 680 919
f 919 680 666
f 679 680 1449
f 1449 680 858
f 1367 878 1500
f 1500 878 877
f 1366 908 1367
f 1367 908 878
f 1512 916 1513
f 1513 916 915
f 947 1368 948
f 948 1368 1369
f 1047 1021 1044
f 1044 1021 1020
f 1370 1049 1019
f 1019 1049 1020
f 1173 1030 1174
f 1174 1030 1033
f 3126 1188 1464
f 1464 1188 1187
f 1800 1451 1512
f 1512 1451 916
f 1175 1174 1186
f 1186 1174 1187
f 1030 1173 1047
f 1047 1173 1021
f 1513 915 3476
f 3476 915 1481
f 1345 665 3477
f 3477 665 1483
f 1502 1501 876
f 876 1501 877
f 1205 1451 1803
f 1803 1451 1802
f 3479 2832 3478
f 3478 2832 2831
f 1449 858 2927
f 2927 858 2922
f 908 1366 947
f 947 1366 1368
f 949 948 3126
f 3126 948 1188
f 3480 3135 1502
f 1502 3135 1501
f 2927 2922 3157
f 3157 2922 3152
f 3477 1483 3479
f 3479 1483 2832
f 1803 1802 3151
f 3151 1802 3152
f 663 658 664
f 664 658 657
f 655 658 939
f 939 658 706
f 1512 870 1800
f 1800 870 869
f 875 874 876
f 876 874 873
f 849 874 905
f 905 874 958
f 949 962 946
f 946 962 961
f 978 3126 979
f 979 3126 1464
f 1031 1168 1032
f 1032 1168 1022
f 1045 1013 1046
f 1046 1013 1012
f 1045 1044 1056
f 1056 1044 1048
f 1047 1046 1030
f 1030 1046 1031
f 939 706 940
f 940 706 1450
f 979 1464 1032
f 1032 1464 1033
f 3480 1478 3476
f 3476 1478 3134
f 2829 1487 2830
f 2830 1487 1486
f 848 1230 873
f 873 1230 1479
f 867 870 933
f 933 870 1514
f 1800 869 1801
f 1801 869 1799
f 2830 1486 1325
f 1325 1486 2833
f 940 1450 2925
f 2925 1450 2928
f 946 961 907
f 907 961 958
f 959 962 977
f 977 962 978
f 3476 3134 1513
f 1513 3134 1514
f 2925 2928 3155
f 3155 2928 3158
f 1325 2833 656
f 656 2833 657
f 1801 1799 3157
f 3157 1799 3158
f 1074 1055 3475
f 3475 1055 1056
f 1371 3473 1370
f 1370 3473 1049
f 2884 615 3481
f 3481 615 618
f 3478 2831 2846
f 2846 2831 617
f 2831 1484 617
f 617 1484 618
f 1484 1487 618
f 618 1487 3481
f 2848 3481 2829
f 2829 3481 1487
f 1480 1517 1161
f 1161 1517 1162
f 3129 1323 1455
f 1455 1323 1322
f 3129 3134 1323
f 1323 3134 1478
f 1535 3173 1515
f 1515 3173 1516
f 3085 3095 3137
f 3137 3095 3094
f 3137 3094 3138
f 3138 3094 3104
f 3117 3139 3105
f 3105 3139 3106
f 1138 1141 3127
f 3127 1141 3128
f 3081 3131 1264
f 1264 3131 3130
f 1227 1226 3132
f 3132 1226 3133
f 1264 3130 1229
f 1229 3130 1322
f 1160 1501 1161
f 1161 1501 3135
f 1141 1476 3128
f 3128 1476 3136
f 1226 1163 3133
f 3133 1163 1162
f 1363 1138 1515
f 1515 1138 3127
f 3084 3095 3081
f 3081 3095 3131
f 3089 884 3105
f 3105 884 3140
f 884 883 3140
f 3140 883 3141
f 883 3482 3141
f 3141 3482 3142
f 3476 1481 3480
f 3480 1481 3135
f 1502 1479 3480
f 3480 1479 1478
f 3168 463 440
f 714 1880 715
f 715 1880 2905
f 896 732 2970
f 2970 732 731
f 1263 834 3082
f 3082 834 833
f 898 1231 853
f 853 1231 854
f 3125 890 2931
f 2931 890 889
f 1237 893 2851
f 2851 893 892
f 898 853 899
f 899 853 963
f 988 987 989
f 989 987 986
f 1002 1007 1003
f 1003 1007 1006
f 1038 1036 1007
f 1007 1036 1004
f 1070 1052 1005
f 1005 1052 1006
f 1069 1067 1070
f 1070 1067 1052
f 1130 1129 1134
f 1134 1129 1135
f 879 1167 880
f 880 1167 1166
f 1171 1169 1037
f 1037 1169 1038
f 1085 1180 1069
f 1069 1180 1067
f 1209 1210 879
f 879 1210 1167
f 2885 1215 1754
f 1754 1215 1214
f 1263 855 834
f 834 855 854
f 708 1244 1826
f 1826 1244 1243
f 2909 894 1254
f 1254 894 893
f 1228 1361 964
f 964 1361 1360
f 2908 2907 1436
f 1436 2907 1437
f 2990 1440 2991
f 2991 1440 1439
f 964 1360 965
f 965 1360 1454
f 950 1457 951
f 951 1457 1456
f 970 1463 971
f 971 1463 1462
f 1025 1169 984
f 984 1169 986
f 1084 1097 1469
f 1469 1097 1470
f 1096 1115 1474
f 1474 1115 1475
f 1140 1361 1141
f 1141 1361 1476
f 1212 1495 2828
f 2828 1495 1494
f 880 1166 1452
f 1452 1166 1499
f 715 2905 1504
f 1504 2905 2906
f 954 1519 955
f 955 1519 1518
f 1026 1520 992
f 992 1520 1518
f 1029 1520 1043
f 1043 1520 1521
f 997 1522 1040
f 1040 1522 1521
f 1015 1522 1016
f 1016 1522 1523
f 1523 996 1524
f 1524 996 1062
f 1057 1060 1525
f 1525 1060 1524
f 1094 1528 1082
f 1082 1528 1527
f 1526 1528 1089
f 1089 1528 1529
f 1090 1531 1108
f 1108 1531 1530
f 1125 1533 1126
f 1126 1533 1532
f 3483 1755 727
f 727 1755 1214
f 735 1814 707
f 707 1814 1813
f 2891 1834 1246
f 1246 1834 1243
f 2904 1881 1847
f 1847 1881 1848
f 1852 1855 1853
f 1853 1855 1858
f 1902 2903 1877
f 1877 2903 1878
f 2903 2904 1878
f 1878 2904 1847
f 714 713 1848
f 1848 713 1849
f 1440 2990 1883
f 1883 2990 2989
f 1883 2989 1852
f 1852 2989 1855
f 2895 1888 2892
f 2892 1888 1887
f 774 777 1877
f 1877 777 1903
f 1251 2835 1252
f 1252 2835 2834
f 1213 2844 1212
f 1212 2844 1495
f 2851 892 1213
f 1213 892 2844
f 3123 2911 3124
f 3124 2911 2910
f 887 2929 888
f 888 2929 889
f 1435 2963 1436
f 1436 2963 2961
f 1253 1438 1254
f 1254 1438 1437
f 2970 731 735
f 735 731 1814
f 733 732 2885
f 2885 732 1215
f 2901 2902 2976
f 2976 2902 2977
f 2975 2982 2976
f 2976 2982 2979
f 2899 2900 2981
f 2981 2900 2979
f 2899 2981 2898
f 2898 2981 2983
f 2986 2985 2984
f 2984 2985 2983
f 2897 2985 2896
f 2896 2985 2988
f 2991 1439 2987
f 2987 1439 2988
f 777 2978 1903
f 1903 2978 2977
f 1885 1888 1858
f 1858 1888 1853
f 3090 3088 836
f 836 3088 833
f 3083 3088 3097
f 3097 3088 3096
f 3097 3096 3104
f 3104 3096 3106
f 3111 3116 3108
f 3108 3116 3109
f 3112 3111 3114
f 3114 3111 3108
f 3113 3122 3114
f 3114 3122 3115
f 891 890 2837
f 2837 890 2834
f 951 1456 954
f 954 1456 1519
f 967 1457 936
f 936 1457 1454
f 971 1462 902
f 902 1462 963
f 1461 1463 988
f 988 1463 987
f 1466 1468 1474
f 1474 1468 1470
f 1089 1529 1090
f 1090 1529 1531
f 1184 1181 1469
f 1469 1181 1180
f 1082 1527 1061
f 1061 1527 1525
f 1129 1473 1135
f 1135 1473 1475
f 1108 1530 1105
f 1105 1530 1532
f 1452 1499 3132
f 3132 1499 3136
f 3109 3116 3139
f 3139 3116 3138
f 2912 2911 887
f 887 2911 2929
f 2836 2835 1497
f 1497 2835 1494
f 2913 3102 2910
f 2910 3102 3115
f 1133 3187 1134
f 1134 3187 3185
f 3177 3176 3197
f 3197 3176 3198
f 3203 3183 3206
f 3206 3183 3207
f 3196 3202 3197
f 3197 3202 3211
f 3183 3182 3207
f 3207 3182 3185
f 1125 3180 1533
f 1533 3180 3198
f 3331 3203 3330
f 3330 3203 3206
f 3376 3379 3385
f 3385 3379 3386
f 3382 3376 3392
f 3392 3376 3385
f 3412 3415 3413
f 3413 3415 3414
f 3417 3396 3415
f 3415 3396 3395
f 3383 3386 3426
f 3426 3386 3425
f 3413 3414 3432
f 3432 3414 3430
f 3437 3396 3435
f 3435 3396 3417
f 3329 3382 3330
f 3330 3382 3392
f 3426 3425 3460
f 3460 3425 3458
f 3432 3430 3457
f 3457 3430 3463
f 3457 3463 3456
f 3456 3463 3465
f 3460 3458 3467
f 3467 3458 3466
f 3466 3455 3465
f 3465 3455 3456
f 3202 3437 3211
f 3211 3437 3435
f 3104 3106 3138
f 3138 3106 3139
f 3132 3136 1227
f 1227 3136 1476
f 943 687 600
f 600 687 601
f 596 625 667
f 667 625 1297
f 687 686 601
f 601 686 653
f 1319 784 711
f 711 784 712
f 1811 607 783
f 783 607 712
f 862 921 917
f 917 921 920
f 3478 925 3479
f 3479 925 924
f 2846 926 3478
f 3478 926 925
f 659 662 929
f 929 662 930
f 856 921 857
f 857 921 1204
f 1206 864 1207
f 1207 864 863
f 2876 1219 2877
f 2877 1219 1218
f 667 1297 593
f 593 1297 1296
f 917 920 1333
f 1333 920 1346
f 686 693 653
f 653 693 930
f 1277 913 1498
f 1498 913 1207
f 592 1536 610
f 610 1536 711
f 864 1206 1805
f 1805 1206 1804
f 1317 1536 1900
f 1900 1536 1809
f 1900 1809 1295
f 1295 1809 1296
f 3479 924 3477
f 3477 924 2824
f 927 926 1203
f 1203 926 2847
f 3484 2859 3032
f 3032 2859 3033
f 3472 2878 1217
f 1217 2878 1218
f 2889 2888 2880
f 2880 2888 2881
f 2886 2883 2887
f 2887 2883 2882
f 929 928 2847
f 2847 928 1203
f 857 1204 2921
f 2921 1204 2926
f 1820 1819 2882
f 2882 1819 2881
f 1821 2883 2876
f 2876 2883 1219
f 782 2889 783
f 783 2889 2880
f 1352 3034 1353
f 1353 3034 3033
f 3031 3034 3041
f 3041 3034 3043
f 944 943 3043
f 3043 943 600
f 1339 3145 1498
f 1498 3145 3143
f 1208 882 3148
f 3148 882 3143
f 2921 2926 3151
f 3151 2926 3156
f 3477 2824 1345
f 1345 2824 1346
f 1805 1804 3154
f 3154 1804 3156
f 886 3103 883
f 883 3103 3482
f 841 1248 3485
f 3485 1248 3121
f 2811 2819 2812
f 2812 2819 2816
f 2818 2815 2817
f 2817 2815 2806
f 2817 2816 2818
f 2818 2816 2819
f 2793 2795 2819
f 2819 2795 2818
f 243 352 2793
f 2793 352 2795
f 242 353 243
f 243 353 352
f 359 191 242
f 242 191 353
f 247 192 359
f 359 192 191
f 157 193 247
f 247 193 192
f 156 194 157
f 157 194 193
f 378 261 156
f 156 261 194
f 378 381 261
f 261 381 195
f 195 381 196
f 196 381 376
f 196 376 198
f 198 376 375
f 375 1776 198
f 198 1776 197
f 1776 1767 197
f 197 1767 274
f 181 274 199
f 199 274 1767
f 568 566 564
f 564 566 563
f 568 569 566
f 566 569 567
f 501 1773 1771
f 1771 1773 578
f 547 579 1773
f 1773 579 578
f 3486 470 474
f 474 470 469
f 450 582 3487
f 3487 582 3488
f 582 583 3488
f 3488 583 3489
f 583 584 3489
f 3489 584 3490
f 3490 584 3491
f 3491 584 543
f 470 3486 466
f 466 3486 467
f 3489 3490 503
f 503 3490 504
f 503 3492 3489
f 3489 3492 3488
f 3492 503 3493
f 3493 503 502
f 3495 3492 3494
f 3494 3492 3493
f 3487 3488 3495
f 3495 3488 3492
f 468 1774 465
f 465 1774 570
f 3494 3493 1775
f 1775 3493 1771
f 3490 3491 504
f 504 3491 1772
f 3491 543 1772
f 1772 543 548
f 450 3487 474
f 474 3487 3486
f 3495 467 3487
f 3487 467 3486
f 3494 468 3495
f 3495 468 467
f 468 3494 1774
f 1774 3494 1775
f 501 1771 502
f 502 1771 3493
f 527 366 384
f 384 366 365
f 522 524 527
f 527 524 366
f 521 534 522
f 522 534 524
f 530 535 521
f 521 535 534
f 508 486 513
f 513 486 532
f 513 532 541
f 541 532 535
f 667 668 596
f 596 668 597
f 1294 1297 624
f 624 1297 625
f 603 641 604
f 604 641 640
f 1290 1293 650
f 650 1293 651
f 1758 691 660
f 660 691 661
f 602 671 599
f 599 671 670
f 654 662 690
f 690 662 661
f 2856 598 695
f 695 598 597
f 602 654 671
f 671 654 690
f 604 640 676
f 676 640 704
f 1826 1829 708
f 708 1829 709
f 1288 1284 740
f 740 1284 741
f 755 754 758
f 758 754 759
f 2853 2856 932
f 932 2856 695
f 689 691 1192
f 1192 691 1193
f 784 1319 1240
f 1240 1319 1241
f 1813 1816 1244
f 1244 1816 1245
f 754 1288 759
f 759 1288 740
f 1894 1242 1318
f 1318 1242 1241
f 2867 1348 1418
f 1418 1348 1347
f 676 704 673
f 673 704 1347
f 1284 1287 741
f 741 1287 1419
f 1421 1426 1422
f 1422 1426 1425
f 1758 660 615
f 615 660 616
f 1192 1191 1421
f 1421 1191 1426
f 2962 1839 1504
f 1504 1839 1505
f 941 1194 1759
f 1759 1194 1193
f 1287 1537 1419
f 1419 1537 1760
f 1882 2893 1823
f 1823 2893 1824
f 1886 1891 1827
f 1827 1891 1828
f 1887 1886 1834
f 1834 1886 1827
f 1841 716 1838
f 1838 716 1505
f 782 784 1850
f 1850 784 1240
f 1239 1242 1863
f 1863 1242 1864
f 1242 1894 1864
f 1864 1894 1873
f 1822 1239 1823
f 1823 1239 1863
f 1318 1317 1895
f 1895 1317 1900
f 1894 1896 1873
f 1873 1896 1897
f 1291 1896 1292
f 1292 1896 1895
f 605 1898 606
f 606 1898 1897
f 1258 1257 2854
f 2854 1257 2855
f 1257 1351 2855
f 2855 1351 2857
f 1351 1353 2857
f 2857 1353 2858
f 1353 3033 2858
f 2858 3033 2859
f 2860 2861 3036
f 3036 2861 3037
f 2862 2863 2870
f 2870 2863 3039
f 2870 2869 2862
f 2862 2869 2864
f 2868 2865 2869
f 2869 2865 2864
f 1764 2866 2868
f 2868 2866 2865
f 1537 1199 1760
f 1760 1199 1348
f 615 2884 1758
f 1758 2884 1759
f 1825 1246 2890
f 2890 1246 1245
f 2893 2892 1824
f 1824 2892 2891
f 761 2960 758
f 758 2960 2906
f 3000 2943 2940
f 2940 2943 2941
f 2968 710 2950
f 2950 710 709
f 1764 1423 2866
f 2866 1423 2953
f 1423 645 2953
f 2953 645 2954
f 645 644 2954
f 2954 644 2955
f 644 738 2955
f 2955 738 2956
f 738 764 2956
f 2956 764 2957
f 764 763 2957
f 2957 763 2958
f 763 2908 2958
f 2958 2908 2959
f 2908 1436 2959
f 2959 1436 2961
f 1837 2964 1435
f 1435 2964 2963
f 1837 2937 2964
f 2964 2937 2965
f 2936 2968 2966
f 2966 2968 2950
f 1840 2942 1838
f 1838 2942 2941
f 2939 2949 2940
f 2940 2949 3006
f 2939 2942 2966
f 2966 2942 2965
f 1822 1825 1850
f 1850 1825 2890
f 1891 3005 1828
f 1828 3005 3006
f 3035 3038 3045
f 3045 3038 3042
f 3045 3044 3035
f 3035 3044 3040
f 669 1422 3045
f 3045 1422 3044
f 599 670 3041
f 3041 670 3042
f 931 3067 932
f 932 3067 3065
f 2853 3066 2854
f 2854 3066 3076
f 3067 3496 3065
f 3065 3496 3497
f 3066 3498 3076
f 3076 3498 3499
f 707 1813 708
f 708 1813 1244
f 2960 2962 2906
f 2906 2962 1504
f 2892 1887 2891
f 2891 1887 1834
f 1839 2962 2963
f 2963 2962 2961
f 595 626 596
f 596 626 625
f 623 626 3484
f 3484 626 2859
f 1291 1290 606
f 606 1290 603
f 1290 650 603
f 603 650 641
f 641 650 642
f 642 650 649
f 2860 2863 649
f 649 2863 642
f 3036 3039 2860
f 2860 3039 2863
f 3035 3040 3036
f 3036 3040 3039
f 1294 1293 1295
f 1295 1293 1292
f 624 651 1294
f 1294 651 1293
f 623 652 624
f 624 652 651
f 3484 2861 623
f 623 2861 652
f 3032 3037 3484
f 3484 3037 2861
f 3031 3038 3032
f 3032 3038 3037
f 3481 2848 2884
f 2884 2848 942
f 2846 617 1427
f 1427 617 616
f 3049 3167 3048
f 3048 3167 3500
f 1906 3048 3070
f 3070 3048 3500
f 1337 1768 3501
f 3501 1768 3502
f 3020 3503 3021
f 3021 3503 3024
f 2914 3023 3020
f 3020 3023 3503
f 859 1770 860
f 860 1770 3504
f 1336 3505 1768
f 1768 3505 3502
f 3065 3497 3066
f 3066 3497 3498
f 2814 3075 3067
f 3067 3075 3496
f 2839 3174 766
f 766 3174 3017
f 1337 3501 1338
f 1338 3501 1769
f 767 3018 3026
f 3026 3018 3506
f 3076 3499 3064
f 3064 3499 3507
f 727 730 3483
f 3483 730 3030
f 3064 3507 2871
f 2871 3507 3077
f 3100 3160 1786
f 1786 3160 1784
f 3026 3506 752
f 752 3506 3015
f 860 3504 2923
f 2923 3504 3508
f 753 3016 3027
f 3027 3016 3509
f 3027 3509 3008
f 3008 3509 3028
f 1782 1785 1783
f 1783 1785 3022
f 2923 3508 3153
f 3153 3508 3161
f 3148 3149 1208
f 1208 3149 3150
f 1335 1328 3510
f 3510 1328 1327
f 1336 1335 3505
f 3505 1335 3510
f 866 3511 1340
f 1340 3511 3146
f 865 1808 866
f 866 1808 3511
f 842 841 3159
f 3159 841 3485
f 2849 3512 1329
f 1329 3512 1326
f 1202 1331 2849
f 2849 1331 3512
f 3514 3515 3513
f 3513 3515 3516
f 3518 3516 3517
f 3517 3516 3515
f 3519 3520 3514
f 3514 3520 3515
f 3522 3523 3521
f 3521 3523 3524
f 3526 3527 3525
f 3525 3527 3528
f 3530 3531 3529
f 3529 3531 3532
f 3534 3535 3533
f 3533 3535 3536
f 3529 3532 3537
f 3537 3532 3538
f 3537 3539 3529
f 3529 3539 3540
f 3542 3543 3541
f 3541 3543 3544
f 3546 3547 3545
f 3545 3547 3548
f 3550 3534 3549
f 3549 3534 3533
f 3550 3543 3551
f 3551 3543 3552
f 3537 3545 3539
f 3539 3545 3548
f 3553 3554 3556
f 3556 3554 3555
f 3537 3557 3545
f 3545 3557 3546
f 3558 3559 3561
f 3561 3559 3560
f 3563 3564 3562
f 3562 3564 3565
f 3564 3563 3566
f 3566 3563 3567
f 3569 3570 3568
f 3568 3570 3571
f 3573 3574 3572
f 3572 3574 3575
f 3577 3578 3576
f 3576 3578 3579
f 3581 3582 3580
f 3580 3582 3583
f 3585 3586 3584
f 3584 3586 3579
f 3586 3587 3579
f 3579 3587 3576
f 3589 3590 3588
f 3588 3590 3591
f 3592 3593 3595
f 3595 3593 3594
f 3597 3598 3596
f 3596 3598 3595
f 3583 3600 3599
f 3599 3600 3601
f 3603 3599 3602
f 3602 3599 3601
f 3605 3606 3604
f 3604 3606 3607
f 3608 3555 3596
f 3596 3555 3554
f 3597 3610 3609
f 3609 3610 3565
f 3564 3611 3565
f 3565 3611 3609
f 3611 3564 3612
f 3612 3564 3566
f 3613 3614 3569
f 3569 3614 3570
f 3615 3616 3573
f 3573 3616 3574
f 3517 3617 3518
f 3518 3617 3618
f 3620 3621 3619
f 3619 3621 3622
f 3624 3625 3623
f 3623 3625 3626
f 3628 3629 3627
f 3627 3629 3630
f 3632 3633 3631
f 3631 3633 3634
f 3636 3637 3635
f 3635 3637 3638
f 3640 3641 3639
f 3639 3641 3642
f 3643 3644 3639
f 3639 3644 3640
f 3646 3513 3645
f 3645 3513 3647
f 3648 3514 3646
f 3646 3514 3513
f 3649 3519 3648
f 3648 3519 3514
f 3650 3651 3527
f 3527 3651 3652
f 3654 3651 3653
f 3653 3651 3650
f 3568 3571 3655
f 3655 3571 3656
f 3657 3658 3653
f 3653 3658 3659
f 3661 3662 3660
f 3660 3662 3658
f 3664 3665 3663
f 3663 3665 3666
f 3667 3657 3650
f 3650 3657 3653
f 3669 3523 3668
f 3668 3523 3670
f 3672 3673 3671
f 3671 3673 3674
f 3676 3677 3675
f 3675 3677 3678
f 3671 3674 3676
f 3676 3674 3677
f 3680 3681 3679
f 3679 3681 3682
f 3683 3684 3680
f 3680 3684 3681
f 3685 3686 3661
f 3661 3686 3662
f 3686 3687 3662
f 3662 3687 3688
f 3684 3683 3689
f 3689 3683 3690
f 3692 3693 3691
f 3691 3693 3694
f 3691 3694 3695
f 3695 3694 3696
f 3698 3699 3697
f 3697 3699 3700
f 3702 3703 3701
f 3701 3703 3704
f 3705 3706 3519
f 3519 3706 3520
f 3673 3672 3707
f 3707 3672 3708
f 3709 3710 3682
f 3682 3710 3679
f 3711 3712 3692
f 3692 3712 3693
f 3714 3715 3713
f 3713 3715 3716
f 3718 3700 3717
f 3717 3700 3699
f 3720 3721 3719
f 3719 3721 3722
f 3724 3725 3723
f 3723 3725 3726
f 3727 3728 3730
f 3730 3728 3729
f 3722 3721 3731
f 3731 3721 3732
f 3697 3700 3733
f 3733 3700 3714
f 3733 3714 3734
f 3734 3714 3713
f 3721 3723 3732
f 3732 3723 3735
f 3720 3736 3724
f 3724 3736 3737
f 3700 3718 3714
f 3714 3718 3715
f 3717 3699 3738
f 3738 3699 3739
f 3536 3740 3533
f 3533 3740 3540
f 3742 3743 3741
f 3741 3743 3744
f 3746 3747 3745
f 3745 3747 3748
f 3750 3751 3749
f 3749 3751 3752
f 3627 3632 3628
f 3628 3632 3631
f 3754 3755 3753
f 3753 3755 3626
f 3562 3565 3756
f 3756 3565 3610
f 3527 3652 3528
f 3528 3652 3757
f 3758 3524 3669
f 3669 3524 3523
f 3582 3598 3583
f 3583 3598 3600
f 3759 3670 3522
f 3522 3670 3523
f 3675 3678 3760
f 3760 3678 3761
f 3762 3763 3690
f 3690 3763 3689
f 3765 3766 3764
f 3764 3766 3767
f 3768 3739 3698
f 3698 3739 3699
f 3726 3725 3770
f 3770 3725 3769
f 3645 3647 3771
f 3771 3647 3772
f 3645 3678 3646
f 3646 3678 3677
f 3646 3677 3648
f 3648 3677 3674
f 3673 3649 3674
f 3674 3649 3648
f 3707 3773 3673
f 3673 3773 3649
f 3775 3776 3774
f 3774 3776 3777
f 3779 3526 3778
f 3778 3526 3525
f 3526 3779 3667
f 3667 3779 3780
f 3780 3781 3667
f 3667 3781 3657
f 3672 3679 3708
f 3708 3679 3710
f 3671 3680 3672
f 3672 3680 3679
f 3676 3683 3671
f 3671 3683 3680
f 3675 3690 3676
f 3676 3690 3683
f 3760 3762 3675
f 3675 3762 3690
f 3682 3681 3783
f 3783 3681 3782
f 3689 3784 3684
f 3684 3784 3785
f 3684 3785 3681
f 3681 3785 3782
f 3786 3709 3783
f 3783 3709 3682
f 3784 3689 3787
f 3787 3689 3763
f 3789 3557 3788
f 3788 3557 3790
f 3792 3793 3791
f 3791 3793 3794
f 3616 3615 3795
f 3795 3615 3796
f 3797 3798 3727
f 3727 3798 3728
f 3800 3801 3799
f 3799 3801 3802
f 3803 3578 3592
f 3592 3578 3593
f 3805 3806 3804
f 3804 3806 3807
f 3599 3603 3585
f 3585 3603 3586
f 3587 3586 3604
f 3604 3586 3603
f 3588 3591 3794
f 3794 3591 3791
f 3581 3803 3582
f 3582 3803 3592
f 3594 3561 3608
f 3608 3561 3790
f 3662 3688 3808
f 3808 3688 3809
f 3665 3664 3810
f 3810 3664 3811
f 3719 3812 3720
f 3720 3812 3736
f 3717 3813 3718
f 3718 3813 3737
f 3723 3721 3724
f 3724 3721 3720
f 3813 3717 3814
f 3814 3717 3738
f 3815 3816 303
f 303 3816 304
f 3818 3819 3817
f 3817 3819 3820
f 3578 3803 3579
f 3579 3803 3584
f 3558 3593 3577
f 3577 3593 3578
f 3822 3823 3821
f 3821 3823 3824
f 3546 3826 3825
f 3825 3826 3827
f 3828 3829 3547
f 3547 3829 3541
f 3831 3542 3830
f 3830 3542 3832
f 3834 3822 3833
f 3833 3822 3821
f 3835 3836 3827
f 3827 3836 3825
f 3800 3799 3828
f 3828 3799 3829
f 3830 3832 3837
f 3837 3832 3838
f 331 330 3551
f 3551 330 3839
f 3831 333 3552
f 3552 333 332
f 3819 3797 3841
f 3841 3797 3840
f 3513 3516 3647
f 3647 3516 3746
f 337 336 3745
f 3745 336 3772
f 3525 3528 3775
f 3775 3528 3749
f 3610 3597 3554
f 3554 3597 3596
f 3706 3702 3520
f 3520 3702 3701
f 3756 3610 3553
f 3553 3610 3554
f 3757 3750 3528
f 3528 3750 3749
f 3517 3515 3701
f 3701 3515 3520
f 3842 3584 3581
f 3581 3584 3803
f 3525 3775 3778
f 3778 3775 3774
f 3638 3843 3635
f 3635 3843 3618
f 3617 3621 3618
f 3618 3621 3635
f 3617 3517 3704
f 3704 3517 3701
f 3521 3624 3522
f 3522 3624 3623
f 3749 3844 3775
f 3775 3844 3776
f 3846 3847 3845
f 3845 3847 3848
f 3843 3747 3618
f 3618 3747 3518
f 3850 3851 3849
f 3849 3851 3748
f 3853 3854 3852
f 3852 3854 3855
f 3856 3857 3622
f 3622 3857 3619
f 3859 3860 3858
f 3858 3860 3861
f 3862 3844 3752
f 3752 3844 3749
f 3863 3759 3623
f 3623 3759 3522
f 3864 3777 3630
f 3630 3777 3776
f 3713 3865 3734
f 3734 3865 3866
f 3868 3869 3867
f 3867 3869 3870
f 3872 3873 3871
f 3871 3873 3874
f 3876 3877 3875
f 3875 3877 3878
f 3879 3880 3878
f 3878 3880 3881
f 3882 3883 3885
f 3885 3883 3884
f 3780 3886 3781
f 3781 3886 3887
f 3888 3685 3869
f 3869 3685 3661
f 3880 3879 3883
f 3883 3879 3884
f 3693 3783 3694
f 3694 3783 3782
f 3696 3785 3764
f 3764 3785 3784
f 3694 3782 3696
f 3696 3782 3785
f 3693 3786 3783
f 3787 3765 3784
f 3784 3765 3764
f 386 385 3765
f 3765 385 3766
f 3695 3889 3691
f 3691 3889 3890
f 3691 3890 3692
f 3692 3890 3891
f 3892 3711 3891
f 3891 3711 3692
f 3767 3893 3695
f 3695 3893 3889
f 3766 3894 3767
f 3767 3894 3893
f 3882 3885 3895
f 3895 3885 3896
f 3898 3698 3897
f 3897 3698 3697
f 3897 3697 3899
f 3899 3697 3733
f 3899 3733 3900
f 3900 3733 3734
f 3901 3768 3898
f 3898 3768 3698
f 3901 3902 3768
f 3768 3902 3903
f 3904 3905 3907
f 3907 3905 3906
f 3869 3661 3870
f 3870 3661 3660
f 3908 3909 3896
f 3896 3909 3895
f 3909 3758 3895
f 3895 3758 3669
f 3751 3531 3752
f 3752 3531 3848
f 3858 3536 3854
f 3854 3536 3535
f 3652 3562 3757
f 3757 3562 3756
f 3651 3654 3563
f 3563 3654 3567
f 3655 3656 3808
f 3808 3656 3659
f 3530 3740 3845
f 3845 3740 3861
f 3751 3750 3556
f 3556 3750 3553
f 3817 3820 3796
f 3796 3820 3795
f 410 409 3910
f 3910 409 3855
f 3750 3757 3553
f 3553 3757 3756
f 3908 3886 3909
f 3909 3886 3780
f 409 411 3855
f 3855 411 3851
f 413 412 3760
f 3760 412 3762
f 415 414 3763
f 3763 414 3787
f 3790 3557 3538
f 3538 3557 3537
f 3555 3608 3538
f 3538 3608 3790
f 3574 3911 3575
f 3575 3911 3912
f 3535 3534 3910
f 3910 3534 3839
f 3831 3552 3542
f 3542 3552 3543
f 3534 3550 3839
f 3839 3550 3551
f 3543 3550 3544
f 3544 3550 3549
f 3913 3914 3916
f 3916 3914 3915
f 3806 3805 3589
f 3589 3805 3590
f 3849 3843 3917
f 3917 3843 3638
f 3853 3644 3859
f 3859 3644 3742
f 3747 3746 3518
f 3518 3746 3516
f 3695 3696 3767
f 3767 3696 3764
f 3903 3918 3768
f 3768 3918 3739
f 3738 3739 3816
f 3816 3739 3918
f 3919 3920 3769
f 3769 3920 3770
f 3921 3726 3922
f 3922 3726 3770
f 3678 3645 3761
f 3761 3645 3771
f 3924 3913 3923
f 3923 3913 3916
f 3802 3925 3838
f 3838 3925 3837
f 3577 3926 3558
f 3558 3926 3559
f 3815 3919 3814
f 3814 3919 3769
f 3927 3928 3822
f 3822 3928 3823
f 3829 3832 3541
f 3541 3832 3542
f 3834 3927 3822
f 3832 3829 3838
f 3838 3829 3799
f 3745 3772 3746
f 3746 3772 3647
f 3849 3748 3843
f 3843 3748 3747
f 3854 3853 3858
f 3858 3853 3859
f 3854 3535 3855
f 3855 3535 3910
f 3557 3789 3546
f 3546 3789 3826
f 3923 3823 3924
f 3924 3823 3928
f 3823 3923 3929
f 3929 3923 3930
f 3531 3751 3532
f 3532 3751 3556
f 3532 3556 3538
f 3538 3556 3555
f 3932 3634 3931
f 3931 3634 3633
f 3814 3769 3813
f 3813 3769 3725
f 3620 3636 3621
f 3621 3636 3635
f 3847 3862 3848
f 3848 3862 3752
f 3531 3530 3848
f 3848 3530 3845
f 3933 3934 3830
f 3830 3934 3831
f 3925 3933 3837
f 3837 3933 3830
f 3934 440 3831
f 3831 440 333
f 3925 3802 3833
f 3833 3802 3801
f 3776 3844 3630
f 3630 3844 3627
f 3808 3659 3662
f 3662 3659 3658
f 3667 3650 3526
f 3526 3650 3527
f 3935 3666 3936
f 3936 3666 3665
f 3718 3737 3715
f 3715 3737 3736
f 3663 3809 3664
f 3664 3809 3688
f 3807 3806 3938
f 3938 3806 3937
f 445 413 3761
f 3761 413 3760
f 3902 447 3903
f 3903 447 446
f 3897 3890 3898
f 3898 3890 3889
f 3899 3891 3897
f 3897 3891 3890
f 3898 3889 3901
f 3901 3889 3893
f 3893 3894 3901
f 3901 3894 3902
f 414 386 3787
f 3787 386 3765
f 3940 3941 3939
f 3939 3941 3942
f 3840 3797 3943
f 3943 3797 3727
f 3665 3810 3936
f 3936 3810 3944
f 3921 3735 3726
f 3726 3735 3723
f 3920 3945 3770
f 3770 3945 3922
f 3521 3524 3774
f 3774 3524 3778
f 3864 3946 3625
f 3625 3946 3947
f 3773 3705 3649
f 3649 3705 3519
f 3779 3778 3758
f 3758 3778 3524
f 3812 3716 3736
f 3736 3716 3715
f 3624 3521 3777
f 3777 3521 3774
f 3703 3856 3704
f 3704 3856 3622
f 3900 3892 3899
f 3899 3892 3891
f 3641 3917 3642
f 3642 3917 3948
f 3895 3669 3882
f 3882 3669 3668
f 3855 3851 3852
f 3852 3851 3850
f 3894 458 3902
f 3902 458 447
f 3781 3887 3660
f 3660 3887 3870
f 3570 3566 3571
f 3571 3566 3567
f 3950 3576 3949
f 3949 3576 3587
f 3605 3602 3614
f 3614 3602 3612
f 3614 3612 3570
f 3570 3612 3566
f 3571 3567 3656
f 3656 3567 3654
f 3660 3658 3781
f 3781 3658 3657
f 3604 3607 3587
f 3587 3607 3949
f 3653 3659 3654
f 3654 3659 3656
f 3529 3540 3530
f 3530 3540 3740
f 3687 3811 3688
f 3688 3811 3664
f 3813 3725 3737
f 3737 3725 3724
f 3919 3815 461
f 461 3815 303
f 3818 3798 3819
f 3819 3798 3797
f 3819 3841 3820
f 3820 3841 3951
f 3816 3815 3738
f 3738 3815 3814
f 3540 3539 3533
f 3533 3539 3549
f 3548 3547 3544
f 3544 3547 3541
f 3539 3548 3549
f 3549 3548 3544
f 3741 3931 3860
f 3860 3931 3846
f 3801 3800 3835
f 3835 3800 3836
f 3934 3933 3824
f 3824 3933 3821
f 3825 3828 3546
f 3546 3828 3547
f 3833 3821 3925
f 3925 3821 3933
f 3800 3828 3836
f 3836 3828 3825
f 3824 3952 3934
f 3934 3952 440
f 3860 3846 3861
f 3861 3846 3845
f 3629 3946 3630
f 3630 3946 3864
f 3740 3536 3861
f 3861 3536 3858
f 3833 3801 3834
f 3834 3801 3835
f 3583 3599 3580
f 3580 3599 3585
f 3651 3563 3652
f 3652 3563 3562
f 3758 3909 3779
f 3779 3909 3780
f 3621 3617 3622
f 3622 3617 3704
f 3625 3947 3626
f 3626 3947 3753
f 3633 3632 3847
f 3847 3632 3862
f 3852 3850 3640
f 3640 3850 3641
f 3644 3853 3640
f 3640 3853 3852
f 3859 3742 3860
f 3860 3742 3741
f 3632 3627 3862
f 3862 3627 3844
f 3755 3863 3626
f 3626 3863 3623
f 3917 3638 3948
f 3948 3638 3637
f 3644 3643 3742
f 3742 3643 3743
f 3931 3633 3846
f 3846 3633 3847
f 3625 3624 3864
f 3864 3624 3777
f 3917 3641 3849
f 3849 3641 3850
f 3744 3932 3741
f 3741 3932 3931
f 3903 446 3918
f 3918 446 464
f 3953 3954 3956
f 3956 3954 3955
f 3958 3959 3957
f 3957 3959 3960
f 3876 3958 3877
f 3877 3958 3957
f 3877 3957 3961
f 3961 3957 3962
f 3963 3964 3958
f 3958 3964 3959
f 3965 3966 3876
f 3876 3966 3958
f 3966 3963 3958
f 3966 3967 3963
f 3963 3967 3968
f 3878 3877 3879
f 3879 3877 3961
f 3967 3969 3968
f 3968 3969 3970
f 3969 3971 3970
f 3970 3971 3972
f 3974 3904 3973
f 3973 3904 3907
f 3971 3975 3972
f 3972 3975 3976
f 3976 3975 3978
f 3978 3975 3977
f 3979 3980 3977
f 3977 3980 3978
f 3981 3982 3979
f 3979 3982 3980
f 3983 3984 3981
f 3981 3984 3982
f 3972 3985 3970
f 3970 3985 3986
f 3871 3987 3969
f 3969 3987 3971
f 3872 3871 3967
f 3967 3871 3969
f 3965 3872 3966
f 3966 3872 3967
f 3970 3986 3968
f 3968 3986 3988
f 3879 3961 3884
f 3884 3961 3940
f 3884 3940 3885
f 3885 3940 3939
f 3989 3990 3992
f 3992 3990 3991
f 3942 3993 3995
f 3995 3993 3994
f 3994 3996 3995
f 3995 3996 3974
f 3997 3998 3994
f 3994 3998 3996
f 3999 3997 3993
f 3993 3997 3994
f 4001 3996 4000
f 4000 3996 3998
f 4000 3998 4002
f 4002 3998 4003
f 4004 4003 3997
f 3997 4003 3998
f 3997 3999 4004
f 4004 3999 4005
f 4006 3995 3973
f 3973 3995 3974
f 3939 3942 4006
f 4006 3942 3995
f 3906 3887 3907
f 3907 3887 3886
f 3887 3906 3870
f 3870 3906 3867
f 3908 3973 3886
f 3886 3973 3907
f 3865 4007 3866
f 3866 4007 4008
f 3984 3983 4009
f 4009 3983 4010
f 3961 3962 3940
f 3940 3962 3941
f 4012 3868 4011
f 4011 3868 3867
f 4013 3975 3987
f 3987 3975 3971
f 4014 3977 4013
f 4013 3977 3975
f 4015 4010 4007
f 4007 4010 3983
f 4007 3983 4008
f 4008 3983 3981
f 4008 3981 4016
f 4016 3981 3979
f 4017 3984 4018
f 4018 3984 4009
f 3977 4014 3979
f 3979 4014 4016
f 3982 3984 4019
f 4019 3984 4017
f 4021 4022 4020
f 4020 4022 4023
f 4022 4012 4023
f 4023 4012 4011
f 4023 3904 4020
f 4020 3904 3974
f 4024 4025 4018
f 4018 4025 4017
f 4026 4027 4024
f 4024 4027 4025
f 4028 4026 4029
f 4029 4026 4024
f 4018 4021 4024
f 4024 4021 4029
f 4030 4031 4026
f 4026 4031 4027
f 4032 4030 4028
f 4028 4030 4026
f 4029 4001 4028
f 4028 4001 4000
f 4028 4000 4032
f 4032 4000 4002
f 4034 4035 4033
f 4033 4035 4036
f 4037 4038 4019
f 4019 4038 4039
f 4041 4039 4040
f 4040 4039 4038
f 4040 4038 4042
f 4042 4038 4036
f 4042 4036 4043
f 4043 4036 4035
f 3985 4044 4046
f 4046 4044 4045
f 4047 4048 4045
f 4045 4048 4046
f 4047 4049 4048
f 4048 4049 4050
f 4042 4047 4040
f 4040 4047 4045
f 4043 4049 4042
f 4042 4049 4047
f 4040 4045 4041
f 4041 4045 4044
f 4052 3959 4051
f 4051 3959 3964
f 4053 4054 4051
f 4051 4054 4055
f 3956 3960 4052
f 4052 3960 3959
f 3953 3956 4056
f 4056 3956 4052
f 4058 3953 4057
f 4057 3953 4056
f 4060 4061 4059
f 4059 4061 4062
f 4063 4064 4054
f 4054 4064 4057
f 4054 4053 4063
f 4063 4053 4065
f 4066 4067 4069
f 4069 4067 4068
f 4048 4050 4063
f 4063 4050 4064
f 4063 4065 4048
f 4048 4065 4046
f 3985 4046 3986
f 3986 4046 4065
f 3986 4065 3988
f 3988 4065 4053
f 3988 4053 3964
f 3964 4053 4051
f 3976 3978 4044
f 4044 3978 4041
f 3980 3982 4039
f 4039 3982 4019
f 4039 4041 3980
f 3980 4041 3978
f 3973 3908 4006
f 4006 3908 3896
f 3885 3939 3896
f 3896 3939 4006
f 4031 4034 4027
f 4027 4034 4033
f 4027 4033 4025
f 4025 4033 4037
f 4019 4017 4037
f 4037 4017 4025
f 3993 3942 4070
f 4070 3942 3941
f 3999 3993 4071
f 4071 3993 4070
f 3999 4071 4005
f 4005 4071 4072
f 4073 4074 4076
f 4076 4074 4075
f 4078 4079 4077
f 4077 4079 4080
f 4082 4080 4081
f 4081 4080 4079
f 4084 4085 4083
f 4083 4085 4086
f 4087 4088 4090
f 4090 4088 4089
f 4092 4093 4091
f 4091 4093 4094
f 4096 4097 4095
f 4095 4097 4098
f 4100 4101 4099
f 4099 4101 4102
f 4103 4104 4106
f 4106 4104 4105
f 4108 4109 4107
f 4107 4109 4110
f 4112 4113 4111
f 4111 4113 4114
f 4116 4117 4115
f 4115 4117 4118
f 4120 4121 4119
f 4119 4121 4122
f 4123 4124 4126
f 4126 4124 4125
f 4127 4128 4130
f 4130 4128 4129
f 4132 4133 4131
f 4131 4133 4134
f 4136 4108 4135
f 4135 4108 4107
f 4138 4139 4137
f 4137 4139 4140
f 4141 4142 4088
f 4088 4142 4089
f 4144 4145 4143
f 4143 4145 4146
f 4148 4149 4147
f 4147 4149 4150
f 4152 4153 4151
f 4151 4153 4154
f 4156 4082 4155
f 4155 4082 4081
f 4157 4158 4160
f 4160 4158 4159
f 4161 4162 4164
f 4164 4162 4163
f 4166 4122 4165
f 4165 4122 4121
f 4168 4152 4167
f 4167 4152 4151
f 4169 4170 4172
f 4172 4170 4171
f 4174 4175 4173
f 4173 4175 4176
f 4178 4149 4177
f 4177 4149 4179
f 4173 4176 4180
f 4180 4176 4181
f 4156 4085 4182
f 4182 4085 4183
f 4182 4184 4156
f 4156 4184 4082
f 4185 4186 4184
f 4184 4186 4187
f 4186 4188 4187
f 4187 4188 4189
f 4190 4191 4073
f 4073 4191 4074
f 4177 4179 4158
f 4158 4179 4159
f 4193 4127 4192
f 4192 4127 4130
f 4144 4194 4151
f 4151 4194 4167
f 4196 4197 4195
f 4195 4197 4198
f 4095 4199 4096
f 4096 4199 4200
f 4201 4202 4204
f 4204 4202 4203
f 4205 4206 4208
f 4208 4206 4207
f 4121 4120 4209
f 4209 4120 4210
f 4212 4213 4211
f 4211 4213 4214
f 4216 4217 4215
f 4215 4217 4218
f 4220 4221 4219
f 4219 4221 4222
f 4224 4196 4223
f 4223 4196 4195
f 4225 4226 4134
f 4134 4226 4131
f 4228 4229 4227
f 4227 4229 4230
f 4232 4233 4231
f 4231 4233 4098
f 4235 4236 4234
f 4234 4236 4237
f 4239 4240 4238
f 4238 4240 4241
f 4242 4243 4245
f 4245 4243 4244
f 4246 4247 4249
f 4249 4247 4248
f 4251 4252 4250
f 4250 4252 4253
f 4255 4256 4254
f 4254 4256 4257
f 4259 4260 4258
f 4258 4260 4261
f 4263 4264 4262
f 4262 4264 4265
f 4267 4268 4266
f 4266 4268 4269
f 4271 4199 4270
f 4270 4199 4272
f 4273 4274 4276
f 4276 4274 4275
f 4115 4118 4277
f 4277 4118 4278
f 4280 4281 4279
f 4279 4281 4282
f 4211 4283 4212
f 4212 4283 4284
f 4286 4287 4285
f 4285 4287 4288
f 4165 4121 4289
f 4289 4121 4209
f 4291 4286 4290
f 4290 4286 4285
f 4293 4294 4292
f 4292 4294 4295
f 4297 4298 4296
f 4296 4298 4299
f 4301 4302 4300
f 4300 4302 4303
f 4299 4304 4296
f 4296 4304 4305
f 4306 4292 4307
f 4307 4292 4295
f 4307 4308 4306
f 4306 4308 4309
f 4310 4309 4075
f 4075 4309 4308
f 4299 4298 4312
f 4312 4298 4311
f 4302 4301 4293
f 4293 4301 4294
f 3735 3921 4313
f 4313 3921 4314
f 4315 4314 3922
f 3922 4314 3921
f 4316 3945 829
f 829 3945 830
f 4289 4317 4165
f 4165 4317 4318
f 4320 4321 4319
f 4319 4321 4322
f 4324 4325 4323
f 4323 4325 4326
f 4327 4328 4330
f 4330 4328 4329
f 4290 4331 4291
f 4291 4331 4332
f 4165 4318 4166
f 4166 4318 4333
f 4334 4335 4337
f 4337 4335 4336
f 4339 4340 4338
f 4338 4340 4341
f 4168 4343 4342
f 4342 4343 4344
f 4346 4347 4345
f 4345 4347 4348
f 4350 4351 4349
f 4349 4351 4352
f 4354 4355 4353
f 4353 4355 4356
f 4357 4358 4324
f 4324 4358 4325
f 4337 4359 4334
f 4334 4359 4360
f 4362 4363 4361
f 4361 4363 4364
f 4366 4367 4365
f 4365 4367 4368
f 4369 4370 4372
f 4372 4370 4371
f 4331 4290 4374
f 4374 4290 4373
f 4373 4376 4375
f 4375 4376 4377
f 4379 4380 4378
f 4378 4380 4381
f 4217 4382 4218
f 4218 4382 4383
f 4385 4386 4384
f 4384 4386 4387
f 4388 4389 4338
f 4338 4389 4390
f 4337 4336 4392
f 4392 4336 4391
f 4394 4362 4393
f 4393 4362 4361
f 4396 4397 4395
f 4395 4397 4398
f 4400 4401 4399
f 4399 4401 4402
f 4345 4403 4346
f 4346 4403 4404
f 4405 4406 4342
f 4342 4406 4407
f 4409 4410 4408
f 4408 4410 4411
f 4408 4412 4409
f 4409 4412 4413
f 4181 4415 4414
f 4414 4415 4416
f 4182 4183 4417
f 4417 4183 4418
f 4419 4353 4311
f 4311 4353 4312
f 4421 4422 4420
f 4420 4422 4423
f 4353 4356 4312
f 4312 4356 4424
f 4166 4333 4425
f 4425 4333 4426
f 4425 4143 4166
f 4166 4143 4122
f 4427 4107 4428
f 4428 4107 4110
f 4429 4430 4174
f 4174 4430 4175
f 4335 4431 4336
f 4336 4431 4390
f 4336 4390 4391
f 4391 4390 4389
f 4432 4433 4435
f 4435 4433 4434
f 4437 4438 4436
f 4436 4438 4439
f 4441 4442 4440
f 4440 4442 4443
f 4359 4444 4361
f 4361 4444 4393
f 4446 4447 4445
f 4445 4447 4448
f 4338 4341 4388
f 4388 4341 4449
f 4450 4451 4398
f 4398 4451 4395
f 4453 4454 4452
f 4452 4454 4455
f 4457 4458 4456
f 4456 4458 4459
f 4460 4461 4448
f 4448 4461 4445
f 4463 4464 4462
f 4462 4464 4465
f 4462 4465 4466
f 4466 4465 4467
f 4468 4469 4467
f 4467 4469 4466
f 4469 4468 4470
f 4470 4468 4471
f 4472 4473 4471
f 4471 4473 4470
f 4475 4476 4474
f 4474 4476 4477
f 4479 4480 4478
f 4478 4480 4481
f 4483 4484 4482
f 4482 4484 4485
f 4487 4488 4486
f 4486 4488 4489
f 4491 4492 4490
f 4490 4492 4493
f 4494 4495 4493
f 4493 4495 4490
f 4496 4497 4494
f 4494 4497 4495
f 4497 4496 4498
f 4498 4496 4499
f 4500 4501 4503
f 4503 4501 4502
f 4505 4506 4504
f 4504 4506 4507
f 4466 4508 4462
f 4462 4508 4509
f 4470 4510 4469
f 4469 4510 4511
f 4513 4479 4512
f 4512 4479 4478
f 4515 4443 4514
f 4514 4443 4442
f 4516 4517 4519
f 4519 4517 4518
f 4521 4495 4520
f 4520 4495 4497
f 4522 4490 4521
f 4521 4490 4495
f 4491 4523 4488
f 4488 4523 4524
f 4525 4489 4524
f 4524 4489 4488
f 4484 4526 4485
f 4485 4526 4527
f 4503 4528 4500
f 4500 4528 4529
f 4530 4531 4533
f 4533 4531 4532
f 4535 4506 4534
f 4534 4506 4530
f 4486 4536 4487
f 4487 4536 4537
f 4487 4537 4492
f 4492 4537 4538
f 4494 4539 4496
f 4496 4539 4540
f 4542 4533 4541
f 4541 4533 4499
f 4544 4545 4543
f 4543 4545 4546
f 4548 4549 4547
f 4547 4549 4550
f 4536 4551 4537
f 4537 4551 4552
f 4537 4552 4538
f 4538 4552 4553
f 4554 4539 4556
f 4556 4539 4555
f 4557 4540 4554
f 4554 4540 4539
f 4559 4557 4558
f 4558 4557 4560
f 4540 4557 4541
f 4541 4557 4559
f 4562 4563 4561
f 4561 4563 4564
f 4546 4565 4543
f 4543 4565 4566
f 4547 4567 4548
f 4548 4567 4568
f 4570 4571 4569
f 4569 4571 4572
f 4574 4575 4573
f 4573 4575 4576
f 4578 4579 4577
f 4577 4579 4580
f 4582 4583 4581
f 4581 4583 4584
f 4585 4586 4588
f 4588 4586 4587
f 4589 4585 4590
f 4590 4585 4588
f 4592 4593 4591
f 4591 4593 4594
f 4596 4597 4595
f 4595 4597 4598
f 4600 4601 4599
f 4599 4601 4602
f 4563 4604 4603
f 4603 4604 4605
f 4603 4606 4608
f 4608 4606 4607
f 4609 4610 4594
f 4594 4610 4591
f 4611 4612 4614
f 4614 4612 4613
f 4616 4617 4615
f 4615 4617 4618
f 4602 4620 4619
f 4619 4620 4621
f 4619 4622 4602
f 4602 4622 4599
f 4605 4599 4623
f 4623 4599 4622
f 4605 4623 4603
f 4603 4623 4606
f 4625 4626 4624
f 4624 4626 4627
f 4438 4437 4628
f 4628 4437 4629
f 4442 4441 4630
f 4630 4441 4631
f 4630 4632 4442
f 4442 4632 4514
f 4633 4634 4529
f 4529 4634 4500
f 4500 4634 4501
f 4501 4634 4635
f 4637 4546 4636
f 4636 4546 4545
f 4639 4565 4638
f 4638 4565 4640
f 4573 4576 4641
f 4641 4576 4642
f 4593 4643 4594
f 4594 4643 4644
f 4645 4609 4644
f 4644 4609 4594
f 4647 4648 4646
f 4646 4648 4649
f 4651 4652 4650
f 4650 4652 4653
f 4654 4498 4519
f 4519 4498 4532
f 4520 4508 4521
f 4521 4508 4511
f 4522 4510 4523
f 4523 4510 4655
f 4524 4656 4525
f 4525 4656 4657
f 4514 4529 4515
f 4515 4529 4528
f 4658 4659 4661
f 4661 4659 4660
f 4496 4540 4499
f 4499 4540 4541
f 4493 4555 4494
f 4494 4555 4539
f 4549 4483 4550
f 4550 4483 4482
f 4545 4544 4501
f 4501 4544 4502
f 4636 4545 4635
f 4635 4545 4501
f 4589 4663 4662
f 4662 4663 4664
f 4662 4665 4558
f 4558 4665 4559
f 4569 4586 4570
f 4570 4586 4560
f 4552 4666 4553
f 4553 4666 4667
f 4668 4669 4670
f 4670 4669 4666
f 4672 4673 4671
f 4671 4673 4674
f 4287 4675 4288
f 4288 4675 4676
f 4678 4679 4677
f 4677 4679 4680
f 4681 4678 4682
f 4682 4678 4677
f 4682 4683 4681
f 4681 4683 4684
f 4161 4164 4685
f 4685 4164 4686
f 4414 4687 4689
f 4689 4687 4688
f 4405 4690 4346
f 4346 4690 4347
f 4691 4399 4693
f 4693 4399 4692
f 1209 4694 4365
f 4365 4694 4366
f 4650 1211 4651
f 4651 1211 1210
f 4695 4696 4255
f 4255 4696 4256
f 4697 4698 4218
f 4218 4698 4215
f 4700 4701 4699
f 4699 4701 4702
f 4703 4704 4303
f 4303 4704 4300
f 4315 3922 4316
f 4316 3922 3945
f 4653 4706 4705
f 4705 4706 4707
f 4709 4710 4708
f 4708 4710 4711
f 4335 4334 4713
f 4713 4334 4712
f 4714 4340 4321
f 4321 4340 4322
f 4716 4717 4715
f 4715 4717 4718
f 4238 4241 4719
f 4719 4241 4720
f 4231 4721 4307
f 4307 4721 4308
f 4723 4724 4722
f 4722 4724 4725
f 4727 4728 4726
f 4726 4728 4729
f 4730 4731 4327
f 4327 4731 4328
f 4733 4734 4732
f 4732 4734 4735
f 4720 4381 4736
f 4736 4381 4737
f 4738 4739 4741
f 4741 4739 4740
f 4743 4744 4742
f 4742 4744 4745
f 4338 4390 4339
f 4339 4390 4431
f 4746 4747 4431
f 4431 4747 4339
f 4291 4332 4289
f 4289 4332 4317
f 4289 4209 4291
f 4291 4209 4286
f 4287 4286 4210
f 4210 4286 4209
f 4749 4750 4748
f 4748 4750 4751
f 4212 4284 4752
f 4752 4284 4753
f 4752 4754 4212
f 4212 4754 4213
f 4252 4251 4225
f 4225 4251 4226
f 4227 4230 4248
f 4248 4230 4249
f 4205 4755 4757
f 4757 4755 4756
f 4708 4711 4758
f 4758 4711 4647
f 4367 4366 4759
f 4759 4366 4760
f 4526 4513 4527
f 4527 4513 4512
f 4420 4423 4385
f 4385 4423 4386
f 4705 4761 4653
f 4653 4761 4650
f 4761 1279 4650
f 4650 1279 1211
f 4762 4763 3944
f 3944 4763 3936
f 4274 4273 4765
f 4765 4273 4764
f 4767 4768 4766
f 4766 4768 4769
f 4770 4771 4769
f 4769 4771 4766
f 4771 4770 4242
f 4242 4770 4243
f 4093 4163 4094
f 4094 4163 4162
f 4772 4773 4775
f 4775 4773 4774
f 4777 4778 4776
f 4776 4778 4779
f 4417 4185 4182
f 4182 4185 4184
f 4780 4078 4781
f 4781 4078 4077
f 4781 4077 4782
f 4782 4077 4189
f 4188 4783 4189
f 4189 4783 4782
f 4295 4232 4307
f 4307 4232 4231
f 4785 4786 4784
f 4784 4786 4787
f 4784 1307 4785
f 4785 1307 1306
f 4078 4780 4096
f 4096 4780 4097
f 4075 4074 4310
f 4310 4074 4788
f 4788 4074 4789
f 4789 4074 4191
f 4789 4191 4059
f 4059 4191 4790
f 4791 4277 4792
f 4792 4277 4278
f 3732 3735 4793
f 4793 3735 4313
f 4793 4794 3732
f 3732 4794 3731
f 4792 4795 4791
f 4791 4795 4796
f 4797 4798 4799
f 4799 4798 4724
f 4763 4800 3936
f 3936 4800 3935
f 4801 4062 3729
f 3729 4062 3730
f 4713 4712 4802
f 4802 4712 4803
f 4146 4804 4119
f 4119 4804 4805
f 4498 4654 4497
f 4497 4654 4520
f 4806 4807 1326
f 1326 4807 1327
f 4689 4688 1330
f 1330 4688 1331
f 4801 4789 4062
f 4062 4789 4059
f 3730 4062 4808
f 4808 4062 4061
f 4810 4811 4809
f 4809 4811 4812
f 4813 4403 4814
f 4814 4403 4345
f 4815 4816 4349
f 4349 4816 4350
f 4817 4818 4820
f 4820 4818 4819
f 4406 4821 4407
f 4407 4821 4822
f 4823 4161 4824
f 4824 4161 4685
f 4181 4414 4825
f 4825 4414 4689
f 4741 4740 4826
f 4826 4740 4827
f 4828 4829 4827
f 4827 4829 4826
f 4142 4141 4415
f 4415 4141 4148
f 4830 1354 4761
f 4761 1354 1279
f 4832 4833 4831
f 4831 4833 4834
f 4835 4836 4626
f 4626 4836 4421
f 4451 4709 4395
f 4395 4709 4708
f 4627 4420 4837
f 4837 4420 4385
f 4837 1365 4838
f 4838 1365 1364
f 4397 4396 4839
f 4839 4396 4840
f 4842 4628 4841
f 4841 4628 4629
f 4671 4674 4631
f 4631 4674 4630
f 4674 4659 4630
f 4630 4659 4632
f 4633 4632 4658
f 4658 4632 4659
f 4658 4504 4633
f 4633 4504 4634
f 4635 4634 4507
f 4507 4634 4504
f 4843 4636 4507
f 4507 4636 4635
f 4844 4637 4843
f 4843 4637 4636
f 4637 4844 4640
f 4640 4844 4664
f 4638 4663 4642
f 4642 4663 4845
f 4847 4643 4846
f 4846 4643 4641
f 4644 4848 4645
f 4645 4848 4849
f 4851 4852 4850
f 4850 4852 4853
f 4855 4856 4854
f 4854 4856 4857
f 4859 4860 4858
f 4858 4860 4857
f 4715 4718 4859
f 4859 4718 4860
f 4862 4863 4861
f 4861 4863 4864
f 4866 4867 4865
f 4865 4867 4868
f 4870 4871 4869
f 4869 4871 4872
f 4869 4872 4116
f 4116 4872 4117
f 4820 4819 4874
f 4874 4819 4873
f 4876 4877 4875
f 4875 4877 4878
f 4880 4881 4879
f 4879 4881 4882
f 4884 4885 4883
f 4883 4885 4886
f 4887 4888 4280
f 4280 4888 4281
f 4818 4817 4889
f 4889 4817 4890
f 4891 4193 4823
f 4823 4193 4192
f 4892 4893 4228
f 4228 4893 4229
f 4158 4157 4894
f 4894 4157 4895
f 4896 4897 4132
f 4132 4897 4133
f 4099 4683 4100
f 4100 4683 4682
f 4101 4100 4899
f 4899 4100 4898
f 4150 4106 4147
f 4147 4106 4900
f 4100 4682 4898
f 4898 4682 4677
f 4080 4082 4187
f 4187 4082 4184
f 4077 4080 4189
f 4189 4080 4187
f 4191 4190 4790
f 4790 4190 4901
f 4177 4158 4680
f 4680 4158 4894
f 4108 4136 4752
f 4752 4136 4754
f 4752 4753 4108
f 4108 4753 4109
f 4817 4902 4890
f 4890 4902 4903
f 4904 4905 4907
f 4907 4905 4906
f 4909 4910 4908
f 4908 4910 4911
f 4913 4914 4912
f 4912 4914 4915
f 4916 4917 4919
f 4919 4917 4918
f 4312 4424 4299
f 4299 4424 4304
f 4920 4921 4297
f 4297 4921 4298
f 4194 4922 4167
f 4167 4922 4923
f 4924 4400 4691
f 4691 4400 4399
f 4395 4708 4396
f 4396 4708 4758
f 4367 4925 4368
f 4368 4925 4926
f 4919 4918 4873
f 4873 4918 4874
f 4836 4927 4421
f 4421 4927 4422
f 4921 4928 4298
f 4298 4928 4311
f 4143 4146 4122
f 4122 4146 4119
f 4929 4930 4455
f 4455 4930 4452
f 4932 4933 4931
f 4931 4933 4934
f 4935 4936 4932
f 4932 4936 4933
f 4461 4460 4457
f 4457 4460 4458
f 4480 4479 4475
f 4475 4479 4476
f 4660 4673 4517
f 4517 4673 4937
f 4661 4505 4658
f 4658 4505 4504
f 4484 4483 4489
f 4489 4483 4486
f 4462 4509 4463
f 4463 4509 4518
f 4469 4511 4466
f 4466 4511 4508
f 4655 4473 4656
f 4656 4473 4477
f 4476 4657 4477
f 4477 4657 4656
f 4479 4513 4476
f 4476 4513 4657
f 4489 4525 4484
f 4484 4525 4526
f 4483 4549 4486
f 4486 4549 4536
f 4549 4548 4536
f 4536 4548 4551
f 4548 4568 4551
f 4551 4568 4670
f 4663 4589 4845
f 4845 4589 4590
f 4668 4577 4938
f 4938 4577 4580
f 4940 4938 4939
f 4939 4938 4941
f 4940 4942 4669
f 4669 4942 4943
f 4587 4582 4944
f 4944 4582 4581
f 4848 4847 4608
f 4608 4847 4564
f 4616 4945 4613
f 4613 4945 4598
f 4615 4946 4616
f 4616 4946 4945
f 4947 4939 4948
f 4948 4939 4946
f 4599 4605 4600
f 4600 4605 4604
f 4608 4607 4848
f 4848 4607 4849
f 4613 4612 4616
f 4616 4612 4617
f 4835 4949 4709
f 4709 4949 4710
f 4357 1477 4837
f 4837 1477 1365
f 4712 4950 4803
f 4803 4950 4951
f 4401 4952 4402
f 4402 4952 4953
f 4759 4760 4402
f 4402 4760 4399
f 4508 4520 4509
f 4509 4520 4654
f 4510 4522 4511
f 4511 4522 4521
f 4513 4526 4657
f 4657 4526 4525
f 4632 4633 4514
f 4514 4633 4529
f 4931 4934 4453
f 4453 4934 4454
f 4153 4954 4154
f 4154 4954 4955
f 4957 4958 4956
f 4956 4958 4959
f 4961 4962 4960
f 4960 4962 4963
f 4120 4964 4210
f 4210 4964 4965
f 4967 4968 4966
f 4966 4968 4969
f 4349 4692 4815
f 4815 4692 4970
f 4652 4971 4653
f 4653 4971 4706
f 4758 4647 4972
f 4972 4647 4646
f 4973 4363 4646
f 4646 4363 4972
f 4950 4360 4974
f 4974 4360 4364
f 4431 4335 4746
f 4746 4335 4713
f 4358 4714 4325
f 4325 4714 4321
f 4765 4764 4266
f 4266 4764 4975
f 4202 4976 4203
f 4203 4976 4977
f 4917 4978 4918
f 4918 4978 4979
f 4279 4282 4854
f 4854 4282 4269
f 4820 4880 4817
f 4817 4880 4902
f 4890 4903 4980
f 4980 4903 4886
f 4982 4983 4981
f 4981 4983 4123
f 4795 4851 4796
f 4796 4851 4850
f 4918 4979 4874
f 4874 4979 4881
f 4809 4404 4810
f 4810 4404 4403
f 4354 4985 4984
f 4984 4985 4986
f 1364 1516 4838
f 4838 1516 4987
f 4759 4988 4367
f 4367 4988 4925
f 4989 4990 4481
f 4481 4990 4478
f 4443 4515 4990
f 4990 4515 4991
f 4527 4512 4992
f 4992 4512 4991
f 4528 4503 4992
f 4992 4503 4993
f 4993 4994 4485
f 4485 4994 4482
f 4544 4995 4502
f 4502 4995 4994
f 4995 4996 4550
f 4550 4996 4547
f 4998 4999 4997
f 4997 4999 4566
f 4998 5000 4578
f 4578 5000 4579
f 5001 5002 4596
f 4596 5002 4597
f 5003 4591 5004
f 5004 4591 4610
f 4626 4421 4627
f 4627 4421 4420
f 4837 4838 4627
f 4627 4838 4624
f 4761 4705 4830
f 4830 4705 5005
f 4705 4707 5005
f 5005 4707 5006
f 4308 4721 4075
f 4075 4721 4076
f 5007 4200 4797
f 4797 4200 4798
f 4685 4686 5008
f 5008 4686 5009
f 4889 4890 5010
f 5010 4890 4980
f 4323 1541 4324
f 4324 1541 1540
f 4385 4384 4358
f 4358 4384 4714
f 4396 4758 4840
f 4840 4758 4972
f 4866 4852 5011
f 5011 4852 5012
f 5013 4260 4980
f 4980 4260 5010
f 4875 4878 5014
f 5014 4878 5015
f 5017 5018 5016
f 5016 5018 5019
f 5016 5019 5020
f 5020 5019 5021
f 5023 5024 5022
f 5022 5024 5025
f 5027 5028 5026
f 5026 5028 5029
f 5031 5032 5030
f 5030 5032 5033
f 5035 5036 5034
f 5034 5036 5037
f 5039 5040 5038
f 5038 5040 5041
f 5043 5044 5042
f 5042 5044 5045
f 5038 5046 5039
f 5039 5046 5047
f 5049 5050 5048
f 5048 5050 5051
f 5053 5054 5052
f 5052 5054 5055
f 5057 5024 5056
f 5056 5024 5058
f 5060 5061 5059
f 5059 5061 5062
f 5064 5065 5063
f 5063 5065 5066
f 5043 5050 5064
f 5064 5050 5065
f 5038 5041 5067
f 5067 5041 5068
f 5070 5071 5069
f 5069 5071 5072
f 5074 5075 5073
f 5073 5075 5076
f 5034 5077 5035
f 5035 5077 5078
f 5080 5081 5079
f 5079 5081 5082
f 5084 5085 5083
f 5083 5085 5086
f 5085 5084 5087
f 5087 5084 5088
f 5090 5091 5089
f 5089 5091 5092
f 5094 5095 5093
f 5093 5095 5096
f 5098 5099 5097
f 5097 5099 5100
f 5102 5103 5101
f 5101 5103 5104
f 5105 5106 5108
f 5108 5106 5107
f 5110 5111 5109
f 5109 5111 5112
f 5114 5094 5113
f 5113 5094 5093
f 5116 5117 5115
f 5115 5117 5118
f 5120 5121 5119
f 5119 5121 5122
f 5124 5125 5123
f 5123 5125 5126
f 5128 5129 5127
f 5127 5129 5130
f 5097 5131 5098
f 5098 5131 5132
f 5134 5135 5133
f 5133 5135 5122
f 5084 5125 5088
f 5088 5125 5136
f 5138 5139 5137
f 5137 5139 5140
f 5142 5102 5141
f 5141 5102 5101
f 5106 5143 5107
f 5107 5143 5144
f 5146 5147 5145
f 5145 5147 5148
f 5149 5150 5109
f 5109 5150 5110
f 5151 5110 5152
f 5152 5110 5150
f 4715 5140 4716
f 4716 5140 5139
f 5143 4870 5144
f 5144 4870 4869
f 4115 5146 4116
f 4116 5146 5145
f 4791 4796 5149
f 5149 4796 5150
f 4796 4850 5150
f 5150 4850 5152
f 4858 5142 4859
f 4859 5142 5141
f 5153 5154 5115
f 5115 5154 5105
f 5156 5157 5155
f 5155 5157 5158
f 5159 5160 5053
f 5053 5160 5054
f 5161 5162 5020
f 5020 5162 5068
f 5026 5029 5163
f 5163 5029 5021
f 5083 5086 5164
f 5164 5086 5165
f 5090 5167 5166
f 5166 5167 5168
f 5169 5170 5172
f 5172 5170 5171
f 5174 5175 5173
f 5173 5175 5176
f 5177 5109 5178
f 5178 5109 5112
f 5179 5180 5182
f 5182 5180 5181
f 5123 5126 5120
f 5120 5126 5121
f 5180 5167 5181
f 5181 5167 5183
f 5184 5185 5179
f 5179 5185 5180
f 5186 5149 5177
f 5177 5149 5109
f 4868 5184 4865
f 4865 5184 5179
f 5188 5189 5187
f 5187 5189 5190
f 4277 4791 5186
f 5186 4791 5149
f 5179 5182 4865
f 4865 5182 4853
f 5189 4862 5190
f 5190 4862 4861
f 5156 5075 5191
f 5191 5075 5192
f 5036 5035 5193
f 5193 5035 5194
f 5115 5118 5153
f 5153 5118 5195
f 5022 5025 5196
f 5196 5025 5197
f 5155 5158 5069
f 5069 5158 5062
f 5063 5066 5198
f 5198 5066 5199
f 5073 5076 5200
f 5200 5076 5072
f 5202 5131 5201
f 5201 5131 5203
f 5143 5106 5204
f 5204 5106 5205
f 5114 5113 5206
f 5206 5113 5127
f 5098 5132 5193
f 5193 5132 5195
f 5204 5207 5143
f 5143 5207 4870
f 5088 5136 5208
f 5208 5136 5092
f 5209 5210 5089
f 5089 5210 5183
f 5211 5018 5060
f 5060 5018 5061
f 5017 5040 5070
f 5070 5040 5071
f 5191 5160 5156
f 5156 5160 5157
f 5048 5028 5049
f 5049 5028 5058
f 5207 5204 4858
f 4858 5204 5142
f 4859 5141 4715
f 4715 5141 5140
f 5212 5162 5042
f 5042 5162 5051
f 5182 5152 4853
f 4853 5152 4850
f 5214 5134 5213
f 5213 5134 5133
f 5164 5165 5133
f 5133 5165 5213
f 5215 5216 5201
f 5201 5216 5217
f 5147 5218 5148
f 5148 5218 5219
f 5147 5177 5218
f 5218 5177 5178
f 5141 5101 5140
f 5140 5101 5137
f 5201 5217 5202
f 5202 5217 5104
f 5146 5186 5147
f 5147 5186 5177
f 4277 5186 4115
f 4115 5186 5146
f 5191 5192 5031
f 5031 5192 5032
f 5052 5055 5220
f 5220 5055 5197
f 4116 5145 4869
f 4869 5145 5144
f 5034 5037 5214
f 5214 5037 5134
f 5097 5100 5114
f 5114 5100 5094
f 5108 5107 5219
f 5219 5107 5148
f 5221 5135 5116
f 5116 5135 5117
f 5124 5111 5209
f 5209 5111 5210
f 5107 5144 5148
f 5148 5144 5145
f 5152 5182 5151
f 5151 5182 5181
f 5208 5222 5088
f 5088 5222 5087
f 5222 5208 5171
f 5171 5208 5172
f 5223 1756 4698
f 4698 1756 1755
f 4427 5224 4107
f 4107 5224 4135
f 4178 4679 5225
f 5225 4679 5226
f 5227 5228 4892
f 4892 5228 4893
f 5229 5230 4171
f 4171 5230 4172
f 4855 4268 4884
f 4884 4268 4885
f 4884 4871 4855
f 4855 4871 4856
f 4684 5231 4896
f 4896 5231 4897
f 4768 4767 5009
f 5009 4767 5008
f 5205 5154 5102
f 5102 5154 5103
f 5099 5098 5194
f 5194 5098 5193
f 5198 5199 5079
f 5079 5199 5033
f 5102 5142 5205
f 5205 5142 5204
f 5224 4427 4681
f 4681 4427 4678
f 3712 3711 5232
f 5232 3711 5233
f 3968 3988 3963
f 3963 3988 3964
f 3976 4044 3972
f 3972 4044 3985
f 4038 4037 4036
f 4036 4037 4033
f 4794 4762 3731
f 3731 4762 3944
f 3731 3944 3722
f 3722 3944 3810
f 3874 5234 5232
f 5232 5234 3712
f 3906 3905 3867
f 3867 3905 4011
f 3904 4023 3905
f 3905 4023 4011
f 3719 3722 3811
f 3811 3722 3810
f 3812 3719 3687
f 3687 3719 3811
f 3716 3812 3686
f 3686 3812 3687
f 3713 3716 3685
f 3685 3716 3686
f 4810 4403 5235
f 5235 4403 4813
f 4345 1770 4814
f 4814 1770 1769
f 4067 4066 4058
f 4058 4066 5236
f 4043 4068 4049
f 4049 4068 4050
f 4034 5237 3989
f 3989 5237 3990
f 4031 4030 4072
f 4072 4030 4005
f 4003 4004 4002
f 4002 4004 4032
f 4004 4005 4032
f 4032 4005 4030
f 4067 4064 4068
f 4068 4064 4050
f 4058 4057 4067
f 4067 4057 4064
f 4035 4034 5238
f 5238 4034 3989
f 5236 5239 4058
f 4058 5239 5240
f 5234 3874 5241
f 5241 3874 3873
f 5241 3873 3881
f 3881 3873 3878
f 4800 4763 4788
f 4788 4763 4310
f 4763 4762 4310
f 4310 4762 4309
f 4762 4794 4309
f 4309 4794 4306
f 4794 4793 4306
f 4306 4793 4292
f 4293 4313 4302
f 4302 4313 4314
f 4302 4314 4303
f 4303 4314 4315
f 4303 4315 4703
f 4703 4315 4316
f 4035 4069 4043
f 4043 4069 4068
f 4324 1540 4357
f 4357 1540 1477
f 5232 3987 3874
f 3874 3987 3871
f 3987 5232 4013
f 4013 5232 5233
f 4013 5233 4014
f 4014 5233 5242
f 3888 4015 3865
f 3865 4015 4007
f 3866 4008 5243
f 5243 4008 4016
f 3873 5244 3878
f 3878 5244 3875
f 3965 5244 3872
f 3872 5244 3873
f 3876 3875 3965
f 3965 3875 5244
f 5243 4016 5242
f 5242 4016 4014
f 5246 5247 5245
f 5245 5247 5248
f 3576 3950 3577
f 3577 3950 3926
f 3584 3842 3585
f 3585 3842 3580
f 5249 5247 1784
f 1784 5247 1785
f 5250 5251 5253
f 5253 5251 5252
f 5255 5252 5254
f 5254 5252 5256
f 5254 5256 5258
f 5258 5256 5257
f 5258 5257 5260
f 5260 5257 5259
f 4356 5261 4424
f 4424 5261 5259
f 4355 5262 4356
f 4356 5262 5261
f 4924 5264 5263
f 5263 5264 5265
f 4693 5266 4691
f 4691 5266 5267
f 4351 5268 4352
f 4352 5268 5269
f 1808 1807 4351
f 4351 1807 5268
f 3580 3842 3581
f 3799 3802 3838
f 4800 4788 4801
f 4801 4788 4789
f 3729 3935 4801
f 4801 3935 4800
f 3728 3666 3729
f 3729 3666 3935
f 3728 3798 3666
f 3666 3798 3663
f 3798 3818 3663
f 3663 3818 3809
f 3818 3817 3809
f 3809 3817 3808
f 3796 3655 3817
f 3817 3655 3808
f 3615 3568 3796
f 3796 3568 3655
f 3573 3569 3615
f 3615 3569 3568
f 3572 3613 3573
f 3573 3613 3569
f 3792 3606 3572
f 3572 3606 3613
f 3607 3791 3949
f 3949 3791 3591
f 3590 3950 3591
f 3591 3950 3949
f 3805 3926 3590
f 3590 3926 3950
f 3804 3559 3805
f 3805 3559 3926
f 3804 3914 3559
f 3559 3914 3560
f 3924 3789 3913
f 3913 3789 3788
f 3924 3928 3789
f 3789 3928 3826
f 3928 3927 3826
f 3826 3927 3827
f 3927 3834 3827
f 3827 3834 3835
f 4079 4078 5270
f 5270 4078 5007
f 5271 5272 4233
f 4233 5272 5273
f 5275 5276 5274
f 5274 5276 5277
f 5278 5279 4236
f 4236 5279 4237
f 5278 5280 5271
f 5271 5280 5272
f 4235 5281 4236
f 4236 5281 5282
f 5284 5285 5283
f 5283 5285 5286
f 5288 5289 5287
f 5287 5289 5290
f 5292 5293 5291
f 5291 5293 5294
f 5287 5290 4726
f 4726 5290 5295
f 4293 4292 4313
f 4313 4292 4793
f 4720 4736 4719
f 4719 4736 5296
f 5297 4909 5298
f 5298 4909 4908
f 5299 5300 4976
f 4976 5300 5301
f 5302 4202 5303
f 5303 4202 4201
f 5304 5305 4983
f 4983 5305 5306
f 5308 5309 5307
f 5307 5309 5310
f 4722 4725 5283
f 5283 4725 5311
f 5291 5294 4125
f 4125 5294 4126
f 5313 5314 5312
f 5312 5314 5315
f 5316 5317 5319
f 5319 5317 5318
f 5321 5308 5320
f 5320 5308 5307
f 4819 4981 4873
f 4873 4981 5322
f 4981 4123 5322
f 5322 4123 4126
f 5324 5325 5323
f 5323 5325 5326
f 4764 5327 4975
f 4975 5327 5328
f 4172 5327 4169
f 4169 5327 5329
f 4768 4171 4769
f 4769 4171 4170
f 4243 4755 4244
f 4244 4755 5330
f 4755 4205 5330
f 5330 4205 4208
f 4206 4906 4207
f 4207 4906 4905
f 4686 5014 5009
f 5009 5014 5229
f 4756 4770 4170
f 4170 4770 4769
f 4170 4169 4756
f 4756 4169 4757
f 4273 5329 4764
f 4764 5329 5327
f 4276 5331 4273
f 4273 5331 5329
f 4770 4756 4243
f 4243 4756 4755
f 5333 4889 5332
f 5332 4889 5010
f 4877 5332 4878
f 4878 5332 4259
f 4875 4164 4876
f 4876 4164 4163
f 5334 5335 5324
f 5324 5335 5325
f 4983 5306 4123
f 4123 5306 4124
f 4818 4982 4819
f 4819 4982 4981
f 5332 5010 4259
f 4259 5010 4260
f 5014 4686 4875
f 4875 4686 4164
f 4171 4768 5229
f 5229 4768 5009
f 5337 4916 5336
f 5336 4916 4919
f 5293 5337 5294
f 5294 5337 5336
f 4982 4818 5333
f 5333 4818 4889
f 5338 5339 4262
f 4262 5339 5340
f 5307 5310 5338
f 5338 5310 5339
f 5341 5342 4204
f 4204 5342 5309
f 5336 4919 5322
f 5322 4919 4873
f 5294 5336 4126
f 4126 5336 5322
f 5323 5326 5343
f 5343 5326 5286
f 4914 5344 4915
f 4915 5344 5345
f 5312 5315 5344
f 5344 5315 5345
f 5347 5348 5346
f 5346 5348 5349
f 5350 5351 4832
f 4832 5351 4833
f 5352 5353 5349
f 5349 5353 5346
f 5354 5338 4265
f 4265 5338 4262
f 5320 5307 5354
f 5354 5307 5338
f 4201 5308 5303
f 5303 5308 5321
f 5356 5357 5355
f 5355 5357 4799
f 5358 5359 5334
f 5334 5359 5335
f 5358 5360 4093
f 4093 5360 4163
f 5360 5305 4163
f 4163 5305 4876
f 5305 5304 4876
f 4876 5304 4877
f 5270 4778 4079
f 4079 4778 4081
f 4779 5361 4774
f 4774 5361 5357
f 5356 5359 4775
f 4775 5359 4092
f 5333 5304 4982
f 4982 5304 4983
f 5332 4877 5333
f 5333 4877 5304
f 5015 4258 5230
f 5230 4258 5328
f 5327 4172 5328
f 5328 4172 5230
f 4169 5329 4757
f 4757 5329 5331
f 4757 5331 4205
f 4205 5331 4206
f 5331 4276 4206
f 4206 4276 4906
f 4276 4275 4906
f 4906 4275 4907
f 4275 4888 4907
f 4907 4888 4744
f 4887 4717 4745
f 4745 4717 4864
f 4716 5139 4861
f 4861 5139 5190
f 5139 5138 5190
f 5190 5138 5187
f 5138 5216 5187
f 5187 5216 5176
f 5215 5362 5173
f 5173 5362 5130
f 5364 5365 5363
f 5363 5365 5340
f 4742 4863 5366
f 5366 4863 4867
f 4862 5189 4868
f 4868 5189 5184
f 5189 5188 5184
f 5184 5188 5185
f 5188 5175 5185
f 5185 5175 5168
f 3560 3788 3561
f 3561 3788 3790
f 3596 3595 3608
f 3608 3595 3594
f 3598 3582 3595
f 3595 3582 3592
f 3600 3609 3601
f 3601 3609 3611
f 3602 3601 3612
f 3612 3601 3611
f 3606 3605 3613
f 3613 3605 3614
f 3793 5367 3794
f 3794 5367 5368
f 3598 3597 3600
f 3600 3597 3609
f 3793 3792 3575
f 3575 3792 3572
f 3561 3594 3558
f 3558 3594 3593
f 3807 3915 3804
f 3804 3915 3914
f 3916 3915 5370
f 5370 3915 5369
f 3602 3605 3603
f 3603 3605 3604
f 3606 3792 3607
f 3607 3792 3791
f 3914 3913 3560
f 3560 3913 3788
f 5174 5129 5166
f 5166 5129 5371
f 5170 5169 5093
f 5093 5169 5113
f 5166 5371 5090
f 5090 5371 5091
f 5128 5169 5372
f 5372 5169 5172
f 5127 5113 5128
f 5128 5113 5169
f 5114 5206 5203
f 5203 5206 5362
f 5200 5373 5073
f 5073 5373 5096
f 5374 5375 5200
f 5200 5375 5373
f 5039 5047 5374
f 5374 5047 5375
f 5087 5046 5085
f 5085 5046 5376
f 5212 5377 5067
f 5067 5377 5376
f 5042 5045 5212
f 5212 5045 5377
f 5064 5378 5043
f 5043 5378 5044
f 5063 5077 5064
f 5064 5077 5378
f 5079 5082 5198
f 5198 5082 5078
f 5099 5081 5100
f 5100 5081 5379
f 5100 5379 5094
f 5094 5379 5095
f 5381 5382 5380
f 5380 5382 5383
f 5385 5386 5384
f 5384 5386 5383
f 5385 5387 5386
f 5386 5387 5388
f 5390 5391 5389
f 5389 5391 5392
f 5393 5394 5396
f 5396 5394 5395
f 5398 5399 5397
f 5397 5399 5400
f 5402 5403 5401
f 5401 5403 5404
f 5406 5407 5405
f 5405 5407 5404
f 5408 5409 5163
f 5163 5409 5410
f 5411 5412 5414
f 5414 5412 5413
f 5057 5416 5415
f 5415 5416 5417
f 5393 5416 5418
f 5418 5416 5419
f 5396 5395 5420
f 5420 5395 5421
f 5423 5424 5422
f 5422 5424 5425
f 5415 5417 5220
f 5220 5417 5426
f 5418 5391 5393
f 5393 5391 5394
f 5414 5388 5411
f 5411 5388 5392
f 5059 5427 5060
f 5060 5427 5428
f 5423 5427 5429
f 5429 5427 5430
f 5432 5382 5431
f 5431 5382 5425
f 5429 5407 5423
f 5423 5407 5424
f 5380 5409 5381
f 5381 5409 5433
f 5381 5433 5422
f 5422 5433 5428
f 5027 5412 5056
f 5056 5412 5419
f 5435 5436 5434
f 5434 5436 5437
f 5159 5439 5438
f 5438 5439 5440
f 5053 5436 5159
f 5159 5436 5439
f 5441 5403 5398
f 5398 5403 5399
f 5163 5410 5026
f 5026 5410 5413
f 5438 5440 5442
f 5442 5440 5430
f 5444 5445 5443
f 5443 5445 5446
f 5447 5448 5450
f 5450 5448 5449
f 5451 5446 5452
f 5452 5446 5445
f 5454 5455 5453
f 5453 5455 5451
f 5456 5454 5458
f 5458 5454 5457
f 5460 5461 5459
f 5459 5461 5462
f 5464 5465 5463
f 5463 5465 5466
f 5468 5469 5467
f 5467 5469 5470
f 5472 5473 5471
f 5471 5473 5474
f 5475 5476 5478
f 5478 5476 5477
f 5479 5480 5482
f 5482 5480 5481
f 5483 5484 5448
f 5448 5484 5485
f 5448 5485 5449
f 5449 5485 5486
f 5487 5476 5488
f 5488 5476 5475
f 5490 5491 5489
f 5489 5491 5492
f 5494 5495 5493
f 5493 5495 5496
f 5498 5494 5497
f 5497 5494 5493
f 5500 5501 5499
f 5499 5501 5502
f 5503 5504 5446
f 5446 5504 5443
f 5506 5507 5505
f 5505 5507 5508
f 5510 5511 5509
f 5509 5511 5512
f 5514 5515 5513
f 5513 5515 5516
f 5518 5519 5517
f 5517 5519 5520
f 5495 5521 5496
f 5496 5521 5522
f 5524 5525 5523
f 5523 5525 5526
f 5527 5528 5494
f 5494 5528 5495
f 5499 5502 5529
f 5529 5502 5530
f 5531 5532 5485
f 5485 5532 5486
f 5485 5484 5531
f 5531 5484 5533
f 5482 5481 5534
f 5534 5481 5535
f 5536 5512 5506
f 5506 5512 5511
f 5455 5503 5451
f 5451 5503 5446
f 5467 5470 5511
f 5511 5470 5537
f 5538 5467 5510
f 5510 5467 5511
f 5540 5541 5539
f 5539 5541 5542
f 5543 5544 5546
f 5546 5544 5545
f 5548 5472 5547
f 5547 5472 5471
f 5493 5496 5549
f 5549 5496 5550
f 5496 5522 5550
f 5550 5522 5551
f 5553 5554 5552
f 5552 5554 5555
f 5557 5447 5556
f 5556 5447 5558
f 5557 5483 5447
f 5447 5483 5448
f 5478 5477 5553
f 5553 5477 5559
f 5477 5560 5559
f 5559 5560 5561
f 5476 5562 5477
f 5477 5562 5560
f 5476 5487 5562
f 5562 5487 5563
f 5560 5564 5561
f 5561 5564 5565
f 5564 5560 5566
f 5566 5560 5562
f 5563 5567 5562
f 5562 5567 5566
f 5569 5521 5568
f 5568 5521 5570
f 5481 5572 5571
f 5571 5572 5573
f 5574 5535 5571
f 5571 5535 5481
f 5576 5577 5575
f 5575 5577 5578
f 5579 5580 5456
f 5456 5580 5581
f 5475 5582 5488
f 5488 5582 5583
f 5584 5536 5505
f 5505 5536 5506
f 5585 5586 5588
f 5588 5586 5587
f 5590 5591 5589
f 5589 5591 5592
f 5519 5593 5520
f 5520 5593 5594
f 5595 5596 5462
f 5462 5596 5597
f 5599 5600 5598
f 5598 5600 5514
f 5602 5603 5601
f 5601 5603 5604
f 5524 5543 5525
f 5525 5543 5546
f 5543 5524 5606
f 5606 5524 5605
f 5607 5608 5500
f 5500 5608 5501
f 5610 5551 5609
f 5609 5551 5522
f 5611 5510 5598
f 5598 5510 5509
f 5612 5597 5457
f 5457 5597 5458
f 5510 5611 5538
f 5538 5611 5613
f 5580 5508 5581
f 5581 5508 5507
f 5615 5616 5614
f 5614 5616 5617
f 5619 5620 5618
f 5618 5620 5621
f 5623 5624 5622
f 5622 5624 5625
f 5627 5624 5626
f 5626 5624 5623
f 5629 5630 5628
f 5628 5630 5631
f 5633 5634 5632
f 5632 5634 5466
f 5635 5636 5463
f 5463 5636 5637
f 5523 5638 5524
f 5524 5638 5605
f 5639 5640 5641
f 5641 5640 5595
f 5611 5513 5613
f 5613 5513 5642
f 5643 5586 5608
f 5608 5586 5501
f 5622 5625 5590
f 5590 5625 5591
f 5598 5514 5611
f 5611 5514 5513
f 5645 5646 5644
f 5644 5646 5647
f 5620 5619 5491
f 5491 5619 5648
f 5649 5643 5492
f 5492 5643 5608
f 5650 5651 5653
f 5653 5651 5652
f 5463 5466 5635
f 5635 5466 5634
f 5597 5612 5462
f 5462 5612 5459
f 5635 5634 5523
f 5523 5634 5638
f 5654 5638 5633
f 5633 5638 5634
f 5655 5656 5525
f 5525 5656 5526
f 5658 5659 5657
f 5657 5659 5527
f 5660 5464 5637
f 5637 5464 5463
f 5632 5466 5661
f 5661 5466 5465
f 5661 5662 5632
f 5632 5662 5658
f 5662 5663 5658
f 5658 5663 5659
f 5665 5659 5664
f 5664 5659 5663
f 5632 5658 5633
f 5633 5658 5657
f 5666 5629 5530
f 5530 5629 5667
f 5528 5527 5665
f 5665 5527 5659
f 5668 5669 5570
f 5570 5669 5568
f 5669 5668 5670
f 5670 5668 5671
f 5646 5672 5673
f 5672 5674 5673
f 5673 5674 5675
f 5674 5460 5675
f 5675 5460 5459
f 5461 5676 5462
f 5462 5676 5595
f 5677 5678 5680
f 5680 5678 5679
f 5628 5681 5629
f 5629 5681 5667
f 5682 5529 5667
f 5667 5529 5530
f 5675 5459 5683
f 5683 5459 5612
f 5585 5666 5502
f 5502 5666 5530
f 5589 5684 5602
f 5602 5684 5603
f 5646 5645 5663
f 5663 5645 5664
f 5685 5647 5673
f 5673 5647 5646
f 5686 5687 5683
f 5683 5687 5685
f 5688 5689 5533
f 5533 5689 5531
f 5690 5691 5535
f 5535 5691 5534
f 5692 5690 5574
f 5574 5690 5535
f 5685 5687 5689
f 5689 5687 5693
f 5489 5694 5490
f 5490 5694 5695
f 5690 5692 5696
f 5696 5692 5697
f 5696 5644 5690
f 5690 5644 5691
f 5447 5450 5558
f 5558 5450 5698
f 5699 5700 5642
f 5642 5700 5613
f 5701 5702 5540
f 5540 5702 5541
f 5431 5703 5432
f 5432 5703 5697
f 5385 5384 5574
f 5574 5384 5692
f 5389 5387 5573
f 5573 5387 5571
f 5565 5390 5573
f 5573 5390 5389
f 5390 5565 5704
f 5704 5565 5564
f 5566 5705 5564
f 5564 5705 5704
f 5569 5441 5609
f 5609 5441 5398
f 5568 5405 5569
f 5569 5405 5441
f 5670 5706 5669
f 5669 5706 5406
f 5703 5431 5670
f 5670 5431 5706
f 5432 5697 5384
f 5384 5697 5692
f 5574 5571 5385
f 5385 5571 5387
f 5607 5707 5489
f 5489 5707 5694
f 5518 5708 5519
f 5519 5708 5709
f 5711 5576 5710
f 5710 5576 5575
f 5713 5714 5712
f 5712 5714 5715
f 5553 5552 5478
f 5478 5552 5716
f 5717 5475 5716
f 5716 5475 5478
f 5718 5719 5605
f 5605 5719 5606
f 5505 5622 5584
f 5584 5622 5590
f 5508 5623 5505
f 5505 5623 5622
f 5626 5623 5580
f 5580 5623 5508
f 5580 5579 5626
f 5626 5579 5720
f 5579 5721 5720
f 5720 5721 5722
f 5666 5585 5723
f 5723 5585 5588
f 5724 5725 5639
f 5639 5725 5640
f 5554 5726 5555
f 5555 5726 5727
f 5453 5728 5729
f 5689 5688 5685
f 5685 5688 5647
f 5604 5730 5512
f 5512 5730 5509
f 5628 5631 5618
f 5618 5631 5592
f 5601 5604 5536
f 5536 5604 5512
f 5732 5676 5731
f 5731 5676 5660
f 5730 5604 5733
f 5733 5604 5603
f 5563 5487 5551
f 5551 5487 5550
f 5489 5492 5607
f 5607 5492 5608
f 5573 5572 5565
f 5565 5572 5561
f 5609 5522 5569
f 5569 5522 5521
f 5499 5734 5500
f 5500 5734 5735
f 5596 5736 5721
f 5721 5736 5722
f 5737 5600 5594
f 5594 5600 5520
f 5599 5730 5517
f 5517 5730 5733
f 5660 5738 5731
f 5731 5738 5739
f 5648 5649 5491
f 5491 5649 5492
f 5501 5586 5502
f 5502 5586 5585
f 5525 5546 5655
f 5655 5546 5740
f 5600 5599 5520
f 5520 5599 5517
f 5708 5739 5709
f 5709 5739 5738
f 5636 5635 5526
f 5526 5635 5523
f 5670 5671 5703
f 5703 5671 5741
f 5490 5695 5742
f 5742 5695 5743
f 5682 5678 5744
f 5744 5678 5677
f 5678 5681 5679
f 5679 5681 5621
f 5742 5743 5679
f 5679 5743 5680
f 5618 5621 5628
f 5628 5621 5681
f 5725 5724 5589
f 5589 5724 5684
f 5456 5458 5579
f 5579 5458 5721
f 5675 5683 5673
f 5673 5683 5685
f 5529 5682 5745
f 5745 5682 5744
f 5721 5458 5596
f 5596 5458 5597
f 5701 5540 5719
f 5719 5540 5606
f 5703 5741 5697
f 5697 5741 5696
f 5500 5735 5607
f 5607 5735 5707
f 5549 5746 5493
f 5493 5746 5497
f 5700 5747 5613
f 5613 5747 5538
f 5420 5421 5434
f 5434 5421 5400
f 5689 5693 5531
f 5531 5693 5532
f 5705 5566 5748
f 5748 5566 5567
f 5609 5398 5610
f 5610 5398 5397
f 5669 5406 5568
f 5568 5406 5405
f 5488 5583 5549
f 5549 5583 5746
f 5714 5713 5710
f 5710 5713 5711
f 5747 5468 5538
f 5538 5468 5467
f 5548 5547 5749
f 5749 5547 5750
f 5733 5603 5751
f 5751 5603 5684
f 5589 5602 5590
f 5590 5602 5584
f 5636 5752 5614
f 5614 5752 5615
f 5753 5754 5738
f 5738 5754 5755
f 5602 5601 5584
f 5584 5601 5536
f 5723 5736 5630
f 5630 5736 5640
f 5595 5640 5596
f 5596 5640 5736
f 5734 5499 5745
f 5745 5499 5529
f 5627 5587 5643
f 5643 5587 5586
f 5553 5559 5554
f 5554 5559 5480
f 5559 5561 5480
f 5480 5561 5572
f 5554 5480 5726
f 5726 5480 5479
f 5749 5750 5715
f 5715 5750 5712
f 5683 5612 5686
f 5686 5612 5457
f 5678 5682 5681
f 5681 5682 5667
f 5598 5509 5599
f 5599 5509 5730
f 5679 5621 5742
f 5742 5621 5620
f 5652 5616 5653
f 5653 5616 5615
f 5220 5426 5052
f 5052 5426 5437
f 5487 5488 5550
f 5550 5488 5549
f 5742 5620 5490
f 5490 5620 5491
f 5551 5610 5563
f 5563 5610 5567
f 5610 5397 5567
f 5567 5397 5748
f 5614 5617 5753
f 5753 5617 5754
f 5480 5572 5481
f 5755 5756 5738
f 5738 5756 5709
f 5745 5744 5758
f 5758 5744 5757
f 5745 5758 5734
f 5734 5758 5759
f 5735 5734 5760
f 5760 5734 5759
f 5707 5735 5761
f 5761 5735 5760
f 5744 5677 5757
f 5757 5677 5762
f 5677 5680 5762
f 5762 5680 5763
f 5763 5680 5764
f 5764 5680 5743
f 5765 5766 5762
f 5762 5766 5757
f 5768 5769 5767
f 5767 5769 5770
f 5771 5772 5770
f 5770 5772 5767
f 5770 5769 5774
f 5774 5769 5773
f 5775 5776 5774
f 5774 5776 5777
f 5773 5778 5774
f 5774 5778 5775
f 5779 5766 5773
f 5773 5766 5778
f 5777 5771 5774
f 5774 5771 5770
f 5780 5781 5783
f 5783 5781 5782
f 5781 5780 5771
f 5771 5780 5772
f 5773 5769 5779
f 5779 5769 5768
f 5768 5759 5779
f 5779 5759 5758
f 5768 5784 5759
f 5759 5784 5760
f 5767 5785 5768
f 5768 5785 5784
f 5785 5767 5786
f 5786 5767 5772
f 5766 5779 5757
f 5757 5779 5758
f 5780 5787 5772
f 5772 5787 5786
f 5785 5786 5788
f 5788 5786 5789
f 5786 5787 5789
f 5789 5787 5790
f 5788 5789 5791
f 5791 5789 5792
f 5791 5793 5788
f 5788 5793 5794
f 5795 5792 5790
f 5790 5792 5789
f 5785 5788 5784
f 5784 5788 5794
f 5784 5794 5760
f 5760 5794 5761
f 5787 5780 5796
f 5796 5780 5783
f 5775 5778 5797
f 5797 5778 5766
f 5797 5798 5775
f 5775 5798 5776
f 5766 5765 5797
f 5797 5765 5799
f 5798 5797 5800
f 5800 5797 5799
f 5798 5801 5776
f 5776 5801 5802
f 5707 5761 5694
f 5694 5761 5803
f 5695 5804 5743
f 5743 5804 5764
f 5804 5695 5803
f 5803 5695 5694
f 5803 5793 5804
f 5804 5793 5805
f 5793 5791 5805
f 5805 5791 5806
f 5804 5805 5764
f 5764 5805 5807
f 5803 5761 5793
f 5793 5761 5794
f 5808 5763 5807
f 5807 5763 5764
f 5808 5765 5763
f 5763 5765 5762
f 5809 5799 5808
f 5808 5799 5765
f 5809 5808 5810
f 5810 5808 5807
f 5811 5809 5812
f 5812 5809 5810
f 5805 5806 5807
f 5807 5806 5810
f 5806 5813 5810
f 5810 5813 5812
f 5799 5809 5800
f 5800 5809 5811
f 5815 5800 5814
f 5814 5800 5811
f 5814 5817 5816
f 5816 5817 5818
f 5814 5811 5817
f 5817 5811 5812
f 5814 5816 5815
f 5815 5816 5796
f 5815 5796 5801
f 5801 5796 5783
f 5801 5798 5815
f 5815 5798 5800
f 5791 5792 5806
f 5806 5792 5813
f 5818 5813 5795
f 5795 5813 5792
f 5818 5817 5813
f 5813 5817 5812
f 5816 5818 5790
f 5790 5818 5795
f 5790 5787 5816
f 5816 5787 5796
f 5771 5777 5781
f 5781 5777 5782
f 5782 5802 5783
f 5783 5802 5801
f 5782 5777 5802
f 5802 5777 5776
f 5588 5587 5722
f 5722 5587 5720
f 5591 5619 5592
f 5592 5619 5618
f 5625 5624 5648
f 5648 5624 5649
f 5624 5627 5649
f 5649 5627 5643
f 5631 5630 5725
f 5725 5630 5640
f 5625 5648 5591
f 5591 5648 5619
f 5588 5722 5723
f 5723 5722 5736
f 5631 5725 5592
f 5592 5725 5589
f 5723 5630 5666
f 5666 5630 5629
f 5587 5627 5720
f 5720 5627 5626
f 5820 5821 5819
f 5819 5821 5822
f 5824 5825 5823
f 5823 5825 5826
f 5823 5826 5827
f 5827 5826 5828
f 5829 5830 5832
f 5832 5830 5831
f 5518 5833 5708
f 5708 5833 5834
f 5835 5836 5824
f 5824 5836 5825
f 5838 5839 5837
f 5837 5839 5840
f 5751 5684 5842
f 5842 5684 5841
f 5843 5841 5724
f 5724 5841 5684
f 5845 5846 5844
f 5844 5846 5847
f 5848 5830 5836
f 5836 5830 5825
f 5518 5751 5833
f 5833 5751 5842
f 5839 5838 5821
f 5821 5838 5849
f 5850 5848 5822
f 5822 5848 5836
f 5851 5845 5828
f 5828 5845 5852
f 5854 5855 5853
f 5853 5855 5856
f 5845 5844 5852
f 5852 5844 5857
f 5858 5827 5852
f 5852 5827 5828
f 5851 5828 5829
f 5829 5828 5826
f 5819 5859 5820
f 5820 5859 5860
f 5835 5861 5819
f 5819 5861 5859
f 5851 5829 5862
f 5862 5829 5832
f 5844 5847 5837
f 5837 5847 5834
f 5819 5822 5835
f 5835 5822 5836
f 5823 5863 5824
f 5824 5863 5864
f 5849 5850 5821
f 5821 5850 5822
f 5825 5830 5826
f 5826 5830 5829
f 5820 5860 5865
f 5865 5860 5866
f 5858 5854 5867
f 5867 5854 5853
f 5854 5857 5855
f 5855 5857 5840
f 5855 5865 5856
f 5856 5865 5866
f 5837 5840 5844
f 5844 5840 5857
f 5827 5858 5868
f 5868 5858 5867
f 5824 5864 5835
f 5835 5864 5861
f 5732 5731 5862
f 5862 5731 5846
f 5863 5823 5868
f 5868 5823 5827
f 5843 5831 5848
f 5848 5831 5830
f 5854 5858 5857
f 5857 5858 5852
f 5855 5840 5865
f 5865 5840 5839
f 5865 5839 5820
f 5820 5839 5821
f 5868 5867 5870
f 5870 5867 5869
f 5868 5870 5863
f 5863 5870 5871
f 5863 5871 5864
f 5864 5871 5872
f 5864 5872 5861
f 5861 5872 5873
f 5867 5853 5869
f 5869 5853 5874
f 5853 5856 5874
f 5874 5856 5875
f 5856 5866 5875
f 5875 5866 5876
f 5877 5878 5874
f 5874 5878 5869
f 5880 5881 5879
f 5879 5881 5882
f 5883 5884 5880
f 5880 5884 5881
f 5881 5884 5886
f 5886 5884 5885
f 5887 5888 5886
f 5886 5888 5889
f 5885 5890 5886
f 5886 5890 5887
f 5889 5882 5886
f 5886 5882 5881
f 5882 5891 5879
f 5879 5891 5892
f 5885 5884 5893
f 5893 5884 5883
f 5883 5871 5893
f 5893 5871 5870
f 5883 5894 5871
f 5871 5894 5872
f 5880 5895 5883
f 5883 5895 5894
f 5896 5895 5879
f 5879 5895 5880
f 5893 5878 5885
f 5885 5878 5890
f 5878 5893 5869
f 5869 5893 5870
f 5897 5896 5892
f 5892 5896 5879
f 5895 5896 5898
f 5898 5896 5899
f 5896 5897 5899
f 5899 5897 5900
f 5898 5899 5901
f 5901 5899 5902
f 5901 5903 5898
f 5898 5903 5904
f 5900 5905 5899
f 5899 5905 5902
f 5898 5904 5895
f 5895 5904 5894
f 5894 5904 5872
f 5872 5904 5873
f 5897 5892 5907
f 5907 5892 5906
f 5892 5891 5906
f 5906 5891 5908
f 5887 5890 5909
f 5909 5890 5878
f 5888 5887 5910
f 5910 5887 5909
f 5878 5877 5909
f 5909 5877 5911
f 5909 5911 5910
f 5910 5911 5912
f 5913 5914 5910
f 5910 5914 5888
f 5908 5914 5906
f 5906 5914 5913
f 5861 5873 5859
f 5859 5873 5915
f 5860 5916 5866
f 5866 5916 5876
f 5916 5860 5915
f 5915 5860 5859
f 5915 5903 5916
f 5916 5903 5917
f 5903 5901 5917
f 5917 5901 5918
f 5916 5917 5876
f 5876 5917 5919
f 5903 5915 5904
f 5904 5915 5873
f 5920 5875 5919
f 5919 5875 5876
f 5920 5877 5875
f 5875 5877 5874
f 5920 5921 5877
f 5877 5921 5911
f 5921 5920 5922
f 5922 5920 5919
f 5923 5921 5924
f 5924 5921 5922
f 5917 5918 5919
f 5919 5918 5922
f 5918 5925 5922
f 5922 5925 5924
f 5921 5923 5911
f 5911 5923 5912
f 5927 5912 5926
f 5926 5912 5923
f 5926 5929 5928
f 5928 5929 5930
f 5926 5923 5929
f 5929 5923 5924
f 5926 5928 5927
f 5927 5928 5907
f 5927 5907 5913
f 5913 5907 5906
f 5913 5910 5927
f 5927 5910 5912
f 5901 5902 5918
f 5918 5902 5925
f 5930 5925 5905
f 5905 5925 5902
f 5930 5929 5925
f 5925 5929 5924
f 5928 5930 5900
f 5900 5930 5905
f 5900 5897 5928
f 5928 5897 5907
f 5882 5889 5891
f 5891 5889 5908
f 5908 5889 5914
f 5914 5889 5888
f 5832 5831 5641
f 5641 5831 5639
f 5833 5838 5834
f 5834 5838 5837
f 5842 5841 5849
f 5849 5841 5850
f 5841 5843 5850
f 5850 5843 5848
f 5847 5846 5739
f 5739 5846 5731
f 5842 5849 5833
f 5833 5849 5838
f 5862 5832 5732
f 5732 5832 5641
f 5847 5739 5834
f 5834 5739 5708
f 5862 5846 5851
f 5851 5846 5845
f 5831 5843 5639
f 5639 5843 5724
f 5676 5732 5595
f 5595 5732 5641
f 5676 5461 5660
f 5660 5461 5464
f 5461 5460 5464
f 5464 5460 5465
f 5460 5674 5465
f 5465 5674 5661
f 5931 5932 5934
f 5934 5932 5933
f 5936 5937 5935
f 5935 5937 5938
f 5935 5938 5939
f 5939 5938 5940
f 5942 5943 5941
f 5941 5943 5944
f 5945 5946 5936
f 5936 5946 5937
f 5948 5949 5947
f 5947 5949 5950
f 5951 5952 5519
f 5519 5952 5593
f 5953 5951 5709
f 5709 5951 5519
f 5955 5956 5954
f 5954 5956 5957
f 5958 5942 5946
f 5946 5942 5937
f 5948 5959 5949
f 5949 5959 5933
f 5960 5958 5934
f 5934 5958 5946
f 5961 5955 5940
f 5940 5955 5962
f 5963 5964 5966
f 5966 5964 5965
f 5955 5954 5962
f 5962 5954 5967
f 5968 5939 5962
f 5962 5939 5940
f 5961 5940 5941
f 5941 5940 5938
f 5931 5969 5932
f 5932 5969 5970
f 5945 5971 5931
f 5931 5971 5969
f 5941 5944 5961
f 5961 5944 5972
f 5954 5957 5947
f 5947 5957 5973
f 5945 5931 5946
f 5946 5931 5934
f 5935 5974 5936
f 5936 5974 5975
f 5959 5960 5933
f 5933 5960 5934
f 5937 5942 5938
f 5938 5942 5941
f 5932 5970 5976
f 5976 5970 5977
f 5968 5964 5978
f 5978 5964 5963
f 5965 5964 5950
f 5950 5964 5967
f 5976 5977 5965
f 5965 5977 5966
f 5947 5950 5954
f 5954 5950 5967
f 5939 5968 5979
f 5979 5968 5978
f 5936 5975 5945
f 5945 5975 5971
f 5972 5754 5956
f 5956 5754 5617
f 5974 5935 5979
f 5979 5935 5939
f 5953 5943 5958
f 5958 5943 5942
f 5964 5968 5967
f 5967 5968 5962
f 5965 5950 5976
f 5976 5950 5949
f 5976 5949 5932
f 5932 5949 5933
f 5979 5978 5981
f 5981 5978 5980
f 5979 5981 5974
f 5974 5981 5982
f 5974 5982 5975
f 5975 5982 5983
f 5975 5983 5971
f 5971 5983 5984
f 5978 5963 5980
f 5980 5963 5985
f 5963 5966 5985
f 5985 5966 5986
f 5986 5966 5987
f 5987 5966 5977
f 5988 5989 5985
f 5985 5989 5980
f 5991 5992 5990
f 5990 5992 5993
f 5994 5995 5991
f 5991 5995 5992
f 5992 5995 5997
f 5997 5995 5996
f 5998 5999 5997
f 5997 5999 6000
f 5996 6001 5997
f 5997 6001 5998
f 6000 5993 5997
f 5997 5993 5992
f 6002 6003 5993
f 5993 6003 5990
f 5995 5994 5996
f 5996 5994 6004
f 5994 5982 6004
f 6004 5982 5981
f 5994 6005 5982
f 5982 6005 5983
f 5991 6006 5994
f 5994 6006 6005
f 6006 5991 6007
f 6007 5991 5990
f 5996 6004 6001
f 6001 6004 5989
f 5989 6004 5980
f 5980 6004 5981
f 6003 6008 5990
f 5990 6008 6007
f 6009 6006 6010
f 6010 6006 6007
f 6008 6011 6007
f 6007 6011 6010
f 6012 6009 6013
f 6013 6009 6010
f 6009 6012 6015
f 6015 6012 6014
f 6011 6016 6010
f 6010 6016 6013
f 6006 6009 6005
f 6005 6009 6015
f 6005 6015 5983
f 5983 6015 5984
f 6008 6003 6018
f 6018 6003 6017
f 6003 6002 6017
f 6017 6002 6019
f 5998 6001 6020
f 6020 6001 5989
f 5999 5998 6021
f 6021 5998 6020
f 5989 5988 6020
f 6020 5988 6022
f 6021 6020 6023
f 6023 6020 6022
f 6021 6024 5999
f 5999 6024 6025
f 6019 6025 6017
f 6017 6025 6024
f 5971 5984 5969
f 5969 5984 6026
f 5970 6027 5977
f 5977 6027 5987
f 6027 5970 6026
f 6026 5970 5969
f 6026 6014 6027
f 6027 6014 6028
f 6014 6012 6028
f 6028 6012 6029
f 6027 6028 5987
f 5987 6028 6030
f 6026 5984 6014
f 6014 5984 6015
f 6031 5986 6030
f 6030 5986 5987
f 6031 5988 5986
f 5986 5988 5985
f 6032 6022 6031
f 6031 6022 5988
f 6032 6031 6033
f 6033 6031 6030
f 6034 6032 6035
f 6035 6032 6033
f 6028 6029 6030
f 6030 6029 6033
f 6029 6036 6033
f 6033 6036 6035
f 6032 6034 6022
f 6022 6034 6023
f 6038 6023 6037
f 6037 6023 6034
f 6037 6040 6039
f 6039 6040 6041
f 6037 6034 6040
f 6040 6034 6035
f 6037 6039 6038
f 6038 6039 6018
f 6038 6018 6024
f 6024 6018 6017
f 6024 6021 6038
f 6038 6021 6023
f 6012 6013 6029
f 6029 6013 6036
f 6041 6036 6016
f 6016 6036 6013
f 6041 6040 6036
f 6036 6040 6035
f 6041 6016 6039
f 6039 6016 6011
f 6011 6008 6039
f 6039 6008 6018
f 5993 6000 6002
f 6002 6000 6019
f 6019 6000 6025
f 6025 6000 5999
f 5943 5756 5944
f 5944 5756 5755
f 6042 5948 5973
f 5973 5948 5947
f 5952 5951 5959
f 5959 5951 5960
f 5951 5953 5960
f 5960 5953 5958
f 5616 5957 5617
f 5617 5957 5956
f 6042 5952 5948
f 5948 5952 5959
f 5944 5755 5972
f 5972 5755 5754
f 5957 5616 5973
f 5973 5616 5652
f 5956 5955 5972
f 5972 5955 5961
f 5943 5953 5756
f 5756 5953 5709
f 6044 6045 6043
f 6043 6045 6046
f 6048 6049 6047
f 6047 6049 6050
f 6047 6050 6051
f 6051 6050 6052
f 6054 6055 6053
f 6053 6055 6056
f 6057 6058 6060
f 6060 6058 6059
f 6061 6062 6048
f 6048 6062 6049
f 6063 6064 6066
f 6066 6064 6065
f 6067 6068 6070
f 6070 6068 6069
f 6071 6069 5653
f 5653 6069 6068
f 6072 6073 6075
f 6075 6073 6074
f 6062 6076 6049
f 6049 6076 6054
f 6058 6067 6059
f 6059 6067 6070
f 6064 6077 6065
f 6065 6077 6045
f 6078 6076 6046
f 6046 6076 6062
f 6073 6080 6079
f 6079 6080 6052
f 6082 6083 6081
f 6081 6083 6084
f 6072 6085 6073
f 6073 6085 6080
f 6086 6051 6080
f 6080 6051 6052
f 6079 6052 6053
f 6053 6052 6050
f 6043 6087 6044
f 6044 6087 6088
f 6061 6089 6043
f 6043 6089 6087
f 6053 6056 6079
f 6079 6056 6090
f 6063 6072 6060
f 6060 6072 6075
f 6043 6046 6061
f 6061 6046 6062
f 6047 6091 6048
f 6048 6091 6092
f 6077 6078 6045
f 6045 6078 6046
f 6049 6054 6050
f 6050 6054 6053
f 6044 6088 6093
f 6093 6088 6094
f 6086 6082 6095
f 6095 6082 6081
f 6083 6082 6066
f 6066 6082 6085
f 6093 6094 6083
f 6083 6094 6084
f 6072 6063 6085
f 6085 6063 6066
f 6051 6086 6096
f 6096 6086 6095
f 6048 6092 6061
f 6061 6092 6089
f 5656 5655 6090
f 6090 5655 6074
f 6091 6047 6096
f 6096 6047 6051
f 6071 6055 6076
f 6076 6055 6054
f 6082 6086 6085
f 6085 6086 6080
f 6093 6083 6065
f 6065 6083 6066
f 6044 6093 6045
f 6045 6093 6065
f 6096 6095 6098
f 6098 6095 6097
f 6096 6098 6091
f 6091 6098 6099
f 6091 6099 6092
f 6092 6099 6100
f 6092 6100 6089
f 6089 6100 6101
f 6095 6081 6097
f 6097 6081 6102
f 6081 6084 6102
f 6102 6084 6103
f 6103 6084 6104
f 6104 6084 6094
f 6106 6097 6105
f 6105 6097 6102
f 6107 6108 6110
f 6110 6108 6109
f 6111 6112 6108
f 6108 6112 6109
f 6109 6112 6114
f 6114 6112 6113
f 6114 6115 6117
f 6117 6115 6116
f 6113 6118 6114
f 6114 6118 6115
f 6117 6110 6114
f 6114 6110 6109
f 6110 6119 6107
f 6107 6119 6120
f 6112 6111 6113
f 6113 6111 6121
f 6111 6099 6121
f 6121 6099 6098
f 6111 6122 6099
f 6099 6122 6100
f 6123 6122 6108
f 6108 6122 6111
f 6124 6123 6107
f 6107 6123 6108
f 6113 6121 6118
f 6118 6121 6106
f 6106 6121 6097
f 6097 6121 6098
f 6125 6124 6120
f 6120 6124 6107
f 6126 6123 6127
f 6127 6123 6124
f 6125 6128 6124
f 6124 6128 6127
f 6129 6126 6130
f 6130 6126 6127
f 6126 6129 6132
f 6132 6129 6131
f 6128 6133 6127
f 6127 6133 6130
f 6123 6126 6122
f 6122 6126 6132
f 6122 6132 6100
f 6100 6132 6101
f 6120 6134 6125
f 6125 6134 6135
f 6120 6119 6134
f 6134 6119 6136
f 6115 6118 6137
f 6137 6118 6106
f 6115 6137 6116
f 6116 6137 6138
f 6137 6106 6139
f 6139 6106 6105
f 6138 6137 6140
f 6140 6137 6139
f 6141 6142 6138
f 6138 6142 6116
f 6136 6142 6134
f 6134 6142 6141
f 6089 6101 6087
f 6087 6101 6143
f 6088 6144 6094
f 6094 6144 6104
f 6143 6144 6087
f 6087 6144 6088
f 6131 6145 6143
f 6143 6145 6144
f 6129 6146 6131
f 6131 6146 6145
f 6144 6145 6104
f 6104 6145 6147
f 6143 6101 6131
f 6131 6101 6132
f 6148 6103 6147
f 6147 6103 6104
f 6103 6148 6102
f 6102 6148 6105
f 6148 6149 6105
f 6105 6149 6139
f 6149 6148 6150
f 6150 6148 6147
f 6151 6149 6152
f 6152 6149 6150
f 6145 6146 6147
f 6147 6146 6150
f 6146 6153 6150
f 6150 6153 6152
f 6149 6151 6139
f 6139 6151 6140
f 6155 6140 6154
f 6154 6140 6151
f 6154 6157 6156
f 6156 6157 6158
f 6154 6151 6157
f 6157 6151 6152
f 6154 6156 6155
f 6155 6156 6135
f 6155 6135 6141
f 6141 6135 6134
f 6141 6138 6155
f 6155 6138 6140
f 6146 6129 6153
f 6153 6129 6130
f 6158 6153 6133
f 6133 6153 6130
f 6158 6157 6153
f 6153 6157 6152
f 6156 6158 6128
f 6128 6158 6133
f 6128 6125 6156
f 6156 6125 6135
f 6110 6117 6119
f 6119 6117 6136
f 6136 6117 6142
f 6142 6117 6116
f 6055 5615 6056
f 6056 5615 5752
f 6060 6059 6063
f 6063 6059 6064
f 6077 6070 6078
f 6078 6070 6069
f 6069 6071 6078
f 6078 6071 6076
f 6159 6057 6075
f 6075 6057 6060
f 6059 6070 6064
f 6064 6070 6077
f 6056 5752 6090
f 6090 5752 5656
f 6090 6074 6079
f 6079 6074 6073
f 6055 6071 5615
f 5615 6071 5653
f 5547 5471 6160
f 6160 5471 6161
f 5729 5577 6163
f 6163 5577 6162
f 5577 5576 6162
f 6162 5576 6164
f 5713 6165 5711
f 5711 6165 6166
f 5474 5729 6167
f 6167 5729 6163
f 5750 5547 6168
f 6168 5547 6160
f 5471 5474 6161
f 6161 5474 6167
f 6169 5712 6168
f 6168 5712 5750
f 5711 6166 5576
f 5576 6166 6164
f 6165 5713 6169
f 6169 5713 5712
f 6168 6170 6169
f 6169 6170 6171
f 6169 6171 6165
f 6165 6171 6172
f 6165 6172 6166
f 6166 6172 6173
f 6166 6173 6164
f 6164 6173 6174
f 6168 6160 6170
f 6170 6160 6175
f 6160 6161 6175
f 6175 6161 6176
f 6161 6167 6176
f 6176 6167 6177
f 6179 6170 6178
f 6178 6170 6175
f 6181 6182 6180
f 6180 6182 6183
f 6184 6185 6181
f 6181 6185 6182
f 6186 6187 6185
f 6185 6187 6182
f 6186 6188 6187
f 6187 6188 6189
f 6190 6183 6187
f 6187 6183 6182
f 6183 6190 6191
f 6191 6190 6192
f 6191 6193 6183
f 6183 6193 6180
f 6186 6185 6194
f 6194 6185 6184
f 6184 6172 6194
f 6194 6172 6171
f 6184 6195 6172
f 6172 6195 6173
f 6181 6196 6184
f 6184 6196 6195
f 6196 6181 6197
f 6197 6181 6180
f 6186 6194 6188
f 6188 6194 6179
f 6179 6194 6170
f 6170 6194 6171
f 6193 6198 6180
f 6180 6198 6197
f 6199 6196 6200
f 6200 6196 6197
f 6198 6201 6197
f 6197 6201 6200
f 6202 6199 6203
f 6203 6199 6200
f 6199 6202 6205
f 6205 6202 6204
f 6201 6206 6200
f 6200 6206 6203
f 6196 6199 6195
f 6195 6199 6205
f 6195 6205 6173
f 6173 6205 6174
f 6198 6193 6208
f 6208 6193 6207
f 6193 6191 6207
f 6207 6191 6192
f 6189 6188 6209
f 6209 6188 6179
f 6210 6189 6211
f 6211 6189 6209
f 6209 6179 6212
f 6212 6179 6178
f 6211 6209 6213
f 6213 6209 6212
f 6211 6214 6210
f 6210 6214 6215
f 6192 6215 6207
f 6207 6215 6214
f 6190 6187 6210
f 6210 6187 6189
f 6192 6190 6215
f 6215 6190 6210
f 6162 6164 6216
f 6216 6164 6174
f 6167 6163 6177
f 6177 6163 6217
f 6216 6217 6162
f 6162 6217 6163
f 6204 6218 6216
f 6216 6218 6217
f 6202 6219 6204
f 6204 6219 6218
f 6217 6218 6177
f 6177 6218 6220
f 6216 6174 6204
f 6204 6174 6205
f 6221 6176 6220
f 6220 6176 6177
f 6176 6221 6175
f 6175 6221 6178
f 6221 6222 6178
f 6178 6222 6212
f 6222 6221 6223
f 6223 6221 6220
f 6224 6222 6225
f 6225 6222 6223
f 6218 6219 6220
f 6220 6219 6223
f 6219 6226 6223
f 6223 6226 6225
f 6222 6224 6212
f 6212 6224 6213
f 6228 6213 6227
f 6227 6213 6224
f 6229 6227 6231
f 6231 6227 6230
f 6227 6224 6230
f 6230 6224 6225
f 6227 6229 6228
f 6228 6229 6208
f 6228 6208 6214
f 6214 6208 6207
f 6214 6211 6228
f 6228 6211 6213
f 6219 6202 6226
f 6226 6202 6203
f 6231 6226 6206
f 6206 6226 6203
f 6231 6230 6226
f 6226 6230 6225
f 6229 6231 6201
f 6201 6231 6206
f 6201 6198 6229
f 6229 6198 6208
f 5674 5672 5661
f 5661 5672 5662
f 5662 5672 5663
f 5663 5672 5646
f 5651 6042 5652
f 5652 6042 5973
f 5518 5517 5751
f 5751 5517 5733
f 5738 5660 5753
f 5753 5660 5637
f 5752 5636 5656
f 5656 5636 5526
f 5952 6042 5593
f 5593 6042 5651
f 5593 5651 5594
f 5594 5651 5650
f 5600 5737 5514
f 5514 5737 5515
f 5546 5545 5740
f 5740 5545 6232
f 6232 6058 5740
f 5740 6058 6057
f 6067 6058 6233
f 6233 6058 6232
f 6233 6232 6234
f 6234 6232 5545
f 6234 5545 6235
f 6235 5545 5544
f 5606 6236 5543
f 5543 6236 5544
f 6235 5544 5539
f 5539 5544 6236
f 6237 6235 5542
f 5542 6235 5539
f 6235 6237 6234
f 6234 6237 6238
f 6234 6238 6233
f 6233 6238 6239
f 5653 6068 5650
f 5650 6068 6239
f 5642 5513 6240
f 6240 5513 5516
f 5539 6236 5540
f 5540 6236 5606
f 5636 5614 5637
f 5637 5614 5753
f 6239 5737 5650
f 5650 5737 5594
f 6239 6068 6233
f 6233 6068 6067
f 6075 6074 6159
f 6159 6074 5655
f 6057 6159 5740
f 5740 6159 5655
f 5515 5737 6238
f 6238 5737 6239
f 6238 6237 5515
f 5515 6237 5516
f 5542 6240 6237
f 6237 6240 5516
f 6240 5542 5642
f 5642 5542 5541
f 5702 5699 5541
f 5541 5699 5642
f 5582 5475 5717
f 5470 5443 5537
f 5537 5443 5504
f 5469 5444 5470
f 5470 5444 5443
f 5726 5557 5727
f 5727 5557 5556
f 5537 5504 5511
f 5511 5504 5506
f 5504 5503 5506
f 5506 5503 5507
f 5503 5455 5507
f 5507 5455 5581
f 5455 5454 5581
f 5581 5454 5456
f 5473 5453 5474
f 5474 5453 5729
f 5457 5454 5473
f 5473 5454 5453
f 5473 5472 5457
f 5457 5472 5686
f 5472 5548 5686
f 5686 5548 5687
f 5749 5693 5548
f 5548 5693 5687
f 5715 5532 5749
f 5749 5532 5693
f 5714 5486 5715
f 5715 5486 5532
f 5714 5710 5486
f 5486 5710 5449
f 5728 5578 5729
f 5729 5578 5577
f 5452 5445 5698
f 5698 5445 5558
f 5445 5444 5558
f 5558 5444 5556
f 5444 5469 5556
f 5556 5469 5727
f 5469 5468 5727
f 5727 5468 5555
f 5468 5747 5555
f 5555 5747 5552
f 5747 5700 5552
f 5552 5700 5716
f 5700 5699 5716
f 5716 5699 5717
f 5699 5702 5717
f 5717 5702 5582
f 5702 5701 5582
f 5582 5701 5583
f 5726 5479 5557
f 5557 5479 5483
f 5483 5479 5484
f 5484 5479 5482
f 5534 5533 5482
f 5482 5533 5484
f 5691 5688 5534
f 5534 5688 5533
f 5644 5647 5691
f 5691 5647 5688
f 5719 5746 5701
f 5701 5746 5583
f 5718 5497 5719
f 5719 5497 5746
f 5718 5605 5654
f 5654 5605 5638
f 5498 5654 5657
f 5657 5654 5633
f 5497 5718 5498
f 5498 5718 5654
f 5657 5527 5498
f 5498 5527 5494
f 5528 5570 5495
f 5495 5570 5521
f 5665 5668 5528
f 5528 5668 5570
f 5664 5671 5665
f 5665 5671 5668
f 5645 5741 5664
f 5664 5741 5671
f 5644 5696 5645
f 5645 5696 5741
f 5710 5575 5449
f 5449 5575 5450
f 5575 5578 5450
f 5450 5578 5698
f 5578 5728 5698
f 5698 5728 5452
f 5452 5728 5451
f 5451 5728 5453
f 3619 6241 3620
f 3620 6241 6242
f 6243 6244 3628
f 3628 6244 3629
f 6245 6246 3634
f 3634 6246 3631
f 6247 6248 3636
f 3636 6248 3637
f 6249 6250 3642
f 3642 6250 3639
f 3639 6250 3643
f 3643 6250 6251
f 3743 6252 3744
f 3744 6252 6253
f 6246 6243 3631
f 3631 6243 3628
f 3753 6254 3754
f 3754 6254 6255
f 3857 6256 3619
f 3619 6256 6241
f 6257 6245 3932
f 3932 6245 3634
f 6242 6247 3620
f 3620 6247 3636
f 6258 6259 3946
f 3946 6259 3947
f 6260 6249 3948
f 3948 6249 3642
f 6244 6258 3629
f 3629 6258 3946
f 3947 6259 3753
f 3753 6259 6254
f 6248 6260 3637
f 3637 6260 3948
f 3643 6251 3743
f 3743 6251 6252
f 3744 6253 3932
f 3932 6253 6257
f 6250 6249 6251
f 6251 6249 6252
f 6245 6261 6246
f 6246 6261 6262
f 6263 6264 6247
f 6247 6264 6248
f 6252 6265 6253
f 6253 6265 6266
f 6246 6262 6243
f 6243 6262 6267
f 6268 6261 6257
f 6257 6261 6245
f 6269 6263 6242
f 6242 6263 6247
f 6270 6271 6260
f 6260 6271 6249
f 6264 6270 6248
f 6248 6270 6260
f 6253 6266 6257
f 6257 6266 6268
f 6249 6271 6252
f 6252 6271 6265
f 6254 6259 6272
f 6272 6259 6273
f 6266 6265 6270
f 6270 6265 6271
f 6268 6266 6264
f 6264 6266 6270
f 6261 6268 6263
f 6263 6268 6264
f 6269 6262 6263
f 6263 6262 6261
f 4186 4185 6274
f 6274 4185 6275
f 6241 6276 6242
f 6242 6276 6269
f 6258 6244 6277
f 6277 6244 6278
f 6256 6279 6241
f 6241 6279 6276
f 6259 6258 6273
f 6273 6258 6277
f 6243 6267 6244
f 6244 6267 6278
f 6276 6267 6269
f 6269 6267 6262
f 6254 6272 6255
f 6255 6272 6280
f 3865 3713 3888
f 3888 3713 3685
f 5242 5233 3892
f 3892 5233 3711
f 3900 5243 3892
f 3892 5243 5242
f 3734 3866 3900
f 3900 3866 5243
f 4117 6281 4118
f 4118 6281 6282
f 4118 6282 4278
f 4278 6282 4879
f 4717 4887 4718
f 4718 4887 4280
f 4792 4278 4882
f 4882 4278 4879
f 4795 4792 6283
f 6283 4792 4882
f 4852 4851 5012
f 5012 4851 6284
f 4856 5207 4857
f 4857 5207 4858
f 4860 4279 4857
f 4857 4279 4854
f 4718 4280 4860
f 4860 4280 4279
f 4864 4863 4745
f 4745 4863 4742
f 5366 4867 5011
f 5011 4867 4866
f 4871 4884 4872
f 4872 4884 4883
f 4872 4883 4117
f 4117 4883 6281
f 6284 4851 6283
f 6283 4851 4795
f 4852 4866 4853
f 4853 4866 4865
f 4871 4870 4856
f 4856 4870 5207
f 4717 4716 4864
f 4864 4716 4861
f 4868 4867 4862
f 4862 4867 4863
f 4268 4855 4269
f 4269 4855 4854
f 4281 4274 4282
f 4282 4274 4765
f 4744 4743 4907
f 4907 4743 4904
f 4874 4881 4820
f 4820 4881 4880
f 4885 5013 4886
f 4886 5013 4980
f 4888 4275 4281
f 4281 4275 4274
f 4902 6282 4903
f 4903 6282 6281
f 6283 4979 6284
f 6284 4979 4978
f 4282 4765 4269
f 4269 4765 4266
f 4880 4879 4902
f 4902 4879 6282
f 4903 6281 4886
f 4886 6281 4883
f 4882 4881 6283
f 6283 4881 4979
f 5013 4885 4267
f 4267 4885 4268
f 4888 4887 4744
f 4744 4887 4745
f 4410 6285 4411
f 4411 6285 4812
f 4750 4749 6286
f 6286 4749 6287
f 6289 4695 6288
f 6288 4695 4255
f 4750 4675 4751
f 4751 4675 4965
f 6290 6291 4963
f 4963 6291 4960
f 4807 4806 4411
f 4411 4806 4408
f 6292 6293 4959
f 4959 6293 4956
f 4958 6294 4959
f 4959 6294 4955
f 4962 4964 4963
f 4963 4964 4805
f 4962 4961 4751
f 4751 4961 4748
f 6296 6297 6295
f 6295 6297 6298
f 6299 6300 6288
f 6288 6300 4735
f 6302 4961 6301
f 6301 4961 4960
f 6304 6287 6303
f 6303 6287 4749
f 4968 6305 4969
f 4969 6305 6306
f 4413 6308 6307
f 6307 6308 4900
f 6301 4960 6309
f 6309 4960 6291
f 4412 4408 6310
f 6310 4408 4806
f 4696 6311 4256
f 4256 6311 6312
f 6303 4749 6313
f 6313 4749 4748
f 6313 4748 6302
f 6302 4748 4961
f 6315 6316 6314
f 6314 6316 6317
f 4084 6318 6315
f 6315 6318 6316
f 4083 6319 4084
f 4084 6319 6318
f 4112 6320 4083
f 4083 6320 6319
f 6322 4138 6321
f 6321 4138 4137
f 6324 4128 6323
f 6323 4128 4127
f 4127 4193 6323
f 6323 4193 6325
f 4193 4891 6325
f 6325 4891 6326
f 4891 6327 6326
f 6326 6327 6328
f 6327 4824 5227
f 5227 4824 5228
f 5231 4684 6329
f 6329 4684 4683
f 4683 4099 6329
f 6329 4099 6330
f 4099 4102 6330
f 6330 4102 6331
f 4174 4826 4429
f 4429 4826 4829
f 4173 4741 4174
f 4174 4741 4826
f 4180 4738 4173
f 4173 4738 4741
f 6332 6333 4180
f 4180 6333 4738
f 6274 6334 4186
f 4186 6334 4188
f 4181 4825 4180
f 4180 4825 6332
f 5044 5213 5045
f 5045 5213 5165
f 5046 5087 5047
f 5047 5087 5222
f 5077 5063 5078
f 5078 5063 5198
f 5081 5099 5082
f 5082 5099 5194
f 5095 5074 5096
f 5096 5074 5073
f 5373 5170 5096
f 5096 5170 5093
f 5375 5171 5373
f 5373 5171 5170
f 5047 5222 5375
f 5375 5222 5171
f 5046 5038 5376
f 5376 5038 5067
f 5377 5086 5376
f 5376 5086 5085
f 5045 5165 5377
f 5377 5165 5086
f 5378 5214 5044
f 5044 5214 5213
f 5077 5034 5378
f 5378 5034 5214
f 5082 5194 5078
f 5078 5194 5035
f 5081 5080 5379
f 5379 5080 6335
f 5379 6335 5095
f 5095 6335 5074
f 5032 5080 5033
f 5033 5080 5079
f 5040 5017 5041
f 5041 5017 5016
f 5050 5043 5051
f 5051 5043 5042
f 5065 5023 5066
f 5066 5023 5022
f 5050 5049 5065
f 5065 5049 5023
f 5041 5016 5068
f 5068 5016 5020
f 5071 5374 5072
f 5072 5374 5200
f 5075 5156 5076
f 5076 5156 5155
f 5162 5212 5068
f 5068 5212 5067
f 5075 5074 5192
f 5192 5074 6335
f 5066 5022 5199
f 5199 5022 5196
f 5076 5155 5072
f 5072 5155 5069
f 5040 5039 5071
f 5071 5039 5374
f 5162 5161 5051
f 5051 5161 5048
f 5192 6335 5032
f 5032 6335 5080
f 5199 5196 5033
f 5033 5196 5030
f 5018 5211 5019
f 5019 5211 5408
f 5019 5408 5021
f 5021 5408 5163
f 5024 5057 5025
f 5025 5057 5415
f 5028 5048 5029
f 5029 5048 5161
f 5054 5031 5055
f 5055 5031 5030
f 5024 5023 5058
f 5058 5023 5049
f 5061 5070 5062
f 5062 5070 5069
f 5157 5438 5158
f 5158 5438 5442
f 5160 5191 5054
f 5054 5191 5031
f 5029 5161 5021
f 5021 5161 5020
f 5025 5415 5197
f 5197 5415 5220
f 5158 5442 5062
f 5062 5442 5059
f 5018 5017 5061
f 5061 5017 5070
f 5160 5159 5157
f 5157 5159 5438
f 5028 5027 5058
f 5058 5027 5056
f 5055 5030 5197
f 5197 5030 5196
f 5409 5380 5410
f 5410 5380 6336
f 5026 5413 5027
f 5027 5413 5412
f 5396 5417 5393
f 5393 5417 5416
f 5416 5057 5419
f 5419 5057 5056
f 5417 5396 5426
f 5426 5396 5420
f 5427 5423 5428
f 5428 5423 5422
f 5427 5059 5430
f 5430 5059 5442
f 5409 5408 5433
f 5433 5408 5211
f 5433 5211 5428
f 5428 5211 5060
f 5412 5411 5419
f 5419 5411 5418
f 5436 5053 5437
f 5437 5053 5052
f 5439 5402 5440
f 5440 5402 5401
f 5436 5435 5439
f 5439 5435 5402
f 5410 6336 5413
f 5413 6336 5414
f 5440 5401 5430
f 5430 5401 5429
f 5426 5420 5437
f 5437 5420 5434
f 5382 5432 5383
f 5383 5432 5384
f 5386 6336 5383
f 5383 6336 5380
f 6336 5386 5414
f 5414 5386 5388
f 5391 5418 5392
f 5392 5418 5411
f 5705 5395 5704
f 5704 5395 5394
f 5399 5435 5400
f 5400 5435 5434
f 5403 5441 5404
f 5404 5441 5405
f 5407 5429 5404
f 5404 5429 5401
f 5395 5705 5421
f 5421 5705 5748
f 5424 5706 5425
f 5425 5706 5431
f 5391 5390 5394
f 5394 5390 5704
f 5392 5388 5389
f 5389 5388 5387
f 5382 5381 5425
f 5425 5381 5422
f 5407 5406 5424
f 5424 5406 5706
f 5403 5402 5399
f 5399 5402 5435
f 5421 5748 5400
f 5400 5748 5397
f 4097 4721 4098
f 4098 4721 4231
f 4233 5273 4098
f 4098 5273 4095
f 6337 6338 4785
f 4785 6338 4786
f 4076 4780 4073
f 4073 4780 4781
f 4782 4190 4781
f 4781 4190 4073
f 4783 4901 4782
f 4782 4901 4190
f 4780 4076 4097
f 4097 4076 4721
f 6337 2879 4701
f 4701 2879 2878
f 5280 6339 5272
f 5272 6339 6340
f 5282 5281 6341
f 6341 5281 6342
f 4109 6302 4110
f 4110 6302 6301
f 4283 6304 4284
f 4284 6304 6303
f 6305 4379 6306
f 6306 4379 4378
f 4110 6301 4428
f 4428 6301 6309
f 6310 4688 4412
f 4412 4688 4687
f 4284 6303 4753
f 4753 6303 6313
f 4753 6313 4109
f 4109 6313 6302
f 6343 5226 4428
f 4428 5226 4427
f 4147 4900 4416
f 4416 4900 6308
f 6312 6311 4241
f 4241 6311 4720
f 5223 6344 4702
f 4702 6344 4699
f 4221 4220 6345
f 6345 4220 6346
f 5276 5275 6347
f 6347 5275 6348
f 5275 4728 6348
f 6348 4728 6349
f 4727 6350 5284
f 5284 6350 5285
f 6351 6352 6354
f 6354 6352 6353
f 5313 5312 5292
f 5292 5312 5293
f 5312 5344 5293
f 5293 5344 5337
f 5344 4914 5337
f 5337 4914 4916
f 4914 4913 4916
f 4916 4913 4917
f 4913 6355 4917
f 4917 6355 4978
f 6356 6357 6284
f 6284 6357 5012
f 6357 6358 5012
f 5012 6358 5011
f 5011 6358 5366
f 5366 6358 6359
f 6360 4742 6359
f 6359 4742 5366
f 4743 6361 4904
f 4904 6361 5364
f 5363 4905 5364
f 5364 4905 4904
f 5363 6362 4905
f 4905 6362 4207
f 6362 6363 4207
f 4207 6363 4208
f 6363 5342 4208
f 4208 5342 5330
f 5342 5341 5330
f 5330 5341 4244
f 5341 6364 4244
f 4244 6364 4245
f 6364 6365 4245
f 4245 6365 4246
f 6366 6367 4253
f 4253 6367 4250
f 4214 6368 4211
f 4211 6368 4380
f 4380 4379 4211
f 4211 4379 4283
f 4379 6305 4283
f 4283 6305 6304
f 6305 4968 6304
f 6304 4968 6287
f 4968 4967 6287
f 6287 4967 6286
f 4967 6297 6286
f 6286 6297 4676
f 6296 4376 4288
f 4288 4376 4285
f 4376 4373 4285
f 4285 4373 4290
f 6369 6370 6372
f 6372 6370 6371
f 5245 6373 5246
f 5246 6373 6374
f 4317 6375 4318
f 4318 6375 6376
f 4331 6377 4332
f 4332 6377 6378
f 6379 4333 6376
f 6376 4333 4318
f 4343 6380 4344
f 4344 6380 6381
f 4347 6382 4348
f 4348 6382 6383
f 4374 6371 4331
f 4331 6371 6377
f 4333 6379 4426
f 4426 6379 6384
f 4690 6385 4347
f 4347 6385 6382
f 4332 6378 4317
f 4317 6378 6375
f 4922 6386 4923
f 4923 6386 6387
f 6388 6389 4375
f 4375 6389 6390
f 6355 6356 4978
f 4978 6356 6284
f 4742 6360 4743
f 4743 6360 6361
f 6391 4238 6392
f 6392 4238 4719
f 6392 4719 6393
f 6393 4719 5296
f 6395 6396 6394
f 6394 6396 6397
f 6399 6400 6398
f 6398 6400 6401
f 6402 5302 6403
f 6403 5302 5303
f 5303 5321 6403
f 6403 5321 6404
f 5320 6405 5321
f 5321 6405 6404
f 5319 6406 5350
f 5350 6406 5351
f 5319 5318 6406
f 6406 5318 6407
f 5288 4197 6408
f 6408 4197 6409
f 4217 4216 6410
f 6410 4216 6411
f 5227 6412 6327
f 6327 6412 6328
f 4892 6413 5227
f 5227 6413 6412
f 4228 6414 4892
f 4892 6414 6413
f 4227 6415 4228
f 4228 6415 6414
f 4248 6416 4227
f 4227 6416 6415
f 4247 6417 4248
f 4248 6417 6416
f 6417 4247 6419
f 6419 4247 6418
f 6419 6418 6421
f 6421 6418 6420
f 6422 5301 6423
f 6423 5301 5300
f 6423 5300 6424
f 6424 5300 6399
f 6408 6409 6398
f 6398 6409 6425
f 6426 6427 6397
f 6397 6427 6394
f 6428 4224 6429
f 6429 4224 4223
f 6347 6346 5276
f 5276 6346 4220
f 6346 6347 6341
f 6341 6347 6339
f 5280 5278 5282
f 5282 5278 4236
f 4896 5224 4684
f 4684 5224 4681
f 4132 4135 4896
f 4896 4135 5224
f 4131 4136 4132
f 4132 4136 4135
f 4226 4754 4131
f 4131 4754 4136
f 4251 4213 4226
f 4226 4213 4754
f 4250 4214 4251
f 4251 4214 4213
f 4250 6367 4214
f 4214 6367 6368
f 6367 4910 6368
f 6368 4910 4737
f 4909 5297 4736
f 4736 5297 5296
f 5297 6395 5296
f 5296 6395 6393
f 6427 6430 6394
f 6394 6430 6431
f 6429 4383 6428
f 6428 4383 4382
f 4219 5277 4220
f 4220 5277 5276
f 4222 4697 4383
f 4383 4697 4218
f 6345 4699 4221
f 4221 4699 6344
f 6342 4700 6345
f 6345 4700 4699
f 4235 4786 5281
f 5281 4786 6338
f 4234 4787 4235
f 4235 4787 4786
f 5279 5278 6432
f 6432 5278 5271
f 4237 5279 6433
f 6433 5279 6432
f 4787 4234 6433
f 6433 4234 4237
f 6435 6436 6434
f 6434 6436 6437
f 6359 6438 6360
f 6360 6438 6437
f 6439 6440 6441
f 6441 6440 6438
f 6443 6439 6442
f 6442 6439 6441
f 6357 6356 6442
f 6442 6356 6444
f 6444 6446 6445
f 6445 6446 6447
f 4912 6446 4913
f 4913 6446 6355
f 6361 6436 5364
f 5364 6436 5365
f 5319 5350 5316
f 5316 5350 6448
f 4832 6449 5350
f 5350 6449 6448
f 4831 6450 4832
f 4832 6450 6449
f 5354 6451 5320
f 5320 6451 6405
f 4265 6452 5354
f 5354 6452 6451
f 4264 6453 4265
f 4265 6453 6452
f 6450 4831 6447
f 6447 4831 6445
f 4263 6435 4264
f 4264 6435 6434
f 6454 6453 6439
f 6439 6453 6440
f 6439 6443 6454
f 6454 6443 4834
f 4833 6455 4834
f 4834 6455 6454
f 5351 6456 4833
f 4833 6456 6455
f 6457 6391 6458
f 6458 6391 6392
f 6458 6392 6431
f 6431 6392 6393
f 5298 6396 5297
f 5297 6396 6395
f 6402 6400 5302
f 5302 6400 5299
f 6402 6403 6459
f 6459 6403 6460
f 6460 6403 6461
f 6461 6403 6404
f 6405 6462 6404
f 6404 6462 6461
f 6406 6462 5351
f 5351 6462 6456
f 6406 6407 6462
f 6462 6407 6461
f 6407 6463 6461
f 6461 6463 6460
f 6463 6464 6460
f 6460 6464 6459
f 6464 6465 6459
f 6459 6465 6401
f 6430 6466 6431
f 6431 6466 6458
f 6466 6410 6458
f 6458 6410 6457
f 6410 6411 6457
f 6457 6411 6467
f 6396 6424 6397
f 6397 6424 6425
f 6393 6395 6431
f 6431 6395 6394
f 6451 6456 6405
f 6405 6456 6462
f 6452 6455 6451
f 6451 6455 6456
f 6453 6454 6452
f 6452 6454 6455
f 6443 6445 4834
f 4834 6445 4831
f 6440 6453 6434
f 6434 6453 4264
f 6468 5306 5360
f 5360 5306 5305
f 6469 4124 6468
f 6468 4124 5306
f 6470 4125 6469
f 6469 4125 4124
f 6471 5291 6470
f 6470 5291 4125
f 6353 5292 6471
f 6471 5292 5291
f 5292 6353 5313
f 5313 6353 6352
f 5347 5314 6352
f 6352 5314 5313
f 5353 5318 5346
f 5346 5318 5317
f 5334 6468 5358
f 5358 6468 5360
f 5324 6469 5334
f 5334 6469 6468
f 5323 6470 5324
f 5324 6470 6469
f 5343 6471 5323
f 5323 6471 6470
f 6354 6353 5343
f 5343 6353 6471
f 6348 6349 4270
f 4270 6349 5311
f 5272 6340 5273
f 5273 6340 4272
f 6432 5271 4232
f 4232 5271 4233
f 4294 6432 4295
f 4295 6432 4232
f 6432 4294 6433
f 6433 4294 4301
f 4301 4300 6433
f 6433 4300 4787
f 4704 4784 4300
f 4300 4784 4787
f 4704 3013 4784
f 4784 3013 1307
f 5103 6472 5104
f 5104 6472 5202
f 5108 5116 5105
f 5105 5116 5115
f 5111 5124 5112
f 5112 5124 5123
f 5154 5205 5105
f 5105 5205 5106
f 5167 5180 5168
f 5168 5180 5185
f 5175 5188 5176
f 5176 5188 5187
f 5112 5123 5178
f 5178 5123 5120
f 5167 5090 5183
f 5183 5090 5089
f 5210 5151 5183
f 5183 5151 5181
f 5216 5138 5217
f 5217 5138 5137
f 5218 5119 5219
f 5219 5119 5221
f 5218 5178 5119
f 5119 5178 5120
f 5217 5137 5104
f 5104 5137 5101
f 5116 5108 5221
f 5221 5108 5219
f 5111 5110 5210
f 5210 5110 5151
f 5154 5153 5103
f 5103 5153 6472
f 5216 5215 5176
f 5176 5215 5173
f 5175 5174 5168
f 5168 5174 5166
f 5091 5172 5092
f 5092 5172 5208
f 5117 5037 5118
f 5118 5037 5036
f 5121 5164 5122
f 5122 5164 5133
f 5125 5084 5126
f 5126 5084 5083
f 5129 5174 5130
f 5130 5174 5173
f 5131 5202 5132
f 5132 5202 6472
f 5135 5221 5122
f 5122 5221 5119
f 5125 5124 5136
f 5136 5124 5209
f 5126 5083 5121
f 5121 5083 5164
f 5118 5036 5195
f 5195 5036 5193
f 5131 5097 5203
f 5203 5097 5114
f 5132 6472 5195
f 5195 6472 5153
f 5136 5209 5092
f 5092 5209 5089
f 5135 5134 5117
f 5117 5134 5037
f 5362 5206 5130
f 5130 5206 5127
f 5372 5371 5128
f 5128 5371 5129
f 5371 5372 5091
f 5091 5372 5172
f 5362 5215 5203
f 5203 5215 5201
f 6463 6407 5353
f 5353 6407 5318
f 6464 6463 5352
f 5352 6463 5353
f 6408 6465 5288
f 5288 6465 5289
f 4196 4224 6426
f 6426 4224 6427
f 6430 6427 6428
f 6428 6427 4224
f 6466 6430 4382
f 4382 6430 6428
f 6410 6466 4217
f 4217 6466 4382
f 4240 4239 3015
f 3015 4239 3016
f 4254 4257 3017
f 3017 4257 3018
f 6473 6474 4732
f 4732 6474 6475
f 6474 6374 6475
f 6475 6374 6373
f 5246 6374 3022
f 3022 6374 3023
f 4254 6299 4255
f 4255 6299 6288
f 6473 6300 3024
f 3024 6300 3025
f 6476 4257 6312
f 6312 4257 4256
f 4240 6476 4241
f 4241 6476 6312
f 6477 4239 6391
f 6391 4239 4238
f 6467 6477 6457
f 6457 6477 6391
f 6411 3029 6467
f 6467 3029 3028
f 4216 3030 6411
f 6411 3030 3029
f 6479 6480 6478
f 6478 6480 6481
f 6483 6484 6482
f 6482 6484 6485
f 6486 6487 4102
f 4102 6487 6331
f 6483 6488 6478
f 6478 6488 6489
f 4429 4829 6490
f 6490 4829 6479
f 6491 6486 4101
f 4101 6486 4102
f 4895 6491 4899
f 4899 6491 4101
f 4160 6488 4157
f 4157 6488 6492
f 6489 4087 6490
f 6490 4087 4090
f 4267 4261 5013
f 5013 4261 4260
f 4258 4261 5328
f 5328 4261 4975
f 4261 4267 4975
f 4975 4267 4266
f 5367 3793 3912
f 3912 3793 3575
f 6494 3616 6493
f 6493 3616 3795
f 6496 3589 6495
f 6495 3589 3588
f 6495 3588 5368
f 5368 3588 3794
f 3841 3840 3050
f 3050 3840 3051
f 3912 3911 3052
f 3052 3911 3053
f 3929 3930 3054
f 3054 3930 3055
f 5370 3930 3916
f 3916 3930 3923
f 3938 5369 3807
f 3807 5369 3915
f 3589 6496 3806
f 3806 6496 3937
f 3938 3937 3056
f 3056 3937 3057
f 3051 3840 3058
f 3058 3840 3943
f 3730 4808 3727
f 3727 4808 3943
f 3820 3951 3795
f 3795 3951 6493
f 3951 3841 3059
f 3059 3841 3050
f 3911 3574 6494
f 6494 3574 3616
f 3823 3929 3824
f 3824 3929 3952
f 4061 4060 3060
f 3060 4060 3061
f 6497 6498 4901
f 4901 6498 4790
f 6333 6499 4738
f 4738 6499 4739
f 6500 6501 6314
f 6314 6501 4418
f 6502 6275 4417
f 4417 6275 4185
f 6503 6497 4783
f 4783 6497 4901
f 6498 4060 4790
f 4790 4060 4059
f 4808 4061 3069
f 3069 4061 3060
f 5367 3071 5368
f 5368 3071 3070
f 5369 3073 5370
f 5370 3073 3072
f 6274 6275 3074
f 3074 6275 3075
f 6499 6504 4739
f 4739 6504 6317
f 6333 6332 3077
f 3077 6332 3078
f 6334 6274 3079
f 3079 6274 3074
f 6332 4825 3078
f 3078 4825 3080
f 6334 6503 4188
f 4188 6503 4783
f 4825 4689 3080
f 3080 4689 1330
f 6506 4747 6505
f 6505 4747 4746
f 6505 6507 6506
f 6506 6507 6508
f 4297 6509 4920
f 4920 6509 6510
f 4296 6511 4297
f 4297 6511 6509
f 6506 6508 4319
f 4319 6508 6512
f 4372 4371 6514
f 6514 4371 6513
f 6511 4296 5251
f 5251 4296 4305
f 5251 5250 6511
f 6511 5250 6515
f 6516 6509 6515
f 6515 6509 6511
f 6517 6507 6519
f 6519 6507 6518
f 6512 6520 6513
f 6513 6520 6514
f 6507 6517 6508
f 6508 6517 6521
f 5249 6523 6522
f 6522 6523 6524
f 6525 6370 5253
f 5253 6370 6526
f 4370 4323 4371
f 4371 4323 4326
f 4370 3103 4323
f 4323 3103 1541
f 6521 6517 6527
f 6527 6517 6519
f 6520 6528 6514
f 6514 6528 6529
f 6531 6532 6530
f 6530 6532 6533
f 5250 6534 6515
f 6515 6534 6535
f 6530 6533 6536
f 6536 6533 6537
f 6526 6538 6534
f 6534 6538 6537
f 6515 6535 6516
f 6516 6535 6539
f 4325 4321 4326
f 4326 4321 4320
f 4371 4326 6513
f 6513 4326 4320
f 6531 4731 6541
f 6541 4731 6540
f 4731 4730 6540
f 6540 4730 6542
f 4730 3121 6542
f 6542 3121 3120
f 6530 4328 6531
f 6531 4328 4731
f 4328 6530 4329
f 4329 6530 6536
f 4329 6536 6524
f 6524 6536 6543
f 6544 6545 6522
f 6522 6545 5248
f 6389 6388 5245
f 5245 6388 6373
f 6388 6546 6373
f 6373 6546 6475
f 4733 6546 6295
f 6295 6546 4377
f 4732 6475 4733
f 4733 6475 6546
f 4393 4432 4394
f 4394 4432 4435
f 4434 4672 4842
f 4842 4672 4671
f 4440 4439 4441
f 4441 4439 4438
f 4436 4450 4437
f 4437 4450 4398
f 4447 4444 4448
f 4448 4444 4392
f 4446 4464 4433
f 4433 4464 6547
f 4454 4423 4455
f 4455 4423 4422
f 4452 4481 4453
f 4453 4481 4480
f 4458 4389 4459
f 4459 4389 4388
f 4456 4471 4457
f 4457 4471 4468
f 4391 4460 4392
f 4392 4460 4448
f 4461 4467 4445
f 4445 4467 4465
f 4437 4398 4629
f 4629 4398 4397
f 4438 4628 4441
f 4441 4628 4631
f 4841 4629 4839
f 4839 4629 4397
f 4628 4842 4631
f 4631 4842 4671
f 4930 4989 4452
f 4452 4989 4481
f 4929 4927 4436
f 4436 4927 4450
f 4933 4387 4934
f 4934 4387 4386
f 4931 4475 4932
f 4932 4475 4474
f 4936 4449 4933
f 4933 4449 4387
f 4935 4472 4456
f 4456 4472 4471
f 4389 4458 4391
f 4391 4458 4460
f 4457 4468 4461
f 4461 4468 4467
f 4934 4386 4454
f 4454 4386 4423
f 4453 4480 4931
f 4931 4480 4475
f 4575 4997 4576
f 4576 4997 4639
f 4579 4596 4580
f 4580 4596 4595
f 4583 4582 4572
f 4572 4582 4569
f 4587 4944 4588
f 4588 4944 4562
f 4588 4562 4590
f 4590 4562 4561
f 4576 4639 4642
f 4642 4639 4638
f 4642 4845 4641
f 4641 4845 4846
f 4845 4590 4846
f 4846 4590 4561
f 4941 4938 4595
f 4595 4938 4580
f 4938 4940 4668
f 4668 4940 4669
f 4583 4942 4584
f 4584 4942 4947
f 4582 4587 4569
f 4569 4587 4586
f 5000 5001 4579
f 4579 5001 4596
f 4558 4560 4585
f 4585 4560 4586
f 4565 4639 4566
f 4566 4639 4997
f 4568 4567 4577
f 4577 4567 4578
f 4570 4554 4571
f 4571 4554 4556
f 4640 4565 4637
f 4637 4565 4546
f 4662 4664 4665
f 4665 4664 4844
f 4662 4558 4589
f 4589 4558 4585
f 4554 4570 4557
f 4557 4570 4560
f 4571 4667 4572
f 4572 4667 4943
f 4551 4670 4552
f 4552 4670 4666
f 4640 4664 4638
f 4638 4664 4663
f 4670 4568 4668
f 4668 4568 4577
f 4999 4996 4566
f 4566 4996 4543
f 4608 4564 4603
f 4603 4564 4563
f 4573 4593 4574
f 4574 4593 4592
f 4597 4614 4598
f 4598 4614 4613
f 4601 4600 4584
f 4584 4600 4581
f 4563 4562 4604
f 4604 4562 4944
f 4643 4593 4641
f 4641 4593 4573
f 4643 4847 4644
f 4644 4847 4848
f 4564 4847 4561
f 4561 4847 4846
f 4945 4941 4598
f 4598 4941 4595
f 4941 4945 4939
f 4939 4945 4946
f 4601 4948 4602
f 4602 4948 4620
f 4600 4604 4581
f 4581 4604 4944
f 5002 5003 4597
f 4597 5003 4614
f 4988 4759 4953
f 4953 4759 4402
f 4706 6548 4707
f 4707 6548 6549
f 4311 4928 4419
f 4419 4928 6550
f 4921 4920 6551
f 6551 4920 6552
f 4925 6553 4926
f 4926 6553 6554
f 4928 4921 4802
f 4802 4921 6551
f 6555 4985 6550
f 6550 4985 4419
f 4952 6556 4953
f 4953 6556 4649
f 4971 6557 4706
f 4706 6557 6548
f 4988 4648 4925
f 4925 4648 6553
f 4707 6549 5006
f 5006 6549 4987
f 4920 6510 6552
f 6552 6510 6518
f 6558 6510 6516
f 6516 6510 6509
f 6559 6558 6539
f 6539 6558 6516
f 6531 6541 6532
f 6532 6541 6560
f 6540 6561 6541
f 6541 6561 6529
f 6542 6562 6540
f 6540 6562 6561
f 6542 3120 6562
f 6562 3120 3142
f 4366 6563 4760
f 4760 6563 4970
f 4815 6564 4816
f 4816 6564 6565
f 3147 3146 6565
f 6565 3146 4816
f 6564 6563 6565
f 6565 6563 6566
f 4837 4385 4357
f 4357 4385 4358
f 6565 6566 3147
f 3147 6566 3149
f 4694 1209 3150
f 5247 5249 5248
f 5248 5249 6522
f 6372 6390 6545
f 6545 6390 6389
f 6375 5254 6376
f 6376 5254 5258
f 6377 6525 6378
f 6378 6525 5255
f 5260 6379 5258
f 5258 6379 6376
f 6380 6567 6381
f 6381 6567 6568
f 6382 6569 6383
f 6383 6569 6570
f 6377 6371 6525
f 6525 6371 6370
f 6379 5260 6384
f 6384 5260 6571
f 6385 6572 6382
f 6382 6572 6569
f 6378 5255 6375
f 6375 5255 5254
f 6386 6573 6387
f 6387 6573 6574
f 6545 6389 5248
f 5248 6389 5245
f 4675 4750 4676
f 4676 4750 6286
f 4734 6289 4735
f 4735 6289 6288
f 4804 6290 4805
f 4805 6290 4963
f 4811 4807 4812
f 4812 4807 4411
f 4954 6292 4955
f 4955 6292 4959
f 4964 4962 4965
f 4965 4962 4751
f 6285 4821 4812
f 4812 4821 4809
f 4675 4287 4965
f 4965 4287 4210
f 6294 4145 4955
f 4955 4145 4154
f 4964 4120 4805
f 4805 4120 4119
f 6298 4966 4734
f 4734 4966 6289
f 6300 6473 4735
f 4735 6473 4732
f 6297 6296 4676
f 4676 6296 4288
f 6523 3160 4330
f 4330 3160 3159
f 5253 5252 6525
f 6525 5252 5255
f 5256 5252 4305
f 4305 5252 5251
f 4304 5257 4305
f 4305 5257 5256
f 4424 5259 4304
f 4304 5259 5257
f 5261 6571 5259
f 5259 6571 5260
f 5262 6573 5261
f 5261 6573 6571
f 5264 6567 5265
f 5265 6567 6574
f 5266 6572 5267
f 5267 6572 6568
f 5268 6570 5269
f 5269 6570 6569
f 1807 3161 5268
f 5268 3161 6570
f 6524 6523 4329
f 4329 6523 4330
f 5253 6526 5250
f 5250 6526 6534
f 6543 6538 6544
f 6544 6538 6369
f 6524 6543 6522
f 6522 6543 6544
f 3071 5367 3052
f 3052 5367 3912
f 6493 3163 6494
f 6494 3163 3162
f 3164 445 3771
f 3771 445 3761
f 461 3165 3919
f 3919 3165 3920
f 330 410 3839
f 3839 410 3910
f 332 331 3552
f 3552 331 3551
f 464 304 3918
f 3918 304 3816
f 385 458 3766
f 3766 458 3894
f 412 415 3762
f 3762 415 3763
f 3166 337 3748
f 3748 337 3745
f 3072 3055 5370
f 5370 3055 3930
f 3073 5369 3056
f 3056 5369 3938
f 3167 3057 6496
f 6496 3057 3937
f 3069 3058 4808
f 4808 3058 3943
f 411 3166 3851
f 3851 3166 3748
f 3059 3163 3951
f 3951 3163 6493
f 336 3164 3772
f 3772 3164 3771
f 3053 3911 3162
f 3162 3911 6494
f 3054 3168 3929
f 3929 3168 3952
f 3165 830 3920
f 3920 830 3945
f 3170 3169 6497
f 6497 3169 6498
f 3171 1354 5005
f 5005 1354 4830
f 3172 3170 6503
f 6503 3170 6497
f 3169 3061 6498
f 6498 3061 4060
f 3173 3171 5006
f 5006 3171 5005
f 3079 3172 6334
f 6334 3172 6503
f 3174 3025 6299
f 6299 3025 6300
f 6576 6577 6575
f 6575 6577 6578
f 4612 4611 6579
f 6579 4611 6580
f 6582 6583 6581
f 6581 6583 6584
f 6584 6585 4618
f 4618 6585 4621
f 6586 6587 6589
f 6589 6587 6588
f 6588 6587 6590
f 6590 6587 6591
f 6592 4606 6590
f 6590 4606 4623
f 6594 6576 6593
f 6593 6576 6575
f 6595 6582 6579
f 6579 6582 6581
f 6580 6597 6596
f 6596 6597 6598
f 6577 6576 6599
f 6599 6576 6600
f 6595 6596 6601
f 6601 6596 6602
f 6583 6582 6603
f 6603 6582 6604
f 6586 6606 6605
f 6605 6606 6607
f 6587 6586 6608
f 6608 6586 6605
f 6587 6608 6591
f 6591 6608 6609
f 6576 6594 6600
f 6600 6594 6610
f 6582 6595 6604
f 6604 6595 6601
f 6599 6611 6577
f 6577 6611 6598
f 6613 6614 6612
f 6612 6614 6615
f 6617 6618 6616
f 6616 6618 6619
f 6621 6622 6620
f 6620 6622 6623
f 6625 6626 6624
f 6624 6626 6627
f 6629 6630 6628
f 6628 6630 6631
f 6633 6634 6632
f 6632 6634 6635
f 6637 6638 6636
f 6636 6638 6639
f 6640 6641 6637
f 6637 6641 6638
f 6643 6633 6642
f 6642 6633 6632
f 6645 6646 6644
f 6644 6646 6647
f 6646 6648 6647
f 6647 6648 6649
f 6651 6652 6650
f 6650 6652 6653
f 6653 6652 6654
f 6654 6652 6655
f 6656 6657 6659
f 6659 6657 6658
f 6661 6662 6660
f 6660 6662 6663
f 6662 6661 6664
f 6664 6661 6665
f 6667 6657 6666
f 6666 6657 6656
f 6669 6670 6668
f 6668 6670 6671
f 6672 6673 6670
f 6670 6673 6671
f 6674 6675 6677
f 6677 6675 6676
f 6675 6678 6676
f 6676 6678 6679
f 6681 6682 6680
f 6680 6682 6683
f 6684 6685 6683
f 6683 6685 6680
f 6687 6688 6686
f 6686 6688 6689
f 6687 6690 6688
f 6688 6690 6691
f 6619 6618 6633
f 6633 6618 6634
f 6632 6635 6693
f 6693 6635 6692
f 6617 6694 6636
f 6636 6694 6637
f 6695 6692 6639
f 6639 6692 6635
f 6637 6694 6640
f 6640 6694 6696
f 6698 6638 6697
f 6697 6638 6641
f 6643 6616 6633
f 6633 6616 6619
f 6642 6699 6641
f 6641 6699 6697
f 6646 6645 6700
f 6700 6645 6621
f 6644 6701 6654
f 6654 6701 6702
f 6700 6703 6646
f 6646 6703 6648
f 6693 6704 6649
f 6649 6704 6647
f 6620 6623 6651
f 6651 6623 6652
f 6693 6649 6699
f 6699 6649 6650
f 6652 6623 6655
f 6655 6623 6622
f 6654 6702 6653
f 6653 6702 6697
f 6615 6614 6657
f 6657 6614 6658
f 6705 6656 6704
f 6704 6656 6659
f 6613 6706 6660
f 6660 6706 6661
f 6704 6659 6701
f 6701 6659 6663
f 6661 6706 6665
f 6665 6706 6707
f 6708 6702 6664
f 6664 6702 6662
f 6612 6615 6667
f 6667 6615 6657
f 6666 6709 6664
f 6664 6709 6708
f 6629 6710 6669
f 6669 6710 6670
f 6668 6711 6679
f 6679 6711 6712
f 6713 6672 6710
f 6710 6672 6670
f 6714 6671 6705
f 6705 6671 6673
f 6628 6631 6674
f 6674 6631 6675
f 6705 6673 6709
f 6709 6673 6677
f 6631 6630 6675
f 6675 6630 6678
f 6712 6708 6679
f 6679 6708 6676
f 6625 6715 6682
f 6682 6715 6683
f 6716 6717 6681
f 6681 6717 6691
f 6718 6684 6715
f 6715 6684 6683
f 6719 6680 6714
f 6714 6680 6685
f 6624 6627 6686
f 6686 6627 6687
f 6689 6711 6685
f 6685 6711 6714
f 6627 6626 6687
f 6687 6626 6690
f 6717 6712 6691
f 6691 6712 6688
f 6612 6707 6613
f 6613 6707 6706
f 6616 6696 6617
f 6617 6696 6694
f 6703 6700 6620
f 6620 6700 6621
f 6715 6625 6718
f 6718 6625 6624
f 6710 6629 6713
f 6713 6629 6628
f 6639 6635 6636
f 6636 6635 6634
f 6641 6640 6642
f 6642 6640 6643
f 6654 6655 6644
f 6644 6655 6645
f 6651 6650 6648
f 6648 6650 6649
f 6659 6658 6663
f 6663 6658 6660
f 6665 6667 6664
f 6664 6667 6666
f 6678 6669 6679
f 6679 6669 6668
f 6673 6672 6677
f 6677 6672 6674
f 6690 6682 6691
f 6691 6682 6681
f 6685 6684 6689
f 6689 6684 6686
f 6636 6634 6617
f 6617 6634 6618
f 6638 6698 6639
f 6639 6698 6695
f 6640 6696 6643
f 6643 6696 6616
f 6693 6699 6632
f 6632 6699 6642
f 6655 6622 6645
f 6645 6622 6621
f 6704 6701 6647
f 6647 6701 6644
f 6651 6648 6620
f 6620 6648 6703
f 6650 6653 6699
f 6699 6653 6697
f 6613 6660 6614
f 6614 6660 6658
f 6663 6662 6701
f 6701 6662 6702
f 6665 6707 6667
f 6667 6707 6612
f 6705 6709 6656
f 6656 6709 6666
f 6630 6629 6678
f 6678 6629 6669
f 6714 6711 6671
f 6671 6711 6668
f 6672 6713 6674
f 6674 6713 6628
f 6677 6676 6709
f 6709 6676 6708
f 6626 6625 6690
f 6690 6625 6682
f 6680 6719 6681
f 6681 6719 6716
f 6684 6718 6686
f 6686 6718 6624
f 6711 6689 6712
f 6689 6688 6712
f 6593 6720 6594
f 6594 6720 6721
f 6722 6720 4607
f 4607 6720 4849
f 6592 6723 6722
f 6722 6723 6724
f 4610 4609 6578
f 6578 4609 6575
f 6596 6595 6580
f 6580 6595 6579
f 4618 4617 6584
f 6584 4617 6581
f 6589 6585 6586
f 6586 6585 6606
f 4622 4619 6588
f 6588 4619 6589
f 4622 6588 4623
f 4623 6588 6590
f 4609 4645 6575
f 6575 4645 6593
f 4617 4612 6581
f 6581 4612 6579
f 5004 4610 6597
f 6597 4610 6578
f 4645 4849 6593
f 6593 4849 6720
f 6724 6721 6722
f 6722 6721 6720
f 6722 4607 6592
f 6592 4607 4606
f 6725 6610 6721
f 6721 6610 6594
f 6723 6726 6724
f 6724 6726 6727
f 6727 6725 6724
f 6724 6725 6721
f 6728 6729 6605
f 6605 6729 6608
f 6605 6607 6728
f 6728 6607 6730
f 6731 6732 6604
f 6604 6732 6603
f 6733 6734 6725
f 6725 6734 6610
f 6735 6733 6727
f 6727 6733 6725
f 6735 6727 6736
f 6736 6727 6726
f 6591 6609 6723
f 6723 6609 6726
f 6723 6592 6591
f 6591 6592 6590
f 6738 6739 6737
f 6737 6739 6740
f 6740 6739 6742
f 6742 6739 6741
f 6743 6744 6741
f 6741 6744 6742
f 6745 6746 6743
f 6743 6746 6744
f 6747 6748 6745
f 6745 6748 6746
f 6749 6750 6747
f 6747 6750 6748
f 6752 6738 6751
f 6751 6738 6737
f 6754 6752 6753
f 6753 6752 6751
f 6756 6754 6755
f 6755 6754 6753
f 6758 6750 6757
f 6757 6750 6749
f 6760 6756 6759
f 6759 6756 6755
f 6762 6760 6761
f 6761 6760 6759
f 6764 6762 6763
f 6763 6762 6761
f 6757 6764 6758
f 6758 6764 6763
f 6766 6741 6765
f 6765 6741 6739
f 6767 6743 6766
f 6766 6743 6741
f 6768 6745 6767
f 6767 6745 6743
f 6769 6747 6768
f 6768 6747 6745
f 6770 6749 6769
f 6769 6749 6747
f 6772 6769 6771
f 6771 6769 6768
f 6773 6770 6772
f 6772 6770 6769
f 6774 6775 6772
f 6772 6775 6773
f 6777 6778 6776
f 6776 6778 6779
f 6775 6774 6778
f 6778 6774 6779
f 6771 6780 6772
f 6772 6780 6774
f 6780 6781 6774
f 6774 6781 6779
f 6781 6782 6779
f 6779 6782 6776
f 6784 6785 6783
f 6783 6785 6786
f 6786 6787 6783
f 6783 6787 6788
f 6790 6788 6789
f 6789 6788 6787
f 6786 6785 6791
f 6791 6785 6792
f 6791 6793 6786
f 6786 6793 6787
f 6793 6794 6787
f 6787 6794 6789
f 6795 6796 6794
f 6794 6796 6789
f 6790 6789 6797
f 6797 6789 6796
f 6798 6765 6738
f 6738 6765 6739
f 6799 6798 6752
f 6752 6798 6738
f 6767 6800 6768
f 6768 6800 6771
f 6766 6801 6767
f 6767 6801 6800
f 6802 6801 6765
f 6765 6801 6766
f 6798 6803 6765
f 6765 6803 6802
f 6804 6803 6799
f 6799 6803 6798
f 6805 6806 6804
f 6804 6806 6803
f 6807 6799 6754
f 6754 6799 6752
f 6808 6804 6807
f 6807 6804 6799
f 6809 6805 6808
f 6808 6805 6804
f 6810 6811 6805
f 6805 6811 6806
f 6812 6813 6810
f 6810 6813 6811
f 6814 6815 6796
f 6796 6815 6797
f 6813 6814 6816
f 6816 6814 6817
f 6816 6818 6813
f 6813 6818 6811
f 6819 6806 6818
f 6818 6806 6811
f 6802 6803 6819
f 6819 6803 6806
f 6757 6749 6820
f 6820 6749 6770
f 6820 6770 6821
f 6821 6770 6773
f 6821 6773 6822
f 6822 6773 6775
f 6822 6775 6823
f 6823 6775 6778
f 6824 6823 6777
f 6777 6823 6778
f 6784 6825 6777
f 6777 6825 6824
f 6826 6827 6788
f 6788 6827 6783
f 6828 6826 6790
f 6790 6826 6788
f 6829 6828 6797
f 6797 6828 6790
f 6815 6830 6797
f 6797 6830 6829
f 6832 6812 6831
f 6831 6812 6810
f 6831 6810 6809
f 6809 6810 6805
f 6736 6800 6735
f 6735 6800 6801
f 6733 6735 6802
f 6802 6735 6801
f 6734 6733 6819
f 6819 6733 6802
f 6833 6734 6818
f 6818 6734 6819
f 6834 6833 6816
f 6816 6833 6818
f 6816 6817 6834
f 6834 6817 6835
f 6837 6795 6836
f 6836 6795 6794
f 6836 6794 6731
f 6731 6794 6793
f 6732 6731 6791
f 6791 6731 6793
f 6791 6792 6732
f 6732 6792 6730
f 6729 6728 6781
f 6781 6728 6782
f 6838 6807 6756
f 6756 6807 6754
f 6839 6838 6760
f 6760 6838 6756
f 6840 6839 6762
f 6762 6839 6760
f 6841 6840 6764
f 6764 6840 6762
f 6820 6841 6757
f 6757 6841 6764
f 6841 6820 6842
f 6842 6820 6821
f 6840 6841 6843
f 6843 6841 6842
f 6839 6840 6844
f 6844 6840 6843
f 6838 6839 6845
f 6845 6839 6844
f 6807 6838 6808
f 6808 6838 6845
f 6842 6821 6846
f 6846 6821 6822
f 6843 6842 6847
f 6847 6842 6846
f 6844 6843 6848
f 6848 6843 6847
f 6845 6844 6849
f 6849 6844 6848
f 6808 6845 6809
f 6809 6845 6849
f 6850 6831 6849
f 6849 6831 6809
f 6851 6850 6848
f 6848 6850 6849
f 6847 6852 6848
f 6848 6852 6851
f 6853 6852 6846
f 6846 6852 6847
f 6846 6822 6853
f 6853 6822 6823
f 6853 6823 6854
f 6854 6823 6824
f 6854 6855 6853
f 6853 6855 6852
f 6856 6851 6855
f 6855 6851 6852
f 6856 6857 6851
f 6851 6857 6850
f 6857 6832 6850
f 6850 6832 6831
f 6825 6858 6824
f 6824 6858 6854
f 6860 6827 6859
f 6859 6827 6826
f 6859 6826 6861
f 6861 6826 6828
f 6862 6861 6829
f 6829 6861 6828
f 6830 6863 6829
f 6829 6863 6862
f 6863 6864 6862
f 6862 6864 6865
f 6858 6866 6854
f 6854 6866 6855
f 6867 6865 6866
f 6866 6865 6864
f 6869 6859 6868
f 6868 6859 6861
f 6867 6869 6865
f 6865 6869 6868
f 6861 6862 6868
f 6868 6862 6865
f 6867 6860 6869
f 6869 6860 6859
f 6753 6751 6698
f 6698 6751 6695
f 6697 6755 6698
f 6698 6755 6753
f 6759 6755 6702
f 6702 6755 6697
f 6761 6759 6708
f 6708 6759 6702
f 6763 6761 6712
f 6712 6761 6708
f 6758 6763 6717
f 6717 6763 6712
f 6750 6758 6716
f 6716 6758 6717
f 6719 6748 6716
f 6716 6748 6750
f 6714 6746 6719
f 6719 6746 6748
f 6705 6744 6714
f 6714 6744 6746
f 6704 6742 6705
f 6705 6742 6744
f 6740 6742 6693
f 6693 6742 6704
f 6737 6740 6692
f 6692 6740 6693
f 6751 6737 6695
f 6695 6737 6692
f 6601 6602 6836
f 6836 6602 6837
f 6604 6601 6731
f 6731 6601 6836
f 6599 6600 6834
f 6834 6600 6833
f 6834 6835 6599
f 6599 6835 6611
f 6600 6610 6833
f 6833 6610 6734
f 6780 6771 6870
f 6870 6771 6736
f 6736 6771 6800
f 6870 6729 6780
f 6780 6729 6781
f 6608 6729 6609
f 6609 6729 6870
f 6609 6870 6726
f 6726 6870 6736
f 5014 5015 5229
f 5229 5015 5230
f 4258 5015 4259
f 4259 5015 4878
f 3471 3013 4703
f 4703 3013 4704
f 2879 6337 1306
f 1306 6337 4785
f 829 3471 4316
f 4316 3471 4703
f 4702 3472 5223
f 5223 3472 1756
f 6871 6872 4534
f 4534 6872 4535
f 6871 4665 6872
f 6872 4665 4844
f 6871 6873 4665
f 4665 6873 4559
f 6871 4534 6873
f 6873 4534 4542
f 4153 4152 4822
f 4822 4152 4407
f 4152 4168 4407
f 4407 4168 4342
f 4343 4168 4923
f 4923 4168 4167
f 4363 4362 4972
f 4972 4362 4840
f 4362 4394 4840
f 4840 4394 4839
f 4401 4400 4986
f 4986 4400 4984
f 4435 4434 4841
f 4841 4434 4842
f 4506 4505 4530
f 4530 4505 4531
f 4506 4535 4507
f 4507 4535 4843
f 4661 4660 4516
f 4516 4660 4517
f 4673 4672 4937
f 4937 4672 6547
f 4400 4924 4984
f 4984 4924 5263
f 4673 4660 4674
f 4674 4660 4659
f 4505 4661 4531
f 4531 4661 4516
f 4952 4401 6874
f 6874 4401 4986
f 4954 4153 6875
f 6875 4153 4822
f 4363 4973 4364
f 4364 4973 4974
f 5264 4924 5267
f 5267 4924 4691
f 6293 6292 6876
f 6876 6292 6877
f 6380 4343 6387
f 6387 4343 4923
f 4394 4435 4839
f 4839 4435 4841
f 4672 4434 6547
f 6547 4434 4433
f 4973 6556 4974
f 4974 6556 6878
f 6567 6380 6574
f 6574 6380 6387
f 6292 4954 6877
f 6877 4954 6875
f 6567 5264 6568
f 6568 5264 5267
f 4145 4144 4154
f 4154 4144 4151
f 4194 4144 4425
f 4425 4144 4143
f 4355 4354 5263
f 5263 4354 4984
f 4360 4359 4364
f 4364 4359 4361
f 4444 4359 4392
f 4392 4359 4337
f 4447 4446 4432
f 4432 4446 4433
f 4464 4463 6547
f 6547 4463 4937
f 4519 4518 4654
f 4654 4518 4509
f 4533 4532 4499
f 4499 4532 4498
f 4533 4542 4530
f 4530 4542 4534
f 4519 4532 4516
f 4516 4532 4531
f 4922 4194 4426
f 4426 4194 4425
f 4463 4518 4937
f 4937 4518 4517
f 6555 4951 6874
f 6874 4951 6878
f 4958 4957 6290
f 6290 4957 6291
f 4334 4360 4712
f 4712 4360 4950
f 4985 4354 4419
f 4419 4354 4353
f 5262 4355 5265
f 5265 4355 5263
f 6294 4958 4804
f 4804 4958 6290
f 6386 4922 6384
f 6384 4922 4426
f 4444 4447 4393
f 4393 4447 4432
f 4464 4446 4465
f 4465 4446 4445
f 4985 6555 4986
f 4986 6555 6874
f 6573 6386 6571
f 6571 6386 6384
f 4145 6294 4146
f 4146 6294 4804
f 6573 5262 6574
f 6574 5262 5265
f 4542 4541 6873
f 6873 4541 4559
f 4535 6872 4843
f 4843 6872 4844
f 4104 4103 6879
f 6879 4103 6343
f 4105 6293 6307
f 6307 6293 6876
f 4104 4956 4105
f 4105 4956 6293
f 4956 4104 4957
f 4957 4104 6879
f 4957 6879 6291
f 6291 6879 6309
f 4648 4988 4649
f 4649 4988 4953
f 4802 4803 4928
f 4928 4803 6550
f 6550 4803 6555
f 6555 4803 4951
f 1516 3173 4987
f 4987 3173 5006
f 6519 6518 6558
f 6558 6518 6510
f 6527 6519 6559
f 6559 6519 6558
f 6528 6560 6529
f 6529 6560 6541
f 6548 4625 6549
f 6549 4625 4624
f 6551 6552 4746
f 4746 6552 6505
f 6553 4711 6554
f 6554 4711 4710
f 4802 6551 4713
f 4713 6551 4746
f 6556 4973 4649
f 4649 4973 4646
f 6557 4949 6548
f 6548 4949 4625
f 4648 4647 6553
f 6553 4647 4711
f 6549 4624 4987
f 4987 4624 4838
f 6552 6518 6505
f 6505 6518 6507
f 6561 4372 6529
f 6529 4372 6514
f 6562 4369 6561
f 6561 4369 4372
f 3142 3482 6562
f 6562 3482 4369
f 6556 4952 6878
f 6878 4952 6874
f 4951 4950 6878
f 6878 4950 4974
f 3168 440 3952
f 4204 4203 5341
f 5341 4203 6364
f 4219 4222 6429
f 6429 4222 4383
f 4319 4322 6506
f 6506 4322 4747
f 4340 4714 4341
f 4341 4714 4384
f 4375 4377 6388
f 6388 4377 6546
f 4378 4381 6311
f 6311 4381 4720
f 4449 4341 4387
f 4387 4341 4384
f 4473 4472 4477
f 4477 4472 4474
f 4492 4491 4487
f 4487 4491 4488
f 4523 4491 4522
f 4522 4491 4490
f 4492 4538 4493
f 4493 4538 4555
f 4538 4553 4555
f 4555 4553 4556
f 4620 4615 4621
f 4621 4615 4618
f 4652 4651 4368
f 4368 4651 4365
f 4523 4655 4524
f 4524 4655 4656
f 4553 4667 4556
f 4556 4667 4571
f 4651 1210 4365
f 4365 1210 1209
f 4698 4697 5223
f 5223 4697 6344
f 4340 4339 4322
f 4322 4339 4747
f 4726 4729 5287
f 5287 4729 4198
f 4381 4380 4737
f 4737 4380 6368
f 4836 4835 4451
f 4451 4835 4709
f 4910 6367 4911
f 4911 6367 6366
f 4912 4915 6450
f 6450 4915 6449
f 4927 4836 4450
f 4450 4836 4451
f 4930 4929 4439
f 4439 4929 4436
f 4936 4935 4459
f 4459 4935 4456
f 4473 4655 4470
f 4470 4655 4510
f 4942 4583 4943
f 4943 4583 4572
f 4948 4601 4947
f 4947 4601 4584
f 4949 4835 4625
f 4625 4835 4626
f 4966 4969 6289
f 6289 4969 4695
f 4971 4652 4926
f 4926 4652 4368
f 4203 4977 6364
f 6364 4977 6365
f 4990 4989 4443
f 4443 4989 4440
f 4990 4991 4478
f 4478 4991 4512
f 4992 4991 4528
f 4528 4991 4515
f 4992 4993 4527
f 4527 4993 4485
f 4994 4993 4502
f 4502 4993 4503
f 4994 4995 4482
f 4482 4995 4550
f 4543 4996 4544
f 4544 4996 4995
f 4999 4998 4567
f 4567 4998 4578
f 5000 4998 4575
f 4575 4998 4997
f 5002 5001 4592
f 4592 5001 4574
f 5003 5004 4614
f 4614 5004 4611
f 3483 4215 1755
f 1755 4215 4698
f 5274 5277 4195
f 4195 5277 4223
f 4726 5295 4727
f 4727 5295 6350
f 5309 5342 5310
f 5310 5342 6363
f 5315 5314 5316
f 5316 5314 5317
f 5339 6362 5340
f 5340 6362 5363
f 5310 6363 5339
f 5339 6363 6362
f 4204 5309 4201
f 4201 5309 5308
f 4915 5345 6449
f 6449 5345 6448
f 5345 5315 6448
f 6448 5315 5316
f 5348 5347 6351
f 6351 5347 6352
f 5365 4263 5340
f 5340 4263 4262
f 6295 6298 4733
f 4733 6298 4734
f 4969 6306 4695
f 4695 6306 4696
f 6306 4378 4696
f 4696 4378 6311
f 6369 6372 6544
f 6544 6372 6545
f 4375 6390 4373
f 4373 6390 4374
f 6421 6422 4911
f 4911 6422 4908
f 4910 4909 4737
f 4737 4909 4736
f 5277 4219 4223
f 4223 4219 6429
f 4697 4222 6344
f 6344 4222 4221
f 6436 6361 6437
f 6437 6361 6360
f 6438 6440 6437
f 6437 6440 6434
f 6438 6359 6441
f 6441 6359 6358
f 6442 6441 6357
f 6357 6441 6358
f 6442 6444 6443
f 6443 6444 6445
f 6446 6444 6355
f 6355 6444 6356
f 6446 4912 6447
f 6447 4912 6450
f 6436 6435 5365
f 5365 6435 4263
f 5314 5347 5317
f 5317 5347 5346
f 4319 6512 4320
f 4320 6512 6513
f 6520 6512 6521
f 6521 6512 6508
f 6528 6520 6527
f 6527 6520 6521
f 6532 6539 6533
f 6533 6539 6535
f 6533 6535 6537
f 6537 6535 6534
f 6538 6543 6537
f 6537 6543 6536
f 6295 4377 6296
f 6296 4377 4376
f 4989 4930 4440
f 4440 4930 4439
f 4927 4929 4422
f 4422 4929 4455
f 4449 4936 4388
f 4388 4936 4459
f 4472 4935 4474
f 4474 4935 4932
f 4942 4940 4947
f 4947 4940 4939
f 5001 5000 4574
f 4574 5000 4575
f 4669 4943 4666
f 4666 4943 4667
f 4996 4999 4547
f 4547 4999 4567
f 4948 4946 4620
f 4620 4946 4615
f 5003 5002 4591
f 4591 5002 4592
f 6557 4971 6554
f 6554 4971 4926
f 6532 6560 6539
f 6539 6560 6559
f 6390 6372 4374
f 4374 6372 6371
f 4966 6298 4967
f 4967 6298 6297
f 6538 6526 6369
f 6369 6526 6370
f 6585 6589 4621
f 4621 6589 4619
f 6597 6578 6598
f 6598 6578 6577
f 6606 6583 6607
f 6607 6583 6603
f 6611 6602 6598
f 6598 6602 6596
f 6585 6584 6606
f 6606 6584 6583
f 6597 6580 5004
f 5004 6580 4611
f 6607 6603 6730
f 6730 6603 6732
f 6776 6785 6777
f 6777 6785 6784
f 6785 6776 6792
f 6792 6776 6782
f 6815 6814 6812
f 6812 6814 6813
f 6817 6814 6795
f 6795 6814 6796
f 6825 6784 6827
f 6827 6784 6783
f 6830 6815 6832
f 6832 6815 6812
f 6817 6795 6835
f 6835 6795 6837
f 6792 6782 6730
f 6730 6782 6728
f 6858 6825 6860
f 6860 6825 6827
f 6863 6830 6857
f 6857 6830 6832
f 6864 6863 6856
f 6856 6863 6857
f 6866 6858 6867
f 6867 6858 6860
f 6866 6864 6855
f 6855 6864 6856
f 6835 6837 6611
f 6611 6837 6602
f 6560 6528 6559
f 6559 6528 6527
f 4949 6557 4710
f 4710 6557 6554
f 4430 4090 4175
f 4175 4090 4089
f 4777 4113 4155
f 4155 4113 4086
f 4175 4089 4176
f 4176 4089 4142
f 4199 4271 4200
f 4200 4271 4798
f 4199 4095 4272
f 4272 4095 5273
f 4406 4405 4404
f 4404 4405 4346
f 4410 4409 6877
f 6877 4409 6876
f 4409 4413 6876
f 6876 4413 6307
f 4415 4148 4416
f 4416 4148 4147
f 4690 4405 4344
f 4344 4405 4342
f 4693 4692 4352
f 4352 4692 4349
f 4701 4700 6337
f 6337 4700 6338
f 4778 4777 4081
f 4081 4777 4155
f 4821 4406 4809
f 4809 4406 4404
f 4176 4142 4181
f 4181 4142 4415
f 4760 4970 4399
f 4399 4970 4692
f 4200 5007 4096
f 4096 5007 4078
f 5266 4693 5269
f 5269 4693 4352
f 5270 5007 5361
f 5361 5007 4797
f 4778 5270 4779
f 4779 5270 5361
f 6285 4410 6875
f 6875 4410 6877
f 6308 4413 4687
f 4687 4413 4412
f 6480 6320 6481
f 6481 6320 6880
f 4701 2878 4702
f 4702 2878 3472
f 6339 6347 6340
f 6340 6347 6348
f 6341 6342 6346
f 6346 6342 6345
f 4416 6308 4414
f 4414 6308 4687
f 6385 4690 6381
f 6381 4690 4344
f 5282 6341 5280
f 5280 6341 6339
f 4700 6342 6338
f 6338 6342 5281
f 6340 6348 4272
f 4272 6348 4270
f 6480 6479 4828
f 4828 6479 4829
f 6490 6479 6489
f 6489 6479 6478
f 4090 4430 6490
f 6490 4430 4429
f 6563 6564 4970
f 4970 6564 4815
f 4694 6566 4366
f 4366 6566 6563
f 6572 6385 6568
f 6568 6385 6381
f 4821 6285 4822
f 4822 6285 6875
f 6572 5266 6569
f 6569 5266 5269
f 3482 3103 4369
f 4369 3103 4370
f 3121 4730 3485
f 3485 4730 4327
f 6277 6280 6273
f 6273 6280 6272
f 6267 6276 6278
f 6278 6276 6279
f 6278 6279 6277
f 6277 6279 6280
f 6279 6256 6280
f 6280 6256 6255
f 6256 3857 6255
f 6255 3857 3754
f 3857 3856 3754
f 3754 3856 3755
f 3856 3703 3755
f 3755 3703 3863
f 3703 3702 3863
f 3863 3702 3759
f 3702 3706 3759
f 3759 3706 3670
f 3706 3705 3670
f 3670 3705 3668
f 3705 3773 3668
f 3668 3773 3882
f 3882 3773 3883
f 3883 3773 3707
f 3707 3708 3883
f 3883 3708 3880
f 3708 3710 3880
f 3880 3710 3881
f 3709 5241 3710
f 3710 5241 3881
f 5241 3709 5234
f 5234 3709 3786
f 3693 3712 3786
f 3786 3712 5234
f 4051 4055 4052
f 4052 4055 4056
f 4056 4055 4057
f 4057 4055 4054
f 4066 5238 5236
f 5236 5238 3989
f 4066 4069 5238
f 5238 4069 4035
f 6881 3962 3960
f 3960 3962 3957
f 6883 4070 6882
f 6882 4070 3941
f 4070 6883 4071
f 4071 6883 6884
f 4071 6884 4072
f 4072 6884 6885
f 6885 6886 4072
f 4072 6886 4031
f 3955 6881 3956
f 3956 6881 3960
f 6884 3991 6885
f 6885 3991 3990
f 6883 6887 6884
f 6884 6887 3991
f 6887 6888 3991
f 3991 6888 3992
f 6888 6887 6889
f 6889 6887 6890
f 6887 6883 6890
f 6890 6883 6882
f 4058 5240 3953
f 3953 5240 3954
f 5236 6888 5239
f 5239 6888 6889
f 5237 6886 3990
f 3990 6886 6885
f 4034 4031 5237
f 5237 4031 6886
f 6881 6882 3962
f 3962 6882 3941
f 6881 3955 6882
f 6882 3955 6890
f 3955 3954 6890
f 6890 3954 6889
f 5239 6889 5240
f 5240 6889 3954
f 6888 5236 3992
f 3992 5236 3989
f 3869 3868 3888
f 3888 3868 4015
f 3868 4012 4015
f 4015 4012 4010
f 4012 4022 4010
f 4010 4022 4009
f 4022 4021 4009
f 4009 4021 4018
f 4020 3974 4001
f 4001 3974 3996
f 4021 4020 4029
f 4029 4020 4001
f 4085 4156 4086
f 4086 4156 4155
f 4113 4777 4114
f 4114 4777 4776
f 4130 4129 4094
f 4094 4129 4091
f 4139 4773 4140
f 4140 4773 4772
f 4149 4178 4150
f 4150 4178 5225
f 4160 4159 4087
f 4087 4159 4088
f 4149 4148 4179
f 4179 4148 4141
f 4085 4084 4183
f 4183 4084 6315
f 4179 4141 4159
f 4159 4141 4088
f 4192 4130 4162
f 4162 4130 4094
f 4197 5288 4198
f 4198 5288 5287
f 4229 4766 4230
f 4230 4766 4771
f 4245 4246 4242
f 4242 4246 4249
f 4183 6315 4418
f 4418 6315 6314
f 4679 4178 4680
f 4680 4178 4177
f 4724 4798 4725
f 4725 4798 4271
f 4728 5275 4729
f 4729 5275 5274
f 4230 4771 4249
f 4249 4771 4242
f 4724 4723 4799
f 4799 4723 5355
f 4823 4824 4891
f 4891 4824 6327
f 4823 4192 4161
f 4161 4192 4162
f 4893 4767 4229
f 4229 4767 4766
f 4894 4895 4898
f 4898 4895 4899
f 4106 4150 4103
f 4103 4150 5225
f 4680 4894 4677
f 4677 4894 4898
f 6420 4977 5301
f 5301 4977 4976
f 4679 4678 5226
f 5226 4678 4427
f 5228 5008 4893
f 4893 5008 4767
f 5285 6354 5286
f 5286 6354 5343
f 5289 5352 5290
f 5290 5352 5349
f 5290 5349 5295
f 5295 5349 5348
f 5302 5299 4202
f 4202 5299 4976
f 4725 4271 5311
f 5311 4271 4270
f 5325 4723 5326
f 5326 4723 4722
f 5335 5355 5325
f 5325 5355 4723
f 5326 4722 5286
f 5286 4722 5283
f 4799 5357 4797
f 4797 5357 5361
f 5359 5356 5335
f 5335 5356 5355
f 4775 4774 5356
f 5356 4774 5357
f 5359 5358 4092
f 4092 5358 4093
f 6316 4740 6317
f 6317 4740 4739
f 6318 4827 6316
f 6316 4827 4740
f 6319 4828 6318
f 6318 4828 4827
f 6320 6480 6319
f 6319 6480 4828
f 6484 6322 6485
f 6485 6322 6321
f 6487 6324 6331
f 6331 6324 6323
f 6331 6323 6330
f 6330 6323 6325
f 6325 6326 6330
f 6330 6326 6329
f 6326 6328 6329
f 6329 6328 5231
f 4824 4685 5228
f 5228 4685 5008
f 5226 6343 5225
f 5225 6343 4103
f 4728 4727 6349
f 6349 4727 5284
f 6350 6351 5285
f 5285 6351 6354
f 4247 4246 6418
f 6418 4246 6365
f 6400 6402 6401
f 6401 6402 6459
f 4197 4196 6409
f 6409 4196 6426
f 6412 4897 6328
f 6328 4897 5231
f 6413 4133 6412
f 6412 4133 4897
f 6414 4134 6413
f 6413 4134 4133
f 6415 4225 6414
f 6414 4225 4134
f 6416 4252 6415
f 6415 4252 4225
f 6417 4253 6416
f 6416 4253 4252
f 4253 6417 6366
f 6366 6417 6419
f 6366 6419 4911
f 4911 6419 6421
f 6422 6423 4908
f 4908 6423 5298
f 5298 6423 6396
f 6396 6423 6424
f 6409 6426 6425
f 6425 6426 6397
f 5300 5299 6399
f 6399 5299 6400
f 6465 6408 6401
f 6401 6408 6398
f 6424 6399 6425
f 6425 6399 6398
f 6349 5284 5311
f 5311 5284 5283
f 6465 6464 5289
f 5289 6464 5352
f 6488 6483 6492
f 6492 6483 6482
f 6486 6491 6482
f 6482 6491 6492
f 6491 4895 6492
f 6492 4895 4157
f 6488 4160 6489
f 6489 4160 4087
f 6501 6502 4418
f 4418 6502 4417
f 6504 6500 6317
f 6317 6500 6314
f 3497 3496 6501
f 6501 3496 6502
f 3499 3498 6504
f 6504 3498 6500
f 4729 5274 4198
f 4198 5274 4195
f 6418 6365 6420
f 6420 6365 4977
f 5295 5348 6350
f 6350 5348 6351
f 5301 6422 6420
f 6420 6422 6421
f 4113 4112 4086
f 4086 4112 4083
f 6320 4112 6880
f 6880 4112 4111
f 4091 4772 4092
f 4092 4772 4775
f 4129 4140 4091
f 4091 4140 4772
f 4137 4140 4128
f 4128 4140 4129
f 4128 6324 4137
f 4137 6324 6321
f 6324 6487 6321
f 6321 6487 6485
f 6487 6486 6485
f 6485 6486 6482
f 4774 4773 4779
f 4779 4773 4776
f 4773 4139 4776
f 4776 4139 4114
f 4139 4138 4114
f 4114 4138 4111
f 4138 6322 4111
f 4111 6322 6880
f 6322 6484 6880
f 6880 6484 6481
f 6484 6483 6481
f 6481 6483 6478
f 6879 6343 6309
f 6309 6343 4428
f 4106 4105 4900
f 4900 4105 6307
f 3500 3167 6495
f 6495 3167 6496
f 3500 6495 3070
f 3070 6495 5368
f 3502 5235 3501
f 3501 5235 4813
f 3024 3503 6473
f 6473 3503 6474
f 3503 3023 6474
f 6474 3023 6374
f 3504 1770 4348
f 4348 1770 4345
f 3502 3505 5235
f 5235 3505 4810
f 3498 3497 6500
f 6500 3497 6501
f 3496 3075 6502
f 6502 3075 6275
f 6299 4254 3174
f 3174 4254 3017
f 1769 3501 4814
f 4814 3501 4813
f 3506 3018 6476
f 6476 3018 4257
f 3507 3499 6499
f 6499 3499 6504
f 3030 4216 3483
f 3483 4216 4215
f 3077 3507 6333
f 6333 3507 6499
f 1784 3160 5249
f 5249 3160 6523
f 3015 3506 4240
f 4240 3506 6476
f 3508 3504 6383
f 6383 3504 4348
f 3509 3016 6477
f 6477 3016 4239
f 3028 3509 6467
f 6467 3509 6477
f 3022 1785 5246
f 5246 1785 5247
f 3161 3508 6570
f 6570 3508 6383
f 3150 3149 4694
f 4694 3149 6566
f 1327 4807 3510
f 3510 4807 4811
f 3510 4811 3505
f 3505 4811 4810
f 3146 3511 4816
f 4816 3511 4350
f 3511 1808 4350
f 4350 1808 4351
f 3485 4327 3159
f 3159 4327 4330
f 1326 3512 4806
f 4806 3512 6310
f 3512 1331 6310
f 6310 1331 4688

